============================== Prover9 ===============================
Prover9 (64) version 2009-11A, November 2009.
Process 64766 was started by guya on CM-JRV4H50YKP,
Mon Aug 31 19:29:13 2026
The command was "/Users/guya/LADR-2009-11A//bin/prover9 -f /tmp/p9_hint10_d6.in".
============================== end of head ===========================

============================== INPUT =================================

% Reading from file /tmp/p9_hint10_d6.in

assign(max_seconds,60).
set(print_kept).

formulas(assumptions).
mult(e,v0) = v0.
mult(v0,e) = v0.
ld(v0,mult(v0,v1)) = v1.
mult(v0,ld(v0,v1)) = v1.
rd(mult(v0,v1),v1) = v0.
mult(rd(v0,v1),v1) = v0.
ld(mult(v0,mult(v1,v2)),mult(mult(v0,v1),v2)) = a(v0,v1,v2).
ld(mult(v0,v1),mult(v1,v0)) = k(v1,v0).
ld(mult(v0,v1),mult(v0,mult(v1,v2))) = l(v2,v1,v0).
rd(mult(mult(v0,v1),v2),mult(v1,v2)) = r(v0,v1,v2).
ld(v0,mult(v1,v0)) = t(v1,v0).
a(v0,v1,v2) = e -> l(v2,v1,v0) = v2.
l(v0,v1,v2) = v0 -> a(v2,v1,v0) = e.
t(v0,v1) = v0 -> t(v1,v0) = v1.
t(v0,v1) = v0 -> k(v0,v1) = e.
k(v0,v1) = e -> t(v0,v1) = v0.
t(t(v0,v1),v2) = t(t(v0,v2),v1).
t(l(v0,v1,v2),v3) = l(t(v0,v3),v1,v2).
t(r(v0,v1,v2),v3) = r(t(v0,v3),v1,v2).
l(r(v0,v1,v2),v3,v4) = r(l(v0,v3,v4),v1,v2).
l(l(v0,v1,v2),v3,v4) = l(l(v0,v3,v4),v1,v2).
r(r(v0,v1,v2),v3,v4) = r(r(v0,v3,v4),v1,v2).
mult(mult(mult(v0,v1),v0),v2) = mult(v0,mult(v1,mult(v0,v2))).
mult(mult(v0,mult(v0,v1)),v2) = mult(v0,mult(v0,mult(v1,v2))).
end_of_list.

formulas(goals).
mult(ld(v0,rd(v1,v0)),v2) = mult(ld(v0,e),mult(v0,mult(ld(v0,e),mult(v1,mult(ld(v0,e),mult(v0,ld(v0,v2))))))).
end_of_list.

============================== end of input ==========================

============================== PROCESS NON-CLAUSAL FORMULAS ==========

% Formulas that are not ordinary clauses:
1 a(v0,v1,v2) = e -> l(v2,v1,v0) = v2 # label(non_clause).  [assumption].
2 l(v0,v1,v2) = v0 -> a(v2,v1,v0) = e # label(non_clause).  [assumption].
3 t(v0,v1) = v0 -> t(v1,v0) = v1 # label(non_clause).  [assumption].
4 t(v0,v1) = v0 -> k(v0,v1) = e # label(non_clause).  [assumption].
5 k(v0,v1) = e -> t(v0,v1) = v0 # label(non_clause).  [assumption].
6 mult(ld(v0,rd(v1,v0)),v2) = mult(ld(v0,e),mult(v0,mult(ld(v0,e),mult(v1,mult(ld(v0,e),mult(v0,ld(v0,v2))))))) # label(non_clause) # label(goal).  [goal].

============================== end of process non-clausal formulas ===

============================== PROCESS INITIAL CLAUSES ===============

% Clauses before input processing:

formulas(usable).
end_of_list.

formulas(sos).
mult(e,x) = x.  [assumption].
mult(x,e) = x.  [assumption].
ld(x,mult(x,y)) = y.  [assumption].
mult(x,ld(x,y)) = y.  [assumption].
rd(mult(x,y),y) = x.  [assumption].
mult(rd(x,y),y) = x.  [assumption].
ld(mult(x,mult(y,z)),mult(mult(x,y),z)) = a(x,y,z).  [assumption].
ld(mult(x,y),mult(y,x)) = k(y,x).  [assumption].
ld(mult(x,y),mult(x,mult(y,z))) = l(z,y,x).  [assumption].
rd(mult(mult(x,y),z),mult(y,z)) = r(x,y,z).  [assumption].
ld(x,mult(y,x)) = t(y,x).  [assumption].
a(x,y,z) != e | l(z,y,x) = z.  [clausify(1)].
l(x,y,z) != x | a(z,y,x) = e.  [clausify(2)].
t(x,y) != x | t(y,x) = y.  [clausify(3)].
t(x,y) != x | k(x,y) = e.  [clausify(4)].
k(x,y) != e | t(x,y) = x.  [clausify(5)].
t(t(x,y),z) = t(t(x,z),y).  [assumption].
t(l(x,y,z),u) = l(t(x,u),y,z).  [assumption].
t(r(x,y,z),u) = r(t(x,u),y,z).  [assumption].
l(r(x,y,z),u,w) = r(l(x,u,w),y,z).  [assumption].
l(l(x,y,z),u,w) = l(l(x,u,w),y,z).  [assumption].
r(r(x,y,z),u,w) = r(r(x,u,w),y,z).  [assumption].
mult(mult(mult(x,y),x),z) = mult(x,mult(y,mult(x,z))).  [assumption].
mult(mult(x,mult(x,y)),z) = mult(x,mult(x,mult(y,z))).  [assumption].
mult(ld(c1,rd(c2,c1)),c3) != mult(ld(c1,e),mult(c1,mult(ld(c1,e),mult(c2,mult(ld(c1,e),mult(c1,ld(c1,c3))))))).  [deny(6)].
end_of_list.

formulas(demodulators).
end_of_list.

============================== PREDICATE ELIMINATION =================

No predicates eliminated.

============================== end predicate elimination =============

Auto_denials:  (no changes).

Term ordering decisions:
Predicate symbol precedence:  predicate_order([ = ]).
Function symbol precedence:  function_order([ e, c1, c2, c3, mult, t, ld, k, rd, l, r, a ]).
After inverse_order:  (no changes).
Unfolding symbols: k/2 t/2 a/3 l/3 r/3.

Auto_inference settings:
  % set(paramodulation).  % (positive equality literals)
  % set(hyper_resolution).  % (nonunit Horn with equality)
    % set(hyper_resolution) -> set(pos_hyper_resolution).
  % set(neg_ur_resolution).  % (nonunit Horn with equality)
  % assign(para_lit_limit, 2).  % (nonunit Horn with equality)

Auto_process settings:  (no changes).

kept:      7 mult(e,x) = x.  [assumption].
    new demodulator: 7.
kept:      8 mult(x,e) = x.  [assumption].
    new demodulator: 8.
kept:      9 ld(x,mult(x,y)) = y.  [assumption].
    new demodulator: 9.
kept:      10 mult(x,ld(x,y)) = y.  [assumption].
    new demodulator: 10.
kept:      11 rd(mult(x,y),y) = x.  [assumption].
    new demodulator: 11.
kept:      12 mult(rd(x,y),y) = x.  [assumption].
    new demodulator: 12.
           13 ld(mult(x,mult(y,z)),mult(mult(x,y),z)) = a(x,y,z).  [assumption].
kept:      14 a(x,y,z) = ld(mult(x,mult(y,z)),mult(mult(x,y),z)).  [copy(13),flip(a)].
    new demodulator: 14.
           15 ld(mult(x,y),mult(y,x)) = k(y,x).  [assumption].
kept:      16 k(x,y) = ld(mult(y,x),mult(x,y)).  [copy(15),flip(a)].
    new demodulator: 16.
           17 ld(mult(x,y),mult(x,mult(y,z))) = l(z,y,x).  [assumption].
kept:      18 l(x,y,z) = ld(mult(z,y),mult(z,mult(y,x))).  [copy(17),flip(a)].
    new demodulator: 18.
           19 rd(mult(mult(x,y),z),mult(y,z)) = r(x,y,z).  [assumption].
kept:      20 r(x,y,z) = rd(mult(mult(x,y),z),mult(y,z)).  [copy(19),flip(a)].
    new demodulator: 20.
           21 ld(x,mult(y,x)) = t(y,x).  [assumption].
kept:      22 t(x,y) = ld(y,mult(x,y)).  [copy(21),flip(a)].
    new demodulator: 22.
           23 a(x,y,z) != e | l(z,y,x) = z.  [clausify(1)].
kept:      24 ld(mult(x,mult(y,z)),mult(mult(x,y),z)) != e | ld(mult(x,y),mult(x,mult(y,z))) = z.  [copy(23),rewrite([14(1),18(8)])].
           25 l(x,y,z) != x | a(z,y,x) = e.  [clausify(2)].
kept:      26 ld(mult(x,y),mult(x,mult(y,z))) != z | ld(mult(x,mult(y,z)),mult(mult(x,y),z)) = e.  [copy(25),rewrite([18(1),14(6)])].
           27 t(x,y) != x | t(y,x) = y.  [clausify(3)].
kept:      28 ld(x,mult(y,x)) != y | ld(y,mult(x,y)) = x.  [copy(27),rewrite([22(1),22(4)])].
           29 t(x,y) != x | k(x,y) = e.  [clausify(4)].
kept:      30 ld(x,mult(y,x)) != y | ld(mult(x,y),mult(y,x)) = e.  [copy(29),rewrite([22(1),16(4)])].
           31 k(x,y) != e | t(x,y) = x.  [clausify(5)].
kept:      32 ld(mult(x,y),mult(y,x)) != e | ld(x,mult(y,x)) = y.  [copy(31),rewrite([16(1),22(6)])].
           33 t(t(x,y),z) = t(t(x,z),y).  [assumption].
kept:      34 ld(x,mult(ld(y,mult(z,y)),x)) = ld(y,mult(ld(x,mult(z,x)),y)).  [copy(33),rewrite([22(1),22(3),22(5),22(7)])].
           35 t(l(x,y,z),u) = l(t(x,u),y,z).  [assumption].
kept:      36 ld(mult(x,y),mult(x,mult(y,ld(z,mult(u,z))))) = ld(z,mult(ld(mult(x,y),mult(x,mult(y,u))),z)).  [copy(35),rewrite([18(1),22(5),22(7),18(9)]),flip(a)].
           37 t(r(x,y,z),u) = r(t(x,u),y,z).  [assumption].
kept:      38 rd(mult(mult(ld(x,mult(y,x)),z),u),mult(z,u)) = ld(x,mult(rd(mult(mult(y,z),u),mult(z,u)),x)).  [copy(37),rewrite([20(1),22(5),22(7),20(9)]),flip(a)].
    new demodulator: 38.
           39 l(r(x,y,z),u,w) = r(l(x,u,w),y,z).  [assumption].
kept:      40 rd(mult(mult(ld(mult(x,y),mult(x,mult(y,z))),u),w),mult(u,w)) = ld(mult(x,y),mult(x,mult(y,rd(mult(mult(z,u),w),mult(u,w))))).  [copy(39),rewrite([20(1),18(5),18(9),20(13)]),flip(a)].
    new demodulator: 40.
           41 l(l(x,y,z),u,w) = l(l(x,u,w),y,z).  [assumption].
kept:      42 ld(mult(x,y),mult(x,mult(y,ld(mult(z,u),mult(z,mult(u,w)))))) = ld(mult(z,u),mult(z,mult(u,ld(mult(x,y),mult(x,mult(y,w)))))).  [copy(41),rewrite([18(1),18(5),18(9),18(13)])].
           43 r(r(x,y,z),u,w) = r(r(x,u,w),y,z).  [assumption].
kept:      44 rd(mult(mult(rd(mult(mult(x,y),z),mult(y,z)),u),w),mult(u,w)) = rd(mult(mult(rd(mult(mult(x,u),w),mult(u,w)),y),z),mult(y,z)).  [copy(43),rewrite([20(1),20(5),20(9),20(13)])].
kept:      45 mult(mult(mult(x,y),x),z) = mult(x,mult(y,mult(x,z))).  [assumption].
    new demodulator: 45.
kept:      46 mult(mult(x,mult(x,y)),z) = mult(x,mult(x,mult(y,z))).  [assumption].
    new demodulator: 46.
           47 mult(ld(c1,rd(c2,c1)),c3) != mult(ld(c1,e),mult(c1,mult(ld(c1,e),mult(c2,mult(ld(c1,e),mult(c1,ld(c1,c3))))))).  [deny(6)].
kept:      48 mult(ld(c1,rd(c2,c1)),c3) != mult(ld(c1,e),mult(c1,mult(ld(c1,e),mult(c2,mult(ld(c1,e),c3))))).  [copy(47),rewrite([10(23)])].
    starting back demodulation with 7.
    starting back demodulation with 8.
    starting back demodulation with 9.
    starting back demodulation with 10.
    starting back demodulation with 11.
    starting back demodulation with 12.
    starting back demodulation with 14.
    starting back demodulation with 16.
    starting back demodulation with 18.
    starting back demodulation with 20.
    starting back demodulation with 22.
    starting back demodulation with 38.
    starting back demodulation with 40.
    starting back demodulation with 45.
    starting back demodulation with 46.

============================== end of process initial clauses ========

============================== CLAUSES FOR SEARCH ====================

% Clauses after input processing:

formulas(usable).
end_of_list.

formulas(sos).
7 mult(e,x) = x.  [assumption].
8 mult(x,e) = x.  [assumption].
9 ld(x,mult(x,y)) = y.  [assumption].
10 mult(x,ld(x,y)) = y.  [assumption].
11 rd(mult(x,y),y) = x.  [assumption].
12 mult(rd(x,y),y) = x.  [assumption].
14 a(x,y,z) = ld(mult(x,mult(y,z)),mult(mult(x,y),z)).  [copy(13),flip(a)].
16 k(x,y) = ld(mult(y,x),mult(x,y)).  [copy(15),flip(a)].
18 l(x,y,z) = ld(mult(z,y),mult(z,mult(y,x))).  [copy(17),flip(a)].
20 r(x,y,z) = rd(mult(mult(x,y),z),mult(y,z)).  [copy(19),flip(a)].
22 t(x,y) = ld(y,mult(x,y)).  [copy(21),flip(a)].
24 ld(mult(x,mult(y,z)),mult(mult(x,y),z)) != e | ld(mult(x,y),mult(x,mult(y,z))) = z.  [copy(23),rewrite([14(1),18(8)])].
26 ld(mult(x,y),mult(x,mult(y,z))) != z | ld(mult(x,mult(y,z)),mult(mult(x,y),z)) = e.  [copy(25),rewrite([18(1),14(6)])].
28 ld(x,mult(y,x)) != y | ld(y,mult(x,y)) = x.  [copy(27),rewrite([22(1),22(4)])].
30 ld(x,mult(y,x)) != y | ld(mult(x,y),mult(y,x)) = e.  [copy(29),rewrite([22(1),16(4)])].
32 ld(mult(x,y),mult(y,x)) != e | ld(x,mult(y,x)) = y.  [copy(31),rewrite([16(1),22(6)])].
34 ld(x,mult(ld(y,mult(z,y)),x)) = ld(y,mult(ld(x,mult(z,x)),y)).  [copy(33),rewrite([22(1),22(3),22(5),22(7)])].
36 ld(mult(x,y),mult(x,mult(y,ld(z,mult(u,z))))) = ld(z,mult(ld(mult(x,y),mult(x,mult(y,u))),z)).  [copy(35),rewrite([18(1),22(5),22(7),18(9)]),flip(a)].
38 rd(mult(mult(ld(x,mult(y,x)),z),u),mult(z,u)) = ld(x,mult(rd(mult(mult(y,z),u),mult(z,u)),x)).  [copy(37),rewrite([20(1),22(5),22(7),20(9)]),flip(a)].
40 rd(mult(mult(ld(mult(x,y),mult(x,mult(y,z))),u),w),mult(u,w)) = ld(mult(x,y),mult(x,mult(y,rd(mult(mult(z,u),w),mult(u,w))))).  [copy(39),rewrite([20(1),18(5),18(9),20(13)]),flip(a)].
42 ld(mult(x,y),mult(x,mult(y,ld(mult(z,u),mult(z,mult(u,w)))))) = ld(mult(z,u),mult(z,mult(u,ld(mult(x,y),mult(x,mult(y,w)))))).  [copy(41),rewrite([18(1),18(5),18(9),18(13)])].
44 rd(mult(mult(rd(mult(mult(x,y),z),mult(y,z)),u),w),mult(u,w)) = rd(mult(mult(rd(mult(mult(x,u),w),mult(u,w)),y),z),mult(y,z)).  [copy(43),rewrite([20(1),20(5),20(9),20(13)])].
45 mult(mult(mult(x,y),x),z) = mult(x,mult(y,mult(x,z))).  [assumption].
46 mult(mult(x,mult(x,y)),z) = mult(x,mult(x,mult(y,z))).  [assumption].
48 mult(ld(c1,rd(c2,c1)),c3) != mult(ld(c1,e),mult(c1,mult(ld(c1,e),mult(c2,mult(ld(c1,e),c3))))).  [copy(47),rewrite([10(23)])].
end_of_list.

formulas(demodulators).
7 mult(e,x) = x.  [assumption].
8 mult(x,e) = x.  [assumption].
9 ld(x,mult(x,y)) = y.  [assumption].
10 mult(x,ld(x,y)) = y.  [assumption].
11 rd(mult(x,y),y) = x.  [assumption].
12 mult(rd(x,y),y) = x.  [assumption].
14 a(x,y,z) = ld(mult(x,mult(y,z)),mult(mult(x,y),z)).  [copy(13),flip(a)].
16 k(x,y) = ld(mult(y,x),mult(x,y)).  [copy(15),flip(a)].
18 l(x,y,z) = ld(mult(z,y),mult(z,mult(y,x))).  [copy(17),flip(a)].
20 r(x,y,z) = rd(mult(mult(x,y),z),mult(y,z)).  [copy(19),flip(a)].
22 t(x,y) = ld(y,mult(x,y)).  [copy(21),flip(a)].
38 rd(mult(mult(ld(x,mult(y,x)),z),u),mult(z,u)) = ld(x,mult(rd(mult(mult(y,z),u),mult(z,u)),x)).  [copy(37),rewrite([20(1),22(5),22(7),20(9)]),flip(a)].
40 rd(mult(mult(ld(mult(x,y),mult(x,mult(y,z))),u),w),mult(u,w)) = ld(mult(x,y),mult(x,mult(y,rd(mult(mult(z,u),w),mult(u,w))))).  [copy(39),rewrite([20(1),18(5),18(9),20(13)]),flip(a)].
45 mult(mult(mult(x,y),x),z) = mult(x,mult(y,mult(x,z))).  [assumption].
46 mult(mult(x,mult(x,y)),z) = mult(x,mult(x,mult(y,z))).  [assumption].
end_of_list.

============================== end of clauses for search =============

============================== SEARCH ================================

% Starting search at 0.00 seconds.

given #1 (I,wt=5): 7 mult(e,x) = x.  [assumption].

given #2 (I,wt=5): 8 mult(x,e) = x.  [assumption].

given #3 (I,wt=7): 9 ld(x,mult(x,y)) = y.  [assumption].
kept:      49 ld(e,x) = x.  [para(7(a,1),9(a,1,2))].
    new demodulator: 49.
kept:      50 ld(x,x) = e.  [para(8(a,1),9(a,1,2))].
    new demodulator: 50.
    starting back demodulation with 49.
    starting back demodulation with 50.

given #4 (I,wt=7): 10 mult(x,ld(x,y)) = y.  [assumption].

given #5 (I,wt=7): 11 rd(mult(x,y),y) = x.  [assumption].
kept:      51 rd(x,x) = e.  [para(7(a,1),11(a,1,1))].
    new demodulator: 51.
kept:      52 rd(x,e) = x.  [para(8(a,1),11(a,1,1))].
    new demodulator: 52.
kept:      53 rd(x,ld(y,x)) = y.  [para(10(a,1),11(a,1,1))].
    new demodulator: 53.
    starting back demodulation with 51.
    starting back demodulation with 52.
    starting back demodulation with 53.

given #6 (I,wt=7): 12 mult(rd(x,y),y) = x.  [assumption].
kept:      54 ld(rd(x,y),x) = y.  [para(12(a,1),9(a,1,2))].
    new demodulator: 54.
    starting back demodulation with 54.

given #7 (I,wt=16): 14 a(x,y,z) = ld(mult(x,mult(y,z)),mult(mult(x,y),z)).  [copy(13),flip(a)].

given #8 (I,wt=11): 16 k(x,y) = ld(mult(y,x),mult(x,y)).  [copy(15),flip(a)].

given #9 (I,wt=14): 18 l(x,y,z) = ld(mult(z,y),mult(z,mult(y,x))).  [copy(17),flip(a)].

given #10 (I,wt=14): 20 r(x,y,z) = rd(mult(mult(x,y),z),mult(y,z)).  [copy(19),flip(a)].

given #11 (I,wt=9): 22 t(x,y) = ld(y,mult(x,y)).  [copy(21),flip(a)].

given #12 (I,wt=24): 24 ld(mult(x,mult(y,z)),mult(mult(x,y),z)) != e | ld(mult(x,y),mult(x,mult(y,z))) = z.  [copy(23),rewrite([14(1),18(8)])].
kept:      55 ld(mult(x,y),mult(mult(x,z),ld(z,y))) != e | ld(mult(x,z),mult(x,y)) = ld(z,y).  [para(10(a,1),24(a,1,1,2)),rewrite([10(10)])].
kept:      56 ld(mult(x,mult(ld(x,y),z)),mult(y,z)) != e | ld(y,mult(x,mult(ld(x,y),z))) = z.  [para(10(a,1),24(a,1,2,1)),rewrite([10(9)])].
kept:      57 ld(mult(x,mult(y,ld(mult(x,y),z))),z) != e | ld(mult(x,y),mult(x,mult(y,ld(mult(x,y),z)))) = ld(mult(x,y),z).  [para(10(a,1),24(a,1,2))].
kept:      58 ld(mult(x,y),mult(mult(x,rd(y,z)),z)) != e | ld(mult(x,rd(y,z)),mult(x,y)) = z.  [para(12(a,1),24(a,1,1,2)),rewrite([12(11)])].
kept:      59 ld(x,mult(mult(rd(x,mult(y,z)),y),z)) != e | ld(mult(rd(x,mult(y,z)),y),x) = z.  [para(12(a,1),24(a,1,1)),rewrite([12(14)])].
kept:      60 ld(mult(rd(x,y),mult(y,z)),mult(x,z)) != e | ld(x,mult(rd(x,y),mult(y,z))) = z.  [para(12(a,1),24(a,1,2,1)),rewrite([12(9)])].

given #13 (I,wt=24): 26 ld(mult(x,y),mult(x,mult(y,z))) != z | ld(mult(x,mult(y,z)),mult(mult(x,y),z)) = e.  [copy(25),rewrite([18(1),14(6)])].
kept:      61 ld(x,mult(y,mult(ld(y,x),z))) != z | ld(mult(y,mult(ld(y,x),z)),mult(x,z)) = e.  [para(10(a,1),26(a,1,1)),rewrite([10(10)])].
kept:      62 ld(mult(x,y),mult(x,z)) != ld(y,z) | ld(mult(x,z),mult(mult(x,y),ld(y,z))) = e.  [para(10(a,1),26(a,1,2,2)),rewrite([10(7)])].
kept:      63 ld(x,mult(rd(x,y),mult(y,z))) != z | ld(mult(rd(x,y),mult(y,z)),mult(x,z)) = e.  [para(12(a,1),26(a,1,1)),rewrite([12(10)])].
kept:      64 ld(mult(x,rd(y,z)),mult(x,y)) != z | ld(mult(x,y),mult(mult(x,rd(y,z)),z)) = e.  [para(12(a,1),26(a,1,2,2)),rewrite([12(7)])].
kept:      65 ld(mult(rd(x,mult(y,z)),y),x) != z | ld(x,mult(mult(rd(x,mult(y,z)),y),z)) = e.  [para(12(a,1),26(a,1,2)),rewrite([12(9)])].

given #14 (I,wt=14): 28 ld(x,mult(y,x)) != y | ld(y,mult(x,y)) = x.  [copy(27),rewrite([22(1),22(4)])].
kept:      66 ld(ld(x,y),y) != x | ld(x,mult(ld(x,y),x)) = ld(x,y).  [para(10(a,1),28(a,1,2))].
kept:      67 rd(x,y) != ld(y,x) | ld(rd(x,y),mult(y,rd(x,y))) = y.  [para(12(a,1),28(a,1,2)),flip(a)].

given #15 (I,wt=16): 30 ld(x,mult(y,x)) != y | ld(mult(x,y),mult(y,x)) = e.  [copy(29),rewrite([22(1),16(4)])].
kept:      68 ld(ld(x,y),y) != x | ld(mult(ld(x,y),x),y) = e.  [para(10(a,1),30(a,1,2)),rewrite([10(7)])].
kept:      69 rd(x,y) != ld(y,x) | ld(mult(y,rd(x,y)),x) = e.  [para(12(a,1),30(a,1,2)),rewrite([12(7)]),flip(a)].

given #16 (I,wt=16): 32 ld(mult(x,y),mult(y,x)) != e | ld(x,mult(y,x)) = y.  [copy(31),rewrite([16(1),22(6)])].
kept:      70 ld(x,mult(ld(y,x),y)) != e | ld(y,mult(ld(y,x),y)) = ld(y,x).  [para(10(a,1),32(a,1,1))].
kept:      71 ld(mult(ld(x,y),x),y) != e | ld(ld(x,y),y) = x.  [para(10(a,1),32(a,1,2)),rewrite([10(8)])].
kept:      72 ld(x,mult(y,rd(x,y))) != e | ld(rd(x,y),mult(y,rd(x,y))) = y.  [para(12(a,1),32(a,1,1))].
kept:      73 ld(mult(x,rd(y,x)),y) != e | rd(y,x) = ld(x,y).  [para(12(a,1),32(a,1,2)),rewrite([12(7)]),flip(b)].

given #17 (I,wt=19): 34 ld(x,mult(ld(y,mult(z,y)),x)) = ld(y,mult(ld(x,mult(z,x)),y)).  [copy(33),rewrite([22(1),22(3),22(5),22(7)])].
kept:      74 ld(x,mult(ld(ld(x,mult(y,x)),mult(y,ld(x,mult(y,x)))),x)) = ld(x,mult(y,x)).  [para(34(a,1),9(a,1))].
    new demodulator: 74.
kept:      75 ld(x,mult(ld(y,mult(x,y)),x)) = ld(y,mult(x,y)).  [para(9(a,1),34(a,1,2,1)),flip(a)].
    new demodulator: 75.
kept:      76 mult(x,ld(y,mult(ld(x,mult(z,x)),y))) = mult(ld(y,mult(z,y)),x).  [para(34(a,1),10(a,1,2))].
    new demodulator: 76.
kept:      77 ld(ld(x,y),mult(ld(z,mult(x,z)),ld(x,y))) = ld(z,mult(ld(ld(x,y),y),z)).  [para(10(a,1),34(a,1,2,1,2)),flip(a)].
kept:      78 ld(x,mult(ld(ld(ld(x,mult(y,x)),z),mult(y,ld(ld(x,mult(y,x)),z))),x)) = ld(ld(ld(x,mult(y,x)),z),z).  [para(10(a,1),34(a,1,2)),flip(a)].
    new demodulator: 78.
kept:      79 ld(x,mult(ld(y,mult(rd(z,x),y)),x)) = ld(y,mult(ld(x,z),y)).  [para(12(a,1),34(a,1,2,1,2)),flip(a)].
    new demodulator: 79.
kept:      80 ld(x,mult(ld(mult(ld(x,mult(y,x)),ld(x,mult(y,x))),mult(y,mult(ld(x,mult(y,x)),ld(x,mult(y,x))))),x)) != ld(x,mult(y,x)) | ld(mult(ld(x,mult(y,x)),mult(ld(x,mult(y,x)),ld(x,mult(y,x)))),mult(mult(ld(x,mult(y,x)),ld(x,mult(y,x))),ld(x,mult(y,x)))) = e.  [para(34(a,1),26(a,1))].
kept:      81 ld(x,mult(ld(y,mult(z,y)),x)) != ld(x,mult(z,x)) | ld(ld(x,mult(z,x)),mult(y,ld(x,mult(z,x)))) = y.  [para(34(a,1),28(a,1))].
kept:      82 ld(x,mult(ld(y,mult(z,y)),x)) != ld(x,mult(z,x)) | ld(mult(y,ld(x,mult(z,x))),mult(ld(x,mult(z,x)),y)) = e.  [para(34(a,1),30(a,1))].
kept:      83 ld(x,mult(ld(y,mult(ld(z,mult(u,z)),y)),x)) = ld(z,mult(ld(x,mult(ld(y,mult(u,y)),x)),z)).  [para(34(a,1),34(a,1,2,1))].
    starting back demodulation with 74.
    starting back demodulation with 75.
    starting back demodulation with 76.
    starting back demodulation with 78.
    starting back demodulation with 79.

given #18 (I,wt=27): 36 ld(mult(x,y),mult(x,mult(y,ld(z,mult(u,z))))) = ld(z,mult(ld(mult(x,y),mult(x,mult(y,u))),z)).  [copy(35),rewrite([18(1),22(5),22(7),18(9)]),flip(a)].
kept:      84 ld(mult(x,y),mult(x,mult(y,ld(ld(mult(x,y),mult(x,mult(y,z))),mult(z,ld(mult(x,y),mult(x,mult(y,z)))))))) = ld(mult(x,y),mult(x,mult(y,z))).  [para(36(a,2),9(a,1))].
    new demodulator: 84.
kept:      85 ld(x,mult(ld(mult(y,z),mult(y,mult(z,x))),x)) = ld(mult(y,z),mult(y,mult(z,x))).  [para(9(a,1),36(a,1,2,2,2)),flip(a)].
    new demodulator: 85.
kept:      86 mult(mult(x,y),ld(z,mult(ld(mult(x,y),mult(x,mult(y,u))),z))) = mult(x,mult(y,ld(z,mult(u,z)))).  [para(36(a,1),10(a,1,2))].
    new demodulator: 86.
kept:      87 mult(x,ld(mult(y,z),mult(y,mult(z,ld(x,mult(u,x)))))) = mult(ld(mult(y,z),mult(y,mult(z,u))),x).  [para(36(a,2),10(a,1,2))].
    new demodulator: 87.
kept:      88 ld(x,mult(ld(y,mult(z,mult(ld(z,y),u))),x)) = ld(y,mult(z,mult(ld(z,y),ld(x,mult(u,x))))).  [para(10(a,1),36(a,1,1)),rewrite([10(8)]),flip(a)].
kept:      89 ld(ld(x,y),mult(ld(mult(z,u),mult(z,mult(u,x))),ld(x,y))) = ld(mult(z,u),mult(z,mult(u,ld(ld(x,y),y)))).  [para(10(a,1),36(a,1,2,2,2,2)),flip(a)].
kept:      90 ld(mult(x,y),mult(x,mult(z,y))) = ld(y,mult(ld(mult(x,y),mult(x,mult(y,z))),y)).  [para(10(a,1),36(a,1,2,2))].
kept:      91 ld(mult(x,y),mult(x,mult(y,ld(z,mult(ld(y,u),z))))) = ld(z,mult(ld(mult(x,y),mult(x,u)),z)).  [para(10(a,1),36(a,2,2,1,2,2))].
kept:      92 ld(mult(x,y),mult(x,mult(y,ld(ld(ld(mult(x,y),mult(x,mult(y,z))),u),mult(z,ld(ld(mult(x,y),mult(x,mult(y,z))),u)))))) = ld(ld(ld(mult(x,y),mult(x,mult(y,z))),u),u).  [para(10(a,1),36(a,2,2))].
    new demodulator: 92.
kept:      93 ld(x,mult(rd(x,y),mult(y,ld(z,mult(u,z))))) = ld(z,mult(ld(x,mult(rd(x,y),mult(y,u))),z)).  [para(12(a,1),36(a,1,1)),rewrite([12(8)])].
kept:      94 ld(x,mult(ld(mult(y,z),mult(y,mult(z,rd(u,x)))),x)) = ld(mult(y,z),mult(y,mult(z,ld(x,u)))).  [para(12(a,1),36(a,1,2,2,2,2)),flip(a)].
    new demodulator: 94.
kept:      95 ld(x,mult(ld(mult(y,rd(z,ld(x,mult(u,x)))),mult(y,mult(rd(z,ld(x,mult(u,x))),u))),x)) = ld(mult(y,rd(z,ld(x,mult(u,x)))),mult(y,z)).  [para(12(a,1),36(a,1,2,2)),flip(a)].
    new demodulator: 95.
kept:      96 ld(x,mult(ld(mult(rd(y,mult(z,ld(x,mult(u,x)))),z),mult(rd(y,mult(z,ld(x,mult(u,x)))),mult(z,u))),x)) = ld(mult(rd(y,mult(z,ld(x,mult(u,x)))),z),y).  [para(12(a,1),36(a,1,2)),flip(a)].
    new demodulator: 96.
kept:      97 ld(mult(x,rd(y,z)),mult(x,mult(rd(y,z),ld(u,mult(z,u))))) = ld(u,mult(ld(mult(x,rd(y,z)),mult(x,y)),u)).  [para(12(a,1),36(a,2,2,1,2,2))].
kept:      98 ld(mult(rd(x,mult(y,z)),y),mult(rd(x,mult(y,z)),mult(y,ld(u,mult(z,u))))) = ld(u,mult(ld(mult(rd(x,mult(y,z)),y),x),u)).  [para(12(a,1),36(a,2,2,1,2))].
kept:      99 ld(mult(ld(mult(x,y),mult(x,mult(y,z))),ld(mult(x,y),mult(x,mult(y,z)))),mult(ld(mult(x,y),mult(x,mult(y,z))),mult(ld(mult(x,y),mult(x,mult(y,z))),ld(mult(x,y),mult(x,mult(y,z)))))) = ld(mult(x,y),mult(x,mult(y,ld(mult(ld(mult(x,y),mult(x,mult(y,z))),ld(mult(x,y),mult(x,mult(y,z)))),mult(z,mult(ld(mult(x,y),mult(x,mult(y,z))),ld(mult(x,y),mult(x,mult(y,z))))))))).  [para(36(a,2),18(a,2)),rewrite([18(13)])].
    new demodulator: 99.
kept:      100 ld(x,mult(ld(mult(y,z),mult(y,mult(z,u))),x)) != ld(x,mult(u,x)) | ld(mult(y,mult(z,ld(x,mult(u,x)))),mult(mult(y,z),ld(x,mult(u,x)))) = e.  [para(36(a,1),26(a,1))].
kept:      101 ld(x,mult(ld(mult(ld(x,mult(y,x)),ld(x,mult(y,x))),mult(ld(x,mult(y,x)),mult(ld(x,mult(y,x)),y))),x)) != ld(x,mult(y,x)) | ld(ld(x,mult(y,x)),mult(mult(ld(x,mult(y,x)),ld(x,mult(y,x))),ld(x,mult(y,x)))) = mult(ld(x,mult(y,x)),ld(x,mult(y,x))).  [para(36(a,1),28(a,1))].
kept:      102 ld(mult(x,y),mult(x,mult(y,ld(z,mult(u,z))))) != ld(mult(x,y),mult(x,mult(y,u))) | ld(ld(mult(x,y),mult(x,mult(y,u))),mult(z,ld(mult(x,y),mult(x,mult(y,u))))) = z.  [para(36(a,2),28(a,1))].
kept:      103 ld(x,mult(ld(mult(ld(x,mult(y,x)),ld(x,mult(y,x))),mult(ld(x,mult(y,x)),mult(ld(x,mult(y,x)),y))),x)) != ld(x,mult(y,x)) | ld(mult(mult(ld(x,mult(y,x)),ld(x,mult(y,x))),ld(x,mult(y,x))),mult(ld(x,mult(y,x)),mult(ld(x,mult(y,x)),ld(x,mult(y,x))))) = e.  [para(36(a,1),30(a,1))].
kept:      104 ld(mult(x,y),mult(x,mult(y,ld(z,mult(u,z))))) != ld(mult(x,y),mult(x,mult(y,u))) | ld(mult(z,ld(mult(x,y),mult(x,mult(y,u)))),mult(ld(mult(x,y),mult(x,mult(y,u))),z)) = e.  [para(36(a,2),30(a,1))].
kept:      105 ld(mult(ld(x,mult(y,x)),ld(x,mult(y,x))),mult(ld(z,mult(ld(x,mult(y,x)),z)),mult(ld(x,mult(y,x)),ld(x,mult(y,x))))) = ld(z,mult(ld(x,mult(ld(mult(ld(x,mult(y,x)),ld(x,mult(y,x))),mult(ld(x,mult(y,x)),mult(ld(x,mult(y,x)),y))),x)),z)).  [para(36(a,1),34(a,1,2,1)),flip(a)].
kept:      106 ld(x,mult(ld(mult(ld(x,mult(y,x)),ld(x,mult(y,x))),mult(ld(x,mult(y,x)),mult(ld(x,mult(y,x)),y))),x)) = ld(x,mult(ld(mult(ld(x,mult(y,x)),ld(x,mult(y,x))),mult(y,mult(ld(x,mult(y,x)),ld(x,mult(y,x))))),x)).  [para(36(a,1),34(a,1))].
    new demodulator: 106.
kept:      107 ld(mult(ld(x,mult(y,x)),ld(x,mult(y,x))),mult(ld(z,mult(ld(x,mult(y,x)),z)),mult(ld(x,mult(y,x)),ld(x,mult(y,x))))) = ld(z,mult(ld(x,mult(ld(mult(ld(x,mult(y,x)),ld(x,mult(y,x))),mult(y,mult(ld(x,mult(y,x)),ld(x,mult(y,x))))),x)),z)).  [para(36(a,1),34(a,2,2,1)),rewrite([106(30)])].
kept:      108 ld(x,mult(ld(mult(y,z),mult(y,mult(z,ld(u,mult(w,u))))),x)) = ld(u,mult(ld(x,mult(ld(mult(y,z),mult(y,mult(z,w))),x)),u)).  [para(36(a,2),34(a,1,2,1))].
kept:      109 ld(mult(x,x),mult(ld(y,mult(x,y)),mult(x,x))) = ld(mult(x,x),mult(x,mult(x,ld(y,mult(x,y))))).  [para(36(a,2),34(a,1)),flip(a)].
    new demodulator: 109.
kept:      110 ld(mult(x,y),mult(x,mult(y,ld(z,mult(ld(u,mult(w,u)),z))))) = ld(u,mult(ld(mult(x,y),mult(x,mult(y,ld(z,mult(w,z))))),u)).  [para(34(a,1),36(a,1,2,2,2))].
kept:      111 ld(mult(ld(x,mult(y,x)),ld(x,mult(y,x))),mult(ld(x,mult(y,x)),mult(ld(x,mult(y,x)),ld(z,mult(ld(x,mult(y,x)),z))))) = ld(z,mult(ld(x,mult(ld(mult(ld(x,mult(y,x)),ld(x,mult(y,x))),mult(y,mult(ld(x,mult(y,x)),ld(x,mult(y,x))))),x)),z)).  [para(34(a,1),36(a,2,2,1))].
kept:      112 ld(mult(ld(x,mult(y,x)),ld(x,mult(y,x))),mult(ld(mult(z,u),mult(z,mult(u,ld(x,mult(y,x))))),mult(ld(x,mult(y,x)),ld(x,mult(y,x))))) = ld(mult(z,u),mult(z,mult(u,ld(x,mult(ld(mult(ld(x,mult(y,x)),ld(x,mult(y,x))),mult(y,mult(ld(x,mult(y,x)),ld(x,mult(y,x))))),x))))).  [para(36(a,1),36(a,1,2,2,2)),rewrite([106(15)]),flip(a)].
kept:      113 ld(mult(x,y),mult(x,mult(y,ld(z,mult(ld(u,mult(w,u)),z))))) = ld(z,mult(ld(u,mult(ld(mult(x,y),mult(x,mult(y,w))),u)),z)).  [para(36(a,1),36(a,2,2,1))].
kept:      114 ld(mult(x,y),mult(x,mult(y,ld(mult(z,u),mult(z,mult(u,ld(w,mult(v5,w)))))))) = ld(w,mult(ld(mult(x,y),mult(x,mult(y,ld(mult(z,u),mult(z,mult(u,v5)))))),w)).  [para(36(a,2),36(a,1,2,2,2))].
    starting back demodulation with 84.
    starting back demodulation with 85.
    starting back demodulation with 86.
    starting back demodulation with 87.
    starting back demodulation with 92.
    starting back demodulation with 94.
    starting back demodulation with 95.
    starting back demodulation with 96.
    starting back demodulation with 99.
    starting back demodulation with 106.
        106 back demodulating 105.
        106 back demodulating 103.
        106 back demodulating 101.
    starting back demodulation with 109.
        109 back demodulating 107.

given #19 (I,wt=27): 38 rd(mult(mult(ld(x,mult(y,x)),z),u),mult(z,u)) = ld(x,mult(rd(mult(mult(y,z),u),mult(z,u)),x)).  [copy(37),rewrite([20(1),22(5),22(7),20(9)]),flip(a)].
kept:      115 ld(x,mult(rd(mult(mult(x,y),z),mult(y,z)),x)) = rd(mult(mult(x,y),z),mult(y,z)).  [para(9(a,1),38(a,1,1,1,1)),flip(a)].
    new demodulator: 115.
kept:      116 rd(mult(mult(ld(ld(x,y),y),z),u),mult(z,u)) = ld(ld(x,y),mult(rd(mult(mult(x,z),u),mult(z,u)),ld(x,y))).  [para(10(a,1),38(a,1,1,1,1,2))].
    new demodulator: 116.
kept:      117 ld(x,mult(rd(mult(mult(y,ld(ld(x,mult(y,x)),z)),u),mult(ld(ld(x,mult(y,x)),z),u)),x)) = rd(mult(z,u),mult(ld(ld(x,mult(y,x)),z),u)).  [para(10(a,1),38(a,1,1,1)),flip(a)].
    new demodulator: 117.
kept:      118 ld(x,mult(rd(mult(mult(y,z),ld(mult(ld(x,mult(y,x)),z),u)),mult(z,ld(mult(ld(x,mult(y,x)),z),u))),x)) = rd(u,mult(z,ld(mult(ld(x,mult(y,x)),z),u))).  [para(10(a,1),38(a,1,1)),flip(a)].
    new demodulator: 118.
kept:      119 rd(mult(mult(ld(x,mult(y,x)),z),ld(z,u)),u) = ld(x,mult(rd(mult(mult(y,z),ld(z,u)),u),x)).  [para(10(a,1),38(a,1,2)),rewrite([10(11)])].
    new demodulator: 119.
kept:      120 mult(ld(x,mult(rd(mult(mult(y,z),u),mult(z,u)),x)),mult(z,u)) = mult(mult(ld(x,mult(y,x)),z),u).  [para(38(a,1),12(a,1,1))].
    new demodulator: 120.
kept:      121 ld(x,mult(rd(mult(mult(rd(y,x),z),u),mult(z,u)),x)) = rd(mult(mult(ld(x,y),z),u),mult(z,u)).  [para(12(a,1),38(a,1,1,1,1,2)),flip(a)].
    new demodulator: 121.
kept:      122 rd(mult(mult(ld(x,mult(y,x)),rd(z,u)),u),z) = ld(x,mult(rd(mult(mult(y,rd(z,u)),u),z),x)).  [para(12(a,1),38(a,1,2)),rewrite([12(11)])].
    new demodulator: 122.
    starting back demodulation with 115.
    starting back demodulation with 116.
    starting back demodulation with 117.
    starting back demodulation with 118.
    starting back demodulation with 119.
    starting back demodulation with 120.
    starting back demodulation with 121.
    starting back demodulation with 122.

given #20 (I,wt=35): 40 rd(mult(mult(ld(mult(x,y),mult(x,mult(y,z))),u),w),mult(u,w)) = ld(mult(x,y),mult(x,mult(y,rd(mult(mult(z,u),w),mult(u,w))))).  [copy(39),rewrite([20(1),18(5),18(9),20(13)]),flip(a)].
kept:      123 rd(mult(mult(ld(x,mult(y,mult(ld(y,x),z))),u),w),mult(u,w)) = ld(x,mult(y,mult(ld(y,x),rd(mult(mult(z,u),w),mult(u,w))))).  [para(10(a,1),40(a,1,1,1,1,1)),rewrite([10(10)])].
    new demodulator: 123.
kept:      124 rd(mult(mult(ld(mult(x,y),mult(x,z)),u),w),mult(u,w)) = ld(mult(x,y),mult(x,mult(y,rd(mult(mult(ld(y,z),u),w),mult(u,w))))).  [para(10(a,1),40(a,1,1,1,1,2,2))].
    new demodulator: 124.
kept:      125 ld(mult(x,y),mult(x,mult(y,rd(mult(mult(z,ld(ld(mult(x,y),mult(x,mult(y,z))),u)),w),mult(ld(ld(mult(x,y),mult(x,mult(y,z))),u),w))))) = rd(mult(u,w),mult(ld(ld(mult(x,y),mult(x,mult(y,z))),u),w)).  [para(10(a,1),40(a,1,1,1)),flip(a)].
    new demodulator: 125.
kept:      126 ld(mult(x,y),mult(x,mult(y,rd(mult(mult(z,u),ld(mult(ld(mult(x,y),mult(x,mult(y,z))),u),w)),mult(u,ld(mult(ld(mult(x,y),mult(x,mult(y,z))),u),w)))))) = rd(w,mult(u,ld(mult(ld(mult(x,y),mult(x,mult(y,z))),u),w))).  [para(10(a,1),40(a,1,1)),flip(a)].
    new demodulator: 126.
kept:      127 rd(mult(mult(ld(mult(x,y),mult(x,mult(y,z))),u),ld(u,w)),w) = ld(mult(x,y),mult(x,mult(y,rd(mult(mult(z,u),ld(u,w)),w)))).  [para(10(a,1),40(a,1,2)),rewrite([10(14)])].
    new demodulator: 127.
kept:      128 mult(ld(mult(x,y),mult(x,mult(y,rd(mult(mult(z,u),w),mult(u,w))))),mult(u,w)) = mult(mult(ld(mult(x,y),mult(x,mult(y,z))),u),w).  [para(40(a,1),12(a,1,1))].
    new demodulator: 128.
kept:      129 rd(mult(mult(ld(x,mult(rd(x,y),mult(y,z))),u),w),mult(u,w)) = ld(x,mult(rd(x,y),mult(y,rd(mult(mult(z,u),w),mult(u,w))))).  [para(12(a,1),40(a,1,1,1,1,1)),rewrite([12(10)])].
    new demodulator: 129.
kept:      130 rd(mult(mult(ld(mult(rd(x,mult(y,z)),y),x),u),w),mult(u,w)) = ld(mult(rd(x,mult(y,z)),y),mult(rd(x,mult(y,z)),mult(y,rd(mult(mult(z,u),w),mult(u,w))))).  [para(12(a,1),40(a,1,1,1,1,2))].
    new demodulator: 130.
kept:      131 rd(mult(mult(ld(mult(x,y),mult(x,mult(y,z))),rd(u,w)),w),u) = ld(mult(x,y),mult(x,mult(y,rd(mult(mult(z,rd(u,w)),w),u)))).  [para(12(a,1),40(a,1,2)),rewrite([12(14)])].
    new demodulator: 131.
kept:      132 ld(mult(ld(x,mult(y,x)),ld(x,mult(y,x))),mult(ld(x,mult(y,x)),mult(ld(x,mult(y,x)),ld(x,mult(rd(mult(mult(y,z),u),mult(z,u)),x))))) = ld(x,mult(ld(mult(ld(x,mult(y,x)),ld(x,mult(y,x))),mult(rd(mult(mult(y,z),u),mult(z,u)),mult(ld(x,mult(y,x)),ld(x,mult(y,x))))),x)).  [para(34(a,1),40(a,1,1,1,1)),rewrite([38(18),38(16),38(33)]),flip(a)].
    new demodulator: 132.
kept:      133 ld(mult(x,x),mult(rd(mult(mult(x,y),z),mult(y,z)),mult(x,x))) = ld(mult(x,x),mult(x,mult(x,rd(mult(mult(x,y),z),mult(y,z))))).  [para(40(a,1),38(a,1)),flip(a)].
    new demodulator: 133.
    starting back demodulation with 123.
    starting back demodulation with 124.
        124 back demodulating 40.
    starting back demodulation with 125.
    starting back demodulation with 126.
    starting back demodulation with 127.
    starting back demodulation with 128.
    starting back demodulation with 129.
    starting back demodulation with 130.
    starting back demodulation with 131.
    starting back demodulation with 132.
    starting back demodulation with 133.

given #21 (I,wt=35): 42 ld(mult(x,y),mult(x,mult(y,ld(mult(z,u),mult(z,mult(u,w)))))) = ld(mult(z,u),mult(z,mult(u,ld(mult(x,y),mult(x,mult(y,w)))))).  [copy(41),rewrite([18(1),18(5),18(9),18(13)])].
kept:      134 mult(mult(x,y),ld(mult(z,u),mult(z,mult(u,ld(mult(x,y),mult(x,mult(y,w))))))) = mult(x,mult(y,ld(mult(z,u),mult(z,mult(u,w))))).  [para(42(a,1),10(a,1,2))].
    new demodulator: 134.
kept:      135 ld(mult(x,y),mult(x,mult(y,ld(z,mult(u,mult(ld(u,z),w)))))) = ld(z,mult(u,mult(ld(u,z),ld(mult(x,y),mult(x,mult(y,w)))))).  [para(10(a,1),42(a,1,1)),rewrite([10(11)]),flip(a)].
kept:      136 ld(mult(x,y),mult(x,mult(y,ld(mult(z,u),mult(z,mult(u,ld(y,w))))))) = ld(mult(z,u),mult(z,mult(u,ld(mult(x,y),mult(x,w))))).  [para(10(a,1),42(a,1,2,2,2,2,2)),flip(a)].
kept:      137 ld(mult(x,y),mult(x,mult(y,ld(mult(z,mult(x,y)),mult(z,mult(mult(x,y),u)))))) = ld(mult(z,mult(x,y)),mult(z,mult(x,mult(y,u)))).  [para(10(a,1),42(a,1,2,2)),flip(a)].
    new demodulator: 137.
kept:      138 ld(mult(x,y),mult(x,mult(y,ld(z,mult(rd(z,u),mult(u,w)))))) = ld(z,mult(rd(z,u),mult(u,ld(mult(x,y),mult(x,mult(y,w)))))).  [para(12(a,1),42(a,1,1)),rewrite([12(11)]),flip(a)].
kept:      139 ld(mult(x,rd(y,z)),mult(x,mult(rd(y,z),ld(mult(u,w),mult(u,mult(w,z)))))) = ld(mult(u,w),mult(u,mult(w,ld(mult(x,rd(y,z)),mult(x,y))))).  [para(12(a,1),42(a,1,2,2,2,2,2)),flip(a)].
kept:      140 ld(mult(rd(x,mult(y,z)),y),mult(rd(x,mult(y,z)),mult(y,ld(mult(u,w),mult(u,mult(w,z)))))) = ld(mult(u,w),mult(u,mult(w,ld(mult(rd(x,mult(y,z)),y),x)))).  [para(12(a,1),42(a,1,2,2,2,2)),flip(a)].
kept:      141 ld(mult(x,y),mult(x,mult(y,ld(mult(z,rd(u,ld(mult(x,y),mult(x,mult(y,w))))),mult(z,mult(rd(u,ld(mult(x,y),mult(x,mult(y,w)))),w)))))) = ld(mult(z,rd(u,ld(mult(x,y),mult(x,mult(y,w))))),mult(z,u)).  [para(12(a,1),42(a,1,2,2)),flip(a)].
    new demodulator: 141.
kept:      142 ld(mult(x,y),mult(x,mult(y,ld(mult(rd(z,mult(u,ld(mult(x,y),mult(x,mult(y,w))))),u),mult(rd(z,mult(u,ld(mult(x,y),mult(x,mult(y,w))))),mult(u,w)))))) = ld(mult(rd(z,mult(u,ld(mult(x,y),mult(x,mult(y,w))))),u),z).  [para(12(a,1),42(a,1,2)),flip(a)].
    new demodulator: 142.
kept:      143 ld(mult(x,y),mult(x,mult(y,ld(mult(ld(mult(x,y),mult(x,mult(y,z))),ld(mult(x,y),mult(x,mult(y,z)))),mult(ld(mult(x,y),mult(x,mult(y,z))),mult(ld(mult(x,y),mult(x,mult(y,z))),z)))))) = ld(mult(x,y),mult(x,mult(y,ld(mult(ld(mult(x,y),mult(x,mult(y,z))),ld(mult(x,y),mult(x,mult(y,z)))),mult(z,mult(ld(mult(x,y),mult(x,mult(y,z))),ld(mult(x,y),mult(x,mult(y,z))))))))).  [para(42(a,1),22(a,2)),rewrite([22(14),99(24)]),flip(a)].
    new demodulator: 143.
kept:      144 ld(mult(x,y),mult(x,mult(y,ld(mult(z,u),mult(z,mult(u,w)))))) != ld(mult(x,y),mult(x,mult(y,w))) | ld(mult(z,mult(u,ld(mult(x,y),mult(x,mult(y,w))))),mult(mult(z,u),ld(mult(x,y),mult(x,mult(y,w))))) = e.  [para(42(a,1),26(a,1))].
kept:      145 ld(mult(ld(x,mult(y,x)),ld(x,mult(y,x))),mult(ld(x,mult(y,x)),mult(ld(x,mult(y,x)),ld(mult(z,u),mult(z,mult(u,ld(x,mult(y,x)))))))) = ld(mult(z,u),mult(z,mult(u,ld(x,mult(ld(mult(ld(x,mult(y,x)),ld(x,mult(y,x))),mult(y,mult(ld(x,mult(y,x)),ld(x,mult(y,x))))),x))))).  [para(34(a,1),42(a,1,2,2,2)),flip(a)].
kept:      146 ld(mult(x,x),mult(ld(mult(y,z),mult(y,mult(z,x))),mult(x,x))) = ld(mult(x,x),mult(x,mult(x,ld(mult(y,z),mult(y,mult(z,x)))))).  [para(42(a,1),36(a,1)),flip(a)].
    new demodulator: 146.
kept:      147 ld(mult(x,y),mult(x,mult(y,ld(z,mult(ld(mult(u,w),mult(u,mult(w,v5))),z))))) = ld(z,mult(ld(mult(u,w),mult(u,mult(w,ld(mult(x,y),mult(x,mult(y,v5)))))),z)).  [para(42(a,1),36(a,2,2,1))].
kept:      148 ld(mult(x,y),mult(x,mult(y,ld(mult(z,u),mult(z,mult(u,ld(w,mult(v5,w)))))))) = ld(mult(z,u),mult(z,mult(u,ld(w,mult(ld(mult(x,y),mult(x,mult(y,v5))),w))))).  [para(36(a,1),42(a,1,2,2,2)),flip(a)].
kept:      149 ld(mult(x,y),mult(x,mult(y,ld(mult(z,u),mult(z,mult(u,ld(mult(w,v5),mult(w,mult(v5,v6))))))))) = ld(mult(w,v5),mult(w,mult(v5,ld(mult(x,y),mult(x,mult(y,ld(mult(z,u),mult(z,mult(u,v6))))))))).  [para(42(a,1),42(a,1,2,2,2))].
    starting back demodulation with 134.
    starting back demodulation with 137.
    starting back demodulation with 141.
    starting back demodulation with 142.
    starting back demodulation with 143.
    starting back demodulation with 146.
        146 back demodulating 112.

given #22 (I,wt=35): 44 rd(mult(mult(rd(mult(mult(x,y),z),mult(y,z)),u),w),mult(u,w)) = rd(mult(mult(rd(mult(mult(x,u),w),mult(u,w)),y),z),mult(y,z)).  [copy(43),rewrite([20(1),20(5),20(9),20(13)])].
kept:      150 rd(mult(mult(rd(mult(mult(x,y),z),mult(y,z)),ld(x,u)),w),mult(ld(x,u),w)) = rd(mult(mult(rd(mult(u,w),mult(ld(x,u),w)),y),z),mult(y,z)).  [para(10(a,1),44(a,1,1,1,1,1,1)),flip(a)].
kept:      151 rd(mult(mult(rd(mult(mult(x,y),z),mult(y,z)),u),ld(mult(x,u),w)),mult(u,ld(mult(x,u),w))) = rd(mult(mult(rd(w,mult(u,ld(mult(x,u),w))),y),z),mult(y,z)).  [para(10(a,1),44(a,1,1,1,1,1)),flip(a)].
kept:      152 rd(mult(mult(rd(mult(mult(x,y),ld(y,z)),z),u),w),mult(u,w)) = rd(mult(mult(rd(mult(mult(x,u),w),mult(u,w)),y),ld(y,z)),z).  [para(10(a,1),44(a,1,1,1,1,2)),rewrite([10(17)])].
kept:      153 rd(mult(mult(rd(mult(mult(x,ld(rd(mult(mult(x,y),z),mult(y,z)),u)),w),mult(ld(rd(mult(mult(x,y),z),mult(y,z)),u),w)),y),z),mult(y,z)) = rd(mult(u,w),mult(ld(rd(mult(mult(x,y),z),mult(y,z)),u),w)).  [para(10(a,1),44(a,1,1,1)),flip(a)].
    new demodulator: 153.
kept:      154 rd(mult(mult(rd(mult(mult(x,y),ld(mult(rd(mult(mult(x,z),u),mult(z,u)),y),w)),mult(y,ld(mult(rd(mult(mult(x,z),u),mult(z,u)),y),w))),z),u),mult(z,u)) = rd(w,mult(y,ld(mult(rd(mult(mult(x,z),u),mult(z,u)),y),w))).  [para(10(a,1),44(a,1,1)),flip(a)].
    new demodulator: 154.
kept:      155 mult(rd(mult(mult(rd(mult(mult(x,y),z),mult(y,z)),u),w),mult(u,w)),mult(y,z)) = mult(mult(rd(mult(mult(x,u),w),mult(u,w)),y),z).  [para(44(a,1),12(a,1,1))].
    new demodulator: 155.
kept:      156 rd(mult(mult(rd(mult(mult(rd(x,y),z),u),mult(z,u)),y),w),mult(y,w)) = rd(mult(mult(rd(mult(x,w),mult(y,w)),z),u),mult(z,u)).  [para(12(a,1),44(a,1,1,1,1,1,1)),flip(a)].
kept:      157 rd(mult(mult(rd(mult(mult(x,rd(y,z)),z),y),u),w),mult(u,w)) = rd(mult(mult(rd(mult(mult(x,u),w),mult(u,w)),rd(y,z)),z),y).  [para(12(a,1),44(a,1,1,1,1,2)),rewrite([12(17)])].
kept:      158 rd(mult(mult(rd(mult(mult(x,mult(y,z)),u),mult(mult(y,z),u)),y),z),mult(y,z)) = rd(mult(mult(mult(x,y),z),u),mult(mult(y,z),u)).  [para(12(a,1),44(a,1,1,1)),flip(a)].
    new demodulator: 158.
kept:      159 ld(x,mult(rd(mult(mult(rd(mult(mult(y,z),u),mult(z,u)),w),v5),mult(w,v5)),x)) = ld(x,mult(rd(mult(mult(rd(mult(mult(y,w),v5),mult(w,v5)),z),u),mult(z,u)),x)).  [para(44(a,1),38(a,2,2,1)),rewrite([38(10)])].
kept:      160 rd(mult(mult(rd(mult(mult(rd(mult(mult(x,y),z),mult(y,z)),u),w),mult(u,w)),v5),v6),mult(v5,v6)) = rd(mult(mult(rd(mult(mult(rd(mult(mult(x,v5),v6),mult(v5,v6)),y),z),mult(y,z)),u),w),mult(u,w)).  [para(44(a,1),44(a,1,1,1,1)),flip(a)].
    starting back demodulation with 153.
    starting back demodulation with 154.
    starting back demodulation with 155.
    starting back demodulation with 158.

given #23 (I,wt=15): 45 mult(mult(mult(x,y),x),z) = mult(x,mult(y,mult(x,z))).  [assumption].
kept:      161 mult(mult(x,x),y) = mult(x,mult(x,y)).  [para(7(a,1),45(a,2,2)),rewrite([8(2)])].
    new demodulator: 161.
kept:      162 mult(mult(x,y),x) = mult(x,mult(y,x)).  [para(45(a,1),8(a,1)),rewrite([8(2)]),flip(a)].
    new demodulator: 162.
kept:      163 ld(mult(x,mult(y,x)),mult(x,mult(y,mult(x,z)))) = z.  [para(45(a,1),9(a,1,2)),rewrite([162(2)])].
    new demodulator: 163.
kept:      164 mult(x,mult(y,mult(x,ld(mult(x,mult(y,x)),z)))) = z.  [para(45(a,1),10(a,1)),rewrite([162(2)])].
    new demodulator: 164.
kept:      165 mult(x,mult(ld(x,y),mult(x,z))) = mult(mult(y,x),z).  [para(10(a,1),45(a,1,1,1)),flip(a)].
    new demodulator: 165.
kept:      166 mult(mult(x,mult(y,x)),ld(x,z)) = mult(x,mult(y,z)).  [para(10(a,1),45(a,2,2,2)),rewrite([162(2)])].
    new demodulator: 166.
kept:      167 rd(mult(x,mult(y,mult(x,z))),z) = mult(x,mult(y,x)).  [para(45(a,1),11(a,1,1)),rewrite([162(6)])].
    new demodulator: 167.
kept:      168 mult(mult(x,rd(x,y)),z) = mult(rd(x,y),mult(y,mult(rd(x,y),z))).  [para(12(a,1),45(a,1,1,1))].
    new demodulator: 168.
kept:      169 mult(mult(rd(x,y),mult(z,rd(x,y))),y) = mult(rd(x,y),mult(z,x)).  [para(12(a,1),45(a,2,2,2)),rewrite([162(4)])].
    new demodulator: 169.
kept:      170 mult(mult(x,mult(rd(y,mult(x,z)),x)),z) = mult(x,y).  [para(12(a,1),45(a,2,2)),rewrite([162(4)])].
    new demodulator: 170.
kept:      171 ld(mult(x,mult(mult(y,mult(z,y)),u)),mult(mult(x,mult(y,mult(z,y))),u)) = ld(mult(x,mult(y,mult(z,mult(y,u)))),mult(mult(x,mult(y,mult(z,y))),u)).  [para(45(a,1),14(a,2,1,2)),rewrite([162(2),14(3),162(15)])].
    new demodulator: 171.
kept:      172 ld(mult(mult(x,mult(y,x)),mult(z,u)),mult(mult(mult(x,mult(y,x)),z),u)) = ld(mult(x,mult(y,mult(x,mult(z,u)))),mult(mult(mult(x,mult(y,x)),z),u)).  [para(45(a,1),14(a,2,1)),rewrite([162(2),14(3),162(15)])].
    new demodulator: 172.
kept:      173 ld(mult(mult(x,mult(y,x)),mult(z,u)),mult(mult(x,mult(y,mult(x,z))),u)) = ld(mult(x,mult(y,mult(x,mult(z,u)))),mult(mult(mult(x,mult(y,x)),z),u)).  [para(45(a,1),14(a,2,2,1)),rewrite([162(2),14(3),172(9),162(11)]),flip(a)].
    new demodulator: 173.
kept:      174 ld(mult(mult(x,y),mult(x,z)),mult(mult(x,mult(y,x)),z)) = ld(mult(mult(x,y),mult(x,z)),mult(x,mult(y,mult(x,z)))).  [para(45(a,1),14(a,2,2)),rewrite([14(2),162(5)])].
    new demodulator: 174.
kept:      175 ld(mult(mult(x,mult(y,x)),z),mult(z,mult(x,mult(y,x)))) = ld(mult(x,mult(y,mult(x,z))),mult(z,mult(x,mult(y,x)))).  [para(45(a,1),16(a,2,1)),rewrite([162(2),16(3),162(12)])].
    new demodulator: 175.
kept:      176 ld(mult(x,mult(y,mult(z,y))),mult(mult(y,mult(z,y)),x)) = ld(mult(x,mult(y,mult(z,y))),mult(y,mult(z,mult(y,x)))).  [para(45(a,1),16(a,2,2)),rewrite([162(2),16(3),162(9)])].
    new demodulator: 176.
kept:      177 ld(mult(mult(x,mult(y,x)),z),mult(mult(x,mult(y,x)),mult(z,u))) = ld(mult(x,mult(y,mult(x,z))),mult(mult(x,mult(y,x)),mult(z,u))).  [para(45(a,1),18(a,2,1)),rewrite([162(2),18(3),162(13)])].
    new demodulator: 177.
kept:      178 ld(mult(x,mult(y,mult(z,y))),mult(x,mult(mult(y,mult(z,y)),u))) = ld(mult(x,mult(y,mult(z,y))),mult(x,mult(y,mult(z,mult(y,u))))).  [para(45(a,1),18(a,2,2,2)),rewrite([162(2),18(3),162(10)])].
    new demodulator: 178.
kept:      179 ld(mult(mult(x,mult(y,x)),z),mult(x,mult(y,mult(x,mult(z,u))))) = ld(mult(x,mult(y,mult(x,z))),mult(mult(x,mult(y,x)),mult(z,u))).  [para(45(a,1),18(a,2,2)),rewrite([162(2),18(3),177(8),162(10)]),flip(a)].
    new demodulator: 179.
kept:      180 rd(mult(mult(mult(x,mult(y,x)),z),u),mult(z,u)) = rd(mult(mult(x,mult(y,mult(x,z))),u),mult(z,u)).  [para(45(a,1),20(a,2,1,1)),rewrite([162(2),20(3)])].
    new demodulator: 180.
kept:      181 rd(mult(mult(x,mult(y,x)),z),mult(x,z)) = rd(mult(x,mult(y,mult(x,z))),mult(x,z)).  [para(45(a,1),20(a,2,1)),rewrite([20(2),162(2)])].
    new demodulator: 181.
kept:      182 rd(mult(mult(x,mult(y,mult(z,y))),u),mult(mult(y,mult(z,y)),u)) = rd(mult(mult(x,mult(y,mult(z,y))),u),mult(y,mult(z,mult(y,u)))).  [para(45(a,1),20(a,2,2)),rewrite([162(2),20(3),162(10)])].
    new demodulator: 182.
kept:      183 ld(x,mult(mult(y,mult(z,y)),x)) = ld(x,mult(y,mult(z,mult(y,x)))).  [para(45(a,1),22(a,2,2)),rewrite([162(2),22(3)])].
    new demodulator: 183.
kept:      184 ld(mult(x,mult(y,mult(z,mult(y,u)))),mult(mult(x,mult(y,mult(z,y))),u)) != e | ld(mult(x,mult(y,mult(z,y))),mult(x,mult(y,mult(z,mult(y,u))))) = u.  [para(45(a,1),24(a,1,1,2)),rewrite([162(6),162(13),162(16),178(19)])].
kept:      185 ld(mult(x,mult(y,mult(x,mult(z,u)))),mult(mult(mult(x,mult(y,x)),z),u)) != e | ld(mult(x,mult(y,mult(x,z))),mult(mult(x,mult(y,x)),mult(z,u))) = u.  [para(45(a,1),24(a,1,1)),rewrite([162(6),162(13),162(16),177(19)])].
kept:      186 ld(mult(mult(x,y),mult(x,z)),mult(x,mult(y,mult(x,z)))) != e | ld(mult(x,mult(y,x)),mult(mult(x,y),mult(x,z))) = z.  [para(45(a,1),24(a,1,2)),rewrite([162(11)])].
kept:      187 ld(mult(x,mult(y,mult(x,z))),mult(mult(x,mult(y,x)),mult(z,u))) != u | ld(mult(x,mult(y,mult(x,mult(z,u)))),mult(mult(mult(x,mult(y,x)),z),u)) = e.  [para(45(a,1),26(a,1,1)),rewrite([162(5),162(11),162(15),172(18)])].
kept:      188 ld(mult(x,mult(y,mult(z,y))),mult(x,mult(y,mult(z,mult(y,u))))) != u | ld(mult(x,mult(y,mult(z,mult(y,u)))),mult(mult(x,mult(y,mult(z,y))),u)) = e.  [para(45(a,1),26(a,1,2,2)),rewrite([162(2),162(11),162(15),171(18)])].
kept:      189 ld(x,mult(y,mult(z,mult(y,x)))) != mult(y,mult(z,y)) | ld(mult(y,mult(z,y)),mult(x,mult(y,mult(z,y)))) = x.  [para(45(a,1),28(a,1,2)),rewrite([162(6),162(9),162(11)])].
kept:      190 ld(x,mult(y,mult(z,mult(y,x)))) != mult(y,mult(z,y)) | ld(mult(x,mult(y,mult(z,y))),mult(y,mult(z,mult(y,x)))) = e.  [para(45(a,1),30(a,1,2)),rewrite([162(6),162(9),162(12),176(14)])].
kept:      191 ld(mult(x,mult(y,mult(x,z))),mult(z,mult(x,mult(y,x)))) != e | ld(mult(x,mult(y,x)),mult(z,mult(x,mult(y,x)))) = z.  [para(45(a,1),32(a,1,1)),rewrite([162(5),162(11),162(13)])].
kept:      192 ld(mult(x,mult(y,mult(z,y))),mult(y,mult(z,mult(y,x)))) != e | ld(x,mult(y,mult(z,mult(y,x)))) = mult(y,mult(z,y)).  [para(45(a,1),32(a,1,2)),rewrite([162(2),162(11),183(13),162(15)])].
kept:      193 ld(x,mult(ld(y,mult(z,mult(u,mult(z,y)))),x)) = ld(y,mult(ld(x,mult(z,mult(u,mult(z,x)))),y)).  [para(45(a,1),34(a,1,2,1,2)),rewrite([162(8),183(10)])].
kept:      194 ld(mult(x,mult(y,mult(x,z))),mult(mult(x,mult(y,x)),mult(z,ld(u,mult(w,u))))) = ld(u,mult(ld(mult(x,mult(y,mult(x,z))),mult(mult(x,mult(y,x)),mult(z,w))),u)).  [para(45(a,1),36(a,1,1)),rewrite([162(5),162(12),162(15),177(18)])].
kept:      195 ld(mult(x,y),mult(x,mult(y,ld(z,mult(u,mult(w,mult(u,z))))))) = ld(z,mult(ld(mult(x,y),mult(x,mult(y,mult(u,mult(w,u))))),z)).  [para(45(a,1),36(a,1,2,2,2,2)),rewrite([162(11)])].
kept:      196 ld(mult(x,mult(y,mult(z,y))),mult(x,mult(y,mult(z,mult(y,ld(u,mult(w,u))))))) = ld(u,mult(ld(mult(x,mult(y,mult(z,y))),mult(x,mult(y,mult(z,mult(y,w))))),u)).  [para(45(a,1),36(a,1,2,2)),rewrite([162(2),162(12),162(15),178(18)])].
kept:      197 rd(mult(mult(ld(x,mult(y,mult(z,mult(y,x)))),u),w),mult(u,w)) = ld(x,mult(rd(mult(mult(y,mult(z,mult(y,u))),w),mult(u,w)),x)).  [para(45(a,1),38(a,1,1,1,1,2)),rewrite([162(10),180(14)])].
    new demodulator: 197.
kept:      198 rd(mult(mult(ld(x,mult(y,x)),mult(z,mult(u,z))),w),mult(z,mult(u,mult(z,w)))) = ld(x,mult(rd(mult(mult(y,mult(z,mult(u,z))),w),mult(z,mult(u,mult(z,w)))),x)).  [para(45(a,1),38(a,1,2)),rewrite([162(4),162(12),162(16),182(18)])].
    new demodulator: 198.
kept:      199 ld(mult(x,mult(y,mult(x,z))),mult(mult(x,mult(y,x)),mult(z,ld(mult(u,w),mult(u,mult(w,v5)))))) = ld(mult(u,w),mult(u,mult(w,ld(mult(x,mult(y,mult(x,z))),mult(mult(x,mult(y,x)),mult(z,v5)))))).  [para(45(a,1),42(a,1,1)),rewrite([162(5),162(15),162(18),177(21)])].
kept:      200 ld(mult(x,mult(y,mult(z,y))),mult(x,mult(y,mult(z,mult(y,ld(mult(u,w),mult(u,mult(w,v5)))))))) = ld(mult(u,w),mult(u,mult(w,ld(mult(x,mult(y,mult(z,y))),mult(x,mult(y,mult(z,mult(y,v5)))))))).  [para(45(a,1),42(a,1,2,2,2,2,2)),rewrite([162(3),162(14),162(17),178(24)]),flip(a)].
kept:      201 rd(mult(mult(rd(mult(mult(x,mult(y,mult(x,z))),u),mult(z,u)),w),v5),mult(w,v5)) = rd(mult(mult(rd(mult(mult(x,mult(y,mult(x,w))),v5),mult(w,v5)),z),u),mult(z,u)).  [para(45(a,1),44(a,1,1,1,1,1,1)),rewrite([162(12),180(16)])].
kept:      202 rd(mult(mult(rd(mult(mult(mult(x,y),z),u),mult(z,u)),x),w),mult(x,w)) = rd(mult(mult(rd(mult(x,mult(y,mult(x,w))),mult(x,w)),z),u),mult(z,u)).  [para(45(a,1),44(a,1,1,1,1,1)),flip(a)].
kept:      203 rd(mult(mult(rd(mult(mult(x,mult(y,mult(z,y))),u),mult(y,mult(z,mult(y,u)))),w),v5),mult(w,v5)) = rd(mult(mult(rd(mult(mult(x,w),v5),mult(w,v5)),mult(y,mult(z,y))),u),mult(y,mult(z,mult(y,u)))).  [para(45(a,1),44(a,1,1,1,1,2)),rewrite([162(2),162(18),162(22),182(24)])].
kept:      204 mult(mult(mult(x,mult(y,mult(x,z))),mult(x,mult(y,x))),u) = mult(mult(x,mult(y,x)),mult(z,mult(mult(x,mult(y,x)),u))).  [para(45(a,1),45(a,1,1,1)),rewrite([162(5),162(9),162(11)])].
    new demodulator: 204.
kept:      205 mult(mult(x,mult(y,mult(x,mult(x,y)))),z) = mult(mult(x,y),mult(x,mult(mult(x,y),z))).  [para(45(a,1),45(a,1,1))].
    new demodulator: 205.
kept:      206 mult(mult(mult(x,mult(y,x)),mult(z,mult(x,mult(y,x)))),u) = mult(mult(x,mult(y,x)),mult(z,mult(x,mult(y,mult(x,u))))).  [para(45(a,1),45(a,2,2,2)),rewrite([162(2),162(5),162(6),162(9)])].
    new demodulator: 206.
kept:      207 mult(mult(x,mult(mult(y,mult(z,y)),x)),u) = mult(x,mult(y,mult(z,mult(y,mult(x,u))))).  [para(45(a,1),45(a,2,2)),rewrite([162(2),162(4)])].
    new demodulator: 207.
kept:      208 mult(mult(x,mult(y,x)),mult(z,mult(x,mult(y,mult(x,u))))) = mult(x,mult(y,mult(x,mult(z,mult(mult(x,mult(y,x)),u))))).  [para(45(a,1),45(a,2)),rewrite([162(2),162(5),162(6),206(7),162(9)])].
    starting back demodulation with 161.
        161 back demodulating 80.
    starting back demodulation with 162.
        162 back demodulating 45.
kept:      209 mult(mult(x,mult(y,x)),z) = mult(x,mult(y,mult(x,z))).  [back_rewrite(45),rewrite([162(2)])].
    new demodulator: 209.
    starting back demodulation with 163.
    starting back demodulation with 164.
    starting back demodulation with 165.
    starting back demodulation with 166.
    starting back demodulation with 167.
    starting back demodulation with 168.
    starting back demodulation with 169.
    starting back demodulation with 170.
    starting back demodulation with 171.
    starting back demodulation with 172.
    starting back demodulation with 173.
    starting back demodulation with 174.
    starting back demodulation with 175.
    starting back demodulation with 176.
    starting back demodulation with 177.
    starting back demodulation with 178.
    starting back demodulation with 179.
    starting back demodulation with 180.
    starting back demodulation with 181.
    starting back demodulation with 182.
    starting back demodulation with 183.
    starting back demodulation with 197.
    starting back demodulation with 198.
    starting back demodulation with 204.
    starting back demodulation with 205.
    starting back demodulation with 206.
    starting back demodulation with 207.
    starting back demodulation with 209.
        209 back demodulating 208.
        209 back demodulating 207.
kept:      210 mult(mult(x,mult(y,mult(z,mult(y,x)))),u) = mult(x,mult(y,mult(z,mult(y,mult(x,u))))).  [back_rewrite(207),rewrite([209(3)])].
    new demodulator: 210.
        209 back demodulating 206.
kept:      211 mult(mult(x,mult(y,mult(x,mult(z,mult(x,mult(y,x)))))),u) = mult(x,mult(y,mult(x,mult(z,mult(x,mult(y,mult(x,u))))))).  [back_rewrite(206),rewrite([209(6),209(14)])].
    new demodulator: 211.
        209 back demodulating 204.
kept:      212 mult(mult(mult(x,mult(y,mult(x,z))),mult(x,mult(y,x))),u) = mult(x,mult(y,mult(x,mult(z,mult(x,mult(y,mult(x,u))))))).  [back_rewrite(204),rewrite([209(12),209(14)])].
    new demodulator: 212.
        209 back demodulating 199.
kept:      213 ld(mult(x,mult(y,mult(x,z))),mult(x,mult(y,mult(x,mult(z,ld(mult(u,w),mult(u,mult(w,v5)))))))) = ld(mult(u,w),mult(u,mult(w,ld(mult(x,mult(y,mult(x,z))),mult(x,mult(y,mult(x,mult(z,v5)))))))).  [back_rewrite(199),rewrite([209(11),209(20)])].
        209 back demodulating 194.
kept:      214 ld(mult(x,mult(y,mult(x,z))),mult(x,mult(y,mult(x,mult(z,ld(u,mult(w,u))))))) = ld(u,mult(ld(mult(x,mult(y,mult(x,z))),mult(x,mult(y,mult(x,mult(z,w))))),u)).  [back_rewrite(194),rewrite([209(9),209(17)])].
        209 back demodulating 187.
kept:      215 ld(mult(x,mult(y,mult(x,z))),mult(x,mult(y,mult(x,mult(z,u))))) != u | ld(mult(x,mult(y,mult(x,mult(z,u)))),mult(mult(x,mult(y,mult(x,z))),u)) = e.  [back_rewrite(187),rewrite([209(7),209(16)])].
        209 back demodulating 185.
kept:      216 ld(mult(x,mult(y,mult(x,mult(z,u)))),mult(mult(x,mult(y,mult(x,z))),u)) != e | ld(mult(x,mult(y,mult(x,z))),mult(x,mult(y,mult(x,mult(z,u))))) = u.  [back_rewrite(185),rewrite([209(7),209(18)])].
        209 back demodulating 183.
        209 back demodulating 182.
        209 back demodulating 181.
        209 back demodulating 180.
        209 back demodulating 179.
        209 back demodulating 178.
        209 back demodulating 177.
        209 back demodulating 176.
        209 back demodulating 175.
        209 back demodulating 174.
        209 back demodulating 173.
        209 back demodulating 172.
        209 back demodulating 171.
        209 back demodulating 170.
        209 back demodulating 169.
        209 back demodulating 166.
    starting back demodulation with 210.
    starting back demodulation with 211.
    starting back demodulation with 212.

given #24 (I,wt=15): 46 mult(mult(x,mult(x,y)),z) = mult(x,mult(x,mult(y,z))).  [assumption].
kept:      217 ld(mult(x,mult(x,y)),mult(x,mult(x,mult(y,z)))) = z.  [para(46(a,1),9(a,1,2))].
    new demodulator: 217.
kept:      218 mult(x,mult(x,mult(y,ld(mult(x,mult(x,y)),z)))) = z.  [para(46(a,1),10(a,1))].
    new demodulator: 218.
kept:      219 mult(x,mult(x,mult(ld(x,y),z))) = mult(mult(x,y),z).  [para(10(a,1),46(a,1,1,2)),flip(a)].
    new demodulator: 219.
kept:      220 rd(mult(x,mult(x,mult(y,z))),z) = mult(x,mult(x,y)).  [para(46(a,1),11(a,1,1))].
    new demodulator: 220.
kept:      221 mult(mult(rd(x,y),x),z) = mult(rd(x,y),mult(rd(x,y),mult(y,z))).  [para(12(a,1),46(a,1,1,2))].
    new demodulator: 221.
kept:      222 ld(mult(x,mult(y,mult(y,mult(z,u)))),mult(mult(x,mult(y,mult(y,z))),u)) != e | ld(mult(x,mult(y,mult(y,z))),mult(x,mult(y,mult(y,mult(z,u))))) = u.  [para(46(a,1),24(a,1,1,2)),rewrite([46(17)])].
kept:      223 ld(mult(x,mult(x,mult(y,mult(z,u)))),mult(x,mult(x,mult(mult(y,z),u)))) != e | ld(mult(x,mult(x,mult(y,z))),mult(x,mult(x,mult(y,mult(z,u))))) = u.  [para(46(a,1),24(a,1,1)),rewrite([46(7),46(8),46(14),46(18)])].
kept:      224 ld(mult(x,mult(mult(x,y),z)),mult(x,mult(x,mult(y,z)))) != e | ld(mult(x,mult(x,y)),mult(x,mult(mult(x,y),z))) = z.  [para(46(a,1),24(a,1,2))].
kept:      225 ld(mult(x,mult(x,mult(y,z))),mult(x,mult(x,mult(y,mult(z,u))))) != u | ld(mult(x,mult(x,mult(y,mult(z,u)))),mult(x,mult(x,mult(mult(y,z),u)))) = e.  [para(46(a,1),26(a,1,1)),rewrite([46(7),46(13),46(16),46(17)])].
kept:      226 ld(mult(x,mult(y,mult(y,z))),mult(x,mult(y,mult(y,mult(z,u))))) != u | ld(mult(x,mult(y,mult(y,mult(z,u)))),mult(mult(x,mult(y,mult(y,z))),u)) = e.  [para(46(a,1),26(a,1,2,2)),rewrite([46(12)])].
kept:      227 ld(x,mult(y,mult(y,mult(z,x)))) != mult(y,mult(y,z)) | ld(mult(y,mult(y,z)),mult(x,mult(y,mult(y,z)))) = x.  [para(46(a,1),28(a,1,2))].
kept:      228 ld(x,mult(y,mult(y,mult(z,x)))) != mult(y,mult(y,z)) | ld(mult(x,mult(y,mult(y,z))),mult(y,mult(y,mult(z,x)))) = e.  [para(46(a,1),30(a,1,2)),rewrite([46(13)])].
kept:      229 ld(mult(x,mult(x,mult(y,z))),mult(z,mult(x,mult(x,y)))) != e | ld(mult(x,mult(x,y)),mult(z,mult(x,mult(x,y)))) = z.  [para(46(a,1),32(a,1,1))].
kept:      230 ld(mult(x,mult(y,mult(y,z))),mult(y,mult(y,mult(z,x)))) != e | ld(x,mult(y,mult(y,mult(z,x)))) = mult(y,mult(y,z)).  [para(46(a,1),32(a,1,2)),rewrite([46(12)])].
kept:      231 ld(x,mult(ld(y,mult(z,mult(z,mult(u,y)))),x)) = ld(y,mult(ld(x,mult(z,mult(z,mult(u,x)))),y)).  [para(46(a,1),34(a,1,2,1,2)),rewrite([46(9)])].
kept:      232 ld(mult(x,mult(x,mult(y,z))),mult(x,mult(x,mult(y,mult(z,ld(u,mult(w,u))))))) = ld(u,mult(ld(mult(x,mult(x,mult(y,z))),mult(x,mult(x,mult(y,mult(z,w))))),u)).  [para(46(a,1),36(a,1,1)),rewrite([46(9),46(13),46(17)])].
kept:      233 ld(mult(x,y),mult(x,mult(y,ld(z,mult(u,mult(u,mult(w,z))))))) = ld(z,mult(ld(mult(x,y),mult(x,mult(y,mult(u,mult(u,w))))),z)).  [para(46(a,1),36(a,1,2,2,2,2))].
kept:      234 ld(mult(x,mult(y,mult(y,z))),mult(x,mult(y,mult(y,mult(z,ld(u,mult(w,u))))))) = ld(u,mult(ld(mult(x,mult(y,mult(y,z))),mult(x,mult(y,mult(y,mult(z,w))))),u)).  [para(46(a,1),36(a,1,2,2)),rewrite([46(16)])].
kept:      235 rd(mult(mult(ld(x,mult(y,mult(y,mult(z,x)))),u),w),mult(u,w)) = ld(x,mult(rd(mult(y,mult(y,mult(mult(z,u),w))),mult(u,w)),x)).  [para(46(a,1),38(a,1,1,1,1,2)),rewrite([46(11),46(12)])].
    new demodulator: 235.
kept:      236 ld(x,mult(rd(mult(mult(y,mult(ld(x,mult(y,x)),z)),u),mult(mult(ld(x,mult(y,x)),z),u)),x)) = rd(mult(ld(x,mult(y,x)),mult(ld(x,mult(y,x)),mult(z,u))),mult(mult(ld(x,mult(y,x)),z),u)).  [para(46(a,1),38(a,1,1)),flip(a)].
    new demodulator: 236.
kept:      237 rd(mult(mult(ld(x,mult(y,x)),mult(z,mult(z,u))),w),mult(z,mult(z,mult(u,w)))) = ld(x,mult(rd(mult(mult(y,mult(z,mult(z,u))),w),mult(z,mult(z,mult(u,w)))),x)).  [para(46(a,1),38(a,1,2)),rewrite([46(17)])].
    new demodulator: 237.
kept:      238 ld(mult(x,mult(x,mult(y,z))),mult(x,mult(x,mult(y,mult(z,ld(mult(u,w),mult(u,mult(w,v5)))))))) = ld(mult(u,w),mult(u,mult(w,ld(mult(x,mult(x,mult(y,z))),mult(x,mult(x,mult(y,mult(z,v5)))))))).  [para(46(a,1),42(a,1,1)),rewrite([46(11),46(16),46(20)])].
kept:      239 ld(mult(x,mult(y,mult(y,z))),mult(x,mult(y,mult(y,mult(z,ld(mult(u,w),mult(u,mult(w,v5)))))))) = ld(mult(u,w),mult(u,mult(w,ld(mult(x,mult(y,mult(y,z))),mult(x,mult(y,mult(y,mult(z,v5)))))))).  [para(46(a,1),42(a,1,2,2,2,2,2)),rewrite([46(22)]),flip(a)].
kept:      240 rd(mult(mult(rd(mult(x,mult(x,mult(mult(y,z),u))),mult(z,u)),w),v5),mult(w,v5)) = rd(mult(mult(rd(mult(x,mult(x,mult(mult(y,w),v5))),mult(w,v5)),z),u),mult(z,u)).  [para(46(a,1),44(a,1,1,1,1,1,1)),rewrite([46(4),46(13),46(14)])].
kept:      241 rd(mult(mult(rd(mult(mult(x,y),z),mult(y,z)),mult(x,u)),w),mult(mult(x,u),w)) = rd(mult(mult(rd(mult(x,mult(x,mult(u,w))),mult(mult(x,u),w)),y),z),mult(y,z)).  [para(46(a,1),44(a,1,1,1,1,1)),flip(a)].
kept:      242 rd(mult(mult(rd(mult(mult(x,mult(y,mult(y,z))),u),mult(y,mult(y,mult(z,u)))),w),v5),mult(w,v5)) = rd(mult(mult(rd(mult(mult(x,w),v5),mult(w,v5)),mult(y,mult(y,z))),u),mult(y,mult(y,mult(z,u)))).  [para(46(a,1),44(a,1,1,1,1,2)),rewrite([46(23)])].
kept:      243 rd(mult(mult(rd(mult(mult(x,mult(rd(mult(mult(x,y),z),mult(y,z)),u)),w),mult(mult(rd(mult(mult(x,y),z),mult(y,z)),u),w)),y),z),mult(y,z)) = rd(mult(rd(mult(mult(x,y),z),mult(y,z)),mult(rd(mult(mult(x,y),z),mult(y,z)),mult(u,w))),mult(mult(rd(mult(mult(x,y),z),mult(y,z)),u),w)).  [para(46(a,1),44(a,1,1)),flip(a)].
    new demodulator: 243.
kept:      244 mult(x,mult(x,mult(mult(y,mult(x,mult(x,mult(y,z)))),u))) = mult(x,mult(x,mult(y,mult(x,mult(x,mult(y,mult(z,u))))))).  [para(46(a,1),46(a,1,1,2)),rewrite([46(6),46(7),46(13),46(14)])].
    new demodulator: 244.
    starting back demodulation with 217.
    starting back demodulation with 218.
    starting back demodulation with 219.
    starting back demodulation with 220.
    starting back demodulation with 221.
    starting back demodulation with 235.
    starting back demodulation with 236.
    starting back demodulation with 237.
    starting back demodulation with 243.
    starting back demodulation with 244.

given #25 (I,wt=25): 48 mult(ld(c1,rd(c2,c1)),c3) != mult(ld(c1,e),mult(c1,mult(ld(c1,e),mult(c2,mult(ld(c1,e),c3))))).  [copy(47),rewrite([10(23)])].

given #26 (A,wt=5): 49 ld(e,x) = x.  [para(7(a,1),9(a,1,2))].

given #27 (T,wt=5): 50 ld(x,x) = e.  [para(8(a,1),9(a,1,2))].

given #28 (T,wt=5): 51 rd(x,x) = e.  [para(7(a,1),11(a,1,1))].

given #29 (T,wt=5): 52 rd(x,e) = x.  [para(8(a,1),11(a,1,1))].

given #30 (T,wt=7): 53 rd(x,ld(y,x)) = y.  [para(10(a,1),11(a,1,1))].
kept:      245 rd(mult(ld(x,mult(y,x)),z),ld(x,mult(ld(z,mult(y,z)),x))) = z.  [para(34(a,1),53(a,1,2))].
    new demodulator: 245.
kept:      246 rd(mult(x,mult(y,ld(z,mult(u,z)))),ld(z,mult(ld(mult(x,y),mult(x,mult(y,u))),z))) = mult(x,y).  [para(36(a,1),53(a,1,2))].
    new demodulator: 246.
kept:      247 rd(mult(ld(mult(x,y),mult(x,mult(y,z))),u),ld(mult(x,y),mult(x,mult(y,ld(u,mult(z,u)))))) = u.  [para(36(a,2),53(a,1,2))].
    new demodulator: 247.
kept:      248 rd(mult(x,mult(y,ld(mult(z,u),mult(z,mult(u,w))))),ld(mult(z,u),mult(z,mult(u,ld(mult(x,y),mult(x,mult(y,w))))))) = mult(x,y).  [para(42(a,1),53(a,1,2))].
    new demodulator: 248.
    starting back demodulation with 245.
    starting back demodulation with 246.
    starting back demodulation with 247.
    starting back demodulation with 248.

given #31 (A,wt=7): 54 ld(rd(x,y),x) = y.  [para(12(a,1),9(a,1,2))].
kept:      249 ld(ld(x,mult(rd(mult(mult(y,z),u),mult(z,u)),x)),mult(mult(ld(x,mult(y,x)),z),u)) = mult(z,u).  [para(38(a,1),54(a,1,1))].
    new demodulator: 249.
kept:      250 ld(rd(mult(mult(rd(mult(mult(x,y),z),mult(y,z)),u),w),mult(u,w)),mult(mult(rd(mult(mult(x,u),w),mult(u,w)),y),z)) = mult(y,z).  [para(44(a,1),54(a,1,1))].
    new demodulator: 250.
    starting back demodulation with 249.
    starting back demodulation with 250.

given #32 (T,wt=11): 161 mult(mult(x,x),y) = mult(x,mult(x,y)).  [para(7(a,1),45(a,2,2)),rewrite([8(2)])].
kept:      251 ld(mult(x,x),mult(x,mult(x,y))) = y.  [para(161(a,1),9(a,1,2))].
    new demodulator: 251.
kept:      252 mult(x,mult(x,ld(mult(x,x),y))) = y.  [para(161(a,1),10(a,1))].
    new demodulator: 252.
kept:      253 rd(mult(x,mult(x,y)),y) = mult(x,x).  [para(161(a,1),11(a,1,1))].
    new demodulator: 253.
kept:      254 ld(mult(x,mult(y,mult(y,z))),mult(mult(x,mult(y,y)),z)) != e | ld(mult(x,mult(y,y)),mult(x,mult(y,mult(y,z)))) = z.  [para(161(a,1),24(a,1,1,2)),rewrite([161(13)])].
kept:      255 ld(mult(x,mult(y,y)),mult(x,mult(y,mult(y,z)))) != z | ld(mult(x,mult(y,mult(y,z))),mult(mult(x,mult(y,y)),z)) = e.  [para(161(a,1),26(a,1,2,2)),rewrite([161(9)])].
kept:      256 ld(x,mult(y,mult(y,x))) != mult(y,y) | ld(mult(y,y),mult(x,mult(y,y))) = x.  [para(161(a,1),28(a,1,2))].
kept:      257 ld(x,mult(y,mult(y,x))) != mult(y,y) | ld(mult(x,mult(y,y)),mult(y,mult(y,x))) = e.  [para(161(a,1),30(a,1,2)),rewrite([161(9)])].
kept:      258 ld(mult(x,mult(x,y)),mult(y,mult(x,x))) != e | ld(mult(x,x),mult(y,mult(x,x))) = y.  [para(161(a,1),32(a,1,1))].
kept:      259 ld(mult(x,mult(y,y)),mult(y,mult(y,x))) != e | ld(x,mult(y,mult(y,x))) = mult(y,y).  [para(161(a,1),32(a,1,2)),rewrite([161(9)])].
kept:      260 ld(x,mult(ld(y,mult(z,mult(z,y))),x)) = ld(y,mult(ld(x,mult(z,mult(z,x))),y)).  [para(161(a,1),34(a,1,2,1,2)),rewrite([161(7)])].
kept:      261 ld(mult(x,y),mult(x,mult(y,ld(z,mult(u,mult(u,z)))))) = ld(z,mult(ld(mult(x,y),mult(x,mult(y,mult(u,u)))),z)).  [para(161(a,1),36(a,1,2,2,2,2))].
kept:      262 ld(mult(x,mult(y,y)),mult(x,mult(y,mult(y,ld(z,mult(u,z)))))) = ld(z,mult(ld(mult(x,mult(y,y)),mult(x,mult(y,mult(y,u)))),z)).  [para(161(a,1),36(a,1,2,2)),rewrite([161(12)])].
kept:      263 rd(mult(mult(ld(x,mult(y,mult(y,x))),z),u),mult(z,u)) = ld(x,mult(y,mult(y,x))).  [para(161(a,1),38(a,1,1,1,1,2)),rewrite([161(9),46(10),253(12),161(9)])].
    new demodulator: 263.
kept:      264 ld(x,mult(rd(mult(mult(y,ld(x,mult(y,x))),z),mult(ld(x,mult(y,x)),z)),x)) = ld(x,mult(y,x)).  [para(161(a,1),38(a,1,1)),rewrite([11(10)]),flip(a)].
    new demodulator: 264.
kept:      265 rd(mult(mult(ld(x,mult(y,x)),mult(z,z)),u),mult(z,mult(z,u))) = ld(x,mult(rd(mult(mult(y,mult(z,z)),u),mult(z,mult(z,u))),x)).  [para(161(a,1),38(a,1,2)),rewrite([161(13)])].
    new demodulator: 265.
kept:      266 ld(mult(x,mult(y,y)),mult(x,mult(y,mult(y,ld(mult(z,u),mult(z,mult(u,w))))))) = ld(mult(z,u),mult(z,mult(u,ld(mult(x,mult(y,y)),mult(x,mult(y,mult(y,w))))))).  [para(161(a,1),42(a,1,2,2,2,2,2)),rewrite([161(18)]),flip(a)].
kept:      267 rd(mult(mult(rd(mult(mult(x,y),z),mult(y,z)),x),u),mult(x,u)) = rd(mult(mult(x,y),z),mult(y,z)).  [para(161(a,1),44(a,1,1,1,1,1)),rewrite([11(4)]),flip(a)].
    new demodulator: 267.
kept:      268 rd(mult(mult(rd(mult(mult(x,mult(y,y)),z),mult(y,mult(y,z))),u),w),mult(u,w)) = rd(mult(mult(rd(mult(mult(x,u),w),mult(u,w)),mult(y,y)),z),mult(y,mult(y,z))).  [para(161(a,1),44(a,1,1,1,1,2)),rewrite([161(19)])].
kept:      269 rd(mult(mult(rd(mult(mult(x,rd(mult(mult(x,y),z),mult(y,z))),u),mult(rd(mult(mult(x,y),z),mult(y,z)),u)),y),z),mult(y,z)) = rd(mult(mult(x,y),z),mult(y,z)).  [para(161(a,1),44(a,1,1)),rewrite([11(16)]),flip(a)].
    new demodulator: 269.
kept:      270 mult(x,mult(x,mult(mult(y,mult(x,mult(x,y))),z))) = mult(x,mult(x,mult(y,mult(x,mult(x,mult(y,z)))))).  [para(46(a,1),161(a,1,1)),rewrite([46(6),46(11),46(12)])].
    new demodulator: 270.
    starting back demodulation with 251.
        251 back demodulating 146.
kept:      271 ld(mult(x,x),mult(ld(mult(y,z),mult(y,mult(z,x))),mult(x,x))) = ld(mult(y,z),mult(y,mult(z,x))).  [back_rewrite(146),rewrite([251(16)])].
    new demodulator: 271.
        251 back demodulating 145.
kept:      272 ld(mult(x,y),mult(x,mult(y,ld(z,mult(ld(mult(ld(z,mult(u,z)),ld(z,mult(u,z))),mult(u,mult(ld(z,mult(u,z)),ld(z,mult(u,z))))),z))))) = ld(mult(x,y),mult(x,mult(y,ld(z,mult(u,z))))).  [back_rewrite(145),rewrite([251(18)]),flip(a)].
    new demodulator: 272.
        251 back demodulating 143.
kept:      273 ld(mult(x,y),mult(x,mult(y,ld(mult(ld(mult(x,y),mult(x,mult(y,z))),ld(mult(x,y),mult(x,mult(y,z)))),mult(z,mult(ld(mult(x,y),mult(x,mult(y,z))),ld(mult(x,y),mult(x,mult(y,z))))))))) = ld(mult(x,y),mult(x,mult(y,z))).  [back_rewrite(143),rewrite([251(21)]),flip(a)].
    new demodulator: 273.
        251 back demodulating 133.
kept:      274 ld(mult(x,x),mult(rd(mult(mult(x,y),z),mult(y,z)),mult(x,x))) = rd(mult(mult(x,y),z),mult(y,z)).  [back_rewrite(133),rewrite([251(16)])].
    new demodulator: 274.
        251 back demodulating 132.
kept:      275 ld(x,mult(ld(mult(ld(x,mult(y,x)),ld(x,mult(y,x))),mult(rd(mult(mult(y,z),u),mult(z,u)),mult(ld(x,mult(y,x)),ld(x,mult(y,x))))),x)) = ld(x,mult(rd(mult(mult(y,z),u),mult(z,u)),x)).  [back_rewrite(132),rewrite([251(18)]),flip(a)].
    new demodulator: 275.
        251 back demodulating 111.
kept:      276 ld(x,mult(ld(y,mult(ld(mult(ld(y,mult(z,y)),ld(y,mult(z,y))),mult(z,mult(ld(y,mult(z,y)),ld(y,mult(z,y))))),y)),x)) = ld(x,mult(ld(y,mult(z,y)),x)).  [back_rewrite(111),rewrite([251(16)]),flip(a)].
    new demodulator: 276.
        251 back demodulating 109.
kept:      277 ld(mult(x,x),mult(ld(y,mult(x,y)),mult(x,x))) = ld(y,mult(x,y)).  [back_rewrite(109),rewrite([251(12)])].
    new demodulator: 277.
        251 back demodulating 106.
kept:      278 ld(x,mult(ld(mult(ld(x,mult(y,x)),ld(x,mult(y,x))),mult(y,mult(ld(x,mult(y,x)),ld(x,mult(y,x))))),x)) = ld(x,mult(y,x)).  [back_rewrite(106),rewrite([251(12)]),flip(a)].
    new demodulator: 278.
        251 back demodulating 99.
    starting back demodulation with 252.
    starting back demodulation with 253.
    starting back demodulation with 263.
    starting back demodulation with 264.
    starting back demodulation with 265.
    starting back demodulation with 267.
    starting back demodulation with 269.
    starting back demodulation with 270.
    starting back demodulation with 271.
    starting back demodulation with 272.
    starting back demodulation with 273.
    starting back demodulation with 274.
    starting back demodulation with 275.
    starting back demodulation with 276.
    starting back demodulation with 277.
    starting back demodulation with 278.
        278 back demodulating 276.
        278 back demodulating 272.

given #33 (T,wt=11): 162 mult(mult(x,y),x) = mult(x,mult(y,x)).  [para(45(a,1),8(a,1)),rewrite([8(2)]),flip(a)].
kept:      279 ld(mult(x,y),mult(x,mult(y,x))) = x.  [para(162(a,1),9(a,1,2))].
    new demodulator: 279.
kept:      280 mult(x,mult(ld(x,y),x)) = mult(y,x).  [para(10(a,1),162(a,1,1)),flip(a)].
    new demodulator: 280.
kept:      281 rd(mult(x,mult(y,x)),x) = mult(x,y).  [para(162(a,1),11(a,1,1))].
    new demodulator: 281.
kept:      282 mult(rd(x,y),mult(y,rd(x,y))) = mult(x,rd(x,y)).  [para(12(a,1),162(a,1,1)),flip(a)].
    new demodulator: 282.
kept:      283 ld(mult(x,mult(y,mult(z,y))),mult(mult(x,mult(y,z)),y)) != e | ld(mult(x,mult(y,z)),mult(x,mult(y,mult(z,y)))) = y.  [para(162(a,1),24(a,1,1,2)),rewrite([162(13)])].
kept:      284 ld(mult(mult(x,y),mult(z,mult(x,y))),mult(mult(mult(mult(x,y),z),x),y)) != e | ld(mult(mult(mult(x,y),z),x),mult(mult(x,y),mult(z,mult(x,y)))) = y.  [para(162(a,1),24(a,1,1)),rewrite([162(18)])].
kept:      285 ld(mult(x,mult(y,x)),mult(mult(x,y),mult(x,z))) != z | ld(mult(mult(x,y),mult(x,z)),mult(x,mult(y,mult(x,z)))) = e.  [para(162(a,1),26(a,1,1)),rewrite([162(12),209(13)])].
kept:      286 ld(mult(x,mult(y,z)),mult(x,mult(y,mult(z,y)))) != y | ld(mult(x,mult(y,mult(z,y))),mult(mult(x,mult(y,z)),y)) = e.  [para(162(a,1),26(a,1,2,2)),rewrite([162(9)])].
kept:      287 ld(mult(mult(mult(x,y),z),x),mult(mult(x,y),mult(z,mult(x,y)))) != y | ld(mult(mult(x,y),mult(z,mult(x,y))),mult(mult(mult(mult(x,y),z),x),y)) = e.  [para(162(a,1),26(a,1,2)),rewrite([162(13)])].
kept:      288 mult(x,y) != mult(y,x) | ld(mult(y,x),mult(y,mult(y,x))) = y.  [para(162(a,1),28(a,1,2)),rewrite([9(3)])].
kept:      289 mult(x,y) != mult(y,x) | ld(mult(y,mult(y,x)),mult(y,mult(x,y))) = e.  [para(162(a,1),30(a,1,2)),rewrite([9(3),162(7)])].
kept:      290 ld(mult(x,mult(y,x)),mult(x,mult(x,y))) != e | ld(mult(x,y),mult(x,mult(x,y))) = x.  [para(162(a,1),32(a,1,1))].
kept:      291 ld(mult(x,mult(x,y)),mult(x,mult(y,x))) != e | mult(y,x) = mult(x,y).  [para(162(a,1),32(a,1,2)),rewrite([162(9),9(10)])].
kept:      292 ld(x,mult(ld(y,mult(mult(x,z),y)),x)) = ld(y,mult(mult(z,x),y)).  [para(162(a,1),34(a,1,2,1,2)),rewrite([9(3)]),flip(a)].
kept:      293 ld(mult(x,mult(y,x)),mult(mult(x,y),mult(x,ld(z,mult(u,z))))) = ld(z,mult(ld(mult(x,mult(y,x)),mult(mult(x,y),mult(x,u))),z)).  [para(162(a,1),36(a,1,1)),rewrite([162(10)])].
kept:      294 ld(mult(x,y),mult(x,mult(y,mult(z,u)))) = ld(u,mult(ld(mult(x,y),mult(x,mult(y,mult(u,z)))),u)).  [para(162(a,1),36(a,1,2,2,2,2)),rewrite([9(4)])].
kept:      295 ld(x,mult(ld(mult(y,mult(ld(x,mult(z,x)),u)),mult(y,mult(mult(ld(x,mult(z,x)),u),z))),x)) = ld(mult(y,mult(ld(x,mult(z,x)),u)),mult(y,mult(ld(x,mult(z,x)),mult(u,ld(x,mult(z,x)))))).  [para(162(a,1),36(a,1,2,2)),flip(a)].
    new demodulator: 295.
kept:      296 ld(x,mult(ld(mult(mult(mult(y,ld(x,mult(z,x))),u),y),mult(mult(mult(y,ld(x,mult(z,x))),u),mult(y,z))),x)) = ld(mult(mult(mult(y,ld(x,mult(z,x))),u),y),mult(mult(y,ld(x,mult(z,x))),mult(u,mult(y,ld(x,mult(z,x)))))).  [para(162(a,1),36(a,1,2)),flip(a)].
    new demodulator: 296.
kept:      297 ld(mult(x,mult(y,z)),mult(x,mult(mult(y,z),ld(u,mult(y,u))))) = ld(u,mult(ld(mult(x,mult(y,z)),mult(x,mult(y,mult(z,y)))),u)).  [para(162(a,1),36(a,2,2,1,2,2))].
kept:      298 ld(mult(mult(mult(x,y),z),x),mult(mult(mult(x,y),z),mult(x,ld(u,mult(y,u))))) = ld(u,mult(ld(mult(mult(mult(x,y),z),x),mult(mult(x,y),mult(z,mult(x,y)))),u)).  [para(162(a,1),36(a,2,2,1,2))].
kept:      299 rd(mult(mult(mult(x,y),z),u),mult(z,u)) = ld(y,mult(rd(mult(mult(mult(y,x),z),u),mult(z,u)),y)).  [para(162(a,1),38(a,1,1,1,1,2)),rewrite([9(3)])].
kept:      300 ld(x,mult(rd(mult(mult(y,z),ld(x,mult(y,x))),mult(z,ld(x,mult(y,x)))),x)) = ld(x,mult(y,x)).  [para(162(a,1),38(a,1,1)),rewrite([11(10)]),flip(a)].
    new demodulator: 300.
kept:      301 rd(mult(mult(ld(x,mult(y,x)),mult(z,u)),z),mult(z,mult(u,z))) = ld(x,mult(rd(mult(mult(y,mult(z,u)),z),mult(z,mult(u,z))),x)).  [para(162(a,1),38(a,1,2)),rewrite([162(13)])].
    new demodulator: 301.
kept:      302 ld(mult(x,mult(y,x)),mult(mult(x,y),mult(x,ld(mult(z,u),mult(z,mult(u,w)))))) = ld(mult(z,u),mult(z,mult(u,ld(mult(x,mult(y,x)),mult(mult(x,y),mult(x,w)))))).  [para(162(a,1),42(a,1,1)),rewrite([162(13)])].
kept:      303 ld(mult(x,mult(y,z)),mult(x,mult(mult(y,z),ld(mult(u,w),mult(u,mult(w,y)))))) = ld(mult(u,w),mult(u,mult(w,ld(mult(x,mult(y,z)),mult(x,mult(y,mult(z,y))))))).  [para(162(a,1),42(a,1,2,2,2,2,2)),flip(a)].
kept:      304 ld(mult(mult(mult(x,y),z),x),mult(mult(mult(x,y),z),mult(x,ld(mult(u,w),mult(u,mult(w,y)))))) = ld(mult(u,w),mult(u,mult(w,ld(mult(mult(mult(x,y),z),x),mult(mult(x,y),mult(z,mult(x,y))))))).  [para(162(a,1),42(a,1,2,2,2,2)),flip(a)].
kept:      305 ld(mult(x,y),mult(x,mult(y,ld(mult(z,mult(ld(mult(x,y),mult(x,mult(y,u))),w)),mult(z,mult(mult(ld(mult(x,y),mult(x,mult(y,u))),w),u)))))) = ld(mult(z,mult(ld(mult(x,y),mult(x,mult(y,u))),w)),mult(z,mult(ld(mult(x,y),mult(x,mult(y,u))),mult(w,ld(mult(x,y),mult(x,mult(y,u))))))).  [para(162(a,1),42(a,1,2,2)),flip(a)].
    new demodulator: 305.
kept:      306 ld(mult(x,y),mult(x,mult(y,ld(mult(mult(mult(z,ld(mult(x,y),mult(x,mult(y,u)))),w),z),mult(mult(mult(z,ld(mult(x,y),mult(x,mult(y,u)))),w),mult(z,u)))))) = ld(mult(mult(mult(z,ld(mult(x,y),mult(x,mult(y,u)))),w),z),mult(mult(z,ld(mult(x,y),mult(x,mult(y,u)))),mult(w,mult(z,ld(mult(x,y),mult(x,mult(y,u))))))).  [para(162(a,1),42(a,1,2)),flip(a)].
    new demodulator: 306.
kept:      307 rd(mult(mult(rd(mult(mult(x,y),z),mult(y,z)),u),x),mult(u,x)) = rd(mult(mult(x,y),z),mult(y,z)).  [para(162(a,1),44(a,1,1,1,1,1)),rewrite([11(4)]),flip(a)].
    new demodulator: 307.
kept:      308 rd(mult(mult(rd(mult(mult(x,mult(y,z)),y),mult(y,mult(z,y))),u),w),mult(u,w)) = rd(mult(mult(rd(mult(mult(x,u),w),mult(u,w)),mult(y,z)),y),mult(y,mult(z,y))).  [para(162(a,1),44(a,1,1,1,1,2)),rewrite([162(19)])].
kept:      309 rd(mult(mult(rd(mult(mult(x,y),rd(mult(mult(x,z),u),mult(z,u))),mult(y,rd(mult(mult(x,z),u),mult(z,u)))),z),u),mult(z,u)) = rd(mult(mult(x,z),u),mult(z,u)).  [para(162(a,1),44(a,1,1)),rewrite([11(16)]),flip(a)].
    new demodulator: 309.
kept:      310 mult(mult(mult(x,y),mult(x,mult(y,x))),z) = mult(mult(x,y),mult(mult(x,y),mult(x,z))).  [para(162(a,1),46(a,1,1,2))].
    new demodulator: 310.
kept:      311 mult(x,mult(x,mult(mult(y,z),mult(x,mult(x,y))))) = mult(x,mult(x,mult(y,mult(z,mult(x,mult(x,y)))))).  [para(46(a,1),162(a,1,1)),rewrite([46(6),46(12)])].
    new demodulator: 311.
kept:      312 mult(mult(x,y),mult(x,mult(x,y))) = mult(x,mult(y,mult(x,mult(x,y)))).  [para(162(a,1),162(a,1,1)),rewrite([209(4)]),flip(a)].
    new demodulator: 312.
    starting back demodulation with 279.
    starting back demodulation with 280.
    starting back demodulation with 281.
    starting back demodulation with 282.
    starting back demodulation with 295.
    starting back demodulation with 296.
    starting back demodulation with 300.
    starting back demodulation with 301.
    starting back demodulation with 305.
    starting back demodulation with 306.
    starting back demodulation with 307.
    starting back demodulation with 309.
    starting back demodulation with 310.
    starting back demodulation with 311.
    starting back demodulation with 312.

given #34 (T,wt=11): 251 ld(mult(x,x),mult(x,mult(x,y))) = y.  [para(161(a,1),9(a,1,2))].
kept:      313 ld(mult(x,x),mult(x,y)) = ld(x,y).  [para(10(a,1),251(a,1,2,2))].
    new demodulator: 313.
kept:      314 ld(mult(x,mult(x,mult(y,mult(x,mult(x,y))))),mult(x,mult(x,mult(y,mult(x,mult(x,mult(y,z))))))) = z.  [para(46(a,1),251(a,1,1)),rewrite([46(10),46(11)])].
    new demodulator: 314.
kept:      315 ld(mult(x,mult(x,mult(x,x))),mult(x,mult(x,mult(x,mult(x,y))))) = y.  [para(161(a,1),251(a,1,1)),rewrite([161(6),161(7)])].
    new demodulator: 315.
    starting back demodulation with 313.
        313 back demodulating 251.
    starting back demodulation with 314.
    starting back demodulation with 315.

given #35 (T,wt=11): 252 mult(x,mult(x,ld(mult(x,x),y))) = y.  [para(161(a,1),10(a,1))].
kept:      316 mult(x,ld(mult(x,x),y)) = ld(x,y).  [para(252(a,1),9(a,1,2)),flip(a)].
    new demodulator: 316.
kept:      317 mult(x,mult(x,ld(y,mult(ld(mult(x,x),mult(z,mult(x,x))),y)))) = mult(ld(y,mult(z,y)),mult(x,x)).  [para(34(a,1),252(a,1,2,2))].
    new demodulator: 317.
kept:      318 mult(x,mult(x,ld(mult(y,z),mult(y,mult(z,ld(mult(x,x),mult(u,mult(x,x)))))))) = mult(ld(mult(y,z),mult(y,mult(z,u))),mult(x,x)).  [para(36(a,2),252(a,1,2,2))].
    new demodulator: 318.
kept:      319 mult(x,mult(x,mult(ld(mult(x,x),y),z))) = mult(y,z).  [para(252(a,1),46(a,1,1)),flip(a)].
    new demodulator: 319.
kept:      320 mult(x,mult(x,mult(y,mult(x,mult(x,mult(y,ld(mult(x,mult(x,mult(y,mult(x,mult(x,y))))),z))))))) = z.  [para(252(a,1),46(a,1)),rewrite([46(7),46(9)]),flip(a)].
    new demodulator: 320.
kept:      321 mult(x,mult(x,mult(x,mult(x,ld(mult(x,mult(x,mult(x,x))),y))))) = y.  [para(252(a,1),161(a,1)),rewrite([161(4),161(6)]),flip(a)].
    new demodulator: 321.
    starting back demodulation with 316.
        316 back demodulating 252.
    starting back demodulation with 317.
    starting back demodulation with 318.
    starting back demodulation with 319.
    starting back demodulation with 320.
    starting back demodulation with 321.

given #36 (A,wt=24): 55 ld(mult(x,y),mult(mult(x,z),ld(z,y))) != e | ld(mult(x,z),mult(x,y)) = ld(z,y).  [para(10(a,1),24(a,1,1,2)),rewrite([10(10)])].
kept:      322 ld(x,mult(mult(x,y),ld(y,e))) != e | ld(mult(x,y),x) = ld(y,e).  [para(8(a,1),55(a,1,1)),rewrite([8(10)])].
kept:      323 ld(x,mult(mult(y,z),ld(z,ld(y,x)))) != e | ld(mult(y,z),x) = ld(z,ld(y,x)).  [para(10(a,1),55(a,1,1)),rewrite([10(10)])].
kept:      324 ld(mult(x,y),mult(z,ld(ld(x,z),y))) != e | ld(ld(x,z),y) = ld(z,mult(x,y)).  [para(10(a,1),55(a,1,2,1)),rewrite([10(9)]),flip(b)].
kept:      325 ld(x,mult(mult(rd(x,y),z),ld(z,y))) != e | ld(mult(rd(x,y),z),x) = ld(z,y).  [para(12(a,1),55(a,1,1)),rewrite([12(11)])].
kept:      326 ld(mult(rd(x,y),z),mult(x,ld(y,z))) != e | ld(x,mult(rd(x,y),z)) = ld(y,z).  [para(12(a,1),55(a,1,2,1)),rewrite([12(9)])].
kept:      327 ld(mult(x,mult(ld(y,mult(z,y)),u)),mult(mult(x,u),ld(y,mult(ld(u,mult(z,u)),y)))) != e | ld(mult(x,u),mult(x,mult(ld(y,mult(z,y)),u))) = ld(u,mult(ld(y,mult(z,y)),u)).  [para(34(a,1),55(a,1,2,2))].
kept:      328 ld(mult(x,mult(y,mult(z,ld(u,mult(w,u))))),mult(mult(x,mult(y,z)),ld(u,mult(ld(mult(y,z),mult(y,mult(z,w))),u)))) != e | ld(mult(x,mult(y,z)),mult(x,mult(y,mult(z,ld(u,mult(w,u)))))) = ld(mult(y,z),mult(y,mult(z,ld(u,mult(w,u))))).  [para(36(a,1),55(a,1,2,2))].
kept:      329 ld(mult(x,mult(ld(mult(y,z),mult(y,mult(z,u))),w)),mult(mult(x,w),ld(mult(y,z),mult(y,mult(z,ld(w,mult(u,w))))))) != e | ld(mult(x,w),mult(x,mult(ld(mult(y,z),mult(y,mult(z,u))),w))) = ld(w,mult(ld(mult(y,z),mult(y,mult(z,u))),w)).  [para(36(a,2),55(a,1,2,2))].
kept:      330 ld(mult(x,mult(y,mult(z,ld(mult(u,w),mult(u,mult(w,v5)))))),mult(mult(x,mult(y,z)),ld(mult(u,w),mult(u,mult(w,ld(mult(y,z),mult(y,mult(z,v5)))))))) != e | ld(mult(x,mult(y,z)),mult(x,mult(y,mult(z,ld(mult(u,w),mult(u,mult(w,v5))))))) = ld(mult(y,z),mult(y,mult(z,ld(mult(u,w),mult(u,mult(w,v5)))))).  [para(42(a,1),55(a,1,2,2))].
kept:      331 ld(mult(x,mult(x,mult(y,z))),mult(x,mult(x,mult(mult(y,u),ld(u,z))))) != e | ld(mult(x,mult(x,mult(y,u))),mult(x,mult(x,mult(y,z)))) = ld(u,z).  [para(46(a,1),55(a,1,1)),rewrite([46(6),46(8),46(14),46(17)])].
kept:      332 ld(mult(x,y),mult(x,mult(x,mult(z,ld(mult(x,z),y))))) != e | ld(mult(x,mult(x,z)),mult(x,y)) = ld(mult(x,z),y).  [para(46(a,1),55(a,1,2))].
kept:      333 ld(mult(x,mult(x,y)),mult(x,mult(x,z))) = ld(y,z).  [para(161(a,1),55(a,1,1)),rewrite([161(4),46(6),10(4),50(5),161(5),161(7)]),xx(a)].
    new demodulator: 333.
kept:      334 ld(mult(x,mult(y,x)),mult(mult(mult(x,y),z),ld(z,x))) != e | ld(mult(mult(x,y),z),mult(x,mult(y,x))) = ld(z,x).  [para(162(a,1),55(a,1,1)),rewrite([162(13)])].
kept:      335 ld(mult(mult(x,y),z),mult(x,mult(y,z))) != e | ld(mult(x,mult(y,x)),mult(mult(x,y),z)) = ld(x,z).  [para(162(a,1),55(a,1,2,1)),rewrite([209(6),10(4),162(9)])].
kept:      336 ld(mult(ld(x,y),x),mult(ld(x,y),y)) = ld(x,y).  [para(162(a,1),55(a,1,2)),rewrite([10(5),50(5)]),xx(a)].
    new demodulator: 336.
    starting back demodulation with 333.
        333 back demodulating 331.
        333 back demodulating 315.
        333 back demodulating 314.
kept:      337 ld(mult(x,mult(y,mult(y,x))),mult(x,mult(y,mult(y,mult(x,z))))) = z.  [back_rewrite(314),rewrite([333(12)])].
    new demodulator: 337.
        333 back demodulating 238.
        333 back demodulating 232.
        333 back demodulating 225.
        333 back demodulating 223.
        333 back demodulating 217.
    starting back demodulation with 336.
    starting back demodulation with 337.

given #37 (T,wt=11): 253 rd(mult(x,mult(x,y)),y) = mult(x,x).  [para(161(a,1),11(a,1,1))].
kept:      338 rd(mult(x,y),ld(x,y)) = mult(x,x).  [para(10(a,1),253(a,1,1,2))].
    new demodulator: 338.
kept:      339 rd(mult(rd(x,y),x),y) = mult(rd(x,y),rd(x,y)).  [para(12(a,1),253(a,1,1,2))].
    new demodulator: 339.
kept:      340 rd(mult(x,mult(x,mult(y,mult(x,mult(x,mult(y,z)))))),z) = mult(x,mult(x,mult(y,mult(x,mult(x,y))))).  [para(46(a,1),253(a,1,1,2)),rewrite([46(6),46(12)])].
    new demodulator: 340.
kept:      341 rd(mult(x,mult(x,mult(x,mult(x,y)))),y) = mult(x,mult(x,mult(x,x))).  [para(161(a,1),253(a,1,1,2)),rewrite([161(4),161(8)])].
    new demodulator: 341.
kept:      342 rd(mult(mult(x,y),mult(x,mult(y,x))),x) = mult(mult(x,y),mult(x,y)).  [para(162(a,1),253(a,1,1,2))].
    new demodulator: 342.
    starting back demodulation with 338.
    starting back demodulation with 339.
    starting back demodulation with 340.
    starting back demodulation with 341.
    starting back demodulation with 342.

given #38 (T,wt=11): 279 ld(mult(x,y),mult(x,mult(y,x))) = x.  [para(162(a,1),9(a,1,2))].
kept:      343 ld(mult(x,rd(y,x)),mult(x,y)) = x.  [para(12(a,1),279(a,1,2,2))].
    new demodulator: 343.
kept:      344 ld(x,mult(ld(mult(ld(x,mult(y,x)),z),mult(ld(x,mult(y,x)),mult(z,y))),x)) = ld(x,mult(y,x)).  [para(279(a,1),36(a,1)),flip(a)].
    new demodulator: 344.
kept:      345 ld(mult(x,y),mult(x,mult(y,ld(z,mult(x,z))))) = ld(z,mult(x,z)).  [para(279(a,1),36(a,2,2,1))].
    new demodulator: 345.
kept:      346 ld(mult(x,y),mult(x,mult(y,ld(mult(z,u),mult(z,mult(u,x)))))) = ld(mult(z,u),mult(z,mult(u,x))).  [para(279(a,1),42(a,1,2,2,2)),flip(a)].
    new demodulator: 346.
kept:      347 ld(mult(x,y),mult(x,mult(y,ld(mult(ld(mult(x,y),mult(x,mult(y,z))),u),mult(ld(mult(x,y),mult(x,mult(y,z))),mult(u,z)))))) = ld(mult(x,y),mult(x,mult(y,z))).  [para(279(a,1),42(a,1)),flip(a)].
    new demodulator: 347.
kept:      348 ld(mult(x,y),mult(x,mult(y,mult(z,mult(z,x))))) = mult(z,mult(z,x)).  [para(46(a,1),279(a,1,1)),rewrite([46(9),333(10)])].
    new demodulator: 348.
kept:      349 ld(mult(x,mult(y,mult(y,z))),mult(x,mult(y,mult(y,mult(z,x))))) = x.  [para(46(a,1),279(a,1,2,2))].
    new demodulator: 349.
kept:      350 ld(mult(x,mult(y,y)),mult(x,mult(y,mult(y,x)))) = x.  [para(161(a,1),279(a,1,2,2))].
    new demodulator: 350.
    starting back demodulation with 343.
    starting back demodulation with 344.
    starting back demodulation with 345.
    starting back demodulation with 346.
    starting back demodulation with 347.
    starting back demodulation with 348.
    starting back demodulation with 349.
    starting back demodulation with 350.

given #39 (T,wt=11): 280 mult(x,mult(ld(x,y),x)) = mult(y,x).  [para(10(a,1),162(a,1,1)),flip(a)].
kept:      351 ld(x,mult(y,x)) = mult(ld(x,y),x).  [para(280(a,1),9(a,1,2))].
    new demodulator: 351.
kept:      352 rd(mult(x,y),mult(ld(y,x),y)) = y.  [para(280(a,1),11(a,1,1))].
    new demodulator: 352.
kept:      353 ld(mult(x,mult(y,z)),mult(mult(x,z),mult(ld(z,y),z))) != e | ld(mult(x,z),mult(x,mult(y,z))) = mult(ld(z,y),z).  [para(280(a,1),24(a,1,1,2)),rewrite([280(13)])].
kept:      354 ld(mult(x,mult(mult(ld(x,y),x),z)),mult(mult(y,x),z)) != e | ld(mult(y,x),mult(x,mult(mult(ld(x,y),x),z))) = z.  [para(280(a,1),24(a,1,2,1)),rewrite([280(12)])].
kept:      355 ld(mult(x,mult(y,mult(ld(mult(x,y),z),mult(x,y)))),mult(z,mult(x,y))) != e | ld(mult(x,y),mult(x,mult(y,mult(ld(mult(x,y),z),mult(x,y))))) = mult(ld(mult(x,y),z),mult(x,y)).  [para(280(a,1),24(a,1,2))].
kept:      356 ld(mult(x,y),mult(y,mult(mult(ld(y,x),y),z))) != z | ld(mult(y,mult(mult(ld(y,x),y),z)),mult(mult(x,y),z)) = e.  [para(280(a,1),26(a,1,1)),rewrite([280(14)])].
kept:      357 ld(mult(x,y),mult(x,mult(z,y))) != mult(ld(y,z),y) | ld(mult(x,mult(z,y)),mult(mult(x,y),mult(ld(y,z),y))) = e.  [para(280(a,1),26(a,1,2,2)),rewrite([280(10)])].
kept:      358 ld(mult(ld(x,y),x),mult(y,x)) != x | mult(mult(ld(x,ld(x,y)),x),x) = mult(ld(x,y),x).  [para(280(a,1),28(a,1,2)),rewrite([351(9),351(8)])].
kept:      359 ld(mult(ld(x,y),x),mult(y,x)) != x | ld(mult(mult(ld(x,y),x),x),mult(y,x)) = e.  [para(280(a,1),30(a,1,2)),rewrite([280(11)])].
kept:      360 ld(mult(x,y),mult(mult(ld(y,x),y),y)) != e | mult(mult(ld(y,ld(y,x)),y),y) = mult(ld(y,x),y).  [para(280(a,1),32(a,1,1)),rewrite([351(11),351(10)])].
kept:      361 ld(mult(mult(ld(x,y),x),x),mult(y,x)) != e | ld(mult(ld(x,y),x),mult(y,x)) = x.  [para(280(a,1),32(a,1,2)),rewrite([280(12)])].
kept:      362 mult(ld(mult(ld(x,y),x),mult(ld(z,x),z)),mult(ld(x,y),x)) = mult(ld(z,ld(mult(ld(x,y),x),mult(y,x))),z).  [para(280(a,1),34(a,1,2,1,2)),rewrite([351(6),351(10),351(14)]),flip(a)].
kept:      363 ld(mult(ld(mult(ld(x,y),x),z),mult(ld(x,y),x)),mult(z,mult(ld(x,y),x))) = mult(ld(x,mult(ld(mult(ld(mult(ld(x,y),x),z),mult(ld(x,y),x)),y),mult(ld(mult(ld(x,y),x),z),mult(ld(x,y),x)))),x).  [para(280(a,1),34(a,1,2)),rewrite([351(2),351(5),351(8),351(12),351(15),351(18),351(21),351(24),351(26)])].
    new demodulator: 363.
kept:      364 mult(x,mult(mult(ld(y,mult(ld(x,z),x)),y),x)) = mult(mult(mult(ld(y,z),y),x),x).  [para(34(a,1),280(a,1,2,1)),rewrite([351(2),351(4),351(8)])].
    new demodulator: 364.
kept:      365 ld(mult(x,y),mult(y,mult(mult(ld(y,x),y),mult(ld(z,u),z)))) = mult(ld(z,ld(mult(x,y),mult(y,mult(mult(ld(y,x),y),u)))),z).  [para(280(a,1),36(a,1,1)),rewrite([351(5),280(11),351(16)])].
kept:      366 ld(mult(x,y),mult(x,mult(y,ld(mult(ld(z,u),z),mult(u,z))))) = mult(ld(mult(ld(z,u),z),ld(mult(x,y),mult(x,mult(y,z)))),mult(ld(z,u),z)).  [para(280(a,1),36(a,1,2,2,2,2)),rewrite([351(18)])].
kept:      367 mult(ld(x,ld(y,mult(mult(ld(x,z),x),mult(ld(mult(ld(x,z),x),y),z)))),x) = mult(ld(x,z),x).  [para(280(a,1),36(a,1,2)),rewrite([351(2),351(4),10(6),351(2),9(4),351(4),351(6),10(8),351(4),351(6),351(12)]),flip(a)].
    new demodulator: 367.
kept:      368 ld(mult(x,y),mult(x,mult(y,mult(ld(z,mult(ld(y,u),y)),z)))) = mult(ld(z,ld(mult(x,y),mult(x,mult(u,y)))),z).  [para(280(a,1),36(a,2,2,1,2,2)),rewrite([351(5),351(14)])].
kept:      369 ld(x,mult(y,mult(ld(y,x),mult(ld(z,y),z)))) = mult(ld(z,y),z).  [para(280(a,1),36(a,2,2,1,2)),rewrite([10(2),351(3),10(8),9(8),351(8)])].
    new demodulator: 369.
kept:      370 ld(mult(ld(ld(mult(x,y),mult(x,mult(y,z))),u),ld(mult(x,y),mult(x,mult(y,z)))),mult(u,ld(mult(x,y),mult(x,mult(y,z))))) = ld(mult(x,y),mult(x,mult(y,mult(ld(mult(ld(ld(mult(x,y),mult(x,mult(y,z))),u),ld(mult(x,y),mult(x,mult(y,z)))),z),mult(ld(ld(mult(x,y),mult(x,mult(y,z))),u),ld(mult(x,y),mult(x,mult(y,z)))))))).  [para(280(a,1),36(a,2,2)),rewrite([351(23)]),flip(a)].
    new demodulator: 370.
kept:      371 mult(mult(x,y),mult(mult(ld(z,ld(mult(x,y),mult(x,mult(y,u)))),z),mult(x,y))) = mult(mult(x,mult(y,mult(ld(z,u),z))),mult(x,y)).  [para(36(a,1),280(a,1,2,1)),rewrite([351(7),351(12)])].
    new demodulator: 371.
kept:      372 mult(x,mult(ld(mult(y,z),mult(y,mult(z,mult(ld(x,u),x)))),x)) = mult(mult(ld(mult(y,z),mult(y,mult(z,u))),x),x).  [para(36(a,2),280(a,1,2,1)),rewrite([351(3)])].
    new demodulator: 372.
kept:      373 rd(mult(mult(ld(mult(ld(x,y),x),mult(y,x)),z),u),mult(z,u)) = mult(ld(mult(ld(x,y),x),rd(mult(mult(x,z),u),mult(z,u))),mult(ld(x,y),x)).  [para(280(a,1),38(a,1,1,1,1,2)),rewrite([351(18)])].
    new demodulator: 373.
kept:      374 mult(ld(x,rd(mult(mult(y,mult(ld(mult(ld(x,y),x),z),mult(ld(x,y),x))),u),mult(mult(ld(mult(ld(x,y),x),z),mult(ld(x,y),x)),u))),x) = rd(mult(mult(z,mult(ld(x,y),x)),u),mult(mult(ld(mult(ld(x,y),x),z),mult(ld(x,y),x)),u)).  [para(280(a,1),38(a,1,1,1)),rewrite([351(2),351(6),351(9),351(14),351(17),351(22),351(25),351(30)]),flip(a)].
    new demodulator: 374.
kept:      375 mult(ld(x,rd(mult(mult(y,z),mult(ld(mult(mult(ld(x,y),x),z),u),mult(mult(ld(x,y),x),z))),mult(z,mult(ld(mult(mult(ld(x,y),x),z),u),mult(mult(ld(x,y),x),z))))),x) = rd(mult(u,mult(mult(ld(x,y),x),z)),mult(z,mult(ld(mult(mult(ld(x,y),x),z),u),mult(mult(ld(x,y),x),z)))).  [para(280(a,1),38(a,1,1)),rewrite([351(2),351(6),351(10),351(17),351(21),351(26),351(30),351(36)]),flip(a)].
    new demodulator: 375.
kept:      376 rd(mult(mult(mult(ld(x,y),x),z),mult(ld(z,u),z)),mult(u,z)) = mult(ld(x,rd(mult(mult(y,z),mult(ld(z,u),z)),mult(u,z))),x).  [para(280(a,1),38(a,1,2)),rewrite([351(2),280(15),351(16)])].
    new demodulator: 376.
kept:      377 rd(mult(mult(mult(ld(x,y),x),mult(ld(y,z),y)),u),mult(mult(ld(y,z),y),u)) = mult(ld(x,rd(mult(mult(z,y),u),mult(mult(ld(y,z),y),u))),x).  [para(280(a,1),38(a,2,2,1,1,1)),rewrite([351(2),351(18)])].
    new demodulator: 377.
kept:      378 rd(mult(mult(mult(ld(x,y),x),z),mult(ld(mult(y,z),u),mult(y,z))),mult(z,mult(ld(mult(y,z),u),mult(y,z)))) = mult(ld(x,rd(mult(u,mult(y,z)),mult(z,mult(ld(mult(y,z),u),mult(y,z))))),x).  [para(280(a,1),38(a,2,2,1,1)),rewrite([351(2),351(24)])].
    new demodulator: 378.
kept:      379 rd(mult(mult(mult(ld(mult(ld(rd(mult(mult(x,y),z),mult(y,z)),u),rd(mult(mult(x,y),z),mult(y,z))),x),mult(ld(rd(mult(mult(x,y),z),mult(y,z)),u),rd(mult(mult(x,y),z),mult(y,z)))),y),z),mult(y,z)) = ld(mult(ld(rd(mult(mult(x,y),z),mult(y,z)),u),rd(mult(mult(x,y),z),mult(y,z))),mult(u,rd(mult(mult(x,y),z),mult(y,z)))).  [para(280(a,1),38(a,2,2)),rewrite([351(22)])].
    new demodulator: 379.
kept:      380 ld(mult(x,y),mult(y,mult(mult(ld(y,x),y),ld(mult(z,u),mult(z,mult(u,w)))))) = ld(mult(z,u),mult(z,mult(u,ld(mult(x,y),mult(y,mult(mult(ld(y,x),y),w)))))).  [para(280(a,1),42(a,1,1)),rewrite([280(14)])].
kept:      381 ld(mult(x,y),mult(x,mult(y,ld(mult(z,u),mult(z,mult(w,u)))))) = ld(mult(z,u),mult(z,mult(u,ld(mult(x,y),mult(x,mult(y,mult(ld(u,w),u))))))).  [para(280(a,1),42(a,1,2,2,2,2,2))].
kept:      382 ld(x,mult(y,mult(ld(y,x),ld(mult(z,u),mult(z,mult(u,y)))))) = ld(mult(z,u),mult(z,mult(u,y))).  [para(280(a,1),42(a,1,2,2,2,2)),rewrite([10(3),9(3),10(6)]),flip(a)].
    new demodulator: 382.
kept:      383 ld(mult(x,y),mult(x,mult(y,ld(z,mult(ld(mult(x,y),mult(x,mult(y,u))),mult(ld(ld(mult(x,y),mult(x,mult(y,u))),z),u)))))) = ld(mult(x,y),mult(x,mult(y,u))).  [para(280(a,1),42(a,1,2)),rewrite([10(10),9(6),10(15)]),flip(a)].
    new demodulator: 383.
kept:      384 mult(mult(x,y),mult(ld(mult(z,u),mult(z,mult(u,ld(mult(x,y),mult(x,mult(y,w)))))),mult(x,y))) = mult(mult(x,mult(y,ld(mult(z,u),mult(z,mult(u,w))))),mult(x,y)).  [para(42(a,1),280(a,1,2,1))].
    new demodulator: 384.
kept:      385 rd(mult(mult(rd(mult(mult(x,y),z),mult(mult(ld(y,x),y),z)),u),w),mult(u,w)) = rd(mult(mult(rd(mult(mult(y,u),w),mult(u,w)),mult(ld(y,x),y)),z),mult(mult(ld(y,x),y),z)).  [para(280(a,1),44(a,1,1,1,1,1,1))].
kept:      386 rd(mult(mult(rd(mult(mult(x,y),z),mult(y,z)),u),mult(ld(mult(x,u),w),mult(x,u))),mult(u,mult(ld(mult(x,u),w),mult(x,u)))) = rd(mult(mult(rd(mult(w,mult(x,u)),mult(u,mult(ld(mult(x,u),w),mult(x,u)))),y),z),mult(y,z)).  [para(280(a,1),44(a,1,1,1,1,1)),flip(a)].
kept:      387 rd(mult(mult(rd(mult(mult(x,y),mult(ld(y,z),y)),mult(z,y)),u),w),mult(u,w)) = rd(mult(mult(rd(mult(mult(x,u),w),mult(u,w)),y),mult(ld(y,z),y)),mult(z,y)).  [para(280(a,1),44(a,1,1,1,1,2)),rewrite([280(21)])].
kept:      388 rd(mult(mult(rd(mult(mult(x,mult(ld(rd(mult(mult(x,y),z),mult(y,z)),u),rd(mult(mult(x,y),z),mult(y,z)))),w),mult(mult(ld(rd(mult(mult(x,y),z),mult(y,z)),u),rd(mult(mult(x,y),z),mult(y,z))),w)),y),z),mult(y,z)) = rd(mult(mult(u,rd(mult(mult(x,y),z),mult(y,z))),w),mult(mult(ld(rd(mult(mult(x,y),z),mult(y,z)),u),rd(mult(mult(x,y),z),mult(y,z))),w)).  [para(280(a,1),44(a,1,1,1)),flip(a)].
    new demodulator: 388.
kept:      389 mult(x,mult(x,mult(mult(ld(x,y),x),z))) = mult(x,mult(y,mult(x,z))).  [para(280(a,1),46(a,1,1,2)),rewrite([209(3)]),flip(a)].
    new demodulator: 389.
kept:      390 mult(x,mult(x,mult(y,mult(ld(mult(x,mult(x,y)),z),mult(x,mult(x,y)))))) = mult(z,mult(x,mult(x,y))).  [para(280(a,1),46(a,1)),flip(a)].
    new demodulator: 390.
kept:      391 mult(x,mult(mult(ld(x,y),x),x)) = mult(mult(y,x),x).  [para(280(a,1),162(a,1,1)),flip(a)].
    new demodulator: 391.
kept:      392 ld(mult(x,y),mult(mult(y,z),ld(z,mult(ld(y,x),y)))) != e | ld(mult(y,z),mult(x,y)) = ld(z,mult(ld(y,x),y)).  [para(280(a,1),55(a,1,1)),rewrite([280(13)])].
kept:      393 ld(mult(x,y),mult(mult(z,x),ld(mult(ld(x,z),x),y))) != e | ld(mult(ld(x,z),x),y) = ld(mult(z,x),mult(x,y)).  [para(280(a,1),55(a,1,2,1)),rewrite([280(12)]),flip(b)].
kept:      394 rd(mult(x,mult(y,x)),mult(ld(x,y),x)) = mult(x,x).  [para(280(a,1),253(a,1,1,2))].
    new demodulator: 394.
kept:      395 ld(mult(mult(ld(x,y),x),x),mult(mult(ld(x,y),x),mult(y,x))) = mult(ld(x,y),x).  [para(280(a,1),279(a,1,2,2))].
    new demodulator: 395.
    starting back demodulation with 351.
        351 back demodulating 345.
kept:      396 ld(mult(x,y),mult(x,mult(y,mult(ld(z,x),z)))) = mult(ld(z,x),z).  [back_rewrite(345),rewrite([351(3),351(8)])].
    new demodulator: 396.
        351 back demodulating 344.
kept:      397 mult(ld(x,ld(mult(mult(ld(x,y),x),z),mult(mult(ld(x,y),x),mult(z,y)))),x) = mult(ld(x,y),x).  [back_rewrite(344),rewrite([351(2),351(5),351(10),351(12)])].
    new demodulator: 397.
        351 back demodulating 329.
kept:      398 ld(mult(x,mult(ld(mult(y,z),mult(y,mult(z,u))),w)),mult(mult(x,w),ld(mult(y,z),mult(y,mult(z,mult(ld(w,u),w)))))) != e | ld(mult(x,w),mult(x,mult(ld(mult(y,z),mult(y,mult(z,u))),w))) = mult(ld(w,ld(mult(y,z),mult(y,mult(z,u)))),w).  [back_rewrite(329),rewrite([351(10),351(31)])].
        351 back demodulating 328.
kept:      399 ld(mult(x,mult(y,mult(z,mult(ld(u,w),u)))),mult(mult(x,mult(y,z)),mult(ld(u,ld(mult(y,z),mult(y,mult(z,w)))),u))) != e | ld(mult(x,mult(y,z)),mult(x,mult(y,mult(z,mult(ld(u,w),u))))) = ld(mult(y,z),mult(y,mult(z,mult(ld(u,w),u)))).  [back_rewrite(328),rewrite([351(2),351(13),351(21),351(28)])].
        351 back demodulating 327.
kept:      400 ld(mult(x,mult(mult(ld(y,z),y),u)),mult(mult(x,u),mult(ld(y,mult(ld(u,z),u)),y))) != e | ld(mult(x,u),mult(x,mult(mult(ld(y,z),y),u))) = mult(ld(u,mult(ld(y,z),y)),u).  [back_rewrite(327),rewrite([351(2),351(7),351(9),351(16),351(21),351(23)])].
        351 back demodulating 318.
kept:      401 mult(x,mult(x,ld(mult(y,z),mult(y,mult(z,mult(ld(mult(x,x),u),mult(x,x))))))) = mult(ld(mult(y,z),mult(y,mult(z,u))),mult(x,x)).  [back_rewrite(318),rewrite([351(5)])].
    new demodulator: 401.
        351 back demodulating 317.
kept:      402 mult(x,mult(x,mult(ld(y,mult(ld(mult(x,x),z),mult(x,x))),y))) = mult(mult(ld(y,z),y),mult(x,x)).  [back_rewrite(317),rewrite([351(4),351(6),351(10)])].
    new demodulator: 402.
        351 back demodulating 301.
kept:      403 rd(mult(mult(mult(ld(x,y),x),mult(z,u)),z),mult(z,mult(u,z))) = mult(ld(x,rd(mult(mult(y,mult(z,u)),z),mult(z,mult(u,z)))),x).  [back_rewrite(301),rewrite([351(2),351(16)])].
    new demodulator: 403.
        351 back demodulating 300.
kept:      404 mult(ld(x,rd(mult(mult(y,z),mult(ld(x,y),x)),mult(z,mult(ld(x,y),x)))),x) = mult(ld(x,y),x).  [back_rewrite(300),rewrite([351(3),351(6),351(10),351(12)])].
    new demodulator: 404.
        351 back demodulating 299.
kept:      405 rd(mult(mult(mult(x,y),z),u),mult(z,u)) = mult(ld(y,rd(mult(mult(mult(y,x),z),u),mult(z,u))),y).  [back_rewrite(299),rewrite([351(12)])].
        351 back demodulating 298.
kept:      406 ld(mult(mult(mult(x,y),z),x),mult(mult(mult(x,y),z),mult(x,mult(ld(u,y),u)))) = mult(ld(u,ld(mult(mult(mult(x,y),z),x),mult(mult(x,y),mult(z,mult(x,y))))),u).  [back_rewrite(298),rewrite([351(7),351(20)])].
        351 back demodulating 297.
kept:      407 ld(mult(x,mult(y,z)),mult(x,mult(mult(y,z),mult(ld(u,y),u)))) = mult(ld(u,ld(mult(x,mult(y,z)),mult(x,mult(y,mult(z,y))))),u).  [back_rewrite(297),rewrite([351(5),351(16)])].
        351 back demodulating 296.
kept:      408 mult(ld(x,ld(mult(mult(mult(y,mult(ld(x,z),x)),u),y),mult(mult(mult(y,mult(ld(x,z),x)),u),mult(y,z)))),x) = ld(mult(mult(mult(y,mult(ld(x,z),x)),u),y),mult(mult(y,mult(ld(x,z),x)),mult(u,mult(y,mult(ld(x,z),x))))).  [back_rewrite(296),rewrite([351(2),351(7),351(14),351(16),351(21),351(24)])].
    new demodulator: 408.
        351 back demodulating 295.
kept:      409 mult(ld(x,ld(mult(y,mult(mult(ld(x,z),x),u)),mult(y,mult(mult(mult(ld(x,z),x),u),z)))),x) = ld(mult(y,mult(mult(ld(x,z),x),u)),mult(y,mult(mult(ld(x,z),x),mult(u,mult(ld(x,z),x))))).  [back_rewrite(295),rewrite([351(2),351(6),351(12),351(14),351(18),351(20)])].
    new demodulator: 409.
        351 back demodulating 294.
kept:      410 ld(mult(x,y),mult(x,mult(y,mult(z,u)))) = mult(ld(u,ld(mult(x,y),mult(x,mult(y,mult(u,z))))),u).  [back_rewrite(294),rewrite([351(12)])].
        351 back demodulating 293.
kept:      411 ld(mult(x,mult(y,x)),mult(mult(x,y),mult(x,mult(ld(z,u),z)))) = mult(ld(z,ld(mult(x,mult(y,x)),mult(mult(x,y),mult(x,u)))),z).  [back_rewrite(293),rewrite([351(5),351(16)])].
        351 back demodulating 292.
kept:      412 mult(ld(x,mult(ld(y,mult(x,z)),y)),x) = mult(ld(y,mult(z,x)),y).  [back_rewrite(292),rewrite([351(3),351(5),351(8)])].
        351 back demodulating 290.
kept:      413 ld(mult(x,mult(y,x)),mult(x,mult(x,y))) != e | mult(ld(mult(x,y),x),mult(x,y)) = x.  [back_rewrite(290),rewrite([351(11)])].
        351 back demodulating 288.
kept:      414 mult(x,y) != mult(y,x) | mult(ld(mult(y,x),y),mult(y,x)) = y.  [back_rewrite(288),rewrite([351(7)])].
        351 back demodulating 278.
kept:      415 mult(ld(x,mult(ld(mult(mult(ld(x,y),x),mult(ld(x,y),x)),y),mult(mult(ld(x,y),x),mult(ld(x,y),x)))),x) = mult(ld(x,y),x).  [back_rewrite(278),rewrite([351(2),351(4),351(7),351(9),351(12),351(14),351(16)])].
    new demodulator: 415.
        351 back demodulating 277.
kept:      416 mult(ld(mult(x,x),mult(ld(y,x),y)),mult(x,x)) = mult(ld(y,x),y).  [back_rewrite(277),rewrite([351(3),351(6),351(8)])].
    new demodulator: 416.
        351 back demodulating 275.
kept:      417 mult(ld(x,mult(ld(mult(mult(ld(x,y),x),mult(ld(x,y),x)),rd(mult(mult(y,z),u),mult(z,u))),mult(mult(ld(x,y),x),mult(ld(x,y),x)))),x) = mult(ld(x,rd(mult(mult(y,z),u),mult(z,u))),x).  [back_rewrite(275),rewrite([351(2),351(4),351(11),351(13),351(16),351(18),351(24)])].
    new demodulator: 417.
        351 back demodulating 274.
kept:      418 mult(ld(mult(x,x),rd(mult(mult(x,y),z),mult(y,z))),mult(x,x)) = rd(mult(mult(x,y),z),mult(y,z)).  [back_rewrite(274),rewrite([351(8)])].
    new demodulator: 418.
        351 back demodulating 273.
kept:      419 ld(mult(x,y),mult(x,mult(y,mult(ld(mult(ld(mult(x,y),mult(x,mult(y,z))),ld(mult(x,y),mult(x,mult(y,z)))),z),mult(ld(mult(x,y),mult(x,mult(y,z))),ld(mult(x,y),mult(x,mult(y,z)))))))) = ld(mult(x,y),mult(x,mult(y,z))).  [back_rewrite(273),rewrite([351(21)])].
    new demodulator: 419.
        351 back demodulating 271.
kept:      420 mult(ld(mult(x,x),ld(mult(y,z),mult(y,mult(z,x)))),mult(x,x)) = ld(mult(y,z),mult(y,mult(z,x))).  [back_rewrite(271),rewrite([351(8)])].
    new demodulator: 420.
        351 back demodulating 265.
kept:      421 rd(mult(mult(mult(ld(x,y),x),mult(z,z)),u),mult(z,mult(z,u))) = mult(ld(x,rd(mult(mult(y,mult(z,z)),u),mult(z,mult(z,u)))),x).  [back_rewrite(265),rewrite([351(2),351(16)])].
    new demodulator: 421.
        351 back demodulating 264.
kept:      422 mult(ld(x,rd(mult(mult(y,mult(ld(x,y),x)),z),mult(mult(ld(x,y),x),z))),x) = mult(ld(x,y),x).  [back_rewrite(264),rewrite([351(2),351(6),351(10),351(12)])].
    new demodulator: 422.
        351 back demodulating 262.
kept:      423 ld(mult(x,mult(y,y)),mult(x,mult(y,mult(y,mult(ld(z,u),z))))) = mult(ld(z,ld(mult(x,mult(y,y)),mult(x,mult(y,mult(y,u))))),z).  [back_rewrite(262),rewrite([351(4),351(16)])].
        351 back demodulating 261.
kept:      424 ld(mult(x,y),mult(x,mult(y,ld(z,mult(u,mult(u,z)))))) = mult(ld(z,ld(mult(x,y),mult(x,mult(y,mult(u,u))))),z).  [back_rewrite(261),rewrite([351(14)])].
        351 back demodulating 260.
kept:      425 mult(ld(x,ld(y,mult(z,mult(z,y)))),x) = mult(ld(y,ld(x,mult(z,mult(z,x)))),y).  [back_rewrite(260),rewrite([351(5),351(10)])].
        351 back demodulating 258.
kept:      426 ld(mult(x,mult(x,y)),mult(y,mult(x,x))) != e | mult(ld(mult(x,x),y),mult(x,x)) = y.  [back_rewrite(258),rewrite([351(11)])].
        351 back demodulating 256.
kept:      427 ld(x,mult(y,mult(y,x))) != mult(y,y) | mult(ld(mult(y,y),x),mult(y,y)) = x.  [back_rewrite(256),rewrite([351(9)])].
        351 back demodulating 249.
kept:      428 ld(mult(ld(x,rd(mult(mult(y,z),u),mult(z,u))),x),mult(mult(mult(ld(x,y),x),z),u)) = mult(z,u).  [back_rewrite(249),rewrite([351(6),351(8)])].
    new demodulator: 428.
        351 back demodulating 247.
kept:      429 rd(mult(ld(mult(x,y),mult(x,mult(y,z))),u),ld(mult(x,y),mult(x,mult(y,mult(ld(u,z),u))))) = u.  [back_rewrite(247),rewrite([351(8)])].
    new demodulator: 429.
        351 back demodulating 246.
kept:      430 rd(mult(x,mult(y,mult(ld(z,u),z))),mult(ld(z,ld(mult(x,y),mult(x,mult(y,u)))),z)) = mult(x,y).  [back_rewrite(246),rewrite([351(2),351(10)])].
    new demodulator: 430.
        351 back demodulating 245.
kept:      431 rd(mult(mult(ld(x,y),x),z),mult(ld(x,mult(ld(z,y),z)),x)) = z.  [back_rewrite(245),rewrite([351(2),351(5),351(7)])].
    new demodulator: 431.
        351 back demodulating 237.
kept:      432 rd(mult(mult(mult(ld(x,y),x),mult(z,mult(z,u))),w),mult(z,mult(z,mult(u,w)))) = mult(ld(x,rd(mult(mult(y,mult(z,mult(z,u))),w),mult(z,mult(z,mult(u,w))))),x).  [back_rewrite(237),rewrite([351(2),351(20)])].
    new demodulator: 432.
        351 back demodulating 236.
kept:      433 mult(ld(x,rd(mult(mult(y,mult(mult(ld(x,y),x),z)),u),mult(mult(mult(ld(x,y),x),z),u))),x) = rd(mult(mult(ld(x,y),x),mult(mult(ld(x,y),x),mult(z,u))),mult(mult(mult(ld(x,y),x),z),u)).  [back_rewrite(236),rewrite([351(2),351(7),351(12),351(14),351(16),351(21)])].
    new demodulator: 433.
        351 back demodulating 235.
kept:      434 rd(mult(mult(ld(x,mult(y,mult(y,mult(z,x)))),u),w),mult(u,w)) = mult(ld(x,rd(mult(y,mult(y,mult(mult(z,u),w))),mult(u,w))),x).  [back_rewrite(235),rewrite([351(16)])].
    new demodulator: 434.
        351 back demodulating 234.
kept:      435 ld(mult(x,mult(y,mult(y,z))),mult(x,mult(y,mult(y,mult(z,mult(ld(u,w),u)))))) = mult(ld(u,ld(mult(x,mult(y,mult(y,z))),mult(x,mult(y,mult(y,mult(z,w)))))),u).  [back_rewrite(234),rewrite([351(5),351(20)])].
        351 back demodulating 233.
kept:      436 ld(mult(x,y),mult(x,mult(y,ld(z,mult(u,mult(u,mult(w,z))))))) = mult(ld(z,ld(mult(x,y),mult(x,mult(y,mult(u,mult(u,w)))))),z).  [back_rewrite(233),rewrite([351(16)])].
        351 back demodulating 231.
kept:      437 mult(ld(x,ld(y,mult(z,mult(z,mult(u,y))))),x) = mult(ld(y,ld(x,mult(z,mult(z,mult(u,x))))),y).  [back_rewrite(231),rewrite([351(6),351(12)])].
        351 back demodulating 229.
kept:      438 ld(mult(x,mult(x,mult(y,z))),mult(z,mult(x,mult(x,y)))) != e | mult(ld(mult(x,mult(x,y)),z),mult(x,mult(x,y))) = z.  [back_rewrite(229),rewrite([351(15)])].
        351 back demodulating 227.
kept:      439 ld(x,mult(y,mult(y,mult(z,x)))) != mult(y,mult(y,z)) | mult(ld(mult(y,mult(y,z)),x),mult(y,mult(y,z))) = x.  [back_rewrite(227),rewrite([351(13)])].
        351 back demodulating 214.
kept:      440 ld(mult(x,mult(y,mult(x,z))),mult(x,mult(y,mult(x,mult(z,mult(ld(u,w),u)))))) = mult(ld(u,ld(mult(x,mult(y,mult(x,z))),mult(x,mult(y,mult(x,mult(z,w)))))),u).  [back_rewrite(214),rewrite([351(5),351(20)])].
        351 back demodulating 198.
kept:      441 rd(mult(mult(mult(ld(x,y),x),mult(z,mult(u,z))),w),mult(z,mult(u,mult(z,w)))) = mult(ld(x,rd(mult(mult(y,mult(z,mult(u,z))),w),mult(z,mult(u,mult(z,w))))),x).  [back_rewrite(198),rewrite([351(2),351(20)])].
    new demodulator: 441.
        351 back demodulating 197.
kept:      442 rd(mult(mult(ld(x,mult(y,mult(z,mult(y,x)))),u),w),mult(u,w)) = mult(ld(x,rd(mult(mult(y,mult(z,mult(y,u))),w),mult(u,w))),x).  [back_rewrite(197),rewrite([351(16)])].
    new demodulator: 442.
        351 back demodulating 196.
kept:      443 ld(mult(x,mult(y,mult(z,y))),mult(x,mult(y,mult(z,mult(y,mult(ld(u,w),u)))))) = mult(ld(u,ld(mult(x,mult(y,mult(z,y))),mult(x,mult(y,mult(z,mult(y,w)))))),u).  [back_rewrite(196),rewrite([351(5),351(20)])].
        351 back demodulating 195.
kept:      444 ld(mult(x,y),mult(x,mult(y,ld(z,mult(u,mult(w,mult(u,z))))))) = mult(ld(z,ld(mult(x,y),mult(x,mult(y,mult(u,mult(w,u)))))),z).  [back_rewrite(195),rewrite([351(16)])].
        351 back demodulating 193.
kept:      445 mult(ld(x,ld(y,mult(z,mult(u,mult(z,y))))),x) = mult(ld(y,ld(x,mult(z,mult(u,mult(z,x))))),y).  [back_rewrite(193),rewrite([351(6),351(12)])].
        351 back demodulating 191.
kept:      446 ld(mult(x,mult(y,mult(x,z))),mult(z,mult(x,mult(y,x)))) != e | mult(ld(mult(x,mult(y,x)),z),mult(x,mult(y,x))) = z.  [back_rewrite(191),rewrite([351(15)])].
        351 back demodulating 189.
kept:      447 ld(x,mult(y,mult(z,mult(y,x)))) != mult(y,mult(z,y)) | mult(ld(mult(y,mult(z,y)),x),mult(y,mult(z,y))) = x.  [back_rewrite(189),rewrite([351(13)])].
        351 back demodulating 159.
kept:      448 mult(ld(x,rd(mult(mult(rd(mult(mult(y,z),u),mult(z,u)),w),v5),mult(w,v5))),x) = mult(ld(x,rd(mult(mult(rd(mult(mult(y,w),v5),mult(w,v5)),z),u),mult(z,u))),x).  [back_rewrite(159),rewrite([351(10),351(20)])].
        351 back demodulating 148.
kept:      449 ld(mult(x,y),mult(x,mult(y,ld(mult(z,u),mult(z,mult(u,mult(ld(w,v5),w))))))) = ld(mult(z,u),mult(z,mult(u,mult(ld(w,ld(mult(x,y),mult(x,mult(y,v5)))),w)))).  [back_rewrite(148),rewrite([351(4),351(17)])].
        351 back demodulating 147.
kept:      450 ld(mult(x,y),mult(x,mult(y,mult(ld(z,ld(mult(u,w),mult(u,mult(w,v5)))),z)))) = mult(ld(z,ld(mult(u,w),mult(u,mult(w,ld(mult(x,y),mult(x,mult(y,v5))))))),z).  [back_rewrite(147),rewrite([351(7),351(20)])].
        351 back demodulating 122.
kept:      451 rd(mult(mult(mult(ld(x,y),x),rd(z,u)),u),z) = mult(ld(x,rd(mult(mult(y,rd(z,u)),u),z)),x).  [back_rewrite(122),rewrite([351(2),351(12)])].
    new demodulator: 451.
        351 back demodulating 121.
kept:      452 mult(ld(x,rd(mult(mult(rd(y,x),z),u),mult(z,u))),x) = rd(mult(mult(ld(x,y),z),u),mult(z,u)).  [back_rewrite(121),rewrite([351(7)])].
    new demodulator: 452.
        351 back demodulating 120.
kept:      453 mult(mult(ld(x,rd(mult(mult(y,z),u),mult(z,u))),x),mult(z,u)) = mult(mult(mult(ld(x,y),x),z),u).  [back_rewrite(120),rewrite([351(6),351(10)])].
    new demodulator: 453.
        351 back demodulating 119.
kept:      454 rd(mult(mult(mult(ld(x,y),x),z),ld(z,u)),u) = mult(ld(x,rd(mult(mult(y,z),ld(z,u)),u)),x).  [back_rewrite(119),rewrite([351(2),351(12)])].
    new demodulator: 454.
        351 back demodulating 118.
kept:      455 mult(ld(x,rd(mult(mult(y,z),ld(mult(mult(ld(x,y),x),z),u)),mult(z,ld(mult(mult(ld(x,y),x),z),u)))),x) = rd(u,mult(z,ld(mult(mult(ld(x,y),x),z),u))).  [back_rewrite(118),rewrite([351(3),351(8),351(14),351(16)])].
    new demodulator: 455.
        351 back demodulating 117.
kept:      456 mult(ld(x,rd(mult(mult(y,ld(mult(ld(x,y),x),z)),u),mult(ld(mult(ld(x,y),x),z),u))),x) = rd(mult(z,u),mult(ld(mult(ld(x,y),x),z),u)).  [back_rewrite(117),rewrite([351(2),351(7),351(12),351(15)])].
    new demodulator: 456.
        351 back demodulating 116.
kept:      457 rd(mult(mult(ld(ld(x,y),y),z),u),mult(z,u)) = mult(ld(ld(x,y),rd(mult(mult(x,z),u),mult(z,u))),ld(x,y)).  [back_rewrite(116),rewrite([351(14)])].
    new demodulator: 457.
        351 back demodulating 115.
kept:      458 mult(ld(x,rd(mult(mult(x,y),z),mult(y,z))),x) = rd(mult(mult(x,y),z),mult(y,z)).  [back_rewrite(115),rewrite([351(6)])].
    new demodulator: 458.
        351 back demodulating 114.
kept:      459 ld(mult(x,y),mult(x,mult(y,ld(mult(z,u),mult(z,mult(u,mult(ld(w,v5),w))))))) = mult(ld(w,ld(mult(x,y),mult(x,mult(y,ld(mult(z,u),mult(z,mult(u,v5))))))),w).  [back_rewrite(114),rewrite([351(4),351(20)])].
        351 back demodulating 113.
kept:      460 ld(mult(x,y),mult(x,mult(y,mult(ld(z,mult(ld(u,w),u)),z)))) = mult(ld(z,mult(ld(u,ld(mult(x,y),mult(x,mult(y,w)))),u)),z).  [back_rewrite(113),rewrite([351(3),351(5),351(14),351(16)])].
        351 back demodulating 110.
kept:      461 ld(mult(x,y),mult(x,mult(y,mult(ld(z,mult(ld(u,w),u)),z)))) = mult(ld(u,ld(mult(x,y),mult(x,mult(y,mult(ld(z,w),z))))),u).  [back_rewrite(110),rewrite([351(3),351(5),351(11),351(16)])].
        351 back demodulating 108.
kept:      462 mult(ld(x,ld(mult(y,z),mult(y,mult(z,mult(ld(u,w),u))))),x) = mult(ld(u,mult(ld(x,ld(mult(y,z),mult(y,mult(z,w)))),x)),u).  [back_rewrite(108),rewrite([351(3),351(8),351(14),351(16)])].
        351 back demodulating 104.
kept:      463 ld(mult(x,y),mult(x,mult(y,mult(ld(z,u),z)))) != ld(mult(x,y),mult(x,mult(y,u))) | ld(mult(z,ld(mult(x,y),mult(x,mult(y,u)))),mult(ld(mult(x,y),mult(x,mult(y,u))),z)) = e.  [back_rewrite(104),rewrite([351(3)])].
        351 back demodulating 102.
kept:      464 ld(mult(x,y),mult(x,mult(y,mult(ld(z,u),z)))) != ld(mult(x,y),mult(x,mult(y,u))) | mult(ld(ld(mult(x,y),mult(x,mult(y,u))),z),ld(mult(x,y),mult(x,mult(y,u)))) = z.  [back_rewrite(102),rewrite([351(3),351(21)])].
        351 back demodulating 100.
kept:      465 mult(ld(x,ld(mult(y,z),mult(y,mult(z,u)))),x) != mult(ld(x,u),x) | ld(mult(y,mult(z,mult(ld(x,u),x))),mult(mult(y,z),mult(ld(x,u),x))) = e.  [back_rewrite(100),rewrite([351(6),351(8),351(11),351(16)])].
        351 back demodulating 98.
kept:      466 ld(mult(rd(x,mult(y,z)),y),mult(rd(x,mult(y,z)),mult(y,mult(ld(u,z),u)))) = mult(ld(u,ld(mult(rd(x,mult(y,z)),y),x)),u).  [back_rewrite(98),rewrite([351(7),351(16)])].
        351 back demodulating 97.
kept:      467 ld(mult(x,rd(y,z)),mult(x,mult(rd(y,z),mult(ld(u,z),u)))) = mult(ld(u,ld(mult(x,rd(y,z)),mult(x,y))),u).  [back_rewrite(97),rewrite([351(5),351(14)])].
        351 back demodulating 96.
kept:      468 mult(ld(x,ld(mult(rd(y,mult(z,mult(ld(x,u),x))),z),mult(rd(y,mult(z,mult(ld(x,u),x))),mult(z,u)))),x) = ld(mult(rd(y,mult(z,mult(ld(x,u),x))),z),y).  [back_rewrite(96),rewrite([351(2),351(7),351(14),351(16)])].
    new demodulator: 468.
        351 back demodulating 95.
kept:      469 mult(ld(x,ld(mult(y,rd(z,mult(ld(x,u),x))),mult(y,mult(rd(z,mult(ld(x,u),x)),u)))),x) = ld(mult(y,rd(z,mult(ld(x,u),x))),mult(y,z)).  [back_rewrite(95),rewrite([351(2),351(6),351(12),351(14)])].
    new demodulator: 469.
        351 back demodulating 94.
kept:      470 mult(ld(x,ld(mult(y,z),mult(y,mult(z,rd(u,x))))),x) = ld(mult(y,z),mult(y,mult(z,ld(x,u)))).  [back_rewrite(94),rewrite([351(7)])].
    new demodulator: 470.
        351 back demodulating 93.
kept:      471 ld(x,mult(rd(x,y),mult(y,mult(ld(z,u),z)))) = mult(ld(z,ld(x,mult(rd(x,y),mult(y,u)))),z).  [back_rewrite(93),rewrite([351(3),351(12)])].
        351 back demodulating 92.
kept:      472 ld(ld(ld(mult(x,y),mult(x,mult(y,z))),u),u) = ld(mult(x,y),mult(x,mult(y,mult(ld(ld(ld(mult(x,y),mult(x,mult(y,z))),u),z),ld(ld(mult(x,y),mult(x,mult(y,z))),u))))).  [back_rewrite(92),rewrite([351(13)]),flip(a)].
        351 back demodulating 91.
kept:      473 ld(mult(x,y),mult(x,mult(y,mult(ld(z,ld(y,u)),z)))) = mult(ld(z,ld(mult(x,y),mult(x,u))),z).  [back_rewrite(91),rewrite([351(4),351(12)])].
        351 back demodulating 90.
kept:      474 ld(mult(x,y),mult(x,mult(z,y))) = mult(ld(y,ld(mult(x,y),mult(x,mult(y,z)))),y).  [back_rewrite(90),rewrite([351(10)])].
        351 back demodulating 89.
kept:      475 ld(mult(x,y),mult(x,mult(y,ld(ld(z,u),u)))) = mult(ld(ld(z,u),ld(mult(x,y),mult(x,mult(y,z)))),ld(z,u)).  [back_rewrite(89),rewrite([351(8)]),flip(a)].
        351 back demodulating 88.
kept:      476 ld(x,mult(y,mult(ld(y,x),mult(ld(z,u),z)))) = mult(ld(z,ld(x,mult(y,mult(ld(y,x),u)))),z).  [back_rewrite(88),rewrite([351(6),351(9)]),flip(a)].
        351 back demodulating 87.
kept:      477 mult(x,ld(mult(y,z),mult(y,mult(z,mult(ld(x,u),x))))) = mult(ld(mult(y,z),mult(y,mult(z,u))),x).  [back_rewrite(87),rewrite([351(3)])].
    new demodulator: 477.
        351 back demodulating 86.
kept:      478 mult(mult(x,y),mult(ld(z,ld(mult(x,y),mult(x,mult(y,u)))),z)) = mult(x,mult(y,mult(ld(z,u),z))).  [back_rewrite(86),rewrite([351(7),351(10)])].
    new demodulator: 478.
        351 back demodulating 85.
kept:      479 mult(ld(x,ld(mult(y,z),mult(y,mult(z,x)))),x) = ld(mult(y,z),mult(y,mult(z,x))).  [back_rewrite(85),rewrite([351(6)])].
    new demodulator: 479.
        351 back demodulating 84.
kept:      480 ld(mult(x,y),mult(x,mult(y,mult(ld(ld(mult(x,y),mult(x,mult(y,z))),z),ld(mult(x,y),mult(x,mult(y,z))))))) = ld(mult(x,y),mult(x,mult(y,z))).  [back_rewrite(84),rewrite([351(11)])].
    new demodulator: 480.
        351 back demodulating 83.
kept:      481 mult(ld(x,mult(ld(y,mult(ld(z,u),z)),y)),x) = mult(ld(z,mult(ld(x,mult(ld(y,u),y)),x)),z).  [back_rewrite(83),rewrite([351(2),351(4),351(6),351(8),351(10),351(12)])].
        351 back demodulating 82.
kept:      482 mult(ld(x,mult(ld(y,z),y)),x) != mult(ld(x,z),x) | ld(mult(y,mult(ld(x,z),x)),mult(mult(ld(x,z),x),y)) = e.  [back_rewrite(82),rewrite([351(2),351(4),351(6),351(9),351(12)])].
        351 back demodulating 81.
kept:      483 mult(ld(x,mult(ld(y,z),y)),x) != mult(ld(x,z),x) | mult(ld(mult(ld(x,z),x),y),mult(ld(x,z),x)) = y.  [back_rewrite(81),rewrite([351(2),351(4),351(6),351(9),351(11),351(13)])].
        351 back demodulating 79.
kept:      484 mult(ld(x,mult(ld(y,rd(z,x)),y)),x) = mult(ld(y,ld(x,z)),y).  [back_rewrite(79),rewrite([351(3),351(5),351(8)])].
    new demodulator: 484.
        351 back demodulating 78.
kept:      485 ld(ld(mult(ld(x,y),x),z),z) = mult(ld(x,mult(ld(ld(mult(ld(x,y),x),z),y),ld(mult(ld(x,y),x),z))),x).  [back_rewrite(78),rewrite([351(2),351(5),351(8),351(10),351(12)]),flip(a)].
        351 back demodulating 77.
kept:      486 mult(ld(ld(x,y),mult(ld(z,x),z)),ld(x,y)) = mult(ld(z,ld(ld(x,y),y)),z).  [back_rewrite(77),rewrite([351(3),351(6),351(10)])].
        351 back demodulating 76.
kept:      487 mult(x,mult(ld(y,mult(ld(x,z),x)),y)) = mult(mult(ld(y,z),y),x).  [back_rewrite(76),rewrite([351(2),351(4),351(7)])].
    new demodulator: 487.
        351 back demodulating 75.
kept:      488 mult(ld(x,mult(ld(y,x),y)),x) = mult(ld(y,x),y).  [back_rewrite(75),rewrite([351(2),351(4),351(6)])].
    new demodulator: 488.
        351 back demodulating 74.
kept:      489 mult(ld(x,mult(ld(mult(ld(x,y),x),y),mult(ld(x,y),x))),x) = mult(ld(x,y),x).  [back_rewrite(74),rewrite([351(2),351(4),351(6),351(8),351(10)])].
    new demodulator: 489.
        351 back demodulating 72.
kept:      490 ld(x,mult(y,rd(x,y))) != e | mult(ld(rd(x,y),y),rd(x,y)) = y.  [back_rewrite(72),rewrite([351(9)])].
        351 back demodulating 70.
kept:      491 ld(x,mult(ld(y,x),y)) != e | mult(ld(y,ld(y,x)),y) = ld(y,x).  [back_rewrite(70),rewrite([351(8)])].
        351 back demodulating 67.
kept:      492 rd(x,y) != ld(y,x) | mult(ld(rd(x,y),y),rd(x,y)) = y.  [back_rewrite(67),rewrite([351(7)])].
        351 back demodulating 66.
kept:      493 ld(ld(x,y),y) != x | mult(ld(x,ld(x,y)),x) = ld(x,y).  [back_rewrite(66),rewrite([351(6)])].
        351 back demodulating 38.
kept:      494 rd(mult(mult(mult(ld(x,y),x),z),u),mult(z,u)) = mult(ld(x,rd(mult(mult(y,z),u),mult(z,u))),x).  [back_rewrite(38),rewrite([351(2),351(12)])].
    new demodulator: 494.
        351 back demodulating 36.
kept:      495 ld(mult(x,y),mult(x,mult(y,mult(ld(z,u),z)))) = mult(ld(z,ld(mult(x,y),mult(x,mult(y,u)))),z).  [back_rewrite(36),rewrite([351(3),351(12)])].
        351 back demodulating 34.
kept:      496 mult(ld(x,mult(ld(y,z),y)),x) = mult(ld(y,mult(ld(x,z),x)),y).  [back_rewrite(34),rewrite([351(2),351(4),351(6),351(8)])].
        351 back demodulating 32.
kept:      497 ld(mult(x,y),mult(y,x)) != e | mult(ld(x,y),x) = y.  [back_rewrite(32),rewrite([351(7)])].
        351 back demodulating 30.
kept:      498 mult(ld(x,y),x) != y | ld(mult(x,y),mult(y,x)) = e.  [back_rewrite(30),rewrite([351(2)])].
        351 back demodulating 28.
kept:      499 mult(ld(x,y),x) != y | mult(ld(y,x),y) = x.  [back_rewrite(28),rewrite([351(2),351(5)])].
        351 back demodulating 22.
kept:      500 t(x,y) = mult(ld(y,x),y).  [back_rewrite(22),rewrite([351(3)])].
    new demodulator: 500.
    starting back demodulation with 352.
    starting back demodulation with 363.
    starting back demodulation with 364.
    starting back demodulation with 367.
    starting back demodulation with 369.
    starting back demodulation with 370.
    starting back demodulation with 371.
    starting back demodulation with 372.
    starting back demodulation with 373.
    starting back demodulation with 374.
    starting back demodulation with 375.
    starting back demodulation with 376.
    starting back demodulation with 377.
    starting back demodulation with 378.
    starting back demodulation with 379.
    starting back demodulation with 382.
    starting back demodulation with 383.
    starting back demodulation with 384.
    starting back demodulation with 388.
    starting back demodulation with 389.
    starting back demodulation with 390.
    starting back demodulation with 391.
    starting back demodulation with 394.
    starting back demodulation with 395.
    starting back demodulation with 396.
    starting back demodulation with 397.
    starting back demodulation with 401.
    starting back demodulation with 402.
    starting back demodulation with 403.
    starting back demodulation with 404.
    starting back demodulation with 408.
    starting back demodulation with 409.
    starting back demodulation with 415.
    starting back demodulation with 416.
    starting back demodulation with 417.
    starting back demodulation with 418.
    starting back demodulation with 419.
    starting back demodulation with 420.
    starting back demodulation with 421.
    starting back demodulation with 422.
    starting back demodulation with 428.
    starting back demodulation with 429.
    starting back demodulation with 430.
    starting back demodulation with 431.
    starting back demodulation with 432.
    starting back demodulation with 433.
    starting back demodulation with 434.
    starting back demodulation with 441.
    starting back demodulation with 442.
    starting back demodulation with 451.
    starting back demodulation with 452.
    starting back demodulation with 453.
    starting back demodulation with 454.
    starting back demodulation with 455.
    starting back demodulation with 456.
    starting back demodulation with 457.
    starting back demodulation with 458.
    starting back demodulation with 468.
    starting back demodulation with 469.
    starting back demodulation with 470.
    starting back demodulation with 477.
        477 back demodulating 381.
kept:      501 ld(mult(x,y),mult(x,mult(ld(mult(z,u),mult(z,mult(u,w))),y))) = ld(mult(z,u),mult(z,mult(u,ld(mult(x,y),mult(x,mult(w,y)))))).  [back_rewrite(381),rewrite([477(16)]),flip(a)].
    starting back demodulation with 478.
    starting back demodulation with 479.
    starting back demodulation with 480.
    starting back demodulation with 484.
    starting back demodulation with 487.
        487 back demodulating 368.
kept:      502 ld(mult(x,y),mult(x,mult(mult(ld(z,u),z),y))) = mult(ld(z,ld(mult(x,y),mult(x,mult(u,y)))),z).  [back_rewrite(368),rewrite([487(6)])].
    starting back demodulation with 488.
    starting back demodulation with 489.
    starting back demodulation with 494.
        494 back demodulating 379.
kept:      503 ld(mult(ld(rd(mult(mult(x,y),z),mult(y,z)),u),rd(mult(mult(x,y),z),mult(y,z))),mult(u,rd(mult(mult(x,y),z),mult(y,z)))) = mult(ld(mult(ld(rd(mult(mult(x,y),z),mult(y,z)),u),rd(mult(mult(x,y),z),mult(y,z))),rd(mult(mult(x,y),z),mult(y,z))),mult(ld(rd(mult(mult(x,y),z),mult(y,z)),u),rd(mult(mult(x,y),z),mult(y,z)))).  [back_rewrite(379),rewrite([494(26)]),flip(a)].
    new demodulator: 503.
        494 back demodulating 378.
        494 back demodulating 377.
    starting back demodulation with 500.
    starting back demodulation with 503.

given #40 (T,wt=9): 500 t(x,y) = mult(ld(y,x),y).  [back_rewrite(22),rewrite([351(3)])].
kept:      504 mult(ld(mult(x,y),mult(x,mult(y,ld(mult(z,u),mult(z,mult(u,w)))))),mult(z,u)) = mult(ld(mult(z,u),mult(z,mult(u,ld(mult(x,y),mult(x,mult(y,w)))))),mult(z,u)).  [para(42(a,1),500(a,2,1)),rewrite([500(8)]),flip(a)].

given #41 (A,wt=24): 56 ld(mult(x,mult(ld(x,y),z)),mult(y,z)) != e | ld(y,mult(x,mult(ld(x,y),z))) = z.  [para(10(a,1),24(a,1,2,1)),rewrite([10(9)])].
kept:      505 ld(mult(x,mult(ld(x,e),y)),y) != e | mult(x,mult(ld(x,e),y)) = y.  [para(7(a,1),56(a,1,2)),rewrite([49(13)])].
kept:      506 ld(mult(x,mult(ld(x,y),ld(y,z))),z) != e | ld(y,mult(x,mult(ld(x,y),ld(y,z)))) = ld(y,z).  [para(10(a,1),56(a,1,2))].
kept:      507 ld(mult(x,mult(ld(x,rd(y,z)),z)),y) != e | ld(rd(y,z),mult(x,mult(ld(x,rd(y,z)),z))) = z.  [para(12(a,1),56(a,1,2))].
kept:      508 ld(mult(mult(x,y),mult(ld(mult(z,u),mult(z,mult(u,ld(mult(x,y),mult(x,mult(y,w)))))),v5)),mult(mult(x,mult(y,ld(mult(z,u),mult(z,mult(u,w))))),v5)) != e | ld(mult(x,mult(y,ld(mult(z,u),mult(z,mult(u,w))))),mult(mult(x,y),mult(ld(mult(x,y),mult(x,mult(y,ld(mult(z,u),mult(z,mult(u,w)))))),v5))) = v5.  [para(42(a,1),56(a,1,1,2,1))].
kept:      509 ld(mult(x,mult(x,mult(y,mult(ld(mult(x,mult(x,y)),z),u)))),mult(z,u)) != e | ld(z,mult(x,mult(x,mult(y,mult(ld(mult(x,mult(x,y)),z),u))))) = u.  [para(46(a,1),56(a,1,1)),rewrite([46(18)])].
kept:      510 ld(mult(x,mult(ld(x,mult(y,mult(y,z))),u)),mult(y,mult(y,mult(z,u)))) != e | ld(mult(y,mult(y,z)),mult(x,mult(ld(x,mult(y,mult(y,z))),u))) = u.  [para(46(a,1),56(a,1,2))].
kept:      511 ld(mult(x,mult(ld(x,mult(y,y)),z)),mult(y,mult(y,z))) != e | ld(mult(y,y),mult(x,mult(ld(x,mult(y,y)),z))) = z.  [para(161(a,1),56(a,1,2))].
kept:      512 ld(mult(x,mult(ld(x,mult(y,z)),y)),mult(y,mult(z,y))) != e | ld(mult(y,z),mult(x,mult(ld(x,mult(y,z)),y))) = y.  [para(162(a,1),56(a,1,2))].
kept:      513 ld(mult(x,mult(y,ld(x,z))),mult(z,mult(ld(ld(x,z),y),ld(x,z)))) != e | mult(ld(ld(x,z),y),ld(x,z)) = ld(z,mult(x,mult(y,ld(x,z)))).  [para(280(a,1),56(a,1,1,2)),rewrite([280(17)]),flip(b)].
kept:      514 ld(mult(x,mult(ld(x,y),mult(ld(y,z),y))),mult(z,y)) != e | ld(y,mult(x,mult(ld(x,y),mult(ld(y,z),y)))) = mult(ld(y,z),y).  [para(280(a,1),56(a,1,2))].

given #42 (T,wt=11): 281 rd(mult(x,mult(y,x)),x) = mult(x,y).  [para(162(a,1),11(a,1,1))].
kept:      515 rd(mult(ld(x,y),y),ld(x,y)) = mult(ld(x,y),x).  [para(10(a,1),281(a,1,1,2))].
    new demodulator: 515.
kept:      516 rd(mult(x,y),x) = mult(x,rd(y,x)).  [para(12(a,1),281(a,1,1,2))].
    new demodulator: 516.
kept:      517 rd(mult(x,mult(x,mult(y,mult(z,mult(x,mult(x,y)))))),mult(x,mult(x,y))) = mult(x,mult(x,mult(y,z))).  [para(46(a,1),281(a,1,1)),rewrite([46(12)])].
    new demodulator: 517.
    starting back demodulation with 515.
    starting back demodulation with 516.
        516 back demodulating 515.
        516 back demodulating 281.
    starting back demodulation with 517.

given #43 (T,wt=11): 313 ld(mult(x,x),mult(x,y)) = ld(x,y).  [para(10(a,1),251(a,1,2,2))].
kept:      518 ld(mult(x,x),x) = ld(x,e).  [para(8(a,1),313(a,1,2))].
    new demodulator: 518.
kept:      519 ld(mult(x,x),y) = ld(x,ld(x,y)).  [para(10(a,1),313(a,1,2))].
    new demodulator: 519.
kept:      520 ld(mult(x,mult(y,mult(y,x))),mult(x,z)) = ld(mult(y,mult(y,x)),z).  [para(46(a,1),313(a,1,1)),rewrite([46(8),333(9)])].
    new demodulator: 520.
kept:      521 ld(mult(x,mult(y,z)),mult(mult(x,mult(y,y)),ld(y,z))) != e | ld(mult(x,mult(y,y)),mult(x,mult(y,z))) = ld(y,z).  [para(313(a,1),55(a,1,2,2)),rewrite([519(17),9(16)])].
kept:      522 mult(mult(x,y),mult(x,x)) = mult(x,mult(mult(y,x),x)).  [para(313(a,1),280(a,1,2,1)),rewrite([161(5),165(4)]),flip(a)].
    starting back demodulation with 518.
    starting back demodulation with 519.
        519 back demodulating 518.
        519 back demodulating 511.
kept:      523 ld(mult(x,mult(ld(x,mult(y,y)),z)),mult(y,mult(y,z))) != e | ld(y,ld(y,mult(x,mult(ld(x,mult(y,y)),z)))) = z.  [back_rewrite(511),rewrite([519(15)])].
        519 back demodulating 427.
kept:      524 ld(x,mult(y,mult(y,x))) != mult(y,y) | mult(ld(y,ld(y,x)),mult(y,y)) = x.  [back_rewrite(427),rewrite([519(7)])].
        519 back demodulating 426.
kept:      525 ld(mult(x,mult(x,y)),mult(y,mult(x,x))) != e | mult(ld(x,ld(x,y)),mult(x,x)) = y.  [back_rewrite(426),rewrite([519(9)])].
        519 back demodulating 420.
kept:      526 mult(ld(x,ld(x,ld(mult(y,z),mult(y,mult(z,x))))),mult(x,x)) = ld(mult(y,z),mult(y,mult(z,x))).  [back_rewrite(420),rewrite([519(6)])].
    new demodulator: 526.
        519 back demodulating 419.
kept:      527 ld(mult(x,y),mult(x,mult(y,mult(ld(ld(mult(x,y),mult(x,mult(y,z))),ld(ld(mult(x,y),mult(x,mult(y,z))),z)),mult(ld(mult(x,y),mult(x,mult(y,z))),ld(mult(x,y),mult(x,mult(y,z)))))))) = ld(mult(x,y),mult(x,mult(y,z))).  [back_rewrite(419),rewrite([519(11)])].
    new demodulator: 527.
        519 back demodulating 418.
kept:      528 mult(ld(x,ld(x,rd(mult(mult(x,y),z),mult(y,z)))),mult(x,x)) = rd(mult(mult(x,y),z),mult(y,z)).  [back_rewrite(418),rewrite([519(6)])].
    new demodulator: 528.
        519 back demodulating 417.
kept:      529 mult(ld(x,mult(ld(mult(ld(x,y),x),ld(mult(ld(x,y),x),rd(mult(mult(y,z),u),mult(z,u)))),mult(mult(ld(x,y),x),mult(ld(x,y),x)))),x) = mult(ld(x,rd(mult(mult(y,z),u),mult(z,u))),x).  [back_rewrite(417),rewrite([519(10)])].
    new demodulator: 529.
        519 back demodulating 416.
kept:      530 mult(ld(x,ld(x,mult(ld(y,x),y))),mult(x,x)) = mult(ld(y,x),y).  [back_rewrite(416),rewrite([519(4)])].
    new demodulator: 530.
        519 back demodulating 415.
kept:      531 mult(ld(x,mult(ld(mult(ld(x,y),x),ld(mult(ld(x,y),x),y)),mult(mult(ld(x,y),x),mult(ld(x,y),x)))),x) = mult(ld(x,y),x).  [back_rewrite(415),rewrite([519(6)])].
    new demodulator: 531.
        519 back demodulating 402.
kept:      532 mult(x,mult(x,mult(ld(y,mult(ld(x,ld(x,z)),mult(x,x))),y))) = mult(mult(ld(y,z),y),mult(x,x)).  [back_rewrite(402),rewrite([519(2)])].
    new demodulator: 532.
        519 back demodulating 401.
kept:      533 mult(x,mult(x,ld(mult(y,z),mult(y,mult(z,mult(ld(x,ld(x,u)),mult(x,x))))))) = mult(ld(mult(y,z),mult(y,mult(z,u))),mult(x,x)).  [back_rewrite(401),rewrite([519(3)])].
    new demodulator: 533.
        519 back demodulating 319.
        519 back demodulating 316.
        519 back demodulating 313.
    starting back demodulation with 520.
        520 back demodulating 337.
    starting back demodulation with 526.
    starting back demodulation with 527.
    starting back demodulation with 528.
    starting back demodulation with 529.
    starting back demodulation with 530.
    starting back demodulation with 531.
    starting back demodulation with 532.
    starting back demodulation with 533.

given #44 (T,wt=11): 338 rd(mult(x,y),ld(x,y)) = mult(x,x).  [para(10(a,1),253(a,1,1,2))].
kept:      534 rd(x,ld(x,e)) = mult(x,x).  [para(8(a,1),338(a,1,1))].
    new demodulator: 534.
kept:      535 rd(x,ld(y,ld(y,x))) = mult(y,y).  [para(10(a,1),338(a,1,1))].
    new demodulator: 535.
kept:      536 rd(x,ld(rd(x,y),y)) = mult(rd(x,y),rd(x,y)).  [para(12(a,1),338(a,1,1))].
    new demodulator: 536.
kept:      537 rd(mult(mult(x,y),mult(x,mult(y,ld(mult(z,u),mult(z,mult(u,w)))))),ld(mult(z,u),mult(z,mult(u,ld(mult(x,y),mult(x,mult(y,w))))))) = mult(mult(x,y),mult(x,y)).  [para(42(a,1),338(a,1,2))].
    new demodulator: 537.
kept:      538 rd(mult(x,mult(x,mult(y,z))),ld(mult(x,mult(x,y)),z)) = mult(x,mult(x,mult(y,mult(x,mult(x,y))))).  [para(46(a,1),338(a,1,1)),rewrite([46(12)])].
    new demodulator: 538.
kept:      539 rd(mult(x,mult(x,y)),ld(x,ld(x,y))) = mult(x,mult(x,mult(x,x))).  [para(161(a,1),338(a,1,1)),rewrite([519(4),161(8)])].
    new demodulator: 539.
kept:      540 rd(mult(x,mult(y,x)),ld(mult(x,y),x)) = mult(mult(x,y),mult(x,y)).  [para(162(a,1),338(a,1,1))].
    new demodulator: 540.
kept:      541 rd(mult(x,y),mult(ld(y,ld(y,x)),y)) = mult(y,y).  [para(280(a,1),338(a,1,1)),rewrite([351(4)])].
    new demodulator: 541.
    starting back demodulation with 534.
    starting back demodulation with 535.
    starting back demodulation with 536.
    starting back demodulation with 537.
    starting back demodulation with 538.
    starting back demodulation with 539.
    starting back demodulation with 540.
    starting back demodulation with 541.

given #45 (T,wt=9): 534 rd(x,ld(x,e)) = mult(x,x).  [para(8(a,1),338(a,1,1))].
kept:      542 rd(rd(e,x),x) = mult(rd(e,x),rd(e,x)).  [para(54(a,1),534(a,1,2))].
    new demodulator: 542.
kept:      543 rd(mult(x,x),ld(x,ld(x,e))) = mult(x,mult(x,mult(x,x))).  [para(161(a,1),534(a,2)),rewrite([519(4)])].
    new demodulator: 543.
    starting back demodulation with 542.
    starting back demodulation with 543.

given #46 (A,wt=32): 57 ld(mult(x,mult(y,ld(mult(x,y),z))),z) != e | ld(mult(x,y),mult(x,mult(y,ld(mult(x,y),z)))) = ld(mult(x,y),z).  [para(10(a,1),24(a,1,2))].
kept:      544 ld(mult(rd(x,y),mult(y,ld(x,z))),z) != e | ld(x,mult(rd(x,y),mult(y,ld(x,z)))) = ld(x,z).  [para(12(a,1),57(a,1,1,2,2,1)),rewrite([12(9),12(10),12(14)])].
kept:      545 ld(mult(x,mult(y,ld(mult(z,u),mult(z,mult(u,ld(mult(x,y),mult(x,mult(y,w)))))))),mult(x,mult(y,ld(mult(z,u),mult(z,mult(u,w)))))) != e | ld(mult(x,y),mult(x,mult(y,ld(mult(x,y),mult(x,mult(y,ld(mult(z,u),mult(z,mult(u,w))))))))) = ld(mult(x,y),mult(x,mult(y,ld(mult(z,u),mult(z,mult(u,w)))))).  [para(42(a,1),57(a,1,1,2,2))].
kept:      546 ld(mult(x,mult(x,mult(y,mult(z,ld(mult(x,mult(x,mult(y,z))),u))))),u) != e | ld(mult(y,z),mult(y,mult(z,ld(mult(x,mult(x,mult(y,z))),u)))) = ld(mult(x,mult(x,mult(y,z))),u).  [para(46(a,1),57(a,1,1,2,2,1)),rewrite([46(8),46(14),46(19),46(22),333(23),46(22)])].
kept:      547 ld(mult(x,mult(y,mult(y,mult(z,ld(mult(x,mult(y,mult(y,z))),u))))),u) != e | ld(mult(x,mult(y,mult(y,z))),mult(x,mult(y,mult(y,mult(z,ld(mult(x,mult(y,mult(y,z))),u)))))) = ld(mult(x,mult(y,mult(y,z))),u).  [para(46(a,1),57(a,1,1,2)),rewrite([46(21)])].
kept:      548 ld(mult(x,mult(y,mult(y,ld(mult(x,mult(y,y)),z)))),z) != e | ld(mult(x,mult(y,y)),mult(x,mult(y,mult(y,ld(mult(x,mult(y,y)),z))))) = ld(mult(x,mult(y,y)),z).  [para(161(a,1),57(a,1,1,2)),rewrite([161(16)])].
kept:      549 ld(mult(mult(x,y),mult(x,ld(mult(x,mult(y,x)),z))),z) != e | ld(mult(x,mult(y,x)),mult(mult(x,y),mult(x,ld(mult(x,mult(y,x)),z)))) = ld(mult(x,mult(y,x)),z).  [para(162(a,1),57(a,1,1,2,2,1)),rewrite([162(11),162(14),162(20)])].
kept:      550 ld(mult(x,mult(mult(ld(x,y),x),ld(mult(y,x),z))),z) != e | ld(mult(y,x),mult(x,mult(mult(ld(x,y),x),ld(mult(y,x),z)))) = ld(mult(y,x),z).  [para(280(a,1),57(a,1,1,2,2,1)),rewrite([280(12),280(15),280(20)])].

given #47 (T,wt=11): 343 ld(mult(x,rd(y,x)),mult(x,y)) = x.  [para(12(a,1),279(a,1,2,2))].
kept:      551 ld(mult(x,rd(e,x)),x) = x.  [para(8(a,1),343(a,1,2))].
    new demodulator: 551.
kept:      552 ld(mult(x,rd(ld(x,y),x)),y) = x.  [para(10(a,1),343(a,1,2))].
    new demodulator: 552.
kept:      553 ld(mult(rd(x,y),rd(y,rd(x,y))),x) = rd(x,y).  [para(12(a,1),343(a,1,2))].
    new demodulator: 553.
kept:      554 ld(mult(mult(x,y),rd(mult(mult(rd(mult(mult(z,x),y),mult(x,y)),u),w),mult(u,w))),mult(mult(x,y),mult(mult(rd(mult(mult(z,u),w),mult(u,w)),x),y))) = mult(x,y).  [para(44(a,1),343(a,1,1,2))].
    new demodulator: 554.
kept:      555 ld(mult(x,rd(y,mult(z,mult(z,x)))),mult(x,y)) = mult(z,mult(z,x)).  [para(46(a,1),343(a,1,1)),rewrite([46(9),333(10)])].
    new demodulator: 555.
kept:      556 ld(mult(mult(x,y),rd(x,mult(x,y))),mult(x,mult(y,x))) = mult(x,y).  [para(162(a,1),343(a,1,2))].
    new demodulator: 556.
kept:      557 ld(mult(x,mult(y,z)),mult(mult(x,mult(y,rd(z,y))),y)) != e | ld(mult(x,mult(y,rd(z,y))),mult(x,mult(y,z))) = y.  [para(343(a,1),55(a,1,2,2)),rewrite([343(19)])].
kept:      558 mult(x,mult(rd(y,x),mult(x,mult(x,rd(y,x))))) = mult(mult(x,y),mult(x,rd(y,x))).  [para(343(a,1),280(a,1,2,1)),rewrite([312(6)])].
    new demodulator: 558.
kept:      559 ld(mult(mult(x,rd(y,x)),mult(x,z)),mult(mult(x,y),z)) != e | ld(mult(x,y),mult(mult(x,rd(y,x)),mult(x,z))) = z.  [para(343(a,1),56(a,1,1,2,1)),rewrite([343(16)])].
kept:      560 rd(mult(mult(x,rd(y,x)),mult(x,y)),x) = mult(mult(x,rd(y,x)),mult(x,rd(y,x))).  [para(343(a,1),338(a,1,2))].
    new demodulator: 560.
kept:      561 ld(mult(ld(x,y),mult(x,x)),mult(ld(x,y),mult(x,y))) = ld(x,y).  [para(338(a,1),343(a,1,1,2))].
    new demodulator: 561.
kept:      562 ld(mult(ld(x,e),mult(x,x)),mult(ld(x,e),x)) = ld(x,e).  [para(534(a,1),343(a,1,1,2))].
    new demodulator: 562.
    starting back demodulation with 551.
    starting back demodulation with 552.
    starting back demodulation with 553.
    starting back demodulation with 554.
    starting back demodulation with 555.
    starting back demodulation with 556.
    starting back demodulation with 558.
    starting back demodulation with 560.
    starting back demodulation with 561.
    starting back demodulation with 562.

given #48 (T,wt=9): 551 ld(mult(x,rd(e,x)),x) = x.  [para(8(a,1),343(a,1,2))].
kept:      563 ld(mult(x,rd(e,mult(y,mult(y,x)))),x) = mult(y,mult(y,x)).  [para(46(a,1),551(a,1,1)),rewrite([333(10)])].
    new demodulator: 563.
kept:      564 mult(x,rd(e,x)) = e.  [para(551(a,1),53(a,1,2)),rewrite([51(1)]),flip(a)].
    new demodulator: 564.
kept:      565 ld(mult(ld(x,e),x),ld(x,e)) = ld(x,e).  [para(53(a,1),551(a,1,1,2))].
    new demodulator: 565.
kept:      566 ld(mult(x,mult(x,rd(e,mult(x,x)))),mult(x,x)) = mult(x,x).  [para(161(a,1),551(a,1,1))].
    new demodulator: 566.
    starting back demodulation with 563.
    starting back demodulation with 564.
        564 back demodulating 551.
    starting back demodulation with 565.
    starting back demodulation with 566.

given #49 (T,wt=7): 564 mult(x,rd(e,x)) = e.  [para(551(a,1),53(a,1,2)),rewrite([51(1)]),flip(a)].
kept:      567 rd(e,x) = ld(x,e).  [para(564(a,1),9(a,1,2)),flip(a)].
    new demodulator: 567.
kept:      568 mult(x,mult(ld(x,e),y)) != y | ld(mult(x,mult(ld(x,e),y)),y) = e.  [para(564(a,1),26(a,1,1)),rewrite([567(3),49(6),567(7),567(11),10(12),7(11)])].
kept:      569 ld(mult(x,y),x) != ld(y,e) | ld(x,mult(mult(x,y),ld(y,e))) = e.  [para(564(a,1),26(a,1,2,2)),rewrite([8(3),567(4),567(7),10(8),8(7),567(8)])].
kept:      570 ld(mult(x,y),mult(x,mult(y,mult(z,mult(ld(z,e),u))))) = mult(z,mult(ld(z,e),ld(mult(x,y),mult(x,mult(y,u))))).  [para(564(a,1),42(a,1,1)),rewrite([567(3),49(10),567(11),10(12),567(12),49(15)]),flip(a)].
    new demodulator: 570.
kept:      571 ld(mult(x,y),mult(x,mult(y,ld(mult(z,u),mult(z,mult(u,ld(y,e))))))) = ld(mult(z,u),mult(z,mult(u,ld(mult(x,y),x)))).  [para(564(a,1),42(a,1,2,2,2,2,2)),rewrite([8(4),567(10)]),flip(a)].
kept:      572 rd(mult(mult(rd(mult(mult(x,y),z),mult(y,z)),ld(x,e)),u),mult(ld(x,e),u)) = rd(mult(mult(rd(u,mult(ld(x,e),u)),y),z),mult(y,z)).  [para(564(a,1),44(a,1,1,1,1,1,1)),rewrite([7(2),567(2),567(14),567(18)]),flip(a)].
kept:      573 rd(mult(mult(rd(mult(mult(x,y),z),mult(y,z)),u),ld(mult(x,u),e)),mult(u,ld(mult(x,u),e))) = rd(mult(mult(ld(mult(u,ld(mult(x,u),e)),e),y),z),mult(y,z)).  [para(564(a,1),44(a,1,1,1,1,1)),rewrite([567(4),567(6),567(18),567(22)]),flip(a)].
kept:      574 rd(mult(mult(mult(mult(x,y),ld(y,e)),z),u),mult(z,u)) = mult(mult(rd(mult(mult(x,z),u),mult(z,u)),y),ld(y,e)).  [para(564(a,1),44(a,1,1,1,1,2)),rewrite([567(3),52(6),567(15),567(18),10(19),52(18)])].
    new demodulator: 574.
kept:      575 mult(ld(x,e),x) = e.  [para(53(a,1),564(a,1,2))].
    new demodulator: 575.
kept:      576 mult(mult(x,y),ld(y,ld(x,e))) != e | ld(mult(x,y),e) = ld(y,ld(x,e)).  [para(564(a,1),55(a,1,1)),rewrite([567(4),49(7),567(10),10(11),567(12)])].
kept:      577 ld(mult(x,y),ld(ld(x,e),y)) != e | ld(ld(x,e),y) = mult(x,y).  [para(564(a,1),55(a,1,2,1)),rewrite([567(4),7(6),567(9),10(10),49(10),567(10)]),flip(b)].
kept:      578 ld(x,mult(y,ld(ld(x,y),e))) != e | ld(ld(x,y),e) = ld(y,x).  [para(564(a,1),56(a,1,1,2)),rewrite([8(2),567(3),567(11),10(12),8(9),567(11)]),flip(b)].
    starting back demodulation with 567.
        567 back demodulating 566.
        567 back demodulating 564.
        567 back demodulating 563.
kept:      579 ld(mult(x,ld(mult(y,mult(y,x)),e)),x) = mult(y,mult(y,x)).  [back_rewrite(563),rewrite([567(4)])].
    new demodulator: 579.
        567 back demodulating 542.
kept:      580 rd(ld(x,e),x) = mult(ld(x,e),ld(x,e)).  [back_rewrite(542),rewrite([567(2),567(5),567(7)])].
    new demodulator: 580.
    starting back demodulation with 570.
    starting back demodulation with 574.
    starting back demodulation with 575.
        575 back demodulating 565.
        575 back demodulating 562.
kept:      581 ld(mult(ld(x,e),mult(x,x)),e) = ld(x,e).  [back_rewrite(562),rewrite([575(7)])].
    new demodulator: 581.
    starting back demodulation with 579.
    starting back demodulation with 580.
    starting back demodulation with 581.

given #50 (T,wt=7): 567 rd(e,x) = ld(x,e).  [para(564(a,1),9(a,1,2)),flip(a)].
kept:      582 ld(ld(x,e),e) = x.  [para(567(a,1),53(a,1))].
    new demodulator: 582.
    starting back demodulation with 582.

given #51 (A,wt=24): 58 ld(mult(x,y),mult(mult(x,rd(y,z)),z)) != e | ld(mult(x,rd(y,z)),mult(x,y)) = z.  [para(12(a,1),24(a,1,1,2)),rewrite([12(11)])].
kept:      583 ld(x,mult(mult(x,ld(y,e)),y)) != e | ld(mult(x,ld(y,e)),x) = y.  [para(8(a,1),58(a,1,1)),rewrite([567(2),567(9),8(12)])].
kept:      584 ld(x,mult(mult(y,rd(ld(y,x),z)),z)) != e | ld(mult(y,rd(ld(y,x),z)),x) = z.  [para(10(a,1),58(a,1,1)),rewrite([10(12)])].
kept:      585 ld(x,mult(mult(rd(x,y),rd(y,z)),z)) != e | ld(mult(rd(x,y),rd(y,z)),x) = z.  [para(12(a,1),58(a,1,1)),rewrite([12(12)])].
kept:      586 ld(mult(rd(x,rd(y,z)),y),mult(x,z)) != e | ld(x,mult(rd(x,rd(y,z)),y)) = z.  [para(12(a,1),58(a,1,2,1)),rewrite([12(11)])].
kept:      587 ld(mult(x,mult(mult(rd(mult(mult(y,z),u),mult(z,u)),w),v5)),mult(mult(x,rd(mult(mult(rd(mult(mult(y,w),v5),mult(w,v5)),z),u),mult(z,u))),mult(w,v5))) != e | ld(mult(x,rd(mult(mult(rd(mult(mult(y,z),u),mult(z,u)),w),v5),mult(w,v5))),mult(x,mult(mult(rd(mult(mult(y,z),u),mult(z,u)),w),v5))) = mult(w,v5).  [para(44(a,1),58(a,1,2,1,2))].
kept:      588 ld(mult(x,mult(y,x)),mult(mult(mult(x,y),rd(x,z)),z)) != e | ld(mult(mult(x,y),rd(x,z)),mult(x,mult(y,x))) = z.  [para(162(a,1),58(a,1,1)),rewrite([162(14)])].
kept:      589 ld(mult(mult(rd(x,y),z),x),mult(rd(x,y),mult(z,x))) != e | ld(mult(rd(x,y),mult(z,rd(x,y))),mult(mult(rd(x,y),z),x)) = y.  [para(162(a,1),58(a,1,2,1)),rewrite([209(8),12(6),162(13)])].
kept:      590 ld(mult(x,y),mult(mult(y,rd(mult(ld(y,x),y),z)),z)) != e | ld(mult(y,rd(mult(ld(y,x),y),z)),mult(x,y)) = z.  [para(280(a,1),58(a,1,1)),rewrite([280(16)])].
kept:      591 ld(mult(x,y),mult(mult(x,mult(y,y)),ld(y,e))) != e | ld(mult(x,mult(y,y)),mult(x,y)) = ld(y,e).  [para(534(a,1),58(a,1,2,1,2)),rewrite([534(12)])].

given #52 (T,wt=7): 575 mult(ld(x,e),x) = e.  [para(53(a,1),564(a,1,2))].
kept:      592 mult(mult(ld(mult(x,y),e),x),y) != e | ld(mult(ld(mult(x,y),e),x),e) = y.  [para(575(a,1),24(a,1,1)),rewrite([49(7),575(16)])].
kept:      593 ld(mult(ld(x,e),mult(x,y)),y) != e | mult(ld(x,e),mult(x,y)) = y.  [para(575(a,1),24(a,1,2,1)),rewrite([7(6),575(10),49(13)])].
kept:      594 mult(ld(x,e),mult(x,y)) != y | ld(mult(ld(x,e),mult(x,y)),y) = e.  [para(575(a,1),26(a,1,1)),rewrite([49(6),575(12),7(11)])].
kept:      595 ld(mult(x,ld(y,e)),x) != y | ld(x,mult(mult(x,ld(y,e)),y)) = e.  [para(575(a,1),26(a,1,2,2)),rewrite([8(5),575(8),8(7)])].
kept:      596 ld(mult(ld(mult(x,y),e),x),e) != y | mult(mult(ld(mult(x,y),e),x),y) = e.  [para(575(a,1),26(a,1,2)),rewrite([575(12),49(14)])].
kept:      597 ld(mult(x,y),mult(x,mult(y,mult(ld(z,e),mult(z,u))))) = mult(ld(z,e),mult(z,ld(mult(x,y),mult(x,mult(y,u))))).  [para(575(a,1),42(a,1,1)),rewrite([49(10),575(12),49(15)]),flip(a)].
    new demodulator: 597.
kept:      598 ld(mult(x,ld(y,e)),mult(x,mult(ld(y,e),ld(mult(z,u),mult(z,mult(u,y)))))) = ld(mult(z,u),mult(z,mult(u,ld(mult(x,ld(y,e)),x)))).  [para(575(a,1),42(a,1,2,2,2,2,2)),rewrite([8(6)]),flip(a)].
kept:      599 ld(mult(ld(mult(x,y),e),x),mult(ld(mult(x,y),e),mult(x,ld(mult(z,u),mult(z,mult(u,y)))))) = ld(mult(z,u),mult(z,mult(u,ld(mult(ld(mult(x,y),e),x),e)))).  [para(575(a,1),42(a,1,2,2,2,2)),flip(a)].
kept:      600 ld(mult(x,y),mult(x,mult(y,ld(mult(z,ld(ld(mult(x,y),mult(x,mult(y,u))),e)),mult(z,mult(ld(ld(mult(x,y),mult(x,mult(y,u))),e),u)))))) = ld(mult(z,ld(ld(mult(x,y),mult(x,mult(y,u))),e)),z).  [para(575(a,1),42(a,1,2,2)),rewrite([8(9)]),flip(a)].
    new demodulator: 600.
kept:      601 ld(mult(x,y),mult(x,mult(y,ld(mult(ld(mult(z,ld(mult(x,y),mult(x,mult(y,u)))),e),z),mult(ld(mult(z,ld(mult(x,y),mult(x,mult(y,u)))),e),mult(z,u)))))) = ld(mult(ld(mult(z,ld(mult(x,y),mult(x,mult(y,u)))),e),z),e).  [para(575(a,1),42(a,1,2)),flip(a)].
    new demodulator: 601.
kept:      602 rd(mult(mult(rd(mult(mult(ld(x,e),y),z),mult(y,z)),x),u),mult(x,u)) = rd(mult(mult(rd(u,mult(x,u)),y),z),mult(y,z)).  [para(575(a,1),44(a,1,1,1,1,1,1)),rewrite([7(2)]),flip(a)].
kept:      603 rd(mult(mult(mult(mult(x,ld(y,e)),y),z),u),mult(z,u)) = mult(mult(rd(mult(mult(x,z),u),mult(z,u)),ld(y,e)),y).  [para(575(a,1),44(a,1,1,1,1,2)),rewrite([52(6),575(19),52(18)])].
    new demodulator: 603.
kept:      604 mult(ld(x,e),mult(ld(x,e),mult(x,y))) = mult(ld(x,e),y).  [para(575(a,1),46(a,1,1,2)),rewrite([8(4)]),flip(a)].
    new demodulator: 604.
kept:      605 mult(mult(ld(x,e),y),ld(y,x)) != e | ld(mult(ld(x,e),y),e) = ld(y,x).  [para(575(a,1),55(a,1,1)),rewrite([49(7),575(13)])].
kept:      606 ld(mult(ld(x,e),y),ld(x,y)) != e | ld(x,y) = mult(ld(x,e),y).  [para(575(a,1),55(a,1,2,1)),rewrite([7(6),575(10),49(12)]),flip(b)].
kept:      607 ld(mult(x,mult(ld(x,ld(y,e)),y)),e) != e | ld(ld(y,e),mult(x,mult(ld(x,ld(y,e)),y))) = y.  [para(575(a,1),56(a,1,2))].
kept:      608 ld(ld(ld(x,e),x),e) = mult(ld(x,e),ld(x,e)).  [para(575(a,1),338(a,1,1)),rewrite([567(5)])].
    new demodulator: 608.
kept:      609 mult(mult(ld(x,e),rd(x,y)),y) != e | ld(mult(ld(x,e),rd(x,y)),e) = y.  [para(575(a,1),58(a,1,1)),rewrite([49(7),575(14)])].
kept:      610 ld(mult(ld(rd(x,y),e),x),y) != e | mult(ld(rd(x,y),e),x) = y.  [para(575(a,1),58(a,1,2,1)),rewrite([7(6),575(12),49(13)])].
    starting back demodulation with 597.
    starting back demodulation with 600.
    starting back demodulation with 601.
    starting back demodulation with 603.
    starting back demodulation with 604.
    starting back demodulation with 608.

given #53 (T,wt=7): 582 ld(ld(x,e),e) = x.  [para(567(a,1),53(a,1))].

given #54 (T,wt=11): 351 ld(x,mult(y,x)) = mult(ld(x,y),x).  [para(280(a,1),9(a,1,2))].
kept:      611 ld(ld(x,y),y) = mult(ld(ld(x,y),x),ld(x,y)).  [para(10(a,1),351(a,1,2))].
kept:      612 mult(ld(x,rd(y,x)),x) = ld(x,y).  [para(12(a,1),351(a,1,2)),flip(a)].
    new demodulator: 612.
kept:      613 mult(ld(x,e),mult(x,ld(mult(y,z),mult(y,mult(z,x))))) = ld(mult(y,z),mult(y,mult(z,x))).  [para(351(a,1),42(a,1,2,2,2)),rewrite([519(3),50(2),597(8),519(16),9(15),9(14)])].
    new demodulator: 613.
kept:      614 mult(ld(ld(mult(x,y),mult(x,mult(y,z))),e),mult(ld(mult(x,y),mult(x,mult(y,z))),ld(mult(x,y),mult(x,mult(y,z))))) = ld(mult(x,y),mult(x,mult(y,z))).  [para(351(a,1),42(a,1)),rewrite([519(14),50(13),519(37),9(36),9(27)])].
    new demodulator: 614.
kept:      615 ld(x,mult(y,mult(y,mult(z,x)))) = mult(ld(x,mult(y,mult(y,z))),x).  [para(46(a,1),351(a,1,2))].
    new demodulator: 615.
kept:      616 ld(x,mult(y,mult(y,x))) = mult(ld(x,mult(y,y)),x).  [para(161(a,1),351(a,1,2))].
    new demodulator: 616.
kept:      617 mult(ld(x,e),mult(x,x)) = x.  [para(351(a,1),279(a,1)),rewrite([519(2),50(1)])].
    new demodulator: 617.
kept:      618 ld(mult(x,y),mult(x,mult(y,mult(x,mult(x,y))))) = mult(x,mult(x,y)).  [para(279(a,1),351(a,2,1)),rewrite([209(5)])].
    new demodulator: 618.
kept:      619 ld(mult(ld(x,y),x),mult(y,x)) = mult(ld(mult(ld(x,y),x),x),mult(ld(x,y),x)).  [para(280(a,1),351(a,1,2))].
    new demodulator: 619.
kept:      620 mult(ld(mult(x,y),mult(x,rd(y,mult(x,y)))),mult(x,y)) != e | ld(mult(x,rd(y,mult(x,y))),mult(x,y)) = mult(x,y).  [para(351(a,1),58(a,1))].
kept:      621 mult(ld(x,ld(x,e)),x) = ld(x,e).  [para(575(a,1),351(a,1,2)),flip(a)].
    new demodulator: 621.
    starting back demodulation with 612.
    starting back demodulation with 613.
    starting back demodulation with 614.
    starting back demodulation with 615.
        615 back demodulating 439.
        615 back demodulating 437.
        615 back demodulating 436.
        615 back demodulating 434.
        615 back demodulating 230.
kept:      622 ld(mult(x,mult(y,mult(y,z))),mult(y,mult(y,mult(z,x)))) != e | mult(ld(x,mult(y,mult(y,z))),x) = mult(y,mult(y,z)).  [back_rewrite(230),rewrite([615(13)])].
        615 back demodulating 228.
kept:      623 mult(ld(x,mult(y,mult(y,z))),x) != mult(y,mult(y,z)) | ld(mult(x,mult(y,mult(y,z))),mult(y,mult(y,mult(z,x)))) = e.  [back_rewrite(228),rewrite([615(4)])].
    starting back demodulation with 616.
        616 back demodulating 524.
kept:      624 mult(ld(x,mult(y,y)),x) != mult(y,y) | mult(ld(y,ld(y,x)),mult(y,y)) = x.  [back_rewrite(524),rewrite([616(3)])].
        616 back demodulating 425.
        616 back demodulating 424.
        616 back demodulating 263.
        616 back demodulating 259.
kept:      625 ld(mult(x,mult(y,y)),mult(y,mult(y,x))) != e | mult(ld(x,mult(y,y)),x) = mult(y,y).  [back_rewrite(259),rewrite([616(10)])].
        616 back demodulating 257.
kept:      626 mult(ld(x,mult(y,y)),x) != mult(y,y) | ld(mult(x,mult(y,y)),mult(y,mult(y,x))) = e.  [back_rewrite(257),rewrite([616(3)])].
    617 back subsumes 614.
    starting back demodulation with 617.
        617 back demodulating 581.
    starting back demodulation with 618.
    619 back subsumes 503.
    starting back demodulation with 619.
        619 back demodulating 373.
        619 back demodulating 370.
        619 back demodulating 366.
        619 back demodulating 363.
        619 back demodulating 362.
        619 back demodulating 361.
kept:      627 ld(mult(mult(ld(x,y),x),x),mult(y,x)) != e | mult(ld(mult(ld(x,y),x),x),mult(ld(x,y),x)) = x.  [back_rewrite(361),rewrite([619(11)])].
        619 back demodulating 359.
kept:      628 mult(ld(mult(ld(x,y),x),x),mult(ld(x,y),x)) != x | ld(mult(mult(ld(x,y),x),x),mult(y,x)) = e.  [back_rewrite(359),rewrite([619(4)])].
        619 back demodulating 358.
kept:      629 mult(ld(mult(ld(x,y),x),x),mult(ld(x,y),x)) != x | mult(mult(ld(x,ld(x,y)),x),x) = mult(ld(x,y),x).  [back_rewrite(358),rewrite([619(4)])].
    starting back demodulation with 621.

given #55 (T,wt=9): 617 mult(ld(x,e),mult(x,x)) = x.  [para(351(a,1),279(a,1)),rewrite([519(2),50(1)])].
kept:      630 ld(ld(x,e),x) = mult(x,x).  [para(617(a,1),9(a,1,2))].
    new demodulator: 630.
kept:      631 rd(x,mult(x,x)) = ld(x,e).  [para(617(a,1),11(a,1,1))].
    new demodulator: 631.
kept:      632 ld(mult(x,y),mult(mult(x,ld(y,e)),mult(y,y))) != e | ld(mult(x,ld(y,e)),mult(x,y)) = mult(y,y).  [para(617(a,1),24(a,1,1,2)),rewrite([617(16)])].
kept:      633 ld(mult(ld(x,e),mult(x,mult(x,y))),mult(x,y)) != e | ld(x,mult(ld(x,e),mult(x,mult(x,y)))) = y.  [para(617(a,1),24(a,1,2,1)),rewrite([161(4),617(13),161(13)])].
kept:      634 ld(x,mult(ld(x,e),mult(x,mult(x,y)))) != y | ld(mult(ld(x,e),mult(x,mult(x,y))),mult(x,y)) = e.  [para(617(a,1),26(a,1,1)),rewrite([161(4),161(11),617(16)])].
kept:      635 ld(mult(x,ld(y,e)),mult(x,y)) != mult(y,y) | ld(mult(x,y),mult(mult(x,ld(y,e)),mult(y,y))) = e.  [para(617(a,1),26(a,1,2,2)),rewrite([617(11)])].
kept:      636 ld(mult(x,y),mult(x,mult(y,ld(z,mult(ld(z,e),mult(z,mult(z,u))))))) = ld(z,mult(ld(z,e),mult(z,mult(z,ld(mult(x,y),mult(x,mult(y,u))))))).  [para(617(a,1),42(a,1,1)),rewrite([161(8),617(15),161(15)]),flip(a)].
kept:      637 ld(mult(x,ld(y,e)),mult(x,mult(ld(y,e),ld(mult(z,u),mult(z,mult(u,mult(y,y))))))) = ld(mult(z,u),mult(z,mult(u,ld(mult(x,ld(y,e)),mult(x,y))))).  [para(617(a,1),42(a,1,2,2,2,2,2)),flip(a)].
kept:      638 rd(mult(mult(rd(mult(mult(ld(x,e),y),z),mult(y,z)),mult(x,x)),u),mult(x,mult(x,u))) = rd(mult(mult(rd(mult(x,u),mult(x,mult(x,u))),y),z),mult(y,z)).  [para(617(a,1),44(a,1,1,1,1,1,1)),rewrite([161(3),161(19)]),flip(a)].
kept:      639 rd(mult(mult(rd(mult(mult(x,ld(y,e)),mult(y,y)),y),z),u),mult(z,u)) = rd(mult(mult(rd(mult(mult(x,z),u),mult(z,u)),ld(y,e)),mult(y,y)),y).  [para(617(a,1),44(a,1,1,1,1,2)),rewrite([617(23)])].
kept:      640 mult(ld(x,e),mult(x,y)) = y.  [para(617(a,1),46(a,1,1,2)),rewrite([575(3),7(2),161(6),604(8)]),flip(a)].
    new demodulator: 640.
kept:      641 mult(ld(mult(x,mult(x,y)),e),mult(x,mult(x,mult(y,mult(x,mult(x,y)))))) = mult(x,mult(x,y)).  [para(46(a,1),617(a,1,2))].
    new demodulator: 641.
kept:      642 mult(x,mult(ld(x,e),ld(x,e))) = ld(x,e).  [para(54(a,1),617(a,1,1)),rewrite([567(2),567(4),567(8)])].
    new demodulator: 642.
kept:      643 mult(ld(x,ld(x,e)),mult(x,mult(x,mult(x,x)))) = mult(x,x).  [para(161(a,1),617(a,1,2)),rewrite([519(3)])].
    new demodulator: 643.
kept:      644 ld(x,mult(mult(ld(x,e),y),ld(y,mult(x,x)))) != e | ld(mult(ld(x,e),y),x) = ld(y,mult(x,x)).  [para(617(a,1),55(a,1,1)),rewrite([617(16)])].
kept:      645 ld(mult(ld(x,e),y),ld(x,y)) != e | ld(x,ld(x,y)) = ld(x,mult(ld(x,e),y)).  [para(617(a,1),55(a,1,2,1)),rewrite([519(5),10(6),617(11),519(13)]),flip(b)].
kept:      646 ld(x,ld(x,e)) = mult(ld(x,e),ld(x,e)).  [para(617(a,1),253(a,1,1,2)),rewrite([575(3),567(3),519(3)])].
    new demodulator: 646.
kept:      647 ld(mult(x,mult(ld(x,ld(y,e)),mult(y,y))),y) != e | ld(ld(y,e),mult(x,mult(ld(x,ld(y,e)),mult(y,y)))) = mult(y,y).  [para(617(a,1),56(a,1,2))].
kept:      648 rd(x,ld(ld(x,e),mult(x,x))) = mult(ld(x,e),ld(x,e)).  [para(617(a,1),338(a,1,1))].
    new demodulator: 648.
kept:      649 ld(mult(ld(x,e),rd(mult(x,x),ld(x,e))),x) = ld(x,e).  [para(617(a,1),343(a,1,2))].
    new demodulator: 649.
kept:      650 ld(x,mult(mult(ld(x,e),rd(mult(x,x),y)),y)) != e | ld(mult(ld(x,e),rd(mult(x,x),y)),x) = y.  [para(617(a,1),58(a,1,1)),rewrite([617(18)])].
kept:      651 mult(ld(x,mult(ld(x,e),ld(x,e))),mult(x,x)) = ld(x,e).  [para(617(a,1),351(a,1,2)),rewrite([519(2),50(1),519(6),646(5)]),flip(a)].
    new demodulator: 651.
    starting back demodulation with 630.
        630 back demodulating 608.
    starting back demodulation with 631.
    640 back subsumes 617.
    640 back subsumes 613.
    640 back subsumes 593.
    starting back demodulation with 640.
        640 back demodulating 636.
        640 back demodulating 634.
        640 back demodulating 633.
        640 back demodulating 604.
        640 back demodulating 597.
        640 back demodulating 594.
        640 back demodulating 48.
kept:      652 mult(ld(c1,rd(c2,c1)),c3) != mult(ld(c1,e),mult(c2,mult(ld(c1,e),c3))).  [back_rewrite(48),rewrite([640(24)])].
    starting back demodulation with 641.
    starting back demodulation with 642.
    starting back demodulation with 643.
    starting back demodulation with 646.
        646 back demodulating 643.
        646 back demodulating 621.
        646 back demodulating 543.
kept:      653 rd(mult(x,x),mult(ld(x,e),ld(x,e))) = mult(x,mult(x,mult(x,x))).  [back_rewrite(543),rewrite([646(4)])].
    new demodulator: 653.
    starting back demodulation with 648.
    starting back demodulation with 649.
    starting back demodulation with 651.
    starting back demodulation with 653.

given #56 (A,wt=24): 59 ld(x,mult(mult(rd(x,mult(y,z)),y),z)) != e | ld(mult(rd(x,mult(y,z)),y),x) = z.  [para(12(a,1),24(a,1,1)),rewrite([12(14)])].
kept:      654 ld(mult(mult(rd(mult(mult(x,y),z),mult(y,z)),u),w),mult(mult(rd(mult(mult(rd(mult(mult(x,u),w),mult(u,w)),y),z),mult(y,z)),u),w)) != e | ld(mult(rd(mult(mult(rd(mult(mult(x,y),z),mult(y,z)),u),w),mult(u,w)),u),mult(mult(rd(mult(mult(x,y),z),mult(y,z)),u),w)) = w.  [para(44(a,1),59(a,1,2,1,1))].
kept:      655 ld(x,mult(mult(rd(x,mult(y,mult(y,mult(z,u)))),mult(y,mult(y,z))),u)) != e | ld(mult(rd(x,mult(y,mult(y,mult(z,u)))),mult(y,mult(y,z))),x) = u.  [para(46(a,1),59(a,1,2,1,1,2)),rewrite([46(14)])].
kept:      656 ld(x,mult(mult(rd(x,mult(y,mult(y,z))),mult(y,y)),z)) != e | ld(mult(rd(x,mult(y,mult(y,z))),mult(y,y)),x) = z.  [para(161(a,1),59(a,1,2,1,1,2)),rewrite([161(11)])].
kept:      657 ld(x,mult(mult(rd(x,mult(y,mult(z,y))),mult(y,z)),y)) != e | ld(mult(rd(x,mult(y,mult(z,y))),mult(y,z)),x) = y.  [para(162(a,1),59(a,1,2,1,1,2)),rewrite([162(11)])].
kept:      658 ld(x,mult(mult(rd(x,mult(y,z)),z),mult(ld(z,y),z))) != e | ld(mult(rd(x,mult(y,z)),z),x) = mult(ld(z,y),z).  [para(280(a,1),59(a,1,2,1,1,2)),rewrite([280(12)])].
kept:      659 mult(ld(x,mult(rd(x,mult(y,x)),y)),x) != e | ld(mult(rd(x,mult(y,x)),y),x) = x.  [para(351(a,1),59(a,1))].

given #57 (F,wt=19): 652 mult(ld(c1,rd(c2,c1)),c3) != mult(ld(c1,e),mult(c2,mult(ld(c1,e),c3))).  [back_rewrite(48),rewrite([640(24)])].

given #58 (T,wt=9): 630 ld(ld(x,e),x) = mult(x,x).  [para(617(a,1),9(a,1,2))].
kept:      660 ld(ld(x,e),ld(ld(x,e),mult(x,x))) = mult(x,mult(x,mult(x,x))).  [para(161(a,1),630(a,2)),rewrite([519(3),646(3),519(7)])].
    new demodulator: 660.
    starting back demodulation with 660.

given #59 (T,wt=9): 631 rd(x,mult(x,x)) = ld(x,e).  [para(617(a,1),11(a,1,1))].
kept:      661 rd(mult(x,mult(x,y)),mult(x,mult(x,mult(y,mult(x,mult(x,y)))))) = ld(mult(x,mult(x,y)),e).  [para(46(a,1),631(a,1,2))].
    new demodulator: 661.
kept:      662 rd(mult(x,x),mult(x,mult(x,mult(x,x)))) = mult(ld(x,e),ld(x,e)).  [para(161(a,1),631(a,1,2)),rewrite([519(8),646(8)])].
    new demodulator: 662.
    starting back demodulation with 661.
    starting back demodulation with 662.

given #60 (T,wt=9): 640 mult(ld(x,e),mult(x,y)) = y.  [para(617(a,1),46(a,1,1,2)),rewrite([575(3),7(2),161(6),604(8)]),flip(a)].
kept:      663 ld(ld(x,e),y) = mult(x,y).  [para(640(a,1),9(a,1,2))].
    new demodulator: 663.
kept:      664 ld(x,y) = mult(ld(x,e),y).  [para(10(a,1),640(a,1,2)),flip(a)].
kept:      665 rd(x,mult(y,x)) = ld(y,e).  [para(640(a,1),11(a,1,1))].
    new demodulator: 665.
kept:      666 mult(ld(rd(x,y),e),x) = y.  [para(12(a,1),640(a,1,2))].
    new demodulator: 666.
kept:      667 ld(mult(x,y),mult(mult(x,ld(z,e)),mult(z,y))) != e | ld(mult(x,ld(z,e)),mult(x,y)) = mult(z,y).  [para(640(a,1),24(a,1,1,2)),rewrite([640(16)])].
kept:      668 ld(mult(ld(x,e),mult(mult(x,y),z)),mult(y,z)) != e | ld(y,mult(ld(x,e),mult(mult(x,y),z))) = z.  [para(640(a,1),24(a,1,2,1)),rewrite([640(13)])].
kept:      669 ld(x,mult(ld(y,e),mult(mult(y,x),z))) != z | ld(mult(ld(y,e),mult(mult(y,x),z)),mult(x,z)) = e.  [para(640(a,1),26(a,1,1)),rewrite([640(16)])].
kept:      670 ld(mult(x,ld(y,e)),mult(x,z)) != mult(y,z) | ld(mult(x,z),mult(mult(x,ld(y,e)),mult(y,z))) = e.  [para(640(a,1),26(a,1,2,2)),rewrite([640(11)])].
kept:      671 ld(mult(x,y),mult(x,mult(y,ld(z,mult(ld(u,e),mult(mult(u,z),w)))))) = ld(z,mult(ld(u,e),mult(mult(u,z),ld(mult(x,y),mult(x,mult(y,w)))))).  [para(640(a,1),42(a,1,1)),rewrite([640(15)]),flip(a)].
kept:      672 ld(mult(x,ld(y,e)),mult(x,mult(ld(y,e),ld(mult(z,u),mult(z,mult(u,mult(y,w))))))) = ld(mult(z,u),mult(z,mult(u,ld(mult(x,ld(y,e)),mult(x,w))))).  [para(640(a,1),42(a,1,2,2,2,2,2)),flip(a)].
kept:      673 rd(mult(mult(rd(mult(mult(ld(x,e),y),z),mult(y,z)),mult(x,u)),w),mult(mult(x,u),w)) = rd(mult(mult(rd(mult(u,w),mult(mult(x,u),w)),y),z),mult(y,z)).  [para(640(a,1),44(a,1,1,1,1,1,1)),flip(a)].
kept:      674 rd(mult(mult(rd(mult(mult(x,ld(y,e)),mult(y,z)),z),u),w),mult(u,w)) = rd(mult(mult(rd(mult(mult(x,u),w),mult(u,w)),ld(y,e)),mult(y,z)),z).  [para(640(a,1),44(a,1,1,1,1,2)),rewrite([640(23)])].
kept:      675 mult(mult(ld(x,e),y),z) = mult(ld(x,e),mult(ld(x,e),mult(mult(x,y),z))).  [para(640(a,1),46(a,1,1,2))].
    new demodulator: 675.
kept:      676 mult(ld(mult(x,mult(x,y)),e),mult(x,mult(x,mult(y,z)))) = z.  [para(46(a,1),640(a,1,2))].
    new demodulator: 676.
kept:      677 mult(x,mult(ld(x,e),y)) = y.  [para(54(a,1),640(a,1,1)),rewrite([567(2)])].
    new demodulator: 677.
kept:      678 mult(ld(x,e),mult(mult(x,y),ld(x,e))) = mult(y,ld(x,e)).  [para(640(a,1),162(a,1,1)),flip(a)].
    new demodulator: 678.
kept:      679 mult(ld(mult(x,y),e),mult(x,mult(y,x))) = x.  [para(162(a,1),640(a,1,2))].
    new demodulator: 679.
kept:      680 ld(x,mult(ld(y,e),mult(ld(y,e),mult(mult(y,z),ld(z,mult(y,x)))))) != e | ld(mult(ld(y,e),z),x) = ld(z,mult(y,x)).  [para(640(a,1),55(a,1,1)),rewrite([675(6),640(20)])].
kept:      681 ld(mult(ld(x,e),y),mult(z,ld(mult(x,z),y))) != e | ld(mult(x,z),y) = ld(z,mult(ld(x,e),y)).  [para(640(a,1),55(a,1,2,1)),rewrite([640(13)]),flip(b)].
kept:      682 rd(mult(ld(x,e),y),mult(x,y)) = mult(ld(x,e),ld(x,e)).  [para(640(a,1),253(a,1,1,2))].
    new demodulator: 682.
kept:      683 ld(mult(mult(x,y),ld(x,e)),mult(mult(x,y),y)) = mult(x,y).  [para(640(a,1),279(a,1,2,2))].
    new demodulator: 683.
kept:      684 mult(ld(x,e),mult(y,x)) = mult(ld(x,y),x).  [para(280(a,1),640(a,1,2))].
kept:      685 ld(mult(x,mult(ld(x,ld(y,e)),mult(y,z))),z) != e | mult(y,mult(x,mult(ld(x,ld(y,e)),mult(y,z)))) = mult(y,z).  [para(640(a,1),56(a,1,2)),rewrite([663(18)])].
kept:      686 rd(x,mult(y,mult(y,x))) = mult(ld(y,e),ld(y,e)).  [para(640(a,1),338(a,1,1)),rewrite([663(4)])].
    new demodulator: 686.
kept:      687 ld(mult(ld(x,e),mult(mult(x,y),ld(y,z))),z) != e | ld(y,mult(ld(x,e),mult(mult(x,y),ld(y,z)))) = ld(y,z).  [para(640(a,1),57(a,1,1,2,2,1)),rewrite([640(13),640(16),640(20)])].
kept:      688 ld(mult(ld(x,e),rd(mult(x,y),ld(x,e))),y) = ld(x,e).  [para(640(a,1),343(a,1,2))].
    new demodulator: 688.
kept:      689 ld(x,mult(ld(y,e),mult(ld(y,e),mult(mult(y,rd(mult(y,x),z)),z)))) != e | ld(mult(ld(y,e),rd(mult(y,x),z)),x) = z.  [para(640(a,1),58(a,1,1)),rewrite([675(6),640(22)])].
kept:      690 ld(mult(x,y),y) = mult(ld(mult(x,y),ld(x,e)),mult(x,y)).  [para(640(a,1),351(a,1,2))].
kept:      691 ld(x,mult(mult(rd(x,y),ld(z,e)),mult(z,y))) != e | ld(mult(rd(x,y),ld(z,e)),x) = mult(z,y).  [para(640(a,1),59(a,1,2,1,1,2)),rewrite([640(13)])].
    663 back subsumes 630.
    663 back subsumes 577.
    starting back demodulation with 663.
        663 back demodulating 660.
        663 back demodulating 648.
        663 back demodulating 647.
        663 back demodulating 607.
kept:      692 ld(mult(x,mult(ld(x,ld(y,e)),y)),e) != e | mult(y,mult(x,mult(ld(x,ld(y,e)),y))) = y.  [back_rewrite(607),rewrite([663(17)])].
        663 back demodulating 582.
    664 back subsumes 646.
    664 back subsumes 606.
    665 back subsumes 631.
    starting back demodulation with 665.
        665 back demodulating 659.
        665 back demodulating 638.
kept:      693 rd(mult(mult(rd(mult(ld(x,e),mult(ld(x,e),mult(mult(x,y),z))),mult(y,z)),mult(x,x)),u),mult(x,mult(x,u))) = rd(mult(ld(x,e),mult(ld(x,e),mult(mult(x,y),z))),mult(y,z)).  [back_rewrite(638),rewrite([675(4),665(20),675(20)])].
    new demodulator: 693.
        665 back demodulating 620.
        665 back demodulating 602.
kept:      694 rd(mult(mult(rd(mult(ld(x,e),mult(ld(x,e),mult(mult(x,y),z))),mult(y,z)),x),u),mult(x,u)) = rd(mult(ld(x,e),mult(ld(x,e),mult(mult(x,y),z))),mult(y,z)).  [back_rewrite(602),rewrite([675(4),665(16),675(18)])].
    new demodulator: 694.
        665 back demodulating 572.
kept:      695 rd(mult(mult(rd(mult(mult(x,y),z),mult(y,z)),ld(x,e)),u),mult(ld(x,e),u)) = rd(mult(mult(x,y),z),mult(y,z)).  [back_rewrite(572),rewrite([665(16),663(16),8(14)])].
    new demodulator: 695.
    666 back subsumes 610.
    starting back demodulation with 666.
    667 back subsumes 632.
    670 back subsumes 635.
    672 back subsumes 637.
    674 back subsumes 639.
    starting back demodulation with 675.
        675 back demodulating 673.
kept:      696 rd(mult(mult(rd(mult(ld(x,e),mult(ld(x,e),mult(mult(x,y),z))),mult(y,z)),mult(x,u)),w),mult(mult(x,u),w)) = rd(mult(mult(rd(mult(u,w),mult(mult(x,u),w)),y),z),mult(y,z)).  [back_rewrite(673),rewrite([675(4)])].
        675 back demodulating 650.
        675 back demodulating 644.
        675 back demodulating 609.
kept:      697 mult(ld(x,e),mult(ld(x,e),mult(rd(x,y),mult(y,x)))) != e | ld(mult(ld(x,e),rd(x,y)),e) = y.  [back_rewrite(609),rewrite([675(5),168(7),12(7)])].
        675 back demodulating 605.
kept:      698 mult(ld(x,e),mult(ld(x,e),mult(mult(x,y),ld(y,x)))) != e | ld(mult(ld(x,e),y),e) = ld(y,x).  [back_rewrite(605),rewrite([675(5)])].
        675 back demodulating 596.
kept:      699 ld(mult(ld(mult(x,y),e),x),e) != y | mult(ld(mult(x,y),e),mult(ld(mult(x,y),e),mult(x,mult(y,mult(x,y))))) = e.  [back_rewrite(596),rewrite([675(12),162(15),209(16)])].
        675 back demodulating 592.
kept:      700 mult(ld(mult(x,y),e),mult(ld(mult(x,y),e),mult(x,mult(y,mult(x,y))))) != e | ld(mult(ld(mult(x,y),e),x),e) = y.  [back_rewrite(592),rewrite([675(5),162(8),209(9)])].
        675 back demodulating 573.
kept:      701 rd(mult(ld(mult(x,ld(mult(y,x),e)),e),mult(ld(mult(x,ld(mult(y,x),e)),e),mult(mult(mult(x,ld(mult(y,x),e)),z),u))),mult(z,u)) = rd(mult(mult(rd(mult(mult(y,z),u),mult(z,u)),x),ld(mult(y,x),e)),mult(x,ld(mult(y,x),e))).  [back_rewrite(573),rewrite([675(22)]),flip(a)].
    676 back subsumes 641.
    starting back demodulation with 676.
    677 back subsumes 642.
    677 back subsumes 505.
    starting back demodulation with 677.
        677 back demodulating 570.
        677 back demodulating 568.
    starting back demodulation with 678.
    starting back demodulation with 679.
    starting back demodulation with 682.
    starting back demodulation with 683.
    686 back subsumes 662.
    starting back demodulation with 686.
    688 back subsumes 649.
    starting back demodulation with 688.
    starting back demodulation with 693.
    starting back demodulation with 694.
    starting back demodulation with 695.

given #61 (T,wt=9): 663 ld(ld(x,e),y) = mult(x,y).  [para(640(a,1),9(a,1,2))].
kept:      702 ld(ld(x,ld(x,e)),y) = mult(x,mult(x,y)).  [para(161(a,1),663(a,2)),rewrite([519(3)])].
    new demodulator: 702.
kept:      703 mult(mult(x,y),ld(x,e)) = mult(x,mult(y,ld(x,e))).  [para(663(a,1),351(a,1)),rewrite([663(7)]),flip(a)].
    new demodulator: 703.
kept:      704 mult(x,mult(mult(rd(ld(x,e),mult(y,z)),y),z)) != e | ld(mult(rd(ld(x,e),mult(y,z)),y),ld(x,e)) = z.  [para(663(a,1),59(a,1))].
    starting back demodulation with 702.
    starting back demodulation with 703.
        703 back demodulating 683.
kept:      705 ld(mult(x,mult(y,ld(x,e))),mult(mult(x,y),y)) = mult(x,y).  [back_rewrite(683),rewrite([703(4)])].
    new demodulator: 705.
        703 back demodulating 678.
    starting back demodulation with 705.

given #62 (A,wt=24): 60 ld(mult(rd(x,y),mult(y,z)),mult(x,z)) != e | ld(x,mult(rd(x,y),mult(y,z))) = z.  [para(12(a,1),24(a,1,2,1)),rewrite([12(9)])].
kept:      706 ld(mult(rd(rd(x,y),z),mult(z,y)),x) != e | ld(rd(x,y),mult(rd(rd(x,y),z),mult(z,y))) = y.  [para(12(a,1),60(a,1,2))].
kept:      707 ld(mult(rd(mult(mult(rd(mult(mult(x,y),z),mult(y,z)),u),w),mult(u,w)),mult(mult(y,z),v5)),mult(mult(mult(rd(mult(mult(x,u),w),mult(u,w)),y),z),v5)) != e | ld(mult(mult(rd(mult(mult(x,u),w),mult(u,w)),y),z),mult(rd(mult(mult(rd(mult(mult(x,u),w),mult(u,w)),y),z),mult(y,z)),mult(mult(y,z),v5))) = v5.  [para(44(a,1),60(a,1,1,1))].
kept:      708 ld(mult(rd(x,mult(y,mult(y,z))),mult(y,mult(y,mult(z,u)))),mult(x,u)) != e | ld(x,mult(rd(x,mult(y,mult(y,z))),mult(y,mult(y,mult(z,u))))) = u.  [para(46(a,1),60(a,1,1,2)),rewrite([46(17)])].
kept:      709 ld(mult(rd(mult(x,mult(x,y)),z),mult(z,u)),mult(x,mult(x,mult(y,u)))) != e | ld(mult(x,mult(x,y)),mult(rd(mult(x,mult(x,y)),z),mult(z,u))) = u.  [para(46(a,1),60(a,1,2))].
kept:      710 ld(mult(rd(x,mult(y,y)),mult(y,mult(y,z))),mult(x,z)) != e | ld(x,mult(rd(x,mult(y,y)),mult(y,mult(y,z)))) = z.  [para(161(a,1),60(a,1,1,2)),rewrite([161(13)])].
kept:      711 ld(mult(rd(mult(x,x),y),mult(y,z)),mult(x,mult(x,z))) != e | ld(x,ld(x,mult(rd(mult(x,x),y),mult(y,z)))) = z.  [para(161(a,1),60(a,1,2)),rewrite([519(15)])].
kept:      712 ld(mult(rd(x,mult(y,z)),mult(y,mult(z,y))),mult(x,y)) != e | ld(x,mult(rd(x,mult(y,z)),mult(y,mult(z,y)))) = y.  [para(162(a,1),60(a,1,1,2)),rewrite([162(13)])].
kept:      713 ld(mult(rd(mult(x,y),z),mult(z,x)),mult(x,mult(y,x))) != e | ld(mult(x,y),mult(rd(mult(x,y),z),mult(z,x))) = x.  [para(162(a,1),60(a,1,2))].
kept:      714 ld(mult(rd(x,y),mult(z,y)),mult(x,mult(ld(y,z),y))) != e | ld(x,mult(rd(x,y),mult(z,y))) = mult(ld(y,z),y).  [para(280(a,1),60(a,1,1,2)),rewrite([280(13)])].
kept:      715 ld(mult(rd(x,y),mult(y,mult(ld(x,z),x))),mult(z,x)) != e | ld(x,mult(rd(x,y),mult(y,mult(ld(x,z),x)))) = mult(ld(x,z),x).  [para(280(a,1),60(a,1,2))].
kept:      716 ld(rd(x,ld(y,e)),mult(x,y)) != e | ld(x,rd(x,ld(y,e))) = y.  [para(575(a,1),60(a,1,1,2)),rewrite([8(5),575(13),8(12)])].
kept:      717 ld(mult(rd(ld(x,e),y),mult(y,x)),e) != e | mult(x,mult(rd(ld(x,e),y),mult(y,x))) = x.  [para(575(a,1),60(a,1,2)),rewrite([663(17)])].
kept:      718 ld(mult(rd(x,ld(y,e)),z),mult(x,mult(y,z))) != e | ld(x,mult(rd(x,ld(y,e)),z)) = mult(y,z).  [para(640(a,1),60(a,1,1,2)),rewrite([640(16)])].
kept:      719 ld(mult(rd(ld(x,e),y),mult(y,mult(x,z))),z) != e | mult(x,mult(rd(ld(x,e),y),mult(y,mult(x,z)))) = mult(x,z).  [para(640(a,1),60(a,1,2)),rewrite([663(18)])].

given #63 (T,wt=9): 664 ld(x,y) = mult(ld(x,e),y).  [para(10(a,1),640(a,1,2)),flip(a)].
kept:      720 rd(ld(x,y),y) = ld(x,e).  [para(664(a,2),11(a,1,1))].
    new demodulator: 720.
kept:      721 ld(mult(x,ld(y,z)),mult(mult(x,ld(y,e)),z)) = ld(mult(x,mult(ld(y,e),z)),mult(mult(x,ld(y,e)),z)).  [para(664(a,2),14(a,2,1,2)),rewrite([14(3)]),flip(a)].
kept:      722 ld(ld(x,mult(y,z)),mult(ld(x,e),mult(ld(x,e),mult(mult(x,y),z)))) = ld(mult(ld(x,e),mult(y,z)),mult(ld(x,e),mult(ld(x,e),mult(mult(x,y),z)))).  [para(664(a,2),14(a,2,1)),rewrite([14(3),675(8),675(19)]),flip(a)].
    new demodulator: 722.
kept:      723 ld(mult(ld(x,e),mult(y,z)),mult(ld(x,e),mult(ld(x,e),mult(mult(x,y),z)))) = ld(mult(ld(x,e),mult(y,z)),mult(ld(x,y),z)).  [para(664(a,2),14(a,2,2,1)),rewrite([14(3),675(8)])].
kept:      724 ld(ld(x,y),mult(y,ld(x,e))) = ld(mult(ld(x,e),y),mult(y,ld(x,e))).  [para(664(a,2),16(a,2,1)),rewrite([16(3)]),flip(a)].
kept:      725 ld(mult(x,ld(y,e)),ld(y,x)) = ld(mult(x,ld(y,e)),mult(ld(y,e),x)).  [para(664(a,2),16(a,2,2)),rewrite([16(3)]),flip(a)].
kept:      726 ld(ld(x,y),mult(ld(x,e),mult(y,z))) = ld(mult(ld(x,e),y),mult(ld(x,e),mult(y,z))).  [para(664(a,2),18(a,2,1)),rewrite([18(3)]),flip(a)].
kept:      727 ld(mult(x,ld(y,e)),mult(x,ld(y,z))) = ld(mult(x,ld(y,e)),mult(x,mult(ld(y,e),z))).  [para(664(a,2),18(a,2,2,2)),rewrite([18(3)]),flip(a)].
kept:      728 ld(mult(ld(x,e),y),ld(x,mult(y,z))) = ld(mult(ld(x,e),y),mult(ld(x,e),mult(y,z))).  [para(664(a,2),18(a,2,2)),rewrite([18(3)]),flip(a)].
    new demodulator: 728.
kept:      729 rd(mult(ld(x,e),mult(ld(x,e),mult(mult(x,y),z))),mult(y,z)) = rd(mult(ld(x,y),z),mult(y,z)).  [para(664(a,2),20(a,2,1,1)),rewrite([20(3),675(4)])].
kept:      730 rd(mult(mult(x,ld(y,e)),z),ld(y,z)) = rd(mult(mult(x,ld(y,e)),z),mult(ld(y,e),z)).  [para(664(a,2),20(a,2,2)),rewrite([20(3)]),flip(a)].
kept:      731 mult(ld(mult(x,mult(y,z)),e),mult(mult(x,y),z)) != e | ld(mult(x,y),mult(x,mult(y,z))) = z.  [para(664(a,1),24(a,1))].
kept:      732 ld(mult(x,ld(y,z)),mult(mult(x,ld(y,e)),z)) != e | ld(mult(x,ld(y,e)),mult(x,mult(ld(y,e),z))) = z.  [para(664(a,2),24(a,1,1,2))].
kept:      733 ld(mult(ld(x,e),mult(y,z)),mult(ld(x,e),mult(ld(x,e),mult(mult(x,y),z)))) != e | ld(mult(ld(x,e),y),mult(ld(x,e),mult(y,z))) = z.  [para(664(a,2),24(a,1,1)),rewrite([675(6),722(11)])].
kept:      734 ld(mult(ld(x,e),mult(y,z)),mult(ld(x,y),z)) != e | ld(mult(ld(x,e),y),mult(ld(x,e),mult(y,z))) = z.  [para(664(a,2),24(a,1,2,1))].
kept:      735 mult(ld(mult(x,y),e),mult(x,mult(y,z))) != z | ld(mult(x,mult(y,z)),mult(mult(x,y),z)) = e.  [para(664(a,1),26(a,1))].
kept:      736 ld(ld(x,y),mult(ld(x,e),mult(y,z))) != z | ld(mult(ld(x,e),mult(y,z)),mult(ld(x,e),mult(ld(x,e),mult(mult(x,y),z)))) = e.  [para(664(a,2),26(a,1,1)),rewrite([675(15)])].
kept:      737 ld(mult(x,ld(y,e)),mult(x,ld(y,z))) != z | ld(mult(x,mult(ld(y,e),z)),mult(mult(x,ld(y,e)),z)) = e.  [para(664(a,2),26(a,1,2,2))].
kept:      738 ld(mult(ld(x,e),y),mult(ld(x,e),mult(y,z))) != z | ld(mult(ld(x,e),mult(y,z)),mult(ld(x,e),mult(ld(x,e),mult(mult(x,y),z)))) = e.  [para(664(a,2),26(a,1,2)),rewrite([728(6),675(17)])].
kept:      739 ld(mult(x,y),mult(x,mult(y,ld(mult(z,u),mult(z,mult(u,w)))))) = ld(mult(z,u),mult(z,mult(u,mult(ld(mult(x,y),e),mult(x,mult(y,w)))))).  [para(664(a,1),42(a,1,2,2,2)),flip(a)].
kept:      740 ld(mult(x,y),mult(x,mult(y,ld(mult(z,u),mult(z,mult(u,w)))))) = mult(ld(mult(z,u),e),mult(z,mult(u,ld(mult(x,y),mult(x,mult(y,w)))))).  [para(664(a,1),42(a,1)),flip(a)].
    new demodulator: 740.
kept:      741 ld(mult(x,y),mult(x,mult(y,mult(ld(mult(z,u),e),mult(z,mult(u,w)))))) = mult(ld(mult(x,y),e),mult(x,mult(y,ld(mult(z,u),mult(z,mult(u,w)))))).  [para(664(a,1),42(a,2,2,2,2)),rewrite([740(8)]),flip(a)].
kept:      742 ld(ld(x,y),mult(ld(x,e),mult(y,ld(mult(z,u),mult(z,mult(u,w)))))) = mult(ld(mult(ld(x,e),y),e),mult(ld(x,e),mult(y,ld(mult(z,u),mult(z,mult(u,w)))))).  [para(664(a,2),42(a,1,1)),rewrite([740(22)])].
kept:      743 ld(mult(x,y),mult(x,mult(y,ld(ld(z,u),mult(ld(z,e),mult(u,w)))))) = mult(ld(mult(x,y),e),mult(x,mult(y,ld(mult(ld(z,e),u),mult(ld(z,e),mult(u,w)))))).  [para(664(a,2),42(a,1,2,2,2,1)),rewrite([740(22)])].
kept:      744 ld(mult(x,y),mult(x,mult(y,ld(mult(z,ld(u,e)),mult(z,ld(u,w)))))) = mult(ld(mult(x,y),e),mult(x,mult(y,ld(mult(z,ld(u,e)),mult(z,mult(ld(u,e),w)))))).  [para(664(a,2),42(a,1,2,2,2,2,2)),rewrite([740(22)])].
kept:      745 mult(ld(mult(ld(x,e),y),e),mult(ld(x,e),mult(y,ld(mult(z,u),mult(z,mult(u,w)))))) = mult(ld(mult(z,u),e),mult(z,mult(u,ld(mult(ld(x,e),y),mult(ld(x,e),mult(y,w)))))).  [para(664(a,2),42(a,1,2,2,2,2)),rewrite([728(7),740(12),740(26)])].
kept:      746 ld(mult(x,ld(y,e)),mult(x,ld(y,ld(mult(z,u),mult(z,mult(u,w)))))) = mult(ld(mult(x,ld(y,e)),e),mult(x,mult(ld(y,e),ld(mult(z,u),mult(z,mult(u,w)))))).  [para(664(a,2),42(a,1,2,2)),rewrite([740(22)])].
    new demodulator: 746.
kept:      747 rd(mult(mult(rd(mult(ld(x,e),mult(ld(x,e),mult(mult(x,y),z))),mult(y,z)),u),w),mult(u,w)) = rd(mult(mult(rd(mult(ld(x,u),w),mult(u,w)),y),z),mult(y,z)).  [para(664(a,2),44(a,1,1,1,1,1,1)),rewrite([675(12)]),flip(a)].
kept:      748 rd(mult(mult(rd(mult(mult(x,ld(y,e)),z),ld(y,z)),u),w),mult(u,w)) = rd(mult(mult(rd(mult(mult(x,u),w),mult(u,w)),ld(y,e)),z),mult(ld(y,e),z)).  [para(664(a,2),44(a,1,1,1,1,2))].
kept:      749 rd(mult(mult(rd(mult(mult(x,ld(y,e)),z),mult(ld(y,e),z)),u),w),mult(u,w)) = rd(mult(mult(rd(mult(mult(x,u),w),mult(u,w)),ld(y,e)),z),ld(y,z)).  [para(664(a,2),44(a,1,2)),flip(a)].
kept:      750 mult(ld(x,mult(ld(x,e),y)),z) = mult(ld(x,e),mult(ld(x,e),mult(y,z))).  [para(664(a,2),46(a,1,1))].
    new demodulator: 750.
kept:      751 mult(x,mult(x,ld(y,z))) = mult(x,mult(x,mult(ld(y,e),z))).  [para(664(a,2),46(a,2,2,2)),rewrite([46(5)]),flip(a)].
kept:      752 mult(ld(x,e),ld(x,mult(y,z))) = mult(ld(x,e),mult(ld(x,e),mult(y,z))).  [para(664(a,2),46(a,2,2)),rewrite([46(7)]),flip(a)].
    new demodulator: 752.
kept:      753 mult(ld(x,ld(x,e)),y) = mult(ld(x,e),mult(ld(x,e),y)).  [para(664(a,2),161(a,1,1))].
    new demodulator: 753.
kept:      754 mult(ld(x,e),ld(x,y)) = mult(ld(x,e),mult(ld(x,e),y)).  [para(664(a,2),161(a,2,2)),rewrite([161(6)]),flip(a)].
kept:      755 mult(ld(x,e),mult(y,ld(x,e))) = mult(ld(x,y),ld(x,e)).  [para(664(a,2),162(a,1,1)),flip(a)].
kept:      756 mult(x,ld(y,x)) = mult(x,mult(ld(y,e),x)).  [para(664(a,2),162(a,2,2)),rewrite([162(4)]),flip(a)].
kept:      757 ld(mult(x,y),mult(mult(x,z),mult(ld(z,e),y))) != e | ld(mult(x,z),mult(x,y)) = ld(z,y).  [para(664(a,1),55(a,1,2,2))].
kept:      758 mult(ld(mult(x,y),e),mult(mult(x,z),ld(z,y))) != e | ld(mult(x,z),mult(x,y)) = ld(z,y).  [para(664(a,1),55(a,1))].
kept:      759 ld(ld(x,y),mult(ld(x,e),mult(ld(x,e),mult(mult(x,z),ld(z,y))))) != e | ld(mult(ld(x,e),z),mult(ld(x,e),y)) = ld(z,y).  [para(664(a,2),55(a,1,1)),rewrite([675(6)])].
kept:      760 ld(mult(ld(x,e),y),mult(ld(x,z),ld(z,y))) != e | ld(mult(ld(x,e),z),mult(ld(x,e),y)) = ld(z,y).  [para(664(a,2),55(a,1,2,1))].
kept:      761 rd(mult(ld(x,e),ld(x,y)),y) = mult(ld(x,e),ld(x,e)).  [para(664(a,2),253(a,1,1,2))].
    new demodulator: 761.
kept:      762 rd(ld(x,mult(ld(x,e),y)),y) = mult(ld(x,e),ld(x,e)).  [para(664(a,2),253(a,1,1))].
    new demodulator: 762.
kept:      763 ld(ld(x,y),mult(ld(x,e),mult(y,ld(x,e)))) = ld(x,e).  [para(664(a,2),279(a,1,1))].
    new demodulator: 763.
kept:      764 ld(mult(x,ld(y,e)),mult(x,ld(y,x))) = x.  [para(664(a,2),279(a,1,2,2))].
    new demodulator: 764.
kept:      765 ld(mult(ld(x,e),mult(mult(x,y),z)),mult(y,z)) != e | ld(y,mult(x,mult(ld(x,y),z))) = z.  [para(664(a,1),56(a,1,1,2,1)),rewrite([675(4),677(9)])].
kept:      766 mult(ld(mult(x,mult(ld(x,y),z)),e),mult(y,z)) != e | ld(y,mult(x,mult(ld(x,y),z))) = z.  [para(664(a,1),56(a,1))].
kept:      767 ld(ld(x,mult(mult(x,y),z)),mult(y,z)) != e | ld(y,mult(ld(x,e),mult(mult(x,y),z))) = z.  [para(664(a,2),56(a,1,1)),rewrite([663(3),663(12)])].
kept:      768 ld(mult(x,mult(ld(x,ld(y,e)),z)),ld(y,z)) != e | mult(y,mult(x,mult(ld(x,ld(y,e)),z))) = z.  [para(664(a,2),56(a,1,2)),rewrite([663(17)])].
kept:      769 rd(mult(x,y),mult(ld(x,e),y)) = mult(x,x).  [para(664(a,1),338(a,1,2))].
    new demodulator: 769.
kept:      770 rd(ld(x,y),mult(x,y)) = mult(ld(x,e),ld(x,e)).  [para(664(a,2),338(a,1,1)),rewrite([663(4)])].
    new demodulator: 770.
kept:      771 ld(mult(x,mult(y,mult(ld(mult(x,y),e),z))),z) != e | ld(mult(x,y),mult(x,mult(y,ld(mult(x,y),z)))) = ld(mult(x,y),z).  [para(664(a,1),57(a,1,1,2,2))].
kept:      772 mult(ld(mult(x,mult(y,ld(mult(x,y),z))),e),z) != e | ld(mult(x,y),mult(x,mult(y,ld(mult(x,y),z)))) = ld(mult(x,y),z).  [para(664(a,1),57(a,1))].
kept:      773 ld(mult(ld(x,e),mult(y,ld(ld(x,y),z))),z) != e | ld(mult(ld(x,e),y),mult(ld(x,e),mult(y,ld(mult(ld(x,e),y),z)))) = ld(mult(ld(x,e),y),z).  [para(664(a,2),57(a,1,1,2,2,1))].
kept:      774 ld(mult(x,ld(y,ld(mult(x,ld(y,e)),z))),z) != e | ld(mult(x,ld(y,e)),mult(x,mult(ld(y,e),ld(mult(x,ld(y,e)),z)))) = ld(mult(x,ld(y,e)),z).  [para(664(a,2),57(a,1,1,2))].
kept:      775 ld(ld(x,mult(y,ld(mult(ld(x,e),y),z))),z) != e | ld(mult(ld(x,e),y),mult(ld(x,e),mult(y,ld(mult(ld(x,e),y),z)))) = ld(mult(ld(x,e),y),z).  [para(664(a,2),57(a,1,1))].
kept:      776 mult(ld(mult(x,rd(y,x)),e),mult(x,y)) = x.  [para(664(a,1),343(a,1))].
    new demodulator: 776.
kept:      777 ld(ld(x,rd(y,ld(x,e))),mult(ld(x,e),y)) = ld(x,e).  [para(664(a,2),343(a,1,1))].
    new demodulator: 777.
kept:      778 ld(mult(ld(x,e),rd(y,ld(x,e))),ld(x,y)) = ld(x,e).  [para(664(a,2),343(a,1,2))].
    new demodulator: 778.
kept:      779 mult(ld(mult(x,y),e),mult(mult(x,rd(y,z)),z)) != e | ld(mult(x,rd(y,z)),mult(x,y)) = z.  [para(664(a,1),58(a,1))].
kept:      780 ld(ld(x,y),mult(ld(x,e),mult(ld(x,e),mult(mult(x,rd(y,z)),z)))) != e | ld(mult(ld(x,e),rd(y,z)),mult(ld(x,e),y)) = z.  [para(664(a,2),58(a,1,1)),rewrite([675(6)])].
kept:      781 ld(mult(ld(x,e),y),mult(ld(x,rd(y,z)),z)) != e | ld(mult(ld(x,e),rd(y,z)),mult(ld(x,e),y)) = z.  [para(664(a,2),58(a,1,2,1))].
kept:      782 ld(x,ld(y,x)) = mult(ld(x,ld(y,e)),x).  [para(664(a,2),351(a,1,2))].
kept:      783 mult(ld(x,e),mult(mult(rd(x,mult(y,z)),y),z)) != e | ld(mult(rd(x,mult(y,z)),y),x) = z.  [para(664(a,1),59(a,1))].
kept:      784 ld(x,mult(mult(rd(x,ld(y,z)),ld(y,e)),z)) != e | ld(mult(rd(x,mult(ld(y,e),z)),ld(y,e)),x) = z.  [para(664(a,2),59(a,1,2,1,1,2))].
kept:      785 mult(ld(c1,e),mult(ld(c1,e),mult(mult(c1,rd(c2,c1)),c3))) != mult(ld(c1,e),mult(c2,mult(ld(c1,e),c3))).  [para(664(a,1),652(a,1,1)),rewrite([675(9)])].
kept:      786 mult(ld(c1,rd(c2,c1)),c3) != mult(ld(c1,e),mult(c2,ld(c1,c3))).  [para(664(a,2),652(a,2,2,2))].
kept:      787 mult(ld(c1,rd(c2,c1)),c3) != ld(c1,mult(c2,mult(ld(c1,e),c3))).  [para(664(a,2),652(a,2))].
kept:      788 mult(ld(mult(rd(x,y),mult(y,z)),e),mult(x,z)) != e | ld(x,mult(rd(x,y),mult(y,z))) = z.  [para(664(a,1),60(a,1))].
kept:      789 ld(mult(rd(x,ld(y,e)),ld(y,z)),mult(x,z)) != e | ld(x,mult(rd(x,ld(y,e)),mult(ld(y,e),z))) = z.  [para(664(a,2),60(a,1,1,2))].
kept:      790 ld(mult(rd(ld(x,e),y),mult(y,z)),ld(x,z)) != e | mult(x,mult(rd(ld(x,e),y),mult(y,z))) = z.  [para(664(a,2),60(a,1,2)),rewrite([663(17)])].
    starting back demodulation with 720.
    starting back demodulation with 722.
    starting back demodulation with 728.
    starting back demodulation with 740.
        740 back demodulating 739.
        740 back demodulating 672.
        740 back demodulating 601.
        740 back demodulating 600.
        740 back demodulating 599.
        740 back demodulating 598.
        740 back demodulating 571.
        740 back demodulating 545.
kept:      791 ld(mult(x,mult(y,mult(ld(mult(x,y),e),mult(x,mult(y,ld(mult(z,u),mult(z,mult(u,w)))))))),mult(x,mult(y,ld(mult(z,u),mult(z,mult(u,w)))))) != e | ld(mult(x,y),mult(x,mult(y,mult(ld(mult(z,u),e),mult(z,mult(u,ld(mult(x,y),mult(x,mult(y,w))))))))) = mult(ld(mult(z,u),e),mult(z,mult(u,ld(mult(x,y),mult(x,mult(y,w)))))).  [back_rewrite(545),rewrite([740(8),740(30),740(43)])].
        740 back demodulating 537.
        740 back demodulating 508.
kept:      792 ld(mult(ld(mult(x,y),e),mult(mult(mult(x,y),mult(x,mult(y,ld(mult(z,u),mult(z,mult(u,w)))))),v5)),mult(mult(x,mult(y,ld(mult(z,u),mult(z,mult(u,w))))),v5)) != e | ld(mult(x,mult(y,ld(mult(z,u),mult(z,mult(u,w))))),mult(mult(x,y),mult(ld(mult(z,u),e),mult(ld(mult(z,u),e),mult(mult(mult(z,u),mult(z,mult(u,ld(mult(x,y),mult(x,mult(y,w)))))),v5))))) = v5.  [back_rewrite(508),rewrite([740(9),675(12),677(19),740(38),675(41)])].
        740 back demodulating 504.
kept:      793 mult(ld(mult(x,y),e),mult(ld(mult(x,y),e),mult(mult(mult(x,y),mult(x,mult(y,ld(mult(z,u),mult(z,mult(u,w)))))),mult(z,u)))) = mult(ld(mult(z,u),e),mult(mult(z,mult(u,ld(mult(x,y),mult(x,mult(y,w))))),mult(z,u))).  [back_rewrite(504),rewrite([740(8),675(12),162(16),640(17),740(20),675(24)]),flip(a)].
        740 back demodulating 459.
kept:      794 mult(ld(mult(x,y),e),mult(x,mult(y,ld(mult(z,u),mult(z,mult(u,mult(ld(w,v5),w))))))) = mult(ld(w,mult(ld(mult(x,y),e),mult(x,mult(y,ld(mult(z,u),mult(z,mult(u,v5))))))),w).  [back_rewrite(459),rewrite([740(10),740(20)])].
        740 back demodulating 450.
kept:      795 ld(mult(x,y),mult(x,mult(y,mult(ld(z,ld(mult(u,w),mult(u,mult(w,v5)))),z)))) = mult(ld(z,mult(ld(mult(x,y),e),mult(x,mult(y,ld(mult(u,w),mult(u,mult(w,v5))))))),z).  [back_rewrite(450),rewrite([740(18)])].
        740 back demodulating 449.
kept:      796 ld(mult(x,y),mult(x,mult(y,mult(ld(z,ld(mult(u,w),mult(u,mult(w,v5)))),z)))) = mult(ld(mult(x,y),e),mult(x,mult(y,ld(mult(u,w),mult(u,mult(w,mult(ld(z,v5),z))))))).  [back_rewrite(449),rewrite([740(10)]),flip(a)].
        740 back demodulating 384.
        740 back demodulating 347.
        740 back demodulating 346.
        740 back demodulating 330.
kept:      797 ld(mult(x,mult(y,mult(z,ld(mult(u,w),mult(u,mult(w,v5)))))),mult(mult(x,mult(y,z)),mult(ld(mult(y,z),e),mult(y,mult(z,ld(mult(u,w),mult(u,mult(w,v5)))))))) != e | ld(mult(x,mult(y,z)),mult(x,mult(y,mult(z,ld(mult(u,w),mult(u,mult(w,v5))))))) = mult(ld(mult(u,w),e),mult(u,mult(w,ld(mult(y,z),mult(y,mult(z,v5)))))).  [back_rewrite(330),rewrite([740(17),740(41)])].
        740 back demodulating 306.
        740 back demodulating 305.
        740 back demodulating 304.
        740 back demodulating 303.
        740 back demodulating 248.
        740 back demodulating 149.
kept:      798 ld(mult(x,y),mult(x,mult(y,mult(ld(mult(z,u),e),mult(z,mult(u,ld(mult(w,v5),mult(w,mult(v5,v6))))))))) = ld(mult(w,v5),mult(w,mult(v5,mult(ld(mult(x,y),e),mult(x,mult(y,ld(mult(z,u),mult(z,mult(u,v6))))))))).  [back_rewrite(149),rewrite([740(9),740(23)]),flip(a)].
        740 back demodulating 144.
        740 back demodulating 142.
        740 back demodulating 141.
        740 back demodulating 140.
        740 back demodulating 139.
        740 back demodulating 137.
        740 back demodulating 136.
        740 back demodulating 134.
        740 back demodulating 42.
kept:      799 mult(ld(mult(x,y),e),mult(x,mult(y,ld(mult(z,u),mult(z,mult(u,w)))))) = mult(ld(mult(z,u),e),mult(z,mult(u,ld(mult(x,y),mult(x,mult(y,w)))))).  [back_rewrite(42),rewrite([740(8),740(18)])].
    starting back demodulation with 746.
    starting back demodulation with 750.
        750 back demodulating 651.
    starting back demodulation with 752.
    starting back demodulation with 753.
    754 back subsumes 752.
    starting back demodulation with 761.
    starting back demodulation with 762.
    starting back demodulation with 763.
    starting back demodulation with 764.
    starting back demodulation with 769.
    starting back demodulation with 770.
    starting back demodulation with 776.
    starting back demodulation with 777.
    starting back demodulation with 778.
    799 back subsumes 745.

given #64 (T,wt=9): 665 rd(x,mult(y,x)) = ld(y,e).  [para(640(a,1),11(a,1,1))].
kept:      800 rd(x,y) = ld(rd(y,x),e).  [para(12(a,1),665(a,1,2))].
kept:      801 rd(x,mult(y,mult(y,mult(z,x)))) = ld(mult(y,mult(y,z)),e).  [para(46(a,1),665(a,1,2))].
    new demodulator: 801.
kept:      802 rd(x,mult(x,mult(y,x))) = ld(mult(x,y),e).  [para(162(a,1),665(a,1,2))].
    new demodulator: 802.
kept:      803 rd(mult(ld(x,y),x),mult(y,x)) = ld(x,e).  [para(280(a,1),665(a,1,2))].
    new demodulator: 803.
    801 back subsumes 661.
    starting back demodulation with 801.
    starting back demodulation with 802.
    starting back demodulation with 803.

given #65 (T,wt=9): 666 mult(ld(rd(x,y),e),x) = y.  [para(12(a,1),640(a,1,2))].
kept:      804 ld(mult(x,y),mult(mult(x,ld(rd(z,y),e)),z)) != e | ld(mult(x,ld(rd(z,y),e)),mult(x,y)) = z.  [para(666(a,1),24(a,1,1,2)),rewrite([666(17)])].
kept:      805 ld(x,mult(ld(rd(mult(y,z),x),e),mult(ld(rd(mult(y,z),x),e),mult(mult(rd(mult(y,z),x),y),z)))) != e | ld(mult(ld(rd(mult(y,z),x),e),y),x) = z.  [para(666(a,1),24(a,1,1)),rewrite([675(6),666(28)])].
kept:      806 ld(mult(ld(rd(x,y),e),mult(x,z)),mult(y,z)) != e | ld(y,mult(ld(rd(x,y),e),mult(x,z))) = z.  [para(666(a,1),24(a,1,2,1)),rewrite([666(13)])].
kept:      807 ld(x,mult(ld(rd(y,x),e),mult(y,z))) != z | ld(mult(ld(rd(y,x),e),mult(y,z)),mult(x,z)) = e.  [para(666(a,1),26(a,1,1)),rewrite([666(16)])].
kept:      808 ld(mult(x,ld(rd(y,z),e)),mult(x,z)) != y | ld(mult(x,z),mult(mult(x,ld(rd(y,z),e)),y)) = e.  [para(666(a,1),26(a,1,2,2)),rewrite([666(11)])].
kept:      809 ld(mult(ld(rd(mult(x,y),z),e),x),z) != y | ld(z,mult(ld(rd(mult(x,y),z),e),mult(ld(rd(mult(x,y),z),e),mult(mult(rd(mult(x,y),z),x),y)))) = e.  [para(666(a,1),26(a,1,2)),rewrite([666(13),675(13)])].
kept:      810 rd(mult(mult(rd(mult(ld(rd(x,y),e),mult(ld(rd(x,y),e),mult(mult(rd(x,y),z),u))),mult(z,u)),x),w),mult(x,w)) = rd(mult(mult(rd(mult(y,w),mult(x,w)),z),u),mult(z,u)).  [para(666(a,1),44(a,1,1,1,1,1,1)),rewrite([675(12)]),flip(a)].
kept:      811 rd(mult(mult(rd(mult(mult(x,ld(rd(y,z),e)),y),z),u),w),mult(u,w)) = rd(mult(mult(rd(mult(mult(x,u),w),mult(u,w)),ld(rd(y,z),e)),y),z).  [para(666(a,1),44(a,1,1,1,1,2)),rewrite([666(23)])].
kept:      812 mult(ld(rd(mult(mult(rd(mult(mult(x,y),z),mult(y,z)),u),w),mult(u,w)),e),mult(mult(rd(mult(mult(x,u),w),mult(u,w)),y),z)) = mult(y,z).  [para(44(a,1),666(a,1,1,1))].
    new demodulator: 812.
kept:      813 mult(ld(rd(x,y),e),mult(x,ld(rd(x,y),e))) = mult(y,ld(rd(x,y),e)).  [para(666(a,1),162(a,1,1)),flip(a)].
    new demodulator: 813.
kept:      814 ld(x,mult(ld(rd(y,x),e),mult(ld(rd(y,x),e),mult(mult(rd(y,x),z),ld(z,y))))) != e | ld(mult(ld(rd(y,x),e),z),x) = ld(z,y).  [para(666(a,1),55(a,1,1)),rewrite([675(6),666(23)])].
kept:      815 ld(mult(ld(rd(x,y),e),z),mult(y,ld(x,z))) != e | ld(y,mult(ld(rd(x,y),e),z)) = ld(x,z).  [para(666(a,1),55(a,1,2,1)),rewrite([666(13)])].
kept:      816 rd(mult(ld(rd(x,y),e),y),x) = mult(ld(rd(x,y),e),ld(rd(x,y),e)).  [para(666(a,1),253(a,1,1,2))].
    new demodulator: 816.
kept:      817 ld(mult(x,ld(rd(x,y),e)),mult(x,y)) = x.  [para(666(a,1),279(a,1,2,2))].
    new demodulator: 817.
kept:      818 ld(mult(x,mult(ld(x,ld(rd(y,z),e)),y)),z) != e | mult(rd(y,z),mult(x,mult(ld(x,ld(rd(y,z),e)),y))) = y.  [para(666(a,1),56(a,1,2)),rewrite([663(19)])].
kept:      819 rd(x,mult(rd(y,x),y)) = mult(ld(rd(y,x),e),ld(rd(y,x),e)).  [para(666(a,1),338(a,1,1)),rewrite([663(4)])].
    new demodulator: 819.
kept:      820 ld(mult(ld(rd(x,y),e),mult(x,ld(y,z))),z) != e | ld(y,mult(ld(rd(x,y),e),mult(x,ld(y,z)))) = ld(y,z).  [para(666(a,1),57(a,1,1,2,2,1)),rewrite([666(13),666(16),666(20)])].
kept:      821 ld(mult(ld(rd(x,y),e),rd(x,ld(rd(x,y),e))),y) = ld(rd(x,y),e).  [para(666(a,1),343(a,1,2))].
    new demodulator: 821.
kept:      822 ld(x,mult(ld(rd(y,x),e),mult(ld(rd(y,x),e),mult(mult(rd(y,x),rd(y,z)),z)))) != e | ld(mult(ld(rd(y,x),e),rd(y,z)),x) = z.  [para(666(a,1),58(a,1,1)),rewrite([675(6),666(24)])].
kept:      823 ld(mult(ld(rd(rd(x,y),z),e),x),mult(z,y)) != e | ld(z,mult(ld(rd(rd(x,y),z),e),x)) = y.  [para(666(a,1),58(a,1,2,1)),rewrite([666(15)])].
kept:      824 mult(ld(x,ld(rd(x,y),e)),x) = ld(x,y).  [para(666(a,1),351(a,1,2)),flip(a)].
    new demodulator: 824.
kept:      825 ld(x,mult(mult(rd(x,y),ld(rd(z,y),e)),z)) != e | ld(mult(rd(x,y),ld(rd(z,y),e)),x) = z.  [para(666(a,1),59(a,1,2,1,1,2)),rewrite([666(13)])].
kept:      826 ld(mult(rd(x,ld(rd(y,z),e)),z),mult(x,y)) != e | ld(x,mult(rd(x,ld(rd(y,z),e)),z)) = y.  [para(666(a,1),60(a,1,1,2)),rewrite([666(17)])].
kept:      827 ld(mult(rd(ld(rd(x,y),e),z),mult(z,x)),y) != e | mult(rd(x,y),mult(rd(ld(rd(x,y),e),z),mult(z,x))) = x.  [para(666(a,1),60(a,1,2)),rewrite([663(19)])].
    starting back demodulation with 812.
    starting back demodulation with 813.
    starting back demodulation with 816.
    starting back demodulation with 817.
    starting back demodulation with 819.
    starting back demodulation with 821.
    starting back demodulation with 824.

given #66 (T,wt=9): 677 mult(x,mult(ld(x,e),y)) = y.  [para(54(a,1),640(a,1,1)),rewrite([567(2)])].
kept:      828 ld(mult(x,y),mult(mult(x,z),mult(ld(z,e),y))) != e | ld(mult(x,z),mult(x,y)) = mult(ld(z,e),y).  [para(677(a,1),24(a,1,1,2)),rewrite([677(14)])].
kept:      829 ld(mult(x,mult(y,mult(ld(mult(x,y),e),z))),z) != e | ld(mult(x,y),mult(x,mult(y,mult(ld(mult(x,y),e),z)))) = mult(ld(mult(x,y),e),z).  [para(677(a,1),24(a,1,2))].
kept:      830 ld(mult(x,y),mult(x,z)) != mult(ld(y,e),z) | ld(mult(x,z),mult(mult(x,y),mult(ld(y,e),z))) = e.  [para(677(a,1),26(a,1,2,2)),rewrite([677(11)])].
kept:      831 rd(mult(mult(rd(mult(mult(x,y),z),mult(y,z)),mult(ld(x,e),u)),w),mult(ld(x,e),mult(ld(x,e),mult(mult(x,u),w)))) = rd(mult(mult(rd(mult(u,w),mult(ld(x,e),mult(ld(x,e),mult(mult(x,u),w)))),y),z),mult(y,z)).  [para(677(a,1),44(a,1,1,1,1,1,1)),rewrite([675(5),675(27)]),flip(a)].
kept:      832 rd(mult(mult(rd(mult(mult(x,y),z),mult(y,z)),u),mult(ld(mult(x,u),e),w)),mult(u,mult(ld(mult(x,u),e),w))) = rd(mult(mult(rd(w,mult(u,mult(ld(mult(x,u),e),w))),y),z),mult(y,z)).  [para(677(a,1),44(a,1,1,1,1,1)),flip(a)].
kept:      833 rd(mult(mult(rd(mult(mult(x,y),mult(ld(y,e),z)),z),u),w),mult(u,w)) = rd(mult(mult(rd(mult(mult(x,u),w),mult(u,w)),y),mult(ld(y,e),z)),z).  [para(677(a,1),44(a,1,1,1,1,2)),rewrite([677(23)])].
kept:      834 rd(mult(mult(rd(mult(mult(x,y),mult(ld(mult(rd(mult(mult(x,z),u),mult(z,u)),y),e),w)),mult(y,mult(ld(mult(rd(mult(mult(x,z),u),mult(z,u)),y),e),w))),z),u),mult(z,u)) = rd(w,mult(y,mult(ld(mult(rd(mult(mult(x,z),u),mult(z,u)),y),e),w))).  [para(677(a,1),44(a,1,1)),flip(a)].
    new demodulator: 834.
kept:      835 mult(x,mult(x,mult(y,mult(ld(mult(x,mult(x,y)),e),z)))) = z.  [para(677(a,1),46(a,1)),flip(a)].
    new demodulator: 835.
kept:      836 mult(ld(x,e),mult(ld(x,e),mult(mult(x,y),y))) = mult(ld(x,e),mult(y,y)).  [para(677(a,1),162(a,2,2)),rewrite([675(4),162(6),640(7),675(8),209(10),677(8),640(7),675(8)]),flip(a)].
    new demodulator: 836.
kept:      837 ld(x,mult(mult(y,z),ld(z,mult(ld(y,e),x)))) != e | ld(mult(y,z),x) = ld(z,mult(ld(y,e),x)).  [para(677(a,1),55(a,1,1)),rewrite([677(14)])].
kept:      838 ld(mult(x,y),mult(z,ld(mult(ld(x,e),z),y))) != e | ld(mult(ld(x,e),z),y) = ld(z,mult(x,y)).  [para(677(a,1),55(a,1,2,1)),rewrite([677(13)]),flip(b)].
kept:      839 ld(mult(ld(x,e),mult(y,x)),mult(ld(x,e),mult(y,y))) = mult(ld(x,e),y).  [para(677(a,1),279(a,1,2,2)),rewrite([675(4),162(6),640(7),675(8),836(12)])].
    new demodulator: 839.
kept:      840 ld(mult(x,y),mult(z,mult(ld(ld(x,z),e),y))) != e | ld(z,mult(x,y)) = mult(ld(ld(x,z),e),y).  [para(677(a,1),56(a,1,1,2)),rewrite([677(15)])].
kept:      841 ld(mult(x,mult(ld(x,y),mult(ld(y,e),z))),z) != e | ld(y,mult(x,mult(ld(x,y),mult(ld(y,e),z)))) = mult(ld(y,e),z).  [para(677(a,1),56(a,1,2))].
kept:      842 rd(x,ld(y,mult(ld(y,e),x))) = mult(y,y).  [para(677(a,1),338(a,1,1))].
    new demodulator: 842.
kept:      843 ld(mult(x,rd(mult(ld(x,e),y),x)),y) = x.  [para(677(a,1),343(a,1,2))].
    new demodulator: 843.
kept:      844 ld(x,mult(mult(y,rd(mult(ld(y,e),x),z)),z)) != e | ld(mult(y,rd(mult(ld(y,e),x),z)),x) = z.  [para(677(a,1),58(a,1,1)),rewrite([677(18)])].
kept:      845 ld(mult(ld(x,e),y),y) = mult(ld(mult(ld(x,e),y),x),mult(ld(x,e),y)).  [para(677(a,1),351(a,1,2))].
kept:      846 ld(x,mult(mult(rd(x,y),z),mult(ld(z,e),y))) != e | ld(mult(rd(x,y),z),x) = mult(ld(z,e),y).  [para(677(a,1),59(a,1,2,1,1,2)),rewrite([677(13)])].
kept:      847 ld(mult(rd(x,y),z),mult(x,mult(ld(y,e),z))) != e | ld(x,mult(rd(x,y),z)) = mult(ld(y,e),z).  [para(677(a,1),60(a,1,1,2)),rewrite([677(14)])].
kept:      848 ld(mult(rd(x,y),mult(y,mult(ld(x,e),z))),z) != e | ld(x,mult(rd(x,y),mult(y,mult(ld(x,e),z)))) = mult(ld(x,e),z).  [para(677(a,1),60(a,1,2))].
    starting back demodulation with 834.
    starting back demodulation with 835.
    starting back demodulation with 836.
    starting back demodulation with 839.
    starting back demodulation with 842.
    starting back demodulation with 843.

given #67 (A,wt=24): 61 ld(x,mult(y,mult(ld(y,x),z))) != z | ld(mult(y,mult(ld(y,x),z)),mult(x,z)) = e.  [para(10(a,1),26(a,1,1)),rewrite([10(10)])].
kept:      849 ld(ld(x,y),z) != ld(y,mult(x,z)) | ld(mult(x,z),mult(y,ld(ld(x,y),z))) = e.  [para(10(a,1),61(a,1,2,2)),rewrite([10(9)]),flip(a)].
kept:      850 ld(x,mult(y,mult(y,mult(z,mult(ld(mult(y,mult(y,z)),x),u))))) != u | ld(mult(y,mult(y,mult(z,mult(ld(mult(y,mult(y,z)),x),u)))),mult(x,u)) = e.  [para(46(a,1),61(a,1,2)),rewrite([46(16)])].
kept:      851 mult(ld(ld(x,y),z),ld(x,y)) != ld(y,mult(x,mult(z,ld(x,y)))) | ld(mult(x,mult(z,ld(x,y))),mult(y,mult(ld(ld(x,y),z),ld(x,y)))) = e.  [para(280(a,1),61(a,1,2,2)),rewrite([280(15)]),flip(a)].
kept:      852 ld(mult(x,y),mult(mult(x,rd(y,x)),mult(x,z))) != z | ld(mult(mult(x,rd(y,x)),mult(x,z)),mult(mult(x,y),z)) = e.  [para(343(a,1),61(a,1,2,2,1)),rewrite([343(13)])].
kept:      853 mult(x,mult(y,mult(ld(y,ld(x,e)),z))) != z | ld(mult(y,mult(ld(y,ld(x,e)),z)),mult(ld(x,e),z)) = e.  [para(663(a,1),61(a,1))].
kept:      854 ld(x,mult(ld(y,e),mult(mult(y,x),z))) != z | ld(mult(y,mult(ld(y,x),z)),mult(x,z)) = e.  [para(664(a,1),61(a,1,2,2,1)),rewrite([675(4),677(9)])].
kept:      855 mult(ld(x,e),mult(y,mult(ld(y,x),z))) != z | ld(mult(y,mult(ld(y,x),z)),mult(x,z)) = e.  [para(664(a,1),61(a,1))].
kept:      856 ld(x,ld(y,mult(mult(y,x),z))) != z | ld(mult(ld(y,e),mult(mult(y,x),z)),mult(x,z)) = e.  [para(664(a,2),61(a,1,2)),rewrite([663(3),663(10)])].
kept:      857 ld(x,mult(y,z)) != mult(ld(ld(y,x),e),z) | ld(mult(y,z),mult(x,mult(ld(ld(y,x),e),z))) = e.  [para(677(a,1),61(a,1,2,2)),rewrite([677(13)])].

given #68 (F,wt=17): 786 mult(ld(c1,rd(c2,c1)),c3) != mult(ld(c1,e),mult(c2,ld(c1,c3))).  [para(664(a,2),652(a,2,2,2))].
kept:      858 mult(ld(c1,e),mult(ld(c1,e),mult(mult(c1,rd(c2,c1)),c3))) != mult(ld(c1,e),mult(c2,ld(c1,c3))).  [para(664(a,1),786(a,1,1)),rewrite([675(9)])].
kept:      859 mult(ld(c1,rd(c2,c1)),c3) != ld(c1,mult(c2,ld(c1,c3))).  [para(664(a,2),786(a,2))].

given #69 (F,wt=15): 859 mult(ld(c1,rd(c2,c1)),c3) != ld(c1,mult(c2,ld(c1,c3))).  [para(664(a,2),786(a,2))].
kept:      860 mult(ld(c1,e),mult(ld(c1,e),mult(mult(c1,rd(c2,c1)),c3))) != ld(c1,mult(c2,ld(c1,c3))).  [para(664(a,1),859(a,1,1)),rewrite([675(9)])].

given #70 (F,wt=17): 787 mult(ld(c1,rd(c2,c1)),c3) != ld(c1,mult(c2,mult(ld(c1,e),c3))).  [para(664(a,2),652(a,2))].
kept:      861 mult(ld(c1,e),mult(ld(c1,e),mult(mult(c1,rd(c2,c1)),c3))) != ld(c1,mult(c2,mult(ld(c1,e),c3))).  [para(664(a,1),787(a,1,1)),rewrite([675(9)])].

given #71 (F,wt=23): 860 mult(ld(c1,e),mult(ld(c1,e),mult(mult(c1,rd(c2,c1)),c3))) != ld(c1,mult(c2,ld(c1,c3))).  [para(664(a,1),859(a,1,1)),rewrite([675(9)])].
kept:      862 mult(ld(c1,e),ld(c1,mult(mult(c1,rd(c2,c1)),c3))) != ld(c1,mult(c2,ld(c1,c3))).  [para(664(a,2),860(a,1,2))].
kept:      863 ld(c1,mult(ld(c1,e),mult(mult(c1,rd(c2,c1)),c3))) != ld(c1,mult(c2,ld(c1,c3))).  [para(664(a,2),860(a,1))].

given #72 (T,wt=9): 720 rd(ld(x,y),y) = ld(x,e).  [para(664(a,2),11(a,1,1))].
kept:      864 rd(x,mult(x,y)) = ld(mult(x,rd(y,x)),e).  [para(343(a,1),720(a,1,1))].
kept:      865 ld(mult(x,ld(y,z)),mult(mult(x,ld(y,e)),z)) != e | ld(mult(x,ld(y,e)),mult(x,ld(y,z))) = z.  [para(720(a,1),58(a,1,2,1,2)),rewrite([720(11)])].
kept:      866 ld(mult(ld(x,e),mult(y,z)),mult(ld(x,y),z)) != e | ld(ld(x,y),mult(ld(x,e),mult(y,z))) = z.  [para(720(a,1),60(a,1,1,1)),rewrite([720(12)])].

given #73 (T,wt=9): 800 rd(x,y) = ld(rd(y,x),e).  [para(12(a,1),665(a,1,2))].
kept:      867 mult(rd(x,y),rd(y,x)) = e.  [para(800(a,2),10(a,1,2))].
    new demodulator: 867.
kept:      868 rd(mult(ld(rd(mult(x,y),mult(mult(z,x),y)),e),mult(ld(rd(mult(x,y),mult(mult(z,x),y)),e),mult(mult(rd(mult(x,y),mult(mult(z,x),y)),u),w))),mult(u,w)) = rd(mult(mult(rd(mult(mult(z,u),w),mult(u,w)),x),y),mult(x,y)).  [para(800(a,1),44(a,1,1,1,1)),rewrite([675(8)])].
kept:      869 rd(mult(mult(rd(mult(mult(x,y),z),mult(y,z)),u),w),mult(u,w)) = ld(rd(mult(y,z),mult(mult(rd(mult(mult(x,u),w),mult(u,w)),y),z)),e).  [para(800(a,1),44(a,1)),flip(a)].
    new demodulator: 869.
kept:      870 rd(mult(ld(rd(mult(x,y),mult(mult(z,x),y)),e),mult(ld(rd(mult(x,y),mult(mult(z,x),y)),e),mult(mult(rd(mult(x,y),mult(mult(z,x),y)),u),w))),mult(u,w)) = ld(rd(mult(u,w),mult(mult(rd(mult(mult(z,x),y),mult(x,y)),u),w)),e).  [para(800(a,1),44(a,2,1,1,1)),rewrite([869(8),675(18)]),flip(a)].
    new demodulator: 870.
kept:      871 ld(x,mult(mult(x,rd(y,z)),rd(z,y))) != e | ld(mult(x,rd(y,z)),x) = ld(rd(y,z),e).  [para(800(a,2),55(a,1,2,2)),rewrite([8(2),8(11)])].
kept:      872 rd(rd(x,y),rd(y,x)) = mult(rd(x,y),rd(x,y)).  [para(800(a,2),338(a,1,2)),rewrite([8(3)])].
    new demodulator: 872.
kept:      873 ld(mult(x,y),mult(mult(x,ld(rd(z,y),e)),z)) != e | ld(mult(x,rd(y,z)),mult(x,y)) = z.  [para(800(a,1),58(a,1,2,1,2))].
kept:      874 ld(x,mult(ld(rd(mult(y,z),x),e),mult(ld(rd(mult(y,z),x),e),mult(mult(rd(mult(y,z),x),y),z)))) != e | ld(mult(rd(x,mult(y,z)),y),x) = z.  [para(800(a,1),59(a,1,2,1,1)),rewrite([675(6)])].
kept:      875 mult(ld(c1,ld(rd(c1,c2),e)),c3) != mult(ld(c1,e),mult(c2,mult(ld(c1,e),c3))).  [para(800(a,1),652(a,1,1,2))].
kept:      876 mult(rd(x,y),mult(rd(y,x),z)) = z.  [para(800(a,2),640(a,1,1))].
    new demodulator: 876.
kept:      877 ld(rd(x,y),z) = mult(rd(y,x),z).  [para(800(a,2),663(a,1,1))].
    new demodulator (lex_dep_both): 877.
kept:      878 ld(mult(ld(rd(x,y),e),mult(x,z)),mult(y,z)) != e | ld(y,mult(rd(y,x),mult(x,z))) = z.  [para(800(a,1),60(a,1,1,1))].
kept:      879 mult(ld(c1,ld(rd(c1,c2),e)),c3) != mult(ld(c1,e),mult(c2,ld(c1,c3))).  [para(800(a,1),786(a,1,1,2))].
kept:      880 mult(ld(c1,ld(rd(c1,c2),e)),c3) != ld(c1,mult(c2,ld(c1,c3))).  [para(800(a,1),859(a,1,1,2))].
kept:      881 mult(ld(c1,ld(rd(c1,c2),e)),c3) != ld(c1,mult(c2,mult(ld(c1,e),c3))).  [para(800(a,1),787(a,1,1,2))].
kept:      882 mult(ld(c1,e),mult(ld(c1,e),mult(mult(c1,ld(rd(c1,c2),e)),c3))) != ld(c1,mult(c2,ld(c1,c3))).  [para(800(a,1),860(a,1,2,2,1,2))].
    starting back demodulation with 867.
    starting back demodulation with 869.
        869 back demodulating 868.
        869 back demodulating 834.
kept:      883 rd(mult(ld(rd(mult(x,mult(ld(mult(rd(mult(mult(y,z),u),mult(z,u)),x),e),w)),mult(mult(y,x),mult(ld(mult(rd(mult(mult(y,z),u),mult(z,u)),x),e),w))),z),u),mult(z,u)) = rd(w,mult(x,mult(ld(mult(rd(mult(mult(y,z),u),mult(z,u)),x),e),w))).  [back_rewrite(834),rewrite([877(21,R)])].
    new demodulator: 883.
        869 back demodulating 832.
        869 back demodulating 812.
        869 back demodulating 749.
kept:      884 rd(mult(mult(rd(mult(mult(x,y),z),mult(y,z)),ld(u,e)),w),ld(u,w)) = ld(rd(mult(ld(u,e),w),mult(mult(rd(mult(mult(x,y),z),mult(y,z)),ld(u,e)),w)),e).  [back_rewrite(749),rewrite([869(12)]),flip(a)].
    new demodulator: 884.
        869 back demodulating 748.
kept:      885 rd(mult(mult(rd(mult(mult(x,ld(y,e)),z),ld(y,z)),u),w),mult(u,w)) = ld(rd(mult(u,w),mult(mult(rd(mult(mult(x,ld(y,e)),z),mult(ld(y,e),z)),u),w)),e).  [back_rewrite(748),rewrite([869(22)])].
    new demodulator: 885.
        869 back demodulating 707.
kept:      886 ld(mult(ld(rd(mult(x,y),mult(mult(rd(mult(mult(z,u),w),mult(u,w)),x),y)),e),mult(mult(x,y),v5)),mult(mult(mult(rd(mult(mult(z,u),w),mult(u,w)),x),y),v5)) != e | ld(mult(mult(rd(mult(mult(z,u),w),mult(u,w)),x),y),mult(ld(rd(mult(u,w),mult(mult(rd(mult(mult(z,x),y),mult(x,y)),u),w)),e),mult(mult(x,y),v5))) = v5.  [back_rewrite(707),rewrite([869(8),869(37)])].
        869 back demodulating 701.
        869 back demodulating 695.
kept:      887 rd(mult(ld(rd(mult(x,y),mult(mult(z,x),y)),ld(z,e)),u),mult(ld(z,e),u)) = rd(mult(mult(z,x),y),mult(x,y)).  [back_rewrite(695),rewrite([877(7,R)])].
    new demodulator: 887.
        869 back demodulating 654.
        869 back demodulating 587.
kept:      888 ld(mult(x,mult(mult(rd(mult(mult(y,z),u),mult(z,u)),w),v5)),mult(mult(x,ld(rd(mult(w,v5),mult(mult(rd(mult(mult(y,z),u),mult(z,u)),w),v5)),e)),mult(w,v5))) != e | ld(mult(x,ld(rd(mult(z,u),mult(mult(rd(mult(mult(y,w),v5),mult(w,v5)),z),u)),e)),mult(x,mult(mult(rd(mult(mult(y,z),u),mult(z,u)),w),v5))) = mult(w,v5).  [back_rewrite(587),rewrite([869(15),869(31)])].
        869 back demodulating 554.
        869 back demodulating 448.
kept:      889 mult(ld(x,ld(rd(mult(y,z),mult(mult(rd(mult(mult(u,w),v5),mult(w,v5)),y),z)),e)),x) = mult(ld(x,ld(rd(mult(w,v5),mult(mult(rd(mult(mult(u,y),z),mult(y,z)),w),v5)),e)),x).  [back_rewrite(448),rewrite([869(8),869(20)])].
        869 back demodulating 388.
kept:      890 rd(mult(ld(rd(mult(mult(mult(rd(mult(x,y),mult(mult(z,x),y)),u),rd(mult(mult(z,x),y),mult(x,y))),w),mult(mult(z,mult(mult(rd(mult(x,y),mult(mult(z,x),y)),u),rd(mult(mult(z,x),y),mult(x,y)))),w)),x),y),mult(x,y)) = rd(mult(mult(u,rd(mult(mult(z,x),y),mult(x,y))),w),mult(mult(mult(rd(mult(x,y),mult(mult(z,x),y)),u),rd(mult(mult(z,x),y),mult(x,y))),w)).  [back_rewrite(388),rewrite([877(5),877(17),877(25,R),877(39)])].
    new demodulator: 890.
        869 back demodulating 386.
        869 back demodulating 385.
        869 back demodulating 309.
kept:      891 rd(mult(ld(rd(mult(x,rd(mult(mult(y,z),u),mult(z,u))),mult(mult(y,x),rd(mult(mult(y,z),u),mult(z,u)))),z),u),mult(z,u)) = rd(mult(mult(y,z),u),mult(z,u)).  [back_rewrite(309),rewrite([877(13,R)])].
    new demodulator: 891.
        869 back demodulating 307.
        869 back demodulating 269.
kept:      892 rd(mult(ld(rd(mult(rd(mult(mult(x,y),z),mult(y,z)),u),mult(mult(x,rd(mult(mult(x,y),z),mult(y,z))),u)),y),z),mult(y,z)) = rd(mult(mult(x,y),z),mult(y,z)).  [back_rewrite(269),rewrite([877(13,R)])].
    new demodulator: 892.
        869 back demodulating 267.
kept:      893 rd(mult(ld(rd(mult(x,y),mult(mult(z,x),y)),z),u),mult(z,u)) = rd(mult(mult(z,x),y),mult(x,y)).  [back_rewrite(267),rewrite([877(5,R)])].
    new demodulator: 893.
        869 back demodulating 250.
        869 back demodulating 243.
kept:      894 rd(mult(ld(rd(mult(mult(rd(mult(mult(x,y),z),mult(y,z)),u),w),mult(mult(x,mult(rd(mult(mult(x,y),z),mult(y,z)),u)),w)),y),z),mult(y,z)) = rd(mult(rd(mult(mult(x,y),z),mult(y,z)),mult(rd(mult(mult(x,y),z),mult(y,z)),mult(u,w))),mult(mult(rd(mult(mult(x,y),z),mult(y,z)),u),w)).  [back_rewrite(243),rewrite([877(15,R)])].
    new demodulator: 894.
        869 back demodulating 241.
        869 back demodulating 202.
kept:      895 rd(mult(ld(rd(mult(x,y),mult(mult(mult(z,u),x),y)),z),w),mult(z,w)) = rd(mult(mult(rd(mult(z,mult(u,mult(z,w))),mult(z,w)),x),y),mult(x,y)).  [back_rewrite(202),rewrite([877(6,R)])].
        869 back demodulating 160.
        869 back demodulating 158.
kept:      896 rd(mult(ld(rd(mult(mult(x,y),z),mult(mult(u,mult(x,y)),z)),x),y),mult(x,y)) = rd(mult(mult(mult(u,x),y),z),mult(mult(x,y),z)).  [back_rewrite(158),rewrite([877(7,R)])].
    new demodulator: 896.
        869 back demodulating 156.
kept:      897 rd(mult(ld(rd(mult(x,y),mult(mult(rd(z,u),x),y)),u),w),mult(u,w)) = rd(mult(mult(rd(mult(z,w),mult(u,w)),x),y),mult(x,y)).  [back_rewrite(156),rewrite([877(6,R)])].
        869 back demodulating 155.
        869 back demodulating 154.
kept:      898 rd(mult(ld(rd(mult(x,ld(mult(rd(mult(mult(y,z),u),mult(z,u)),x),w)),mult(mult(y,x),ld(mult(rd(mult(mult(y,z),u),mult(z,u)),x),w))),z),u),mult(z,u)) = rd(w,mult(x,ld(mult(rd(mult(mult(y,z),u),mult(z,u)),x),w))).  [back_rewrite(154),rewrite([877(17,R)])].
    new demodulator: 898.
        869 back demodulating 153.
kept:      899 rd(mult(ld(rd(mult(mult(rd(mult(x,y),mult(mult(z,x),y)),u),w),mult(mult(z,mult(rd(mult(x,y),mult(mult(z,x),y)),u)),w)),x),y),mult(x,y)) = rd(mult(u,w),mult(mult(rd(mult(x,y),mult(mult(z,x),y)),u),w)).  [back_rewrite(153),rewrite([877(5),877(12),877(15,R),877(24)])].
    new demodulator: 899.
        869 back demodulating 151.
        869 back demodulating 150.
        869 back demodulating 44.
kept:      900 ld(rd(mult(x,y),mult(mult(rd(mult(mult(z,u),w),mult(u,w)),x),y)),e) = ld(rd(mult(u,w),mult(mult(rd(mult(mult(z,x),y),mult(x,y)),u),w)),e).  [back_rewrite(44),rewrite([869(8),869(18)])].
    starting back demodulation with 870.
    starting back demodulation with 872.
    starting back demodulation with 876.
    starting back demodulation with 877.
        877 back demodulating 810.
kept:      901 rd(mult(ld(rd(mult(x,y),mult(ld(rd(z,u),e),mult(ld(rd(z,u),e),mult(mult(rd(z,u),x),y)))),z),w),mult(z,w)) = rd(mult(mult(rd(mult(u,w),mult(z,w)),x),y),mult(x,y)).  [back_rewrite(810),rewrite([877(14,R)])].
        877 back demodulating 706.
kept:      902 ld(mult(rd(rd(x,y),z),mult(z,y)),x) != e | mult(rd(y,x),mult(rd(rd(x,y),z),mult(z,y))) = y.  [back_rewrite(706),rewrite([877(13)])].
        877 back demodulating 694.
kept:      903 rd(mult(ld(rd(mult(x,y),mult(ld(z,e),mult(ld(z,e),mult(mult(z,x),y)))),z),u),mult(z,u)) = rd(mult(ld(z,e),mult(ld(z,e),mult(mult(z,x),y))),mult(x,y)).  [back_rewrite(694),rewrite([877(11,R)])].
    new demodulator: 903.
        877 back demodulating 693.
kept:      904 rd(mult(ld(rd(mult(x,y),mult(ld(z,e),mult(ld(z,e),mult(mult(z,x),y)))),mult(z,z)),u),mult(z,mult(z,u))) = rd(mult(ld(z,e),mult(ld(z,e),mult(mult(z,x),y))),mult(x,y)).  [back_rewrite(693),rewrite([877(12,R)])].
    new demodulator: 904.
    starting back demodulation with 883.
    starting back demodulation with 884.
    starting back demodulation with 885.
    starting back demodulation with 887.
    starting back demodulation with 890.
    starting back demodulation with 891.
    starting back demodulation with 892.
    starting back demodulation with 893.
    starting back demodulation with 894.
    starting back demodulation with 896.
    starting back demodulation with 898.
    starting back demodulation with 899.
    starting back demodulation with 903.
    starting back demodulation with 904.

given #74 (T,wt=9): 867 mult(rd(x,y),rd(y,x)) = e.  [para(800(a,2),10(a,1,2))].
kept:      905 ld(x,mult(mult(x,rd(y,z)),rd(z,y))) != e | rd(z,y) = ld(mult(x,rd(y,z)),x).  [para(867(a,1),24(a,1,1,2)),rewrite([8(2),867(12),8(11)]),flip(b)].
kept:      906 rd(x,y) != ld(mult(z,rd(y,x)),z) | ld(z,mult(mult(z,rd(y,x)),rd(x,y))) = e.  [para(867(a,1),26(a,1,2,2)),rewrite([8(4),867(8),8(7)]),flip(a)].
kept:      907 mult(mult(rd(x,y),z),ld(z,rd(y,x))) != e | ld(mult(rd(x,y),z),e) = ld(z,rd(y,x)).  [para(867(a,1),55(a,1,1)),rewrite([49(7),867(12)])].
kept:      908 ld(mult(x,mult(ld(x,rd(y,z)),rd(z,y))),e) != e | mult(rd(z,y),mult(x,mult(ld(x,rd(y,z)),rd(z,y)))) = rd(z,y).  [para(867(a,1),56(a,1,2)),rewrite([877(16)])].
kept:      909 ld(rd(x,y),ld(rd(x,y),e)) = mult(rd(y,x),rd(y,x)).  [para(867(a,1),338(a,1,1)),rewrite([877(4),567(5),519(5)])].
kept:      910 mult(mult(rd(x,y),rd(rd(y,x),z)),z) != e | ld(mult(rd(x,y),rd(rd(y,x),z)),e) = z.  [para(867(a,1),58(a,1,1)),rewrite([49(7),867(14)])].
kept:      911 ld(rd(x,rd(y,z)),mult(x,rd(z,y))) != e | rd(z,y) = ld(x,rd(x,rd(y,z))).  [para(867(a,1),60(a,1,1,2)),rewrite([8(4),867(12),8(11)]),flip(b)].
kept:      912 ld(mult(rd(rd(x,y),z),mult(z,rd(y,x))),e) != e | mult(rd(y,x),mult(rd(rd(x,y),z),mult(z,rd(y,x)))) = rd(y,x).  [para(867(a,1),60(a,1,2)),rewrite([877(16)])].

given #75 (T,wt=11): 352 rd(mult(x,y),mult(ld(y,x),y)) = y.  [para(280(a,1),11(a,1,1))].
kept:      913 rd(x,mult(ld(ld(y,x),y),ld(y,x))) = ld(y,x).  [para(10(a,1),352(a,1,1))].
    new demodulator: 913.
kept:      914 rd(mult(x,mult(x,mult(y,z))),mult(ld(z,mult(x,mult(x,y))),z)) = z.  [para(46(a,1),352(a,1,1))].
    new demodulator: 914.
kept:      915 rd(mult(x,rd(x,y)),mult(y,rd(x,y))) = rd(x,y).  [para(54(a,1),352(a,1,2,1))].
    new demodulator: 915.
kept:      916 rd(mult(x,mult(x,y)),mult(ld(y,mult(x,x)),y)) = y.  [para(161(a,1),352(a,1,1))].
    new demodulator: 916.
kept:      917 rd(mult(x,mult(y,mult(x,mult(x,y)))),mult(x,mult(x,y))) = mult(x,y).  [para(279(a,1),352(a,1,2,1)),rewrite([209(4)])].
    new demodulator: 917.
kept:      918 rd(mult(x,y),mult(ld(mult(ld(y,x),y),y),mult(ld(y,x),y))) = mult(ld(y,x),y).  [para(280(a,1),352(a,1,1))].
    new demodulator: 918.
kept:      919 rd(mult(mult(x,y),mult(x,rd(y,x))),mult(x,mult(x,rd(y,x)))) = mult(x,rd(y,x)).  [para(343(a,1),352(a,1,2,1))].
    new demodulator: 919.
kept:      920 rd(mult(mult(x,y),y),mult(mult(ld(y,x),y),y)) = y.  [para(351(a,1),352(a,1,2,1))].
    new demodulator: 920.
kept:      921 rd(x,mult(ld(mult(y,x),ld(y,e)),mult(y,x))) = mult(y,x).  [para(640(a,1),352(a,1,1))].
    new demodulator: 921.
kept:      922 rd(ld(x,y),mult(ld(y,ld(x,e)),y)) = y.  [para(664(a,2),352(a,1,1))].
    new demodulator: 922.
kept:      923 rd(x,mult(ld(mult(ld(y,e),x),y),mult(ld(y,e),x))) = mult(ld(y,e),x).  [para(677(a,1),352(a,1,1))].
    new demodulator: 923.
    starting back demodulation with 913.
    starting back demodulation with 914.
    starting back demodulation with 915.
    starting back demodulation with 916.
    starting back demodulation with 917.
    starting back demodulation with 918.
    starting back demodulation with 919.
    starting back demodulation with 920.
    starting back demodulation with 921.
    starting back demodulation with 922.
    starting back demodulation with 923.

given #76 (A,wt=24): 62 ld(mult(x,y),mult(x,z)) != ld(y,z) | ld(mult(x,z),mult(mult(x,y),ld(y,z))) = e.  [para(10(a,1),26(a,1,2,2)),rewrite([10(7)])].
kept:      924 ld(mult(x,y),z) != ld(y,ld(x,z)) | ld(z,mult(mult(x,y),ld(y,ld(x,z)))) = e.  [para(10(a,1),62(a,1,2)),rewrite([10(7)])].
kept:      925 ld(x,mult(rd(x,y),z)) != ld(y,z) | ld(mult(rd(x,y),z),mult(x,ld(y,z))) = e.  [para(12(a,1),62(a,1,1)),rewrite([12(9)])].
kept:      926 ld(mult(rd(x,y),z),x) != ld(z,y) | ld(x,mult(mult(rd(x,y),z),ld(z,y))) = e.  [para(12(a,1),62(a,1,2)),rewrite([12(7)])].
kept:      927 ld(mult(x,mult(y,x)),mult(mult(x,y),z)) != ld(x,z) | ld(mult(mult(x,y),z),mult(x,mult(y,z))) = e.  [para(162(a,1),62(a,1,1)),rewrite([162(11),209(13),10(11)])].
kept:      928 ld(mult(mult(x,y),z),mult(x,mult(y,x))) != ld(z,x) | ld(mult(x,mult(y,x)),mult(mult(mult(x,y),z),ld(z,x))) = e.  [para(162(a,1),62(a,1,2)),rewrite([162(9)])].
kept:      929 ld(mult(ld(x,y),x),z) != ld(mult(y,x),mult(x,z)) | ld(mult(x,z),mult(mult(y,x),ld(mult(ld(x,y),x),z))) = e.  [para(280(a,1),62(a,1,1)),rewrite([280(11)]),flip(a)].
kept:      930 ld(mult(x,y),mult(z,x)) != ld(y,mult(ld(x,z),x)) | ld(mult(z,x),mult(mult(x,y),ld(y,mult(ld(x,z),x)))) = e.  [para(280(a,1),62(a,1,2)),rewrite([280(10)])].
kept:      931 ld(mult(x,mult(y,rd(z,y))),mult(x,mult(y,z))) != y | ld(mult(x,mult(y,z)),mult(mult(x,mult(y,rd(z,y))),y)) = e.  [para(343(a,1),62(a,2)),rewrite([343(16)])].
kept:      932 ld(x,y) != mult(ld(x,e),y) | ld(mult(ld(x,e),y),ld(x,y)) = e.  [para(575(a,1),62(a,1,1)),rewrite([49(5),575(11),7(11)]),flip(a)].
kept:      933 ld(mult(ld(x,e),y),e) != ld(y,x) | mult(ld(x,e),mult(ld(x,e),mult(mult(x,y),ld(y,x)))) = e.  [para(575(a,1),62(a,1,2)),rewrite([575(10),675(13),49(18)])].
kept:      934 mult(ld(mult(x,y),x),mult(x,y)) != mult(ld(y,x),y) | ld(mult(x,mult(x,y)),mult(mult(x,y),mult(ld(y,x),y))) = e.  [para(351(a,1),62(a,1)),rewrite([351(6),351(12)])].
kept:      935 ld(mult(x,y),z) != ld(y,mult(ld(x,e),z)) | ld(mult(ld(x,e),z),mult(y,ld(mult(x,y),z))) = e.  [para(640(a,1),62(a,1,1)),rewrite([640(14)]),flip(a)].
kept:      936 ld(mult(ld(x,e),y),z) != ld(y,mult(x,z)) | ld(z,mult(ld(x,e),mult(ld(x,e),mult(mult(x,y),ld(y,mult(x,z)))))) = e.  [para(640(a,1),62(a,1,2)),rewrite([640(11),675(13)])].
kept:      937 ld(x,y) != mult(ld(mult(z,x),e),mult(z,y)) | ld(mult(z,y),mult(mult(z,x),ld(x,y))) = e.  [para(664(a,1),62(a,1)),flip(a)].
kept:      938 ld(mult(x,y),mult(x,z)) != mult(ld(y,e),z) | ld(mult(x,z),mult(mult(x,y),ld(y,z))) = e.  [para(664(a,1),62(a,2))].
kept:      939 ld(ld(x,y),mult(ld(x,e),z)) != ld(y,z) | ld(mult(ld(x,e),z),mult(ld(x,e),mult(ld(x,e),mult(mult(x,y),ld(y,z))))) = e.  [para(664(a,2),62(a,1,1)),rewrite([675(15)])].
kept:      940 ld(mult(ld(x,e),y),ld(x,z)) != ld(y,z) | ld(mult(ld(x,e),z),mult(ld(x,e),mult(ld(x,e),mult(mult(x,y),ld(y,z))))) = e.  [para(664(a,2),62(a,1,2)),rewrite([675(15)])].
kept:      941 ld(x,mult(ld(rd(y,x),e),z)) != ld(y,z) | ld(mult(ld(rd(y,x),e),z),mult(x,ld(y,z))) = e.  [para(666(a,1),62(a,1,1)),rewrite([666(15)])].
kept:      942 ld(mult(ld(rd(x,y),e),z),y) != ld(z,x) | ld(y,mult(ld(rd(x,y),e),mult(ld(rd(x,y),e),mult(mult(rd(x,y),z),ld(z,x))))) = e.  [para(666(a,1),62(a,1,2)),rewrite([666(11),675(13)])].
kept:      943 ld(mult(ld(x,e),y),z) != ld(y,mult(x,z)) | ld(mult(x,z),mult(y,ld(mult(ld(x,e),y),z))) = e.  [para(677(a,1),62(a,1,1)),rewrite([677(12)]),flip(a)].
kept:      944 ld(mult(x,y),z) != ld(y,mult(ld(x,e),z)) | ld(z,mult(mult(x,y),ld(y,mult(ld(x,e),z)))) = e.  [para(677(a,1),62(a,1,2)),rewrite([677(11)])].
kept:      945 rd(x,y) != ld(mult(z,rd(y,x)),z) | ld(z,mult(mult(z,rd(y,x)),ld(rd(y,x),e))) = e.  [para(800(a,2),62(a,2)),rewrite([8(4),8(7)]),flip(a)].
kept:      946 ld(rd(x,y),z) != mult(rd(y,x),z) | ld(mult(rd(y,x),z),ld(rd(x,y),z)) = e.  [para(867(a,1),62(a,1,1)),rewrite([49(4),867(10),7(11)]),flip(a)].
kept:      947 ld(mult(rd(x,y),z),e) != ld(z,rd(y,x)) | mult(mult(rd(x,y),z),ld(z,rd(y,x))) = e.  [para(867(a,1),62(a,1,2)),rewrite([867(10),49(14)])].

given #77 (F,wt=17): 880 mult(ld(c1,ld(rd(c1,c2),e)),c3) != ld(c1,mult(c2,ld(c1,c3))).  [para(800(a,1),859(a,1,1,2))].

given #78 (F,wt=19): 879 mult(ld(c1,ld(rd(c1,c2),e)),c3) != mult(ld(c1,e),mult(c2,ld(c1,c3))).  [para(800(a,1),786(a,1,1,2))].
kept:      948 mult(ld(c1,e),mult(ld(c1,e),mult(mult(c1,ld(rd(c1,c2),e)),c3))) != mult(ld(c1,e),mult(c2,ld(c1,c3))).  [para(664(a,1),879(a,1,1)),rewrite([675(11)])].

given #79 (F,wt=19): 881 mult(ld(c1,ld(rd(c1,c2),e)),c3) != ld(c1,mult(c2,mult(ld(c1,e),c3))).  [para(800(a,1),787(a,1,1,2))].
kept:      949 mult(ld(c1,e),mult(ld(c1,e),mult(mult(c1,ld(rd(c1,c2),e)),c3))) != ld(c1,mult(c2,mult(ld(c1,e),c3))).  [para(664(a,1),881(a,1,1)),rewrite([675(11)])].

given #80 (F,wt=21): 862 mult(ld(c1,e),ld(c1,mult(mult(c1,rd(c2,c1)),c3))) != ld(c1,mult(c2,ld(c1,c3))).  [para(664(a,2),860(a,1,2))].
kept:      950 mult(ld(c1,e),ld(c1,mult(mult(c1,rd(c2,c1)),c3))) != ld(c1,mult(c2,mult(ld(c1,e),c3))).  [para(664(a,1),862(a,2,2,2))].
kept:      951 mult(ld(c1,e),ld(c1,mult(mult(c1,rd(c2,c1)),c3))) != mult(ld(c1,e),mult(c2,ld(c1,c3))).  [para(664(a,1),862(a,2))].
kept:      952 ld(c1,ld(c1,mult(mult(c1,rd(c2,c1)),c3))) != ld(c1,mult(c2,ld(c1,c3))).  [para(664(a,2),862(a,1))].
kept:      953 mult(ld(c1,e),ld(c1,mult(mult(c1,ld(rd(c1,c2),e)),c3))) != ld(c1,mult(c2,ld(c1,c3))).  [para(800(a,1),862(a,1,2,2,1,2))].

given #81 (T,wt=11): 516 rd(mult(x,y),x) = mult(x,rd(y,x)).  [para(12(a,1),281(a,1,1,2))].
kept:      954 mult(x,rd(ld(x,y),x)) = rd(y,x).  [para(10(a,1),516(a,1,1)),flip(a)].
    new demodulator: 954.
kept:      955 rd(x,rd(x,y)) = mult(rd(x,y),rd(y,rd(x,y))).  [para(12(a,1),516(a,1,1))].
kept:      956 rd(mult(x,mult(x,mult(y,z))),mult(x,mult(x,y))) = mult(x,mult(x,mult(y,rd(z,mult(x,mult(x,y)))))).  [para(46(a,1),516(a,1,1)),rewrite([46(12)])].
    new demodulator: 956.
kept:      957 rd(mult(x,mult(x,y)),mult(x,x)) = mult(x,mult(x,rd(y,mult(x,x)))).  [para(161(a,1),516(a,1,1)),rewrite([161(8)])].
    new demodulator: 957.
kept:      958 rd(mult(x,mult(y,x)),mult(x,y)) = mult(mult(x,y),rd(x,mult(x,y))).  [para(162(a,1),516(a,1,1))].
    new demodulator: 958.
kept:      959 ld(mult(mult(x,y),z),mult(mult(mult(mult(x,y),rd(z,mult(x,y))),x),y)) != e | ld(mult(mult(mult(x,y),rd(z,mult(x,y))),x),mult(mult(x,y),z)) = y.  [para(516(a,1),59(a,1,2,1,1)),rewrite([516(15)])].
kept:      960 mult(ld(x,e),rd(mult(x,y),ld(x,e))) = rd(y,ld(x,e)).  [para(640(a,1),516(a,1,1)),flip(a)].
    new demodulator: 960.
kept:      961 rd(ld(x,y),ld(x,e)) = mult(ld(x,e),rd(y,ld(x,e))).  [para(664(a,2),516(a,1,1))].
    new demodulator: 961.
kept:      962 rd(x,ld(rd(y,x),e)) = mult(ld(rd(y,x),e),rd(y,ld(rd(y,x),e))).  [para(666(a,1),516(a,1,1))].
kept:      963 mult(x,rd(mult(ld(x,e),y),x)) = rd(y,x).  [para(677(a,1),516(a,1,1)),flip(a)].
    new demodulator: 963.
kept:      964 ld(rd(x,mult(x,y)),e) = mult(x,rd(y,x)).  [para(516(a,1),800(a,1)),flip(a)].
kept:      965 mult(x,rd(y,x)) = mult(x,ld(rd(x,y),e)).  [para(800(a,1),516(a,2,2)),rewrite([516(2)])].
kept:      966 mult(mult(x,rd(y,x)),rd(x,mult(x,y))) = e.  [para(516(a,1),867(a,1,1))].
    new demodulator: 966.
kept:      967 mult(rd(x,mult(x,y)),mult(x,rd(y,x))) = e.  [para(516(a,1),867(a,1,2))].
    new demodulator: 967.
    starting back demodulation with 954.
        954 back demodulating 552.
    starting back demodulation with 956.
        956 back demodulating 517.
    starting back demodulation with 957.
    starting back demodulation with 958.
    starting back demodulation with 960.
        960 back demodulating 688.
    starting back demodulation with 961.
    starting back demodulation with 963.
        963 back demodulating 843.
    starting back demodulation with 966.
    starting back demodulation with 967.

given #82 (T,wt=11): 519 ld(mult(x,x),y) = ld(x,ld(x,y)).  [para(10(a,1),313(a,1,2))].
kept:      968 ld(mult(x,y),ld(mult(x,y),mult(x,mult(y,mult(x,y))))) != e | ld(mult(x,mult(y,x)),mult(mult(x,y),mult(x,y))) = y.  [para(519(a,1),24(a,1)),rewrite([162(4),209(5),162(11)])].
kept:      969 ld(mult(x,mult(x,mult(y,mult(x,mult(x,y))))),z) = ld(mult(x,mult(x,y)),ld(mult(x,mult(x,y)),z)).  [para(46(a,1),519(a,1,1))].
    new demodulator: 969.
kept:      970 ld(mult(x,mult(x,mult(x,x))),y) = ld(x,ld(x,ld(x,ld(x,y)))).  [para(161(a,1),519(a,1,1)),rewrite([519(7),519(8)])].
    new demodulator: 970.
kept:      971 ld(mult(x,y),mult(mult(x,mult(z,z)),ld(z,ld(z,y)))) != e | ld(mult(x,mult(z,z)),mult(x,y)) = ld(z,ld(z,y)).  [para(519(a,1),55(a,1,2,2)),rewrite([519(15)])].
kept:      972 ld(x,ld(x,mult(mult(x,y),ld(y,x)))) != e | ld(mult(x,y),mult(x,x)) = ld(y,x).  [para(519(a,1),55(a,1))].
kept:      973 mult(mult(x,y),y) = mult(x,mult(y,y)).  [para(519(a,1),280(a,1,2,1)),rewrite([161(6),165(5),391(4)])].
    new demodulator: 973.
kept:      974 rd(mult(x,x),ld(x,ld(x,e))) = mult(x,mult(x,mult(x,x))).  [para(519(a,1),534(a,1,2)),rewrite([161(8)])].
    new demodulator: 974.
kept:      975 ld(x,ld(x,mult(rd(x,y),mult(y,x)))) != e | ld(mult(x,rd(x,y)),mult(x,x)) = y.  [para(519(a,1),58(a,1)),rewrite([168(3),12(3)])].
kept:      976 ld(x,ld(x,mult(y,mult(x,x)))) = mult(ld(x,ld(x,y)),mult(x,x)).  [para(519(a,1),351(a,1)),rewrite([519(6)])].
    new demodulator: 976.
kept:      977 ld(x,ld(x,mult(mult(rd(mult(x,x),mult(y,z)),y),z))) != e | ld(mult(rd(mult(x,x),mult(y,z)),y),mult(x,x)) = z.  [para(519(a,1),59(a,1))].
kept:      978 ld(x,ld(x,y)) = mult(ld(x,e),mult(ld(x,e),y)).  [para(519(a,1),664(a,1)),rewrite([519(5),753(6)])].
    new demodulator: 978.
kept:      979 mult(ld(x,e),mult(ld(x,e),mult(y,mult(ld(y,mult(x,x)),z)))) != z | ld(mult(y,mult(ld(y,mult(x,x)),z)),mult(x,mult(x,z))) = e.  [para(519(a,1),61(a,1)),rewrite([978(6),161(17)])].
kept:      980 mult(rd(x,y),rd(x,y)) = mult(ld(rd(y,x),e),ld(rd(y,x),e)).  [para(800(a,2),519(a,2,2)),rewrite([519(5),978(5),8(8),877(10)]),flip(a)].
kept:      981 ld(mult(x,mult(y,y)),mult(x,z)) != mult(ld(y,e),mult(ld(y,e),z)) | ld(mult(x,z),mult(mult(x,mult(y,y)),mult(ld(y,e),mult(ld(y,e),z)))) = e.  [para(519(a,1),62(a,2)),rewrite([978(6),519(16),978(16)])].
    starting back demodulation with 969.
        969 back demodulating 320.
    starting back demodulation with 970.
        970 back demodulating 321.
    starting back demodulation with 973.
        973 back demodulating 920.
kept:      982 rd(mult(x,mult(y,y)),mult(ld(y,x),mult(y,y))) = y.  [back_rewrite(920),rewrite([973(2),973(5)])].
    new demodulator: 982.
        973 back demodulating 836.
        973 back demodulating 705.
kept:      983 ld(mult(x,mult(y,ld(x,e))),mult(x,mult(y,y))) = mult(x,y).  [back_rewrite(705),rewrite([973(6)])].
    new demodulator: 983.
        973 back demodulating 629.
kept:      984 mult(ld(mult(ld(x,y),x),x),mult(ld(x,y),x)) != x | mult(ld(x,e),mult(ld(x,e),mult(y,mult(x,x)))) = mult(ld(x,y),x).  [back_rewrite(629),rewrite([978(9),46(14),46(15),973(13)])].
        973 back demodulating 628.
kept:      985 mult(ld(mult(ld(x,y),x),x),mult(ld(x,y),x)) != x | ld(mult(ld(x,y),mult(x,x)),mult(y,x)) = e.  [back_rewrite(628),rewrite([973(10)])].
        973 back demodulating 627.
kept:      986 ld(mult(ld(x,y),mult(x,x)),mult(y,x)) != e | mult(ld(mult(ld(x,y),x),x),mult(ld(x,y),x)) = x.  [back_rewrite(627),rewrite([973(3)])].
        973 back demodulating 522.
kept:      987 mult(mult(x,y),mult(x,x)) = mult(x,mult(y,mult(x,x))).  [back_rewrite(522),rewrite([973(5)])].
    new demodulator: 987.
        973 back demodulating 395.
kept:      988 ld(mult(ld(x,y),mult(x,x)),mult(mult(ld(x,y),x),mult(y,x))) = mult(ld(x,y),x).  [back_rewrite(395),rewrite([973(3)])].
    new demodulator: 988.
        973 back demodulating 391.
        973 back demodulating 372.
kept:      989 mult(x,mult(ld(mult(y,z),mult(y,mult(z,mult(ld(x,u),x)))),x)) = mult(ld(mult(y,z),mult(y,mult(z,u))),mult(x,x)).  [back_rewrite(372),rewrite([973(14)])].
    new demodulator: 989.
        973 back demodulating 364.
kept:      990 mult(x,mult(mult(ld(y,mult(ld(x,z),x)),y),x)) = mult(mult(ld(y,z),y),mult(x,x)).  [back_rewrite(364),rewrite([973(10)])].
    new demodulator: 990.
        973 back demodulating 360.
kept:      991 ld(mult(x,y),mult(ld(y,x),mult(y,y))) != e | mult(ld(y,e),mult(ld(y,e),mult(x,mult(y,y)))) = mult(ld(y,x),y).  [back_rewrite(360),rewrite([973(4),978(9),46(14),46(15),973(13)])].
    starting back demodulation with 974.
    starting back demodulation with 976.
    starting back demodulation with 978.
        978 back demodulating 977.
kept:      992 mult(ld(x,e),mult(ld(x,e),mult(mult(rd(mult(x,x),mult(y,z)),y),z))) != e | ld(mult(rd(mult(x,x),mult(y,z)),y),mult(x,x)) = z.  [back_rewrite(977),rewrite([978(7)])].
        978 back demodulating 976.
        978 back demodulating 975.
kept:      993 mult(ld(x,e),mult(ld(x,e),mult(rd(x,y),mult(y,x)))) != e | ld(mult(x,rd(x,y)),mult(x,x)) = y.  [back_rewrite(975),rewrite([978(5)])].
        978 back demodulating 974.
        978 back demodulating 972.
kept:      994 mult(ld(x,e),mult(ld(x,e),mult(mult(x,y),ld(y,x)))) != e | ld(mult(x,y),mult(x,x)) = ld(y,x).  [back_rewrite(972),rewrite([978(5)])].
        978 back demodulating 971.
kept:      995 ld(mult(x,y),mult(mult(x,mult(z,z)),mult(ld(z,e),mult(ld(z,e),y)))) != e | ld(mult(x,mult(z,z)),mult(x,y)) = mult(ld(z,e),mult(ld(z,e),y)).  [back_rewrite(971),rewrite([978(5),978(19)])].
        978 back demodulating 970.
kept:      996 ld(mult(x,mult(x,mult(x,x))),y) = mult(ld(x,e),mult(ld(x,e),mult(ld(x,e),mult(ld(x,e),y)))).  [back_rewrite(970),rewrite([978(6),978(12)])].
    new demodulator: 996.
        978 back demodulating 969.
kept:      997 ld(mult(x,mult(x,mult(y,mult(x,mult(x,y))))),z) = mult(ld(mult(x,mult(x,y)),e),mult(ld(mult(x,mult(x,y)),e),z)).  [back_rewrite(969),rewrite([978(12)])].
    new demodulator: 997.
        978 back demodulating 968.
kept:      998 mult(ld(mult(x,y),e),mult(ld(mult(x,y),e),mult(x,mult(y,mult(x,y))))) != e | ld(mult(x,mult(y,x)),mult(mult(x,y),mult(x,y))) = y.  [back_rewrite(968),rewrite([978(7)])].
        978 back demodulating 952.
        978 back demodulating 909.
        978 back demodulating 753.
        978 back demodulating 711.
kept:      999 ld(mult(rd(mult(x,x),y),mult(y,z)),mult(x,mult(x,z))) != e | mult(ld(x,e),mult(ld(x,e),mult(rd(mult(x,x),y),mult(y,z)))) = z.  [back_rewrite(711),rewrite([978(15)])].
        978 back demodulating 702.
        978 back demodulating 645.
        978 back demodulating 624.
kept:      1000 mult(ld(x,mult(y,y)),x) != mult(y,y) | mult(ld(y,e),mult(ld(y,e),mult(x,mult(y,y)))) = x.  [back_rewrite(624),rewrite([978(7),46(13)])].
        978 back demodulating 541.
        978 back demodulating 539.
kept:      1001 rd(mult(x,mult(x,y)),mult(ld(x,e),mult(ld(x,e),y))) = mult(x,mult(x,mult(x,x))).  [back_rewrite(539),rewrite([978(4)])].
    new demodulator: 1001.
        978 back demodulating 535.
        978 back demodulating 533.
kept:      1002 mult(x,mult(x,ld(mult(y,z),mult(y,mult(z,mult(ld(x,e),mult(ld(x,e),mult(u,mult(x,x))))))))) = mult(ld(mult(y,z),mult(y,mult(z,u))),mult(x,x)).  [back_rewrite(533),rewrite([978(3),46(9)])].
    new demodulator: 1002.
        978 back demodulating 532.
kept:      1003 mult(x,mult(x,mult(ld(y,mult(ld(x,e),mult(ld(x,e),mult(z,mult(x,x))))),y))) = mult(mult(ld(y,z),y),mult(x,x)).  [back_rewrite(532),rewrite([978(2),46(8)])].
    new demodulator: 1003.
        978 back demodulating 531.
kept:      1004 mult(ld(x,mult(ld(mult(ld(x,y),x),e),mult(ld(mult(ld(x,y),x),e),mult(y,mult(mult(ld(x,y),x),mult(ld(x,y),x)))))),x) = mult(ld(x,y),x).  [back_rewrite(531),rewrite([978(6),46(16)])].
    new demodulator: 1004.
        978 back demodulating 530.
kept:      1005 mult(ld(x,e),mult(ld(x,e),mult(mult(ld(y,x),y),mult(x,x)))) = mult(ld(y,x),y).  [back_rewrite(530),rewrite([978(4),46(10)])].
    new demodulator: 1005.
        978 back demodulating 529.
kept:      1006 mult(ld(x,mult(ld(mult(ld(x,y),x),e),mult(ld(mult(ld(x,y),x),e),mult(rd(mult(mult(y,z),u),mult(z,u)),mult(mult(ld(x,y),x),mult(ld(x,y),x)))))),x) = mult(ld(x,rd(mult(mult(y,z),u),mult(z,u))),x).  [back_rewrite(529),rewrite([978(10),46(20)])].
    new demodulator: 1006.
        978 back demodulating 528.
kept:      1007 rd(mult(mult(x,y),z),mult(y,z)) = mult(ld(x,e),mult(ld(x,e),ld(rd(mult(y,z),mult(mult(x,y),z)),mult(x,x)))).  [back_rewrite(528),rewrite([978(6),46(12),877(10,R)]),flip(a)].
    new demodulator: 1007.
        978 back demodulating 527.
kept:      1008 ld(mult(x,y),mult(x,mult(y,mult(ld(ld(mult(x,y),mult(x,mult(y,z))),e),mult(ld(ld(mult(x,y),mult(x,mult(y,z))),e),mult(z,mult(ld(mult(x,y),mult(x,mult(y,z))),ld(mult(x,y),mult(x,mult(y,z)))))))))) = ld(mult(x,y),mult(x,mult(y,z))).  [back_rewrite(527),rewrite([978(11),46(25)])].
    new demodulator: 1008.
        978 back demodulating 526.
kept:      1009 mult(ld(x,e),mult(ld(x,e),mult(ld(mult(y,z),mult(y,mult(z,x))),mult(x,x)))) = ld(mult(y,z),mult(y,mult(z,x))).  [back_rewrite(526),rewrite([978(6),46(12)])].
    new demodulator: 1009.
        978 back demodulating 525.
kept:      1010 ld(mult(x,mult(x,y)),mult(y,mult(x,x))) != e | mult(ld(x,e),mult(ld(x,e),mult(y,mult(x,x)))) = y.  [back_rewrite(525),rewrite([978(9),46(15)])].
        978 back demodulating 523.
kept:      1011 ld(mult(x,mult(ld(x,mult(y,y)),z)),mult(y,mult(y,z))) != e | mult(ld(y,e),mult(ld(y,e),mult(x,mult(ld(x,mult(y,y)),z)))) = z.  [back_rewrite(523),rewrite([978(15)])].
        978 back demodulating 519.
kept:      1012 ld(mult(x,x),y) = mult(ld(x,e),mult(ld(x,e),y)).  [back_rewrite(519),rewrite([978(4)])].
    new demodulator: 1012.
        978 back demodulating 493.
kept:      1013 ld(ld(x,y),y) != x | ld(x,y) = mult(ld(x,e),mult(ld(x,e),mult(y,x))).  [back_rewrite(493),rewrite([978(5),46(10)]),flip(b)].
        978 back demodulating 491.
kept:      1014 ld(x,mult(ld(y,x),y)) != e | ld(y,x) = mult(ld(y,e),mult(ld(y,e),mult(x,y))).  [back_rewrite(491),rewrite([978(7),46(12)]),flip(b)].
    starting back demodulation with 982.
    starting back demodulation with 983.
    starting back demodulation with 987.
    starting back demodulation with 988.
    starting back demodulation with 989.
    starting back demodulation with 990.
    starting back demodulation with 996.
    starting back demodulation with 997.
    starting back demodulation with 1001.
    starting back demodulation with 1002.
    starting back demodulation with 1003.
    starting back demodulation with 1004.
    starting back demodulation with 1005.
    starting back demodulation with 1006.
    starting back demodulation with 1007.
        1007 back demodulating 1006.
kept:      1015 mult(ld(x,mult(ld(mult(ld(x,y),x),e),mult(ld(mult(ld(x,y),x),e),mult(ld(y,e),mult(ld(y,e),mult(ld(rd(mult(z,u),mult(mult(y,z),u)),mult(y,y)),mult(mult(ld(x,y),x),mult(ld(x,y),x)))))))),x) = mult(ld(x,mult(ld(y,e),mult(ld(y,e),ld(rd(mult(z,u),mult(mult(y,z),u)),mult(y,y))))),x).  [back_rewrite(1006),rewrite([1007(12),46(26),1007(34)])].
    new demodulator: 1015.
        1007 back demodulating 901.
kept:      1016 rd(mult(ld(rd(mult(x,y),mult(ld(rd(z,u),e),mult(ld(rd(z,u),e),mult(mult(rd(z,u),x),y)))),z),w),mult(z,w)) = mult(ld(rd(mult(u,w),mult(z,w)),e),mult(ld(rd(mult(u,w),mult(z,w)),e),ld(rd(mult(x,y),mult(mult(rd(mult(u,w),mult(z,w)),x),y)),mult(rd(mult(u,w),mult(z,w)),rd(mult(u,w),mult(z,w)))))).  [back_rewrite(901),rewrite([1007(24)])].
    new demodulator: 1016.
        1007 back demodulating 900.
kept:      1017 ld(rd(mult(x,y),mult(ld(z,e),mult(ld(z,e),mult(mult(ld(rd(mult(u,w),mult(mult(z,u),w)),mult(z,z)),x),y)))),e) = ld(rd(mult(u,w),mult(ld(z,e),mult(ld(z,e),mult(mult(ld(rd(mult(x,y),mult(mult(z,x),y)),mult(z,z)),u),w)))),e).  [back_rewrite(900),rewrite([1007(5),46(14),46(15),1007(23),46(32),46(33)])].
        1007 back demodulating 898.
kept:      1018 rd(mult(ld(rd(mult(x,ld(mult(ld(y,e),mult(ld(y,e),mult(ld(rd(mult(z,u),mult(mult(y,z),u)),mult(y,y)),x))),w)),mult(mult(y,x),ld(mult(ld(y,e),mult(ld(y,e),mult(ld(rd(mult(z,u),mult(mult(y,z),u)),mult(y,y)),x))),w))),z),u),mult(z,u)) = rd(w,mult(x,ld(mult(ld(y,e),mult(ld(y,e),mult(ld(rd(mult(z,u),mult(mult(y,z),u)),mult(y,y)),x))),w))).  [back_rewrite(898),rewrite([1007(4),46(13),1007(20),46(29),1007(40),46(49)])].
    new demodulator: 1018.
        1007 back demodulating 897.
kept:      1019 rd(mult(ld(rd(mult(x,y),mult(mult(rd(z,u),x),y)),u),w),mult(u,w)) = mult(ld(rd(mult(z,w),mult(u,w)),e),mult(ld(rd(mult(z,w),mult(u,w)),e),ld(rd(mult(x,y),mult(mult(rd(mult(z,w),mult(u,w)),x),y)),mult(rd(mult(z,w),mult(u,w)),rd(mult(z,w),mult(u,w)))))).  [back_rewrite(897),rewrite([1007(16)])].
    new demodulator: 1019.
        1007 back demodulating 895.
kept:      1020 rd(mult(ld(rd(mult(x,y),mult(mult(mult(z,u),x),y)),z),w),mult(z,w)) = mult(rd(mult(z,w),mult(z,mult(u,mult(z,w)))),mult(rd(mult(z,w),mult(z,mult(u,mult(z,w)))),ld(rd(mult(x,y),mult(mult(rd(mult(z,mult(u,mult(z,w))),mult(z,w)),x),y)),mult(rd(mult(z,mult(u,mult(z,w))),mult(z,w)),rd(mult(z,mult(u,mult(z,w))),mult(z,w)))))).  [back_rewrite(895),rewrite([1007(18),877(16),8(16),877(21),8(21)])].
    new demodulator: 1020.
        1007 back demodulating 894.
        1007 back demodulating 893.
kept:      1021 rd(mult(ld(rd(mult(x,y),mult(mult(z,x),y)),z),u),mult(z,u)) = mult(ld(z,e),mult(ld(z,e),ld(rd(mult(x,y),mult(mult(z,x),y)),mult(z,z)))).  [back_rewrite(893),rewrite([1007(12)])].
    new demodulator: 1021.
        1007 back demodulating 892.
kept:      1022 rd(mult(ld(rd(mult(ld(x,e),mult(ld(x,e),mult(ld(rd(mult(y,z),mult(mult(x,y),z)),mult(x,x)),u))),mult(ld(x,e),mult(ld(x,e),mult(mult(x,ld(rd(mult(y,z),mult(mult(x,y),z)),mult(x,x))),u)))),y),z),mult(y,z)) = mult(ld(x,e),mult(ld(x,e),ld(rd(mult(y,z),mult(mult(x,y),z)),mult(x,x)))).  [back_rewrite(892),rewrite([1007(4),46(13),1007(17),677(26),675(23),1007(36)])].
    new demodulator: 1022.
        1007 back demodulating 891.
kept:      1023 rd(mult(ld(rd(mult(x,mult(ld(y,e),mult(ld(y,e),ld(rd(mult(z,u),mult(mult(y,z),u)),mult(y,y))))),mult(mult(y,x),mult(ld(y,e),mult(ld(y,e),ld(rd(mult(z,u),mult(mult(y,z),u)),mult(y,y)))))),z),u),mult(z,u)) = mult(ld(y,e),mult(ld(y,e),ld(rd(mult(z,u),mult(mult(y,z),u)),mult(y,y)))).  [back_rewrite(891),rewrite([1007(4),1007(18),1007(36)])].
    new demodulator: 1023.
        1007 back demodulating 890.
        1007 back demodulating 889.
kept:      1024 mult(ld(x,ld(rd(mult(y,z),mult(ld(u,e),mult(ld(u,e),mult(mult(ld(rd(mult(w,v5),mult(mult(u,w),v5)),mult(u,u)),y),z)))),e)),x) = mult(ld(x,ld(rd(mult(w,v5),mult(ld(u,e),mult(ld(u,e),mult(mult(ld(rd(mult(y,z),mult(mult(u,y),z)),mult(u,u)),w),v5)))),e)),x).  [back_rewrite(889),rewrite([1007(5),46(14),46(15),1007(25),46(34),46(35)])].
        1007 back demodulating 888.
        1007 back demodulating 887.
kept:      1025 rd(mult(ld(rd(mult(x,y),mult(mult(z,x),y)),ld(z,e)),u),mult(ld(z,e),u)) = mult(ld(z,e),mult(ld(z,e),ld(rd(mult(x,y),mult(mult(z,x),y)),mult(z,z)))).  [back_rewrite(887),rewrite([1007(16)])].
    new demodulator: 1025.
        1007 back demodulating 886.
        1007 back demodulating 885.
        1007 back demodulating 884.
kept:      1026 rd(mult(ld(x,e),mult(ld(x,e),mult(mult(ld(rd(mult(y,z),mult(mult(x,y),z)),mult(x,x)),ld(u,e)),w))),ld(u,w)) = ld(rd(mult(ld(u,e),w),mult(ld(x,e),mult(ld(x,e),mult(mult(ld(rd(mult(y,z),mult(mult(x,y),z)),mult(x,x)),ld(u,e)),w)))),e).  [back_rewrite(884),rewrite([1007(4),46(15),46(16),1007(25),46(36),46(37)])].
    new demodulator: 1026.
        1007 back demodulating 883.
        1007 back demodulating 870.
kept:      1027 rd(mult(ld(rd(mult(x,y),mult(mult(z,x),y)),e),mult(ld(rd(mult(x,y),mult(mult(z,x),y)),e),mult(mult(rd(mult(x,y),mult(mult(z,x),y)),u),w))),mult(u,w)) = ld(rd(mult(u,w),mult(ld(z,e),mult(ld(z,e),mult(mult(ld(rd(mult(x,y),mult(mult(z,x),y)),mult(z,z)),u),w)))),e).  [back_rewrite(870),rewrite([1007(27),46(36),46(37)])].
    new demodulator: 1027.
        1007 back demodulating 869.
kept:      1028 rd(mult(ld(x,e),mult(ld(x,e),mult(mult(ld(rd(mult(y,z),mult(mult(x,y),z)),mult(x,x)),u),w))),mult(u,w)) = ld(rd(mult(y,z),mult(ld(x,e),mult(ld(x,e),mult(mult(ld(rd(mult(u,w),mult(mult(x,u),w)),mult(x,x)),y),z)))),e).  [back_rewrite(869),rewrite([1007(4),46(13),46(14),1007(21),46(30),46(31)])].
    new demodulator: 1028.
        1007 back demodulating 833.
kept:      1029 rd(mult(ld(x,e),mult(ld(x,e),mult(mult(ld(rd(mult(y,z),mult(mult(x,y),z)),mult(x,x)),u),mult(ld(u,e),w)))),w) = mult(rd(w,mult(mult(x,u),mult(ld(u,e),w))),mult(rd(w,mult(mult(x,u),mult(ld(u,e),w))),ld(rd(mult(y,z),mult(mult(rd(mult(mult(x,u),mult(ld(u,e),w)),w),y),z)),mult(rd(mult(mult(x,u),mult(ld(u,e),w)),w),rd(mult(mult(x,u),mult(ld(u,e),w)),w))))).  [back_rewrite(833),rewrite([1007(10),877(8),8(8),877(14),8(14),1007(42),46(51),46(55)]),flip(a)].
    new demodulator: 1029.
        1007 back demodulating 831.
        1007 back demodulating 811.
kept:      1030 rd(mult(ld(x,e),mult(ld(x,e),mult(mult(ld(rd(mult(y,z),mult(mult(x,y),z)),mult(x,x)),ld(rd(u,w),e)),u))),w) = mult(rd(w,mult(mult(x,ld(rd(u,w),e)),u)),mult(rd(w,mult(mult(x,ld(rd(u,w),e)),u)),ld(rd(mult(y,z),mult(mult(rd(mult(mult(x,ld(rd(u,w),e)),u),w),y),z)),mult(rd(mult(mult(x,ld(rd(u,w),e)),u),w),rd(mult(mult(x,ld(rd(u,w),e)),u),w))))).  [back_rewrite(811),rewrite([1007(10),877(8),8(8),877(14),8(14),1007(42),46(54),46(55)]),flip(a)].
    new demodulator: 1030.
        1007 back demodulating 747.
        1007 back demodulating 730.
kept:      1031 rd(mult(mult(x,ld(y,e)),z),ld(y,z)) = mult(ld(x,e),mult(ld(x,e),ld(rd(mult(ld(y,e),z),mult(mult(x,ld(y,e)),z)),mult(x,x)))).  [back_rewrite(730),rewrite([1007(14)])].
    new demodulator: 1031.
        1007 back demodulating 696.
        1007 back demodulating 674.
kept:      1032 rd(mult(ld(x,e),mult(ld(x,e),mult(mult(ld(rd(mult(y,z),mult(mult(x,y),z)),mult(x,x)),ld(u,e)),mult(u,w)))),w) = mult(rd(w,mult(mult(x,ld(u,e)),mult(u,w))),mult(rd(w,mult(mult(x,ld(u,e)),mult(u,w))),ld(rd(mult(y,z),mult(mult(rd(mult(mult(x,ld(u,e)),mult(u,w)),w),y),z)),mult(rd(mult(mult(x,ld(u,e)),mult(u,w)),w),rd(mult(mult(x,ld(u,e)),mult(u,w)),w))))).  [back_rewrite(674),rewrite([1007(10),877(8),8(8),877(14),8(14),1007(42),46(53),46(55)]),flip(a)].
    new demodulator: 1032.
        1007 back demodulating 603.
kept:      1033 mult(ld(mult(mult(x,ld(y,e)),y),e),mult(ld(mult(mult(x,ld(y,e)),y),e),ld(rd(mult(z,u),mult(mult(mult(mult(x,ld(y,e)),y),z),u)),mult(mult(mult(x,ld(y,e)),y),mult(mult(x,ld(y,e)),y))))) = mult(ld(x,e),mult(ld(x,e),mult(mult(ld(rd(mult(z,u),mult(mult(x,z),u)),mult(x,x)),ld(y,e)),y))).  [back_rewrite(603),rewrite([1007(8),1007(36),46(47),46(48)])].
    new demodulator: 1033.
        1007 back demodulating 574.
kept:      1034 mult(ld(mult(mult(x,y),ld(y,e)),e),mult(ld(mult(mult(x,y),ld(y,e)),e),ld(rd(mult(z,u),mult(mult(mult(mult(x,y),ld(y,e)),z),u)),mult(mult(mult(x,y),ld(y,e)),mult(mult(x,y),ld(y,e)))))) = mult(ld(x,e),mult(ld(x,e),mult(mult(ld(rd(mult(z,u),mult(mult(x,z),u)),mult(x,x)),y),ld(y,e)))).  [back_rewrite(574),rewrite([1007(8),1007(36),46(45),46(48)])].
    new demodulator: 1034.
        1007 back demodulating 494.
kept:      1035 mult(ld(mult(ld(x,y),x),e),mult(ld(mult(ld(x,y),x),e),ld(rd(mult(z,u),mult(mult(mult(ld(x,y),x),z),u)),mult(mult(ld(x,y),x),mult(ld(x,y),x))))) = mult(ld(x,mult(ld(y,e),mult(ld(y,e),ld(rd(mult(z,u),mult(mult(y,z),u)),mult(y,y))))),x).  [back_rewrite(494),rewrite([1007(6),1007(26)])].
    new demodulator: 1035.
        1007 back demodulating 458.
kept:      1036 mult(ld(x,e),mult(ld(x,e),mult(ld(x,e),mult(ld(rd(mult(y,z),mult(mult(x,y),z)),mult(x,x)),x)))) = mult(ld(x,e),mult(ld(x,e),ld(rd(mult(y,z),mult(mult(x,y),z)),mult(x,x)))).  [back_rewrite(458),rewrite([1007(4),750(14),675(14),162(16),640(17),1007(20)])].
    new demodulator: 1036.
        1007 back demodulating 457.
kept:      1037 mult(ld(ld(ld(x,y),y),e),mult(ld(ld(ld(x,y),y),e),ld(rd(mult(z,u),mult(mult(ld(ld(x,y),y),z),u)),mult(ld(ld(x,y),y),ld(ld(x,y),y))))) = mult(ld(ld(x,y),mult(ld(x,e),mult(ld(x,e),ld(rd(mult(z,u),mult(mult(x,z),u)),mult(x,x))))),ld(x,y)).  [back_rewrite(457),rewrite([1007(6),1007(27)])].
    new demodulator: 1037.
        1007 back demodulating 456.
kept:      1038 mult(ld(x,mult(ld(y,e),mult(ld(y,e),ld(rd(mult(ld(mult(ld(x,y),x),z),u),mult(mult(y,ld(mult(ld(x,y),x),z)),u)),mult(y,y))))),x) = rd(mult(z,u),mult(ld(mult(ld(x,y),x),z),u)).  [back_rewrite(456),rewrite([1007(10)])].
    new demodulator: 1038.
        1007 back demodulating 455.
kept:      1039 mult(ld(x,mult(ld(y,e),mult(ld(y,e),ld(rd(mult(z,ld(mult(mult(ld(x,y),x),z),u)),mult(mult(y,z),ld(mult(mult(ld(x,y),x),z),u))),mult(y,y))))),x) = rd(u,mult(z,ld(mult(mult(ld(x,y),x),z),u))).  [back_rewrite(455),rewrite([1007(12)])].
    new demodulator: 1039.
        1007 back demodulating 453.
kept:      1040 mult(mult(ld(x,mult(ld(y,e),mult(ld(y,e),ld(rd(mult(z,u),mult(mult(y,z),u)),mult(y,y))))),x),mult(z,u)) = mult(mult(mult(ld(x,y),x),z),u).  [back_rewrite(453),rewrite([1007(4)])].
    new demodulator: 1040.
        1007 back demodulating 452.
kept:      1041 mult(ld(x,mult(ld(rd(y,x),e),mult(ld(rd(y,x),e),ld(rd(mult(z,u),mult(mult(rd(y,x),z),u)),mult(rd(y,x),rd(y,x)))))),x) = mult(ld(ld(x,y),e),mult(ld(ld(x,y),e),ld(rd(mult(z,u),mult(mult(ld(x,y),z),u)),mult(ld(x,y),ld(x,y))))).  [back_rewrite(452),rewrite([1007(5),1007(24)])].
    new demodulator: 1041.
        1007 back demodulating 442.
kept:      1042 mult(ld(ld(x,mult(y,mult(z,mult(y,x)))),e),mult(ld(ld(x,mult(y,mult(z,mult(y,x)))),e),ld(rd(mult(u,w),mult(mult(ld(x,mult(y,mult(z,mult(y,x)))),u),w)),mult(ld(x,mult(y,mult(z,mult(y,x)))),ld(x,mult(y,mult(z,mult(y,x)))))))) = mult(ld(x,rd(mult(mult(y,mult(z,mult(y,u))),w),mult(u,w))),x).  [back_rewrite(442),rewrite([1007(8)])].
        1007 back demodulating 433.
kept:      1043 mult(ld(x,mult(ld(y,e),mult(ld(y,e),ld(rd(mult(mult(mult(ld(x,y),x),z),u),mult(mult(y,mult(mult(ld(x,y),x),z)),u)),mult(y,y))))),x) = rd(mult(mult(ld(x,y),x),mult(mult(ld(x,y),x),mult(z,u))),mult(mult(mult(ld(x,y),x),z),u)).  [back_rewrite(433),rewrite([1007(10)])].
    new demodulator: 1043.
        1007 back demodulating 428.
kept:      1044 ld(mult(ld(x,mult(ld(y,e),mult(ld(y,e),ld(rd(mult(z,u),mult(mult(y,z),u)),mult(y,y))))),x),mult(mult(mult(ld(x,y),x),z),u)) = mult(z,u).  [back_rewrite(428),rewrite([1007(4)])].
    new demodulator: 1044.
        1007 back demodulating 422.
kept:      1045 mult(ld(x,mult(ld(y,e),mult(ld(y,e),ld(rd(mult(mult(ld(x,y),x),z),mult(mult(y,mult(ld(x,y),x)),z)),mult(y,y))))),x) = mult(ld(x,y),x).  [back_rewrite(422),rewrite([1007(8)])].
    new demodulator: 1045.
        1007 back demodulating 405.
kept:      1046 mult(ld(mult(x,y),e),mult(ld(mult(x,y),e),ld(rd(mult(z,u),mult(mult(mult(x,y),z),u)),mult(mult(x,y),mult(x,y))))) = mult(ld(y,mult(ld(mult(y,x),e),mult(ld(mult(y,x),e),ld(rd(mult(z,u),mult(mult(mult(y,x),z),u)),mult(mult(y,x),mult(y,x)))))),y).  [back_rewrite(405),rewrite([1007(5),1007(22)])].
        1007 back demodulating 404.
kept:      1047 mult(ld(x,mult(ld(y,e),mult(ld(y,e),ld(rd(mult(z,mult(ld(x,y),x)),mult(mult(y,z),mult(ld(x,y),x))),mult(y,y))))),x) = mult(ld(x,y),x).  [back_rewrite(404),rewrite([1007(8)])].
    new demodulator: 1047.
        1007 back demodulating 387.
        1007 back demodulating 375.
kept:      1048 mult(ld(x,mult(ld(y,e),mult(ld(y,e),ld(rd(mult(z,mult(ld(mult(mult(ld(x,y),x),z),u),mult(mult(ld(x,y),x),z))),mult(mult(y,z),mult(ld(mult(mult(ld(x,y),x),z),u),mult(mult(ld(x,y),x),z)))),mult(y,y))))),x) = rd(mult(u,mult(mult(ld(x,y),x),z)),mult(z,mult(ld(mult(mult(ld(x,y),x),z),u),mult(mult(ld(x,y),x),z)))).  [back_rewrite(375),rewrite([1007(20)])].
    new demodulator: 1048.
        1007 back demodulating 374.
kept:      1049 mult(ld(x,mult(ld(y,e),mult(ld(y,e),ld(rd(mult(mult(ld(mult(ld(x,y),x),z),mult(ld(x,y),x)),u),mult(mult(y,mult(ld(mult(ld(x,y),x),z),mult(ld(x,y),x))),u)),mult(y,y))))),x) = rd(mult(mult(z,mult(ld(x,y),x)),u),mult(mult(ld(mult(ld(x,y),x),z),mult(ld(x,y),x)),u)).  [back_rewrite(374),rewrite([1007(16)])].
    new demodulator: 1049.
        1007 back demodulating 308.
        1007 back demodulating 268.
        1007 back demodulating 242.
        1007 back demodulating 240.
        1007 back demodulating 203.
        1007 back demodulating 201.
        1007 back demodulating 157.
kept:      1050 rd(mult(ld(x,e),mult(ld(x,e),mult(mult(ld(rd(mult(y,z),mult(mult(x,y),z)),mult(x,x)),rd(u,w)),w))),u) = mult(rd(u,mult(mult(x,rd(u,w)),w)),mult(rd(u,mult(mult(x,rd(u,w)),w)),ld(rd(mult(y,z),mult(mult(rd(mult(mult(x,rd(u,w)),w),u),y),z)),mult(rd(mult(mult(x,rd(u,w)),w),u),rd(mult(mult(x,rd(u,w)),w),u))))).  [back_rewrite(157),rewrite([1007(8),877(6),8(6),877(10),8(10),1007(32),46(42),46(43)]),flip(a)].
    new demodulator: 1050.
        1007 back demodulating 152.
kept:      1051 rd(mult(ld(x,e),mult(ld(x,e),mult(mult(ld(rd(mult(y,z),mult(mult(x,y),z)),mult(x,x)),u),ld(u,w)))),w) = mult(rd(w,mult(mult(x,u),ld(u,w))),mult(rd(w,mult(mult(x,u),ld(u,w))),ld(rd(mult(y,z),mult(mult(rd(mult(mult(x,u),ld(u,w)),w),y),z)),mult(rd(mult(mult(x,u),ld(u,w)),w),rd(mult(mult(x,u),ld(u,w)),w))))).  [back_rewrite(152),rewrite([1007(8),877(6),8(6),877(10),8(10),1007(32),46(41),46(43)]),flip(a)].
    new demodulator: 1051.
        1007 back demodulating 130.
kept:      1052 mult(ld(ld(mult(rd(x,mult(y,z)),y),x),e),mult(ld(ld(mult(rd(x,mult(y,z)),y),x),e),ld(rd(mult(u,w),mult(mult(ld(mult(rd(x,mult(y,z)),y),x),u),w)),mult(ld(mult(rd(x,mult(y,z)),y),x),ld(mult(rd(x,mult(y,z)),y),x))))) = ld(mult(rd(x,mult(y,z)),y),mult(rd(x,mult(y,z)),mult(y,mult(ld(z,e),mult(ld(z,e),ld(rd(mult(u,w),mult(mult(z,u),w)),mult(z,z))))))).  [back_rewrite(130),rewrite([1007(8),1007(41)])].
    new demodulator: 1052.
        1007 back demodulating 129.
kept:      1053 mult(ld(ld(x,mult(rd(x,y),mult(y,z))),e),mult(ld(ld(x,mult(rd(x,y),mult(y,z))),e),ld(rd(mult(u,w),mult(mult(ld(x,mult(rd(x,y),mult(y,z))),u),w)),mult(ld(x,mult(rd(x,y),mult(y,z))),ld(x,mult(rd(x,y),mult(y,z))))))) = ld(x,mult(rd(x,y),mult(y,mult(ld(z,e),mult(ld(z,e),ld(rd(mult(u,w),mult(mult(z,u),w)),mult(z,z))))))).  [back_rewrite(129),rewrite([1007(8),1007(37)])].
    new demodulator: 1053.
        1007 back demodulating 128.
kept:      1054 mult(ld(mult(x,y),mult(x,mult(y,mult(ld(z,e),mult(ld(z,e),ld(rd(mult(u,w),mult(mult(z,u),w)),mult(z,z))))))),mult(u,w)) = mult(mult(ld(mult(x,y),mult(x,mult(y,z))),u),w).  [back_rewrite(128),rewrite([1007(5)])].
    new demodulator: 1054.
        1007 back demodulating 126.
kept:      1055 ld(mult(x,y),mult(x,mult(y,mult(ld(z,e),mult(ld(z,e),ld(rd(mult(u,ld(mult(ld(mult(x,y),mult(x,mult(y,z))),u),w)),mult(mult(z,u),ld(mult(ld(mult(x,y),mult(x,mult(y,z))),u),w))),mult(z,z))))))) = rd(w,mult(u,ld(mult(ld(mult(x,y),mult(x,mult(y,z))),u),w))).  [back_rewrite(126),rewrite([1007(17)])].
    new demodulator: 1055.
        1007 back demodulating 125.
kept:      1056 ld(mult(x,y),mult(x,mult(y,mult(ld(z,e),mult(ld(z,e),ld(rd(mult(ld(ld(mult(x,y),mult(x,mult(y,z))),u),w),mult(mult(z,ld(ld(mult(x,y),mult(x,mult(y,z))),u)),w)),mult(z,z))))))) = rd(mult(u,w),mult(ld(ld(mult(x,y),mult(x,mult(y,z))),u),w)).  [back_rewrite(125),rewrite([1007(15)])].
    new demodulator: 1056.
        1007 back demodulating 124.
kept:      1057 mult(ld(ld(mult(x,y),mult(x,z)),e),mult(ld(ld(mult(x,y),mult(x,z)),e),ld(rd(mult(u,w),mult(mult(ld(mult(x,y),mult(x,z)),u),w)),mult(ld(mult(x,y),mult(x,z)),ld(mult(x,y),mult(x,z)))))) = ld(mult(x,y),mult(x,mult(y,mult(ld(ld(y,z),e),mult(ld(ld(y,z),e),ld(rd(mult(u,w),mult(mult(ld(y,z),u),w)),mult(ld(y,z),ld(y,z)))))))).  [back_rewrite(124),rewrite([1007(7),1007(33)])].
    new demodulator: 1057.
        1007 back demodulating 123.
kept:      1058 mult(ld(ld(x,mult(y,mult(ld(y,x),z))),e),mult(ld(ld(x,mult(y,mult(ld(y,x),z))),e),ld(rd(mult(u,w),mult(mult(ld(x,mult(y,mult(ld(y,x),z))),u),w)),mult(ld(x,mult(y,mult(ld(y,x),z))),ld(x,mult(y,mult(ld(y,x),z))))))) = ld(x,mult(y,mult(ld(y,x),mult(ld(z,e),mult(ld(z,e),ld(rd(mult(u,w),mult(mult(z,u),w)),mult(z,z))))))).  [back_rewrite(123),rewrite([1007(8),1007(37)])].
    new demodulator: 1058.
        1007 back demodulating 20.
kept:      1059 r(x,y,z) = mult(ld(x,e),mult(ld(x,e),ld(rd(mult(y,z),mult(mult(x,y),z)),mult(x,x)))).  [back_rewrite(20),rewrite([1007(5)])].
    new demodulator: 1059.
    starting back demodulation with 1008.
    starting back demodulation with 1009.
    starting back demodulation with 1012.
    starting back demodulation with 1015.
    starting back demodulation with 1016.
    starting back demodulation with 1018.
    starting back demodulation with 1019.
    starting back demodulation with 1020.
    starting back demodulation with 1021.
    starting back demodulation with 1022.
    starting back demodulation with 1023.
    starting back demodulation with 1025.
    starting back demodulation with 1026.
    starting back demodulation with 1027.
    starting back demodulation with 1028.
    starting back demodulation with 1029.
    starting back demodulation with 1030.
    starting back demodulation with 1031.
    starting back demodulation with 1032.
    starting back demodulation with 1033.
    starting back demodulation with 1034.
    starting back demodulation with 1035.
    starting back demodulation with 1036.
    starting back demodulation with 1037.
    starting back demodulation with 1038.
    starting back demodulation with 1039.
    starting back demodulation with 1040.
    starting back demodulation with 1041.
    starting back demodulation with 1043.
    starting back demodulation with 1044.
    starting back demodulation with 1045.
    starting back demodulation with 1047.
    starting back demodulation with 1048.
    starting back demodulation with 1049.
    starting back demodulation with 1050.
    starting back demodulation with 1051.
    starting back demodulation with 1052.
    starting back demodulation with 1053.
    starting back demodulation with 1054.
    starting back demodulation with 1055.
    starting back demodulation with 1056.
    starting back demodulation with 1057.
    starting back demodulation with 1058.
    starting back demodulation with 1059.

given #83 (T,wt=11): 612 mult(ld(x,rd(y,x)),x) = ld(x,y).  [para(12(a,1),351(a,1,2)),flip(a)].
kept:      1060 ld(ld(x,rd(y,x)),ld(x,y)) = x.  [para(612(a,1),9(a,1,2))].
    new demodulator: 1060.
kept:      1061 rd(ld(x,y),x) = ld(x,rd(y,x)).  [para(612(a,1),11(a,1,1))].
    new demodulator: 1061.
kept:      1062 ld(mult(x,ld(y,z)),mult(mult(x,ld(y,rd(z,y))),y)) != e | ld(mult(x,ld(y,rd(z,y))),mult(x,ld(y,z))) = y.  [para(612(a,1),24(a,1,1,2)),rewrite([612(15)])].
kept:      1063 ld(ld(mult(x,y),z),mult(mult(ld(mult(x,y),rd(z,mult(x,y))),x),y)) != e | ld(mult(ld(mult(x,y),rd(z,mult(x,y))),x),ld(mult(x,y),z)) = y.  [para(612(a,1),24(a,1,1)),rewrite([612(22)])].
kept:      1064 ld(mult(ld(x,rd(y,x)),mult(x,z)),mult(ld(x,y),z)) != e | ld(ld(x,y),mult(ld(x,rd(y,x)),mult(x,z))) = z.  [para(612(a,1),24(a,1,2,1)),rewrite([612(12)])].
kept:      1065 ld(ld(x,y),mult(ld(x,rd(y,x)),mult(x,z))) != z | ld(mult(ld(x,rd(y,x)),mult(x,z)),mult(ld(x,y),z)) = e.  [para(612(a,1),26(a,1,1)),rewrite([612(14)])].
kept:      1066 ld(mult(x,ld(y,rd(z,y))),mult(x,ld(y,z))) != y | ld(mult(x,ld(y,z)),mult(mult(x,ld(y,rd(z,y))),y)) = e.  [para(612(a,1),26(a,1,2,2)),rewrite([612(10)])].
kept:      1067 ld(mult(ld(mult(x,y),rd(z,mult(x,y))),x),ld(mult(x,y),z)) != y | ld(ld(mult(x,y),z),mult(mult(ld(mult(x,y),rd(z,mult(x,y))),x),y)) = e.  [para(612(a,1),26(a,1,2)),rewrite([612(15)])].
kept:      1068 mult(mult(ld(x,rd(y,x)),ld(x,y)),z) = mult(ld(x,rd(y,x)),mult(ld(x,rd(y,x)),mult(x,z))).  [para(612(a,1),46(a,1,1,2))].
    new demodulator: 1068.
kept:      1069 mult(ld(x,rd(y,x)),rd(y,x)) = mult(ld(x,y),ld(x,rd(y,x))).  [para(612(a,1),162(a,1,1)),rewrite([10(9)]),flip(a)].
    new demodulator: 1069.
kept:      1070 ld(ld(x,y),mult(mult(ld(x,rd(y,x)),z),ld(z,x))) != e | ld(mult(ld(x,rd(y,x)),z),ld(x,y)) = ld(z,x).  [para(612(a,1),55(a,1,1)),rewrite([612(15)])].
kept:      1071 ld(mult(ld(x,rd(y,x)),z),mult(ld(x,y),ld(x,z))) != e | ld(ld(x,y),mult(ld(x,rd(y,x)),z)) = ld(x,z).  [para(612(a,1),55(a,1,2,1)),rewrite([612(12)])].
kept:      1072 rd(mult(ld(x,rd(y,x)),ld(x,y)),x) = mult(ld(x,rd(y,x)),ld(x,rd(y,x))).  [para(612(a,1),253(a,1,1,2))].
    new demodulator: 1072.
kept:      1073 ld(mult(x,mult(ld(x,ld(y,rd(z,y))),y)),ld(y,z)) != e | ld(ld(y,rd(z,y)),mult(x,mult(ld(x,ld(y,rd(z,y))),y))) = y.  [para(612(a,1),56(a,1,2))].
kept:      1074 rd(ld(x,y),ld(ld(x,rd(y,x)),x)) = mult(ld(x,rd(y,x)),ld(x,rd(y,x))).  [para(612(a,1),338(a,1,1))].
    new demodulator: 1074.
kept:      1075 ld(ld(x,y),mult(x,y)) = mult(ld(ld(x,y),mult(x,x)),ld(x,y)).  [para(338(a,1),612(a,1,1,2)),flip(a)].
kept:      1076 ld(mult(ld(x,rd(y,x)),mult(x,ld(ld(x,y),z))),z) != e | ld(ld(x,y),mult(ld(x,rd(y,x)),mult(x,ld(ld(x,y),z)))) = ld(ld(x,y),z).  [para(612(a,1),57(a,1,1,2,2,1)),rewrite([612(12),612(15),612(20)])].
kept:      1077 ld(mult(ld(x,rd(y,x)),rd(x,ld(x,rd(y,x)))),ld(x,y)) = ld(x,rd(y,x)).  [para(612(a,1),343(a,1,2))].
    new demodulator: 1077.
kept:      1078 ld(ld(x,y),mult(mult(ld(x,rd(y,x)),rd(x,z)),z)) != e | ld(mult(ld(x,rd(y,x)),rd(x,z)),ld(x,y)) = z.  [para(612(a,1),58(a,1,1)),rewrite([612(16)])].
kept:      1079 ld(mult(ld(rd(x,y),rd(z,rd(x,y))),x),mult(ld(rd(x,y),z),y)) != e | ld(ld(rd(x,y),z),mult(ld(rd(x,y),rd(z,rd(x,y))),x)) = y.  [para(612(a,1),58(a,1,2,1)),rewrite([612(17)])].
kept:      1080 ld(x,mult(mult(rd(x,ld(y,z)),ld(y,rd(z,y))),y)) != e | ld(mult(rd(x,ld(y,z)),ld(y,rd(z,y))),x) = y.  [para(612(a,1),59(a,1,2,1,1,2)),rewrite([612(12)])].
kept:      1081 mult(ld(ld(x,rd(y,x)),e),ld(x,y)) = x.  [para(612(a,1),640(a,1,2))].
    new demodulator: 1081.
kept:      1082 ld(mult(rd(x,ld(y,rd(z,y))),ld(y,z)),mult(x,y)) != e | ld(x,mult(rd(x,ld(y,rd(z,y))),ld(y,z))) = y.  [para(612(a,1),60(a,1,1,2)),rewrite([612(15)])].
kept:      1083 ld(mult(rd(ld(x,rd(y,x)),z),mult(z,x)),ld(x,y)) != e | ld(ld(x,rd(y,x)),mult(rd(ld(x,rd(y,x)),z),mult(z,x))) = x.  [para(612(a,1),60(a,1,2))].
kept:      1084 rd(x,ld(x,y)) = ld(ld(x,rd(y,x)),e).  [para(612(a,1),665(a,1,2))].
kept:      1085 rd(ld(x,y),mult(ld(x,e),mult(ld(x,e),y))) = x.  [para(612(a,1),352(a,1,1)),rewrite([978(4),46(9),12(7)])].
    new demodulator: 1085.
kept:      1086 ld(ld(x,y),mult(ld(x,rd(y,x)),z)) != ld(x,z) | ld(mult(ld(x,rd(y,x)),z),mult(ld(x,y),ld(x,z))) = e.  [para(612(a,1),62(a,1,1)),rewrite([612(13)])].
kept:      1087 ld(mult(ld(x,rd(y,x)),z),ld(x,y)) != ld(z,x) | ld(ld(x,y),mult(mult(ld(x,rd(y,x)),z),ld(z,x))) = e.  [para(612(a,1),62(a,1,2)),rewrite([612(10)])].
kept:      1088 rd(ld(x,y),ld(x,rd(y,x))) = mult(ld(x,rd(y,x)),rd(x,ld(x,rd(y,x)))).  [para(612(a,1),516(a,1,1))].
    new demodulator: 1088.
    starting back demodulation with 1060.
    starting back demodulation with 1061.
        1061 back demodulating 954.
        1061 back demodulating 580.
    starting back demodulation with 1068.
    starting back demodulation with 1069.
    starting back demodulation with 1072.
    starting back demodulation with 1074.
    starting back demodulation with 1077.
    starting back demodulation with 1081.
    starting back demodulation with 1085.
    starting back demodulation with 1088.

given #84 (T,wt=11): 876 mult(rd(x,y),mult(rd(y,x),z)) = z.  [para(800(a,2),640(a,1,1))].
kept:      1089 ld(mult(x,y),mult(mult(x,rd(z,u)),mult(rd(u,z),y))) != e | ld(mult(x,rd(z,u)),mult(x,y)) = mult(rd(u,z),y).  [para(876(a,1),24(a,1,1,2)),rewrite([876(15)])].
kept:      1090 ld(mult(rd(x,y),mult(mult(rd(y,x),z),u)),mult(z,u)) != e | ld(z,mult(rd(x,y),mult(mult(rd(y,x),z),u))) = u.  [para(876(a,1),24(a,1,2,1)),rewrite([876(13)])].
kept:      1091 ld(x,mult(rd(y,z),mult(mult(rd(z,y),x),u))) != u | ld(mult(rd(y,z),mult(mult(rd(z,y),x),u)),mult(x,u)) = e.  [para(876(a,1),26(a,1,1)),rewrite([876(16)])].
kept:      1092 ld(mult(x,rd(y,z)),mult(x,u)) != mult(rd(z,y),u) | ld(mult(x,u),mult(mult(x,rd(y,z)),mult(rd(z,y),u))) = e.  [para(876(a,1),26(a,1,2,2)),rewrite([876(11)])].
kept:      1093 mult(rd(x,y),mult(rd(x,y),mult(mult(rd(y,x),z),u))) = mult(mult(rd(x,y),z),u).  [para(876(a,1),46(a,1,1,2)),flip(a)].
kept:      1094 mult(rd(x,y),mult(mult(rd(y,x),z),rd(x,y))) = mult(z,rd(x,y)).  [para(876(a,1),162(a,1,1)),flip(a)].
    new demodulator: 1094.
kept:      1095 ld(x,mult(mult(rd(y,z),u),ld(u,mult(rd(z,y),x)))) != e | ld(mult(rd(y,z),u),x) = ld(u,mult(rd(z,y),x)).  [para(876(a,1),55(a,1,1)),rewrite([876(15)])].
kept:      1096 ld(mult(rd(x,y),z),mult(u,ld(mult(rd(y,x),u),z))) != e | ld(mult(rd(y,x),u),z) = ld(u,mult(rd(x,y),z)).  [para(876(a,1),55(a,1,2,1)),rewrite([876(13)]),flip(b)].
kept:      1097 rd(mult(rd(x,y),z),mult(rd(y,x),z)) = mult(rd(x,y),rd(x,y)).  [para(876(a,1),253(a,1,1,2))].
    new demodulator: 1097.
kept:      1098 ld(mult(mult(rd(x,y),z),rd(y,x)),mult(rd(x,y),mult(z,z))) = mult(rd(x,y),z).  [para(876(a,1),279(a,1,2,2)),rewrite([973(7)])].
    new demodulator: 1098.
kept:      1099 mult(rd(x,y),mult(z,rd(y,x))) = mult(ld(rd(y,x),z),rd(y,x)).  [para(280(a,1),876(a,1,2))].
kept:      1100 ld(mult(x,mult(ld(x,rd(y,z)),mult(rd(z,y),u))),u) != e | mult(rd(z,y),mult(x,mult(ld(x,rd(y,z)),mult(rd(z,y),u)))) = mult(rd(z,y),u).  [para(876(a,1),56(a,1,2)),rewrite([877(17)])].
kept:      1101 ld(mult(rd(x,y),mult(mult(rd(y,x),z),ld(z,u))),u) != e | ld(z,mult(rd(x,y),mult(mult(rd(y,x),z),ld(z,u)))) = ld(z,u).  [para(876(a,1),57(a,1,1,2,2,1)),rewrite([876(13),876(16),876(20)])].
kept:      1102 ld(mult(rd(x,y),rd(mult(rd(y,x),z),rd(x,y))),z) = rd(x,y).  [para(876(a,1),343(a,1,2))].
    new demodulator: 1102.
kept:      1103 ld(x,mult(mult(rd(y,z),rd(mult(rd(z,y),x),u)),u)) != e | ld(mult(rd(y,z),rd(mult(rd(z,y),x),u)),x) = u.  [para(876(a,1),58(a,1,1)),rewrite([876(18)])].
kept:      1104 ld(mult(rd(x,y),z),z) = mult(ld(mult(rd(x,y),z),rd(y,x)),mult(rd(x,y),z)).  [para(876(a,1),351(a,1,2))].
kept:      1105 ld(x,mult(mult(rd(x,y),rd(z,u)),mult(rd(u,z),y))) != e | ld(mult(rd(x,y),rd(z,u)),x) = mult(rd(u,z),y).  [para(876(a,1),59(a,1,2,1,1,2)),rewrite([876(13)])].
kept:      1106 mult(rd(x,y),z) = mult(ld(rd(y,x),e),z).  [para(876(a,1),640(a,1,2)),flip(a)].
kept:      1107 ld(mult(rd(x,rd(y,z)),u),mult(x,mult(rd(z,y),u))) != e | ld(x,mult(rd(x,rd(y,z)),u)) = mult(rd(z,y),u).  [para(876(a,1),60(a,1,1,2)),rewrite([876(15)])].
kept:      1108 ld(mult(rd(rd(x,y),z),mult(z,mult(rd(y,x),u))),u) != e | mult(rd(y,x),mult(rd(rd(x,y),z),mult(z,mult(rd(y,x),u)))) = mult(rd(y,x),u).  [para(876(a,1),60(a,1,2)),rewrite([877(17)])].
kept:      1109 rd(x,mult(ld(mult(rd(y,z),x),rd(z,y)),mult(rd(y,z),x))) = mult(rd(y,z),x).  [para(876(a,1),352(a,1,1))].
    new demodulator: 1109.
kept:      1110 ld(mult(rd(x,y),z),u) != ld(z,mult(rd(y,x),u)) | ld(mult(rd(y,x),u),mult(z,ld(mult(rd(x,y),z),u))) = e.  [para(876(a,1),62(a,1,1)),rewrite([876(13)]),flip(a)].
kept:      1111 ld(mult(rd(x,y),z),u) != ld(z,mult(rd(y,x),u)) | ld(u,mult(mult(rd(x,y),z),ld(z,mult(rd(y,x),u)))) = e.  [para(876(a,1),62(a,1,2)),rewrite([876(11)])].
kept:      1112 mult(rd(x,y),rd(mult(rd(y,x),z),rd(x,y))) = rd(z,rd(x,y)).  [para(876(a,1),516(a,1,1)),flip(a)].
    new demodulator: 1112.
kept:      1113 mult(mult(x,rd(y,x)),mult(rd(x,mult(x,y)),z)) = z.  [para(516(a,1),876(a,1,1))].
    new demodulator: 1113.
kept:      1114 mult(rd(x,mult(x,y)),mult(mult(x,rd(y,x)),z)) = z.  [para(516(a,1),876(a,1,2,1))].
    new demodulator: 1114.
    starting back demodulation with 1094.
    starting back demodulation with 1097.
    starting back demodulation with 1098.
    starting back demodulation with 1102.
    starting back demodulation with 1109.
    starting back demodulation with 1112.
        1112 back demodulating 1102.
    starting back demodulation with 1113.
    starting back demodulation with 1114.

given #85 (A,wt=24): 63 ld(x,mult(rd(x,y),mult(y,z))) != z | ld(mult(rd(x,y),mult(y,z)),mult(x,z)) = e.  [para(12(a,1),26(a,1,1)),rewrite([12(10)])].
kept:      1115 ld(x,mult(rd(x,rd(y,z)),y)) != z | ld(mult(rd(x,rd(y,z)),y),mult(x,z)) = e.  [para(12(a,1),63(a,1,2,2)),rewrite([12(9)])].
kept:      1116 ld(x,mult(rd(x,mult(y,mult(y,z))),mult(y,mult(y,mult(z,u))))) != u | ld(mult(rd(x,mult(y,mult(y,z))),mult(y,mult(y,mult(z,u)))),mult(x,u)) = e.  [para(46(a,1),63(a,1,2,2)),rewrite([46(15)])].
kept:      1117 ld(x,mult(rd(x,mult(y,y)),mult(y,mult(y,z)))) != z | ld(mult(rd(x,mult(y,y)),mult(y,mult(y,z))),mult(x,z)) = e.  [para(161(a,1),63(a,1,2,2)),rewrite([161(11)])].
kept:      1118 ld(x,mult(rd(x,mult(y,z)),mult(y,mult(z,y)))) != y | ld(mult(rd(x,mult(y,z)),mult(y,mult(z,y))),mult(x,y)) = e.  [para(162(a,1),63(a,1,2,2)),rewrite([162(11)])].
kept:      1119 ld(x,mult(rd(x,y),mult(z,y))) != mult(ld(y,z),y) | ld(mult(rd(x,y),mult(z,y)),mult(x,mult(ld(y,z),y))) = e.  [para(280(a,1),63(a,1,2,2)),rewrite([280(11)])].
kept:      1120 ld(x,rd(x,ld(y,e))) != y | ld(rd(x,ld(y,e)),mult(x,y)) = e.  [para(575(a,1),63(a,1,2,2)),rewrite([8(5),575(11),8(10)])].
kept:      1121 mult(ld(mult(x,y),mult(x,rd(y,x))),mult(x,y)) != y | ld(mult(mult(x,rd(y,x)),mult(x,y)),mult(x,mult(y,y))) = e.  [para(351(a,1),63(a,1)),rewrite([516(3),516(9),973(13)])].
kept:      1122 ld(x,mult(rd(x,ld(y,e)),z)) != mult(y,z) | ld(mult(rd(x,ld(y,e)),z),mult(x,mult(y,z))) = e.  [para(640(a,1),63(a,1,2,2)),rewrite([640(14)])].
kept:      1123 mult(x,mult(rd(ld(x,e),y),mult(y,z))) != z | ld(mult(rd(ld(x,e),y),mult(y,z)),mult(ld(x,e),z)) = e.  [para(663(a,1),63(a,1))].
kept:      1124 mult(ld(x,e),mult(rd(x,y),mult(y,z))) != z | ld(mult(rd(x,y),mult(y,z)),mult(x,z)) = e.  [para(664(a,1),63(a,1))].
kept:      1125 ld(x,mult(rd(x,ld(y,e)),ld(y,z))) != z | ld(mult(rd(x,ld(y,e)),mult(ld(y,e),z)),mult(x,z)) = e.  [para(664(a,2),63(a,1,2,2))].
kept:      1126 ld(x,mult(rd(x,ld(rd(y,z),e)),z)) != y | ld(mult(rd(x,ld(rd(y,z),e)),z),mult(x,y)) = e.  [para(666(a,1),63(a,1,2,2)),rewrite([666(15)])].
kept:      1127 ld(x,mult(rd(x,y),z)) != mult(ld(y,e),z) | ld(mult(rd(x,y),z),mult(x,mult(ld(y,e),z))) = e.  [para(677(a,1),63(a,1,2,2)),rewrite([677(12)])].
kept:      1128 ld(ld(x,y),mult(ld(x,e),mult(y,z))) != z | ld(mult(ld(x,e),mult(y,z)),mult(ld(x,y),z)) = e.  [para(720(a,1),63(a,1,2,1)),rewrite([720(9)])].
kept:      1129 ld(x,mult(ld(rd(y,x),e),mult(y,z))) != z | ld(mult(rd(x,y),mult(y,z)),mult(x,z)) = e.  [para(800(a,1),63(a,1,2,1))].
kept:      1130 rd(x,y) != ld(z,rd(z,rd(y,x))) | ld(rd(z,rd(y,x)),mult(z,rd(x,y))) = e.  [para(867(a,1),63(a,1,2,2)),rewrite([8(4),867(10),8(9)]),flip(a)].
kept:      1131 ld(x,mult(rd(x,ld(y,rd(z,y))),ld(y,z))) != y | ld(mult(rd(x,ld(y,rd(z,y))),ld(y,z)),mult(x,y)) = e.  [para(612(a,1),63(a,1,2,2)),rewrite([612(13)])].
kept:      1132 ld(x,mult(rd(x,rd(y,z)),u)) != mult(rd(z,y),u) | ld(mult(rd(x,rd(y,z)),u),mult(x,mult(rd(z,y),u))) = e.  [para(876(a,1),63(a,1,2,2)),rewrite([876(13)])].

given #86 (F,wt=21): 863 ld(c1,mult(ld(c1,e),mult(mult(c1,rd(c2,c1)),c3))) != ld(c1,mult(c2,ld(c1,c3))).  [para(664(a,2),860(a,1))].
kept:      1133 ld(c1,mult(ld(c1,e),mult(mult(c1,rd(c2,c1)),c3))) != ld(c1,mult(c2,mult(ld(c1,e),c3))).  [para(664(a,1),863(a,2,2,2))].
kept:      1134 ld(c1,mult(ld(c1,e),mult(mult(c1,rd(c2,c1)),c3))) != mult(ld(c1,e),mult(c2,ld(c1,c3))).  [para(664(a,1),863(a,2))].
kept:      1135 ld(c1,mult(ld(c1,e),mult(mult(c1,ld(rd(c1,c2),e)),c3))) != ld(c1,mult(c2,ld(c1,c3))).  [para(800(a,1),863(a,1,2,2,1,2))].

given #87 (F,wt=21): 875 mult(ld(c1,ld(rd(c1,c2),e)),c3) != mult(ld(c1,e),mult(c2,mult(ld(c1,e),c3))).  [para(800(a,1),652(a,1,1,2))].
kept:      1136 mult(ld(c1,e),mult(ld(c1,e),mult(mult(c1,ld(rd(c1,c2),e)),c3))) != mult(ld(c1,e),mult(c2,mult(ld(c1,e),c3))).  [para(664(a,1),875(a,1,1)),rewrite([675(11)])].

given #88 (F,wt=23): 950 mult(ld(c1,e),ld(c1,mult(mult(c1,rd(c2,c1)),c3))) != ld(c1,mult(c2,mult(ld(c1,e),c3))).  [para(664(a,1),862(a,2,2,2))].
kept:      1137 mult(ld(c1,e),ld(c1,mult(mult(c1,rd(c2,c1)),c3))) != mult(ld(c1,e),mult(c2,mult(ld(c1,e),c3))).  [para(664(a,1),950(a,2))].
kept:      1138 mult(ld(c1,e),ld(c1,mult(mult(c1,ld(rd(c1,c2),e)),c3))) != ld(c1,mult(c2,mult(ld(c1,e),c3))).  [para(800(a,1),950(a,1,2,2,1,2))].

given #89 (F,wt=23): 951 mult(ld(c1,e),ld(c1,mult(mult(c1,rd(c2,c1)),c3))) != mult(ld(c1,e),mult(c2,ld(c1,c3))).  [para(664(a,1),862(a,2))].
kept:      1139 mult(ld(c1,e),ld(c1,mult(mult(c1,ld(rd(c1,c2),e)),c3))) != mult(ld(c1,e),mult(c2,ld(c1,c3))).  [para(800(a,1),951(a,1,2,2,1,2))].

given #90 (T,wt=11): 877 ld(rd(x,y),z) = mult(rd(y,x),z).  [para(800(a,2),663(a,1,1))].
kept:      1140 ld(mult(x,ld(rd(y,z),u)),mult(mult(x,rd(z,y)),u)) = ld(mult(x,mult(rd(z,y),u)),mult(mult(x,rd(z,y)),u)).  [para(877(a,2),14(a,2,1,2)),rewrite([14(2)]),flip(a)].
kept:      1141 ld(ld(rd(x,y),mult(z,u)),mult(mult(rd(y,x),z),u)) = ld(mult(rd(y,x),mult(z,u)),mult(mult(rd(y,x),z),u)).  [para(877(a,2),14(a,2,1)),rewrite([14(2)]),flip(a)].
kept:      1142 ld(mult(rd(x,y),mult(z,u)),mult(ld(rd(y,x),z),u)) = ld(mult(rd(x,y),mult(z,u)),mult(mult(rd(x,y),z),u)).  [para(877(a,2),14(a,2,2,1)),rewrite([14(2)]),flip(a)].
kept:      1143 ld(ld(rd(x,y),z),mult(z,rd(y,x))) = ld(mult(rd(y,x),z),mult(z,rd(y,x))).  [para(877(a,2),16(a,2,1)),rewrite([16(2)]),flip(a)].
kept:      1144 ld(mult(x,rd(y,z)),ld(rd(z,y),x)) = ld(mult(x,rd(y,z)),mult(rd(y,z),x)).  [para(877(a,2),16(a,2,2)),rewrite([16(2)]),flip(a)].
kept:      1145 ld(ld(rd(x,y),z),mult(rd(y,x),mult(z,u))) = ld(mult(rd(y,x),z),mult(rd(y,x),mult(z,u))).  [para(877(a,2),18(a,2,1)),rewrite([18(2)]),flip(a)].
kept:      1146 ld(mult(x,rd(y,z)),mult(x,ld(rd(z,y),u))) = ld(mult(x,rd(y,z)),mult(x,mult(rd(y,z),u))).  [para(877(a,2),18(a,2,2,2)),rewrite([18(2)]),flip(a)].
kept:      1147 ld(mult(rd(x,y),z),ld(rd(y,x),mult(z,u))) = ld(mult(rd(x,y),z),mult(rd(x,y),mult(z,u))).  [para(877(a,2),18(a,2,2)),rewrite([18(2)]),flip(a)].
kept:      1148 ld(mult(x,ld(rd(y,z),u)),mult(mult(x,rd(z,y)),u)) != e | ld(mult(x,rd(z,y)),mult(x,mult(rd(z,y),u))) = u.  [para(877(a,2),24(a,1,1,2))].
kept:      1149 ld(ld(rd(x,y),mult(z,u)),mult(mult(rd(y,x),z),u)) != e | ld(mult(rd(y,x),z),mult(rd(y,x),mult(z,u))) = u.  [para(877(a,2),24(a,1,1))].
kept:      1150 ld(mult(rd(x,y),mult(z,u)),mult(ld(rd(y,x),z),u)) != e | ld(mult(rd(x,y),z),mult(rd(x,y),mult(z,u))) = u.  [para(877(a,2),24(a,1,2,1))].
kept:      1151 ld(ld(rd(x,y),z),mult(rd(y,x),mult(z,u))) != u | ld(mult(rd(y,x),mult(z,u)),mult(mult(rd(y,x),z),u)) = e.  [para(877(a,2),26(a,1,1))].
kept:      1152 ld(mult(x,rd(y,z)),mult(x,ld(rd(z,y),u))) != u | ld(mult(x,mult(rd(y,z),u)),mult(mult(x,rd(y,z)),u)) = e.  [para(877(a,2),26(a,1,2,2))].
kept:      1153 ld(mult(rd(x,y),z),ld(rd(y,x),mult(z,u))) != u | ld(mult(rd(x,y),mult(z,u)),mult(mult(rd(x,y),z),u)) = e.  [para(877(a,2),26(a,1,2))].
kept:      1154 mult(mult(rd(x,y),ld(rd(y,x),z)),u) = mult(rd(x,y),mult(rd(x,y),mult(z,u))).  [para(877(a,2),46(a,1,1,2))].
    new demodulator: 1154.
kept:      1155 mult(x,mult(x,ld(rd(y,z),u))) = mult(x,mult(x,mult(rd(z,y),u))).  [para(877(a,2),46(a,2,2,2)),rewrite([46(4)]),flip(a)].
kept:      1156 mult(rd(x,y),ld(rd(y,x),mult(z,u))) = mult(rd(x,y),mult(rd(x,y),mult(z,u))).  [para(877(a,2),46(a,2,2)),rewrite([46(5)]),flip(a)].
kept:      1157 mult(rd(x,y),ld(rd(y,x),z)) = mult(rd(x,y),mult(rd(x,y),z)).  [para(877(a,2),161(a,2,2)),rewrite([161(4)]),flip(a)].
kept:      1158 mult(rd(x,y),mult(z,rd(x,y))) = mult(ld(rd(y,x),z),rd(x,y)).  [para(877(a,2),162(a,1,1)),flip(a)].
kept:      1159 mult(x,ld(rd(y,z),x)) = mult(x,mult(rd(z,y),x)).  [para(877(a,2),162(a,2,2)),rewrite([162(3)]),flip(a)].
kept:      1160 ld(mult(x,y),mult(mult(x,rd(z,u)),mult(rd(u,z),y))) != e | ld(mult(x,rd(z,u)),mult(x,y)) = ld(rd(z,u),y).  [para(877(a,1),55(a,1,2,2))].
kept:      1161 ld(ld(rd(x,y),z),mult(mult(rd(y,x),u),ld(u,z))) != e | ld(mult(rd(y,x),u),mult(rd(y,x),z)) = ld(u,z).  [para(877(a,2),55(a,1,1))].
kept:      1162 ld(mult(rd(x,y),z),mult(ld(rd(y,x),u),ld(u,z))) != e | ld(mult(rd(x,y),u),mult(rd(x,y),z)) = ld(u,z).  [para(877(a,2),55(a,1,2,1))].
kept:      1163 rd(mult(rd(x,y),ld(rd(y,x),z)),z) = mult(rd(x,y),rd(x,y)).  [para(877(a,2),253(a,1,1,2))].
    new demodulator: 1163.
kept:      1164 ld(ld(rd(x,y),z),mult(rd(y,x),mult(z,rd(y,x)))) = rd(y,x).  [para(877(a,2),279(a,1,1))].
    new demodulator: 1164.
kept:      1165 ld(mult(x,rd(y,z)),mult(x,ld(rd(z,y),x))) = x.  [para(877(a,2),279(a,1,2,2))].
    new demodulator: 1165.
kept:      1166 mult(ld(rd(x,y),z),rd(x,y)) = mult(mult(rd(y,x),z),rd(x,y)).  [para(877(a,1),500(a,2,1)),rewrite([500(2)])].
kept:      1167 ld(mult(rd(x,y),mult(mult(rd(y,x),z),u)),mult(z,u)) != e | ld(z,mult(rd(x,y),mult(ld(rd(x,y),z),u))) = u.  [para(877(a,1),56(a,1,1,2,1))].
kept:      1168 ld(mult(x,mult(ld(x,rd(y,z)),u)),ld(rd(z,y),u)) != e | ld(rd(y,z),mult(x,mult(ld(x,rd(y,z)),u))) = u.  [para(877(a,2),56(a,1,2))].
kept:      1169 rd(ld(rd(x,y),z),ld(rd(y,x),z)) = mult(rd(y,x),rd(y,x)).  [para(877(a,2),338(a,1,1))].
    new demodulator: 1169.
kept:      1170 ld(mult(rd(x,y),mult(z,ld(ld(rd(y,x),z),u))),u) != e | ld(mult(rd(x,y),z),mult(rd(x,y),mult(z,ld(mult(rd(x,y),z),u)))) = ld(mult(rd(x,y),z),u).  [para(877(a,2),57(a,1,1,2,2,1))].
kept:      1171 ld(mult(rd(x,y),rd(z,rd(x,y))),ld(rd(y,x),z)) = rd(x,y).  [para(877(a,2),343(a,1,2))].
    new demodulator: 1171.
kept:      1172 ld(ld(rd(x,y),z),mult(mult(rd(y,x),rd(z,u)),u)) != e | ld(mult(rd(y,x),rd(z,u)),mult(rd(y,x),z)) = u.  [para(877(a,2),58(a,1,1))].
kept:      1173 ld(mult(rd(x,y),z),mult(ld(rd(y,x),rd(z,u)),u)) != e | ld(mult(rd(x,y),rd(z,u)),mult(rd(x,y),z)) = u.  [para(877(a,2),58(a,1,2,1))].
kept:      1174 ld(x,ld(rd(y,z),x)) = mult(ld(x,rd(z,y)),x).  [para(877(a,2),351(a,1,2))].
kept:      1175 mult(rd(x,y),mult(mult(rd(rd(y,x),mult(z,u)),z),u)) != e | ld(mult(rd(rd(y,x),mult(z,u)),z),rd(y,x)) = u.  [para(877(a,1),59(a,1))].
kept:      1176 ld(x,mult(mult(rd(x,ld(rd(y,z),u)),rd(z,y)),u)) != e | ld(mult(rd(x,mult(rd(z,y),u)),rd(z,y)),x) = u.  [para(877(a,2),59(a,1,2,1,1,2))].
kept:      1177 ld(x,mult(ld(rd(mult(y,z),x),y),z)) != e | ld(mult(rd(x,mult(y,z)),y),x) = z.  [para(877(a,2),59(a,1,2,1))].
kept:      1178 mult(ld(rd(x,y),e),ld(rd(y,x),z)) = z.  [para(877(a,2),640(a,1,2))].
    new demodulator: 1178.
kept:      1179 ld(mult(rd(x,rd(y,z)),ld(rd(z,y),u)),mult(x,u)) != e | ld(x,mult(rd(x,rd(y,z)),mult(rd(y,z),u))) = u.  [para(877(a,2),60(a,1,1,2))].
kept:      1180 ld(ld(rd(x,y),mult(x,z)),mult(y,z)) != e | ld(y,mult(rd(y,x),mult(x,z))) = z.  [para(877(a,2),60(a,1,1))].
kept:      1181 ld(mult(rd(rd(x,y),z),mult(z,u)),ld(rd(y,x),u)) != e | mult(rd(y,x),mult(rd(rd(x,y),z),mult(z,u))) = u.  [para(877(a,2),60(a,1,2)),rewrite([877(15)])].
kept:      1182 ld(x,mult(rd(y,z),mult(mult(rd(z,y),x),u))) != u | ld(mult(rd(y,z),mult(ld(rd(y,z),x),u)),mult(x,u)) = e.  [para(877(a,1),61(a,1,2,2,1))].
kept:      1183 mult(rd(x,y),mult(z,mult(ld(z,rd(y,x)),u))) != u | ld(mult(z,mult(ld(z,rd(y,x)),u)),mult(rd(y,x),u)) = e.  [para(877(a,1),61(a,1))].
kept:      1184 rd(mult(x,rd(y,z)),mult(mult(rd(z,y),x),rd(y,z))) = rd(y,z).  [para(877(a,1),352(a,1,2,1))].
    new demodulator: 1184.
kept:      1185 rd(ld(rd(x,y),z),mult(ld(z,rd(y,x)),z)) = z.  [para(877(a,2),352(a,1,1))].
    new demodulator: 1185.
kept:      1186 ld(mult(x,rd(y,z)),mult(x,u)) != mult(rd(z,y),u) | ld(mult(x,u),mult(mult(x,rd(y,z)),ld(rd(y,z),u))) = e.  [para(877(a,1),62(a,2))].
kept:      1187 ld(ld(rd(x,y),z),mult(rd(y,x),u)) != ld(z,u) | ld(mult(rd(y,x),u),mult(mult(rd(y,x),z),ld(z,u))) = e.  [para(877(a,2),62(a,1,1))].
kept:      1188 ld(mult(rd(x,y),z),ld(rd(y,x),u)) != ld(z,u) | ld(mult(rd(x,y),u),mult(mult(rd(x,y),z),ld(z,u))) = e.  [para(877(a,2),62(a,1,2))].
kept:      1189 rd(ld(rd(x,y),z),rd(y,x)) = mult(rd(y,x),rd(z,rd(y,x))).  [para(877(a,2),516(a,1,1))].
    new demodulator: 1189.
kept:      1190 ld(mult(x,rd(y,x)),z) = mult(rd(x,mult(x,y)),z).  [para(516(a,1),877(a,1,1))].
kept:      1191 ld(rd(x,mult(x,y)),z) = mult(mult(x,rd(y,x)),z).  [para(516(a,1),877(a,2,1))].
kept:      1192 mult(mult(rd(x,y),rd(z,rd(y,x))),rd(y,x)) = ld(rd(y,x),z).  [para(877(a,1),612(a,1,1))].
    new demodulator: 1192.
kept:      1193 mult(rd(x,y),mult(rd(rd(y,x),z),mult(z,u))) != u | ld(mult(rd(rd(y,x),z),mult(z,u)),mult(rd(y,x),u)) = e.  [para(877(a,1),63(a,1))].
kept:      1194 ld(x,mult(rd(x,rd(y,z)),ld(rd(z,y),u))) != u | ld(mult(rd(x,rd(y,z)),mult(rd(y,z),u)),mult(x,u)) = e.  [para(877(a,2),63(a,1,2,2))].
kept:      1195 ld(x,ld(rd(y,x),mult(y,z))) != z | ld(mult(rd(x,y),mult(y,z)),mult(x,z)) = e.  [para(877(a,2),63(a,1,2))].
    starting back demodulation with 1154.
    1157 back subsumes 1156.
    starting back demodulation with 1163.
    starting back demodulation with 1164.
    starting back demodulation with 1165.
    starting back demodulation with 1169.
    starting back demodulation with 1171.
    starting back demodulation with 1178.
    starting back demodulation with 1184.
    starting back demodulation with 1185.
    starting back demodulation with 1189.
    starting back demodulation with 1192.

given #91 (T,wt=11): 973 mult(mult(x,y),y) = mult(x,mult(y,y)).  [para(519(a,1),280(a,1,2,1)),rewrite([161(6),165(5),391(4)])].
kept:      1196 ld(mult(x,y),mult(x,mult(y,y))) = y.  [para(973(a,1),9(a,1,2))].
    new demodulator: 1196.
kept:      1197 mult(x,mult(ld(x,y),ld(x,y))) = mult(y,ld(x,y)).  [para(10(a,1),973(a,1,1)),flip(a)].
    new demodulator: 1197.
kept:      1198 rd(mult(x,mult(y,y)),y) = mult(x,y).  [para(973(a,1),11(a,1,1))].
    new demodulator: 1198.
kept:      1199 mult(rd(x,y),mult(y,y)) = mult(x,y).  [para(12(a,1),973(a,1,1)),flip(a)].
    new demodulator: 1199.
kept:      1200 ld(mult(x,mult(y,mult(z,z))),mult(mult(x,mult(y,z)),z)) != e | ld(mult(x,mult(y,z)),mult(x,mult(y,mult(z,z)))) = z.  [para(973(a,1),24(a,1,1,2)),rewrite([973(13)])].
kept:      1201 ld(mult(x,mult(mult(y,z),mult(y,z))),mult(mult(mult(x,mult(y,z)),y),z)) != e | ld(mult(mult(x,mult(y,z)),y),mult(x,mult(mult(y,z),mult(y,z)))) = z.  [para(973(a,1),24(a,1,1)),rewrite([973(18)])].
kept:      1202 ld(mult(mult(x,y),mult(y,z)),mult(mult(x,mult(y,y)),z)) != e | ld(mult(x,mult(y,y)),mult(mult(x,y),mult(y,z))) = z.  [para(973(a,1),24(a,1,2,1)),rewrite([973(11)])].
kept:      1203 ld(mult(x,mult(y,y)),mult(mult(x,y),mult(y,z))) != z | ld(mult(mult(x,y),mult(y,z)),mult(mult(x,mult(y,y)),z)) = e.  [para(973(a,1),26(a,1,1)),rewrite([973(12)])].
kept:      1204 ld(mult(x,mult(y,z)),mult(x,mult(y,mult(z,z)))) != z | ld(mult(x,mult(y,mult(z,z))),mult(mult(x,mult(y,z)),z)) = e.  [para(973(a,1),26(a,1,2,2)),rewrite([973(9)])].
kept:      1205 ld(mult(mult(x,mult(y,z)),y),mult(x,mult(mult(y,z),mult(y,z)))) != z | ld(mult(x,mult(mult(y,z),mult(y,z))),mult(mult(mult(x,mult(y,z)),y),z)) = e.  [para(973(a,1),26(a,1,2)),rewrite([973(13)])].
kept:      1206 mult(mult(mult(x,y),mult(x,mult(y,y))),z) = mult(mult(x,y),mult(mult(x,y),mult(y,z))).  [para(973(a,1),46(a,1,1,2))].
    new demodulator: 1206.
kept:      1207 mult(x,mult(mult(x,y),mult(x,y))) = mult(x,mult(x,mult(y,mult(x,y)))).  [para(973(a,1),46(a,1))].
    new demodulator: 1207.
kept:      1208 mult(mult(x,mult(y,y)),mult(x,y)) = mult(mult(x,y),mult(y,mult(x,y))).  [para(973(a,1),162(a,1,1))].
    new demodulator: 1208.
kept:      1209 ld(mult(x,mult(y,y)),mult(mult(mult(x,y),z),ld(z,y))) != e | ld(mult(mult(x,y),z),mult(x,mult(y,y))) = ld(z,y).  [para(973(a,1),55(a,1,1)),rewrite([973(13)])].
kept:      1210 ld(mult(mult(x,y),z),mult(mult(x,mult(y,y)),ld(y,z))) != e | ld(mult(x,mult(y,y)),mult(mult(x,y),z)) = ld(y,z).  [para(973(a,1),55(a,1,2,1)),rewrite([973(11)])].
kept:      1211 rd(mult(mult(x,y),mult(x,mult(y,y))),y) = mult(mult(x,y),mult(x,y)).  [para(973(a,1),253(a,1,1,2))].
    new demodulator: 1211.
kept:      1212 ld(mult(x,mult(y,y)),mult(mult(x,y),mult(y,mult(x,y)))) = mult(x,y).  [para(973(a,1),279(a,1,1))].
    new demodulator: 1212.
kept:      1213 mult(x,mult(mult(ld(x,y),x),mult(ld(x,y),x))) = mult(mult(y,x),mult(ld(x,y),x)).  [para(280(a,1),973(a,1,1)),flip(a)].
    new demodulator: 1213.
kept:      1214 ld(mult(x,mult(ld(x,mult(y,z)),z)),mult(y,mult(z,z))) != e | ld(mult(y,z),mult(x,mult(ld(x,mult(y,z)),z))) = z.  [para(973(a,1),56(a,1,2))].
kept:      1215 rd(mult(x,mult(y,y)),ld(mult(x,y),y)) = mult(mult(x,y),mult(x,y)).  [para(973(a,1),338(a,1,1))].
    new demodulator: 1215.
kept:      1216 ld(mult(mult(x,y),mult(y,ld(mult(x,mult(y,y)),z))),z) != e | ld(mult(x,mult(y,y)),mult(mult(x,y),mult(y,ld(mult(x,mult(y,y)),z)))) = ld(mult(x,mult(y,y)),z).  [para(973(a,1),57(a,1,1,2,2,1)),rewrite([973(11),973(14),973(20)])].
kept:      1217 ld(mult(x,mult(y,y)),mult(mult(mult(x,y),rd(y,z)),z)) != e | ld(mult(mult(x,y),rd(y,z)),mult(x,mult(y,y))) = z.  [para(973(a,1),58(a,1,1)),rewrite([973(14)])].
kept:      1218 ld(mult(mult(x,rd(y,z)),y),mult(mult(x,mult(rd(y,z),rd(y,z))),z)) != e | ld(mult(x,mult(rd(y,z),rd(y,z))),mult(mult(x,rd(y,z)),y)) = z.  [para(973(a,1),58(a,1,2,1)),rewrite([973(15)])].
kept:      1219 ld(x,mult(y,mult(x,x))) = mult(ld(x,y),mult(x,x)).  [para(973(a,1),351(a,1,2)),rewrite([351(5),973(6)])].
    new demodulator: 1219.
kept:      1220 ld(x,mult(mult(rd(x,mult(y,mult(z,z))),mult(y,z)),z)) != e | ld(mult(rd(x,mult(y,mult(z,z))),mult(y,z)),x) = z.  [para(973(a,1),59(a,1,2,1,1,2)),rewrite([973(11)])].
kept:      1221 ld(mult(rd(x,mult(y,y)),y),x) = y.  [para(973(a,1),59(a,1,2)),rewrite([12(4),50(1)]),xx(a)].
    new demodulator: 1221.
kept:      1222 mult(ld(mult(x,y),e),mult(x,mult(y,y))) = y.  [para(973(a,1),640(a,1,2))].
    new demodulator: 1222.
kept:      1223 mult(ld(x,e),mult(mult(x,y),mult(x,y))) = mult(y,mult(x,y)).  [para(640(a,1),973(a,1,1)),flip(a)].
    new demodulator: 1223.
kept:      1224 ld(mult(rd(x,mult(y,z)),mult(y,mult(z,z))),mult(x,z)) != e | ld(x,mult(rd(x,mult(y,z)),mult(y,mult(z,z)))) = z.  [para(973(a,1),60(a,1,1,2)),rewrite([973(13)])].
kept:      1225 ld(mult(rd(mult(x,y),z),mult(z,y)),mult(x,mult(y,y))) != e | ld(mult(x,y),mult(rd(mult(x,y),z),mult(z,y))) = y.  [para(973(a,1),60(a,1,2))].
kept:      1226 mult(ld(x,e),mult(y,y)) = mult(ld(x,y),y).  [para(664(a,2),973(a,1,1)),flip(a)].
kept:      1227 rd(x,mult(y,mult(x,x))) = ld(mult(y,x),e).  [para(973(a,1),665(a,1,2))].
    new demodulator: 1227.
kept:      1228 mult(ld(rd(x,y),e),mult(x,x)) = mult(y,x).  [para(666(a,1),973(a,1,1)),flip(a)].
    new demodulator: 1228.
kept:      1229 mult(ld(x,e),mult(mult(x,y),mult(ld(x,e),y))) = mult(y,mult(ld(x,e),y)).  [para(677(a,1),973(a,1,1)),rewrite([675(11),677(16)]),flip(a)].
    new demodulator: 1229.
kept:      1230 ld(mult(x,mult(y,y)),mult(mult(x,y),z)) != ld(y,z) | ld(mult(mult(x,y),z),mult(mult(x,mult(y,y)),ld(y,z))) = e.  [para(973(a,1),62(a,1,1)),rewrite([973(11)])].
kept:      1231 ld(mult(mult(x,y),z),mult(x,mult(y,y))) != ld(z,y) | ld(mult(x,mult(y,y)),mult(mult(mult(x,y),z),ld(z,y))) = e.  [para(973(a,1),62(a,1,2)),rewrite([973(9)])].
kept:      1232 rd(mult(x,mult(y,y)),mult(x,y)) = mult(x,mult(y,ld(x,e))).  [para(973(a,1),516(a,1,1)),rewrite([665(7),703(8)])].
    new demodulator: 1232.
kept:      1233 mult(ld(x,rd(y,x)),mult(x,x)) = mult(ld(x,y),x).  [para(612(a,1),973(a,1,1)),flip(a)].
    new demodulator: 1233.
kept:      1234 mult(rd(x,y),mult(mult(rd(y,x),z),mult(rd(y,x),z))) = mult(z,mult(rd(y,x),z)).  [para(876(a,1),973(a,1,1)),flip(a)].
    new demodulator: 1234.
kept:      1235 ld(x,mult(rd(x,mult(y,z)),mult(y,mult(z,z)))) != z | ld(mult(rd(x,mult(y,z)),mult(y,mult(z,z))),mult(x,z)) = e.  [para(973(a,1),63(a,1,2,2)),rewrite([973(11)])].
kept:      1236 mult(rd(x,y),mult(z,z)) = mult(ld(rd(y,x),z),z).  [para(877(a,2),973(a,1,1)),flip(a)].
kept:      1237 mult(mult(x,mult(y,y)),y) = mult(mult(x,y),mult(y,y)).  [para(973(a,1),973(a,1,1))].
    new demodulator: 1237.
    starting back demodulation with 1196.
    starting back demodulation with 1197.
    starting back demodulation with 1198.
    starting back demodulation with 1199.
    starting back demodulation with 1206.
    starting back demodulation with 1207.
    starting back demodulation with 1208.
    starting back demodulation with 1211.
    starting back demodulation with 1212.
    starting back demodulation with 1213.
    starting back demodulation with 1215.
    starting back demodulation with 1219.
    starting back demodulation with 1221.
    starting back demodulation with 1222.
    starting back demodulation with 1223.
    starting back demodulation with 1227.
    starting back demodulation with 1228.
    starting back demodulation with 1229.
    starting back demodulation with 1232.
    starting back demodulation with 1233.
    starting back demodulation with 1234.
    starting back demodulation with 1237.

given #92 (T,wt=11): 1060 ld(ld(x,rd(y,x)),ld(x,y)) = x.  [para(612(a,1),9(a,1,2))].
kept:      1238 ld(ld(ld(x,y),x),ld(ld(x,y),y)) = ld(x,y).  [para(53(a,1),1060(a,1,1,2))].
    new demodulator: 1238.
kept:      1239 ld(ld(rd(x,y),rd(x,rd(x,y))),y) = rd(x,y).  [para(54(a,1),1060(a,1,2))].
    new demodulator: 1239.
kept:      1240 ld(ld(ld(x,y),mult(x,x)),ld(ld(x,y),mult(x,y))) = ld(x,y).  [para(338(a,1),1060(a,1,1,2))].
    new demodulator: 1240.
kept:      1241 ld(mult(x,mult(x,x)),mult(x,x)) = ld(x,e).  [para(534(a,1),1060(a,1,1,2)),rewrite([663(4),663(5)])].
    new demodulator: 1241.
kept:      1242 ld(ld(mult(x,rd(y,x)),rd(mult(x,y),mult(x,rd(y,x)))),x) = mult(x,rd(y,x)).  [para(343(a,1),1060(a,1,2))].
    new demodulator: 1242.
kept:      1243 ld(mult(x,rd(y,ld(x,e))),mult(x,y)) = ld(x,e).  [para(663(a,1),1060(a,1,1)),rewrite([663(7)])].
    new demodulator: 1243.
kept:      1244 ld(mult(ld(x,e),rd(y,x)),ld(x,y)) = x.  [para(664(a,1),1060(a,1,1))].
    new demodulator: 1244.
kept:      1245 ld(ld(x,rd(y,x)),mult(ld(x,e),y)) = x.  [para(664(a,1),1060(a,1,2))].
    new demodulator: 1245.
kept:      1246 ld(ld(mult(x,y),ld(x,e)),ld(mult(x,y),y)) = mult(x,y).  [para(665(a,1),1060(a,1,1,2))].
    new demodulator: 1246.
kept:      1247 ld(ld(x,ld(y,e)),ld(x,ld(y,x))) = x.  [para(720(a,1),1060(a,1,1,2))].
    new demodulator: 1247.
kept:      1248 ld(ld(x,ld(rd(x,y),e)),ld(x,y)) = x.  [para(800(a,1),1060(a,1,1,2))].
    new demodulator: 1248.
kept:      1249 rd(mult(ld(x,y),ld(x,rd(y,x))),rd(y,x)) = ld(x,rd(y,x)).  [para(1060(a,1),352(a,1,2,1)),rewrite([10(7)])].
    new demodulator: 1249.
kept:      1250 ld(mult(rd(x,y),rd(z,rd(y,x))),ld(rd(y,x),z)) = rd(y,x).  [para(877(a,1),1060(a,1,1))].
    new demodulator: 1250.
kept:      1251 ld(ld(rd(x,y),rd(z,rd(x,y))),mult(rd(y,x),z)) = rd(x,y).  [para(877(a,1),1060(a,1,2))].
    new demodulator: 1251.
    starting back demodulation with 1238.
    starting back demodulation with 1239.
    starting back demodulation with 1240.
    starting back demodulation with 1241.
    starting back demodulation with 1242.
    starting back demodulation with 1243.
    starting back demodulation with 1244.
    starting back demodulation with 1245.
    starting back demodulation with 1246.
    starting back demodulation with 1247.
    starting back demodulation with 1248.
    starting back demodulation with 1249.
    starting back demodulation with 1250.
    starting back demodulation with 1251.

given #93 (T,wt=11): 1061 rd(ld(x,y),x) = ld(x,rd(y,x)).  [para(612(a,1),11(a,1,1))].
kept:      1252 rd(x,rd(y,x)) = ld(rd(y,x),rd(y,rd(y,x))).  [para(54(a,1),1061(a,1,1))].
kept:      1253 rd(mult(x,x),ld(x,e)) = mult(x,mult(x,x)).  [para(534(a,1),1061(a,2,2)),rewrite([663(3),663(8)])].
    new demodulator: 1253.
kept:      1254 ld(mult(x,rd(y,x)),rd(mult(x,y),mult(x,rd(y,x)))) = rd(x,mult(x,rd(y,x))).  [para(343(a,1),1061(a,1,1)),flip(a)].
    new demodulator: 1254.
kept:      1255 rd(mult(x,y),ld(x,e)) = mult(x,rd(y,ld(x,e))).  [para(663(a,1),1061(a,1,1)),rewrite([663(10)])].
    new demodulator: 1255.
kept:      1256 rd(mult(ld(x,e),y),x) = ld(x,rd(y,x)).  [para(664(a,1),1061(a,1,1))].
    new demodulator: 1256.
kept:      1257 ld(rd(x,ld(x,y)),e) = ld(x,rd(y,x)).  [para(1061(a,1),800(a,1)),flip(a)].
kept:      1258 ld(x,rd(y,x)) = ld(x,ld(rd(x,y),e)).  [para(800(a,1),1061(a,2,2)),rewrite([1061(2)])].
kept:      1259 mult(ld(x,rd(y,x)),rd(x,ld(x,y))) = e.  [para(1061(a,1),867(a,1,1))].
    new demodulator: 1259.
kept:      1260 mult(rd(x,ld(x,y)),ld(x,rd(y,x))) = e.  [para(1061(a,1),867(a,1,2))].
    new demodulator: 1260.
kept:      1261 mult(ld(x,rd(y,x)),mult(rd(x,ld(x,y)),z)) = z.  [para(1061(a,1),876(a,1,1))].
    new demodulator: 1261.
kept:      1262 mult(rd(x,ld(x,y)),mult(ld(x,rd(y,x)),z)) = z.  [para(1061(a,1),876(a,1,2,1))].
    new demodulator: 1262.
kept:      1263 ld(ld(x,rd(y,x)),z) = mult(rd(x,ld(x,y)),z).  [para(1061(a,1),877(a,1,1))].
kept:      1264 ld(rd(x,ld(x,y)),z) = mult(ld(x,rd(y,x)),z).  [para(1061(a,1),877(a,2,1))].
kept:      1265 rd(mult(rd(x,y),z),rd(y,x)) = ld(rd(y,x),rd(z,rd(y,x))).  [para(877(a,1),1061(a,1,1))].
    new demodulator: 1265.
    starting back demodulation with 1253.
    starting back demodulation with 1254.
        1254 back demodulating 1242.
    starting back demodulation with 1255.
        1255 back demodulating 1253.
        1255 back demodulating 960.
    starting back demodulation with 1256.
        1256 back demodulating 963.
    starting back demodulation with 1259.
    starting back demodulation with 1260.
    starting back demodulation with 1261.
    starting back demodulation with 1262.
    starting back demodulation with 1265.
        1265 back demodulating 1112.

given #94 (A,wt=24): 64 ld(mult(x,rd(y,z)),mult(x,y)) != z | ld(mult(x,y),mult(mult(x,rd(y,z)),z)) = e.  [para(12(a,1),26(a,1,2,2)),rewrite([12(7)])].
kept:      1266 ld(mult(x,rd(ld(x,y),z)),y) != z | ld(y,mult(mult(x,rd(ld(x,y),z)),z)) = e.  [para(10(a,1),64(a,1,2)),rewrite([10(7)])].
kept:      1267 ld(mult(rd(x,y),rd(y,z)),x) != z | ld(x,mult(mult(rd(x,y),rd(y,z)),z)) = e.  [para(12(a,1),64(a,1,2)),rewrite([12(7)])].
kept:      1268 ld(mult(rd(x,y),mult(z,rd(x,y))),mult(mult(rd(x,y),z),x)) != y | ld(mult(mult(rd(x,y),z),x),mult(rd(x,y),mult(z,x))) = e.  [para(162(a,1),64(a,1,1)),rewrite([162(16),209(17),12(15)])].
kept:      1269 ld(mult(mult(x,y),rd(x,z)),mult(x,mult(y,x))) != z | ld(mult(x,mult(y,x)),mult(mult(mult(x,y),rd(x,z)),z)) = e.  [para(162(a,1),64(a,1,2)),rewrite([162(9)])].
kept:      1270 ld(mult(x,rd(mult(ld(x,y),x),z)),mult(y,x)) != z | ld(mult(y,x),mult(mult(x,rd(mult(ld(x,y),x),z)),z)) = e.  [para(280(a,1),64(a,1,2)),rewrite([280(10)])].
kept:      1271 ld(mult(x,mult(y,y)),mult(x,mult(y,z))) != ld(y,z) | ld(mult(x,mult(y,z)),mult(mult(x,mult(y,y)),ld(y,z))) = e.  [para(338(a,1),64(a,1,1,2)),rewrite([338(12)])].
kept:      1272 ld(mult(x,mult(y,y)),mult(x,y)) != ld(y,e) | ld(mult(x,y),mult(mult(x,mult(y,y)),ld(y,e))) = e.  [para(534(a,1),64(a,1,1,2)),rewrite([534(11)])].
kept:      1273 ld(mult(ld(x,e),rd(x,y)),e) != y | mult(ld(x,e),mult(ld(x,e),mult(rd(x,y),mult(y,x)))) = e.  [para(575(a,1),64(a,1,2)),rewrite([575(10),675(13),168(15),12(15),49(18)])].
kept:      1274 ld(mult(ld(x,e),rd(mult(x,y),z)),y) != z | ld(y,mult(ld(x,e),mult(ld(x,e),mult(mult(x,rd(mult(x,y),z)),z)))) = e.  [para(640(a,1),64(a,1,2)),rewrite([640(11),675(13)])].
kept:      1275 mult(ld(mult(x,rd(y,z)),e),mult(x,y)) != z | ld(mult(x,y),mult(mult(x,rd(y,z)),z)) = e.  [para(664(a,1),64(a,1))].
kept:      1276 ld(ld(x,rd(y,z)),mult(ld(x,e),y)) != z | ld(mult(ld(x,e),y),mult(ld(x,e),mult(ld(x,e),mult(mult(x,rd(y,z)),z)))) = e.  [para(664(a,2),64(a,1,1)),rewrite([675(15)])].
kept:      1277 ld(mult(ld(x,e),rd(y,z)),ld(x,y)) != z | ld(mult(ld(x,e),y),mult(ld(x,e),mult(ld(x,e),mult(mult(x,rd(y,z)),z)))) = e.  [para(664(a,2),64(a,1,2)),rewrite([675(15)])].
kept:      1278 ld(x,mult(ld(rd(rd(y,z),x),e),y)) != z | ld(mult(ld(rd(rd(y,z),x),e),y),mult(x,z)) = e.  [para(666(a,1),64(a,1,1)),rewrite([666(18)])].
kept:      1279 ld(mult(ld(rd(x,y),e),rd(x,z)),y) != z | ld(y,mult(ld(rd(x,y),e),mult(ld(rd(x,y),e),mult(mult(rd(x,y),rd(x,z)),z)))) = e.  [para(666(a,1),64(a,1,2)),rewrite([666(11),675(13)])].
kept:      1280 ld(mult(x,rd(mult(ld(x,e),y),z)),y) != z | ld(y,mult(mult(x,rd(mult(ld(x,e),y),z)),z)) = e.  [para(677(a,1),64(a,1,2)),rewrite([677(11)])].
kept:      1281 ld(mult(x,ld(y,e)),mult(x,ld(y,z))) != z | ld(mult(x,ld(y,z)),mult(mult(x,ld(y,e)),z)) = e.  [para(720(a,1),64(a,1,1,2)),rewrite([720(11)])].
kept:      1282 ld(mult(x,ld(rd(y,z),e)),mult(x,z)) != y | ld(mult(x,z),mult(mult(x,rd(z,y)),y)) = e.  [para(800(a,1),64(a,1,1,2))].
kept:      1283 ld(mult(rd(x,y),rd(rd(y,x),z)),e) != z | mult(mult(rd(x,y),rd(rd(y,x),z)),z) = e.  [para(867(a,1),64(a,1,2)),rewrite([867(10),49(14)])].
kept:      1284 ld(ld(rd(x,y),z),mult(ld(rd(x,y),rd(z,rd(x,y))),x)) != y | ld(mult(ld(rd(x,y),rd(z,rd(x,y))),x),mult(ld(rd(x,y),z),y)) = e.  [para(612(a,1),64(a,1,1)),rewrite([612(20)])].
kept:      1285 ld(mult(ld(x,rd(y,x)),rd(x,z)),ld(x,y)) != z | ld(ld(x,y),mult(mult(ld(x,rd(y,x)),rd(x,z)),z)) = e.  [para(612(a,1),64(a,1,2)),rewrite([612(10)])].
kept:      1286 ld(mult(rd(x,y),rd(mult(rd(y,x),z),u)),z) != u | ld(z,mult(mult(rd(x,y),rd(mult(rd(y,x),z),u)),u)) = e.  [para(876(a,1),64(a,1,2)),rewrite([876(11)])].
kept:      1287 ld(ld(rd(x,y),rd(z,u)),mult(rd(y,x),z)) != u | ld(mult(rd(y,x),z),mult(mult(rd(y,x),rd(z,u)),u)) = e.  [para(877(a,2),64(a,1,1))].
kept:      1288 ld(mult(rd(x,y),rd(z,u)),ld(rd(y,x),z)) != u | ld(mult(rd(x,y),z),mult(mult(rd(x,y),rd(z,u)),u)) = e.  [para(877(a,2),64(a,1,2))].
kept:      1289 ld(mult(x,mult(rd(y,z),rd(y,z))),mult(mult(x,rd(y,z)),y)) != z | ld(mult(mult(x,rd(y,z)),y),mult(mult(x,mult(rd(y,z),rd(y,z))),z)) = e.  [para(973(a,1),64(a,1,1)),rewrite([973(16)])].
kept:      1290 ld(mult(mult(x,y),rd(y,z)),mult(x,mult(y,y))) != z | ld(mult(x,mult(y,y)),mult(mult(mult(x,y),rd(y,z)),z)) = e.  [para(973(a,1),64(a,1,2)),rewrite([973(9)])].

given #95 (F,wt=23): 953 mult(ld(c1,e),ld(c1,mult(mult(c1,ld(rd(c1,c2),e)),c3))) != ld(c1,mult(c2,ld(c1,c3))).  [para(800(a,1),862(a,1,2,2,1,2))].

given #96 (F,wt=23): 1133 ld(c1,mult(ld(c1,e),mult(mult(c1,rd(c2,c1)),c3))) != ld(c1,mult(c2,mult(ld(c1,e),c3))).  [para(664(a,1),863(a,2,2,2))].
kept:      1291 ld(c1,mult(ld(c1,e),mult(mult(c1,rd(c2,c1)),c3))) != mult(ld(c1,e),mult(c2,mult(ld(c1,e),c3))).  [para(664(a,1),1133(a,2))].
kept:      1292 ld(c1,mult(ld(c1,e),mult(mult(c1,ld(rd(c1,c2),e)),c3))) != ld(c1,mult(c2,mult(ld(c1,e),c3))).  [para(800(a,1),1133(a,1,2,2,1,2))].

given #97 (F,wt=23): 1134 ld(c1,mult(ld(c1,e),mult(mult(c1,rd(c2,c1)),c3))) != mult(ld(c1,e),mult(c2,ld(c1,c3))).  [para(664(a,1),863(a,2))].
kept:      1293 ld(c1,mult(ld(c1,e),mult(mult(c1,ld(rd(c1,c2),e)),c3))) != mult(ld(c1,e),mult(c2,ld(c1,c3))).  [para(800(a,1),1134(a,1,2,2,1,2))].

given #98 (F,wt=23): 1135 ld(c1,mult(ld(c1,e),mult(mult(c1,ld(rd(c1,c2),e)),c3))) != ld(c1,mult(c2,ld(c1,c3))).  [para(800(a,1),863(a,1,2,2,1,2))].

given #99 (T,wt=11): 1196 ld(mult(x,y),mult(x,mult(y,y))) = y.  [para(973(a,1),9(a,1,2))].
kept:      1294 ld(mult(x,mult(y,mult(y,z))),mult(x,mult(y,mult(y,mult(z,mult(y,mult(y,z))))))) = mult(y,mult(y,z)).  [para(46(a,1),1196(a,1,2,2))].
    new demodulator: 1294.
kept:      1295 ld(mult(x,mult(y,y)),mult(x,mult(y,mult(y,mult(y,y))))) = mult(y,y).  [para(161(a,1),1196(a,1,2,2))].
    new demodulator: 1295.
kept:      1296 ld(ld(x,y),mult(ld(x,e),mult(y,y))) = y.  [para(664(a,2),1196(a,1,1))].
    new demodulator: 1296.
kept:      1297 ld(mult(ld(rd(mult(x,x),y),e),x),y) = x.  [para(666(a,1),1196(a,1,2))].
    new demodulator: 1297.
kept:      1298 mult(ld(mult(x,y),mult(x,mult(y,ld(x,e)))),mult(x,y)) = y.  [para(1196(a,1),612(a,2)),rewrite([1232(5)])].
    new demodulator: 1298.
kept:      1299 ld(ld(rd(x,y),z),mult(rd(y,x),mult(z,z))) = z.  [para(877(a,2),1196(a,1,1))].
    new demodulator: 1299.
kept:      1300 ld(mult(rd(x,y),z),ld(rd(y,x),mult(z,z))) = z.  [para(877(a,2),1196(a,1,2))].
    new demodulator: 1300.
kept:      1301 ld(mult(x,mult(y,y)),mult(mult(x,y),mult(y,y))) = y.  [para(973(a,1),1196(a,1,1))].
    new demodulator: 1301.
kept:      1302 ld(mult(mult(x,y),mult(y,y)),mult(x,mult(y,mult(y,mult(y,y))))) = y.  [para(973(a,1),1196(a,1,2)),rewrite([1237(3),161(6)])].
    new demodulator: 1302.
kept:      1303 ld(ld(mult(x,y),mult(x,mult(y,ld(x,e)))),y) = mult(x,y).  [para(1196(a,1),1060(a,1,2)),rewrite([1232(5)])].
    new demodulator: 1303.
kept:      1304 ld(mult(x,y),mult(x,mult(y,ld(x,e)))) = ld(x,e).  [para(1196(a,1),1061(a,1,1)),rewrite([665(2),1232(7)]),flip(a)].
    new demodulator: 1304.
    starting back demodulation with 1294.
    starting back demodulation with 1295.
    starting back demodulation with 1296.
    starting back demodulation with 1297.
    starting back demodulation with 1298.
    starting back demodulation with 1299.
    starting back demodulation with 1300.
    starting back demodulation with 1301.
    starting back demodulation with 1302.
    starting back demodulation with 1303.
    starting back demodulation with 1304.
        1304 back demodulating 1303.
        1304 back demodulating 1298.

given #100 (T,wt=11): 1198 rd(mult(x,mult(y,y)),y) = mult(x,y).  [para(973(a,1),11(a,1,1))].
kept:      1305 mult(rd(x,mult(y,y)),y) = rd(x,y).  [para(12(a,1),1198(a,1,1)),flip(a)].
    new demodulator: 1305.
kept:      1306 rd(mult(x,mult(y,mult(y,mult(z,mult(y,mult(y,z)))))),mult(y,mult(y,z))) = mult(x,mult(y,mult(y,z))).  [para(46(a,1),1198(a,1,1,2))].
    new demodulator: 1306.
kept:      1307 rd(mult(x,mult(x,mult(y,mult(z,z)))),z) = mult(x,mult(x,mult(y,z))).  [para(46(a,1),1198(a,1,1)),rewrite([46(8)])].
    new demodulator: 1307.
kept:      1308 rd(mult(x,mult(y,mult(y,mult(y,y)))),mult(y,y)) = mult(x,mult(y,y)).  [para(161(a,1),1198(a,1,1,2))].
    new demodulator: 1308.
kept:      1309 rd(ld(x,mult(y,y)),y) = mult(ld(x,e),y).  [para(664(a,2),1198(a,1,1))].
    new demodulator: 1309.
kept:      1310 rd(x,y) = mult(ld(rd(mult(y,y),x),e),y).  [para(666(a,1),1198(a,1,1))].
kept:      1311 rd(mult(x,mult(y,mult(y,mult(y,y)))),y) = mult(mult(x,y),mult(y,y)).  [para(973(a,1),1198(a,1,1)),rewrite([161(3),1237(8)])].
    new demodulator: 1311.
    starting back demodulation with 1305.
        1305 back demodulating 1221.
    starting back demodulation with 1306.
    starting back demodulation with 1307.
    starting back demodulation with 1308.
    starting back demodulation with 1309.
    starting back demodulation with 1311.

given #101 (T,wt=11): 1199 mult(rd(x,y),mult(y,y)) = mult(x,y).  [para(12(a,1),973(a,1,1)),flip(a)].
kept:      1312 ld(rd(x,y),mult(x,y)) = mult(y,y).  [para(1199(a,1),9(a,1,2))].
    new demodulator: 1312.
kept:      1313 rd(mult(x,y),mult(y,y)) = rd(x,y).  [para(1199(a,1),11(a,1,1))].
    new demodulator: 1313.
kept:      1314 ld(mult(x,mult(y,z)),mult(mult(x,rd(y,z)),mult(z,z))) != e | ld(mult(x,rd(y,z)),mult(x,mult(y,z))) = mult(z,z).  [para(1199(a,1),24(a,1,1,2)),rewrite([1199(14)])].
kept:      1315 ld(mult(rd(x,y),mult(y,mult(y,z))),mult(mult(x,y),z)) != e | ld(mult(x,y),mult(rd(x,y),mult(y,mult(y,z)))) = z.  [para(1199(a,1),24(a,1,2,1)),rewrite([161(3),1199(12),161(13)])].
kept:      1316 ld(mult(x,y),mult(rd(x,y),mult(y,mult(y,z)))) != z | ld(mult(rd(x,y),mult(y,mult(y,z))),mult(mult(x,y),z)) = e.  [para(1199(a,1),26(a,1,1)),rewrite([161(4),161(10),1199(14)])].
kept:      1317 ld(mult(x,rd(y,z)),mult(x,mult(y,z))) != mult(z,z) | ld(mult(x,mult(y,z)),mult(mult(x,rd(y,z)),mult(z,z))) = e.  [para(1199(a,1),26(a,1,2,2)),rewrite([1199(10)])].
kept:      1318 mult(mult(rd(x,y),mult(x,y)),z) = mult(rd(x,y),mult(rd(x,y),mult(y,mult(y,z)))).  [para(1199(a,1),46(a,1,1,2)),rewrite([161(8)])].
    new demodulator: 1318.
kept:      1319 mult(rd(x,mult(y,mult(y,z))),mult(y,mult(y,mult(z,mult(y,mult(y,z)))))) = mult(x,mult(y,mult(y,z))).  [para(46(a,1),1199(a,1,2))].
    new demodulator: 1319.
kept:      1320 mult(rd(x,mult(y,y)),mult(y,mult(y,mult(y,y)))) = mult(x,mult(y,y)).  [para(161(a,1),1199(a,1,2))].
    new demodulator: 1320.
kept:      1321 mult(rd(x,y),mult(y,mult(y,rd(x,y)))) = mult(mult(x,y),rd(x,y)).  [para(1199(a,1),162(a,1,1)),rewrite([161(7)]),flip(a)].
    new demodulator: 1321.
kept:      1322 ld(mult(x,y),mult(mult(rd(x,y),z),ld(z,mult(y,y)))) != e | ld(mult(rd(x,y),z),mult(x,y)) = ld(z,mult(y,y)).  [para(1199(a,1),55(a,1,1)),rewrite([1199(14)])].
kept:      1323 ld(mult(rd(x,y),z),mult(mult(x,y),mult(ld(y,e),mult(ld(y,e),z)))) != e | ld(mult(x,y),mult(rd(x,y),z)) = mult(ld(y,e),mult(ld(y,e),z)).  [para(1199(a,1),55(a,1,2,1)),rewrite([1012(5),1199(16),1012(19)])].
kept:      1324 rd(mult(rd(x,y),mult(x,y)),mult(y,y)) = mult(rd(x,y),rd(x,y)).  [para(1199(a,1),253(a,1,1,2))].
    new demodulator: 1324.
kept:      1325 ld(mult(x,mult(ld(x,rd(y,z)),mult(z,z))),mult(y,z)) != e | ld(rd(y,z),mult(x,mult(ld(x,rd(y,z)),mult(z,z)))) = mult(z,z).  [para(1199(a,1),56(a,1,2))].
kept:      1326 rd(mult(x,y),ld(rd(x,y),mult(y,y))) = mult(rd(x,y),rd(x,y)).  [para(1199(a,1),338(a,1,1))].
    new demodulator: 1326.
kept:      1327 mult(mult(x,y),ld(x,y)) = mult(x,mult(y,ld(x,y))).  [para(338(a,1),1199(a,1,1)),rewrite([161(5),1197(4)]),flip(a)].
    new demodulator: 1327.
kept:      1328 ld(mult(rd(x,y),mult(y,mult(y,ld(mult(x,y),z)))),z) != e | ld(mult(x,y),mult(rd(x,y),mult(y,mult(y,ld(mult(x,y),z))))) = ld(mult(x,y),z).  [para(1199(a,1),57(a,1,1,2,2,1)),rewrite([161(5),1199(12),1199(15),161(15),1199(20)])].
kept:      1329 ld(mult(rd(x,y),rd(mult(y,y),rd(x,y))),mult(x,y)) = rd(x,y).  [para(1199(a,1),343(a,1,2))].
    new demodulator: 1329.
kept:      1330 ld(mult(x,y),mult(mult(rd(x,y),rd(mult(y,y),z)),z)) != e | ld(mult(rd(x,y),rd(mult(y,y),z)),mult(x,y)) = z.  [para(1199(a,1),58(a,1,1)),rewrite([1199(16)])].
kept:      1331 ld(x,mult(mult(rd(x,mult(y,z)),rd(y,z)),mult(z,z))) != e | ld(mult(rd(x,mult(y,z)),rd(y,z)),x) = mult(z,z).  [para(1199(a,1),59(a,1,2,1,1,2)),rewrite([1199(12)])].
kept:      1332 mult(ld(rd(x,y),e),mult(x,y)) = mult(y,y).  [para(1199(a,1),640(a,1,2))].
    new demodulator: 1332.
kept:      1333 ld(mult(rd(x,rd(y,z)),mult(y,z)),mult(x,mult(z,z))) != e | ld(x,mult(rd(x,rd(y,z)),mult(y,z))) = mult(z,z).  [para(1199(a,1),60(a,1,1,2)),rewrite([1199(14)])].
kept:      1334 ld(mult(rd(rd(x,y),z),mult(z,mult(y,y))),mult(x,y)) != e | mult(rd(y,x),mult(rd(rd(x,y),z),mult(z,mult(y,y)))) = mult(y,y).  [para(1199(a,1),60(a,1,2)),rewrite([877(16)])].
kept:      1335 rd(mult(x,x),mult(y,x)) = ld(rd(y,x),e).  [para(1199(a,1),665(a,1,2))].
kept:      1336 mult(rd(x,mult(ld(x,e),y)),mult(ld(x,e),mult(y,mult(ld(x,e),y)))) = y.  [para(677(a,1),1199(a,2)),rewrite([675(11),1229(14)])].
    new demodulator: 1336.
kept:      1337 ld(mult(x,y),mult(rd(x,y),z)) != mult(ld(y,e),mult(ld(y,e),z)) | ld(mult(rd(x,y),z),mult(mult(x,y),mult(ld(y,e),mult(ld(y,e),z)))) = e.  [para(1199(a,1),62(a,1,1)),rewrite([1012(6),1199(16),1012(16)])].
kept:      1338 ld(mult(rd(x,y),z),mult(x,y)) != ld(z,mult(y,y)) | ld(mult(x,y),mult(mult(rd(x,y),z),ld(z,mult(y,y)))) = e.  [para(1199(a,1),62(a,1,2)),rewrite([1199(10)])].
kept:      1339 rd(mult(x,y),rd(x,y)) = mult(rd(x,y),rd(mult(y,y),rd(x,y))).  [para(1199(a,1),516(a,1,1))].
kept:      1340 mult(rd(x,y),mult(y,x)) = mult(x,x).  [para(1199(a,1),876(a,1,2))].
    new demodulator: 1340.
kept:      1341 ld(x,mult(rd(x,rd(y,z)),mult(y,z))) != mult(z,z) | ld(mult(rd(x,rd(y,z)),mult(y,z)),mult(x,mult(z,z))) = e.  [para(1199(a,1),63(a,1,2,2)),rewrite([1199(12)])].
kept:      1342 ld(rd(x,y),mult(x,x)) = mult(y,x).  [para(1199(a,1),877(a,2))].
    new demodulator: 1342.
kept:      1343 mult(rd(x,y),mult(y,mult(y,mult(y,y)))) = mult(mult(x,y),mult(y,y)).  [para(1199(a,1),973(a,1,1)),rewrite([161(7)]),flip(a)].
    new demodulator: 1343.
kept:      1344 ld(mult(rd(x,y),rd(mult(y,y),z)),mult(x,y)) != z | ld(mult(x,y),mult(mult(rd(x,y),rd(mult(y,y),z)),z)) = e.  [para(1199(a,1),64(a,1,2)),rewrite([1199(10)])].
    starting back demodulation with 1312.
    starting back demodulation with 1313.
    starting back demodulation with 1318.
    starting back demodulation with 1319.
    starting back demodulation with 1320.
    starting back demodulation with 1321.
        1321 back demodulating 558.
kept:      1345 mult(mult(x,y),mult(x,rd(y,x))) = mult(x,mult(mult(y,x),rd(y,x))).  [back_rewrite(558),rewrite([1321(5)]),flip(a)].
    starting back demodulation with 1324.
    starting back demodulation with 1326.
    starting back demodulation with 1327.
    starting back demodulation with 1329.
    starting back demodulation with 1332.
    starting back demodulation with 1336.
    starting back demodulation with 1340.
        1340 back demodulating 1273.
        1340 back demodulating 993.
kept:      1346 ld(mult(x,rd(x,y)),mult(x,x)) = y.  [back_rewrite(993),rewrite([1340(7),640(6),575(3)]),xx(a)].
    new demodulator: 1346.
        1340 back demodulating 697.
kept:      1347 ld(mult(ld(x,e),rd(x,y)),e) = y.  [back_rewrite(697),rewrite([1340(7),640(6),575(3)]),xx(a)].
    new demodulator: 1347.
    starting back demodulation with 1342.
    starting back demodulation with 1343.
    starting back demodulation with 1346.
    starting back demodulation with 1347.

given #102 (T,wt=11): 1305 mult(rd(x,mult(y,y)),y) = rd(x,y).  [para(12(a,1),1198(a,1,1)),flip(a)].
kept:      1348 ld(rd(x,mult(y,y)),rd(x,y)) = y.  [para(1305(a,1),9(a,1,2))].
    new demodulator: 1348.
kept:      1349 rd(rd(x,y),y) = rd(x,mult(y,y)).  [para(1305(a,1),11(a,1,1))].
    new demodulator: 1349.
kept:      1350 ld(mult(x,rd(y,z)),mult(mult(x,rd(y,mult(z,z))),z)) != e | ld(mult(x,rd(y,mult(z,z))),mult(x,rd(y,z))) = z.  [para(1305(a,1),24(a,1,1,2)),rewrite([1305(15)])].
kept:      1351 ld(rd(x,mult(y,z)),mult(mult(rd(x,mult(mult(y,z),mult(y,z))),y),z)) != e | ld(mult(rd(x,mult(mult(y,z),mult(y,z))),y),rd(x,mult(y,z))) = z.  [para(1305(a,1),24(a,1,1)),rewrite([1305(22)])].
kept:      1352 ld(mult(rd(x,mult(y,y)),mult(y,z)),mult(rd(x,y),z)) != e | ld(rd(x,y),mult(rd(x,mult(y,y)),mult(y,z))) = z.  [para(1305(a,1),24(a,1,2,1)),rewrite([1305(12)])].
kept:      1353 ld(rd(x,y),mult(rd(x,mult(y,y)),mult(y,z))) != z | ld(mult(rd(x,mult(y,y)),mult(y,z)),mult(rd(x,y),z)) = e.  [para(1305(a,1),26(a,1,1)),rewrite([1305(14)])].
kept:      1354 ld(mult(x,rd(y,mult(z,z))),mult(x,rd(y,z))) != z | ld(mult(x,rd(y,z)),mult(mult(x,rd(y,mult(z,z))),z)) = e.  [para(1305(a,1),26(a,1,2,2)),rewrite([1305(10)])].
kept:      1355 ld(mult(rd(x,mult(mult(y,z),mult(y,z))),y),rd(x,mult(y,z))) != z | ld(rd(x,mult(y,z)),mult(mult(rd(x,mult(mult(y,z),mult(y,z))),y),z)) = e.  [para(1305(a,1),26(a,1,2)),rewrite([1305(15)])].
kept:      1356 mult(mult(rd(x,mult(y,y)),rd(x,y)),z) = mult(rd(x,mult(y,y)),mult(rd(x,mult(y,y)),mult(y,z))).  [para(1305(a,1),46(a,1,1,2))].
    new demodulator: 1356.
kept:      1357 mult(rd(x,mult(y,mult(y,mult(z,mult(y,mult(y,z)))))),mult(y,mult(y,z))) = rd(x,mult(y,mult(y,z))).  [para(46(a,1),1305(a,1,1,2))].
    new demodulator: 1357.
kept:      1358 mult(rd(x,mult(y,mult(y,mult(y,y)))),mult(y,y)) = rd(x,mult(y,y)).  [para(161(a,1),1305(a,1,1,2))].
    new demodulator: 1358.
kept:      1359 mult(rd(x,mult(y,y)),mult(y,rd(x,mult(y,y)))) = mult(rd(x,y),rd(x,mult(y,y))).  [para(1305(a,1),162(a,1,1)),flip(a)].
    new demodulator: 1359.
kept:      1360 ld(rd(x,y),mult(mult(rd(x,mult(y,y)),z),ld(z,y))) != e | ld(mult(rd(x,mult(y,y)),z),rd(x,y)) = ld(z,y).  [para(1305(a,1),55(a,1,1)),rewrite([1305(15)])].
kept:      1361 ld(mult(rd(x,mult(y,y)),z),mult(rd(x,y),ld(y,z))) != e | ld(rd(x,y),mult(rd(x,mult(y,y)),z)) = ld(y,z).  [para(1305(a,1),55(a,1,2,1)),rewrite([1305(12)])].
kept:      1362 rd(mult(rd(x,mult(y,y)),rd(x,y)),y) = mult(rd(x,mult(y,y)),rd(x,mult(y,y))).  [para(1305(a,1),253(a,1,1,2))].
    new demodulator: 1362.
kept:      1363 ld(mult(x,rd(y,mult(x,x))),mult(x,rd(y,x))) = x.  [para(1305(a,1),279(a,1,2,2))].
    new demodulator: 1363.
kept:      1364 ld(mult(x,mult(ld(x,rd(y,mult(z,z))),z)),rd(y,z)) != e | ld(rd(y,mult(z,z)),mult(x,mult(ld(x,rd(y,mult(z,z))),z))) = z.  [para(1305(a,1),56(a,1,2))].
kept:      1365 rd(rd(x,y),ld(rd(x,mult(y,y)),y)) = mult(rd(x,mult(y,y)),rd(x,mult(y,y))).  [para(1305(a,1),338(a,1,1))].
    new demodulator: 1365.
kept:      1366 ld(mult(rd(x,mult(y,y)),mult(y,ld(rd(x,y),z))),z) != e | ld(rd(x,y),mult(rd(x,mult(y,y)),mult(y,ld(rd(x,y),z)))) = ld(rd(x,y),z).  [para(1305(a,1),57(a,1,1,2,2,1)),rewrite([1305(12),1305(15),1305(20)])].
kept:      1367 ld(mult(rd(x,mult(y,y)),rd(y,rd(x,mult(y,y)))),rd(x,y)) = rd(x,mult(y,y)).  [para(1305(a,1),343(a,1,2))].
    new demodulator: 1367.
kept:      1368 ld(rd(x,y),mult(mult(rd(x,mult(y,y)),rd(y,z)),z)) != e | ld(mult(rd(x,mult(y,y)),rd(y,z)),rd(x,y)) = z.  [para(1305(a,1),58(a,1,1)),rewrite([1305(16)])].
kept:      1369 ld(mult(rd(x,mult(rd(y,z),rd(y,z))),y),mult(rd(x,rd(y,z)),z)) != e | ld(rd(x,rd(y,z)),mult(rd(x,mult(rd(y,z),rd(y,z))),y)) = z.  [para(1305(a,1),58(a,1,2,1)),rewrite([1305(17)])].
kept:      1370 mult(ld(x,rd(y,mult(x,x))),x) = ld(x,rd(y,x)).  [para(1305(a,1),351(a,1,2)),flip(a)].
    new demodulator: 1370.
kept:      1371 ld(x,mult(mult(rd(x,rd(y,z)),rd(y,mult(z,z))),z)) != e | ld(mult(rd(x,rd(y,z)),rd(y,mult(z,z))),x) = z.  [para(1305(a,1),59(a,1,2,1,1,2)),rewrite([1305(12)])].
kept:      1372 mult(ld(rd(x,mult(y,y)),e),rd(x,y)) = y.  [para(1305(a,1),640(a,1,2))].
    new demodulator: 1372.
kept:      1373 ld(mult(rd(x,rd(y,mult(z,z))),rd(y,z)),mult(x,z)) != e | ld(x,mult(rd(x,rd(y,mult(z,z))),rd(y,z))) = z.  [para(1305(a,1),60(a,1,1,2)),rewrite([1305(15)])].
kept:      1374 ld(mult(rd(rd(x,mult(y,y)),z),mult(z,y)),rd(x,y)) != e | mult(rd(mult(y,y),x),mult(rd(rd(x,mult(y,y)),z),mult(z,y))) = y.  [para(1305(a,1),60(a,1,2)),rewrite([877(17)])].
kept:      1375 rd(x,rd(y,x)) = ld(rd(y,mult(x,x)),e).  [para(1305(a,1),665(a,1,2))].
kept:      1376 ld(rd(x,y),mult(rd(x,mult(y,y)),z)) != ld(y,z) | ld(mult(rd(x,mult(y,y)),z),mult(rd(x,y),ld(y,z))) = e.  [para(1305(a,1),62(a,1,1)),rewrite([1305(13)])].
kept:      1377 ld(mult(rd(x,mult(y,y)),z),rd(x,y)) != ld(z,y) | ld(rd(x,y),mult(mult(rd(x,mult(y,y)),z),ld(z,y))) = e.  [para(1305(a,1),62(a,1,2)),rewrite([1305(10)])].
kept:      1378 rd(rd(x,y),rd(x,mult(y,y))) = mult(rd(x,mult(y,y)),rd(y,rd(x,mult(y,y)))).  [para(1305(a,1),516(a,1,1))].
    new demodulator: 1378.
kept:      1379 mult(rd(mult(x,x),y),rd(y,x)) = x.  [para(1305(a,1),876(a,1,2))].
    new demodulator: 1379.
kept:      1380 ld(x,mult(rd(x,rd(y,mult(z,z))),rd(y,z))) != z | ld(mult(rd(x,rd(y,mult(z,z))),rd(y,z)),mult(x,z)) = e.  [para(1305(a,1),63(a,1,2,2)),rewrite([1305(13)])].
kept:      1381 rd(x,y) = ld(rd(mult(y,y),x),y).  [para(1305(a,1),877(a,2)),flip(a)].
kept:      1382 ld(rd(x,rd(y,z)),mult(rd(x,mult(rd(y,z),rd(y,z))),y)) != z | ld(mult(rd(x,mult(rd(y,z),rd(y,z))),y),mult(rd(x,rd(y,z)),z)) = e.  [para(1305(a,1),64(a,1,1)),rewrite([1305(20)])].
kept:      1383 ld(mult(rd(x,mult(y,y)),rd(y,z)),rd(x,y)) != z | ld(rd(x,y),mult(mult(rd(x,mult(y,y)),rd(y,z)),z)) = e.  [para(1305(a,1),64(a,1,2)),rewrite([1305(10)])].
kept:      1384 ld(mult(rd(x,mult(y,mult(y,mult(y,y)))),y),rd(x,mult(y,y))) = y.  [para(1305(a,1),1196(a,1,2)),rewrite([161(3)])].
    new demodulator: 1384.
kept:      1385 rd(rd(x,mult(y,y)),y) = mult(rd(x,mult(y,mult(y,mult(y,y)))),y).  [para(1305(a,1),1198(a,1,1)),rewrite([161(6)])].
    new demodulator: 1385.
kept:      1386 mult(mult(rd(x,mult(y,mult(y,mult(y,y)))),y),mult(y,y)) = rd(x,y).  [para(1305(a,1),1199(a,2)),rewrite([1385(3)])].
    new demodulator: 1386.
    starting back demodulation with 1348.
    starting back demodulation with 1349.
    starting back demodulation with 1356.
    starting back demodulation with 1357.
    starting back demodulation with 1358.
    starting back demodulation with 1359.
    starting back demodulation with 1362.
    starting back demodulation with 1363.
    starting back demodulation with 1365.
    starting back demodulation with 1367.
    starting back demodulation with 1370.
    starting back demodulation with 1372.
    starting back demodulation with 1378.
    starting back demodulation with 1379.
    starting back demodulation with 1384.
    starting back demodulation with 1385.
    starting back demodulation with 1386.

given #103 (A,wt=24): 65 ld(mult(rd(x,mult(y,z)),y),x) != z | ld(x,mult(mult(rd(x,mult(y,z)),y),z)) = e.  [para(12(a,1),26(a,1,2)),rewrite([12(9)])].
kept:      1387 ld(mult(rd(x,mult(y,mult(y,mult(z,u)))),mult(y,mult(y,z))),x) != u | ld(x,mult(mult(rd(x,mult(y,mult(y,mult(z,u)))),mult(y,mult(y,z))),u)) = e.  [para(46(a,1),65(a,1,1,1,2)),rewrite([46(12)])].
kept:      1388 ld(mult(rd(x,mult(y,mult(y,z))),mult(y,y)),x) != z | ld(x,mult(mult(rd(x,mult(y,mult(y,z))),mult(y,y)),z)) = e.  [para(161(a,1),65(a,1,1,1,2)),rewrite([161(9)])].
kept:      1389 ld(mult(rd(x,mult(y,mult(z,y))),mult(y,z)),x) != y | ld(x,mult(mult(rd(x,mult(y,mult(z,y))),mult(y,z)),y)) = e.  [para(162(a,1),65(a,1,1,1,2)),rewrite([162(9)])].
kept:      1390 ld(mult(rd(x,mult(y,z)),z),x) != mult(ld(z,y),z) | ld(x,mult(mult(rd(x,mult(y,z)),z),mult(ld(z,y),z))) = e.  [para(280(a,1),65(a,1,1,1,2)),rewrite([280(10)])].
kept:      1391 ld(mult(rd(x,y),ld(z,e)),x) != mult(z,y) | ld(x,mult(mult(rd(x,y),ld(z,e)),mult(z,y))) = e.  [para(640(a,1),65(a,1,1,1,2)),rewrite([640(11)])].
kept:      1392 mult(ld(mult(rd(x,mult(y,z)),y),e),x) != z | ld(x,mult(mult(rd(x,mult(y,z)),y),z)) = e.  [para(664(a,1),65(a,1))].
kept:      1393 ld(mult(rd(x,ld(y,z)),ld(y,e)),x) != z | ld(x,mult(mult(rd(x,mult(ld(y,e),z)),ld(y,e)),z)) = e.  [para(664(a,2),65(a,1,1,1,2))].
kept:      1394 ld(mult(rd(x,y),ld(rd(z,y),e)),x) != z | ld(x,mult(mult(rd(x,y),ld(rd(z,y),e)),z)) = e.  [para(666(a,1),65(a,1,1,1,2)),rewrite([666(11)])].
kept:      1395 ld(mult(rd(x,y),z),x) != mult(ld(z,e),y) | ld(x,mult(mult(rd(x,y),z),mult(ld(z,e),y))) = e.  [para(677(a,1),65(a,1,1,1,2)),rewrite([677(11)])].
kept:      1396 ld(mult(ld(rd(mult(x,y),z),e),x),z) != y | ld(z,mult(mult(rd(z,mult(x,y)),x),y)) = e.  [para(800(a,1),65(a,1,1,1))].
kept:      1397 ld(mult(mult(mult(x,y),rd(z,mult(x,y))),x),mult(mult(x,y),z)) != y | ld(mult(mult(x,y),z),mult(mult(mult(mult(x,y),rd(z,mult(x,y))),x),y)) = e.  [para(516(a,1),65(a,1,1,1)),rewrite([516(15)])].
kept:      1398 ld(mult(rd(x,ld(y,z)),ld(y,rd(z,y))),x) != y | ld(x,mult(mult(rd(x,ld(y,z)),ld(y,rd(z,y))),y)) = e.  [para(612(a,1),65(a,1,1,1,2)),rewrite([612(10)])].
kept:      1399 ld(mult(rd(x,y),rd(z,u)),x) != mult(rd(u,z),y) | ld(x,mult(mult(rd(x,y),rd(z,u)),mult(rd(u,z),y))) = e.  [para(876(a,1),65(a,1,1,1,2)),rewrite([876(11)])].
kept:      1400 ld(mult(rd(x,ld(rd(y,z),u)),rd(z,y)),x) != u | ld(x,mult(mult(rd(x,mult(rd(z,y),u)),rd(z,y)),u)) = e.  [para(877(a,2),65(a,1,1,1,2))].
kept:      1401 ld(ld(rd(mult(x,y),z),x),z) != y | ld(z,mult(mult(rd(z,mult(x,y)),x),y)) = e.  [para(877(a,2),65(a,1,1))].
kept:      1402 ld(mult(rd(x,mult(y,mult(z,z))),mult(y,z)),x) != z | ld(x,mult(mult(rd(x,mult(y,mult(z,z))),mult(y,z)),z)) = e.  [para(973(a,1),65(a,1,1,1,2)),rewrite([973(9)])].
kept:      1403 ld(mult(rd(x,mult(y,z)),rd(y,z)),x) != mult(z,z) | ld(x,mult(mult(rd(x,mult(y,z)),rd(y,z)),mult(z,z))) = e.  [para(1199(a,1),65(a,1,1,1,2)),rewrite([1199(10)])].
kept:      1404 ld(mult(rd(x,rd(y,z)),rd(y,mult(z,z))),x) != z | ld(x,mult(mult(rd(x,rd(y,z)),rd(y,mult(z,z))),z)) = e.  [para(1305(a,1),65(a,1,1,1,2)),rewrite([1305(10)])].

given #104 (F,wt=25): 858 mult(ld(c1,e),mult(ld(c1,e),mult(mult(c1,rd(c2,c1)),c3))) != mult(ld(c1,e),mult(c2,ld(c1,c3))).  [para(664(a,1),786(a,1,1)),rewrite([675(9)])].

given #105 (F,wt=25): 861 mult(ld(c1,e),mult(ld(c1,e),mult(mult(c1,rd(c2,c1)),c3))) != ld(c1,mult(c2,mult(ld(c1,e),c3))).  [para(664(a,1),787(a,1,1)),rewrite([675(9)])].

given #106 (F,wt=25): 882 mult(ld(c1,e),mult(ld(c1,e),mult(mult(c1,ld(rd(c1,c2),e)),c3))) != ld(c1,mult(c2,ld(c1,c3))).  [para(800(a,1),860(a,1,2,2,1,2))].

given #107 (F,wt=25): 1137 mult(ld(c1,e),ld(c1,mult(mult(c1,rd(c2,c1)),c3))) != mult(ld(c1,e),mult(c2,mult(ld(c1,e),c3))).  [para(664(a,1),950(a,2))].
kept:      1405 mult(ld(c1,e),ld(c1,mult(mult(c1,ld(rd(c1,c2),e)),c3))) != mult(ld(c1,e),mult(c2,mult(ld(c1,e),c3))).  [para(800(a,1),1137(a,1,2,2,1,2))].

given #108 (T,wt=11): 1312 ld(rd(x,y),mult(x,y)) = mult(y,y).  [para(1199(a,1),9(a,1,2))].
kept:      1406 ld(rd(x,ld(x,y)),y) = mult(ld(x,y),ld(x,y)).  [para(10(a,1),1312(a,1,2))].
    new demodulator: 1406.
kept:      1407 ld(rd(mult(x,mult(x,y)),z),mult(x,mult(x,mult(y,z)))) = mult(z,z).  [para(46(a,1),1312(a,1,2))].
    new demodulator: 1407.
kept:      1408 ld(x,mult(y,ld(x,y))) = mult(ld(x,y),ld(x,y)).  [para(53(a,1),1312(a,1,1))].
    new demodulator: 1408.
kept:      1409 ld(rd(mult(x,x),y),mult(x,mult(x,y))) = mult(y,y).  [para(161(a,1),1312(a,1,2))].
    new demodulator: 1409.
kept:      1410 ld(mult(x,rd(y,x)),mult(x,mult(y,x))) = mult(x,x).  [para(162(a,1),1312(a,1,2)),rewrite([516(2)])].
    new demodulator: 1410.
kept:      1411 mult(mult(ld(x,y),x),mult(ld(x,y),x)) = mult(ld(x,y),mult(y,x)).  [para(280(a,1),1312(a,1,2)),rewrite([665(3),663(5)]),flip(a)].
    new demodulator: 1411.
kept:      1412 mult(ld(x,e),mult(y,ld(x,y))) = mult(ld(x,y),ld(x,y)).  [para(338(a,1),1312(a,1,1)),rewrite([1327(4),1012(5),640(8)])].
kept:      1413 ld(rd(ld(x,e),mult(x,y)),y) = mult(mult(x,y),mult(x,y)).  [para(640(a,1),1312(a,1,2))].
    new demodulator: 1413.
kept:      1414 ld(rd(ld(x,e),y),ld(x,y)) = mult(y,y).  [para(664(a,2),1312(a,1,2))].
    new demodulator: 1414.
kept:      1415 mult(mult(x,y),mult(x,y)) = mult(x,mult(y,mult(x,y))).  [para(665(a,1),1312(a,1,1)),rewrite([663(5)]),flip(a)].
    new demodulator: 1415.
kept:      1416 mult(rd(x,ld(rd(x,y),e)),y) = mult(x,x).  [para(666(a,1),1312(a,1,2)),rewrite([877(5)])].
    new demodulator: 1416.
kept:      1417 ld(rd(x,mult(ld(x,e),y)),y) = mult(ld(x,e),mult(y,mult(ld(x,e),y))).  [para(677(a,1),1312(a,1,2)),rewrite([1415(12)])].
    new demodulator: 1417.
kept:      1418 mult(x,mult(ld(x,y),y)) = mult(y,y).  [para(720(a,1),1312(a,1,1)),rewrite([663(5)])].
    new demodulator: 1418.
kept:      1419 rd(mult(mult(x,y),rd(x,y)),mult(y,mult(y,rd(x,y)))) = rd(x,y).  [para(1312(a,1),352(a,1,2,1)),rewrite([161(6)])].
    new demodulator: 1419.
kept:      1420 ld(x,mult(mult(y,x),mult(ld(x,y),x))) = mult(ld(x,y),mult(y,x)).  [para(352(a,1),1312(a,1,1)),rewrite([1415(10),280(9)])].
    new demodulator: 1420.
kept:      1421 ld(ld(x,rd(y,mult(x,x))),ld(x,y)) = mult(x,x).  [para(612(a,1),1312(a,1,2)),rewrite([1061(3),1349(2)])].
    new demodulator: 1421.
kept:      1422 ld(rd(rd(x,y),mult(rd(y,x),z)),z) = mult(rd(y,x),mult(z,mult(rd(y,x),z))).  [para(876(a,1),1312(a,1,2)),rewrite([1415(10)])].
    new demodulator: 1422.
kept:      1423 ld(rd(rd(x,y),z),ld(rd(y,x),z)) = mult(z,z).  [para(877(a,2),1312(a,1,2))].
    new demodulator: 1423.
kept:      1424 ld(mult(rd(x,y),rd(mult(y,x),rd(y,x))),mult(x,x)) = rd(y,x).  [para(1312(a,1),1060(a,1,2)),rewrite([877(5)])].
    new demodulator: 1424.
kept:      1425 rd(mult(x,x),rd(y,x)) = mult(rd(x,y),rd(mult(y,x),rd(y,x))).  [para(1312(a,1),1061(a,1,1)),rewrite([877(8)])].
kept:      1426 ld(ld(x,rd(y,x)),mult(ld(x,y),x)) = mult(x,x).  [para(1061(a,1),1312(a,1,1))].
    new demodulator: 1426.
kept:      1427 mult(rd(mult(x,x),rd(y,x)),mult(y,x)) = mult(x,mult(x,mult(x,x))).  [para(1199(a,1),1312(a,1,2)),rewrite([877(5),161(8)])].
    new demodulator: 1427.
kept:      1428 ld(mult(rd(x,mult(y,mult(y,mult(y,y)))),y),rd(x,y)) = mult(y,y).  [para(1305(a,1),1312(a,1,2)),rewrite([1385(3)])].
    new demodulator: 1428.
    starting back demodulation with 1406.
    starting back demodulation with 1407.
    starting back demodulation with 1408.
    starting back demodulation with 1409.
    starting back demodulation with 1410.
    starting back demodulation with 1411.
        1411 back demodulating 1213.
kept:      1429 mult(x,mult(ld(x,y),mult(y,x))) = mult(mult(y,x),mult(ld(x,y),x)).  [back_rewrite(1213),rewrite([1415(5),280(4)])].
    new demodulator: 1429.
        1411 back demodulating 1035.
kept:      1430 mult(ld(mult(ld(x,y),x),e),mult(ld(mult(ld(x,y),x),e),ld(rd(mult(z,u),mult(mult(mult(ld(x,y),x),z),u)),mult(ld(x,y),mult(y,x))))) = mult(ld(x,mult(ld(y,e),mult(ld(y,e),ld(rd(mult(z,u),mult(mult(y,z),u)),mult(y,y))))),x).  [back_rewrite(1035),rewrite([1415(19),280(18)])].
    new demodulator: 1430.
        1411 back demodulating 1015.
kept:      1431 mult(ld(x,mult(ld(mult(ld(x,y),x),e),mult(ld(mult(ld(x,y),x),e),mult(ld(y,e),mult(ld(y,e),mult(ld(rd(mult(z,u),mult(mult(y,z),u)),mult(y,y)),mult(ld(x,y),mult(y,x)))))))),x) = mult(ld(x,mult(ld(y,e),mult(ld(y,e),ld(rd(mult(z,u),mult(mult(y,z),u)),mult(y,y))))),x).  [back_rewrite(1015),rewrite([1415(23),280(22)])].
    new demodulator: 1431.
        1411 back demodulating 1004.
kept:      1432 mult(ld(x,mult(ld(mult(ld(x,y),x),e),mult(ld(mult(ld(x,y),x),e),mult(y,mult(ld(x,y),mult(y,x)))))),x) = mult(ld(x,y),x).  [back_rewrite(1004),rewrite([1415(13),280(12)])].
    new demodulator: 1432.
    starting back demodulation with 1413.
    starting back demodulation with 1414.
    starting back demodulation with 1415.
        1415 back demodulating 1413.
kept:      1433 ld(rd(ld(x,e),mult(x,y)),y) = mult(x,mult(y,mult(x,y))).  [back_rewrite(1413),rewrite([1415(8)])].
    new demodulator: 1433.
        1415 back demodulating 1411.
        1415 back demodulating 1355.
kept:      1434 ld(mult(rd(x,mult(y,mult(z,mult(y,z)))),y),rd(x,mult(y,z))) != z | ld(rd(x,mult(y,z)),mult(mult(rd(x,mult(y,mult(z,mult(y,z)))),y),z)) = e.  [back_rewrite(1355),rewrite([1415(3),1415(14)])].
        1415 back demodulating 1351.
kept:      1435 ld(rd(x,mult(y,z)),mult(mult(rd(x,mult(y,mult(z,mult(y,z)))),y),z)) != e | ld(mult(rd(x,mult(y,mult(z,mult(y,z)))),y),rd(x,mult(y,z))) = z.  [back_rewrite(1351),rewrite([1415(5),1415(14)])].
        1415 back demodulating 1234.
        1415 back demodulating 1223.
        1415 back demodulating 1215.
kept:      1436 rd(mult(x,mult(y,y)),ld(mult(x,y),y)) = mult(x,mult(y,mult(x,y))).  [back_rewrite(1215),rewrite([1415(8)])].
    new demodulator: 1436.
        1415 back demodulating 1211.
kept:      1437 rd(mult(mult(x,y),mult(x,mult(y,y))),y) = mult(x,mult(y,mult(x,y))).  [back_rewrite(1211),rewrite([1415(8)])].
    new demodulator: 1437.
        1415 back demodulating 1207.
        1415 back demodulating 1205.
kept:      1438 ld(mult(mult(x,mult(y,z)),y),mult(x,mult(y,mult(z,mult(y,z))))) != z | ld(mult(x,mult(y,mult(z,mult(y,z)))),mult(mult(mult(x,mult(y,z)),y),z)) = e.  [back_rewrite(1205),rewrite([1415(6),1415(12)])].
        1415 back demodulating 1201.
kept:      1439 ld(mult(x,mult(y,mult(z,mult(y,z)))),mult(mult(mult(x,mult(y,z)),y),z)) != e | ld(mult(mult(x,mult(y,z)),y),mult(x,mult(y,mult(z,mult(y,z))))) = z.  [back_rewrite(1201),rewrite([1415(3),1415(17)])].
        1415 back demodulating 1046.
kept:      1440 mult(ld(mult(x,y),e),mult(ld(mult(x,y),e),ld(rd(mult(z,u),mult(mult(mult(x,y),z),u)),mult(x,mult(y,mult(x,y)))))) = mult(ld(y,mult(ld(mult(y,x),e),mult(ld(mult(y,x),e),ld(rd(mult(z,u),mult(mult(mult(y,x),z),u)),mult(y,mult(x,mult(y,x))))))),y).  [back_rewrite(1046),rewrite([1415(14),1415(31)])].
        1415 back demodulating 1034.
kept:      1441 mult(ld(mult(mult(x,y),ld(y,e)),e),mult(ld(mult(mult(x,y),ld(y,e)),e),ld(rd(mult(z,u),mult(mult(mult(mult(x,y),ld(y,e)),z),u)),mult(mult(x,y),mult(ld(y,e),mult(mult(x,y),ld(y,e))))))) = mult(ld(x,e),mult(ld(x,e),mult(mult(ld(rd(mult(z,u),mult(mult(x,z),u)),mult(x,x)),y),ld(y,e)))).  [back_rewrite(1034),rewrite([1415(29)])].
    new demodulator: 1441.
        1415 back demodulating 1033.
kept:      1442 mult(ld(mult(mult(x,ld(y,e)),y),e),mult(ld(mult(mult(x,ld(y,e)),y),e),ld(rd(mult(z,u),mult(mult(mult(mult(x,ld(y,e)),y),z),u)),mult(mult(x,ld(y,e)),mult(y,mult(mult(x,ld(y,e)),y)))))) = mult(ld(x,e),mult(ld(x,e),mult(mult(ld(rd(mult(z,u),mult(mult(x,z),u)),mult(x,x)),ld(y,e)),y))).  [back_rewrite(1033),rewrite([1415(29)])].
    new demodulator: 1442.
        1415 back demodulating 998.
        1415 back demodulating 560.
kept:      1443 rd(mult(mult(x,rd(y,x)),mult(x,y)),x) = mult(x,mult(y,rd(y,x))).  [back_rewrite(560),rewrite([1415(10),282(9)])].
    new demodulator: 1443.
        1415 back demodulating 540.
kept:      1444 rd(mult(x,mult(y,x)),ld(mult(x,y),x)) = mult(x,mult(y,mult(x,y))).  [back_rewrite(540),rewrite([1415(8)])].
    new demodulator: 1444.
        1415 back demodulating 342.
kept:      1445 rd(mult(mult(x,y),mult(x,mult(y,x))),x) = mult(x,mult(y,mult(x,y))).  [back_rewrite(342),rewrite([1415(8)])].
    new demodulator: 1445.
    starting back demodulation with 1416.
    starting back demodulation with 1417.
    starting back demodulation with 1418.
    starting back demodulation with 1419.
    starting back demodulation with 1420.
    starting back demodulation with 1421.
    starting back demodulation with 1422.
    starting back demodulation with 1423.
    starting back demodulation with 1424.
    starting back demodulation with 1426.
    starting back demodulation with 1427.
    starting back demodulation with 1428.
    starting back demodulation with 1429.
    starting back demodulation with 1430.
    starting back demodulation with 1431.
    starting back demodulation with 1432.
    starting back demodulation with 1433.
    starting back demodulation with 1436.
    starting back demodulation with 1437.
    starting back demodulation with 1441.
    starting back demodulation with 1442.
    starting back demodulation with 1443.
    starting back demodulation with 1444.
    starting back demodulation with 1445.

given #109 (T,wt=11): 1313 rd(mult(x,y),mult(y,y)) = rd(x,y).  [para(1199(a,1),11(a,1,1))].
kept:      1446 rd(x,ld(x,y)) = rd(y,mult(ld(x,y),ld(x,y))).  [para(10(a,1),1313(a,1,1)),flip(a)].
kept:      1447 rd(mult(x,mult(x,mult(y,z))),mult(z,z)) = rd(mult(x,mult(x,y)),z).  [para(46(a,1),1313(a,1,1))].
    new demodulator: 1447.
kept:      1448 rd(mult(x,mult(y,mult(y,z))),mult(y,mult(y,mult(z,mult(y,mult(y,z)))))) = rd(x,mult(y,mult(y,z))).  [para(46(a,1),1313(a,1,2))].
    new demodulator: 1448.
kept:      1449 rd(mult(x,mult(x,y)),mult(y,y)) = rd(mult(x,x),y).  [para(161(a,1),1313(a,1,1))].
    new demodulator: 1449.
kept:      1450 rd(mult(x,mult(y,y)),mult(y,mult(y,mult(y,y)))) = rd(x,mult(y,y)).  [para(161(a,1),1313(a,1,2))].
    new demodulator: 1450.
kept:      1451 rd(mult(x,mult(y,x)),mult(x,x)) = mult(x,rd(y,x)).  [para(162(a,1),1313(a,1,1)),rewrite([516(6)])].
    new demodulator: 1451.
kept:      1452 rd(mult(x,mult(y,ld(x,y))),mult(ld(x,y),ld(x,y))) = mult(x,x).  [para(338(a,1),1313(a,2)),rewrite([1327(3)])].
    new demodulator: 1452.
kept:      1453 rd(ld(x,e),mult(x,y)) = rd(y,mult(x,mult(y,mult(x,y)))).  [para(640(a,1),1313(a,1,1)),rewrite([1415(3)]),flip(a)].
kept:      1454 rd(ld(x,e),y) = rd(ld(x,y),mult(y,y)).  [para(664(a,2),1313(a,1,1)),flip(a)].
kept:      1455 rd(ld(rd(x,y),e),x) = rd(y,mult(x,x)).  [para(666(a,1),1313(a,1,1)),flip(a)].
    new demodulator: 1455.
kept:      1456 rd(x,mult(ld(y,e),mult(x,mult(ld(y,e),x)))) = rd(y,mult(ld(y,e),x)).  [para(677(a,1),1313(a,1,1)),rewrite([1415(7)])].
kept:      1457 rd(x,y) = ld(rd(mult(y,y),mult(x,y)),e).  [para(1313(a,1),800(a,1))].
kept:      1458 mult(rd(x,y),rd(mult(y,y),mult(x,y))) = e.  [para(1313(a,1),867(a,1,1))].
    new demodulator: 1458.
kept:      1459 mult(rd(mult(x,x),mult(y,x)),rd(y,x)) = e.  [para(1313(a,1),867(a,1,2))].
    new demodulator: 1459.
kept:      1460 rd(mult(mult(x,y),mult(ld(y,x),y)),mult(ld(y,x),mult(x,y))) = y.  [para(352(a,1),1313(a,2)),rewrite([1415(9),280(8)])].
    new demodulator: 1460.
kept:      1461 rd(ld(x,y),mult(x,x)) = ld(x,rd(y,mult(x,x))).  [para(612(a,1),1313(a,1,1)),rewrite([1061(6),1349(5)])].
    new demodulator: 1461.
kept:      1462 mult(rd(x,y),mult(rd(mult(y,y),mult(x,y)),z)) = z.  [para(1313(a,1),876(a,1,1))].
    new demodulator: 1462.
kept:      1463 mult(rd(mult(x,x),mult(y,x)),mult(rd(y,x),z)) = z.  [para(1313(a,1),876(a,1,2,1))].
    new demodulator: 1463.
kept:      1464 rd(rd(x,y),mult(rd(y,x),z)) = rd(z,mult(rd(y,x),mult(z,mult(rd(y,x),z)))).  [para(876(a,1),1313(a,1,1)),rewrite([1415(5)]),flip(a)].
kept:      1465 ld(rd(x,y),z) = mult(rd(mult(y,y),mult(x,y)),z).  [para(1313(a,1),877(a,1,1))].
kept:      1466 ld(rd(mult(x,x),mult(y,x)),z) = mult(rd(y,x),z).  [para(1313(a,1),877(a,2,1))].
kept:      1467 rd(rd(x,y),z) = rd(ld(rd(y,x),z),mult(z,z)).  [para(877(a,2),1313(a,1,1)),flip(a)].
kept:      1468 rd(rd(x,y),mult(y,y)) = rd(mult(x,y),mult(y,mult(y,mult(y,y)))).  [para(1199(a,1),1313(a,1,1)),rewrite([161(4)]),flip(a)].
    new demodulator: 1468.
kept:      1469 rd(mult(x,y),mult(y,mult(y,mult(y,y)))) = mult(rd(x,mult(y,mult(y,mult(y,y)))),y).  [para(1305(a,1),1313(a,1,1)),rewrite([1468(3),1385(8)])].
    new demodulator: 1469.
kept:      1470 ld(rd(x,y),mult(mult(x,y),mult(y,y))) = mult(y,mult(y,mult(y,y))).  [para(1313(a,1),1312(a,1,1)),rewrite([161(8)])].
    new demodulator: 1470.
    starting back demodulation with 1447.
    starting back demodulation with 1448.
    starting back demodulation with 1449.
    starting back demodulation with 1450.
    starting back demodulation with 1451.
    starting back demodulation with 1452.
    starting back demodulation with 1455.
    starting back demodulation with 1458.
    starting back demodulation with 1459.
    starting back demodulation with 1460.
    starting back demodulation with 1461.
    starting back demodulation with 1462.
    starting back demodulation with 1463.
    starting back demodulation with 1468.
    starting back demodulation with 1469.
        1469 back demodulating 1468.
kept:      1471 rd(rd(x,y),mult(y,y)) = mult(rd(x,mult(y,mult(y,mult(y,y)))),y).  [back_rewrite(1468),rewrite([1469(8)])].
    new demodulator: 1471.
    starting back demodulation with 1470.
    starting back demodulation with 1471.

given #110 (T,wt=11): 1340 mult(rd(x,y),mult(y,x)) = mult(x,x).  [para(1199(a,1),876(a,1,2))].
kept:      1472 mult(ld(x,rd(y,x)),y) = mult(ld(x,y),ld(x,y)).  [para(10(a,1),1340(a,1,2)),rewrite([1061(2)])].
    new demodulator: 1472.
kept:      1473 rd(mult(x,x),mult(y,x)) = rd(x,y).  [para(1340(a,1),11(a,1,1))].
    new demodulator: 1473.
kept:      1474 mult(rd(x,rd(y,x)),y) = mult(x,x).  [para(12(a,1),1340(a,1,2))].
    new demodulator: 1474.
kept:      1475 ld(mult(x,mult(y,y)),mult(mult(x,rd(y,z)),mult(z,y))) != e | ld(mult(x,rd(y,z)),mult(x,mult(y,y))) = mult(z,y).  [para(1340(a,1),24(a,1,1,2)),rewrite([1340(14)])].
kept:      1476 ld(mult(rd(x,y),mult(mult(y,x),z)),mult(x,mult(x,z))) != e | mult(ld(x,e),mult(ld(x,e),mult(rd(x,y),mult(mult(y,x),z)))) = z.  [para(1340(a,1),24(a,1,2,1)),rewrite([161(6),1340(12),1012(15)])].
kept:      1477 mult(ld(x,e),mult(ld(x,e),mult(rd(x,y),mult(mult(y,x),z)))) != z | ld(mult(rd(x,y),mult(mult(y,x),z)),mult(x,mult(x,z))) = e.  [para(1340(a,1),26(a,1,1)),rewrite([1012(6),1340(18),161(17)])].
kept:      1478 ld(mult(x,rd(y,z)),mult(x,mult(y,y))) != mult(z,y) | ld(mult(x,mult(y,y)),mult(mult(x,rd(y,z)),mult(z,y))) = e.  [para(1340(a,1),26(a,1,2,2)),rewrite([1340(10)])].
kept:      1479 mult(mult(rd(x,y),mult(x,x)),z) = mult(rd(x,y),mult(rd(x,y),mult(mult(y,x),z))).  [para(1340(a,1),46(a,1,1,2))].
    new demodulator: 1479.
kept:      1480 mult(rd(x,mult(y,mult(y,z))),mult(y,mult(y,mult(z,x)))) = mult(x,x).  [para(46(a,1),1340(a,1,2))].
    new demodulator: 1480.
kept:      1481 mult(rd(x,mult(y,y)),mult(y,mult(y,x))) = mult(x,x).  [para(161(a,1),1340(a,1,2))].
    new demodulator: 1481.
kept:      1482 mult(rd(x,y),mult(mult(y,x),rd(x,y))) = mult(x,mult(x,rd(x,y))).  [para(1340(a,1),162(a,1,1)),rewrite([161(3)]),flip(a)].
    new demodulator: 1482.
kept:      1483 mult(rd(x,mult(x,y)),mult(x,mult(y,x))) = mult(x,x).  [para(162(a,1),1340(a,1,2))].
    new demodulator: 1483.
kept:      1484 mult(ld(x,e),mult(ld(x,e),mult(mult(rd(x,y),z),ld(z,mult(y,x))))) != e | ld(mult(rd(x,y),z),mult(x,x)) = ld(z,mult(y,x)).  [para(1340(a,1),55(a,1,1)),rewrite([1012(7),1340(18)])].
kept:      1485 ld(mult(rd(x,y),z),mult(x,mult(x,ld(mult(y,x),z)))) != e | ld(mult(y,x),z) = mult(ld(x,e),mult(ld(x,e),mult(rd(x,y),z))).  [para(1340(a,1),55(a,1,2,1)),rewrite([161(6),1340(12),1012(13)]),flip(b)].
kept:      1486 rd(mult(rd(x,y),mult(x,x)),mult(y,x)) = mult(rd(x,y),rd(x,y)).  [para(1340(a,1),253(a,1,1,2))].
    new demodulator: 1486.
kept:      1487 ld(mult(mult(x,y),rd(y,x)),mult(mult(x,y),mult(y,y))) = mult(x,y).  [para(1340(a,1),279(a,1,2,2))].
    new demodulator: 1487.
kept:      1488 ld(mult(x,mult(ld(x,rd(y,z)),mult(z,y))),mult(y,y)) != e | ld(rd(y,z),mult(x,mult(ld(x,rd(y,z)),mult(z,y)))) = mult(z,y).  [para(1340(a,1),56(a,1,2))].
kept:      1489 rd(mult(x,x),ld(rd(x,y),mult(y,x))) = mult(rd(x,y),rd(x,y)).  [para(1340(a,1),338(a,1,1))].
    new demodulator: 1489.
kept:      1490 ld(mult(rd(x,y),mult(mult(y,x),mult(ld(x,e),mult(ld(x,e),z)))),z) != e | mult(ld(x,e),mult(ld(x,e),mult(rd(x,y),mult(mult(y,x),mult(ld(x,e),mult(ld(x,e),z)))))) = mult(ld(x,e),mult(ld(x,e),z)).  [para(1340(a,1),57(a,1,1,2,2,1)),rewrite([1012(4),1340(16),1340(19),1012(18),1012(25),1340(32),1012(31)])].
kept:      1491 ld(mult(rd(x,y),rd(mult(y,x),rd(x,y))),mult(x,x)) = rd(x,y).  [para(1340(a,1),343(a,1,2))].
    new demodulator: 1491.
kept:      1492 mult(ld(x,e),mult(ld(x,e),mult(mult(rd(x,y),rd(mult(y,x),z)),z))) != e | ld(mult(rd(x,y),rd(mult(y,x),z)),mult(x,x)) = z.  [para(1340(a,1),58(a,1,1)),rewrite([1012(7),1340(20)])].
kept:      1493 mult(ld(mult(x,y),rd(y,x)),mult(x,y)) = ld(mult(x,y),mult(y,y)).  [para(1340(a,1),351(a,1,2)),flip(a)].
    new demodulator: 1493.
kept:      1494 ld(x,mult(mult(rd(x,mult(y,y)),rd(y,z)),mult(z,y))) != e | ld(mult(rd(x,mult(y,y)),rd(y,z)),x) = mult(z,y).  [para(1340(a,1),59(a,1,2,1,1,2)),rewrite([1340(12)])].
kept:      1495 mult(mult(x,rd(y,ld(x,e))),y) = mult(x,mult(y,mult(x,y))).  [para(640(a,1),1340(a,1,2)),rewrite([1255(4),1415(8)])].
    new demodulator: 1495.
kept:      1496 ld(mult(rd(x,rd(y,z)),mult(y,y)),mult(x,mult(z,y))) != e | ld(x,mult(rd(x,rd(y,z)),mult(y,y))) = mult(z,y).  [para(1340(a,1),60(a,1,1,2)),rewrite([1340(14)])].
kept:      1497 ld(mult(rd(rd(x,y),z),mult(z,mult(y,x))),mult(x,x)) != e | mult(rd(y,x),mult(rd(rd(x,y),z),mult(z,mult(y,x)))) = mult(y,x).  [para(1340(a,1),60(a,1,2)),rewrite([877(16)])].
kept:      1498 mult(rd(x,ld(y,e)),ld(y,x)) = mult(x,x).  [para(664(a,2),1340(a,1,2))].
    new demodulator: 1498.
kept:      1499 mult(ld(x,e),mult(y,mult(ld(x,e),y))) = mult(ld(x,y),ld(x,y)).  [para(677(a,1),1340(a,1,2)),rewrite([1256(4),1472(3),1415(10)]),flip(a)].
kept:      1500 mult(x,mult(mult(ld(x,y),x),mult(y,x))) = mult(y,mult(x,mult(y,x))).  [para(352(a,1),1340(a,1,1)),rewrite([1415(8)])].
    new demodulator: 1500.
kept:      1501 ld(mult(x,y),z) != mult(ld(y,e),mult(ld(y,e),mult(rd(y,x),z))) | ld(mult(rd(y,x),z),mult(y,mult(y,ld(mult(x,y),z)))) = e.  [para(1340(a,1),62(a,1,1)),rewrite([1012(4),1340(16),161(17)]),flip(a)].
kept:      1502 ld(mult(rd(x,y),z),mult(x,x)) != ld(z,mult(y,x)) | mult(ld(x,e),mult(ld(x,e),mult(mult(rd(x,y),z),ld(z,mult(y,x))))) = e.  [para(1340(a,1),62(a,1,2)),rewrite([1340(10),1012(14)])].
kept:      1503 rd(mult(x,x),rd(x,y)) = mult(rd(x,y),rd(mult(y,x),rd(x,y))).  [para(1340(a,1),516(a,1,1))].
kept:      1504 mult(mult(x,rd(y,x)),mult(x,mult(x,y))) = mult(x,mult(y,mult(x,y))).  [para(516(a,1),1340(a,1,1)),rewrite([1415(8)])].
    new demodulator: 1504.
kept:      1505 mult(rd(x,ld(x,rd(y,x))),ld(x,y)) = mult(x,x).  [para(612(a,1),1340(a,1,2))].
    new demodulator: 1505.
kept:      1506 mult(rd(x,y),mult(z,mult(rd(x,y),z))) = mult(ld(rd(y,x),z),ld(rd(y,x),z)).  [para(876(a,1),1340(a,1,2)),rewrite([1265(4),1472(5),1415(10)]),flip(a)].
kept:      1507 ld(x,mult(rd(x,rd(y,z)),mult(y,y))) != mult(z,y) | ld(mult(rd(x,rd(y,z)),mult(y,y)),mult(x,mult(z,y))) = e.  [para(1340(a,1),63(a,1,2,2)),rewrite([1340(12)])].
kept:      1508 mult(rd(x,rd(y,z)),ld(rd(z,y),x)) = mult(x,x).  [para(877(a,2),1340(a,1,2))].
    new demodulator: 1508.
kept:      1509 mult(rd(x,y),mult(y,mult(x,mult(y,x)))) = mult(x,mult(x,mult(y,x))).  [para(1340(a,1),973(a,1,1)),rewrite([161(3),1415(7)]),flip(a)].
    new demodulator: 1509.
kept:      1510 ld(mult(rd(x,y),rd(mult(y,x),z)),mult(x,x)) != z | mult(ld(x,e),mult(ld(x,e),mult(mult(rd(x,y),rd(mult(y,x),z)),z))) = e.  [para(1340(a,1),64(a,1,2)),rewrite([1340(10),1012(14)])].
kept:      1511 mult(mult(x,y),mult(y,mult(x,mult(y,y)))) = mult(x,mult(y,mult(y,mult(x,mult(y,y))))).  [para(1198(a,1),1340(a,1,1)),rewrite([1415(10),161(9)])].
    new demodulator: 1511.
kept:      1512 ld(rd(mult(x,y),rd(y,x)),mult(x,mult(y,mult(x,y)))) = mult(y,y).  [para(1340(a,1),1199(a,2)),rewrite([1415(6),877(7,R)])].
    new demodulator: 1512.
kept:      1513 mult(rd(x,rd(y,mult(x,x))),rd(y,x)) = mult(x,x).  [para(1305(a,1),1340(a,1,2))].
    new demodulator: 1513.
kept:      1514 ld(mult(rd(x,mult(y,y)),rd(y,z)),x) != mult(z,y) | ld(x,mult(mult(rd(x,mult(y,y)),rd(y,z)),mult(z,y))) = e.  [para(1340(a,1),65(a,1,1,1,2)),rewrite([1340(10)])].
kept:      1515 mult(rd(mult(x,y),rd(y,x)),mult(y,y)) = mult(x,mult(y,mult(x,y))).  [para(1340(a,1),1312(a,1,2)),rewrite([877(5),1415(8)])].
    new demodulator: 1515.
kept:      1516 rd(rd(x,y),mult(y,x)) = rd(mult(x,x),mult(y,mult(x,mult(y,x)))).  [para(1340(a,1),1313(a,1,1)),rewrite([1415(4)]),flip(a)].
    new demodulator: 1516.
kept:      1517 mult(rd(x,y),mult(y,mult(y,mult(x,y)))) = mult(x,mult(y,mult(x,y))).  [para(1313(a,1),1340(a,1,1)),rewrite([161(4),1415(8)])].
    new demodulator: 1517.
    starting back demodulation with 1472.
    starting back demodulation with 1473.
        1473 back demodulating 1466.
        1473 back demodulating 1465.
        1473 back demodulating 1463.
        1473 back demodulating 1462.
        1473 back demodulating 1459.
        1473 back demodulating 1458.
        1473 back demodulating 1457.
        1473 back demodulating 1335.
    starting back demodulation with 1474.
    starting back demodulation with 1479.
    starting back demodulation with 1480.
    starting back demodulation with 1481.
    starting back demodulation with 1482.
    starting back demodulation with 1483.
    starting back demodulation with 1486.
    starting back demodulation with 1487.
    starting back demodulation with 1489.
    starting back demodulation with 1491.
    starting back demodulation with 1493.
    starting back demodulation with 1495.
    starting back demodulation with 1498.
    starting back demodulation with 1500.
    starting back demodulation with 1504.
    starting back demodulation with 1505.
    starting back demodulation with 1508.
    starting back demodulation with 1509.
    starting back demodulation with 1511.
    starting back demodulation with 1512.
    starting back demodulation with 1513.
    starting back demodulation with 1515.
    starting back demodulation with 1516.
    starting back demodulation with 1517.

given #111 (T,wt=11): 1342 ld(rd(x,y),mult(x,x)) = mult(y,x).  [para(1199(a,1),877(a,2))].
kept:      1518 ld(ld(x,rd(y,x)),mult(ld(x,y),ld(x,y))) = y.  [para(10(a,1),1342(a,2)),rewrite([1061(2)])].
    new demodulator: 1518.
kept:      1519 ld(rd(mult(x,mult(x,y)),z),mult(x,mult(x,mult(y,mult(x,mult(x,y)))))) = mult(z,mult(x,mult(x,y))).  [para(46(a,1),1342(a,1,2))].
    new demodulator: 1519.
kept:      1520 ld(x,mult(y,y)) = mult(ld(x,y),y).  [para(53(a,1),1342(a,1,1))].
    new demodulator: 1520.
kept:      1521 ld(rd(mult(x,x),y),mult(x,mult(x,mult(x,x)))) = mult(y,mult(x,x)).  [para(161(a,1),1342(a,1,2))].
    new demodulator: 1521.
kept:      1522 mult(ld(x,e),mult(y,mult(x,y))) = mult(ld(x,y),mult(x,y)).  [para(338(a,1),1342(a,1,1)),rewrite([1415(4),1012(5),640(8)])].
kept:      1523 ld(mult(x,rd(y,ld(x,e))),mult(x,mult(y,mult(x,y)))) = y.  [para(640(a,1),1342(a,2)),rewrite([1255(4),1415(7)])].
    new demodulator: 1523.
kept:      1524 ld(ld(x,rd(y,x)),mult(ld(x,e),mult(y,mult(ld(x,e),y)))) = y.  [para(677(a,1),1342(a,2)),rewrite([1256(4),1415(9)])].
    new demodulator: 1524.
kept:      1525 rd(mult(x,mult(x,rd(x,y))),mult(mult(y,x),rd(x,y))) = rd(x,y).  [para(1342(a,1),352(a,1,2,1)),rewrite([161(3)])].
    new demodulator: 1525.
kept:      1526 ld(x,mult(y,mult(x,mult(y,x)))) = mult(mult(ld(x,y),x),mult(y,x)).  [para(352(a,1),1342(a,1,1)),rewrite([1415(3)])].
    new demodulator: 1526.
kept:      1527 ld(mult(x,rd(y,x)),mult(x,mult(y,mult(x,y)))) = mult(x,mult(x,y)).  [para(516(a,1),1342(a,1,1)),rewrite([1415(5)])].
    new demodulator: 1527.
kept:      1528 ld(ld(rd(x,y),rd(z,rd(x,y))),mult(rd(y,x),mult(z,mult(rd(y,x),z)))) = z.  [para(876(a,1),1342(a,2)),rewrite([1265(4),1415(9)])].
    new demodulator: 1528.
kept:      1529 ld(ld(rd(x,y),rd(mult(x,x),rd(x,y))),mult(y,x)) = rd(x,y).  [para(1342(a,1),1060(a,1,2))].
    new demodulator: 1529.
kept:      1530 rd(mult(x,y),rd(y,x)) = ld(rd(y,x),rd(mult(y,y),rd(y,x))).  [para(1342(a,1),1061(a,1,1))].
kept:      1531 ld(mult(x,y),mult(x,mult(y,mult(y,mult(x,mult(y,y)))))) = mult(y,mult(x,mult(y,y))).  [para(1198(a,1),1342(a,1,1)),rewrite([1415(6),161(5)])].
    new demodulator: 1531.
kept:      1532 ld(rd(x,y),mult(x,mult(y,mult(x,y)))) = mult(y,mult(y,mult(x,y))).  [para(1313(a,1),1342(a,1,1)),rewrite([1415(4),161(8)])].
    new demodulator: 1532.
    starting back demodulation with 1518.
    starting back demodulation with 1519.
    starting back demodulation with 1520.
        1520 back demodulating 1518.
        1520 back demodulating 1510.
kept:      1533 mult(ld(mult(rd(x,y),rd(mult(y,x),z)),x),x) != z | mult(ld(x,e),mult(ld(x,e),mult(mult(rd(x,y),rd(mult(y,x),z)),z))) = e.  [back_rewrite(1510),rewrite([1520(6)])].
        1520 back demodulating 1502.
kept:      1534 mult(ld(mult(rd(x,y),z),x),x) != ld(z,mult(y,x)) | mult(ld(x,e),mult(ld(x,e),mult(mult(rd(x,y),z),ld(z,mult(y,x))))) = e.  [back_rewrite(1502),rewrite([1520(4)])].
        1520 back demodulating 1497.
kept:      1535 mult(ld(mult(rd(rd(x,y),z),mult(z,mult(y,x))),x),x) != e | mult(rd(y,x),mult(rd(rd(x,y),z),mult(z,mult(y,x)))) = mult(y,x).  [back_rewrite(1497),rewrite([1520(7)])].
        1520 back demodulating 1493.
kept:      1536 mult(ld(mult(x,y),rd(y,x)),mult(x,y)) = mult(ld(mult(x,y),y),y).  [back_rewrite(1493),rewrite([1520(8)])].
    new demodulator: 1536.
        1520 back demodulating 1492.
kept:      1537 mult(ld(x,e),mult(ld(x,e),mult(mult(rd(x,y),rd(mult(y,x),z)),z))) != e | mult(ld(mult(rd(x,y),rd(mult(y,x),z)),x),x) = z.  [back_rewrite(1492),rewrite([1520(19)])].
        1520 back demodulating 1491.
kept:      1538 mult(ld(mult(rd(x,y),rd(mult(y,x),rd(x,y))),x),x) = rd(x,y).  [back_rewrite(1491),rewrite([1520(7)])].
    new demodulator: 1538.
        1520 back demodulating 1488.
kept:      1539 mult(ld(mult(x,mult(ld(x,rd(y,z)),mult(z,y))),y),y) != e | ld(rd(y,z),mult(x,mult(ld(x,rd(y,z)),mult(z,y)))) = mult(z,y).  [back_rewrite(1488),rewrite([1520(7)])].
        1520 back demodulating 1484.
kept:      1540 mult(ld(x,e),mult(ld(x,e),mult(mult(rd(x,y),z),ld(z,mult(y,x))))) != e | mult(ld(mult(rd(x,y),z),x),x) = ld(z,mult(y,x)).  [back_rewrite(1484),rewrite([1520(17)])].
        1520 back demodulating 1442.
kept:      1541 mult(ld(mult(mult(x,ld(y,e)),y),e),mult(ld(mult(mult(x,ld(y,e)),y),e),ld(rd(mult(z,u),mult(mult(mult(mult(x,ld(y,e)),y),z),u)),mult(mult(x,ld(y,e)),mult(y,mult(mult(x,ld(y,e)),y)))))) = mult(ld(x,e),mult(ld(x,e),mult(mult(mult(ld(rd(mult(z,u),mult(mult(x,z),u)),x),x),ld(y,e)),y))).  [back_rewrite(1442),rewrite([1520(42)])].
    new demodulator: 1541.
        1520 back demodulating 1441.
kept:      1542 mult(ld(mult(mult(x,y),ld(y,e)),e),mult(ld(mult(mult(x,y),ld(y,e)),e),ld(rd(mult(z,u),mult(mult(mult(mult(x,y),ld(y,e)),z),u)),mult(mult(x,y),mult(ld(y,e),mult(mult(x,y),ld(y,e))))))) = mult(ld(x,e),mult(ld(x,e),mult(mult(mult(ld(rd(mult(z,u),mult(mult(x,z),u)),x),x),y),ld(y,e)))).  [back_rewrite(1441),rewrite([1520(42)])].
    new demodulator: 1542.
        1520 back demodulating 1431.
kept:      1543 mult(ld(x,mult(ld(mult(ld(x,y),x),e),mult(ld(mult(ld(x,y),x),e),mult(ld(y,e),mult(ld(y,e),mult(mult(ld(rd(mult(z,u),mult(mult(y,z),u)),y),y),mult(ld(x,y),mult(y,x)))))))),x) = mult(ld(x,mult(ld(y,e),mult(ld(y,e),mult(ld(rd(mult(z,u),mult(mult(y,z),u)),y),y)))),x).  [back_rewrite(1431),rewrite([1520(18),1520(38)])].
    new demodulator: 1543.
        1520 back demodulating 1430.
kept:      1544 mult(ld(mult(ld(x,y),x),e),mult(ld(mult(ld(x,y),x),e),ld(rd(mult(z,u),mult(mult(mult(ld(x,y),x),z),u)),mult(ld(x,y),mult(y,x))))) = mult(ld(x,mult(ld(y,e),mult(ld(y,e),mult(ld(rd(mult(z,u),mult(mult(y,z),u)),y),y)))),x).  [back_rewrite(1430),rewrite([1520(30)])].
    new demodulator: 1544.
        1520 back demodulating 1424.
kept:      1545 mult(ld(mult(rd(x,y),rd(mult(y,x),rd(y,x))),x),x) = rd(y,x).  [back_rewrite(1424),rewrite([1520(7)])].
    new demodulator: 1545.
        1520 back demodulating 1346.
kept:      1546 mult(ld(mult(x,rd(x,y)),x),x) = y.  [back_rewrite(1346),rewrite([1520(4)])].
    new demodulator: 1546.
        1520 back demodulating 1342.
        1520 back demodulating 1338.
kept:      1547 ld(mult(rd(x,y),z),mult(x,y)) != mult(ld(z,y),y) | ld(mult(x,y),mult(mult(rd(x,y),z),mult(ld(z,y),y))) = e.  [back_rewrite(1338),rewrite([1520(6),1520(12)])].
        1520 back demodulating 1326.
kept:      1548 rd(mult(x,y),mult(ld(rd(x,y),y),y)) = mult(rd(x,y),rd(x,y)).  [back_rewrite(1326),rewrite([1520(4)])].
    new demodulator: 1548.
        1520 back demodulating 1322.
kept:      1549 ld(mult(x,y),mult(mult(rd(x,y),z),mult(ld(z,y),y))) != e | ld(mult(rd(x,y),z),mult(x,y)) = mult(ld(z,y),y).  [back_rewrite(1322),rewrite([1520(5),1520(15)])].
        1520 back demodulating 1309.
        1520 back demodulating 1300.
kept:      1550 ld(mult(rd(x,y),z),mult(ld(rd(y,x),z),z)) = z.  [back_rewrite(1300),rewrite([1520(5)])].
    new demodulator: 1550.
        1520 back demodulating 1241.
kept:      1551 mult(ld(mult(x,mult(x,x)),x),x) = ld(x,e).  [back_rewrite(1241),rewrite([1520(4)])].
    new demodulator: 1551.
        1520 back demodulating 1240.
kept:      1552 ld(mult(ld(ld(x,y),x),x),ld(ld(x,y),mult(x,y))) = ld(x,y).  [back_rewrite(1240),rewrite([1520(3)])].
    new demodulator: 1552.
        1520 back demodulating 1075.
kept:      1553 ld(ld(x,y),mult(x,y)) = mult(mult(ld(ld(x,y),x),x),ld(x,y)).  [back_rewrite(1075),rewrite([1520(6)])].
    new demodulator: 1553.
        1520 back demodulating 1059.
kept:      1554 r(x,y,z) = mult(ld(x,e),mult(ld(x,e),mult(ld(rd(mult(y,z),mult(mult(x,y),z)),x),x))).  [back_rewrite(1059),rewrite([1520(11)])].
    new demodulator: 1554.
        1520 back demodulating 1058.
kept:      1555 mult(ld(ld(x,mult(y,mult(ld(y,x),z))),e),mult(ld(ld(x,mult(y,mult(ld(y,x),z))),e),mult(ld(rd(mult(u,w),mult(mult(ld(x,mult(y,mult(ld(y,x),z))),u),w)),ld(x,mult(y,mult(ld(y,x),z)))),ld(x,mult(y,mult(ld(y,x),z)))))) = ld(x,mult(y,mult(ld(y,x),mult(ld(z,e),mult(ld(z,e),mult(ld(rd(mult(u,w),mult(mult(z,u),w)),z),z)))))).  [back_rewrite(1058),rewrite([1520(30),1520(43)])].
    new demodulator: 1555.
        1520 back demodulating 1057.
kept:      1556 mult(ld(ld(mult(x,y),mult(x,z)),e),mult(ld(ld(mult(x,y),mult(x,z)),e),mult(ld(rd(mult(u,w),mult(mult(ld(mult(x,y),mult(x,z)),u),w)),ld(mult(x,y),mult(x,z))),ld(mult(x,y),mult(x,z))))) = ld(mult(x,y),mult(x,mult(y,mult(ld(ld(y,z),e),mult(ld(ld(y,z),e),mult(ld(rd(mult(u,w),mult(mult(ld(y,z),u),w)),ld(y,z)),ld(y,z))))))).  [back_rewrite(1057),rewrite([1520(25),1520(43)])].
    new demodulator: 1556.
        1520 back demodulating 1056.
kept:      1557 ld(mult(x,y),mult(x,mult(y,mult(ld(z,e),mult(ld(z,e),mult(ld(rd(mult(ld(ld(mult(x,y),mult(x,mult(y,z))),u),w),mult(mult(z,ld(ld(mult(x,y),mult(x,mult(y,z))),u)),w)),z),z)))))) = rd(mult(u,w),mult(ld(ld(mult(x,y),mult(x,mult(y,z))),u),w)).  [back_rewrite(1056),rewrite([1520(21)])].
    new demodulator: 1557.
        1520 back demodulating 1055.
kept:      1558 ld(mult(x,y),mult(x,mult(y,mult(ld(z,e),mult(ld(z,e),mult(ld(rd(mult(u,ld(mult(ld(mult(x,y),mult(x,mult(y,z))),u),w)),mult(mult(z,u),ld(mult(ld(mult(x,y),mult(x,mult(y,z))),u),w))),z),z)))))) = rd(w,mult(u,ld(mult(ld(mult(x,y),mult(x,mult(y,z))),u),w))).  [back_rewrite(1055),rewrite([1520(23)])].
    new demodulator: 1558.
        1520 back demodulating 1054.
kept:      1559 mult(ld(mult(x,y),mult(x,mult(y,mult(ld(z,e),mult(ld(z,e),mult(ld(rd(mult(u,w),mult(mult(z,u),w)),z),z)))))),mult(u,w)) = mult(mult(ld(mult(x,y),mult(x,mult(y,z))),u),w).  [back_rewrite(1054),rewrite([1520(11)])].
    new demodulator: 1559.
        1520 back demodulating 1053.
kept:      1560 mult(ld(ld(x,mult(rd(x,y),mult(y,z))),e),mult(ld(ld(x,mult(rd(x,y),mult(y,z))),e),mult(ld(rd(mult(u,w),mult(mult(ld(x,mult(rd(x,y),mult(y,z))),u),w)),ld(x,mult(rd(x,y),mult(y,z)))),ld(x,mult(rd(x,y),mult(y,z)))))) = ld(x,mult(rd(x,y),mult(y,mult(ld(z,e),mult(ld(z,e),mult(ld(rd(mult(u,w),mult(mult(z,u),w)),z),z)))))).  [back_rewrite(1053),rewrite([1520(30),1520(43)])].
    new demodulator: 1560.
        1520 back demodulating 1052.
kept:      1561 mult(ld(ld(mult(rd(x,mult(y,z)),y),x),e),mult(ld(ld(mult(rd(x,mult(y,z)),y),x),e),mult(ld(rd(mult(u,w),mult(mult(ld(mult(rd(x,mult(y,z)),y),x),u),w)),ld(mult(rd(x,mult(y,z)),y),x)),ld(mult(rd(x,mult(y,z)),y),x)))) = ld(mult(rd(x,mult(y,z)),y),mult(rd(x,mult(y,z)),mult(y,mult(ld(z,e),mult(ld(z,e),mult(ld(rd(mult(u,w),mult(mult(z,u),w)),z),z)))))).  [back_rewrite(1052),rewrite([1520(30),1520(47)])].
    new demodulator: 1561.
        1520 back demodulating 1051.
kept:      1562 rd(mult(ld(x,e),mult(ld(x,e),mult(mult(mult(ld(rd(mult(y,z),mult(mult(x,y),z)),x),x),u),ld(u,w)))),w) = mult(rd(w,mult(mult(x,u),ld(u,w))),mult(rd(w,mult(mult(x,u),ld(u,w))),mult(ld(rd(mult(y,z),mult(mult(rd(mult(mult(x,u),ld(u,w)),w),y),z)),rd(mult(mult(x,u),ld(u,w)),w)),rd(mult(mult(x,u),ld(u,w)),w)))).  [back_rewrite(1051),rewrite([1520(10),1520(42)])].
    new demodulator: 1562.
        1520 back demodulating 1050.
kept:      1563 rd(mult(ld(x,e),mult(ld(x,e),mult(mult(mult(ld(rd(mult(y,z),mult(mult(x,y),z)),x),x),rd(u,w)),w))),u) = mult(rd(u,mult(mult(x,rd(u,w)),w)),mult(rd(u,mult(mult(x,rd(u,w)),w)),mult(ld(rd(mult(y,z),mult(mult(rd(mult(mult(x,rd(u,w)),w),u),y),z)),rd(mult(mult(x,rd(u,w)),w),u)),rd(mult(mult(x,rd(u,w)),w),u)))).  [back_rewrite(1050),rewrite([1520(10),1520(42)])].
    new demodulator: 1563.
        1520 back demodulating 1049.
kept:      1564 mult(ld(x,mult(ld(y,e),mult(ld(y,e),mult(ld(rd(mult(mult(ld(mult(ld(x,y),x),z),mult(ld(x,y),x)),u),mult(mult(y,mult(ld(mult(ld(x,y),x),z),mult(ld(x,y),x))),u)),y),y)))),x) = rd(mult(mult(z,mult(ld(x,y),x)),u),mult(mult(ld(mult(ld(x,y),x),z),mult(ld(x,y),x)),u)).  [back_rewrite(1049),rewrite([1520(22)])].
    new demodulator: 1564.
        1520 back demodulating 1048.
kept:      1565 mult(ld(x,mult(ld(y,e),mult(ld(y,e),mult(ld(rd(mult(z,mult(ld(mult(mult(ld(x,y),x),z),u),mult(mult(ld(x,y),x),z))),mult(mult(y,z),mult(ld(mult(mult(ld(x,y),x),z),u),mult(mult(ld(x,y),x),z)))),y),y)))),x) = rd(mult(u,mult(mult(ld(x,y),x),z)),mult(z,mult(ld(mult(mult(ld(x,y),x),z),u),mult(mult(ld(x,y),x),z)))).  [back_rewrite(1048),rewrite([1520(26)])].
    new demodulator: 1565.
        1520 back demodulating 1047.
kept:      1566 mult(ld(x,mult(ld(y,e),mult(ld(y,e),mult(ld(rd(mult(z,mult(ld(x,y),x)),mult(mult(y,z),mult(ld(x,y),x))),y),y)))),x) = mult(ld(x,y),x).  [back_rewrite(1047),rewrite([1520(14)])].
    new demodulator: 1566.
        1520 back demodulating 1045.
kept:      1567 mult(ld(x,mult(ld(y,e),mult(ld(y,e),mult(ld(rd(mult(mult(ld(x,y),x),z),mult(mult(y,mult(ld(x,y),x)),z)),y),y)))),x) = mult(ld(x,y),x).  [back_rewrite(1045),rewrite([1520(14)])].
    new demodulator: 1567.
        1520 back demodulating 1044.
kept:      1568 ld(mult(ld(x,mult(ld(y,e),mult(ld(y,e),mult(ld(rd(mult(z,u),mult(mult(y,z),u)),y),y)))),x),mult(mult(mult(ld(x,y),x),z),u)) = mult(z,u).  [back_rewrite(1044),rewrite([1520(10)])].
    new demodulator: 1568.
        1520 back demodulating 1043.
kept:      1569 mult(ld(x,mult(ld(y,e),mult(ld(y,e),mult(ld(rd(mult(mult(mult(ld(x,y),x),z),u),mult(mult(y,mult(mult(ld(x,y),x),z)),u)),y),y)))),x) = rd(mult(mult(ld(x,y),x),mult(mult(ld(x,y),x),mult(z,u))),mult(mult(mult(ld(x,y),x),z),u)).  [back_rewrite(1043),rewrite([1520(16)])].
    new demodulator: 1569.
        1520 back demodulating 1042.
kept:      1570 mult(ld(ld(x,mult(y,mult(z,mult(y,x)))),e),mult(ld(ld(x,mult(y,mult(z,mult(y,x)))),e),mult(ld(rd(mult(u,w),mult(mult(ld(x,mult(y,mult(z,mult(y,x)))),u),w)),ld(x,mult(y,mult(z,mult(y,x))))),ld(x,mult(y,mult(z,mult(y,x))))))) = mult(ld(x,rd(mult(mult(y,mult(z,mult(y,u))),w),mult(u,w))),x).  [back_rewrite(1042),rewrite([1520(30)])].
        1520 back demodulating 1041.
kept:      1571 mult(ld(x,mult(ld(rd(y,x),e),mult(ld(rd(y,x),e),mult(ld(rd(mult(z,u),mult(mult(rd(y,x),z),u)),rd(y,x)),rd(y,x))))),x) = mult(ld(ld(x,y),e),mult(ld(ld(x,y),e),mult(ld(rd(mult(z,u),mult(mult(ld(x,y),z),u)),ld(x,y)),ld(x,y)))).  [back_rewrite(1041),rewrite([1520(15),1520(34)])].
    new demodulator: 1571.
        1520 back demodulating 1040.
kept:      1572 mult(mult(ld(x,mult(ld(y,e),mult(ld(y,e),mult(ld(rd(mult(z,u),mult(mult(y,z),u)),y),y)))),x),mult(z,u)) = mult(mult(mult(ld(x,y),x),z),u).  [back_rewrite(1040),rewrite([1520(10)])].
    new demodulator: 1572.
        1520 back demodulating 1039.
kept:      1573 mult(ld(x,mult(ld(y,e),mult(ld(y,e),mult(ld(rd(mult(z,ld(mult(mult(ld(x,y),x),z),u)),mult(mult(y,z),ld(mult(mult(ld(x,y),x),z),u))),y),y)))),x) = rd(u,mult(z,ld(mult(mult(ld(x,y),x),z),u))).  [back_rewrite(1039),rewrite([1520(18)])].
    new demodulator: 1573.
        1520 back demodulating 1038.
kept:      1574 mult(ld(x,mult(ld(y,e),mult(ld(y,e),mult(ld(rd(mult(ld(mult(ld(x,y),x),z),u),mult(mult(y,ld(mult(ld(x,y),x),z)),u)),y),y)))),x) = rd(mult(z,u),mult(ld(mult(ld(x,y),x),z),u)).  [back_rewrite(1038),rewrite([1520(16)])].
    new demodulator: 1574.
        1520 back demodulating 1037.
kept:      1575 mult(ld(ld(ld(x,y),y),e),mult(ld(ld(ld(x,y),y),e),mult(ld(rd(mult(z,u),mult(mult(ld(ld(x,y),y),z),u)),ld(ld(x,y),y)),ld(ld(x,y),y)))) = mult(ld(ld(x,y),mult(ld(x,e),mult(ld(x,e),mult(ld(rd(mult(z,u),mult(mult(x,z),u)),x),x)))),ld(x,y)).  [back_rewrite(1037),rewrite([1520(20),1520(33)])].
    new demodulator: 1575.
        1520 back demodulating 1036.
kept:      1576 mult(ld(x,e),mult(ld(x,e),mult(ld(x,e),mult(ld(rd(mult(y,z),mult(mult(x,y),z)),x),mult(x,x))))) = mult(ld(x,e),mult(ld(x,e),mult(ld(rd(mult(y,z),mult(mult(x,y),z)),x),x))).  [back_rewrite(1036),rewrite([1520(12),973(13),1520(26)])].
    new demodulator: 1576.
        1520 back demodulating 1032.
kept:      1577 rd(mult(ld(x,e),mult(ld(x,e),mult(mult(mult(ld(rd(mult(y,z),mult(mult(x,y),z)),x),x),ld(u,e)),mult(u,w)))),w) = mult(rd(w,mult(mult(x,ld(u,e)),mult(u,w))),mult(rd(w,mult(mult(x,ld(u,e)),mult(u,w))),mult(ld(rd(mult(y,z),mult(mult(rd(mult(mult(x,ld(u,e)),mult(u,w)),w),y),z)),rd(mult(mult(x,ld(u,e)),mult(u,w)),w)),rd(mult(mult(x,ld(u,e)),mult(u,w)),w)))).  [back_rewrite(1032),rewrite([1520(10),1520(54)])].
    new demodulator: 1577.
        1520 back demodulating 1031.
kept:      1578 rd(mult(mult(x,ld(y,e)),z),ld(y,z)) = mult(ld(x,e),mult(ld(x,e),mult(ld(rd(mult(ld(y,e),z),mult(mult(x,ld(y,e)),z)),x),x))).  [back_rewrite(1031),rewrite([1520(20)])].
    new demodulator: 1578.
        1520 back demodulating 1030.
kept:      1579 rd(mult(ld(x,e),mult(ld(x,e),mult(mult(mult(ld(rd(mult(y,z),mult(mult(x,y),z)),x),x),ld(rd(u,w),e)),u))),w) = mult(rd(w,mult(mult(x,ld(rd(u,w),e)),u)),mult(rd(w,mult(mult(x,ld(rd(u,w),e)),u)),mult(ld(rd(mult(y,z),mult(mult(rd(mult(mult(x,ld(rd(u,w),e)),u),w),y),z)),rd(mult(mult(x,ld(rd(u,w),e)),u),w)),rd(mult(mult(x,ld(rd(u,w),e)),u),w)))).  [back_rewrite(1030),rewrite([1520(10),1520(54)])].
    new demodulator: 1579.
        1520 back demodulating 1029.
kept:      1580 rd(mult(ld(x,e),mult(ld(x,e),mult(mult(mult(ld(rd(mult(y,z),mult(mult(x,y),z)),x),x),u),mult(ld(u,e),w)))),w) = mult(rd(w,mult(mult(x,u),mult(ld(u,e),w))),mult(rd(w,mult(mult(x,u),mult(ld(u,e),w))),mult(ld(rd(mult(y,z),mult(mult(rd(mult(mult(x,u),mult(ld(u,e),w)),w),y),z)),rd(mult(mult(x,u),mult(ld(u,e),w)),w)),rd(mult(mult(x,u),mult(ld(u,e),w)),w)))).  [back_rewrite(1029),rewrite([1520(10),1520(54)])].
    new demodulator: 1580.
        1520 back demodulating 1028.
kept:      1581 rd(mult(ld(x,e),mult(ld(x,e),mult(mult(mult(ld(rd(mult(y,z),mult(mult(x,y),z)),x),x),u),w))),mult(u,w)) = ld(rd(mult(y,z),mult(ld(x,e),mult(ld(x,e),mult(mult(mult(ld(rd(mult(u,w),mult(mult(x,u),w)),x),x),y),z)))),e).  [back_rewrite(1028),rewrite([1520(10),1520(27)])].
    new demodulator: 1581.
        1520 back demodulating 1027.
kept:      1582 rd(mult(ld(rd(mult(x,y),mult(mult(z,x),y)),e),mult(ld(rd(mult(x,y),mult(mult(z,x),y)),e),mult(mult(rd(mult(x,y),mult(mult(z,x),y)),u),w))),mult(u,w)) = ld(rd(mult(u,w),mult(ld(z,e),mult(ld(z,e),mult(mult(mult(ld(rd(mult(x,y),mult(mult(z,x),y)),z),z),u),w)))),e).  [back_rewrite(1027),rewrite([1520(33)])].
    new demodulator: 1582.
        1520 back demodulating 1026.
kept:      1583 rd(mult(ld(x,e),mult(ld(x,e),mult(mult(mult(ld(rd(mult(y,z),mult(mult(x,y),z)),x),x),ld(u,e)),w))),ld(u,w)) = ld(rd(mult(ld(u,e),w),mult(ld(x,e),mult(ld(x,e),mult(mult(mult(ld(rd(mult(y,z),mult(mult(x,y),z)),x),x),ld(u,e)),w)))),e).  [back_rewrite(1026),rewrite([1520(10),1520(31)])].
    new demodulator: 1583.
        1520 back demodulating 1025.
kept:      1584 rd(mult(ld(rd(mult(x,y),mult(mult(z,x),y)),ld(z,e)),u),mult(ld(z,e),u)) = mult(ld(z,e),mult(ld(z,e),mult(ld(rd(mult(x,y),mult(mult(z,x),y)),z),z))).  [back_rewrite(1025),rewrite([1520(22)])].
    new demodulator: 1584.
        1520 back demodulating 1024.
kept:      1585 mult(ld(x,ld(rd(mult(y,z),mult(ld(u,e),mult(ld(u,e),mult(mult(mult(ld(rd(mult(w,v5),mult(mult(u,w),v5)),u),u),y),z)))),e)),x) = mult(ld(x,ld(rd(mult(w,v5),mult(ld(u,e),mult(ld(u,e),mult(mult(mult(ld(rd(mult(y,z),mult(mult(u,y),z)),u),u),w),v5)))),e)),x).  [back_rewrite(1024),rewrite([1520(11),1520(31)])].
        1520 back demodulating 1023.
kept:      1586 rd(mult(ld(rd(mult(x,mult(ld(y,e),mult(ld(y,e),mult(ld(rd(mult(z,u),mult(mult(y,z),u)),y),y)))),mult(mult(y,x),mult(ld(y,e),mult(ld(y,e),mult(ld(rd(mult(z,u),mult(mult(y,z),u)),y),y))))),z),u),mult(z,u)) = mult(ld(y,e),mult(ld(y,e),mult(ld(rd(mult(z,u),mult(mult(y,z),u)),y),y))).  [back_rewrite(1023),rewrite([1520(10),1520(24),1520(42)])].
    new demodulator: 1586.
        1520 back demodulating 1022.
        1520 back demodulating 1021.
kept:      1587 rd(mult(ld(rd(mult(x,y),mult(mult(z,x),y)),z),u),mult(z,u)) = mult(ld(z,e),mult(ld(z,e),mult(ld(rd(mult(x,y),mult(mult(z,x),y)),z),z))).  [back_rewrite(1021),rewrite([1520(18)])].
    new demodulator: 1587.
        1520 back demodulating 1020.
kept:      1588 rd(mult(ld(rd(mult(x,y),mult(mult(mult(z,u),x),y)),z),w),mult(z,w)) = mult(rd(mult(z,w),mult(z,mult(u,mult(z,w)))),mult(rd(mult(z,w),mult(z,mult(u,mult(z,w)))),mult(ld(rd(mult(x,y),mult(mult(rd(mult(z,mult(u,mult(z,w))),mult(z,w)),x),y)),rd(mult(z,mult(u,mult(z,w))),mult(z,w))),rd(mult(z,mult(u,mult(z,w))),mult(z,w))))).  [back_rewrite(1020),rewrite([1520(40)])].
    new demodulator: 1588.
        1520 back demodulating 1019.
kept:      1589 rd(mult(ld(rd(mult(x,y),mult(mult(rd(z,u),x),y)),u),w),mult(u,w)) = mult(ld(rd(mult(z,w),mult(u,w)),e),mult(ld(rd(mult(z,w),mult(u,w)),e),mult(ld(rd(mult(x,y),mult(mult(rd(mult(z,w),mult(u,w)),x),y)),rd(mult(z,w),mult(u,w))),rd(mult(z,w),mult(u,w))))).  [back_rewrite(1019),rewrite([1520(34)])].
    new demodulator: 1589.
        1520 back demodulating 1018.
kept:      1590 rd(mult(ld(rd(mult(x,ld(mult(ld(y,e),mult(ld(y,e),mult(mult(ld(rd(mult(z,u),mult(mult(y,z),u)),y),y),x))),w)),mult(mult(y,x),ld(mult(ld(y,e),mult(ld(y,e),mult(mult(ld(rd(mult(z,u),mult(mult(y,z),u)),y),y),x))),w))),z),u),mult(z,u)) = rd(w,mult(x,ld(mult(ld(y,e),mult(ld(y,e),mult(mult(ld(rd(mult(z,u),mult(mult(y,z),u)),y),y),x))),w))).  [back_rewrite(1018),rewrite([1520(10),1520(26),1520(46)])].
    new demodulator: 1590.
        1520 back demodulating 1017.
kept:      1591 ld(rd(mult(x,y),mult(ld(z,e),mult(ld(z,e),mult(mult(mult(ld(rd(mult(u,w),mult(mult(z,u),w)),z),z),x),y)))),e) = ld(rd(mult(u,w),mult(ld(z,e),mult(ld(z,e),mult(mult(mult(ld(rd(mult(x,y),mult(mult(z,x),y)),z),z),u),w)))),e).  [back_rewrite(1017),rewrite([1520(11),1520(29)])].
        1520 back demodulating 1016.
kept:      1592 rd(mult(ld(rd(mult(x,y),mult(ld(rd(z,u),e),mult(ld(rd(z,u),e),mult(mult(rd(z,u),x),y)))),z),w),mult(z,w)) = mult(ld(rd(mult(u,w),mult(z,w)),e),mult(ld(rd(mult(u,w),mult(z,w)),e),mult(ld(rd(mult(x,y),mult(mult(rd(mult(u,w),mult(z,w)),x),y)),rd(mult(u,w),mult(z,w))),rd(mult(u,w),mult(z,w))))).  [back_rewrite(1016),rewrite([1520(42)])].
    new demodulator: 1592.
        1520 back demodulating 1011.
kept:      1593 ld(mult(x,mult(mult(ld(x,y),y),z)),mult(y,mult(y,z))) != e | mult(ld(y,e),mult(ld(y,e),mult(x,mult(mult(ld(x,y),y),z)))) = z.  [back_rewrite(1011),rewrite([1520(2),1520(15)])].
        1520 back demodulating 1007.
kept:      1594 rd(mult(mult(x,y),z),mult(y,z)) = mult(ld(x,e),mult(ld(x,e),mult(ld(rd(mult(y,z),mult(mult(x,y),z)),x),x))).  [back_rewrite(1007),rewrite([1520(14)])].
    new demodulator: 1594.
        1520 back demodulating 1000.
kept:      1595 mult(mult(ld(x,y),y),x) != mult(y,y) | mult(ld(y,e),mult(ld(y,e),mult(x,mult(y,y)))) = x.  [back_rewrite(1000),rewrite([1520(2)])].
        1520 back demodulating 994.
kept:      1596 mult(ld(x,e),mult(ld(x,e),mult(mult(x,y),ld(y,x)))) != e | mult(ld(mult(x,y),x),x) = ld(y,x).  [back_rewrite(994),rewrite([1520(14)])].
        1520 back demodulating 992.
kept:      1597 mult(ld(x,e),mult(ld(x,e),mult(mult(rd(mult(x,x),mult(y,z)),y),z))) != e | mult(ld(mult(rd(mult(x,x),mult(y,z)),y),x),x) = z.  [back_rewrite(992),rewrite([1520(19)])].
        1520 back demodulating 979.
kept:      1598 mult(ld(x,e),mult(ld(x,e),mult(y,mult(mult(ld(y,x),x),z)))) != z | ld(mult(y,mult(mult(ld(y,x),x),z)),mult(x,mult(x,z))) = e.  [back_rewrite(979),rewrite([1520(6),1520(13)])].
        1520 back demodulating 916.
kept:      1599 rd(mult(x,mult(x,y)),mult(mult(ld(y,x),x),y)) = y.  [back_rewrite(916),rewrite([1520(4)])].
    new demodulator: 1599.
        1520 back demodulating 904.
kept:      1600 rd(mult(mult(ld(rd(mult(x,y),mult(ld(z,e),mult(ld(z,e),mult(mult(z,x),y)))),z),z),u),mult(z,mult(z,u))) = rd(mult(ld(z,e),mult(ld(z,e),mult(mult(z,x),y))),mult(x,y)).  [back_rewrite(904),rewrite([1520(12)])].
    new demodulator: 1600.
        1520 back demodulating 626.
kept:      1601 mult(mult(ld(x,y),y),x) != mult(y,y) | ld(mult(x,mult(y,y)),mult(y,mult(y,x))) = e.  [back_rewrite(626),rewrite([1520(2)])].
        1520 back demodulating 625.
kept:      1602 ld(mult(x,mult(y,y)),mult(y,mult(y,x))) != e | mult(mult(ld(x,y),y),x) = mult(y,y).  [back_rewrite(625),rewrite([1520(9)])].
        1520 back demodulating 616.
kept:      1603 ld(x,mult(y,mult(y,x))) = mult(mult(ld(x,y),y),x).  [back_rewrite(616),rewrite([1520(5)])].
    new demodulator: 1603.
    starting back demodulation with 1521.
    starting back demodulation with 1523.
    starting back demodulation with 1524.
    starting back demodulation with 1525.
    starting back demodulation with 1526.
    starting back demodulation with 1527.
    starting back demodulation with 1528.
    starting back demodulation with 1529.
    starting back demodulation with 1531.
    starting back demodulation with 1532.
    starting back demodulation with 1536.
    starting back demodulation with 1538.
    starting back demodulation with 1541.
    starting back demodulation with 1542.
    starting back demodulation with 1543.
    starting back demodulation with 1544.
    starting back demodulation with 1545.
    starting back demodulation with 1546.
    starting back demodulation with 1548.
    starting back demodulation with 1550.
    starting back demodulation with 1551.
    starting back demodulation with 1552.
    starting back demodulation with 1553.
        1553 back demodulating 1552.
    starting back demodulation with 1554.
    starting back demodulation with 1555.
    starting back demodulation with 1556.
    starting back demodulation with 1557.
    starting back demodulation with 1558.
    starting back demodulation with 1559.
    starting back demodulation with 1560.
    starting back demodulation with 1561.
    starting back demodulation with 1562.
    starting back demodulation with 1563.
    starting back demodulation with 1564.
    starting back demodulation with 1565.
    starting back demodulation with 1566.
    starting back demodulation with 1567.
    starting back demodulation with 1568.
    starting back demodulation with 1569.
    starting back demodulation with 1571.
    starting back demodulation with 1572.
    starting back demodulation with 1573.
    starting back demodulation with 1574.
    starting back demodulation with 1575.
    starting back demodulation with 1576.
    starting back demodulation with 1577.
    starting back demodulation with 1578.
    starting back demodulation with 1579.
    starting back demodulation with 1580.
    starting back demodulation with 1581.
    starting back demodulation with 1582.
    starting back demodulation with 1583.
    starting back demodulation with 1584.
    starting back demodulation with 1586.
    starting back demodulation with 1587.
    starting back demodulation with 1588.
    starting back demodulation with 1589.
    starting back demodulation with 1590.
    starting back demodulation with 1592.
    starting back demodulation with 1594.
    starting back demodulation with 1599.
    starting back demodulation with 1600.
    starting back demodulation with 1603.

given #112 (A,wt=16): 68 ld(ld(x,y),y) != x | ld(mult(ld(x,y),x),y) = e.  [para(10(a,1),30(a,1,2)),rewrite([10(7)])].
kept:      1604 mult(x,rd(y,x)) != y | ld(mult(x,mult(x,rd(y,x))),mult(x,y)) = e.  [para(343(a,1),68(a,1,1)),rewrite([9(2),343(7)]),flip(a)].
kept:      1605 ld(mult(x,y),y) != ld(x,e) | ld(mult(x,mult(y,ld(x,e))),y) = e.  [para(663(a,1),68(a,1,1)),rewrite([663(8),703(9)])].
kept:      1606 ld(mult(ld(x,e),y),y) != x | ld(mult(ld(x,y),x),y) = e.  [para(664(a,1),68(a,1,1))].
kept:      1607 mult(ld(ld(x,y),e),y) != x | ld(mult(ld(x,y),x),y) = e.  [para(664(a,1),68(a,1))].
kept:      1608 rd(x,y) != ld(mult(rd(y,x),z),z) | ld(mult(ld(rd(x,y),z),rd(x,y)),z) = e.  [para(877(a,1),68(a,1,1)),flip(a)].
kept:      1609 ld(x,rd(y,x)) != mult(ld(x,e),mult(ld(x,e),y)) | ld(rd(y,x),ld(x,y)) = e.  [para(1060(a,1),68(a,1,1)),rewrite([978(2),1060(13),10(12)]),flip(a)].
kept:      1610 mult(ld(x,y),mult(x,x)) != mult(y,x) | ld(mult(x,mult(y,x)),mult(y,mult(x,x))) = e.  [para(1196(a,1),68(a,1,1)),rewrite([1219(3),1196(9)])].
kept:      1611 rd(x,y) != mult(ld(y,e),mult(ld(y,e),mult(x,y))) | ld(mult(y,mult(y,rd(x,y))),mult(x,y)) = e.  [para(1312(a,1),68(a,1,1)),rewrite([1012(3),1312(12),161(12)]),flip(a)].

given #113 (F,wt=25): 1138 mult(ld(c1,e),ld(c1,mult(mult(c1,ld(rd(c1,c2),e)),c3))) != ld(c1,mult(c2,mult(ld(c1,e),c3))).  [para(800(a,1),950(a,1,2,2,1,2))].

given #114 (F,wt=25): 1139 mult(ld(c1,e),ld(c1,mult(mult(c1,ld(rd(c1,c2),e)),c3))) != mult(ld(c1,e),mult(c2,ld(c1,c3))).  [para(800(a,1),951(a,1,2,2,1,2))].

given #115 (F,wt=25): 1291 ld(c1,mult(ld(c1,e),mult(mult(c1,rd(c2,c1)),c3))) != mult(ld(c1,e),mult(c2,mult(ld(c1,e),c3))).  [para(664(a,1),1133(a,2))].
kept:      1612 ld(c1,mult(ld(c1,e),mult(mult(c1,ld(rd(c1,c2),e)),c3))) != mult(ld(c1,e),mult(c2,mult(ld(c1,e),c3))).  [para(800(a,1),1291(a,1,2,2,1,2))].

given #116 (F,wt=25): 1292 ld(c1,mult(ld(c1,e),mult(mult(c1,ld(rd(c1,c2),e)),c3))) != ld(c1,mult(c2,mult(ld(c1,e),c3))).  [para(800(a,1),1133(a,1,2,2,1,2))].

given #117 (T,wt=11): 1347 ld(mult(ld(x,e),rd(x,y)),e) = y.  [back_rewrite(697),rewrite([1340(7),640(6),575(3)]),xx(a)].
kept:      1613 ld(mult(ld(mult(x,y),e),x),e) = y.  [para(11(a,1),1347(a,1,1,2))].
    new demodulator: 1613.
kept:      1614 mult(ld(x,e),rd(x,y)) = ld(y,e).  [para(1347(a,1),53(a,1,2)),rewrite([567(2)]),flip(a)].
    new demodulator: 1614.
kept:      1615 ld(mult(ld(x,e),y),e) = ld(y,x).  [para(53(a,1),1347(a,1,1,2))].
    new demodulator: 1615.
kept:      1616 ld(mult(x,rd(ld(x,e),y)),e) = y.  [para(54(a,1),1347(a,1,1,1)),rewrite([567(2)])].
    new demodulator: 1616.
kept:      1617 ld(ld(x,rd(x,y)),e) = y.  [para(664(a,2),1347(a,1,1))].
    new demodulator: 1617.
kept:      1618 ld(mult(rd(x,y),rd(rd(y,x),z)),e) = z.  [para(800(a,2),1347(a,1,1,1))].
    new demodulator: 1618.
    1613 back subsumes 700.
    starting back demodulation with 1613.
        1613 back demodulating 699.
kept:      1619 mult(ld(mult(x,y),e),mult(ld(mult(x,y),e),mult(x,mult(y,mult(x,y))))) = e.  [back_rewrite(699),rewrite([1615(6),9(2)]),xx(a)].
    new demodulator: 1619.
    starting back demodulation with 1614.
        1614 back demodulating 1347.
    1615 back subsumes 698.
    starting back demodulation with 1615.
        1615 back demodulating 1613.
        1615 back demodulating 933.
kept:      1620 mult(ld(x,e),mult(ld(x,e),mult(mult(x,y),ld(y,x)))) = e.  [back_rewrite(933),rewrite([1615(5)]),xx(a)].
    new demodulator: 1620.
        1615 back demodulating 742.
kept:      1621 ld(ld(x,y),mult(ld(x,e),mult(y,ld(mult(z,u),mult(z,mult(u,w)))))) = mult(ld(y,x),mult(ld(x,e),mult(y,ld(mult(z,u),mult(z,mult(u,w)))))).  [back_rewrite(742),rewrite([1615(15)])].
    new demodulator: 1621.
    starting back demodulation with 1616.
    starting back demodulation with 1617.
    1618 back subsumes 910.
    starting back demodulation with 1618.
        1618 back demodulating 1283.
kept:      1622 mult(mult(rd(x,y),rd(rd(y,x),z)),z) = e.  [back_rewrite(1283),rewrite([1618(6)]),xx(a)].
    new demodulator: 1622.
    starting back demodulation with 1619.
    starting back demodulation with 1620.
        1620 back demodulating 1596.
kept:      1623 mult(ld(mult(x,y),x),x) = ld(y,x).  [back_rewrite(1596),rewrite([1620(9)]),xx(a)].
    new demodulator: 1623.
    starting back demodulation with 1621.
    starting back demodulation with 1622.
    starting back demodulation with 1623.
        1623 back demodulating 1551.
        1623 back demodulating 1546.

given #118 (T,wt=9): 1617 ld(ld(x,rd(x,y)),e) = y.  [para(664(a,2),1347(a,1,1))].
kept:      1624 mult(ld(x,rd(x,y)),y) = e.  [para(1617(a,1),10(a,1,2))].
    new demodulator: 1624.
kept:      1625 ld(ld(mult(x,y),x),e) = y.  [para(11(a,1),1617(a,1,1,2))].
    new demodulator: 1625.
kept:      1626 ld(x,rd(x,y)) = ld(y,e).  [para(1617(a,1),53(a,1,2)),rewrite([567(2)]),flip(a)].
    new demodulator: 1626.
kept:      1627 ld(ld(x,y),e) = ld(y,x).  [para(53(a,1),1617(a,1,1,2))].
    new demodulator: 1627.
    starting back demodulation with 1624.
    starting back demodulation with 1625.
    starting back demodulation with 1626.
        1626 back demodulating 1624.
        1626 back demodulating 1617.
        1626 back demodulating 1130.
kept:      1628 rd(x,y) != ld(rd(y,x),e) | ld(rd(z,rd(y,x)),mult(z,rd(x,y))) = e.  [back_rewrite(1130),rewrite([1626(4)])].
        1626 back demodulating 1120.
kept:      1629 ld(rd(x,ld(y,e)),mult(x,y)) = e.  [back_rewrite(1120),rewrite([1626(4),1627(4),49(2)]),xx(a)].
    new demodulator: 1629.
        1626 back demodulating 911.
        1626 back demodulating 716.
    1627 back subsumes 578.
    starting back demodulation with 1627.
        1627 back demodulating 1625.
        1627 back demodulating 1607.
kept:      1630 mult(ld(x,y),x) != y | ld(mult(ld(y,x),y),x) = e.  [back_rewrite(1607),rewrite([1627(3)])].
        1627 back demodulating 1575.
kept:      1631 mult(ld(x,ld(y,x)),mult(ld(x,ld(y,x)),mult(ld(rd(mult(z,u),mult(mult(ld(ld(y,x),x),z),u)),ld(ld(y,x),x)),ld(ld(y,x),x)))) = mult(ld(ld(y,x),mult(ld(y,e),mult(ld(y,e),mult(ld(rd(mult(z,u),mult(mult(y,z),u)),y),y)))),ld(y,x)).  [back_rewrite(1575),rewrite([1627(4),1627(6)])].
    new demodulator: 1631.
        1627 back demodulating 1571.
kept:      1632 mult(ld(x,mult(ld(rd(y,x),e),mult(ld(rd(y,x),e),mult(ld(rd(mult(z,u),mult(mult(rd(y,x),z),u)),rd(y,x)),rd(y,x))))),x) = mult(ld(y,x),mult(ld(y,x),mult(ld(rd(mult(z,u),mult(mult(ld(x,y),z),u)),ld(x,y)),ld(x,y)))).  [back_rewrite(1571),rewrite([1627(22),1627(23)])].
    new demodulator: 1632.
        1627 back demodulating 1570.
kept:      1633 mult(ld(mult(x,mult(y,mult(x,z))),z),mult(ld(mult(x,mult(y,mult(x,z))),z),mult(ld(rd(mult(u,w),mult(mult(ld(z,mult(x,mult(y,mult(x,z)))),u),w)),ld(z,mult(x,mult(y,mult(x,z))))),ld(z,mult(x,mult(y,mult(x,z))))))) = mult(ld(z,rd(mult(mult(x,mult(y,mult(x,u))),w),mult(u,w))),z).  [back_rewrite(1570),rewrite([1627(6),1627(10)])].
        1627 back demodulating 1561.
kept:      1634 mult(ld(x,mult(rd(x,mult(y,z)),y)),mult(ld(x,mult(rd(x,mult(y,z)),y)),mult(ld(rd(mult(u,w),mult(mult(ld(mult(rd(x,mult(y,z)),y),x),u),w)),ld(mult(rd(x,mult(y,z)),y),x)),ld(mult(rd(x,mult(y,z)),y),x)))) = ld(mult(rd(x,mult(y,z)),y),mult(rd(x,mult(y,z)),mult(y,mult(ld(z,e),mult(ld(z,e),mult(ld(rd(mult(u,w),mult(mult(z,u),w)),z),z)))))).  [back_rewrite(1561),rewrite([1627(6),1627(10)])].
    new demodulator: 1634.
        1627 back demodulating 1560.
kept:      1635 mult(ld(mult(rd(x,y),mult(y,z)),x),mult(ld(mult(rd(x,y),mult(y,z)),x),mult(ld(rd(mult(u,w),mult(mult(ld(x,mult(rd(x,y),mult(y,z))),u),w)),ld(x,mult(rd(x,y),mult(y,z)))),ld(x,mult(rd(x,y),mult(y,z)))))) = ld(x,mult(rd(x,y),mult(y,mult(ld(z,e),mult(ld(z,e),mult(ld(rd(mult(u,w),mult(mult(z,u),w)),z),z)))))).  [back_rewrite(1560),rewrite([1627(6),1627(10)])].
    new demodulator: 1635.
        1627 back demodulating 1556.
kept:      1636 mult(ld(mult(x,y),mult(x,z)),mult(ld(mult(x,y),mult(x,z)),mult(ld(rd(mult(u,w),mult(mult(ld(mult(x,z),mult(x,y)),u),w)),ld(mult(x,z),mult(x,y))),ld(mult(x,z),mult(x,y))))) = ld(mult(x,z),mult(x,mult(z,mult(ld(y,z),mult(ld(y,z),mult(ld(rd(mult(u,w),mult(mult(ld(z,y),u),w)),ld(z,y)),ld(z,y))))))).  [back_rewrite(1556),rewrite([1627(5),1627(8),1627(27),1627(28)])].
    new demodulator: 1636.
        1627 back demodulating 1555.
kept:      1637 mult(ld(mult(x,mult(ld(x,y),z)),y),mult(ld(mult(x,mult(ld(x,y),z)),y),mult(ld(rd(mult(u,w),mult(mult(ld(y,mult(x,mult(ld(x,y),z))),u),w)),ld(y,mult(x,mult(ld(x,y),z)))),ld(y,mult(x,mult(ld(x,y),z)))))) = ld(y,mult(x,mult(ld(x,y),mult(ld(z,e),mult(ld(z,e),mult(ld(rd(mult(u,w),mult(mult(z,u),w)),z),z)))))).  [back_rewrite(1555),rewrite([1627(6),1627(10)])].
    new demodulator: 1637.
        1627 back demodulating 1084.
kept:      1638 rd(x,ld(x,y)) = ld(rd(y,x),x).  [back_rewrite(1084),rewrite([1627(6)])].
    new demodulator (lex_dep_both): 1638.
        1627 back demodulating 1081.
kept:      1639 mult(ld(rd(x,y),y),ld(y,x)) = y.  [back_rewrite(1081),rewrite([1627(4)])].
    new demodulator: 1639.
        1627 back demodulating 1008.
kept:      1640 ld(mult(x,y),mult(x,mult(y,mult(ld(mult(x,mult(y,z)),mult(x,y)),mult(ld(mult(x,mult(y,z)),mult(x,y)),mult(z,mult(ld(mult(x,y),mult(x,mult(y,z))),ld(mult(x,y),mult(x,mult(y,z)))))))))) = ld(mult(x,y),mult(x,mult(y,z))).  [back_rewrite(1008),rewrite([1627(7),1627(11)])].
    new demodulator: 1640.
        1627 back demodulating 857.
kept:      1641 ld(x,mult(y,z)) != mult(ld(x,y),z) | ld(mult(y,z),mult(x,mult(ld(x,y),z))) = e.  [back_rewrite(857),rewrite([1627(5),1627(9)])].
        1627 back demodulating 840.
kept:      1642 ld(mult(x,y),mult(z,mult(ld(z,x),y))) != e | ld(z,mult(x,y)) = mult(ld(z,x),y).  [back_rewrite(840),rewrite([1627(4),1627(12)])].
    starting back demodulation with 1629.
    starting back demodulation with 1631.
    starting back demodulation with 1632.
    starting back demodulation with 1634.
    starting back demodulation with 1635.
    starting back demodulation with 1636.
    starting back demodulation with 1637.
    starting back demodulation with 1638.
    starting back demodulation with 1639.
    starting back demodulation with 1640.

given #119 (T,wt=9): 1626 ld(x,rd(x,y)) = ld(y,e).  [para(1617(a,1),53(a,1,2)),rewrite([567(2)]),flip(a)].
kept:      1643 rd(x,y) = mult(x,ld(y,e)).  [para(1626(a,1),10(a,1,2)),flip(a)].
    new demodulator: 1643.
kept:      1644 ld(mult(x,y),x) = ld(y,e).  [para(11(a,1),1626(a,1,2))].
    new demodulator: 1644.
kept:      1645 mult(mult(x,ld(y,e)),y) = x.  [para(1626(a,1),53(a,1,2)),rewrite([1643(1),1643(6),1627(7),49(5)])].
    new demodulator: 1645.
kept:      1646 mult(ld(mult(x,y),e),x) = ld(y,e).  [para(253(a,1),1626(a,1,2)),rewrite([1520(4),1644(3)])].
    new demodulator: 1646.
kept:      1647 ld(mult(x,y),e) = ld(y,ld(x,e)).  [para(665(a,1),1626(a,1,2)),flip(a)].
    new demodulator: 1647.
kept:      1648 ld(ld(x,y),ld(x,e)) = ld(y,e).  [para(720(a,1),1626(a,1,2))].
    new demodulator: 1648.
kept:      1649 ld(mult(x,y),y) = ld(y,ld(x,y)).  [para(352(a,1),1626(a,1,2)),rewrite([1647(6),1627(5)])].
    new demodulator: 1649.
kept:      1650 mult(mult(x,ld(y,e)),mult(mult(y,ld(x,e)),ld(z,e))) = ld(z,e).  [para(1626(a,1),877(a,1)),rewrite([1643(3),1643(6),1643(9)]),flip(a)].
    new demodulator: 1650.
kept:      1651 ld(ld(x,y),ld(x,mult(y,ld(x,e)))) = ld(x,e).  [para(1061(a,1),1626(a,1,2)),rewrite([1643(2)])].
    new demodulator: 1651.
kept:      1652 ld(mult(x,mult(y,y)),mult(x,y)) = ld(y,e).  [para(1198(a,1),1626(a,1,2))].
    new demodulator: 1652.
kept:      1653 ld(mult(x,y),mult(x,ld(y,e))) = mult(ld(y,e),ld(y,e)).  [para(1313(a,1),1626(a,1,2)),rewrite([1643(2),1012(8),8(11)])].
    new demodulator: 1653.
kept:      1654 mult(x,mult(y,ld(x,e))) != y | ld(mult(ld(x,e),y),mult(y,ld(x,e))) = e.  [para(1626(a,1),68(a,1,1)),rewrite([1643(3),351(6),663(3),703(4),1643(6),9(9),1643(9)])].
    starting back demodulation with 1643.
        1643 back demodulating 1639.
kept:      1655 mult(ld(mult(x,ld(y,e)),y),ld(y,x)) = y.  [back_rewrite(1639),rewrite([1643(1)])].
    new demodulator: 1655.
        1643 back demodulating 1638.
kept:      1656 ld(mult(x,ld(y,e)),y) = mult(y,ld(x,y)).  [back_rewrite(1638),rewrite([1643(2),1627(3),1643(3)]),flip(a)].
    new demodulator: 1656.
        1643 back demodulating 1637.
kept:      1657 mult(ld(mult(x,mult(ld(x,y),z)),y),mult(ld(mult(x,mult(ld(x,y),z)),y),mult(ld(mult(mult(u,w),ld(w,ld(u,ld(mult(x,mult(ld(x,y),z)),y)))),ld(y,mult(x,mult(ld(x,y),z)))),ld(y,mult(x,mult(ld(x,y),z)))))) = ld(y,mult(x,mult(ld(x,y),mult(ld(z,e),mult(ld(z,e),mult(ld(mult(mult(u,w),ld(w,ld(u,ld(z,e)))),z),z)))))).  [back_rewrite(1637),rewrite([1643(16),1647(17),1647(16),1627(15),1643(37),1647(38),1647(37)])].
    new demodulator: 1657.
        1643 back demodulating 1636.
kept:      1658 mult(ld(mult(x,y),mult(x,z)),mult(ld(mult(x,y),mult(x,z)),mult(ld(mult(mult(u,w),ld(w,ld(u,ld(mult(x,y),mult(x,z))))),ld(mult(x,z),mult(x,y))),ld(mult(x,z),mult(x,y))))) = ld(mult(x,z),mult(x,mult(z,mult(ld(y,z),mult(ld(y,z),mult(ld(mult(mult(u,w),ld(w,ld(u,ld(y,z)))),ld(z,y)),ld(z,y))))))).  [back_rewrite(1636),rewrite([1643(13),1647(14),1647(13),1627(12),1643(31),1647(32),1647(31),1627(30)])].
    new demodulator: 1658.
        1643 back demodulating 1635.
        1643 back demodulating 1634.
        1643 back demodulating 1633.
kept:      1659 mult(ld(mult(x,mult(y,mult(x,z))),z),mult(ld(mult(x,mult(y,mult(x,z))),z),mult(ld(mult(mult(u,w),ld(w,ld(u,ld(mult(x,mult(y,mult(x,z))),z)))),ld(z,mult(x,mult(y,mult(x,z))))),ld(z,mult(x,mult(y,mult(x,z))))))) = mult(ld(z,mult(mult(mult(x,mult(y,mult(x,u))),w),ld(w,ld(u,e)))),z).  [back_rewrite(1633),rewrite([1643(16),1647(17),1647(16),1627(15),1643(34),1647(35)])].
    new demodulator: 1659.
        1643 back demodulating 1632.
kept:      1660 mult(ld(x,mult(mult(x,ld(y,e)),mult(mult(x,ld(y,e)),mult(ld(mult(mult(z,u),ld(u,ld(z,mult(x,ld(y,e))))),mult(y,ld(x,e))),mult(y,ld(x,e)))))),x) = mult(ld(y,x),mult(ld(y,x),mult(ld(mult(mult(z,u),ld(u,ld(z,ld(y,x)))),ld(x,y)),ld(x,y)))).  [back_rewrite(1632),rewrite([1643(1),1647(5),663(5),1643(4),1647(8),663(8),1643(8),1643(13),1647(14),1647(13),1647(12),663(12),1643(14),1643(18),1643(32),1647(33),1647(32),1627(31)])].
        1643 back demodulating 1631.
kept:      1661 mult(ld(ld(x,y),mult(ld(x,e),mult(ld(x,e),mult(ld(mult(mult(z,u),ld(u,ld(z,ld(x,e)))),x),x)))),ld(x,y)) = mult(ld(y,ld(x,y)),mult(ld(y,ld(x,y)),mult(ld(mult(mult(z,u),ld(u,ld(z,ld(y,ld(x,y))))),ld(ld(x,y),y)),ld(ld(x,y),y)))).  [back_rewrite(1631),rewrite([1643(10),1647(11),1647(10),1627(9),1643(27),1647(28),1647(27)]),flip(a)].
        1643 back demodulating 1629.
        1643 back demodulating 1628.
        1643 back demodulating 1626.
        1643 back demodulating 1622.
        1643 back demodulating 1618.
        1643 back demodulating 1616.
        1643 back demodulating 1614.
        1643 back demodulating 1612.
kept:      1662 ld(c1,mult(ld(c1,e),mult(mult(c1,mult(c2,ld(c1,e))),c3))) != mult(ld(c1,e),mult(c2,mult(ld(c1,e),c3))).  [back_rewrite(1612),rewrite([1643(8),1647(12),663(12)])].
        1643 back demodulating 1611.
kept:      1663 mult(ld(x,e),mult(ld(x,e),mult(y,x))) != mult(y,ld(x,e)) | ld(mult(x,mult(x,mult(y,ld(x,e)))),mult(y,x)) = e.  [back_rewrite(1611),rewrite([1643(1),1643(12)]),flip(a)].
        1643 back demodulating 1609.
kept:      1664 ld(x,mult(y,ld(x,e))) != mult(ld(x,e),mult(ld(x,e),y)) | ld(mult(y,ld(x,e)),ld(x,y)) = e.  [back_rewrite(1609),rewrite([1643(1),1643(12)])].
        1643 back demodulating 1608.
kept:      1665 ld(x,ld(mult(y,ld(z,e)),x)) != mult(z,ld(y,e)) | ld(mult(ld(mult(z,ld(y,e)),x),mult(z,ld(y,e))),x) = e.  [back_rewrite(1608),rewrite([1643(1),1643(4),1649(8),1643(10),1643(14)]),flip(a)].
        1643 back demodulating 1604.
kept:      1666 mult(x,mult(y,ld(x,e))) != y | ld(mult(x,mult(x,mult(y,ld(x,e)))),mult(x,y)) = e.  [back_rewrite(1604),rewrite([1643(1),1643(6)])].
        1643 back demodulating 1600.
kept:      1667 mult(mult(mult(ld(mult(mult(x,y),ld(mult(ld(z,e),mult(mult(z,x),y)),z)),z),z),u),ld(mult(z,u),ld(z,e))) = mult(ld(z,e),mult(ld(z,e),mult(mult(mult(z,x),y),ld(y,ld(x,e))))).  [back_rewrite(1600),rewrite([1643(10),1647(11),1627(10),49(8),1643(14),1647(15),1643(26),1647(27),46(28)])].
    new demodulator: 1667.
        1643 back demodulating 1599.
kept:      1668 mult(x,mult(x,mult(y,mult(mult(ld(y,ld(x,e)),ld(x,e)),y)))) = y.  [back_rewrite(1599),rewrite([1643(6),1647(7),1647(6),1627(5),978(4),1603(9),46(10)])].
    new demodulator: 1668.
        1643 back demodulating 1597.
kept:      1669 mult(mult(ld(x,ld(y,e)),y),x) != e | mult(ld(mult(ld(x,ld(y,e)),y),ld(z,e)),z) = x.  [back_rewrite(1597),rewrite([1643(7),1647(8),161(9),46(10),46(11),640(12),640(9),1643(10),1647(11),161(12),46(13),1644(14),1647(14)])].
        1643 back demodulating 1594.
kept:      1670 mult(ld(x,e),mult(ld(x,e),mult(ld(mult(mult(y,z),ld(z,ld(y,ld(x,e)))),x),x))) = mult(mult(mult(x,y),z),ld(z,ld(y,e))).  [back_rewrite(1594),rewrite([1643(4),1647(5),1643(14),1647(15),1647(14)]),flip(a)].
    new demodulator: 1670.
        1643 back demodulating 1592.
kept:      1671 mult(ld(ld(x,ld(y,e)),ld(x,ld(z,e))),mult(ld(ld(x,ld(y,e)),ld(x,ld(z,e))),mult(ld(mult(mult(u,w),ld(w,ld(u,ld(ld(x,ld(y,e)),ld(x,ld(z,e)))))),mult(mult(z,x),ld(x,ld(y,e)))),mult(mult(z,x),ld(x,ld(y,e)))))) = mult(mult(ld(mult(mult(u,w),ld(mult(mult(z,ld(y,e)),mult(mult(mult(y,ld(z,e)),u),w)),mult(y,ld(z,e)))),y),x),ld(x,ld(y,e))).  [back_rewrite(1592),rewrite([1643(2),1647(6),663(6),1643(5),1647(9),663(9),1643(8),1643(15),1647(16),1647(15),663(15),1643(19),1647(20),1643(24),1647(25),1647(28),1647(27),1643(31),1647(32),1647(35),1647(34),1643(39),1647(40),1643(44),1647(45),1647(44),1647(43),1647(42),1643(49),1647(50),1643(55),1647(56)]),flip(a)].
        1643 back demodulating 1591.
kept:      1672 ld(ld(mult(ld(x,e),mult(mult(mult(ld(mult(mult(y,z),ld(z,ld(y,ld(x,e)))),x),x),u),w)),x),ld(w,ld(u,e))) = ld(ld(mult(ld(x,e),mult(mult(mult(ld(mult(mult(u,w),ld(w,ld(u,ld(x,e)))),x),x),y),z)),x),ld(z,ld(y,e))).  [back_rewrite(1591),rewrite([1643(9),1647(10),1647(9),1643(18),1647(19),1627(18),49(16),1647(18),1647(17),1643(27),1647(28),1647(27),1643(36),1647(37),1627(36),49(34),1647(36),1647(35)])].
        1643 back demodulating 1590.
        1643 back demodulating 1589.
kept:      1673 mult(ld(ld(x,ld(y,e)),ld(x,ld(z,e))),mult(ld(ld(x,ld(y,e)),ld(x,ld(z,e))),mult(ld(mult(mult(u,w),ld(w,ld(u,ld(ld(x,ld(y,e)),ld(x,ld(z,e)))))),mult(mult(z,x),ld(x,ld(y,e)))),mult(mult(z,x),ld(x,ld(y,e)))))) = mult(mult(ld(mult(mult(u,w),ld(w,ld(u,mult(y,ld(z,e))))),y),x),ld(x,ld(y,e))).  [back_rewrite(1589),rewrite([1643(2),1643(7),1647(8),1647(7),1647(6),663(6),1643(11),1647(12),1643(16),1647(17),1647(20),1647(19),1643(23),1647(24),1647(27),1647(26),1643(31),1647(32),1643(36),1647(37),1647(36),1647(35),1647(34),1643(41),1647(42),1643(47),1647(48)]),flip(a)].
    new demodulator: 1673.
        1643 back demodulating 1588.
        1643 back demodulating 1587.
kept:      1674 mult(mult(ld(mult(mult(x,y),ld(y,ld(x,ld(z,e)))),z),u),ld(u,ld(z,e))) = mult(mult(mult(z,x),y),ld(y,ld(x,e))).  [back_rewrite(1587),rewrite([1643(4),1647(5),1647(4),1643(10),1647(11),1643(20),1647(21),1647(20),1670(26)])].
    new demodulator: 1674.
        1643 back demodulating 1586.
kept:      1675 mult(mult(ld(mult(mult(x,mult(mult(mult(y,z),u),ld(u,ld(z,e)))),ld(mult(mult(mult(y,z),u),ld(u,ld(z,e))),ld(x,ld(y,e)))),z),u),ld(u,ld(z,e))) = mult(mult(mult(y,z),u),ld(u,ld(z,e))).  [back_rewrite(1586),rewrite([1643(8),1647(9),1647(8),1670(14),1643(16),1647(17),1647(16),1670(22),1643(16),1647(17),1647(16),1643(22),1647(23),1643(32),1647(33),1647(32),1670(38)])].
    new demodulator: 1675.
        1643 back demodulating 1585.
kept:      1676 mult(ld(x,ld(ld(mult(ld(y,e),mult(mult(mult(ld(mult(mult(z,u),ld(u,ld(z,ld(y,e)))),y),y),w),v5)),y),ld(v5,ld(w,e)))),x) = mult(ld(x,ld(ld(mult(ld(y,e),mult(mult(mult(ld(mult(mult(w,v5),ld(v5,ld(w,ld(y,e)))),y),y),z),u)),y),ld(u,ld(z,e)))),x).  [back_rewrite(1585),rewrite([1643(9),1647(10),1647(9),1643(18),1647(19),1627(18),49(16),1647(18),1647(17),1643(29),1647(30),1647(29),1643(38),1647(39),1627(38),49(36),1647(38),1647(37)])].
        1643 back demodulating 1584.
kept:      1677 mult(mult(ld(mult(mult(x,y),ld(y,ld(x,ld(z,e)))),ld(z,e)),u),ld(u,z)) = mult(mult(mult(z,x),y),ld(y,ld(x,e))).  [back_rewrite(1584),rewrite([1643(4),1647(5),1647(4),1643(14),1647(15),1627(14),49(12),1643(20),1647(21),1647(20),1670(26)])].
    new demodulator: 1677.
        1643 back demodulating 1583.
kept:      1678 ld(mult(ld(x,e),mult(mult(x,y),ld(mult(ld(z,e),mult(mult(mult(ld(mult(mult(u,w),ld(w,ld(u,ld(z,e)))),z),z),ld(x,e)),y)),z))),x) = mult(ld(z,e),mult(ld(z,e),mult(mult(mult(mult(ld(mult(mult(u,w),ld(w,ld(u,ld(z,e)))),z),z),ld(x,e)),y),ld(y,x)))).  [back_rewrite(1583),rewrite([1643(8),1647(9),1647(8),1643(20),1627(21),46(20),1643(31),1647(32),1647(31),1643(42),1647(43),1627(42),49(40),675(40),1647(46),1627(45),49(43)]),flip(a)].
    new demodulator: 1678.
        1643 back demodulating 1582.
kept:      1679 ld(ld(mult(ld(x,e),mult(mult(mult(ld(mult(mult(y,z),ld(z,ld(y,ld(x,e)))),x),x),u),w)),x),ld(w,ld(u,e))) = mult(ld(ld(z,ld(y,ld(x,e))),ld(z,ld(y,e))),mult(ld(ld(z,ld(y,ld(x,e))),ld(z,ld(y,e))),mult(mult(mult(mult(mult(y,z),ld(z,ld(y,ld(x,e)))),u),w),ld(w,ld(u,e))))).  [back_rewrite(1582),rewrite([1643(4),1647(5),1647(4),1647(8),1647(7),1643(12),1647(13),1647(12),1647(16),1647(15),1643(20),1647(21),1647(20),1643(28),1647(29),46(30),1643(39),1647(40),1647(39),1643(48),1647(49),1627(48),49(46),1647(48),1647(47)]),flip(a)].
    new demodulator: 1679.
        1643 back demodulating 1581.
kept:      1680 mult(ld(ld(x,ld(y,ld(z,e))),ld(x,ld(y,e))),mult(ld(ld(x,ld(y,ld(z,e))),ld(x,ld(y,e))),mult(mult(mult(mult(mult(y,x),ld(x,ld(y,ld(z,e)))),u),w),ld(w,ld(u,e))))) = mult(ld(z,e),mult(ld(z,e),mult(mult(mult(mult(ld(mult(mult(u,w),ld(w,ld(u,ld(z,e)))),z),z),y),x),ld(x,ld(y,e))))).  [back_rewrite(1581),rewrite([1643(8),1647(9),1647(8),1643(18),1647(19),46(20),1643(29),1647(30),1647(29),1643(38),1647(39),1627(38),49(36),1647(38),1647(37),1679(38)]),flip(a)].
        1643 back demodulating 1580.
        1643 back demodulating 1579.
        1643 back demodulating 1578.
kept:      1681 mult(ld(x,e),mult(ld(x,e),mult(ld(mult(ld(y,e),mult(ld(y,e),mult(mult(y,z),ld(z,mult(y,ld(x,e)))))),x),x))) = mult(mult(mult(x,ld(y,e)),z),ld(z,y)).  [back_rewrite(1578),rewrite([1643(6),1627(7),1643(18),1647(19),1647(18),663(18),675(18)]),flip(a)].
    new demodulator: 1681.
        1643 back demodulating 1577.
        1643 back demodulating 1576.
kept:      1682 mult(ld(x,e),mult(ld(x,e),mult(ld(x,e),mult(ld(mult(mult(y,z),ld(z,ld(y,ld(x,e)))),x),mult(x,x))))) = mult(mult(mult(x,y),z),ld(z,ld(y,e))).  [back_rewrite(1576),rewrite([1643(10),1647(11),1647(10),1643(26),1647(27),1647(26),1670(32)])].
    new demodulator: 1682.
        1643 back demodulating 1574.
kept:      1683 mult(ld(x,mult(mult(mult(y,ld(mult(ld(x,y),x),z)),u),ld(u,ld(z,mult(ld(x,y),x))))),x) = mult(mult(z,u),ld(u,ld(z,mult(ld(x,y),x)))).  [back_rewrite(1574),rewrite([1643(14),1647(15),1647(14),1670(20),1627(10),1643(18),1647(19),1627(18)])].
    new demodulator: 1683.
        1643 back demodulating 1573.
kept:      1684 mult(ld(x,mult(mult(mult(y,z),ld(mult(mult(ld(x,y),x),z),u)),ld(ld(mult(mult(ld(x,y),x),z),u),ld(z,e)))),x) = mult(u,ld(ld(mult(mult(ld(x,y),x),z),u),ld(z,e))).  [back_rewrite(1573),rewrite([1643(16),1647(17),1647(16),1670(22),1643(22),1647(23)])].
    new demodulator: 1684.
        1643 back demodulating 1572.
kept:      1685 mult(mult(ld(x,mult(mult(mult(y,z),u),ld(u,ld(z,e)))),x),mult(z,u)) = mult(mult(mult(ld(x,y),x),z),u).  [back_rewrite(1572),rewrite([1643(8),1647(9),1647(8),1670(14)])].
    new demodulator: 1685.
        1643 back demodulating 1569.
kept:      1686 mult(ld(x,mult(mult(mult(y,mult(mult(ld(x,y),x),z)),u),ld(u,ld(z,ld(x,ld(y,x)))))),x) = mult(mult(ld(x,y),x),mult(mult(ld(x,y),x),mult(mult(z,u),ld(u,ld(z,ld(x,ld(y,x))))))).  [back_rewrite(1569),rewrite([1643(14),1647(15),1647(14),1670(20),1647(10),1647(9),1627(8),1643(24),1647(25),1647(24),1647(23),1627(22),46(24)])].
    new demodulator: 1686.
        1643 back demodulating 1568.
kept:      1687 ld(mult(ld(x,mult(mult(mult(y,z),u),ld(u,ld(z,e)))),x),mult(mult(mult(ld(x,y),x),z),u)) = mult(z,u).  [back_rewrite(1568),rewrite([1643(8),1647(9),1647(8),1670(14)])].
    new demodulator: 1687.
        1643 back demodulating 1567.
kept:      1688 mult(ld(x,mult(mult(mult(y,mult(ld(x,y),x)),z),ld(z,ld(x,ld(y,x))))),x) = mult(ld(x,y),x).  [back_rewrite(1567),rewrite([1643(12),1647(13),1647(12),1670(18),1647(8),1627(7)])].
    new demodulator: 1688.
        1643 back demodulating 1566.
kept:      1689 mult(ld(x,mult(mult(mult(y,z),mult(ld(x,y),x)),ld(mult(ld(x,y),x),ld(z,e)))),x) = mult(ld(x,y),x).  [back_rewrite(1566),rewrite([1643(12),1647(13),1647(12),1670(18)])].
    new demodulator: 1689.
        1643 back demodulating 1565.
kept:      1690 mult(ld(x,mult(mult(mult(y,z),mult(ld(mult(mult(ld(x,y),x),z),u),mult(mult(ld(x,y),x),z))),ld(mult(ld(mult(mult(ld(x,y),x),z),u),mult(mult(ld(x,y),x),z)),ld(z,e)))),x) = mult(mult(u,mult(mult(ld(x,y),x),z)),ld(mult(ld(mult(mult(ld(x,y),x),z),u),mult(mult(ld(x,y),x),z)),ld(z,e))).  [back_rewrite(1565),rewrite([1643(24),1647(25),1647(24),1670(30),1643(38),1647(39)])].
    new demodulator: 1690.
        1643 back demodulating 1564.
kept:      1691 mult(ld(x,mult(mult(mult(y,mult(ld(mult(ld(x,y),x),z),mult(ld(x,y),x))),u),ld(u,ld(mult(ld(x,y),x),ld(z,mult(ld(x,y),x)))))),x) = mult(mult(mult(z,mult(ld(x,y),x)),u),ld(u,ld(mult(ld(x,y),x),ld(z,mult(ld(x,y),x))))).  [back_rewrite(1564),rewrite([1643(20),1647(21),1647(20),1670(26),1647(16),1627(15),1643(30),1647(31),1647(30),1627(29)])].
    new demodulator: 1691.
        1643 back demodulating 1563.
        1643 back demodulating 1562.
        1643 back demodulating 1559.
kept:      1692 mult(ld(mult(x,y),mult(x,mult(y,mult(mult(mult(z,u),w),ld(w,ld(u,e)))))),mult(u,w)) = mult(mult(ld(mult(x,y),mult(x,mult(y,z))),u),w).  [back_rewrite(1559),rewrite([1643(9),1647(10),1647(9),1670(15)])].
    new demodulator: 1692.
        1643 back demodulating 1558.
kept:      1693 ld(mult(x,y),mult(x,mult(y,mult(mult(mult(z,u),ld(mult(ld(mult(x,y),mult(x,mult(y,z))),u),w)),ld(ld(mult(ld(mult(x,y),mult(x,mult(y,z))),u),w),ld(u,e)))))) = mult(w,ld(ld(mult(ld(mult(x,y),mult(x,mult(y,z))),u),w),ld(u,e))).  [back_rewrite(1558),rewrite([1643(21),1647(22),1647(21),1670(27),1643(30),1647(31)])].
    new demodulator: 1693.
        1643 back demodulating 1557.
kept:      1694 ld(mult(x,y),mult(x,mult(y,mult(mult(mult(z,ld(ld(mult(x,y),mult(x,mult(y,z))),u)),w),ld(w,ld(u,ld(mult(x,y),mult(x,mult(y,z))))))))) = mult(mult(u,w),ld(w,ld(u,ld(mult(x,y),mult(x,mult(y,z)))))).  [back_rewrite(1557),rewrite([1643(19),1647(20),1647(19),1670(25),1627(15),1643(26),1647(27),1627(26)])].
    new demodulator: 1694.
        1643 back demodulating 1554.
kept:      1695 r(x,y,z) = mult(mult(mult(x,y),z),ld(z,ld(y,e))).  [back_rewrite(1554),rewrite([1643(9),1647(10),1647(9),1670(15)])].
    new demodulator: 1695.
        1643 back demodulating 1550.
kept:      1696 ld(mult(mult(x,ld(y,e)),z),mult(ld(mult(y,ld(x,e)),z),z)) = z.  [back_rewrite(1550),rewrite([1643(1),1643(5)])].
    new demodulator: 1696.
        1643 back demodulating 1549.
kept:      1697 ld(mult(x,y),mult(mult(mult(x,ld(y,e)),z),mult(ld(z,y),y))) != e | ld(mult(mult(x,ld(y,e)),z),mult(x,y)) = mult(ld(z,y),y).  [back_rewrite(1549),rewrite([1643(2),1643(12)])].
        1643 back demodulating 1548.
kept:      1698 mult(mult(x,y),ld(mult(ld(x,y),y),ld(y,e))) = mult(x,mult(ld(y,e),mult(x,ld(y,e)))).  [back_rewrite(1548),rewrite([1643(2),1656(5),162(4),1643(5),1647(6),1643(8),1643(11),1415(14)])].
    new demodulator: 1698.
        1643 back demodulating 1547.
kept:      1699 ld(mult(mult(x,ld(y,e)),z),mult(x,y)) != mult(ld(z,y),y) | ld(mult(x,y),mult(mult(mult(x,ld(y,e)),z),mult(ld(z,y),y))) = e.  [back_rewrite(1547),rewrite([1643(1),1643(11)])].
        1643 back demodulating 1545.
kept:      1700 mult(ld(mult(mult(x,ld(y,e)),mult(mult(y,x),mult(x,ld(y,e)))),x),x) = mult(y,ld(x,e)).  [back_rewrite(1545),rewrite([1643(1),1643(5),1643(8),1647(9),663(9),1643(12)])].
    new demodulator: 1700.
        1643 back demodulating 1544.
kept:      1701 mult(ld(x,ld(y,x)),mult(ld(x,ld(y,x)),ld(mult(mult(z,u),ld(u,ld(z,ld(x,ld(y,x))))),mult(ld(x,y),mult(y,x))))) = mult(ld(x,mult(mult(mult(y,z),u),ld(u,ld(z,e)))),x).  [back_rewrite(1544),rewrite([1647(4),1627(3),1647(6),1627(5),1643(10),1647(11),1647(10),1647(9),1627(8),1643(24),1647(25),1647(24),1670(30)])].
    new demodulator: 1701.
        1643 back demodulating 1543.
kept:      1702 mult(ld(x,mult(ld(x,ld(y,x)),mult(ld(x,ld(y,x)),mult(ld(y,e),mult(ld(y,e),mult(mult(ld(mult(mult(z,u),ld(u,ld(z,ld(y,e)))),y),y),mult(ld(x,y),mult(y,x)))))))),x) = mult(ld(x,mult(mult(mult(y,z),u),ld(u,ld(z,e)))),x).  [back_rewrite(1543),rewrite([1647(4),1627(3),1647(6),1627(5),1643(12),1647(13),1647(12),1643(34),1647(35),1647(34),1670(40)])].
    new demodulator: 1702.
        1643 back demodulating 1542.
kept:      1703 mult(ld(x,e),mult(ld(x,e),ld(mult(mult(y,z),ld(z,ld(y,ld(x,e)))),mult(mult(x,u),mult(ld(u,e),mult(mult(x,u),ld(u,e))))))) = mult(ld(x,e),mult(ld(x,e),mult(mult(mult(ld(mult(mult(y,z),ld(z,ld(y,ld(x,e)))),x),x),u),ld(u,e)))).  [back_rewrite(1542),rewrite([1647(6),1647(5),663(6),10(4),1647(8),1647(7),663(8),10(6),1643(12),1647(13),1647(12),1647(11),1647(10),663(11),10(9),1643(30),1647(31),1647(30)])].
    new demodulator: 1703.
        1643 back demodulating 1541.
kept:      1704 mult(ld(x,e),mult(ld(x,e),ld(mult(mult(y,z),ld(z,ld(y,ld(x,e)))),mult(mult(x,ld(u,e)),mult(u,x))))) = mult(mult(mult(x,y),z),ld(z,ld(y,e))).  [back_rewrite(1541),rewrite([1645(4),1645(6),1645(9),1643(8),1647(9),1647(8),1645(17),1643(26),1647(27),1647(26),1645(34),1670(32)])].
    new demodulator: 1704.
        1643 back demodulating 1540.
kept:      1705 mult(ld(x,e),mult(ld(x,e),mult(mult(mult(x,ld(y,e)),z),ld(z,mult(y,x))))) != e | mult(ld(mult(mult(x,ld(y,e)),z),x),x) = ld(z,mult(y,x)).  [back_rewrite(1540),rewrite([1643(5),1643(16)])].
        1643 back demodulating 1539.
kept:      1706 mult(ld(mult(x,mult(ld(x,mult(y,ld(z,e))),mult(z,y))),y),y) != e | ld(mult(y,ld(z,e)),mult(x,mult(ld(x,mult(y,ld(z,e))),mult(z,y)))) = mult(z,y).  [back_rewrite(1539),rewrite([1643(1),1643(12),1643(15)])].
        1643 back demodulating 1538.
kept:      1707 mult(ld(mult(mult(x,ld(y,e)),mult(mult(y,x),mult(y,ld(x,e)))),x),x) = mult(x,ld(y,e)).  [back_rewrite(1538),rewrite([1643(1),1643(5),1643(8),1647(9),663(9),1643(12)])].
    new demodulator: 1707.
        1643 back demodulating 1537.
kept:      1708 mult(ld(x,e),mult(ld(x,e),mult(mult(mult(x,ld(y,e)),mult(mult(y,x),ld(z,e))),z))) != e | mult(ld(mult(mult(x,ld(y,e)),mult(mult(y,x),ld(z,e))),x),x) = z.  [back_rewrite(1537),rewrite([1643(5),1643(9),1643(18),1643(22)])].
        1643 back demodulating 1536.
kept:      1709 mult(ld(mult(x,y),mult(y,ld(x,e))),mult(x,y)) = mult(ld(y,ld(x,y)),y).  [back_rewrite(1536),rewrite([1643(2),1649(9)])].
    new demodulator: 1709.
        1643 back demodulating 1535.
kept:      1710 mult(ld(mult(mult(mult(x,ld(y,e)),ld(z,e)),mult(z,mult(y,x))),x),x) != e | mult(mult(y,ld(x,e)),mult(mult(mult(x,ld(y,e)),ld(z,e)),mult(z,mult(y,x)))) = mult(y,x).  [back_rewrite(1535),rewrite([1643(1),1643(4),1643(14),1643(17),1643(20)])].
        1643 back demodulating 1534.
kept:      1711 mult(ld(mult(mult(x,ld(y,e)),z),x),x) != ld(z,mult(y,x)) | mult(ld(x,e),mult(ld(x,e),mult(mult(mult(x,ld(y,e)),z),ld(z,mult(y,x))))) = e.  [back_rewrite(1534),rewrite([1643(1),1643(14)])].
        1643 back demodulating 1533.
kept:      1712 mult(ld(mult(mult(x,ld(y,e)),mult(mult(y,x),ld(z,e))),x),x) != z | mult(ld(x,e),mult(ld(x,e),mult(mult(mult(x,ld(y,e)),mult(mult(y,x),ld(z,e))),z))) = e.  [back_rewrite(1533),rewrite([1643(1),1643(5),1643(16),1643(20)])].
        1643 back demodulating 1532.
kept:      1713 ld(mult(x,ld(y,e)),mult(x,mult(y,mult(x,y)))) = mult(y,mult(y,mult(x,y))).  [back_rewrite(1532),rewrite([1643(1)])].
    new demodulator: 1713.
        1643 back demodulating 1530.
kept:      1714 ld(mult(x,ld(y,e)),mult(x,mult(x,mult(y,ld(x,e))))) = mult(mult(y,x),mult(y,ld(x,e))).  [back_rewrite(1530),rewrite([1643(2),1643(5),1647(6),663(6),1643(6),1643(10),1643(13),1647(14),663(14),161(13)]),flip(a)].
    new demodulator: 1714.
        1643 back demodulating 1529.
        1643 back demodulating 1528.
kept:      1715 ld(ld(mult(x,ld(y,e)),mult(z,mult(y,ld(x,e)))),mult(mult(y,ld(x,e)),mult(z,mult(mult(y,ld(x,e)),z)))) = z.  [back_rewrite(1528),rewrite([1643(1),1643(4),1643(7),1647(8),663(8),1643(9),1643(12)])].
    new demodulator: 1715.
        1643 back demodulating 1527.
kept:      1716 ld(mult(x,mult(y,ld(x,e))),mult(x,mult(y,mult(x,y)))) = mult(x,mult(x,y)).  [back_rewrite(1527),rewrite([1643(1)])].
    new demodulator: 1716.
        1643 back demodulating 1525.
        1643 back demodulating 1524.
kept:      1717 ld(ld(x,mult(y,ld(x,e))),mult(ld(x,e),mult(y,mult(ld(x,e),y)))) = y.  [back_rewrite(1524),rewrite([1643(1)])].
    new demodulator: 1717.
        1643 back demodulating 1523.
        1643 back demodulating 1521.
        1643 back demodulating 1519.
kept:      1718 ld(mult(x,ld(y,e)),mult(x,mult(z,mult(z,x)))) = mult(y,mult(z,mult(z,x))).  [back_rewrite(1519),rewrite([1643(3),46(5),333(11)])].
    new demodulator: 1718.
        1643 back demodulating 1517.
kept:      1719 mult(mult(x,ld(y,e)),mult(y,mult(y,mult(x,y)))) = mult(x,mult(y,mult(x,y))).  [back_rewrite(1517),rewrite([1643(1)])].
    new demodulator: 1719.
        1643 back demodulating 1516.
kept:      1720 mult(x,mult(x,ld(mult(x,mult(y,x)),ld(y,e)))) = mult(x,mult(ld(y,e),ld(x,ld(y,e)))).  [back_rewrite(1516),rewrite([1643(1),1643(5),1647(6),1327(7),1643(12),1647(13),161(14)]),flip(a)].
    new demodulator: 1720.
        1643 back demodulating 1515.
kept:      1721 mult(mult(mult(x,y),mult(x,ld(y,e))),mult(y,y)) = mult(x,mult(y,mult(x,y))).  [back_rewrite(1515),rewrite([1643(2),1643(5),1647(6),663(6)])].
    new demodulator: 1721.
        1643 back demodulating 1514.
kept:      1722 ld(mult(mult(x,mult(ld(y,e),ld(y,e))),mult(y,ld(z,e))),x) != mult(z,y) | ld(x,mult(mult(mult(x,mult(ld(y,e),ld(y,e))),mult(y,ld(z,e))),mult(z,y))) = e.  [back_rewrite(1514),rewrite([1643(2),1012(3),8(6),1643(7),1643(15),1012(16),8(19),1643(20)])].
        1643 back demodulating 1513.
kept:      1723 mult(x,mult(x,mult(mult(x,ld(y,e)),mult(y,ld(x,e))))) = mult(x,x).  [back_rewrite(1513),rewrite([1643(2),1012(3),8(6),1643(7),1647(8),1012(8),1627(4),49(2),1627(4),49(2),1643(6),46(9)])].
    new demodulator: 1723.
        1643 back demodulating 1512.
kept:      1724 ld(mult(mult(x,y),mult(x,ld(y,e))),mult(x,mult(y,mult(x,y)))) = mult(y,y).  [back_rewrite(1512),rewrite([1643(2),1643(5),1647(6),663(6)])].
    new demodulator: 1724.
        1643 back demodulating 1509.
kept:      1725 mult(mult(x,ld(y,e)),mult(y,mult(x,mult(y,x)))) = mult(x,mult(x,mult(y,x))).  [back_rewrite(1509),rewrite([1643(1)])].
    new demodulator: 1725.
        1643 back demodulating 1508.
kept:      1726 mult(mult(x,mult(y,ld(z,e))),ld(mult(y,ld(z,e)),x)) = mult(x,x).  [back_rewrite(1508),rewrite([1643(1),1643(4),1647(5),663(5),1643(5)])].
    new demodulator: 1726.
        1643 back demodulating 1507.
kept:      1727 ld(x,mult(mult(x,mult(y,ld(z,e))),mult(z,z))) != mult(y,z) | ld(mult(mult(x,mult(y,ld(z,e))),mult(z,z)),mult(x,mult(y,z))) = e.  [back_rewrite(1507),rewrite([1643(1),1643(4),1647(5),663(5),1643(10),1643(13),1647(14),663(14)])].
        1643 back demodulating 1506.
kept:      1728 mult(ld(mult(x,ld(y,e)),z),ld(mult(x,ld(y,e)),z)) = mult(mult(y,ld(x,e)),mult(z,mult(mult(y,ld(x,e)),z))).  [back_rewrite(1506),rewrite([1643(1),1643(4),1643(10),1643(14)]),flip(a)].
    new demodulator: 1728.
        1643 back demodulating 1505.
kept:      1729 mult(x,mult(x,mult(ld(y,x),ld(x,y)))) = mult(x,x).  [back_rewrite(1505),rewrite([1643(1),1643(5),1627(6),1656(4),46(5)])].
    new demodulator: 1729.
        1643 back demodulating 1504.
kept:      1730 mult(mult(x,mult(y,ld(x,e))),mult(x,mult(x,y))) = mult(x,mult(y,mult(x,y))).  [back_rewrite(1504),rewrite([1643(1)])].
    new demodulator: 1730.
        1643 back demodulating 1503.
kept:      1731 mult(mult(x,ld(y,e)),mult(mult(y,x),mult(y,ld(x,e)))) = mult(x,mult(x,mult(y,ld(x,e)))).  [back_rewrite(1503),rewrite([1643(2),1643(5),1647(6),663(6),161(5),1643(6),1643(10),1643(13),1647(14),663(14)]),flip(a)].
    new demodulator: 1731.
        1643 back demodulating 1501.
kept:      1732 ld(mult(x,y),z) != mult(ld(y,e),mult(ld(y,e),mult(mult(y,ld(x,e)),z))) | ld(mult(mult(y,ld(x,e)),z),mult(y,mult(y,ld(mult(x,y),z)))) = e.  [back_rewrite(1501),rewrite([1643(7),1643(14)])].
        1643 back demodulating 1498.
kept:      1733 mult(mult(x,y),ld(y,x)) = mult(x,x).  [back_rewrite(1498),rewrite([1643(3),1627(4),49(2)])].
    new demodulator: 1733.
        1643 back demodulating 1496.
kept:      1734 ld(mult(mult(x,mult(y,ld(z,e))),mult(z,z)),mult(x,mult(y,z))) != e | ld(x,mult(mult(x,mult(y,ld(z,e))),mult(z,z))) = mult(y,z).  [back_rewrite(1496),rewrite([1643(1),1643(4),1647(5),663(5),1643(12),1643(15),1647(16),663(16)])].
        1643 back demodulating 1495.
        1643 back demodulating 1494.
kept:      1735 ld(x,mult(mult(mult(x,mult(ld(y,e),ld(y,e))),mult(y,ld(z,e))),mult(z,y))) != e | ld(mult(mult(x,mult(ld(y,e),ld(y,e))),mult(y,ld(z,e))),x) = mult(z,y).  [back_rewrite(1494),rewrite([1643(2),1012(3),8(6),1643(7),1643(17),1012(18),8(21),1643(22)])].
        1643 back demodulating 1490.
kept:      1736 ld(mult(mult(x,ld(y,e)),mult(mult(y,x),mult(ld(x,e),mult(ld(x,e),z)))),z) != e | mult(ld(x,e),mult(ld(x,e),mult(mult(x,ld(y,e)),mult(mult(y,x),mult(ld(x,e),mult(ld(x,e),z)))))) = mult(ld(x,e),mult(ld(x,e),z)).  [back_rewrite(1490),rewrite([1643(1),1643(20)])].
        1643 back demodulating 1489.
kept:      1737 mult(x,mult(x,ld(mult(y,x),mult(x,ld(y,e))))) = mult(x,mult(ld(y,e),mult(x,ld(y,e)))).  [back_rewrite(1489),rewrite([1643(2),1643(7),1627(8),161(7),1643(8),1643(11),1415(14)])].
    new demodulator: 1737.
        1643 back demodulating 1487.
kept:      1738 ld(mult(mult(x,y),mult(y,ld(x,e))),mult(mult(x,y),mult(y,y))) = mult(x,y).  [back_rewrite(1487),rewrite([1643(2)])].
    new demodulator: 1738.
        1643 back demodulating 1486.
kept:      1739 mult(mult(x,mult(ld(y,e),mult(x,x))),ld(x,ld(y,e))) = mult(x,mult(ld(y,e),mult(x,ld(y,e)))).  [back_rewrite(1486),rewrite([1643(1),987(5),1643(7),1647(8),1643(10),1643(13),1415(16)])].
    new demodulator: 1739.
        1643 back demodulating 1485.
kept:      1740 ld(mult(mult(x,ld(y,e)),z),mult(x,mult(x,ld(mult(y,x),z)))) != e | ld(mult(y,x),z) = mult(ld(x,e),mult(ld(x,e),mult(mult(x,ld(y,e)),z))).  [back_rewrite(1485),rewrite([1643(1),1643(18)])].
        1643 back demodulating 1483.
kept:      1741 mult(mult(x,ld(y,ld(x,e))),mult(x,mult(y,x))) = mult(x,x).  [back_rewrite(1483),rewrite([1643(2),1647(3)])].
    new demodulator: 1741.
        1643 back demodulating 1482.
kept:      1742 mult(mult(x,ld(y,e)),mult(mult(y,x),mult(x,ld(y,e)))) = mult(x,mult(x,mult(x,ld(y,e)))).  [back_rewrite(1482),rewrite([1643(1),1643(5),1643(10)])].
    new demodulator: 1742.
        1643 back demodulating 1481.
kept:      1743 mult(mult(x,mult(ld(y,e),ld(y,e))),mult(y,mult(y,x))) = mult(x,x).  [back_rewrite(1481),rewrite([1643(2),1012(3),8(6)])].
    new demodulator: 1743.
        1643 back demodulating 1480.
kept:      1744 mult(mult(x,ld(mult(y,z),ld(y,e))),mult(y,mult(y,mult(z,x)))) = mult(x,x).  [back_rewrite(1480),rewrite([1643(3),1647(4)])].
    new demodulator: 1744.
        1643 back demodulating 1479.
kept:      1745 mult(mult(x,mult(ld(y,e),mult(x,x))),z) = mult(mult(x,ld(y,e)),mult(mult(x,ld(y,e)),mult(mult(y,x),z))).  [back_rewrite(1479),rewrite([1643(1),987(5),1643(7),1643(10)])].
    new demodulator: 1745.
        1643 back demodulating 1478.
kept:      1746 ld(mult(x,mult(y,ld(z,e))),mult(x,mult(y,y))) != mult(z,y) | ld(mult(x,mult(y,y)),mult(mult(x,mult(y,ld(z,e))),mult(z,y))) = e.  [back_rewrite(1478),rewrite([1643(1),1643(12)])].
        1643 back demodulating 1477.
kept:      1747 mult(ld(x,e),mult(ld(x,e),mult(mult(x,ld(y,e)),mult(mult(y,x),z)))) != z | ld(mult(mult(x,ld(y,e)),mult(mult(y,x),z)),mult(x,mult(x,z))) = e.  [back_rewrite(1477),rewrite([1643(5),1643(14)])].
        1643 back demodulating 1476.
kept:      1748 ld(mult(mult(x,ld(y,e)),mult(mult(y,x),z)),mult(x,mult(x,z))) != e | mult(ld(x,e),mult(ld(x,e),mult(mult(x,ld(y,e)),mult(mult(y,x),z)))) = z.  [back_rewrite(1476),rewrite([1643(1),1643(16)])].
        1643 back demodulating 1475.
kept:      1749 ld(mult(x,mult(y,y)),mult(mult(x,mult(y,ld(z,e))),mult(z,y))) != e | ld(mult(x,mult(y,ld(z,e))),mult(x,mult(y,y))) = mult(z,y).  [back_rewrite(1475),rewrite([1643(3),1643(12)])].
        1643 back demodulating 1474.
        1643 back demodulating 1473.
        1643 back demodulating 1472.
kept:      1750 mult(ld(x,mult(y,ld(x,e))),y) = mult(ld(x,y),ld(x,y)).  [back_rewrite(1472),rewrite([1643(1)])].
    new demodulator: 1750.
        1643 back demodulating 1471.
kept:      1751 mult(mult(x,ld(mult(y,mult(y,y)),ld(y,e))),y) = mult(mult(x,ld(y,e)),mult(ld(y,e),ld(y,e))).  [back_rewrite(1471),rewrite([1643(1),1643(5),1012(6),8(9),1643(13),1647(14)]),flip(a)].
    new demodulator: 1751.
        1643 back demodulating 1470.
kept:      1752 ld(mult(x,ld(y,e)),mult(mult(x,y),mult(y,y))) = mult(y,mult(y,mult(y,y))).  [back_rewrite(1470),rewrite([1643(1)])].
    new demodulator: 1752.
        1643 back demodulating 1469.
kept:      1753 mult(mult(x,ld(y,e)),mult(ld(y,e),ld(y,e))) = mult(mult(x,y),ld(mult(y,mult(y,y)),ld(y,e))).  [back_rewrite(1469),rewrite([1643(5),1647(6),1643(11),1647(12),1751(14)]),flip(a)].
        1643 back demodulating 1467.
kept:      1754 mult(ld(mult(x,ld(y,e)),z),mult(ld(z,e),ld(z,e))) = mult(mult(y,ld(x,e)),ld(z,e)).  [back_rewrite(1467),rewrite([1643(1),1643(4),1643(7),1643(12),1012(13),8(16)]),flip(a)].
    new demodulator: 1754.
        1643 back demodulating 1464.
kept:      1755 mult(x,ld(mult(x,mult(mult(y,ld(z,e)),x)),mult(z,ld(y,e)))) = mult(mult(z,ld(y,e)),ld(x,mult(z,ld(y,e)))).  [back_rewrite(1464),rewrite([1643(1),1643(4),1643(8),1647(9),1647(8),663(8),1643(9),1643(12),1643(18),1647(19),1647(18),663(18)]),flip(a)].
    new demodulator: 1755.
        1643 back demodulating 1461.
kept:      1756 ld(x,mult(y,mult(ld(x,e),ld(x,e)))) = mult(ld(x,y),mult(ld(x,e),ld(x,e))).  [back_rewrite(1461),rewrite([1643(3),1012(4),8(7),1643(9),1012(10),8(13)]),flip(a)].
    new demodulator: 1756.
        1643 back demodulating 1460.
kept:      1757 mult(mult(mult(x,y),mult(ld(y,x),y)),ld(mult(x,y),ld(x,y))) = y.  [back_rewrite(1460),rewrite([1643(8),1647(9),1627(8)])].
    new demodulator: 1757.
        1643 back demodulating 1456.
kept:      1758 mult(x,ld(mult(x,mult(ld(y,e),x)),y)) = mult(y,ld(x,y)).  [back_rewrite(1456),rewrite([1643(8),1647(9),1627(8),49(6),1643(10),1647(11),1627(10),49(8)])].
    new demodulator: 1758.
        1643 back demodulating 1455.
        1643 back demodulating 1454.
kept:      1759 mult(ld(x,e),ld(y,e)) = mult(ld(x,y),mult(ld(y,e),ld(y,e))).  [back_rewrite(1454),rewrite([1643(3),1643(8),1012(9),8(12)])].
        1643 back demodulating 1453.
kept:      1760 mult(x,ld(mult(x,mult(y,x)),ld(y,e))) = mult(ld(y,e),ld(x,ld(y,e))).  [back_rewrite(1453),rewrite([1643(4),1647(5),1643(10),1647(11)]),flip(a)].
    new demodulator: 1760.
        1643 back demodulating 1452.
kept:      1761 mult(mult(x,mult(y,ld(x,y))),mult(ld(y,x),ld(y,x))) = mult(x,x).  [back_rewrite(1452),rewrite([1643(7),1012(8),1627(6),1627(7),8(7)])].
    new demodulator: 1761.
        1643 back demodulating 1451.
        1643 back demodulating 1450.
kept:      1762 mult(mult(x,mult(y,y)),ld(mult(y,mult(y,y)),ld(y,e))) = mult(x,mult(ld(y,e),ld(y,e))).  [back_rewrite(1450),rewrite([1643(6),1647(7),1643(10),1012(11),8(14)])].
    new demodulator: 1762.
        1643 back demodulating 1449.
        1643 back demodulating 1448.
kept:      1763 mult(mult(x,mult(y,mult(y,z))),ld(mult(y,mult(z,mult(y,mult(y,z)))),ld(y,e))) = mult(x,ld(mult(y,z),ld(y,e))).  [back_rewrite(1448),rewrite([1643(9),1647(10),1643(14),1647(15)])].
    new demodulator: 1763.
        1643 back demodulating 1447.
kept:      1764 mult(x,mult(x,mult(mult(y,z),mult(ld(z,e),ld(z,e))))) = mult(x,mult(x,mult(y,ld(z,e)))).  [back_rewrite(1447),rewrite([1643(5),1012(6),8(9),46(9),1643(12),46(14)])].
    new demodulator: 1764.
        1643 back demodulating 1446.
        1643 back demodulating 1445.
        1643 back demodulating 1444.
        1643 back demodulating 1443.
kept:      1765 mult(mult(mult(x,mult(y,ld(x,e))),mult(x,y)),ld(x,e)) = mult(x,mult(y,mult(y,ld(x,e)))).  [back_rewrite(1443),rewrite([1643(1),1643(7),1643(10)])].
    new demodulator: 1765.
        1643 back demodulating 1440.
kept:      1766 mult(ld(x,ld(y,e)),mult(ld(x,ld(y,e)),ld(mult(mult(z,u),ld(u,ld(z,ld(x,ld(y,e))))),mult(y,mult(x,mult(y,x)))))) = mult(ld(x,mult(ld(y,ld(x,e)),mult(ld(y,ld(x,e)),ld(mult(mult(z,u),ld(u,ld(z,ld(y,ld(x,e))))),mult(x,mult(y,mult(x,y))))))),x).  [back_rewrite(1440),rewrite([1647(3),1647(6),1643(11),1647(12),1647(11),1647(10),1647(22),1647(25),1643(30),1647(31),1647(30),1647(29)])].
        1643 back demodulating 1437.
        1643 back demodulating 1436.
kept:      1767 mult(mult(x,mult(y,y)),ld(ld(x,y),y)) = mult(x,mult(y,mult(x,y))).  [back_rewrite(1436),rewrite([1649(4),1643(5),1627(6)])].
    new demodulator: 1767.
        1643 back demodulating 1435.
kept:      1768 ld(mult(x,ld(y,ld(z,e))),mult(mult(mult(x,ld(mult(y,mult(z,y)),ld(z,e))),z),y)) != e | ld(mult(mult(x,ld(mult(y,mult(z,y)),ld(z,e))),z),mult(x,ld(y,ld(z,e)))) = y.  [back_rewrite(1435),rewrite([1643(2),1647(3),1643(8),1647(9),1643(19),1647(20),1643(24),1647(25)])].
        1643 back demodulating 1434.
kept:      1769 ld(mult(mult(x,ld(mult(y,mult(z,y)),ld(z,e))),z),mult(x,ld(y,ld(z,e)))) != y | ld(mult(x,ld(y,ld(z,e))),mult(mult(mult(x,ld(mult(y,mult(z,y)),ld(z,e))),z),y)) = e.  [back_rewrite(1434),rewrite([1643(4),1647(5),1643(9),1647(10),1643(15),1647(16),1643(21),1647(22)])].
        1643 back demodulating 1433.
kept:      1770 ld(mult(ld(x,e),ld(y,ld(x,e))),y) = mult(x,mult(y,mult(x,y))).  [back_rewrite(1433),rewrite([1643(4),1647(5)])].
    new demodulator: 1770.
        1643 back demodulating 1428.
        1643 back demodulating 1427.
kept:      1771 mult(x,mult(x,mult(mult(x,ld(y,e)),mult(y,x)))) = mult(x,mult(x,mult(x,x))).  [back_rewrite(1427),rewrite([1643(2),1643(5),1647(6),663(6),161(5),46(7)])].
    new demodulator: 1771.
        1643 back demodulating 1426.
kept:      1772 ld(ld(x,mult(y,ld(x,e))),mult(ld(x,y),x)) = mult(x,x).  [back_rewrite(1426),rewrite([1643(1)])].
    new demodulator: 1772.
        1643 back demodulating 1425.
        1643 back demodulating 1423.
kept:      1773 ld(mult(mult(x,ld(y,e)),ld(z,e)),ld(mult(y,ld(x,e)),z)) = mult(z,z).  [back_rewrite(1423),rewrite([1643(1),1643(4),1643(7)])].
    new demodulator: 1773.
        1643 back demodulating 1422.
kept:      1774 ld(mult(mult(x,ld(y,e)),ld(z,mult(x,ld(y,e)))),z) = mult(mult(y,ld(x,e)),mult(z,mult(mult(y,ld(x,e)),z))).  [back_rewrite(1422),rewrite([1643(1),1643(4),1643(8),1647(9),1647(8),663(8),1643(10),1643(13)])].
    new demodulator: 1774.
        1643 back demodulating 1421.
        1643 back demodulating 1419.
kept:      1775 mult(mult(mult(x,y),mult(x,ld(y,e))),ld(mult(y,mult(x,ld(y,e))),ld(y,e))) = mult(x,ld(y,e)).  [back_rewrite(1419),rewrite([1643(2),1643(6),1643(11),1647(12),1643(14)])].
    new demodulator: 1775.
        1643 back demodulating 1417.
kept:      1776 ld(mult(x,ld(y,x)),y) = mult(ld(x,e),mult(y,mult(ld(x,e),y))).  [back_rewrite(1417),rewrite([1643(4),1647(5),1627(4),49(2)])].
    new demodulator: 1776.
        1643 back demodulating 1416.
        1643 back demodulating 1414.
kept:      1777 ld(mult(ld(x,e),ld(y,e)),ld(x,y)) = mult(y,y).  [back_rewrite(1414),rewrite([1643(3)])].
    new demodulator: 1777.
        1643 back demodulating 1410.
kept:      1778 ld(mult(x,mult(y,ld(x,e))),mult(x,mult(y,x))) = mult(x,x).  [back_rewrite(1410),rewrite([1643(1)])].
    new demodulator: 1778.
        1643 back demodulating 1409.
        1643 back demodulating 1407.
kept:      1779 ld(mult(x,ld(y,e)),mult(x,y)) = mult(y,y).  [back_rewrite(1407),rewrite([1643(3),46(5),333(9)])].
    new demodulator: 1779.
        1643 back demodulating 1406.
        1643 back demodulating 1405.
kept:      1780 mult(ld(c1,e),ld(c1,mult(mult(c1,mult(c2,ld(c1,e))),c3))) != mult(ld(c1,e),mult(c2,mult(ld(c1,e),c3))).  [back_rewrite(1405),rewrite([1643(8),1647(12),663(12)])].
        1643 back demodulating 1404.
kept:      1781 ld(mult(mult(x,mult(y,ld(z,e))),mult(z,mult(ld(y,e),ld(y,e)))),x) != y | ld(x,mult(mult(mult(x,mult(y,ld(z,e))),mult(z,mult(ld(y,e),ld(y,e)))),y)) = e.  [back_rewrite(1404),rewrite([1643(1),1643(4),1647(5),663(5),1643(6),1012(7),8(10),1643(14),1643(17),1647(18),663(18),1643(19),1012(20),8(23)])].
        1643 back demodulating 1403.
kept:      1782 ld(mult(mult(x,ld(y,ld(z,e))),mult(z,ld(y,e))),x) != mult(y,y) | ld(x,mult(mult(mult(x,ld(y,ld(z,e))),mult(z,ld(y,e))),mult(y,y))) = e.  [back_rewrite(1403),rewrite([1643(2),1647(3),1643(5),1643(13),1647(14),1643(16)])].
        1643 back demodulating 1402.
kept:      1783 ld(mult(mult(x,mult(ld(y,e),mult(ld(y,e),ld(z,e)))),mult(z,y)),x) != y | ld(x,mult(mult(mult(x,mult(ld(y,e),mult(ld(y,e),ld(z,e)))),mult(z,y)),y)) = e.  [back_rewrite(1402),rewrite([1643(3),1647(4),1012(4),1643(16),1647(17),1012(17)])].
        1643 back demodulating 1401.
kept:      1784 ld(ld(mult(mult(x,y),ld(z,e)),x),z) != y | ld(z,mult(mult(mult(z,ld(y,ld(x,e))),x),y)) = e.  [back_rewrite(1401),rewrite([1643(2),1643(9),1647(10)])].
        1643 back demodulating 1400.
kept:      1785 ld(mult(mult(x,ld(y,mult(z,ld(u,e)))),mult(u,ld(z,e))),x) != y | ld(x,mult(mult(mult(x,ld(y,mult(z,ld(u,e)))),mult(u,ld(z,e))),y)) = e.  [back_rewrite(1400),rewrite([1643(1),1643(5),1627(6),1643(6),1643(12),1643(16),1647(17),1647(16),663(16),1643(17)])].
        1643 back demodulating 1399.
kept:      1786 ld(mult(mult(x,ld(y,e)),mult(z,ld(u,e))),x) != mult(mult(u,ld(z,e)),y) | ld(x,mult(mult(mult(x,ld(y,e)),mult(z,ld(u,e))),mult(mult(u,ld(z,e)),y))) = e.  [back_rewrite(1399),rewrite([1643(1),1643(4),1643(9),1643(14),1643(17),1643(21)])].
        1643 back demodulating 1398.
kept:      1787 ld(mult(mult(x,ld(y,z)),ld(z,mult(y,ld(z,e)))),x) != z | ld(x,mult(mult(mult(x,ld(y,z)),ld(z,mult(y,ld(z,e)))),z)) = e.  [back_rewrite(1398),rewrite([1643(2),1627(3),1643(3),1643(11),1627(12),1643(12)])].
        1643 back demodulating 1397.
kept:      1788 ld(mult(mult(mult(x,y),mult(z,ld(y,ld(x,e)))),x),mult(mult(x,y),z)) != y | ld(mult(mult(x,y),z),mult(mult(mult(mult(x,y),mult(z,ld(y,ld(x,e)))),x),y)) = e.  [back_rewrite(1397),rewrite([1643(3),1647(4),1643(16),1647(17)])].
        1643 back demodulating 1396.
kept:      1789 ld(mult(mult(x,ld(y,ld(z,e))),z),x) != y | ld(x,mult(mult(mult(x,ld(y,ld(z,e))),z),y)) = e.  [back_rewrite(1396),rewrite([1643(2),1647(6),1647(5),663(6),1643(9),1647(10)])].
        1643 back demodulating 1395.
kept:      1790 ld(mult(mult(x,ld(y,e)),z),x) != mult(ld(z,e),y) | ld(x,mult(mult(mult(x,ld(y,e)),z),mult(ld(z,e),y))) = e.  [back_rewrite(1395),rewrite([1643(1),1643(10)])].
        1643 back demodulating 1394.
kept:      1791 ld(mult(mult(x,ld(y,e)),mult(y,ld(z,e))),x) != z | ld(x,mult(mult(mult(x,ld(y,e)),mult(y,ld(z,e))),z)) = e.  [back_rewrite(1394),rewrite([1643(1),1643(4),1647(8),663(8),1643(10),1643(13),1647(17),663(17)])].
        1643 back demodulating 1393.
kept:      1792 ld(mult(mult(x,ld(y,z)),ld(z,e)),x) != y | ld(x,mult(mult(mult(x,ld(y,z)),ld(z,e)),y)) = e.  [back_rewrite(1393),rewrite([1643(2),1627(3),1643(11),1647(12),1627(11),49(9)])].
        1643 back demodulating 1392.
kept:      1793 mult(ld(x,ld(ld(y,ld(x,e)),ld(z,e))),z) != y | ld(z,mult(mult(mult(z,ld(y,ld(x,e))),x),y)) = e.  [back_rewrite(1392),rewrite([1643(2),1647(3),1647(7),1647(6),1643(11),1647(12)])].
        1643 back demodulating 1391.
kept:      1794 ld(mult(mult(x,ld(y,e)),ld(z,e)),x) != mult(z,y) | ld(x,mult(mult(mult(x,ld(y,e)),ld(z,e)),mult(z,y))) = e.  [back_rewrite(1391),rewrite([1643(1),1643(10)])].
        1643 back demodulating 1390.
kept:      1795 ld(mult(mult(x,ld(y,ld(z,e))),y),x) != mult(ld(y,z),y) | ld(x,mult(mult(mult(x,ld(y,ld(z,e))),y),mult(ld(y,z),y))) = e.  [back_rewrite(1390),rewrite([1643(2),1647(3),1643(11),1647(12)])].
        1643 back demodulating 1389.
kept:      1796 ld(mult(mult(x,ld(mult(y,z),ld(z,e))),mult(z,y)),x) != z | ld(x,mult(mult(mult(x,ld(mult(y,z),ld(z,e))),mult(z,y)),z)) = e.  [back_rewrite(1389),rewrite([1643(3),1647(4),1643(12),1647(13)])].
        1643 back demodulating 1388.
kept:      1797 ld(mult(mult(x,ld(mult(y,z),ld(y,e))),mult(y,y)),x) != z | ld(x,mult(mult(mult(x,ld(mult(y,z),ld(y,e))),mult(y,y)),z)) = e.  [back_rewrite(1388),rewrite([1643(3),1647(4),1643(12),1647(13)])].
        1643 back demodulating 1387.
kept:      1798 ld(mult(mult(x,ld(mult(y,mult(z,u)),ld(y,e))),mult(y,mult(y,z))),x) != u | ld(x,mult(mult(mult(x,ld(mult(y,mult(z,u)),ld(y,e))),mult(y,mult(y,z))),u)) = e.  [back_rewrite(1387),rewrite([1643(4),1647(5),1643(15),1647(16)])].
        1643 back demodulating 1386.
kept:      1799 mult(mult(mult(x,ld(y,e)),mult(ld(y,e),ld(y,e))),mult(y,y)) = mult(x,ld(y,e)).  [back_rewrite(1386),rewrite([1643(4),1647(5),1751(7),1643(12)])].
    new demodulator: 1799.
        1643 back demodulating 1385.
        1643 back demodulating 1384.
kept:      1800 ld(mult(mult(x,ld(y,e)),mult(ld(y,e),ld(y,e))),mult(x,mult(ld(y,e),ld(y,e)))) = y.  [back_rewrite(1384),rewrite([1643(4),1647(5),1751(7),1643(11),1012(12),8(15)])].
    new demodulator: 1800.
        1643 back demodulating 1383.
kept:      1801 ld(mult(mult(x,mult(ld(y,e),ld(y,e))),mult(y,ld(z,e))),mult(x,ld(y,e))) != z | ld(mult(x,ld(y,e)),mult(mult(mult(x,mult(ld(y,e),ld(y,e))),mult(y,ld(z,e))),z)) = e.  [back_rewrite(1383),rewrite([1643(2),1012(3),8(6),1643(7),1643(11),1643(16),1643(20),1012(21),8(24),1643(25)])].
        1643 back demodulating 1382.
kept:      1802 ld(mult(x,mult(y,ld(z,e))),mult(mult(x,ld(mult(ld(y,e),mult(z,ld(y,e))),ld(z,e))),z)) != y | ld(mult(mult(x,ld(mult(ld(y,e),mult(z,ld(y,e))),ld(z,e))),z),mult(mult(x,mult(y,ld(z,e))),y)) = e.  [back_rewrite(1382),rewrite([1643(1),1643(4),1647(5),663(5),1643(5),1643(8),1415(11),1643(12),1647(13),1643(18),1643(21),1415(24),1643(25),1647(26),1643(29),1643(32),1647(33),663(33)])].
        1643 back demodulating 1381.
        1643 back demodulating 1380.
kept:      1803 ld(x,mult(mult(x,mult(y,mult(y,ld(z,e)))),mult(z,ld(y,e)))) != y | ld(mult(mult(x,mult(y,mult(y,ld(z,e)))),mult(z,ld(y,e))),mult(x,y)) = e.  [back_rewrite(1380),rewrite([1643(2),1012(3),8(6),1643(7),1647(8),1012(8),1627(4),49(2),1627(4),49(2),1643(6),1643(13),1012(14),8(17),1643(18),1647(19),1012(19),1627(15),49(13),1627(15),49(13),1643(17)])].
        1643 back demodulating 1379.
        1643 back demodulating 1378.
kept:      1804 mult(mult(x,mult(ld(y,e),ld(y,e))),mult(y,mult(y,mult(y,ld(x,e))))) = mult(mult(x,ld(y,e)),mult(y,mult(y,ld(x,e)))).  [back_rewrite(1378),rewrite([1643(1),1643(5),1012(6),8(9),1643(10),1647(11),1012(11),1627(7),49(5),1627(7),49(5),1643(10),1012(11),8(14),1643(16),1012(17),8(20),1643(21),1647(22),1012(22),1627(18),49(16),1627(18),49(16)]),flip(a)].
    new demodulator: 1804.
        1643 back demodulating 1377.
kept:      1805 ld(mult(mult(x,mult(ld(y,e),ld(y,e))),z),mult(x,ld(y,e))) != ld(z,y) | ld(mult(x,ld(y,e)),mult(mult(mult(x,mult(ld(y,e),ld(y,e))),z),ld(z,y))) = e.  [back_rewrite(1377),rewrite([1643(2),1012(3),8(6),1643(8),1643(14),1643(18),1012(19),8(22)])].
        1643 back demodulating 1376.
kept:      1806 ld(mult(x,ld(y,e)),mult(mult(x,mult(ld(y,e),ld(y,e))),z)) != ld(y,z) | ld(mult(mult(x,mult(ld(y,e),ld(y,e))),z),mult(mult(x,ld(y,e)),ld(y,z))) = e.  [back_rewrite(1376),rewrite([1643(1),1643(5),1012(6),8(9),1643(15),1012(16),8(19),1643(21)])].
        1643 back demodulating 1375.
        1643 back demodulating 1374.
kept:      1807 ld(mult(mult(mult(x,mult(ld(y,e),ld(y,e))),ld(z,e)),mult(z,y)),mult(x,ld(y,e))) != e | mult(y,mult(y,mult(ld(x,e),mult(mult(mult(x,mult(ld(y,e),ld(y,e))),ld(z,e)),mult(z,y))))) = y.  [back_rewrite(1374),rewrite([1643(2),1012(3),8(6),1643(7),1643(12),1643(19),161(21),1643(23),1012(24),8(27),1643(28),46(33)])].
        1643 back demodulating 1373.
kept:      1808 ld(mult(mult(x,mult(y,mult(y,ld(z,e)))),mult(z,ld(y,e))),mult(x,y)) != e | ld(x,mult(mult(x,mult(y,mult(y,ld(z,e)))),mult(z,ld(y,e)))) = y.  [back_rewrite(1373),rewrite([1643(2),1012(3),8(6),1643(7),1647(8),1012(8),1627(4),49(2),1627(4),49(2),1643(6),1643(15),1012(16),8(19),1643(20),1647(21),1012(21),1627(17),49(15),1627(17),49(15),1643(19)])].
        1643 back demodulating 1372.
        1643 back demodulating 1371.
kept:      1809 ld(x,mult(mult(mult(x,mult(y,ld(z,e))),mult(z,mult(ld(y,e),ld(y,e)))),y)) != e | ld(mult(mult(x,mult(y,ld(z,e))),mult(z,mult(ld(y,e),ld(y,e)))),x) = y.  [back_rewrite(1371),rewrite([1643(1),1643(4),1647(5),663(5),1643(6),1012(7),8(10),1643(16),1643(19),1647(20),663(20),1643(21),1012(22),8(25)])].
        1643 back demodulating 1370.
kept:      1810 ld(x,mult(y,ld(x,e))) = mult(mult(ld(x,y),mult(ld(x,e),ld(x,e))),x).  [back_rewrite(1370),rewrite([1643(2),1012(3),8(6),1756(7),1643(9)]),flip(a)].
    new demodulator: 1810.
        1643 back demodulating 1369.
kept:      1811 ld(mult(mult(x,ld(mult(ld(y,e),mult(z,ld(y,e))),ld(z,e))),z),mult(mult(x,mult(y,ld(z,e))),y)) != e | ld(mult(x,mult(y,ld(z,e))),mult(mult(x,ld(mult(ld(y,e),mult(z,ld(y,e))),ld(z,e))),z)) = y.  [back_rewrite(1369),rewrite([1643(1),1643(4),1415(7),1643(8),1647(9),1643(12),1643(15),1647(16),663(16),1643(20),1643(23),1647(24),663(24),1643(24),1643(27),1415(30),1643(31),1647(32)])].
        1643 back demodulating 1368.
kept:      1812 ld(mult(x,ld(y,e)),mult(mult(mult(x,mult(ld(y,e),ld(y,e))),mult(y,ld(z,e))),z)) != e | ld(mult(mult(x,mult(ld(y,e),ld(y,e))),mult(y,ld(z,e))),mult(x,ld(y,e))) = z.  [back_rewrite(1368),rewrite([1643(1),1643(5),1012(6),8(9),1643(10),1643(19),1012(20),8(23),1643(24),1643(28)])].
        1643 back demodulating 1367.
kept:      1813 ld(mult(x,ld(y,e)),ld(x,e)) = mult(y,mult(ld(x,e),ld(x,e))).  [back_rewrite(1367),rewrite([1643(2),1012(3),8(6),1643(8),1012(9),8(12),1643(13),1647(14),1012(14),1627(10),49(8),1627(10),49(8),1804(12),1643(9),1644(12),1647(6),1643(8),1012(9),8(12)])].
    new demodulator: 1813.
        1643 back demodulating 1366.
kept:      1814 ld(mult(mult(x,mult(ld(y,e),ld(y,e))),mult(y,ld(mult(x,ld(y,e)),z))),z) != e | ld(mult(x,ld(y,e)),mult(mult(x,mult(ld(y,e),ld(y,e))),mult(y,ld(mult(x,ld(y,e)),z)))) = ld(mult(x,ld(y,e)),z).  [back_rewrite(1366),rewrite([1643(2),1012(3),8(6),1643(7),1643(16),1643(20),1012(21),8(24),1643(25),1643(32)])].
        1643 back demodulating 1365.
kept:      1815 mult(mult(x,ld(y,e)),mult(ld(y,x),mult(ld(y,e),ld(y,e)))) = mult(x,mult(ld(y,e),mult(ld(y,e),mult(x,mult(ld(y,e),ld(y,e)))))).  [back_rewrite(1365),rewrite([1643(1),1643(5),1012(6),8(9),1643(11),1627(12),1756(10),1643(13),1012(14),8(17),1643(19),1012(20),8(23),1415(24),161(23)])].
    new demodulator: 1815.
        1643 back demodulating 1364.
kept:      1816 ld(mult(x,mult(ld(x,mult(y,mult(ld(z,e),ld(z,e)))),z)),mult(y,ld(z,e))) != e | ld(mult(y,mult(ld(z,e),ld(z,e))),mult(x,mult(ld(x,mult(y,mult(ld(z,e),ld(z,e)))),z))) = z.  [back_rewrite(1364),rewrite([1643(2),1012(3),8(6),1643(10),1643(17),1012(18),8(21),1643(23),1012(24),8(27)])].
        1643 back demodulating 1363.
kept:      1817 ld(mult(x,mult(y,mult(ld(x,e),ld(x,e)))),mult(x,mult(y,ld(x,e)))) = x.  [back_rewrite(1363),rewrite([1643(2),1012(3),8(6),1643(8)])].
    new demodulator: 1817.
        1643 back demodulating 1362.
        1643 back demodulating 1361.
kept:      1818 ld(mult(mult(x,mult(ld(y,e),ld(y,e))),z),mult(mult(x,ld(y,e)),ld(y,z))) != e | ld(mult(x,ld(y,e)),mult(mult(x,mult(ld(y,e),ld(y,e))),z)) = ld(y,z).  [back_rewrite(1361),rewrite([1643(2),1012(3),8(6),1643(8),1643(16),1643(20),1012(21),8(24)])].
        1643 back demodulating 1360.
kept:      1819 ld(mult(x,ld(y,e)),mult(mult(mult(x,mult(ld(y,e),ld(y,e))),z),ld(z,y))) != e | ld(mult(mult(x,mult(ld(y,e),ld(y,e))),z),mult(x,ld(y,e))) = ld(z,y).  [back_rewrite(1360),rewrite([1643(1),1643(5),1012(6),8(9),1643(17),1012(18),8(21),1643(23)])].
        1643 back demodulating 1359.
kept:      1820 mult(mult(x,mult(ld(y,e),ld(y,e))),mult(y,mult(x,mult(ld(y,e),ld(y,e))))) = mult(mult(x,ld(y,e)),mult(x,mult(ld(y,e),ld(y,e)))).  [back_rewrite(1359),rewrite([1643(2),1012(3),8(6),1643(8),1012(9),8(12),1643(15),1643(19),1012(20),8(23)])].
    new demodulator: 1820.
        1643 back demodulating 1358.
kept:      1821 mult(mult(x,ld(mult(y,mult(y,y)),ld(y,e))),mult(y,y)) = mult(x,mult(ld(y,e),ld(y,e))).  [back_rewrite(1358),rewrite([1643(4),1647(5),1643(10),1012(11),8(14)])].
    new demodulator: 1821.
        1643 back demodulating 1357.
kept:      1822 mult(mult(x,ld(mult(y,mult(z,mult(y,mult(y,z)))),ld(y,e))),mult(y,mult(y,z))) = mult(x,ld(mult(y,z),ld(y,e))).  [back_rewrite(1357),rewrite([1643(6),1647(7),1643(14),1647(15)])].
    new demodulator: 1822.
        1643 back demodulating 1356.
kept:      1823 mult(mult(x,mult(ld(y,e),ld(y,e))),mult(mult(x,mult(ld(y,e),ld(y,e))),mult(y,z))) = mult(mult(x,ld(y,e)),mult(ld(y,e),mult(mult(x,ld(y,e)),z))).  [back_rewrite(1356),rewrite([1643(2),1012(3),8(6),1643(7),1208(10),209(11),1643(13),1012(14),8(17),1643(19),1012(20),8(23)]),flip(a)].
    new demodulator: 1823.
        1643 back demodulating 1354.
kept:      1824 ld(mult(x,mult(y,mult(ld(z,e),ld(z,e)))),mult(x,mult(y,ld(z,e)))) != z | ld(mult(x,mult(y,ld(z,e))),mult(mult(x,mult(y,mult(ld(z,e),ld(z,e)))),z)) = e.  [back_rewrite(1354),rewrite([1643(2),1012(3),8(6),1643(8),1643(14),1643(19),1012(20),8(23)])].
        1643 back demodulating 1353.
kept:      1825 ld(mult(x,ld(y,e)),mult(mult(x,mult(ld(y,e),ld(y,e))),mult(y,z))) != z | ld(mult(mult(x,mult(ld(y,e),ld(y,e))),mult(y,z)),mult(mult(x,ld(y,e)),z)) = e.  [back_rewrite(1353),rewrite([1643(1),1643(5),1012(6),8(9),1643(15),1012(16),8(19),1643(22)])].
        1643 back demodulating 1352.
kept:      1826 ld(mult(mult(x,mult(ld(y,e),ld(y,e))),mult(y,z)),mult(mult(x,ld(y,e)),z)) != e | ld(mult(x,ld(y,e)),mult(mult(x,mult(ld(y,e),ld(y,e))),mult(y,z))) = z.  [back_rewrite(1352),rewrite([1643(2),1012(3),8(6),1643(9),1643(16),1643(20),1012(21),8(24)])].
        1643 back demodulating 1350.
kept:      1827 ld(mult(x,mult(y,ld(z,e))),mult(mult(x,mult(y,mult(ld(z,e),ld(z,e)))),z)) != e | ld(mult(x,mult(y,mult(ld(z,e),ld(z,e)))),mult(x,mult(y,ld(z,e)))) = z.  [back_rewrite(1350),rewrite([1643(1),1643(6),1012(7),8(10),1643(17),1012(18),8(21),1643(23)])].
        1643 back demodulating 1349.
        1643 back demodulating 1348.
        1643 back demodulating 1345.
kept:      1828 mult(mult(x,y),mult(x,mult(y,ld(x,e)))) = mult(x,mult(mult(y,x),mult(y,ld(x,e)))).  [back_rewrite(1345),rewrite([1643(2),1643(8)])].
        1643 back demodulating 1344.
kept:      1829 ld(mult(mult(x,ld(y,e)),mult(y,mult(y,ld(z,e)))),mult(x,y)) != z | ld(mult(x,y),mult(mult(mult(x,ld(y,e)),mult(y,mult(y,ld(z,e)))),z)) = e.  [back_rewrite(1344),rewrite([1643(1),1643(5),161(7),1643(13),1643(17),161(19)])].
        1643 back demodulating 1343.
kept:      1830 mult(mult(x,ld(y,e)),mult(y,mult(y,mult(y,y)))) = mult(mult(x,y),mult(y,y)).  [back_rewrite(1343),rewrite([1643(1)])].
    new demodulator: 1830.
        1643 back demodulating 1341.
kept:      1831 ld(x,mult(mult(x,mult(y,ld(z,e))),mult(z,y))) != mult(y,y) | ld(mult(mult(x,mult(y,ld(z,e))),mult(z,y)),mult(x,mult(y,y))) = e.  [back_rewrite(1341),rewrite([1643(1),1643(4),1647(5),663(5),1643(10),1643(13),1647(14),663(14)])].
        1643 back demodulating 1340.
kept:      1832 mult(mult(x,ld(y,e)),mult(y,x)) = mult(x,x).  [back_rewrite(1340),rewrite([1643(1)])].
    new demodulator: 1832.
        1643 back demodulating 1339.
kept:      1833 mult(mult(x,ld(y,e)),mult(y,mult(y,mult(y,ld(x,e))))) = mult(mult(x,y),mult(y,ld(x,e))).  [back_rewrite(1339),rewrite([1643(2),1643(5),1647(6),663(6),1643(6),1643(10),1643(13),1647(14),663(14),161(13)]),flip(a)].
    new demodulator: 1833.
        1643 back demodulating 1337.
kept:      1834 ld(mult(x,y),mult(mult(x,ld(y,e)),z)) != mult(ld(y,e),mult(ld(y,e),z)) | ld(mult(mult(x,ld(y,e)),z),mult(mult(x,y),mult(ld(y,e),mult(ld(y,e),z)))) = e.  [back_rewrite(1337),rewrite([1643(2),1643(14)])].
        1643 back demodulating 1336.
kept:      1835 mult(mult(x,ld(y,x)),mult(ld(x,e),mult(y,mult(ld(x,e),y)))) = y.  [back_rewrite(1336),rewrite([1643(4),1647(5),1627(4),49(2)])].
    new demodulator: 1835.
        1643 back demodulating 1334.
kept:      1836 ld(mult(mult(mult(x,ld(y,e)),ld(z,e)),mult(z,mult(y,y))),mult(x,y)) != e | mult(mult(y,ld(x,e)),mult(mult(mult(x,ld(y,e)),ld(z,e)),mult(z,mult(y,y)))) = mult(y,y).  [back_rewrite(1334),rewrite([1643(1),1643(4),1643(14),1643(17),1643(20)])].
        1643 back demodulating 1333.
kept:      1837 ld(mult(mult(x,mult(y,ld(z,e))),mult(z,y)),mult(x,mult(y,y))) != e | ld(x,mult(mult(x,mult(y,ld(z,e))),mult(z,y))) = mult(y,y).  [back_rewrite(1333),rewrite([1643(1),1643(4),1647(5),663(5),1643(12),1643(15),1647(16),663(16)])].
        1643 back demodulating 1332.
        1643 back demodulating 1331.
kept:      1838 ld(x,mult(mult(mult(x,ld(y,ld(z,e))),mult(z,ld(y,e))),mult(y,y))) != e | ld(mult(mult(x,ld(y,ld(z,e))),mult(z,ld(y,e))),x) = mult(y,y).  [back_rewrite(1331),rewrite([1643(2),1647(3),1643(5),1643(15),1647(16),1643(18)])].
        1643 back demodulating 1330.
kept:      1839 ld(mult(x,y),mult(mult(mult(x,ld(y,e)),mult(y,mult(y,ld(z,e)))),z)) != e | ld(mult(mult(x,ld(y,e)),mult(y,mult(y,ld(z,e)))),mult(x,y)) = z.  [back_rewrite(1330),rewrite([1643(2),1643(6),161(8),1643(14),1643(18),161(20)])].
        1643 back demodulating 1329.
        1643 back demodulating 1328.
kept:      1840 ld(mult(mult(x,ld(y,e)),mult(y,mult(y,ld(mult(x,y),z)))),z) != e | ld(mult(x,y),mult(mult(x,ld(y,e)),mult(y,mult(y,ld(mult(x,y),z))))) = ld(mult(x,y),z).  [back_rewrite(1328),rewrite([1643(1),1643(13)])].
        1643 back demodulating 1325.
kept:      1841 ld(mult(x,mult(ld(x,mult(y,ld(z,e))),mult(z,z))),mult(y,z)) != e | ld(mult(y,ld(z,e)),mult(x,mult(ld(x,mult(y,ld(z,e))),mult(z,z)))) = mult(z,z).  [back_rewrite(1325),rewrite([1643(1),1643(12),1643(15)])].
        1643 back demodulating 1324.
kept:      1842 mult(mult(mult(x,ld(y,e)),mult(x,y)),mult(ld(y,e),ld(y,e))) = mult(x,mult(ld(y,e),mult(x,ld(y,e)))).  [back_rewrite(1324),rewrite([1643(1),1643(7),1012(8),8(11),1643(12),1643(15),1415(18)])].
    new demodulator: 1842.
        1643 back demodulating 1323.
kept:      1843 ld(mult(mult(x,ld(y,e)),z),mult(mult(x,y),mult(ld(y,e),mult(ld(y,e),z)))) != e | ld(mult(x,y),mult(mult(x,ld(y,e)),z)) = mult(ld(y,e),mult(ld(y,e),z)).  [back_rewrite(1323),rewrite([1643(1),1643(17)])].
        1643 back demodulating 1321.
kept:      1844 mult(mult(x,ld(y,e)),mult(y,mult(y,mult(x,ld(y,e))))) = mult(mult(x,y),mult(x,ld(y,e))).  [back_rewrite(1321),rewrite([1643(1),1643(4),1643(11)])].
    new demodulator: 1844.
        1643 back demodulating 1320.
kept:      1845 mult(mult(x,mult(ld(y,e),ld(y,e))),mult(y,mult(y,mult(y,y)))) = mult(x,mult(y,y)).  [back_rewrite(1320),rewrite([1643(2),1012(3),8(6)])].
    new demodulator: 1845.
        1643 back demodulating 1319.
kept:      1846 mult(mult(x,ld(mult(y,z),ld(y,e))),mult(y,mult(y,mult(z,mult(y,mult(y,z)))))) = mult(x,mult(y,mult(y,z))).  [back_rewrite(1319),rewrite([1643(3),1647(4)])].
    new demodulator: 1846.
        1643 back demodulating 1318.
kept:      1847 mult(mult(mult(x,ld(y,e)),mult(x,y)),z) = mult(mult(x,ld(y,e)),mult(mult(x,ld(y,e)),mult(y,mult(y,z)))).  [back_rewrite(1318),rewrite([1643(1),1643(7),1643(10)])].
    new demodulator: 1847.
        1643 back demodulating 1317.
kept:      1848 ld(mult(x,mult(y,ld(z,e))),mult(x,mult(y,z))) != mult(z,z) | ld(mult(x,mult(y,z)),mult(mult(x,mult(y,ld(z,e))),mult(z,z))) = e.  [back_rewrite(1317),rewrite([1643(1),1643(12)])].
        1643 back demodulating 1316.
kept:      1849 ld(mult(x,y),mult(mult(x,ld(y,e)),mult(y,mult(y,z)))) != z | ld(mult(mult(x,ld(y,e)),mult(y,mult(y,z))),mult(mult(x,y),z)) = e.  [back_rewrite(1316),rewrite([1643(2),1643(10)])].
        1643 back demodulating 1315.
kept:      1850 ld(mult(mult(x,ld(y,e)),mult(y,mult(y,z))),mult(mult(x,y),z)) != e | ld(mult(x,y),mult(mult(x,ld(y,e)),mult(y,mult(y,z)))) = z.  [back_rewrite(1315),rewrite([1643(1),1643(13)])].
        1643 back demodulating 1314.
kept:      1851 ld(mult(x,mult(y,z)),mult(mult(x,mult(y,ld(z,e))),mult(z,z))) != e | ld(mult(x,mult(y,ld(z,e))),mult(x,mult(y,z))) = mult(z,z).  [back_rewrite(1314),rewrite([1643(3),1643(12)])].
        1643 back demodulating 1313.
kept:      1852 mult(mult(x,y),mult(ld(y,e),ld(y,e))) = mult(x,ld(y,e)).  [back_rewrite(1313),rewrite([1643(3),1012(4),8(7),1643(8)])].
    new demodulator: 1852.
        1643 back demodulating 1312.
        1643 back demodulating 1311.
kept:      1853 mult(mult(x,mult(y,mult(y,mult(y,y)))),ld(y,e)) = mult(mult(x,y),mult(y,y)).  [back_rewrite(1311),rewrite([1643(5)])].
    new demodulator: 1853.
        1643 back demodulating 1310.
kept:      1854 mult(mult(x,mult(ld(y,e),ld(y,e))),y) = mult(x,ld(y,e)).  [back_rewrite(1310),rewrite([1643(1),1643(5),161(7),1647(9),1813(9)]),flip(a)].
    new demodulator: 1854.
        1643 back demodulating 1308.
kept:      1855 mult(mult(x,mult(y,mult(y,mult(y,y)))),mult(ld(y,e),ld(y,e))) = mult(x,mult(y,y)).  [back_rewrite(1308),rewrite([1643(6),1012(7),8(10)])].
    new demodulator: 1855.
        1643 back demodulating 1307.
kept:      1856 mult(x,mult(x,mult(mult(y,mult(z,z)),ld(z,e)))) = mult(x,mult(x,mult(y,z))).  [back_rewrite(1307),rewrite([1643(5),46(7)])].
    new demodulator: 1856.
        1643 back demodulating 1306.
kept:      1857 mult(mult(x,mult(y,mult(y,mult(z,mult(y,mult(y,z)))))),ld(mult(y,z),ld(y,e))) = mult(x,mult(y,mult(y,z))).  [back_rewrite(1306),rewrite([1643(9),1647(10)])].
    new demodulator: 1857.
        1643 back demodulating 1305.
        1643 back demodulating 1299.
kept:      1858 ld(ld(mult(x,ld(y,e)),z),mult(mult(y,ld(x,e)),mult(z,z))) = z.  [back_rewrite(1299),rewrite([1643(1),1643(5)])].
    new demodulator: 1858.
        1643 back demodulating 1297.
        1643 back demodulating 1293.
kept:      1859 ld(c1,mult(ld(c1,e),mult(mult(c1,mult(c2,ld(c1,e))),c3))) != mult(ld(c1,e),mult(c2,ld(c1,c3))).  [back_rewrite(1293),rewrite([1643(8),1647(12),663(12)])].
        1643 back demodulating 1292.
kept:      1860 ld(c1,mult(ld(c1,e),mult(mult(c1,mult(c2,ld(c1,e))),c3))) != ld(c1,mult(c2,mult(ld(c1,e),c3))).  [back_rewrite(1292),rewrite([1643(8),1647(12),663(12)])].
        1643 back demodulating 1291.
        1643 back demodulating 1290.
kept:      1861 ld(mult(mult(x,y),mult(y,ld(z,e))),mult(x,mult(y,y))) != z | ld(mult(x,mult(y,y)),mult(mult(mult(x,y),mult(y,ld(z,e))),z)) = e.  [back_rewrite(1290),rewrite([1643(2),1643(13)])].
        1643 back demodulating 1289.
kept:      1862 ld(mult(x,mult(y,mult(ld(z,e),mult(y,ld(z,e))))),mult(mult(x,mult(y,ld(z,e))),y)) != z | ld(mult(mult(x,mult(y,ld(z,e))),y),mult(mult(x,mult(y,mult(ld(z,e),mult(y,ld(z,e))))),z)) = e.  [back_rewrite(1289),rewrite([1643(1),1643(4),1415(7),1643(9),1643(16),1643(21),1643(24),1415(27)])].
        1643 back demodulating 1288.
kept:      1863 ld(mult(mult(x,ld(y,e)),mult(z,ld(u,e))),ld(mult(y,ld(x,e)),z)) != u | ld(mult(mult(x,ld(y,e)),z),mult(mult(mult(x,ld(y,e)),mult(z,ld(u,e))),u)) = e.  [back_rewrite(1288),rewrite([1643(1),1643(4),1643(8),1643(14),1643(18),1643(21)])].
        1643 back demodulating 1287.
kept:      1864 ld(ld(mult(x,ld(y,e)),mult(z,ld(u,e))),mult(mult(y,ld(x,e)),z)) != u | ld(mult(mult(y,ld(x,e)),z),mult(mult(mult(y,ld(x,e)),mult(z,ld(u,e))),u)) = e.  [back_rewrite(1287),rewrite([1643(1),1643(4),1643(8),1643(14),1643(18),1643(21)])].
        1643 back demodulating 1286.
kept:      1865 ld(mult(mult(x,ld(y,e)),mult(mult(mult(y,ld(x,e)),z),ld(u,e))),z) != u | ld(z,mult(mult(mult(x,ld(y,e)),mult(mult(mult(y,ld(x,e)),z),ld(u,e))),u)) = e.  [back_rewrite(1286),rewrite([1643(1),1643(4),1643(8),1643(14),1643(17),1643(21)])].
        1643 back demodulating 1285.
        1643 back demodulating 1284.
kept:      1866 ld(ld(mult(x,ld(y,e)),z),mult(ld(mult(x,ld(y,e)),mult(z,mult(y,ld(x,e)))),x)) != y | ld(mult(ld(mult(x,ld(y,e)),mult(z,mult(y,ld(x,e)))),x),mult(ld(mult(x,ld(y,e)),z),y)) = e.  [back_rewrite(1284),rewrite([1643(1),1643(5),1643(8),1643(11),1647(12),663(12),1643(16),1643(19),1643(22),1647(23),663(23),1643(25)])].
        1643 back demodulating 1282.
kept:      1867 ld(mult(x,mult(y,ld(z,e))),mult(x,y)) != z | ld(mult(x,y),mult(mult(x,mult(y,ld(z,e))),z)) = e.  [back_rewrite(1282),rewrite([1643(1),1647(5),663(5),1643(9)])].
        1643 back demodulating 1280.
kept:      1868 ld(mult(ld(x,e),mult(mult(x,y),ld(z,e))),y) != z | ld(y,mult(ld(x,e),mult(ld(x,e),mult(mult(x,mult(mult(x,y),ld(z,e))),z)))) = e.  [back_rewrite(1280),rewrite([1643(4),675(6),677(11),1643(13),675(15),677(20),675(17)])].
        1643 back demodulating 1279.
kept:      1869 ld(mult(mult(x,ld(y,e)),mult(y,ld(z,e))),x) != z | ld(x,mult(mult(x,ld(y,e)),mult(mult(x,ld(y,e)),mult(mult(mult(y,ld(x,e)),mult(y,ld(z,e))),z)))) = e.  [back_rewrite(1279),rewrite([1643(1),1647(5),663(5),1643(4),1643(10),1647(14),663(14),1643(13),1647(17),663(17),1643(16),1643(19)])].
        1643 back demodulating 1278.
kept:      1870 ld(x,mult(mult(x,mult(y,ld(z,e))),z)) != y | ld(mult(mult(x,mult(y,ld(z,e))),z),mult(x,y)) = e.  [back_rewrite(1278),rewrite([1643(1),1643(4),1647(8),1647(7),663(7),663(6),1643(8),1643(11),1647(15),1647(14),663(14),663(13)])].
        1643 back demodulating 1277.
kept:      1871 ld(mult(ld(x,e),mult(y,ld(z,e))),ld(x,y)) != z | ld(mult(ld(x,e),y),mult(ld(x,e),mult(ld(x,e),mult(mult(x,mult(y,ld(z,e))),z)))) = e.  [back_rewrite(1277),rewrite([1643(3),1643(17)])].
        1643 back demodulating 1276.
kept:      1872 ld(ld(x,mult(y,ld(z,e))),mult(ld(x,e),y)) != z | ld(mult(ld(x,e),y),mult(ld(x,e),mult(ld(x,e),mult(mult(x,mult(y,ld(z,e))),z)))) = e.  [back_rewrite(1276),rewrite([1643(1),1643(17)])].
        1643 back demodulating 1275.
kept:      1873 mult(ld(mult(x,ld(y,e)),ld(z,e)),mult(z,x)) != y | ld(mult(z,x),mult(mult(z,mult(x,ld(y,e))),y)) = e.  [back_rewrite(1275),rewrite([1643(1),1647(6),1643(11)])].
        1643 back demodulating 1274.
        1643 back demodulating 1270.
kept:      1874 ld(mult(x,mult(mult(ld(x,y),x),ld(z,e))),mult(y,x)) != z | ld(mult(y,x),mult(mult(x,mult(mult(ld(x,y),x),ld(z,e))),z)) = e.  [back_rewrite(1270),rewrite([1643(3),1643(13)])].
        1643 back demodulating 1269.
kept:      1875 ld(mult(mult(x,y),mult(x,ld(z,e))),mult(x,mult(y,x))) != z | ld(mult(x,mult(y,x)),mult(mult(mult(x,y),mult(x,ld(z,e))),z)) = e.  [back_rewrite(1269),rewrite([1643(2),1643(13)])].
        1643 back demodulating 1268.
kept:      1876 ld(mult(mult(x,ld(y,e)),mult(z,mult(x,ld(y,e)))),mult(mult(mult(x,ld(y,e)),z),x)) != y | ld(mult(mult(mult(x,ld(y,e)),z),x),mult(mult(x,ld(y,e)),mult(z,x))) = e.  [back_rewrite(1268),rewrite([1643(1),1643(4),1643(9),1643(16),1643(21)])].
        1643 back demodulating 1267.
        1643 back demodulating 1266.
kept:      1877 ld(mult(x,mult(ld(x,y),ld(z,e))),y) != z | ld(y,mult(mult(x,mult(ld(x,y),ld(z,e))),z)) = e.  [back_rewrite(1266),rewrite([1643(2),1643(9)])].
        1643 back demodulating 1265.
kept:      1878 ld(mult(x,ld(y,e)),mult(z,mult(y,ld(x,e)))) = mult(mult(y,ld(x,e)),mult(z,mult(y,ld(x,e)))).  [back_rewrite(1265),rewrite([1643(1),1643(5),1643(8),1647(9),663(9),162(8),1643(9),1643(12),1643(15),1647(16),663(16)]),flip(a)].
    new demodulator: 1878.
        1643 back demodulating 1264.
kept:      1879 ld(mult(x,ld(y,x)),z) = mult(mult(ld(x,y),ld(x,e)),z).  [back_rewrite(1264),rewrite([1643(2),1627(3),1643(4),1810(7),1854(11)])].
    new demodulator: 1879.
        1643 back demodulating 1263.
kept:      1880 ld(mult(ld(x,y),ld(x,e)),z) = mult(mult(x,ld(y,x)),z).  [back_rewrite(1263),rewrite([1643(1),1810(4),1854(8),1643(7),1627(8)])].
    new demodulator: 1880.
        1643 back demodulating 1262.
kept:      1881 mult(mult(x,ld(y,x)),mult(mult(ld(x,y),ld(x,e)),z)) = z.  [back_rewrite(1262),rewrite([1643(2),1627(3),1643(3),1810(6),1854(10)])].
    new demodulator: 1881.
        1643 back demodulating 1261.
kept:      1882 mult(mult(ld(x,y),ld(x,e)),mult(mult(x,ld(y,x)),z)) = z.  [back_rewrite(1261),rewrite([1643(1),1810(4),1854(8),1643(6),1627(7)])].
    new demodulator: 1882.
        1643 back demodulating 1260.
kept:      1883 mult(mult(x,ld(y,x)),mult(ld(x,y),ld(x,e))) = e.  [back_rewrite(1260),rewrite([1643(2),1627(3),1643(3),1810(6),1854(10)])].
    new demodulator: 1883.
        1643 back demodulating 1259.
kept:      1884 mult(mult(ld(x,y),ld(x,e)),mult(x,ld(y,x))) = e.  [back_rewrite(1259),rewrite([1643(1),1810(4),1854(8),1643(6),1627(7)])].
    new demodulator: 1884.
        1643 back demodulating 1258.
        1643 back demodulating 1257.
kept:      1885 ld(ld(x,y),ld(y,e)) = mult(ld(y,x),ld(y,e)).  [back_rewrite(1257),rewrite([1643(2),1627(3),1647(4),1643(5),1810(8),1854(12)])].
    new demodulator: 1885.
        1643 back demodulating 1256.
        1643 back demodulating 1255.
        1643 back demodulating 1254.
kept:      1886 ld(mult(x,mult(y,ld(x,e))),mult(mult(x,y),mult(x,ld(y,ld(x,e))))) = mult(x,mult(x,ld(y,ld(x,e)))).  [back_rewrite(1254),rewrite([1643(1),1643(6),1643(10),1647(11),1649(11),663(11),1643(12),1643(16),1647(17),1649(17),663(17)])].
    new demodulator: 1886.
        1643 back demodulating 1252.
kept:      1887 mult(mult(x,ld(y,e)),mult(y,mult(x,ld(y,e)))) = mult(x,mult(x,ld(y,e))).  [back_rewrite(1252),rewrite([1643(1),1643(4),1647(5),663(5),1643(5),1643(8),1643(11),1647(12),663(12),1878(12)]),flip(a)].
    new demodulator: 1887.
        1643 back demodulating 1251.
kept:      1888 ld(mult(mult(x,ld(y,e)),mult(z,mult(x,ld(y,e)))),mult(mult(x,ld(y,e)),z)) = mult(y,ld(x,e)).  [back_rewrite(1251),rewrite([1643(1),1643(4),1643(7),1647(8),663(8),1878(8),1643(9),1643(14)])].
    new demodulator: 1888.
        1643 back demodulating 1250.
kept:      1889 ld(mult(mult(x,ld(y,e)),mult(z,mult(x,ld(y,e)))),ld(mult(y,ld(x,e)),z)) = mult(y,ld(x,e)).  [back_rewrite(1250),rewrite([1643(1),1643(4),1643(7),1647(8),663(8),1643(9),1643(14)])].
    new demodulator: 1889.
        1643 back demodulating 1249.
kept:      1890 mult(ld(x,y),ld(x,e)) = mult(ld(x,y),mult(ld(x,y),ld(y,e))).  [back_rewrite(1249),rewrite([1643(2),1810(5),1854(9),1643(7),1643(10),1647(11),663(11),46(10),640(8),1643(7),1810(10),1854(14)]),flip(a)].
        1643 back demodulating 1248.
        1643 back demodulating 1245.
kept:      1891 mult(mult(x,ld(y,x)),mult(ld(x,e),y)) = x.  [back_rewrite(1245),rewrite([1643(1),1810(4),1854(8),1880(8)])].
    new demodulator: 1891.
        1643 back demodulating 1244.
kept:      1892 ld(mult(ld(x,e),mult(y,ld(x,e))),ld(x,y)) = x.  [back_rewrite(1244),rewrite([1643(3)])].
    new demodulator: 1892.
        1643 back demodulating 1243.
kept:      1893 ld(mult(x,mult(y,x)),mult(x,y)) = ld(x,e).  [back_rewrite(1243),rewrite([1643(3),1627(4),49(2)])].
    new demodulator: 1893.
        1643 back demodulating 1239.
        1643 back demodulating 1236.
kept:      1894 mult(ld(mult(x,ld(y,e)),z),z) = mult(mult(y,ld(x,e)),mult(z,z)).  [back_rewrite(1236),rewrite([1643(1),1643(6)]),flip(a)].
    new demodulator: 1894.
        1643 back demodulating 1235.
kept:      1895 ld(x,mult(mult(x,ld(y,ld(z,e))),mult(z,mult(y,y)))) != y | ld(mult(mult(x,ld(y,ld(z,e))),mult(z,mult(y,y))),mult(x,y)) = e.  [back_rewrite(1235),rewrite([1643(2),1647(3),1643(11),1647(12)])].
        1643 back demodulating 1233.
kept:      1896 mult(mult(ld(x,y),ld(x,e)),mult(x,x)) = mult(ld(x,y),x).  [back_rewrite(1233),rewrite([1643(1),1810(4),1854(8)])].
    new demodulator: 1896.
        1643 back demodulating 1232.
kept:      1897 mult(mult(x,mult(y,y)),ld(y,ld(x,e))) = mult(x,mult(y,ld(x,e))).  [back_rewrite(1232),rewrite([1643(4),1647(5)])].
    new demodulator: 1897.
        1643 back demodulating 1228.
kept:      1898 mult(mult(x,ld(y,e)),mult(y,y)) = mult(x,y).  [back_rewrite(1228),rewrite([1643(1),1647(5),663(5)])].
    new demodulator: 1898.
        1643 back demodulating 1227.
        1643 back demodulating 1225.
kept:      1899 ld(mult(mult(mult(x,y),ld(z,e)),mult(z,y)),mult(x,mult(y,y))) != e | ld(mult(x,y),mult(mult(mult(x,y),ld(z,e)),mult(z,y))) = y.  [back_rewrite(1225),rewrite([1643(2),1643(14)])].
        1643 back demodulating 1224.
kept:      1900 ld(mult(mult(x,ld(y,ld(z,e))),mult(z,mult(y,y))),mult(x,y)) != e | ld(x,mult(mult(x,ld(y,ld(z,e))),mult(z,mult(y,y)))) = y.  [back_rewrite(1224),rewrite([1643(2),1647(3),1643(13),1647(14)])].
        1643 back demodulating 1220.
kept:      1901 ld(x,mult(mult(mult(x,mult(ld(y,e),mult(ld(y,e),ld(z,e)))),mult(z,y)),y)) != e | ld(mult(mult(x,mult(ld(y,e),mult(ld(y,e),ld(z,e)))),mult(z,y)),x) = y.  [back_rewrite(1220),rewrite([1643(3),1647(4),1012(4),1643(18),1647(19),1012(19)])].
        1643 back demodulating 1218.
kept:      1902 ld(mult(mult(x,mult(y,ld(z,e))),y),mult(mult(x,mult(y,mult(ld(z,e),mult(y,ld(z,e))))),z)) != e | ld(mult(x,mult(y,mult(ld(z,e),mult(y,ld(z,e))))),mult(mult(x,mult(y,ld(z,e))),y)) = z.  [back_rewrite(1218),rewrite([1643(1),1643(6),1643(9),1415(12),1643(18),1643(21),1415(24),1643(26)])].
        1643 back demodulating 1217.
kept:      1903 ld(mult(x,mult(y,y)),mult(mult(mult(x,y),mult(y,ld(z,e))),z)) != e | ld(mult(mult(x,y),mult(y,ld(z,e))),mult(x,mult(y,y))) = z.  [back_rewrite(1217),rewrite([1643(4),1643(13)])].
        1643 back demodulating 1199.
        1643 back demodulating 1198.
kept:      1904 mult(mult(x,mult(y,y)),ld(y,e)) = mult(x,y).  [back_rewrite(1198),rewrite([1643(3)])].
    new demodulator: 1904.
        1643 back demodulating 1195.
kept:      1905 ld(x,ld(mult(y,ld(x,e)),mult(y,z))) != z | ld(mult(mult(x,ld(y,e)),mult(y,z)),mult(x,z)) = e.  [back_rewrite(1195),rewrite([1643(1),1643(8)])].
        1643 back demodulating 1194.
kept:      1906 ld(x,mult(mult(x,mult(y,ld(z,e))),ld(mult(y,ld(z,e)),u))) != u | ld(mult(mult(x,mult(y,ld(z,e))),mult(mult(z,ld(y,e)),u)),mult(x,u)) = e.  [back_rewrite(1194),rewrite([1643(1),1643(4),1647(5),663(5),1643(5),1643(12),1643(15),1647(16),663(16),1643(16)])].
        1643 back demodulating 1193.
kept:      1907 mult(mult(x,ld(y,e)),mult(mult(mult(y,ld(x,e)),ld(z,e)),mult(z,u))) != u | ld(mult(mult(mult(y,ld(x,e)),ld(z,e)),mult(z,u)),mult(mult(y,ld(x,e)),u)) = e.  [back_rewrite(1193),rewrite([1643(1),1643(4),1643(7),1643(14),1643(17),1643(22)])].
        1643 back demodulating 1192.
kept:      1908 ld(mult(x,ld(y,e)),z) = mult(mult(y,ld(x,e)),mult(z,mult(mult(y,ld(x,e)),mult(x,ld(y,e))))).  [back_rewrite(1192),rewrite([1643(1),1643(4),1643(7),1647(8),663(8),1643(9),209(12),1643(13)]),flip(a)].
    new demodulator: 1908.
        1643 back demodulating 1191.
kept:      1909 ld(mult(x,ld(y,ld(x,e))),z) = mult(mult(x,mult(y,ld(x,e))),z).  [back_rewrite(1191),rewrite([1643(2),1647(3),1643(6)])].
    new demodulator: 1909.
        1643 back demodulating 1190.
kept:      1910 ld(mult(x,mult(y,ld(x,e))),z) = mult(mult(x,ld(y,ld(x,e))),z).  [back_rewrite(1190),rewrite([1643(1),1643(7),1647(8)])].
    new demodulator: 1910.
        1643 back demodulating 1189.
kept:      1911 mult(mult(mult(x,ld(y,e)),mult(z,mult(mult(x,ld(y,e)),mult(y,ld(x,e))))),mult(y,ld(x,e))) = mult(mult(x,ld(y,e)),mult(z,mult(y,ld(x,e)))).  [back_rewrite(1189),rewrite([1643(1),1908(4),1643(13),1643(16),1647(17),663(17),1643(17),1643(20),1643(23),1647(24),663(24)])].
    new demodulator: 1911.
        1643 back demodulating 1188.
kept:      1912 ld(mult(mult(x,ld(y,e)),z),mult(mult(x,ld(y,e)),mult(u,mult(mult(x,ld(y,e)),mult(y,ld(x,e)))))) != ld(z,u) | ld(mult(mult(x,ld(y,e)),u),mult(mult(mult(x,ld(y,e)),z),ld(z,u))) = e.  [back_rewrite(1188),rewrite([1643(1),1643(5),1908(8),1643(20),1643(24)])].
        1643 back demodulating 1187.
kept:      1913 ld(mult(mult(x,ld(y,e)),mult(z,mult(mult(x,ld(y,e)),mult(y,ld(x,e))))),mult(mult(x,ld(y,e)),u)) != ld(z,u) | ld(mult(mult(x,ld(y,e)),u),mult(mult(mult(x,ld(y,e)),z),ld(z,u))) = e.  [back_rewrite(1187),rewrite([1643(1),1908(4),1643(13),1643(20),1643(24)])].
        1643 back demodulating 1186.
kept:      1914 ld(mult(x,mult(y,ld(z,e))),mult(x,u)) != mult(mult(z,ld(y,e)),u) | ld(mult(x,u),mult(mult(x,mult(y,ld(z,e))),mult(mult(z,ld(y,e)),mult(u,mult(mult(z,ld(y,e)),mult(y,ld(z,e))))))) = e.  [back_rewrite(1186),rewrite([1643(1),1643(7),1643(13),1643(17),1908(20)])].
        1643 back demodulating 1185.
kept:      1915 mult(mult(mult(x,ld(y,e)),mult(z,mult(mult(x,ld(y,e)),mult(y,ld(x,e))))),ld(z,mult(mult(y,ld(x,e)),mult(z,mult(mult(y,ld(x,e)),mult(x,ld(y,e))))))) = z.  [back_rewrite(1185),rewrite([1643(1),1908(4),1643(13),1643(18),1647(19),1627(18),1908(16)])].
    new demodulator: 1915.
        1643 back demodulating 1184.
kept:      1916 mult(mult(x,mult(y,ld(z,e))),mult(mult(z,ld(y,e)),mult(ld(x,mult(y,ld(z,e))),mult(mult(z,ld(y,e)),mult(y,ld(z,e)))))) = mult(y,ld(z,e)).  [back_rewrite(1184),rewrite([1643(1),1643(5),1643(9),1643(13),1647(14),1647(13),1647(12),663(12),1908(12),1643(22)])].
    new demodulator: 1916.
        1643 back demodulating 1183.
kept:      1917 mult(mult(x,ld(y,e)),mult(z,mult(ld(z,mult(y,ld(x,e))),u))) != u | ld(mult(z,mult(ld(z,mult(y,ld(x,e))),u)),mult(mult(y,ld(x,e)),u)) = e.  [back_rewrite(1183),rewrite([1643(1),1643(4),1643(12),1643(18)])].
        1643 back demodulating 1182.
kept:      1918 ld(x,mult(mult(y,ld(z,e)),mult(mult(mult(z,ld(y,e)),x),u))) != u | ld(mult(mult(y,ld(z,e)),mult(mult(mult(z,ld(y,e)),mult(x,mult(mult(z,ld(y,e)),mult(y,ld(z,e))))),u)),mult(x,u)) = e.  [back_rewrite(1182),rewrite([1643(1),1643(4),1643(12),1643(15),1908(18)])].
        1643 back demodulating 1181.
kept:      1919 ld(mult(mult(mult(x,ld(y,e)),ld(z,e)),mult(z,u)),mult(mult(x,ld(y,e)),mult(u,mult(mult(x,ld(y,e)),mult(y,ld(x,e)))))) != e | mult(mult(y,ld(x,e)),mult(mult(mult(x,ld(y,e)),ld(z,e)),mult(z,u))) = u.  [back_rewrite(1181),rewrite([1643(1),1643(4),1643(9),1908(12),1643(24),1643(27),1643(30)])].
        1643 back demodulating 1180.
kept:      1920 ld(mult(mult(x,ld(y,e)),mult(mult(y,z),mult(mult(x,ld(y,e)),mult(y,ld(x,e))))),mult(x,z)) != e | ld(x,mult(mult(x,ld(y,e)),mult(y,z))) = z.  [back_rewrite(1180),rewrite([1643(1),1908(5),1643(18)])].
        1643 back demodulating 1179.
kept:      1921 ld(mult(mult(x,mult(y,ld(z,e))),mult(mult(z,ld(y,e)),mult(u,mult(mult(z,ld(y,e)),mult(y,ld(z,e)))))),mult(x,u)) != e | ld(x,mult(mult(x,mult(y,ld(z,e))),mult(mult(z,ld(y,e)),u))) = u.  [back_rewrite(1179),rewrite([1643(1),1643(4),1647(5),663(5),1643(5),1908(8),1643(22),1643(25),1647(26),663(26),1643(26)])].
        1643 back demodulating 1178.
kept:      1922 mult(mult(x,ld(y,e)),mult(mult(y,ld(x,e)),mult(z,mult(mult(y,ld(x,e)),mult(x,ld(y,e)))))) = z.  [back_rewrite(1178),rewrite([1643(1),1647(5),663(5),1643(4),1908(7)])].
    new demodulator: 1922.
        1643 back demodulating 1177.
kept:      1923 ld(x,mult(mult(mult(x,ld(y,ld(z,e))),mult(z,mult(mult(x,ld(y,ld(z,e))),mult(mult(z,y),ld(x,e))))),y)) != e | ld(mult(mult(x,ld(y,ld(z,e))),z),x) = y.  [back_rewrite(1177),rewrite([1643(2),1908(5),1647(3),1647(7),1643(21),1647(22)])].
        1643 back demodulating 1176.
kept:      1924 ld(x,mult(mult(mult(x,ld(mult(y,mult(mult(z,ld(u,e)),mult(u,ld(z,e)))),mult(u,ld(z,e)))),mult(z,ld(u,e))),y)) != e | ld(mult(mult(x,ld(y,mult(u,ld(z,e)))),mult(z,ld(u,e))),x) = y.  [back_rewrite(1176),rewrite([1643(1),1908(4),1643(13),1647(14),1647(13),663(13),1643(14),1643(22),1643(26),1647(27),1647(26),663(26),1643(27)])].
        1643 back demodulating 1175.
kept:      1925 mult(mult(x,ld(y,e)),mult(mult(mult(mult(y,ld(x,e)),ld(z,ld(u,e))),u),z)) != e | ld(mult(mult(mult(y,ld(x,e)),ld(z,ld(u,e))),u),mult(y,ld(x,e))) = z.  [back_rewrite(1175),rewrite([1643(1),1643(4),1643(8),1647(9),1643(16),1643(20),1647(21),1643(24)])].
        1643 back demodulating 1174.
kept:      1926 ld(x,mult(mult(y,ld(z,e)),mult(x,mult(mult(y,ld(z,e)),mult(z,ld(y,e)))))) = mult(ld(x,mult(y,ld(z,e))),x).  [back_rewrite(1174),rewrite([1643(1),1908(4),1643(14)])].
    new demodulator: 1926.
        1643 back demodulating 1173.
kept:      1927 ld(mult(mult(x,ld(y,e)),z),mult(mult(mult(x,ld(y,e)),mult(mult(z,ld(u,e)),mult(mult(x,ld(y,e)),mult(y,ld(x,e))))),u)) != e | ld(mult(mult(x,ld(y,e)),mult(z,ld(u,e))),mult(mult(x,ld(y,e)),z)) = u.  [back_rewrite(1173),rewrite([1643(1),1643(5),1643(8),1908(11),1643(24),1643(27),1643(31)])].
        1643 back demodulating 1172.
kept:      1928 ld(mult(mult(x,ld(y,e)),mult(z,mult(mult(x,ld(y,e)),mult(y,ld(x,e))))),mult(mult(mult(x,ld(y,e)),mult(z,ld(u,e))),u)) != e | ld(mult(mult(x,ld(y,e)),mult(z,ld(u,e))),mult(mult(x,ld(y,e)),z)) = u.  [back_rewrite(1172),rewrite([1643(1),1908(4),1643(13),1643(16),1643(24),1643(27),1643(31)])].
        1643 back demodulating 1171.
kept:      1929 ld(mult(mult(x,ld(y,e)),mult(z,mult(y,ld(x,e)))),mult(mult(x,ld(y,e)),mult(z,mult(mult(x,ld(y,e)),mult(y,ld(x,e)))))) = mult(x,ld(y,e)).  [back_rewrite(1171),rewrite([1643(1),1643(4),1643(7),1647(8),663(8),1643(9),1908(12),1643(22)])].
    new demodulator: 1929.
        1643 back demodulating 1170.
kept:      1930 ld(mult(mult(x,ld(y,e)),mult(z,ld(mult(mult(x,ld(y,e)),mult(z,mult(mult(x,ld(y,e)),mult(y,ld(x,e))))),u))),u) != e | ld(mult(mult(x,ld(y,e)),z),mult(mult(x,ld(y,e)),mult(z,ld(mult(mult(x,ld(y,e)),z),u)))) = ld(mult(mult(x,ld(y,e)),z),u).  [back_rewrite(1170),rewrite([1643(1),1643(4),1908(7),1643(22),1643(26),1643(29),1643(37)])].
        1643 back demodulating 1169.
kept:      1931 mult(mult(mult(x,ld(y,e)),mult(z,mult(mult(x,ld(y,e)),mult(y,ld(x,e))))),ld(mult(z,mult(mult(y,ld(x,e)),mult(x,ld(y,e)))),mult(x,ld(y,e)))) = mult(x,mult(ld(y,e),mult(x,ld(y,e)))).  [back_rewrite(1169),rewrite([1643(1),1908(4),1643(13),1908(16),1643(25),1647(26),1647(25),663(25),1643(26),1643(29),1415(32)])].
    new demodulator: 1931.
        1643 back demodulating 1168.
kept:      1932 ld(mult(x,mult(ld(x,mult(y,ld(z,e))),u)),mult(mult(y,ld(z,e)),mult(u,mult(mult(y,ld(z,e)),mult(z,ld(y,e)))))) != e | mult(mult(z,ld(y,e)),mult(mult(x,mult(ld(x,mult(y,ld(z,e))),u)),mult(mult(z,ld(y,e)),mult(y,ld(z,e))))) = u.  [back_rewrite(1168),rewrite([1643(1),1643(7),1908(10),1643(22),1643(25),1908(31)])].
        1643 back demodulating 1167.
kept:      1933 ld(mult(mult(x,ld(y,e)),mult(mult(mult(y,ld(x,e)),z),u)),mult(z,u)) != e | ld(z,mult(mult(x,ld(y,e)),mult(mult(mult(y,ld(x,e)),mult(z,mult(mult(y,ld(x,e)),mult(x,ld(y,e))))),u))) = u.  [back_rewrite(1167),rewrite([1643(1),1643(4),1643(14),1643(17),1908(20)])].
        1643 back demodulating 1166.
kept:      1934 mult(mult(mult(x,ld(y,e)),z),mult(y,ld(x,e))) = mult(mult(x,ld(y,e)),mult(z,mult(y,ld(x,e)))).  [back_rewrite(1166),rewrite([1643(1),1908(4),1643(13),1911(16),1643(9),1643(13)]),flip(a)].
    new demodulator: 1934.
        1643 back demodulating 1165.
kept:      1935 ld(mult(x,mult(y,ld(z,e))),mult(x,mult(mult(y,ld(z,e)),mult(x,mult(mult(y,ld(z,e)),mult(z,ld(y,e))))))) = x.  [back_rewrite(1165),rewrite([1643(1),1643(5),1908(8)])].
    new demodulator: 1935.
        1643 back demodulating 1164.
kept:      1936 ld(mult(mult(x,ld(y,e)),mult(z,mult(mult(x,ld(y,e)),mult(y,ld(x,e))))),mult(mult(x,ld(y,e)),mult(z,mult(x,ld(y,e))))) = mult(x,ld(y,e)).  [back_rewrite(1164),rewrite([1643(1),1908(4),1643(13),1643(16),1643(22)])].
    new demodulator: 1936.
        1643 back demodulating 1163.
kept:      1937 mult(mult(x,ld(y,e)),mult(mult(x,ld(y,e)),mult(z,mult(mult(mult(x,ld(y,e)),mult(y,ld(x,e))),ld(z,e))))) = mult(x,mult(ld(y,e),mult(x,ld(y,e)))).  [back_rewrite(1163),rewrite([1643(1),1643(4),1908(7),1643(17),46(19),703(17),1643(20),1643(23),1415(26)])].
    new demodulator: 1937.
        1643 back demodulating 1162.
kept:      1938 ld(mult(mult(x,ld(y,e)),z),mult(mult(mult(x,ld(y,e)),mult(u,mult(mult(x,ld(y,e)),mult(y,ld(x,e))))),ld(u,z))) != e | ld(mult(mult(x,ld(y,e)),u),mult(mult(x,ld(y,e)),z)) = ld(u,z).  [back_rewrite(1162),rewrite([1643(1),1643(5),1908(8),1643(22),1643(26)])].
        1643 back demodulating 1161.
kept:      1939 ld(mult(mult(x,ld(y,e)),mult(z,mult(mult(x,ld(y,e)),mult(y,ld(x,e))))),mult(mult(mult(x,ld(y,e)),u),ld(u,z))) != e | ld(mult(mult(x,ld(y,e)),u),mult(mult(x,ld(y,e)),z)) = ld(u,z).  [back_rewrite(1161),rewrite([1643(1),1908(4),1643(13),1643(22),1643(26)])].
        1643 back demodulating 1160.
kept:      1940 ld(mult(x,y),mult(mult(x,mult(z,ld(u,e))),mult(mult(u,ld(z,e)),y))) != e | ld(mult(x,mult(z,ld(u,e))),mult(x,y)) = mult(mult(u,ld(z,e)),mult(y,mult(mult(u,ld(z,e)),mult(z,ld(u,e))))).  [back_rewrite(1160),rewrite([1643(2),1643(6),1643(14),1643(20),1908(23)])].
        1643 back demodulating 1159.
kept:      1941 mult(x,mult(mult(y,ld(z,e)),mult(x,mult(mult(y,ld(z,e)),mult(z,ld(y,e)))))) = mult(x,mult(mult(y,ld(z,e)),x)).  [back_rewrite(1159),rewrite([1643(1),1908(4),1643(14)])].
    new demodulator: 1941.
        1643 back demodulating 1158.
kept:      1942 mult(mult(x,ld(y,e)),mult(mult(z,mult(mult(x,ld(y,e)),mult(y,ld(x,e)))),mult(x,ld(y,e)))) = mult(mult(x,ld(y,e)),mult(z,mult(x,ld(y,e)))).  [back_rewrite(1158),rewrite([1643(1),1643(4),1643(9),1908(12),1643(21),162(24)]),flip(a)].
    new demodulator: 1942.
        1643 back demodulating 1157.
kept:      1943 mult(mult(x,ld(y,e)),mult(mult(x,ld(y,e)),mult(z,mult(mult(x,ld(y,e)),mult(y,ld(x,e)))))) = mult(mult(x,ld(y,e)),mult(mult(x,ld(y,e)),z)).  [back_rewrite(1157),rewrite([1643(1),1643(4),1908(7),1643(17),1643(20)])].
    new demodulator: 1943.
        1643 back demodulating 1155.
kept:      1944 mult(x,mult(x,mult(mult(y,ld(z,e)),mult(u,mult(mult(y,ld(z,e)),mult(z,ld(y,e))))))) = mult(x,mult(x,mult(mult(y,ld(z,e)),u))).  [back_rewrite(1155),rewrite([1643(1),1908(4),1643(15)])].
    new demodulator: 1944.
        1643 back demodulating 1154.
        1643 back demodulating 1153.
kept:      1945 ld(mult(mult(x,ld(y,e)),z),mult(mult(x,ld(y,e)),mult(mult(z,u),mult(mult(x,ld(y,e)),mult(y,ld(x,e)))))) != u | ld(mult(mult(x,ld(y,e)),mult(z,u)),mult(mult(mult(x,ld(y,e)),z),u)) = e.  [back_rewrite(1153),rewrite([1643(1),1643(5),1908(9),1643(20),1643(25)])].
        1643 back demodulating 1152.
kept:      1946 ld(mult(x,mult(y,ld(z,e))),mult(x,mult(mult(y,ld(z,e)),mult(u,mult(mult(y,ld(z,e)),mult(z,ld(y,e))))))) != u | ld(mult(x,mult(mult(y,ld(z,e)),u)),mult(mult(x,mult(y,ld(z,e))),u)) = e.  [back_rewrite(1152),rewrite([1643(1),1643(5),1908(8),1643(20),1643(25)])].
        1643 back demodulating 1151.
kept:      1947 ld(mult(mult(x,ld(y,e)),mult(z,mult(mult(x,ld(y,e)),mult(y,ld(x,e))))),mult(mult(x,ld(y,e)),mult(z,u))) != u | ld(mult(mult(x,ld(y,e)),mult(z,u)),mult(mult(mult(x,ld(y,e)),z),u)) = e.  [back_rewrite(1151),rewrite([1643(1),1908(4),1643(13),1643(20),1643(25)])].
        1643 back demodulating 1150.
kept:      1948 ld(mult(mult(x,ld(y,e)),mult(z,u)),mult(mult(mult(x,ld(y,e)),mult(z,mult(mult(x,ld(y,e)),mult(y,ld(x,e))))),u)) != e | ld(mult(mult(x,ld(y,e)),z),mult(mult(x,ld(y,e)),mult(z,u))) = u.  [back_rewrite(1150),rewrite([1643(1),1643(6),1908(9),1643(22),1643(26)])].
        1643 back demodulating 1149.
kept:      1949 ld(mult(mult(x,ld(y,e)),mult(mult(z,u),mult(mult(x,ld(y,e)),mult(y,ld(x,e))))),mult(mult(mult(x,ld(y,e)),z),u)) != e | ld(mult(mult(x,ld(y,e)),z),mult(mult(x,ld(y,e)),mult(z,u))) = u.  [back_rewrite(1149),rewrite([1643(1),1908(5),1643(14),1643(22),1643(26)])].
        1643 back demodulating 1148.
kept:      1950 ld(mult(x,mult(mult(y,ld(z,e)),mult(u,mult(mult(y,ld(z,e)),mult(z,ld(y,e)))))),mult(mult(x,mult(y,ld(z,e))),u)) != e | ld(mult(x,mult(y,ld(z,e))),mult(x,mult(mult(y,ld(z,e)),u))) = u.  [back_rewrite(1148),rewrite([1643(1),1908(4),1643(14),1643(22),1643(26)])].
        1643 back demodulating 1147.
kept:      1951 ld(mult(mult(x,ld(y,e)),z),mult(mult(x,ld(y,e)),mult(mult(z,u),mult(mult(x,ld(y,e)),mult(y,ld(x,e)))))) = ld(mult(mult(x,ld(y,e)),z),mult(mult(x,ld(y,e)),mult(z,u))).  [back_rewrite(1147),rewrite([1643(1),1643(5),1908(9),1643(19),1643(23)])].
    new demodulator: 1951.
        1643 back demodulating 1146.
kept:      1952 ld(mult(x,mult(y,ld(z,e))),mult(x,mult(mult(y,ld(z,e)),mult(u,mult(mult(y,ld(z,e)),mult(z,ld(y,e))))))) = ld(mult(x,mult(y,ld(z,e))),mult(x,mult(mult(y,ld(z,e)),u))).  [back_rewrite(1146),rewrite([1643(1),1643(5),1908(8),1643(19),1643(23)])].
    new demodulator: 1952.
        1643 back demodulating 1145.
kept:      1953 ld(mult(mult(x,ld(y,e)),mult(z,mult(mult(x,ld(y,e)),mult(y,ld(x,e))))),mult(mult(x,ld(y,e)),mult(z,u))) = ld(mult(mult(x,ld(y,e)),z),mult(mult(x,ld(y,e)),mult(z,u))).  [back_rewrite(1145),rewrite([1643(1),1908(4),1643(13),1643(19),1643(23)])].
    new demodulator: 1953.
        1643 back demodulating 1144.
kept:      1954 ld(mult(x,mult(y,ld(z,e))),mult(mult(y,ld(z,e)),mult(x,mult(mult(y,ld(z,e)),mult(z,ld(y,e)))))) = ld(mult(x,mult(y,ld(z,e))),mult(mult(y,ld(z,e)),x)).  [back_rewrite(1144),rewrite([1643(1),1643(5),1908(8),1643(18),1643(22)])].
    new demodulator: 1954.
        1643 back demodulating 1143.
kept:      1955 ld(mult(mult(x,ld(y,e)),mult(z,mult(mult(x,ld(y,e)),mult(y,ld(x,e))))),mult(z,mult(x,ld(y,e)))) = ld(mult(mult(x,ld(y,e)),z),mult(z,mult(x,ld(y,e)))).  [back_rewrite(1143),rewrite([1643(1),1908(4),1643(13),1643(18),1643(22)])].
    new demodulator: 1955.
        1643 back demodulating 1142.
kept:      1956 ld(mult(mult(x,ld(y,e)),mult(z,u)),mult(mult(mult(x,ld(y,e)),mult(z,mult(mult(x,ld(y,e)),mult(y,ld(x,e))))),u)) = ld(mult(mult(x,ld(y,e)),mult(z,u)),mult(mult(mult(x,ld(y,e)),z),u)).  [back_rewrite(1142),rewrite([1643(1),1643(6),1908(9),1643(20),1643(25)])].
    new demodulator: 1956.
        1643 back demodulating 1141.
kept:      1957 ld(mult(mult(x,ld(y,e)),mult(mult(z,u),mult(mult(x,ld(y,e)),mult(y,ld(x,e))))),mult(mult(mult(x,ld(y,e)),z),u)) = ld(mult(mult(x,ld(y,e)),mult(z,u)),mult(mult(mult(x,ld(y,e)),z),u)).  [back_rewrite(1141),rewrite([1643(1),1908(5),1643(14),1643(20),1643(25)])].
    new demodulator: 1957.
        1643 back demodulating 1140.
kept:      1958 ld(mult(x,mult(mult(y,ld(z,e)),mult(u,mult(mult(y,ld(z,e)),mult(z,ld(y,e)))))),mult(mult(x,mult(y,ld(z,e))),u)) = ld(mult(x,mult(mult(y,ld(z,e)),u)),mult(mult(x,mult(y,ld(z,e))),u)).  [back_rewrite(1140),rewrite([1643(1),1908(4),1643(14),1643(20),1643(25)])].
    new demodulator: 1958.
        1643 back demodulating 1139.
kept:      1959 mult(ld(c1,e),ld(c1,mult(mult(c1,mult(c2,ld(c1,e))),c3))) != mult(ld(c1,e),mult(c2,ld(c1,c3))).  [back_rewrite(1139),rewrite([1643(8),1647(12),663(12)])].
        1643 back demodulating 1138.
kept:      1960 mult(ld(c1,e),ld(c1,mult(mult(c1,mult(c2,ld(c1,e))),c3))) != ld(c1,mult(c2,mult(ld(c1,e),c3))).  [back_rewrite(1138),rewrite([1643(8),1647(12),663(12)])].
        1643 back demodulating 1137.
        1643 back demodulating 1136.
kept:      1961 mult(ld(c1,e),mult(ld(c1,e),mult(mult(c1,mult(c2,ld(c1,e))),c3))) != mult(ld(c1,e),mult(c2,mult(ld(c1,e),c3))).  [back_rewrite(1136),rewrite([1643(10),1647(14),663(14)])].
        1643 back demodulating 1135.
kept:      1962 ld(c1,mult(c2,ld(c1,c3))) != ld(c1,mult(ld(c1,e),mult(mult(c1,mult(c2,ld(c1,e))),c3))).  [back_rewrite(1135),rewrite([1643(8),1647(12),663(12)]),flip(a)].
        1643 back demodulating 1134.
        1643 back demodulating 1133.
        1643 back demodulating 1132.
kept:      1963 ld(x,mult(mult(x,mult(y,ld(z,e))),u)) != mult(mult(y,ld(z,e)),u) | ld(mult(mult(x,mult(y,ld(z,e))),u),mult(x,mult(mult(y,ld(z,e)),u))) = e.  [back_rewrite(1132),rewrite([1643(1),1643(4),1647(5),663(5),1643(7),1643(12),1643(15),1647(16),663(16),1643(17)])].
        1643 back demodulating 1131.
kept:      1964 ld(x,mult(mult(x,mult(y,ld(z,y))),ld(y,z))) != y | ld(mult(mult(x,mult(y,ld(z,y))),ld(y,z)),mult(x,y)) = e.  [back_rewrite(1131),rewrite([1643(1),1810(4),1854(8),1643(5),1647(6),1627(5),663(4),1643(8),1810(11),1854(15),1643(12),1647(13),1627(12),663(11)])].
        1643 back demodulating 1129.
kept:      1965 ld(x,mult(mult(x,ld(y,e)),mult(y,z))) != z | ld(mult(mult(x,ld(y,e)),mult(y,z)),mult(x,z)) = e.  [back_rewrite(1129),rewrite([1643(1),1647(5),663(5),1643(8)])].
        1643 back demodulating 1127.
kept:      1966 ld(x,mult(mult(x,ld(y,e)),z)) != mult(ld(y,e),z) | ld(mult(mult(x,ld(y,e)),z),mult(x,mult(ld(y,e),z))) = e.  [back_rewrite(1127),rewrite([1643(1),1643(10)])].
        1643 back demodulating 1126.
        1643 back demodulating 1125.
kept:      1967 ld(x,mult(mult(x,y),ld(y,z))) != z | ld(mult(mult(x,y),mult(ld(y,e),z)),mult(x,z)) = e.  [back_rewrite(1125),rewrite([1643(3),1627(4),49(2),1643(8),1627(9),49(7)])].
        1643 back demodulating 1124.
kept:      1968 mult(ld(x,e),mult(mult(x,ld(y,e)),mult(y,z))) != z | ld(mult(mult(x,ld(y,e)),mult(y,z)),mult(x,z)) = e.  [back_rewrite(1124),rewrite([1643(3),1643(10)])].
        1643 back demodulating 1123.
kept:      1969 mult(ld(x,e),mult(mult(x,ld(y,e)),mult(y,z))) != z | ld(mult(ld(x,e),mult(ld(x,e),mult(mult(x,ld(y,e)),mult(y,z)))),mult(ld(x,e),z)) = e.  [back_rewrite(1123),rewrite([1643(3),675(7),677(12),1643(12),675(16)])].
        1643 back demodulating 1122.
kept:      1970 ld(x,mult(mult(x,y),z)) != mult(y,z) | ld(mult(mult(x,y),z),mult(x,mult(y,z))) = e.  [back_rewrite(1122),rewrite([1643(3),1627(4),49(2),1643(8),1627(9),49(7)])].
        1643 back demodulating 1121.
kept:      1971 ld(mult(mult(x,mult(y,ld(x,e))),mult(x,y)),mult(x,mult(y,y))) = e.  [back_rewrite(1121),rewrite([1643(2),1304(6),640(4),1643(2)]),xx(a)].
    new demodulator: 1971.
        1643 back demodulating 1119.
kept:      1972 ld(x,mult(mult(x,ld(y,e)),mult(z,y))) != mult(ld(y,z),y) | ld(mult(mult(x,ld(y,e)),mult(z,y)),mult(x,mult(ld(y,z),y))) = e.  [back_rewrite(1119),rewrite([1643(1),1643(10)])].
        1643 back demodulating 1118.
kept:      1973 ld(x,mult(mult(x,ld(y,ld(z,e))),mult(z,mult(y,z)))) != z | ld(mult(mult(x,ld(y,ld(z,e))),mult(z,mult(y,z))),mult(x,z)) = e.  [back_rewrite(1118),rewrite([1643(2),1647(3),1643(11),1647(12)])].
        1643 back demodulating 1117.
kept:      1974 ld(x,mult(mult(x,mult(ld(y,e),ld(y,e))),mult(y,mult(y,z)))) != z | ld(mult(mult(x,mult(ld(y,e),ld(y,e))),mult(y,mult(y,z))),mult(x,z)) = e.  [back_rewrite(1117),rewrite([1643(2),1012(3),8(6),1643(13),1012(14),8(17)])].
        1643 back demodulating 1116.
kept:      1975 ld(x,mult(mult(x,ld(mult(y,z),ld(y,e))),mult(y,mult(y,mult(z,u))))) != u | ld(mult(mult(x,ld(mult(y,z),ld(y,e))),mult(y,mult(y,mult(z,u)))),mult(x,u)) = e.  [back_rewrite(1116),rewrite([1643(3),1647(4),1643(14),1647(15)])].
        1643 back demodulating 1115.
        1643 back demodulating 1114.
kept:      1976 mult(mult(x,ld(y,ld(x,e))),mult(mult(x,mult(y,ld(x,e))),z)) = z.  [back_rewrite(1114),rewrite([1643(2),1647(3),1643(5)])].
    new demodulator: 1976.
        1643 back demodulating 1113.
kept:      1977 mult(mult(x,mult(y,ld(x,e))),mult(mult(x,ld(y,ld(x,e))),z)) = z.  [back_rewrite(1113),rewrite([1643(1),1643(6),1647(7)])].
    new demodulator: 1977.
        1643 back demodulating 1111.
kept:      1978 ld(mult(mult(x,ld(y,e)),z),u) != ld(z,mult(mult(y,ld(x,e)),u)) | ld(u,mult(mult(mult(x,ld(y,e)),z),ld(z,mult(mult(y,ld(x,e)),u)))) = e.  [back_rewrite(1111),rewrite([1643(1),1643(6),1643(12),1643(16)])].
        1643 back demodulating 1110.
kept:      1979 ld(mult(mult(x,ld(y,e)),z),u) != ld(z,mult(mult(y,ld(x,e)),u)) | ld(mult(mult(y,ld(x,e)),u),mult(z,ld(mult(mult(x,ld(y,e)),z),u))) = e.  [back_rewrite(1110),rewrite([1643(1),1643(6),1643(12),1643(16)])].
        1643 back demodulating 1109.
        1643 back demodulating 1108.
kept:      1980 ld(mult(mult(mult(x,ld(y,e)),ld(z,e)),mult(z,mult(mult(y,ld(x,e)),u))),u) != e | mult(mult(y,ld(x,e)),mult(mult(mult(x,ld(y,e)),ld(z,e)),mult(z,mult(mult(y,ld(x,e)),u)))) = mult(mult(y,ld(x,e)),u).  [back_rewrite(1108),rewrite([1643(1),1643(4),1643(7),1643(16),1643(19),1643(22),1643(25),1643(32)])].
        1643 back demodulating 1107.
kept:      1981 ld(mult(mult(x,mult(y,ld(z,e))),u),mult(x,mult(mult(y,ld(z,e)),u))) != e | ld(x,mult(mult(x,mult(y,ld(z,e))),u)) = mult(mult(y,ld(z,e)),u).  [back_rewrite(1107),rewrite([1643(1),1643(4),1647(5),663(5),1643(6),1643(14),1643(17),1647(18),663(18),1643(20)])].
        1643 back demodulating 1106.
        1643 back demodulating 1105.
kept:      1982 ld(x,mult(mult(mult(x,ld(y,e)),mult(z,ld(u,e))),mult(mult(u,ld(z,e)),y))) != e | ld(mult(mult(x,ld(y,e)),mult(z,ld(u,e))),x) = mult(mult(u,ld(z,e)),y).  [back_rewrite(1105),rewrite([1643(1),1643(4),1643(8),1643(16),1643(19),1643(24)])].
        1643 back demodulating 1104.
kept:      1983 mult(ld(mult(mult(x,ld(y,e)),z),mult(y,ld(x,e))),mult(mult(x,ld(y,e)),z)) = mult(ld(z,mult(y,ld(x,e))),z).  [back_rewrite(1104),rewrite([1643(1),1649(5),1908(4),1926(13),1643(6),1643(10),1643(14)]),flip(a)].
    new demodulator: 1983.
        1643 back demodulating 1103.
kept:      1984 ld(x,mult(mult(mult(y,ld(z,e)),mult(mult(mult(z,ld(y,e)),x),ld(u,e))),u)) != e | ld(mult(mult(y,ld(z,e)),mult(mult(mult(z,ld(y,e)),x),ld(u,e))),x) = u.  [back_rewrite(1103),rewrite([1643(1),1643(4),1643(8),1643(16),1643(19),1643(23)])].
        1643 back demodulating 1101.
kept:      1985 ld(mult(mult(x,ld(y,e)),mult(mult(mult(y,ld(x,e)),z),ld(z,u))),u) != e | ld(z,mult(mult(x,ld(y,e)),mult(mult(mult(y,ld(x,e)),z),ld(z,u)))) = ld(z,u).  [back_rewrite(1101),rewrite([1643(1),1643(4),1643(14),1643(17)])].
        1643 back demodulating 1100.
kept:      1986 ld(mult(x,mult(ld(x,mult(y,ld(z,e))),mult(mult(z,ld(y,e)),u))),u) != e | mult(mult(z,ld(y,e)),mult(x,mult(ld(x,mult(y,ld(z,e))),mult(mult(z,ld(y,e)),u)))) = mult(mult(z,ld(y,e)),u).  [back_rewrite(1100),rewrite([1643(1),1643(5),1643(14),1643(17),1643(21),1643(28)])].
        1643 back demodulating 1099.
kept:      1987 mult(mult(x,ld(y,e)),mult(mult(z,mult(mult(x,ld(y,e)),mult(y,ld(x,e)))),mult(y,ld(x,e)))) = mult(mult(x,ld(y,e)),mult(z,mult(y,ld(x,e)))).  [back_rewrite(1099),rewrite([1643(1),1643(4),1643(9),1908(12),1643(21),1934(24)]),flip(a)].
    new demodulator: 1987.
        1643 back demodulating 1098.
kept:      1988 ld(mult(mult(x,ld(y,e)),mult(z,mult(y,ld(x,e)))),mult(mult(x,ld(y,e)),mult(z,z))) = mult(mult(x,ld(y,e)),z).  [back_rewrite(1098),rewrite([1643(1),1643(5),1934(8),1643(9),1643(15)])].
    new demodulator: 1988.
        1643 back demodulating 1097.
        1643 back demodulating 1096.
kept:      1989 ld(mult(mult(x,ld(y,e)),z),mult(u,ld(mult(mult(y,ld(x,e)),u),z))) != e | ld(mult(mult(y,ld(x,e)),u),z) = ld(u,mult(mult(x,ld(y,e)),z)).  [back_rewrite(1096),rewrite([1643(1),1643(5),1643(14),1643(19)])].
        1643 back demodulating 1095.
kept:      1990 ld(x,mult(mult(mult(y,ld(z,e)),u),ld(u,mult(mult(z,ld(y,e)),x)))) != e | ld(mult(mult(y,ld(z,e)),u),x) = ld(u,mult(mult(z,ld(y,e)),x)).  [back_rewrite(1095),rewrite([1643(1),1643(5),1643(14),1643(19)])].
        1643 back demodulating 1094.
kept:      1991 mult(mult(x,ld(y,e)),mult(mult(y,ld(x,e)),mult(z,mult(x,ld(y,e))))) = mult(z,mult(x,ld(y,e))).  [back_rewrite(1094),rewrite([1643(1),1643(4),1643(8),1934(11),1643(13)])].
    new demodulator: 1991.
        1643 back demodulating 1093.
kept:      1992 mult(mult(mult(x,ld(y,e)),z),u) = mult(mult(x,ld(y,e)),mult(mult(x,ld(y,e)),mult(mult(mult(y,ld(x,e)),z),u))).  [back_rewrite(1093),rewrite([1643(1),1643(4),1643(7),1643(14)]),flip(a)].
        1643 back demodulating 1092.
kept:      1993 ld(mult(x,mult(y,ld(z,e))),mult(x,u)) != mult(mult(z,ld(y,e)),u) | ld(mult(x,u),mult(mult(x,mult(y,ld(z,e))),mult(mult(z,ld(y,e)),u))) = e.  [back_rewrite(1092),rewrite([1643(1),1643(7),1643(13),1643(17)])].
        1643 back demodulating 1091.
kept:      1994 ld(x,mult(mult(y,ld(z,e)),mult(mult(mult(z,ld(y,e)),x),u))) != u | ld(mult(mult(y,ld(z,e)),mult(mult(mult(z,ld(y,e)),x),u)),mult(x,u)) = e.  [back_rewrite(1091),rewrite([1643(1),1643(4),1643(12),1643(15)])].
        1643 back demodulating 1090.
kept:      1995 ld(mult(mult(x,ld(y,e)),mult(mult(mult(y,ld(x,e)),z),u)),mult(z,u)) != e | ld(z,mult(mult(x,ld(y,e)),mult(mult(mult(y,ld(x,e)),z),u))) = u.  [back_rewrite(1090),rewrite([1643(1),1643(4),1643(14),1643(17)])].
        1643 back demodulating 1089.
kept:      1996 ld(mult(x,y),mult(mult(x,mult(z,ld(u,e))),mult(mult(u,ld(z,e)),y))) != e | ld(mult(x,mult(z,ld(u,e))),mult(x,y)) = mult(mult(u,ld(z,e)),y).  [back_rewrite(1089),rewrite([1643(2),1643(6),1643(14),1643(20)])].
        1643 back demodulating 1088.
kept:      1997 mult(mult(ld(x,y),ld(x,e)),mult(x,mult(x,ld(y,x)))) = mult(ld(x,y),mult(x,ld(y,x))).  [back_rewrite(1088),rewrite([1643(2),1810(5),1854(9),1643(6),1647(7),1627(6),663(5),1643(5),1810(8),1854(12),1643(9),1810(12),1854(16),1643(13),1647(14),1627(13),663(12)]),flip(a)].
    new demodulator: 1997.
        1643 back demodulating 1087.
kept:      1998 ld(mult(mult(ld(x,y),ld(x,e)),z),ld(x,y)) != ld(z,x) | ld(ld(x,y),mult(mult(mult(ld(x,y),ld(x,e)),z),ld(z,x))) = e.  [back_rewrite(1087),rewrite([1643(1),1810(4),1854(8),1643(11),1810(14),1854(18)])].
        1643 back demodulating 1086.
kept:      1999 ld(ld(x,y),mult(mult(ld(x,y),ld(x,e)),z)) != ld(x,z) | ld(mult(mult(ld(x,y),ld(x,e)),z),mult(ld(x,y),ld(x,z))) = e.  [back_rewrite(1086),rewrite([1643(2),1810(5),1854(9),1643(10),1810(13),1854(17)])].
        1643 back demodulating 1085.
kept:      2000 mult(ld(x,y),ld(mult(ld(x,e),y),x)) = x.  [back_rewrite(1085),rewrite([1643(8),1647(9),1627(8),49(6)])].
    new demodulator: 2000.
        1643 back demodulating 1083.
kept:      2001 ld(mult(mult(mult(ld(x,y),ld(x,e)),ld(z,e)),mult(z,x)),ld(x,y)) != e | mult(mult(x,ld(y,x)),mult(mult(mult(ld(x,y),ld(x,e)),ld(z,e)),mult(z,x))) = x.  [back_rewrite(1083),rewrite([1643(1),1810(4),1854(8),1643(5),1643(14),1810(17),1854(21),1643(18),1810(21),1854(25),1643(22),1908(27),1627(16),1627(27),1883(31),8(26)])].
        1643 back demodulating 1082.
kept:      2002 ld(mult(mult(x,mult(y,ld(z,y))),ld(y,z)),mult(x,y)) != e | ld(x,mult(mult(x,mult(y,ld(z,y))),ld(y,z))) = y.  [back_rewrite(1082),rewrite([1643(1),1810(4),1854(8),1643(5),1647(6),1627(5),663(4),1643(10),1810(13),1854(17),1643(14),1647(15),1627(14),663(13)])].
        1643 back demodulating 1080.
kept:      2003 ld(x,mult(mult(mult(x,ld(y,z)),mult(ld(z,y),ld(z,e))),z)) != e | ld(mult(mult(x,ld(y,z)),mult(ld(z,y),ld(z,e))),x) = z.  [back_rewrite(1080),rewrite([1643(2),1627(3),1643(3),1810(6),1854(10),1643(13),1627(14),1643(14),1810(17),1854(21)])].
        1643 back demodulating 1079.
kept:      2004 ld(mult(mult(mult(x,ld(y,e)),mult(mult(z,mult(x,ld(y,e))),mult(mult(x,ld(y,e)),mult(y,ld(x,e))))),y),mult(mult(mult(x,ld(y,e)),mult(z,mult(mult(x,ld(y,e)),mult(y,ld(x,e))))),x)) != e | ld(mult(mult(x,ld(y,e)),mult(z,mult(mult(x,ld(y,e)),mult(y,ld(x,e))))),mult(mult(mult(x,ld(y,e)),mult(mult(z,mult(x,ld(y,e))),mult(mult(x,ld(y,e)),mult(y,ld(x,e))))),y)) = x.  [back_rewrite(1079),rewrite([1643(1),1643(4),1643(7),1647(8),663(8),1908(8),1643(18),1908(21),1643(34),1908(37),1643(46),1643(49),1643(52),1647(53),663(53),1908(53)])].
        1643 back demodulating 1078.
kept:      2005 ld(ld(x,y),mult(mult(mult(ld(x,y),ld(x,e)),mult(x,ld(z,e))),z)) != e | ld(mult(mult(ld(x,y),ld(x,e)),mult(x,ld(z,e))),ld(x,y)) = z.  [back_rewrite(1078),rewrite([1643(2),1810(5),1854(9),1643(6),1643(14),1810(17),1854(21),1643(18)])].
        1643 back demodulating 1077.
        1643 back demodulating 1076.
kept:      2006 ld(mult(mult(ld(x,y),ld(x,e)),mult(x,ld(ld(x,y),z))),z) != e | ld(ld(x,y),mult(mult(ld(x,y),ld(x,e)),mult(x,ld(ld(x,y),z)))) = ld(ld(x,y),z).  [back_rewrite(1076),rewrite([1643(1),1810(4),1854(8),1643(13),1810(16),1854(20)])].
        1643 back demodulating 1074.
kept:      2007 mult(ld(x,y),mult(ld(x,e),mult(ld(x,e),mult(y,ld(x,e))))) = mult(ld(x,y),mult(ld(x,e),mult(ld(x,y),ld(x,e)))).  [back_rewrite(1074),rewrite([1643(2),1810(5),1854(9),1656(6),1643(5),1647(6),1885(6),978(3),162(10),162(9),1643(12),1810(15),1854(19),1643(16),1810(19),1854(23),1415(20)])].
        1643 back demodulating 1073.
kept:      2008 ld(mult(x,mult(ld(x,mult(ld(y,z),ld(y,e))),y)),ld(y,z)) != e | mult(mult(y,ld(z,y)),mult(x,mult(ld(x,mult(ld(y,z),ld(y,e))),y))) = y.  [back_rewrite(1073),rewrite([1643(1),1810(4),1854(8),1643(12),1810(15),1854(19),1643(16),1810(19),1854(23),1908(23),1627(14),1627(23),1883(27),8(22)])].
        1643 back demodulating 1072.
        1643 back demodulating 1071.
kept:      2009 ld(mult(mult(ld(x,y),ld(x,e)),z),mult(ld(x,y),ld(x,z))) != e | ld(ld(x,y),mult(mult(ld(x,y),ld(x,e)),z)) = ld(x,z).  [back_rewrite(1071),rewrite([1643(1),1810(4),1854(8),1643(13),1810(16),1854(20)])].
        1643 back demodulating 1070.
kept:      2010 ld(ld(x,y),mult(mult(mult(ld(x,y),ld(x,e)),z),ld(z,x))) != e | ld(mult(mult(ld(x,y),ld(x,e)),z),ld(x,y)) = ld(z,x).  [back_rewrite(1070),rewrite([1643(2),1810(5),1854(9),1643(12),1810(15),1854(19)])].
        1643 back demodulating 1069.
kept:      2011 mult(mult(ld(x,y),ld(x,e)),mult(y,ld(x,e))) = mult(ld(x,y),mult(ld(x,y),ld(x,e))).  [back_rewrite(1069),rewrite([1643(1),1810(4),1854(8),1643(5),1643(10),1810(13),1854(17)])].
    new demodulator: 2011.
        1643 back demodulating 1068.
kept:      2012 mult(mult(ld(x,y),ld(x,e)),mult(mult(ld(x,y),ld(x,e)),mult(x,z))) = mult(ld(x,y),mult(ld(x,e),mult(ld(x,y),z))).  [back_rewrite(1068),rewrite([1643(1),1810(4),1854(8),162(6),209(7),1643(8),1810(11),1854(15),1643(12),1810(15),1854(19)]),flip(a)].
    new demodulator: 2012.
        1643 back demodulating 1067.
kept:      2013 ld(mult(ld(mult(x,y),mult(z,ld(y,ld(x,e)))),x),ld(mult(x,y),z)) != y | ld(ld(mult(x,y),z),mult(mult(ld(mult(x,y),mult(z,ld(y,ld(x,e)))),x),y)) = e.  [back_rewrite(1067),rewrite([1643(3),1647(4),1643(16),1647(17)])].
        1643 back demodulating 1066.
        1643 back demodulating 1065.
        1643 back demodulating 1064.
kept:      2014 ld(mult(mult(ld(x,y),ld(x,e)),mult(x,z)),mult(ld(x,y),z)) != e | ld(ld(x,y),mult(mult(ld(x,y),ld(x,e)),mult(x,z))) = z.  [back_rewrite(1064),rewrite([1643(1),1810(4),1854(8),1643(13),1810(16),1854(20)])].
        1643 back demodulating 1063.
kept:      2015 ld(ld(mult(x,y),z),mult(mult(ld(mult(x,y),mult(z,ld(y,ld(x,e)))),x),y)) != e | ld(mult(ld(mult(x,y),mult(z,ld(y,ld(x,e)))),x),ld(mult(x,y),z)) = y.  [back_rewrite(1063),rewrite([1643(5),1647(6),1643(16),1647(17)])].
        1643 back demodulating 1062.
kept:      2016 ld(mult(x,ld(y,z)),mult(mult(x,mult(ld(y,z),ld(y,e))),y)) != e | ld(mult(x,mult(ld(y,z),ld(y,e))),mult(x,ld(y,z))) = y.  [back_rewrite(1062),rewrite([1643(3),1810(6),1854(10),1643(12),1810(15),1854(19)])].
        1643 back demodulating 1061.
        1643 back demodulating 1060.
        1643 back demodulating 1001.
kept:      2017 mult(x,mult(x,mult(y,ld(mult(ld(x,e),y),x)))) = mult(x,mult(x,mult(x,x))).  [back_rewrite(1001),rewrite([1643(9),1647(10),1627(9),49(7),46(7)])].
    new demodulator: 2017.
        1643 back demodulating 999.
        1643 back demodulating 982.
kept:      2018 mult(mult(x,mult(y,y)),mult(ld(y,e),mult(ld(y,e),ld(x,y)))) = y.  [back_rewrite(982),rewrite([1643(6),1647(7),1627(6),1012(5)])].
    new demodulator: 2018.
        1643 back demodulating 980.
        1643 back demodulating 967.
kept:      2019 mult(mult(x,ld(y,ld(x,e))),mult(x,mult(y,ld(x,e)))) = e.  [back_rewrite(967),rewrite([1643(2),1647(3),1643(5)])].
    new demodulator: 2019.
        1643 back demodulating 966.
kept:      2020 mult(mult(x,mult(y,ld(x,e))),mult(x,ld(y,ld(x,e)))) = e.  [back_rewrite(966),rewrite([1643(1),1643(6),1647(7)])].
    new demodulator: 2020.
        1643 back demodulating 965.
        1643 back demodulating 964.
kept:      2021 ld(ld(x,ld(y,e)),ld(y,e)) = mult(y,mult(x,ld(y,e))).  [back_rewrite(964),rewrite([1643(2),1647(3),1647(6),1643(7)])].
    new demodulator: 2021.
        1643 back demodulating 962.
kept:      2022 mult(mult(x,ld(y,e)),mult(y,mult(y,ld(x,e)))) = mult(x,mult(y,ld(x,e))).  [back_rewrite(962),rewrite([1643(1),1647(5),663(5),1643(4),1647(5),663(5),1643(5),1647(9),663(9),1643(8),1647(12),663(12),1643(11),1647(12),663(12)]),flip(a)].
    new demodulator: 2022.
        1643 back demodulating 961.
        1643 back demodulating 959.
kept:      2023 ld(mult(mult(x,y),z),mult(mult(mult(mult(x,y),mult(z,ld(y,ld(x,e)))),x),y)) != e | ld(mult(mult(mult(x,y),mult(z,ld(y,ld(x,e)))),x),mult(mult(x,y),z)) = y.  [back_rewrite(959),rewrite([1643(5),1647(6),1643(16),1647(17)])].
        1643 back demodulating 958.
kept:      2024 mult(mult(x,y),mult(x,ld(y,ld(x,e)))) = mult(x,mult(y,mult(x,ld(y,ld(x,e))))).  [back_rewrite(958),rewrite([1643(4),1647(5),209(6),1643(9),1647(10)]),flip(a)].
    new demodulator: 2024.
        1643 back demodulating 957.
        1643 back demodulating 956.
kept:      2025 mult(x,mult(x,mult(mult(y,z),ld(mult(x,y),ld(x,e))))) = mult(x,mult(x,mult(y,mult(z,ld(mult(x,y),ld(x,e)))))).  [back_rewrite(956),rewrite([1643(6),1647(7),46(8),1643(11),1647(12)])].
    new demodulator: 2025.
        1643 back demodulating 955.
        1643 back demodulating 953.
kept:      2026 ld(c1,mult(c2,ld(c1,c3))) != mult(ld(c1,e),ld(c1,mult(mult(c1,mult(c2,ld(c1,e))),c3))).  [back_rewrite(953),rewrite([1643(8),1647(12),663(12)]),flip(a)].
        1643 back demodulating 951.
        1643 back demodulating 950.
        1643 back demodulating 949.
kept:      2027 ld(c1,mult(c2,mult(ld(c1,e),c3))) != mult(ld(c1,e),mult(ld(c1,e),mult(mult(c1,mult(c2,ld(c1,e))),c3))).  [back_rewrite(949),rewrite([1643(10),1647(14),663(14)]),flip(a)].
        1643 back demodulating 948.
kept:      2028 mult(ld(c1,e),mult(c2,ld(c1,c3))) != mult(ld(c1,e),mult(ld(c1,e),mult(mult(c1,mult(c2,ld(c1,e))),c3))).  [back_rewrite(948),rewrite([1643(10),1647(14),663(14)]),flip(a)].
        1643 back demodulating 947.
kept:      2029 mult(mult(mult(x,ld(y,e)),z),ld(z,mult(y,ld(x,e)))) = e.  [back_rewrite(947),rewrite([1643(1),1647(6),1647(5),663(5),1643(5),1643(10),1643(14)]),xx(a)].
    new demodulator: 2029.
        1643 back demodulating 946.
kept:      2030 mult(mult(x,ld(y,e)),mult(z,mult(mult(x,ld(y,e)),mult(y,ld(x,e))))) != mult(mult(x,ld(y,e)),z) | ld(mult(mult(x,ld(y,e)),z),mult(mult(x,ld(y,e)),mult(z,mult(mult(x,ld(y,e)),mult(y,ld(x,e)))))) = e.  [back_rewrite(946),rewrite([1643(1),1908(4),1643(13),1643(18),1643(22),1908(25)])].
        1643 back demodulating 945.
kept:      2031 ld(x,mult(mult(x,mult(y,ld(z,e))),mult(z,ld(y,e)))) = e.  [back_rewrite(945),rewrite([1643(1),1643(4),1644(8),1647(8),663(8),1643(8),1643(12),1647(16),663(16)]),xx(a)].
    new demodulator: 2031.
        1643 back demodulating 942.
kept:      2032 ld(mult(mult(x,ld(y,e)),z),x) != ld(z,y) | ld(x,mult(mult(x,ld(y,e)),mult(mult(x,ld(y,e)),mult(mult(mult(y,ld(x,e)),z),ld(z,y))))) = e.  [back_rewrite(942),rewrite([1643(1),1647(5),663(5),1643(8),1647(12),663(12),1643(11),1647(15),663(15),1643(14)])].
        1643 back demodulating 941.
kept:      2033 ld(x,mult(mult(x,ld(y,e)),z)) != ld(y,z) | ld(mult(mult(x,ld(y,e)),z),mult(x,ld(y,z))) = e.  [back_rewrite(941),rewrite([1643(1),1647(5),663(5),1643(8),1647(12),663(12)])].
        1643 back demodulating 931.
kept:      2034 ld(mult(x,mult(y,mult(z,ld(y,e)))),mult(x,mult(y,z))) != y | ld(mult(x,mult(y,z)),mult(mult(x,mult(y,mult(z,ld(y,e)))),y)) = e.  [back_rewrite(931),rewrite([1643(1),1643(12)])].
        1643 back demodulating 926.
kept:      2035 ld(mult(mult(x,ld(y,e)),z),x) != ld(z,y) | ld(x,mult(mult(mult(x,ld(y,e)),z),ld(z,y))) = e.  [back_rewrite(926),rewrite([1643(1),1643(8)])].
        1643 back demodulating 925.
        1643 back demodulating 923.
kept:      2036 mult(x,ld(mult(ld(y,e),x),ld(y,mult(ld(y,e),x)))) = mult(ld(y,e),x).  [back_rewrite(923),rewrite([1643(9),1647(10),1627(9)])].
    new demodulator: 2036.
        1643 back demodulating 922.
kept:      2037 mult(ld(x,y),mult(ld(y,x),y)) = y.  [back_rewrite(922),rewrite([1643(6),1647(7),1627(6),663(4),351(3)])].
    new demodulator: 2037.
        1643 back demodulating 921.
        1643 back demodulating 919.
kept:      2038 mult(mult(mult(x,y),mult(x,mult(y,ld(x,e)))),mult(x,mult(ld(y,ld(x,e)),ld(x,e)))) = mult(x,mult(y,ld(x,e))).  [back_rewrite(919),rewrite([1643(2),1643(7),1643(12),1647(13),1910(13),703(13),1643(15)])].
    new demodulator: 2038.
        1643 back demodulating 918.
kept:      2039 mult(mult(x,y),ld(mult(ld(y,x),y),ld(ld(ld(y,x),y),y))) = mult(ld(y,x),y).  [back_rewrite(918),rewrite([1649(4),1643(8),1647(9),1627(8)])].
    new demodulator: 2039.
        1643 back demodulating 917.
        1643 back demodulating 915.
        1643 back demodulating 914.
kept:      2040 mult(x,mult(x,mult(mult(y,z),ld(z,ld(mult(x,mult(x,y)),z))))) = z.  [back_rewrite(914),rewrite([1643(8),1647(9),1627(8),46(8)])].
    new demodulator: 2040.
        1643 back demodulating 913.
kept:      2041 mult(x,ld(ld(y,x),mult(ld(y,e),mult(ld(y,e),x)))) = ld(y,x).  [back_rewrite(913),rewrite([1643(5),1647(6),1627(5),978(3)])].
    new demodulator: 2041.
        1643 back demodulating 912.
kept:      2042 mult(mult(x,ld(y,e)),mult(mult(mult(y,ld(x,e)),ld(z,e)),mult(z,mult(x,ld(y,e))))) = mult(x,ld(y,e)).  [back_rewrite(912),rewrite([1643(1),1643(4),1643(7),1647(13),1647(12),1647(11),663(11),663(10),50(9),1643(4),1643(7),1643(10),1643(13),1643(19)]),xx(a)].
    new demodulator: 2042.
        1643 back demodulating 908.
kept:      2043 ld(mult(ld(x,mult(y,ld(z,e))),mult(z,ld(y,e))),ld(x,e)) != e | mult(mult(z,ld(y,e)),mult(x,mult(ld(x,mult(y,ld(z,e))),mult(z,ld(y,e))))) = mult(z,ld(y,e)).  [back_rewrite(908),rewrite([1643(1),1643(5),1647(11),1643(14),1643(17),1643(21),1643(27)])].
        1643 back demodulating 907.
        1643 back demodulating 906.
        1643 back demodulating 905.
        1643 back demodulating 903.
kept:      2044 mult(mult(ld(mult(mult(x,y),ld(mult(ld(z,e),mult(mult(z,x),y)),z)),z),u),ld(u,ld(z,e))) = mult(ld(z,e),mult(ld(z,e),mult(mult(mult(z,x),y),ld(y,ld(x,e))))).  [back_rewrite(903),rewrite([1643(10),1647(11),1627(10),49(8),1643(12),1647(13),1643(24),1647(25),46(26)])].
    new demodulator: 2044.
        1643 back demodulating 902.
kept:      2045 ld(mult(mult(mult(x,ld(y,e)),ld(z,e)),mult(z,y)),x) != e | mult(mult(y,ld(x,e)),mult(mult(mult(x,ld(y,e)),ld(z,e)),mult(z,y))) = y.  [back_rewrite(902),rewrite([1643(1),1643(4),1643(12),1643(15),1643(18)])].
        1643 back demodulating 899.
kept:      2046 mult(mult(ld(mult(mult(mult(mult(mult(x,y),ld(y,ld(x,ld(z,e)))),u),w),ld(w,ld(mult(mult(mult(x,y),ld(y,ld(x,ld(z,e)))),u),ld(z,e)))),x),y),ld(y,ld(x,e))) = mult(mult(u,w),ld(w,ld(u,ld(ld(y,ld(x,ld(z,e))),ld(y,ld(x,e)))))).  [back_rewrite(899),rewrite([1643(4),1647(5),1647(4),1643(12),1647(13),1647(12),1643(18),1647(19),1647(18),1643(24),1647(25),1643(31),1647(32),1647(31),1643(36),1647(37),1647(36),1647(35),1647(34)])].
    new demodulator: 2046.
        1643 back demodulating 896.
kept:      2047 mult(mult(ld(mult(mult(mult(x,y),z),ld(z,ld(mult(x,y),ld(u,e)))),x),y),ld(y,ld(x,e))) = mult(mult(mult(mult(u,x),y),z),ld(z,ld(y,ld(x,e)))).  [back_rewrite(896),rewrite([1643(6),1647(7),1647(6),1643(12),1647(13),1643(20),1647(21),1647(20)])].
    new demodulator: 2047.
        1643 back demodulating 882.
kept:      2048 ld(c1,mult(c2,ld(c1,c3))) != mult(ld(c1,e),mult(ld(c1,e),mult(mult(c1,mult(c2,ld(c1,e))),c3))).  [back_rewrite(882),rewrite([1643(10),1647(14),663(14)]),flip(a)].
        1643 back demodulating 881.
kept:      2049 ld(c1,mult(c2,mult(ld(c1,e),c3))) != mult(mult(ld(c1,c2),ld(c1,e)),c3).  [back_rewrite(881),rewrite([1643(4),1647(8),663(8),1810(7),1854(13)]),flip(a)].
        1643 back demodulating 880.
kept:      2050 ld(c1,mult(c2,ld(c1,c3))) != mult(mult(ld(c1,c2),ld(c1,e)),c3).  [back_rewrite(880),rewrite([1643(4),1647(8),663(8),1810(7),1854(13)]),flip(a)].
        1643 back demodulating 879.
kept:      2051 mult(ld(c1,e),mult(c2,ld(c1,c3))) != mult(mult(ld(c1,c2),ld(c1,e)),c3).  [back_rewrite(879),rewrite([1643(4),1647(8),663(8),1810(7),1854(13)]),flip(a)].
        1643 back demodulating 878.
kept:      2052 ld(mult(mult(x,ld(y,e)),mult(y,z)),mult(x,z)) != e | ld(x,mult(mult(x,ld(y,e)),mult(y,z))) = z.  [back_rewrite(878),rewrite([1643(1),1647(5),663(5),1643(10)])].
        1643 back demodulating 877.
kept:      2053 mult(mult(x,ld(y,e)),mult(z,mult(mult(x,ld(y,e)),mult(y,ld(x,e))))) = mult(mult(x,ld(y,e)),z).  [back_rewrite(877),rewrite([1643(1),1908(4),1643(13)])].
    new demodulator: 2053.
        1643 back demodulating 876.
kept:      2054 mult(mult(x,ld(y,e)),mult(mult(y,ld(x,e)),z)) = z.  [back_rewrite(876),rewrite([1643(1),1643(4)])].
    new demodulator: 2054.
        1643 back demodulating 875.
kept:      2055 mult(mult(ld(c1,c2),ld(c1,e)),c3) != mult(ld(c1,e),mult(c2,mult(ld(c1,e),c3))).  [back_rewrite(875),rewrite([1643(4),1647(8),663(8),1810(7),1854(13)])].
        1643 back demodulating 874.
kept:      2056 ld(x,mult(mult(x,ld(y,ld(z,e))),mult(mult(x,ld(y,ld(z,e))),mult(mult(mult(mult(z,y),ld(x,e)),z),y)))) != e | ld(mult(mult(x,ld(y,ld(z,e))),z),x) = y.  [back_rewrite(874),rewrite([1643(2),1647(6),1647(5),663(6),1643(6),1647(10),1647(9),663(10),1643(10),1643(21),1647(22)])].
        1643 back demodulating 873.
kept:      2057 ld(mult(x,y),mult(mult(x,mult(y,ld(z,e))),z)) != e | ld(mult(x,mult(y,ld(z,e))),mult(x,y)) = z.  [back_rewrite(873),rewrite([1643(2),1647(6),663(6),1643(10)])].
        1643 back demodulating 872.
        1643 back demodulating 871.
        1643 back demodulating 867.
kept:      2058 mult(mult(x,ld(y,e)),mult(y,ld(x,e))) = e.  [back_rewrite(867),rewrite([1643(1),1643(4)])].
    new demodulator: 2058.
        1643 back demodulating 864.
        1643 back demodulating 863.
        1643 back demodulating 862.
        1643 back demodulating 861.
        1643 back demodulating 860.
        1643 back demodulating 859.
        1643 back demodulating 858.
        1643 back demodulating 852.
kept:      2059 ld(mult(x,y),mult(mult(x,mult(y,ld(x,e))),mult(x,z))) != z | ld(mult(mult(x,mult(y,ld(x,e))),mult(x,z)),mult(mult(x,y),z)) = e.  [back_rewrite(852),rewrite([1643(2),1643(10)])].
        1643 back demodulating 848.
kept:      2060 ld(mult(mult(x,ld(y,e)),mult(y,mult(ld(x,e),z))),z) != e | ld(x,mult(mult(x,ld(y,e)),mult(y,mult(ld(x,e),z)))) = mult(ld(x,e),z).  [back_rewrite(848),rewrite([1643(1),1643(12)])].
        1643 back demodulating 847.
kept:      2061 ld(mult(mult(x,ld(y,e)),z),mult(x,mult(ld(y,e),z))) != e | ld(x,mult(mult(x,ld(y,e)),z)) = mult(ld(y,e),z).  [back_rewrite(847),rewrite([1643(1),1643(12)])].
        1643 back demodulating 846.
kept:      2062 ld(x,mult(mult(mult(x,ld(y,e)),z),mult(ld(z,e),y))) != e | ld(mult(mult(x,ld(y,e)),z),x) = mult(ld(z,e),y).  [back_rewrite(846),rewrite([1643(1),1643(12)])].
        1643 back demodulating 844.
kept:      2063 ld(x,mult(ld(y,e),mult(ld(y,e),mult(mult(y,mult(mult(y,x),ld(z,e))),z)))) != e | ld(mult(ld(y,e),mult(mult(y,x),ld(z,e))),x) = z.  [back_rewrite(844),rewrite([1643(4),675(6),677(11),675(8),1643(19),675(21),677(26)])].
        1643 back demodulating 842.
kept:      2064 mult(x,ld(mult(ld(y,e),x),y)) = mult(y,y).  [back_rewrite(842),rewrite([1643(5),1627(6)])].
    new demodulator: 2064.
        1643 back demodulating 827.
        1643 back demodulating 826.
kept:      2065 ld(mult(mult(x,mult(y,ld(z,e))),z),mult(x,y)) != e | ld(x,mult(mult(x,mult(y,ld(z,e))),z)) = y.  [back_rewrite(826),rewrite([1643(1),1647(5),663(5),1643(4),1647(5),663(5),1643(10),1647(14),663(14),1643(13),1647(14),663(14)])].
        1643 back demodulating 825.
kept:      2066 ld(x,mult(mult(mult(x,ld(y,e)),mult(y,ld(z,e))),z)) != e | ld(mult(mult(x,ld(y,e)),mult(y,ld(z,e))),x) = z.  [back_rewrite(825),rewrite([1643(1),1643(4),1647(8),663(8),1643(12),1643(15),1647(19),663(19)])].
        1643 back demodulating 824.
        1643 back demodulating 823.
        1643 back demodulating 822.
kept:      2067 ld(x,mult(mult(x,ld(y,e)),mult(mult(x,ld(y,e)),mult(mult(mult(y,ld(x,e)),mult(y,ld(z,e))),z)))) != e | ld(mult(mult(x,ld(y,e)),mult(y,ld(z,e))),x) = z.  [back_rewrite(822),rewrite([1643(1),1647(5),663(5),1643(4),1647(8),663(8),1643(7),1643(10),1643(20),1647(24),663(24),1643(23)])].
        1643 back demodulating 821.
        1643 back demodulating 820.
kept:      2068 ld(mult(mult(x,ld(y,e)),mult(y,ld(x,z))),z) != e | ld(x,mult(mult(x,ld(y,e)),mult(y,ld(x,z)))) = ld(x,z).  [back_rewrite(820),rewrite([1643(1),1647(5),663(5),1643(10),1647(14),663(14)])].
        1643 back demodulating 819.
kept:      2069 mult(x,ld(mult(ld(x,e),y),ld(y,e))) = mult(x,mult(ld(y,e),mult(x,ld(y,e)))).  [back_rewrite(819),rewrite([1643(1),162(4),1643(5),1647(6),1643(8),1647(12),663(12),1643(11),1647(15),663(15),1415(14)])].
    new demodulator: 2069.
        1643 back demodulating 818.
kept:      2070 ld(mult(x,mult(ld(x,mult(y,ld(z,e))),z)),y) != e | mult(mult(z,ld(y,e)),mult(x,mult(ld(x,mult(y,ld(z,e))),z))) = z.  [back_rewrite(818),rewrite([1643(1),1647(5),663(5),1643(10),1643(13),1647(17),663(17)])].
        1643 back demodulating 817.
kept:      2071 mult(mult(x,ld(y,ld(x,e))),mult(x,y)) = x.  [back_rewrite(817),rewrite([1643(1),1647(5),663(5),1910(6)])].
    new demodulator: 2071.
        1643 back demodulating 816.
        1643 back demodulating 815.
kept:      2072 ld(mult(mult(x,ld(y,e)),z),mult(x,ld(y,z))) != e | ld(x,mult(mult(x,ld(y,e)),z)) = ld(y,z).  [back_rewrite(815),rewrite([1643(1),1647(5),663(5),1643(10),1647(14),663(14)])].
        1643 back demodulating 814.
kept:      2073 ld(x,mult(mult(x,ld(y,e)),mult(mult(x,ld(y,e)),mult(mult(mult(y,ld(x,e)),z),ld(z,y))))) != e | ld(mult(mult(x,ld(y,e)),z),x) = ld(z,y).  [back_rewrite(814),rewrite([1643(1),1647(5),663(5),1643(4),1647(8),663(8),1643(7),1643(18),1647(22),663(22)])].
        1643 back demodulating 813.
        1643 back demodulating 809.
kept:      2074 ld(mult(mult(x,ld(y,ld(z,e))),z),x) != y | ld(x,mult(mult(x,ld(y,ld(z,e))),mult(mult(x,ld(y,ld(z,e))),mult(mult(mult(mult(z,y),ld(x,e)),z),y)))) = e.  [back_rewrite(809),rewrite([1643(2),1647(6),1647(5),663(6),1643(9),1647(13),1647(12),663(13),1643(13),1647(17),1647(16),663(17),1643(17)])].
        1643 back demodulating 808.
        1643 back demodulating 807.
        1643 back demodulating 806.
        1643 back demodulating 805.
        1643 back demodulating 804.
        1643 back demodulating 803.
kept:      2075 mult(mult(ld(x,y),x),ld(x,ld(y,e))) = ld(x,e).  [back_rewrite(803),rewrite([1643(4),1647(5)])].
    new demodulator: 2075.
        1643 back demodulating 802.
kept:      2076 mult(x,ld(mult(y,x),ld(x,e))) = ld(y,ld(x,e)).  [back_rewrite(802),rewrite([1643(3),1647(4),1647(8)])].
    new demodulator: 2076.
        1643 back demodulating 801.
kept:      2077 mult(x,ld(mult(y,mult(z,x)),ld(y,e))) = ld(mult(y,z),ld(y,e)).  [back_rewrite(801),rewrite([1643(4),1647(5),1647(10)])].
    new demodulator: 2077.
        1643 back demodulating 800.
        1643 back demodulating 790.
kept:      2078 ld(mult(ld(x,e),mult(ld(x,e),mult(mult(x,ld(y,e)),mult(y,z)))),ld(x,z)) != e | mult(ld(x,e),mult(mult(x,ld(y,e)),mult(y,z))) = z.  [back_rewrite(790),rewrite([1643(3),675(7),1643(18),675(22),677(27)])].
        1643 back demodulating 789.
kept:      2079 ld(mult(mult(x,y),ld(y,z)),mult(x,z)) != e | ld(x,mult(mult(x,y),mult(ld(y,e),z))) = z.  [back_rewrite(789),rewrite([1643(3),1627(4),49(2),1643(10),1627(11),49(9)])].
        1643 back demodulating 788.
kept:      2080 mult(ld(mult(x,y),mult(x,ld(z,e))),mult(z,y)) != e | ld(z,mult(mult(z,ld(x,e)),mult(x,y))) = y.  [back_rewrite(788),rewrite([1643(1),1647(7),1647(6),663(6),1643(10)])].
        1643 back demodulating 787.
        1643 back demodulating 786.
        1643 back demodulating 785.
        1643 back demodulating 784.
kept:      2081 ld(x,mult(mult(mult(x,ld(y,z)),ld(z,e)),y)) != e | mult(mult(z,ld(ld(y,z),ld(x,e))),mult(x,mult(mult(z,ld(ld(y,z),ld(x,e))),mult(mult(x,ld(y,z)),ld(z,e))))) = y.  [back_rewrite(784),rewrite([1643(2),1627(3),1643(13),1647(14),1627(13),49(11),1908(15),1647(13),1647(18)])].
        1643 back demodulating 783.
kept:      2082 mult(ld(x,e),mult(mult(mult(x,ld(y,ld(z,e))),z),y)) != e | ld(mult(mult(x,ld(y,ld(z,e))),z),x) = y.  [back_rewrite(783),rewrite([1643(4),1647(5),1643(13),1647(14)])].
        1643 back demodulating 781.
kept:      2083 ld(mult(ld(x,e),y),mult(ld(x,mult(y,ld(z,e))),z)) != e | ld(mult(ld(x,e),mult(y,ld(z,e))),mult(ld(x,e),y)) = z.  [back_rewrite(781),rewrite([1643(4),1643(14)])].
        1643 back demodulating 780.
kept:      2084 ld(ld(x,y),mult(ld(x,e),mult(ld(x,e),mult(mult(x,mult(y,ld(z,e))),z)))) != e | ld(mult(ld(x,e),mult(y,ld(z,e))),mult(ld(x,e),y)) = z.  [back_rewrite(780),rewrite([1643(6),1643(18)])].
        1643 back demodulating 779.
kept:      2085 mult(ld(x,ld(y,e)),mult(mult(y,mult(x,ld(z,e))),z)) != e | ld(mult(y,mult(x,ld(z,e))),mult(y,x)) = z.  [back_rewrite(779),rewrite([1647(3),1643(4),1643(12)])].
        1643 back demodulating 778.
kept:      2086 ld(mult(ld(x,e),mult(y,x)),ld(x,y)) = ld(x,e).  [back_rewrite(778),rewrite([1643(5),1627(6),49(4)])].
    new demodulator: 2086.
        1643 back demodulating 777.
kept:      2087 ld(mult(ld(x,y),x),mult(ld(x,e),y)) = ld(x,e).  [back_rewrite(777),rewrite([1643(3),1627(4),49(2),351(2)])].
    new demodulator: 2087.
        1643 back demodulating 776.
        1643 back demodulating 770.
kept:      2088 mult(ld(x,y),ld(y,ld(x,e))) = mult(ld(x,e),ld(x,e)).  [back_rewrite(770),rewrite([1643(3),1647(4)])].
    new demodulator: 2088.
        1643 back demodulating 769.
        1643 back demodulating 762.
        1643 back demodulating 761.
        1643 back demodulating 729.
kept:      2089 mult(ld(x,e),mult(ld(x,e),mult(mult(mult(x,y),z),ld(z,ld(y,e))))) = mult(mult(ld(x,y),z),ld(z,ld(y,e))).  [back_rewrite(729),rewrite([1643(10),1647(11),46(12),1643(16),1647(17)])].
        1643 back demodulating 720.
kept:      2090 ld(x,e) = mult(ld(x,y),ld(y,e)).  [back_rewrite(720),rewrite([1643(2)]),flip(a)].
        1643 back demodulating 719.
kept:      2091 ld(mult(ld(x,e),mult(ld(x,e),mult(mult(x,ld(y,e)),mult(y,mult(x,z))))),z) != e | mult(ld(x,e),mult(mult(x,ld(y,e)),mult(y,mult(x,z)))) = mult(x,z).  [back_rewrite(719),rewrite([1643(3),675(8),1643(18),675(23),677(28)])].
        1643 back demodulating 718.
kept:      2092 ld(mult(mult(x,y),z),mult(x,mult(y,z))) != e | ld(x,mult(mult(x,y),z)) = mult(y,z).  [back_rewrite(718),rewrite([1643(3),1627(4),49(2),1643(10),1627(11),49(9)])].
        1643 back demodulating 717.
        1643 back demodulating 715.
kept:      2093 ld(mult(mult(x,ld(y,e)),mult(y,mult(ld(x,z),x))),mult(z,x)) != e | ld(x,mult(mult(x,ld(y,e)),mult(y,mult(ld(x,z),x)))) = mult(ld(x,z),x).  [back_rewrite(715),rewrite([1643(1),1643(12)])].
        1643 back demodulating 714.
kept:      2094 ld(mult(mult(x,ld(y,e)),mult(z,y)),mult(x,mult(ld(y,z),y))) != e | ld(x,mult(mult(x,ld(y,e)),mult(z,y))) = mult(ld(y,z),y).  [back_rewrite(714),rewrite([1643(1),1643(12)])].
        1643 back demodulating 713.
kept:      2095 ld(mult(mult(mult(x,y),ld(z,e)),mult(z,x)),mult(x,mult(y,x))) != e | ld(mult(x,y),mult(mult(mult(x,y),ld(z,e)),mult(z,x))) = x.  [back_rewrite(713),rewrite([1643(2),1643(14)])].
        1643 back demodulating 712.
kept:      2096 ld(mult(mult(x,ld(y,ld(z,e))),mult(z,mult(y,z))),mult(x,z)) != e | ld(x,mult(mult(x,ld(y,ld(z,e))),mult(z,mult(y,z)))) = z.  [back_rewrite(712),rewrite([1643(2),1647(3),1643(13),1647(14)])].
        1643 back demodulating 710.
kept:      2097 ld(mult(mult(x,mult(ld(y,e),ld(y,e))),mult(y,mult(y,z))),mult(x,z)) != e | ld(x,mult(mult(x,mult(ld(y,e),ld(y,e))),mult(y,mult(y,z)))) = z.  [back_rewrite(710),rewrite([1643(2),1012(3),8(6),1643(15),1012(16),8(19)])].
        1643 back demodulating 709.
        1643 back demodulating 708.
kept:      2098 ld(mult(mult(x,ld(mult(y,z),ld(y,e))),mult(y,mult(y,mult(z,u)))),mult(x,u)) != e | ld(x,mult(mult(x,ld(mult(y,z),ld(y,e))),mult(y,mult(y,mult(z,u))))) = u.  [back_rewrite(708),rewrite([1643(3),1647(4),1643(16),1647(17)])].
        1643 back demodulating 704.
        1643 back demodulating 691.
kept:      2099 ld(x,mult(mult(mult(x,ld(y,e)),ld(z,e)),mult(z,y))) != e | mult(mult(z,mult(y,ld(x,e))),mult(x,mult(mult(z,mult(y,ld(x,e))),mult(mult(x,ld(y,e)),ld(z,e))))) = mult(z,y).  [back_rewrite(691),rewrite([1643(1),1643(12),1908(18),1647(16),663(16),1647(20),663(20)])].
        1643 back demodulating 689.
        1643 back demodulating 686.
kept:      2100 mult(x,ld(mult(y,x),ld(y,e))) = mult(ld(y,e),ld(y,e)).  [back_rewrite(686),rewrite([1643(3),1647(4)])].
    new demodulator: 2100.
        1643 back demodulating 682.
        1643 back demodulating 666.
        1643 back demodulating 665.
        1643 back demodulating 658.
kept:      2101 ld(x,mult(mult(mult(x,ld(y,ld(z,e))),y),mult(ld(y,z),y))) != e | ld(mult(mult(x,ld(y,ld(z,e))),y),x) = mult(ld(y,z),y).  [back_rewrite(658),rewrite([1643(2),1647(3),1643(13),1647(14)])].
        1643 back demodulating 657.
kept:      2102 ld(x,mult(mult(mult(x,ld(mult(y,z),ld(z,e))),mult(z,y)),z)) != e | ld(mult(mult(x,ld(mult(y,z),ld(z,e))),mult(z,y)),x) = z.  [back_rewrite(657),rewrite([1643(3),1647(4),1643(14),1647(15)])].
        1643 back demodulating 656.
kept:      2103 ld(x,mult(mult(mult(x,ld(mult(y,z),ld(y,e))),mult(y,y)),z)) != e | ld(mult(mult(x,ld(mult(y,z),ld(y,e))),mult(y,y)),x) = z.  [back_rewrite(656),rewrite([1643(3),1647(4),1643(14),1647(15)])].
        1643 back demodulating 655.
kept:      2104 ld(x,mult(mult(mult(x,ld(mult(y,mult(z,u)),ld(y,e))),mult(y,mult(y,z))),u)) != e | ld(mult(mult(x,ld(mult(y,mult(z,u)),ld(y,e))),mult(y,mult(y,z))),x) = u.  [back_rewrite(655),rewrite([1643(4),1647(5),1643(17),1647(18)])].
        1643 back demodulating 653.
        1643 back demodulating 652.
        1643 back demodulating 612.
        1643 back demodulating 590.
kept:      2105 ld(mult(x,y),mult(mult(y,mult(mult(ld(y,x),y),ld(z,e))),z)) != e | ld(mult(y,mult(mult(ld(y,x),y),ld(z,e))),mult(x,y)) = z.  [back_rewrite(590),rewrite([1643(4),1643(14)])].
        1643 back demodulating 589.
kept:      2106 ld(mult(mult(mult(x,ld(y,e)),z),x),mult(mult(x,ld(y,e)),mult(z,x))) != e | ld(mult(mult(x,ld(y,e)),mult(z,mult(x,ld(y,e)))),mult(mult(mult(x,ld(y,e)),z),x)) = y.  [back_rewrite(589),rewrite([1643(1),1643(6),1643(14),1643(17),1643(22)])].
        1643 back demodulating 588.
kept:      2107 ld(mult(x,mult(y,x)),mult(mult(mult(x,y),mult(x,ld(z,e))),z)) != e | ld(mult(mult(x,y),mult(x,ld(z,e))),mult(x,mult(y,x))) = z.  [back_rewrite(588),rewrite([1643(4),1643(13)])].
        1643 back demodulating 586.
        1643 back demodulating 585.
        1643 back demodulating 584.
kept:      2108 ld(x,mult(mult(y,mult(ld(y,x),ld(z,e))),z)) != e | ld(mult(y,mult(ld(y,x),ld(z,e))),x) = z.  [back_rewrite(584),rewrite([1643(2),1643(11)])].
        1643 back demodulating 567.
        1643 back demodulating 559.
kept:      2109 ld(mult(mult(x,mult(y,ld(x,e))),mult(x,z)),mult(mult(x,y),z)) != e | ld(mult(x,y),mult(mult(x,mult(y,ld(x,e))),mult(x,z))) = z.  [back_rewrite(559),rewrite([1643(1),1643(13)])].
        1643 back demodulating 557.
kept:      2110 ld(mult(x,mult(y,z)),mult(mult(x,mult(y,mult(z,ld(y,e)))),y)) != e | ld(mult(x,mult(y,mult(z,ld(y,e)))),mult(x,mult(y,z))) = y.  [back_rewrite(557),rewrite([1643(3),1643(12)])].
        1643 back demodulating 556.
kept:      2111 ld(mult(x,mult(y,mult(x,ld(y,ld(x,e))))),mult(x,mult(y,x))) = mult(x,y).  [back_rewrite(556),rewrite([1643(3),1647(4),2024(6)])].
    new demodulator: 2111.
        1643 back demodulating 555.
kept:      2112 ld(mult(x,mult(y,ld(mult(z,x),ld(z,e)))),mult(x,y)) = mult(z,mult(z,x)).  [back_rewrite(555),rewrite([1643(3),1647(4)])].
    new demodulator: 2112.
        1643 back demodulating 553.
        1643 back demodulating 544.
        1643 back demodulating 538.
kept:      2113 mult(x,mult(x,mult(mult(y,z),ld(z,mult(x,mult(x,y)))))) = mult(x,mult(x,mult(y,mult(x,mult(x,y))))).  [back_rewrite(538),rewrite([1643(7),1627(8),46(7)])].
    new demodulator: 2113.
        1643 back demodulating 536.
kept:      2114 mult(x,mult(ld(y,e),mult(x,ld(y,e)))) = mult(x,mult(ld(y,x),ld(y,e))).  [back_rewrite(536),rewrite([1643(1),1656(4),1643(3),1647(4),1885(4),1643(6),1643(9),1415(12)]),flip(a)].
        1643 back demodulating 534.
        1643 back demodulating 516.
        1643 back demodulating 507.
        1643 back demodulating 492.
kept:      2115 ld(x,y) != mult(y,ld(x,e)) | mult(mult(x,ld(y,x)),mult(y,ld(x,e))) = x.  [back_rewrite(492),rewrite([1643(1),1643(6),1656(9),1643(8)]),flip(a)].
        1643 back demodulating 490.
kept:      2116 ld(x,mult(y,mult(x,ld(y,e)))) != e | mult(mult(y,ld(x,y)),mult(x,ld(y,e))) = y.  [back_rewrite(490),rewrite([1643(1),1643(8),1656(11),1643(10)])].
        1643 back demodulating 484.
kept:      2117 mult(ld(x,ld(y,z)),x) = mult(ld(y,mult(ld(x,mult(z,ld(y,e))),x)),y).  [back_rewrite(484),rewrite([1643(1)]),flip(a)].
        1643 back demodulating 471.
kept:      2118 ld(x,mult(mult(x,ld(y,e)),mult(y,mult(ld(z,u),z)))) = mult(ld(z,ld(x,mult(mult(x,ld(y,e)),mult(y,u)))),z).  [back_rewrite(471),rewrite([1643(1),1643(9)])].
        1643 back demodulating 470.
kept:      2119 ld(mult(x,y),mult(x,mult(y,ld(z,u)))) = mult(ld(z,ld(mult(x,y),mult(x,mult(y,mult(u,ld(z,e)))))),z).  [back_rewrite(470),rewrite([1643(2)]),flip(a)].
        1643 back demodulating 469.
kept:      2120 mult(ld(x,ld(mult(y,mult(z,ld(x,ld(u,x)))),mult(y,mult(mult(z,ld(x,ld(u,x))),u)))),x) = ld(mult(y,mult(z,ld(x,ld(u,x)))),mult(y,z)).  [back_rewrite(469),rewrite([1643(3),1647(4),1627(3),1643(7),1647(8),1627(7),1643(15),1647(16),1627(15)])].
    new demodulator: 2120.
        1643 back demodulating 468.
kept:      2121 mult(ld(x,ld(mult(mult(y,ld(mult(ld(x,z),x),ld(u,e))),u),mult(mult(y,ld(mult(ld(x,z),x),ld(u,e))),mult(u,z)))),x) = ld(mult(mult(y,ld(mult(ld(x,z),x),ld(u,e))),u),y).  [back_rewrite(468),rewrite([1643(4),1647(5),1643(11),1647(12),1643(22),1647(23)])].
    new demodulator: 2121.
        1643 back demodulating 467.
kept:      2122 ld(mult(x,mult(y,ld(z,e))),mult(x,mult(mult(y,ld(z,e)),mult(ld(u,z),u)))) = mult(ld(u,ld(mult(x,mult(y,ld(z,e))),mult(x,y))),u).  [back_rewrite(467),rewrite([1643(1),1643(5),1643(13)])].
        1643 back demodulating 466.
kept:      2123 ld(mult(mult(x,ld(y,ld(z,e))),z),mult(mult(x,ld(y,ld(z,e))),mult(z,mult(ld(u,y),u)))) = mult(ld(u,ld(mult(mult(x,ld(y,ld(z,e))),z),x)),u).  [back_rewrite(466),rewrite([1643(2),1647(3),1643(7),1647(8),1643(16),1647(17)])].
        1643 back demodulating 454.
kept:      2124 mult(ld(x,mult(mult(mult(y,z),ld(z,u)),ld(u,e))),x) = mult(mult(mult(mult(ld(x,y),x),z),ld(z,u)),ld(u,e)).  [back_rewrite(454),rewrite([1643(6),1643(12)]),flip(a)].
    new demodulator: 2124.
        1643 back demodulating 451.
kept:      2125 mult(ld(x,mult(mult(mult(y,mult(z,ld(u,e))),u),ld(z,e))),x) = mult(mult(mult(mult(ld(x,y),x),mult(z,ld(u,e))),u),ld(z,e)).  [back_rewrite(451),rewrite([1643(3),1643(8),1643(11),1643(16)]),flip(a)].
    new demodulator: 2125.
        1643 back demodulating 441.
kept:      2126 mult(ld(x,mult(mult(mult(y,mult(z,mult(u,z))),w),ld(mult(u,mult(z,w)),ld(z,e)))),x) = mult(mult(mult(mult(ld(x,y),x),mult(z,mult(u,z))),w),ld(mult(u,mult(z,w)),ld(z,e))).  [back_rewrite(441),rewrite([1643(10),1647(11),1643(20),1647(21)]),flip(a)].
    new demodulator: 2126.
        1643 back demodulating 432.
kept:      2127 mult(ld(x,mult(mult(mult(y,mult(z,mult(z,u))),w),ld(mult(z,mult(u,w)),ld(z,e)))),x) = mult(mult(mult(mult(ld(x,y),x),mult(z,mult(z,u))),w),ld(mult(z,mult(u,w)),ld(z,e))).  [back_rewrite(432),rewrite([1643(10),1647(11),1643(20),1647(21)]),flip(a)].
    new demodulator: 2127.
        1643 back demodulating 431.
kept:      2128 mult(mult(mult(ld(x,y),x),z),ld(x,ld(mult(ld(z,y),z),x))) = z.  [back_rewrite(431),rewrite([1643(8),1647(9),1627(8)])].
    new demodulator: 2128.
        1643 back demodulating 430.
kept:      2129 mult(mult(x,mult(y,mult(ld(z,u),z))),ld(z,ld(ld(mult(x,y),mult(x,mult(y,u))),z))) = mult(x,y).  [back_rewrite(430),rewrite([1643(11),1647(12),1627(11)])].
    new demodulator: 2129.
        1643 back demodulating 429.
kept:      2130 mult(mult(ld(mult(x,y),mult(x,mult(y,z))),u),ld(mult(x,mult(y,mult(ld(u,z),u))),mult(x,y))) = u.  [back_rewrite(429),rewrite([1643(12),1627(13)])].
    new demodulator: 2130.
        1643 back demodulating 421.
kept:      2131 mult(ld(x,mult(mult(mult(y,mult(z,z)),u),ld(mult(z,u),ld(z,e)))),x) = mult(mult(mult(mult(ld(x,y),x),mult(z,z)),u),ld(mult(z,u),ld(z,e))).  [back_rewrite(421),rewrite([1643(8),1647(9),1643(16),1647(17)]),flip(a)].
    new demodulator: 2131.
        1643 back demodulating 403.
kept:      2132 mult(ld(x,mult(mult(mult(y,mult(z,u)),z),ld(mult(u,z),ld(z,e)))),x) = mult(mult(mult(mult(ld(x,y),x),mult(z,u)),z),ld(mult(u,z),ld(z,e))).  [back_rewrite(403),rewrite([1643(8),1647(9),1643(16),1647(17)]),flip(a)].
    new demodulator: 2132.
        1643 back demodulating 394.
        1643 back demodulating 376.
kept:      2133 mult(ld(x,mult(mult(mult(y,z),mult(ld(z,u),z)),ld(z,ld(u,e)))),x) = mult(mult(mult(mult(ld(x,y),x),z),mult(ld(z,u),z)),ld(z,ld(u,e))).  [back_rewrite(376),rewrite([1643(8),1647(9),1643(16),1647(17)]),flip(a)].
    new demodulator: 2133.
        1643 back demodulating 352.
kept:      2134 mult(mult(x,y),ld(y,ld(x,y))) = y.  [back_rewrite(352),rewrite([1643(4),1647(5),1627(4)])].
    new demodulator: 2134.
        1643 back demodulating 343.
        1643 back demodulating 341.
        1643 back demodulating 340.
        1643 back demodulating 339.
        1643 back demodulating 338.
        1643 back demodulating 326.
        1643 back demodulating 325.
kept:      2135 ld(x,mult(mult(mult(x,ld(y,e)),z),ld(z,y))) != e | ld(mult(mult(x,ld(y,e)),z),x) = ld(z,y).  [back_rewrite(325),rewrite([1643(1),1643(10)])].
        1643 back demodulating 282.
        1643 back demodulating 253.
        1643 back demodulating 221.
kept:      2136 mult(mult(x,ld(y,e)),mult(mult(x,ld(y,e)),mult(y,z))) = mult(x,mult(ld(y,e),mult(x,z))).  [back_rewrite(221),rewrite([1643(1),162(4),209(5),1643(6),1643(9)]),flip(a)].
    new demodulator: 2136.
        1643 back demodulating 220.
kept:      2137 mult(x,mult(x,mult(mult(y,z),ld(z,e)))) = mult(x,mult(x,y)).  [back_rewrite(220),rewrite([1643(4),46(6)])].
    new demodulator: 2137.
        1643 back demodulating 168.
kept:      2138 mult(mult(x,ld(y,e)),mult(y,mult(mult(x,ld(y,e)),z))) = mult(x,mult(x,mult(ld(y,e),z))).  [back_rewrite(168),rewrite([1643(1),46(5),1643(6),1643(9)]),flip(a)].
    new demodulator: 2138.
        1643 back demodulating 167.
kept:      2139 mult(mult(x,mult(y,mult(x,z))),ld(z,e)) = mult(x,mult(y,x)).  [back_rewrite(167),rewrite([1643(4)])].
    new demodulator: 2139.
        1643 back demodulating 138.
kept:      2140 ld(mult(x,y),mult(x,mult(y,ld(z,mult(mult(z,ld(u,e)),mult(u,w)))))) = ld(z,mult(mult(z,ld(u,e)),mult(u,ld(mult(x,y),mult(x,mult(y,w)))))).  [back_rewrite(138),rewrite([1643(2),1643(11)])].
        1643 back demodulating 131.
kept:      2141 ld(mult(x,y),mult(x,mult(y,mult(mult(mult(z,mult(u,ld(w,e))),w),ld(u,e))))) = mult(mult(mult(ld(mult(x,y),mult(x,mult(y,z))),mult(u,ld(w,e))),w),ld(u,e)).  [back_rewrite(131),rewrite([1643(5),1643(10),1643(14),1643(19)]),flip(a)].
    new demodulator: 2141.
        1643 back demodulating 127.
kept:      2142 ld(mult(x,y),mult(x,mult(y,mult(mult(mult(z,u),ld(u,w)),ld(w,e))))) = mult(mult(mult(ld(mult(x,y),mult(x,mult(y,z))),u),ld(u,w)),ld(w,e)).  [back_rewrite(127),rewrite([1643(8),1643(15)]),flip(a)].
    new demodulator: 2142.
        1643 back demodulating 73.
kept:      2143 mult(mult(x,ld(y,ld(x,e))),y) != e | ld(x,y) = mult(y,ld(x,e)).  [back_rewrite(73),rewrite([1643(1),1910(5),1643(8)]),flip(b)].
        1643 back demodulating 69.
kept:      2144 ld(x,y) != mult(y,ld(x,e)) | mult(mult(x,ld(y,ld(x,e))),y) = e.  [back_rewrite(69),rewrite([1643(1),1643(6),1910(10)]),flip(a)].
        1643 back demodulating 65.
        1643 back demodulating 64.
        1643 back demodulating 63.
        1643 back demodulating 60.
        1643 back demodulating 59.
kept:      2145 ld(x,mult(mult(mult(x,ld(y,ld(z,e))),z),y)) != e | ld(mult(mult(x,ld(y,ld(z,e))),z),x) = y.  [back_rewrite(59),rewrite([1643(2),1647(3),1643(11),1647(12)])].
        1643 back demodulating 58.
        1643 back demodulating 54.
        1643 back demodulating 53.
        1643 back demodulating 52.
        1643 back demodulating 51.
        1643 back demodulating 12.
        1643 back demodulating 11.
kept:      2146 mult(mult(x,y),ld(y,e)) = x.  [back_rewrite(11),rewrite([1643(2)])].
    new demodulator: 2146.
    1644 back subsumes 322.
    starting back demodulation with 1644.
        1644 back demodulating 1623.
        1644 back demodulating 934.
kept:      2147 mult(ld(x,e),mult(y,x)) != mult(ld(x,y),x) | ld(mult(y,mult(y,x)),mult(mult(y,x),mult(ld(x,y),x))) = e.  [back_rewrite(934),rewrite([1644(2)])].
        1644 back demodulating 595.
        1644 back demodulating 583.
        1644 back demodulating 579.
        1644 back demodulating 569.
        1644 back demodulating 414.
kept:      2148 mult(x,y) != mult(y,x) | mult(ld(x,e),mult(y,x)) = y.  [back_rewrite(414),rewrite([1644(5)])].
        1644 back demodulating 413.
kept:      2149 ld(mult(x,mult(y,x)),mult(x,mult(x,y))) != e | mult(ld(y,e),mult(x,y)) = x.  [back_rewrite(413),rewrite([1644(9)])].
    starting back demodulation with 1645.
    starting back demodulation with 1646.
    1647 back subsumes 576.
    starting back demodulation with 1647.
        1647 back demodulating 1646.
kept:      2150 mult(ld(x,ld(y,e)),y) = ld(x,e).  [back_rewrite(1646),rewrite([1647(3)])].
    new demodulator: 2150.
        1647 back demodulating 1619.
kept:      2151 mult(ld(x,ld(y,e)),mult(ld(x,ld(y,e)),mult(y,mult(x,mult(y,x))))) = e.  [back_rewrite(1619),rewrite([1647(3),1647(6)])].
    new demodulator: 2151.
        1647 back demodulating 1615.
        1647 back demodulating 1432.
kept:      2152 mult(ld(x,mult(ld(x,ld(y,x)),mult(ld(x,ld(y,x)),mult(y,mult(ld(x,y),mult(y,x)))))),x) = mult(ld(x,y),x).  [back_rewrite(1432),rewrite([1647(4),1627(3),1647(6),1627(5)])].
    new demodulator: 2152.
        1647 back demodulating 1222.
kept:      2153 mult(ld(x,ld(y,e)),mult(y,mult(x,x))) = x.  [back_rewrite(1222),rewrite([1647(3)])].
    new demodulator: 2153.
        1647 back demodulating 997.
kept:      2154 ld(mult(x,mult(x,mult(y,mult(x,mult(x,y))))),z) = mult(ld(mult(x,y),ld(x,e)),mult(ld(mult(x,y),ld(x,e)),z)).  [back_rewrite(997),rewrite([1647(10),1647(14)])].
    new demodulator: 2154.
        1647 back demodulating 937.
kept:      2155 ld(x,y) != mult(ld(x,ld(z,e)),mult(z,y)) | ld(mult(z,y),mult(mult(z,x),ld(x,y))) = e.  [back_rewrite(937),rewrite([1647(4)])].
        1647 back demodulating 835.
kept:      2156 mult(x,mult(x,mult(y,mult(ld(mult(x,y),ld(x,e)),z)))) = z.  [back_rewrite(835),rewrite([1647(4)])].
    new demodulator: 2156.
        1647 back demodulating 829.
kept:      2157 ld(mult(x,mult(y,mult(ld(y,ld(x,e)),z))),z) != e | ld(mult(x,y),mult(x,mult(y,mult(ld(y,ld(x,e)),z)))) = mult(ld(y,ld(x,e)),z).  [back_rewrite(829),rewrite([1647(3),1647(13),1647(20)])].
        1647 back demodulating 799.
kept:      2158 mult(ld(x,ld(y,e)),mult(y,mult(x,ld(mult(z,u),mult(z,mult(u,w)))))) = mult(ld(u,ld(z,e)),mult(z,mult(u,ld(mult(y,x),mult(y,mult(x,w)))))).  [back_rewrite(799),rewrite([1647(3),1647(13)])].
        1647 back demodulating 798.
kept:      2159 ld(mult(x,y),mult(x,mult(y,mult(ld(z,ld(u,e)),mult(u,mult(z,ld(mult(w,v5),mult(w,mult(v5,v6))))))))) = ld(mult(w,v5),mult(w,mult(v5,mult(ld(y,ld(x,e)),mult(x,mult(y,ld(mult(u,z),mult(u,mult(z,v6))))))))).  [back_rewrite(798),rewrite([1647(4),1647(18)])].
        1647 back demodulating 797.
kept:      2160 ld(mult(x,mult(y,mult(z,ld(mult(u,w),mult(u,mult(w,v5)))))),mult(mult(x,mult(y,z)),mult(ld(z,ld(y,e)),mult(y,mult(z,ld(mult(u,w),mult(u,mult(w,v5)))))))) != e | ld(mult(x,mult(y,z)),mult(x,mult(y,mult(z,ld(mult(u,w),mult(u,mult(w,v5))))))) = mult(ld(w,ld(u,e)),mult(u,mult(w,ld(mult(y,z),mult(y,mult(z,v5)))))).  [back_rewrite(797),rewrite([1647(12),1647(36)])].
        1647 back demodulating 796.
kept:      2161 ld(mult(x,y),mult(x,mult(y,mult(ld(z,ld(mult(u,w),mult(u,mult(w,v5)))),z)))) = mult(ld(y,ld(x,e)),mult(x,mult(y,ld(mult(u,w),mult(u,mult(w,mult(ld(z,v5),z))))))).  [back_rewrite(796),rewrite([1647(13)])].
        1647 back demodulating 795.
kept:      2162 ld(mult(x,y),mult(x,mult(y,mult(ld(z,ld(mult(u,w),mult(u,mult(w,v5)))),z)))) = mult(ld(z,mult(ld(y,ld(x,e)),mult(x,mult(y,ld(mult(u,w),mult(u,mult(w,v5))))))),z).  [back_rewrite(795),rewrite([1647(13)])].
        1647 back demodulating 794.
kept:      2163 mult(ld(x,ld(y,e)),mult(y,mult(x,ld(mult(z,u),mult(z,mult(u,mult(ld(w,v5),w))))))) = mult(ld(w,mult(ld(x,ld(y,e)),mult(y,mult(x,ld(mult(z,u),mult(z,mult(u,v5))))))),w).  [back_rewrite(794),rewrite([1647(3),1647(15)])].
        1647 back demodulating 793.
kept:      2164 mult(ld(x,ld(y,e)),mult(ld(x,ld(y,e)),mult(mult(mult(y,x),mult(y,mult(x,ld(mult(z,u),mult(z,mult(u,w)))))),mult(z,u)))) = mult(ld(u,ld(z,e)),mult(mult(z,mult(u,ld(mult(y,x),mult(y,mult(x,w))))),mult(z,u))).  [back_rewrite(793),rewrite([1647(3),1647(6),1647(21)])].
        1647 back demodulating 792.
kept:      2165 ld(mult(ld(x,ld(y,e)),mult(mult(mult(y,x),mult(y,mult(x,ld(mult(z,u),mult(z,mult(u,w)))))),v5)),mult(mult(y,mult(x,ld(mult(z,u),mult(z,mult(u,w))))),v5)) != e | ld(mult(y,mult(x,ld(mult(z,u),mult(z,mult(u,w))))),mult(mult(y,x),mult(ld(u,ld(z,e)),mult(ld(u,ld(z,e)),mult(mult(mult(z,u),mult(z,mult(u,ld(mult(y,x),mult(y,mult(x,w)))))),v5))))) = v5.  [back_rewrite(792),rewrite([1647(3),1647(33),1647(36)])].
        1647 back demodulating 791.
kept:      2166 ld(mult(x,mult(y,mult(ld(y,ld(x,e)),mult(x,mult(y,ld(mult(z,u),mult(z,mult(u,w)))))))),mult(x,mult(y,ld(mult(z,u),mult(z,mult(u,w)))))) != e | ld(mult(x,y),mult(x,mult(y,mult(ld(u,ld(z,e)),mult(z,mult(u,ld(mult(x,y),mult(x,mult(y,w))))))))) = mult(ld(u,ld(z,e)),mult(z,mult(u,ld(mult(x,y),mult(x,mult(y,w)))))).  [back_rewrite(791),rewrite([1647(3),1647(25),1647(38)])].
        1647 back demodulating 772.
kept:      2167 mult(ld(mult(x,ld(mult(y,x),z)),ld(y,e)),z) != e | ld(mult(y,x),mult(y,mult(x,ld(mult(y,x),z)))) = ld(mult(y,x),z).  [back_rewrite(772),rewrite([1647(6)])].
        1647 back demodulating 771.
kept:      2168 ld(mult(x,mult(y,mult(ld(y,ld(x,e)),z))),z) != e | ld(mult(x,y),mult(x,mult(y,ld(mult(x,y),z)))) = ld(mult(x,y),z).  [back_rewrite(771),rewrite([1647(3)])].
        1647 back demodulating 766.
kept:      2169 mult(ld(mult(ld(x,y),z),ld(x,e)),mult(y,z)) != e | ld(y,mult(x,mult(ld(x,y),z))) = z.  [back_rewrite(766),rewrite([1647(5)])].
        1647 back demodulating 758.
kept:      2170 mult(ld(x,ld(y,e)),mult(mult(y,z),ld(z,x))) != e | ld(mult(y,z),mult(y,x)) = ld(z,x).  [back_rewrite(758),rewrite([1647(3)])].
        1647 back demodulating 746.
kept:      2171 mult(mult(x,ld(y,e)),mult(y,ld(x,ld(mult(z,u),mult(z,mult(u,w)))))) = mult(mult(x,ld(y,e)),mult(y,mult(ld(x,e),ld(mult(z,u),mult(z,mult(u,w)))))).  [back_rewrite(746),rewrite([1908(10),2058(16),8(11),1647(15),663(15)])].
    new demodulator: 2171.
        1647 back demodulating 744.
kept:      2172 ld(mult(x,y),mult(x,mult(y,mult(mult(z,ld(u,e)),mult(u,ld(z,w)))))) = mult(ld(y,ld(x,e)),mult(x,mult(y,mult(mult(z,ld(u,e)),mult(u,mult(ld(z,e),w)))))).  [back_rewrite(744),rewrite([1908(7),2058(13),8(8),1647(13),1908(21),2058(27),8(22)])].
        1647 back demodulating 743.
kept:      2173 ld(mult(x,y),mult(x,mult(y,ld(ld(z,u),mult(ld(z,e),mult(u,w)))))) = mult(ld(y,ld(x,e)),mult(x,mult(y,ld(mult(ld(z,e),u),mult(ld(z,e),mult(u,w)))))).  [back_rewrite(743),rewrite([1647(13)])].
        1647 back demodulating 741.
kept:      2174 ld(mult(x,y),mult(x,mult(y,mult(ld(z,ld(u,e)),mult(u,mult(z,w)))))) = mult(ld(y,ld(x,e)),mult(x,mult(y,ld(mult(u,z),mult(u,mult(z,w)))))).  [back_rewrite(741),rewrite([1647(4),1647(13)])].
        1647 back demodulating 740.
kept:      2175 ld(mult(x,y),mult(x,mult(y,ld(mult(z,u),mult(z,mult(u,w)))))) = mult(ld(u,ld(z,e)),mult(z,mult(u,ld(mult(x,y),mult(x,mult(y,w)))))).  [back_rewrite(740),rewrite([1647(11)])].
    new demodulator: 2175.
        1647 back demodulating 735.
kept:      2176 mult(ld(x,ld(y,e)),mult(y,mult(x,z))) != z | ld(mult(y,mult(x,z)),mult(mult(y,x),z)) = e.  [back_rewrite(735),rewrite([1647(3)])].
        1647 back demodulating 731.
kept:      2177 mult(ld(mult(x,y),ld(z,e)),mult(mult(z,x),y)) != e | ld(mult(z,x),mult(z,mult(x,y))) = y.  [back_rewrite(731),rewrite([1647(4)])].
        1647 back demodulating 692.
        1647 back demodulating 679.
kept:      2178 mult(ld(x,ld(y,e)),mult(y,mult(x,y))) = y.  [back_rewrite(679),rewrite([1647(3)])].
    new demodulator: 2178.
        1647 back demodulating 676.
kept:      2179 mult(ld(mult(x,y),ld(x,e)),mult(x,mult(x,mult(y,z)))) = z.  [back_rewrite(676),rewrite([1647(4)])].
    new demodulator: 2179.
    starting back demodulation with 1648.
    starting back demodulation with 1649.
        1649 back demodulating 1606.
        1649 back demodulating 1605.
kept:      2180 ld(x,ld(y,x)) != ld(y,e) | mult(mult(y,ld(x,ld(y,e))),x) = e.  [back_rewrite(1605),rewrite([1649(2),1910(10)])].
        1649 back demodulating 1246.
kept:      2181 ld(ld(mult(x,y),ld(x,e)),ld(y,ld(x,y))) = mult(x,y).  [back_rewrite(1246),rewrite([1649(6)])].
    new demodulator: 2181.
        1649 back demodulating 986.
kept:      2182 ld(mult(ld(x,y),mult(x,x)),mult(y,x)) != e | mult(ld(x,ld(ld(x,y),x)),mult(ld(x,y),x)) = x.  [back_rewrite(986),rewrite([1649(10)])].
        1649 back demodulating 985.
kept:      2183 mult(ld(x,ld(ld(x,y),x)),mult(ld(x,y),x)) != x | ld(mult(ld(x,y),mult(x,x)),mult(y,x)) = e.  [back_rewrite(985),rewrite([1649(3)])].
        1649 back demodulating 984.
kept:      2184 mult(ld(x,ld(ld(x,y),x)),mult(ld(x,y),x)) != x | mult(ld(x,e),mult(ld(x,e),mult(y,mult(x,x)))) = mult(ld(x,y),x).  [back_rewrite(984),rewrite([1649(3)])].
        1649 back demodulating 845.
kept:      2185 mult(ld(mult(ld(x,e),y),x),mult(ld(x,e),y)) = mult(ld(y,x),y).  [back_rewrite(845),rewrite([1649(4),663(3),351(2)]),flip(a)].
    new demodulator: 2185.
        1649 back demodulating 690.
kept:      2186 mult(ld(mult(x,y),ld(x,e)),mult(x,y)) = ld(y,ld(x,y)).  [back_rewrite(690),rewrite([1649(2)]),flip(a)].
    new demodulator: 2186.
        1649 back demodulating 619.
kept:      2187 ld(mult(ld(x,y),x),mult(y,x)) = mult(ld(x,ld(ld(x,y),x)),mult(ld(x,y),x)).  [back_rewrite(619),rewrite([1649(7)])].
    new demodulator: 2187.
    starting back demodulation with 1650.
    starting back demodulation with 1651.
    1652 back subsumes 591.
    starting back demodulation with 1652.
        1652 back demodulating 1272.
    starting back demodulation with 1653.
    starting back demodulation with 1655.
    starting back demodulation with 1656.
        1656 back demodulating 1655.
kept:      2188 mult(mult(x,ld(y,x)),ld(x,y)) = x.  [back_rewrite(1655),rewrite([1656(4)])].
    new demodulator: 2188.
    starting back demodulation with 1657.
    starting back demodulation with 1658.
    starting back demodulation with 1659.
    starting back demodulation with 1667.
    starting back demodulation with 1668.
    starting back demodulation with 1670.
        1670 back demodulating 1661.
kept:      2189 mult(ld(x,ld(y,x)),mult(ld(x,ld(y,x)),mult(ld(mult(mult(z,u),ld(u,ld(z,ld(x,ld(y,x))))),ld(ld(y,x),x)),ld(ld(y,x),x)))) = mult(ld(ld(y,x),mult(mult(mult(y,z),u),ld(u,ld(z,e)))),ld(y,x)).  [back_rewrite(1661),rewrite([1670(15)]),flip(a)].
    new demodulator: 2189.
        1670 back demodulating 1657.
kept:      2190 mult(ld(mult(x,mult(ld(x,y),z)),y),mult(ld(mult(x,mult(ld(x,y),z)),y),mult(ld(mult(mult(u,w),ld(w,ld(u,ld(mult(x,mult(ld(x,y),z)),y)))),ld(y,mult(x,mult(ld(x,y),z)))),ld(y,mult(x,mult(ld(x,y),z)))))) = ld(y,mult(x,mult(ld(x,y),mult(mult(mult(z,u),w),ld(w,ld(u,e)))))).  [back_rewrite(1657),rewrite([1670(43)])].
    new demodulator: 2190.
    starting back demodulation with 1673.
        1673 back demodulating 1671.
kept:      2191 mult(mult(ld(mult(mult(x,y),ld(mult(mult(z,ld(u,e)),mult(mult(mult(u,ld(z,e)),x),y)),mult(u,ld(z,e)))),u),w),ld(w,ld(u,e))) = mult(mult(ld(mult(mult(x,y),ld(y,ld(x,mult(u,ld(z,e))))),u),w),ld(w,ld(u,e))).  [back_rewrite(1671),rewrite([1673(39)]),flip(a)].
    new demodulator: 2191.
    starting back demodulation with 1674.
    starting back demodulation with 1675.
    starting back demodulation with 1677.
    starting back demodulation with 1678.
    starting back demodulation with 1679.
        1679 back demodulating 1676.
        1679 back demodulating 1672.
kept:      2192 mult(ld(ld(x,ld(y,ld(z,e))),ld(x,ld(y,e))),mult(ld(ld(x,ld(y,ld(z,e))),ld(x,ld(y,e))),mult(mult(mult(mult(mult(y,x),ld(x,ld(y,ld(z,e)))),u),w),ld(w,ld(u,e))))) = mult(ld(ld(w,ld(u,ld(z,e))),ld(w,ld(u,e))),mult(ld(ld(w,ld(u,ld(z,e))),ld(w,ld(u,e))),mult(mult(mult(mult(mult(u,w),ld(w,ld(u,ld(z,e)))),y),x),ld(x,ld(y,e))))).  [back_rewrite(1672),rewrite([1679(18),1679(48)])].
    starting back demodulation with 1681.
    starting back demodulation with 1682.
    starting back demodulation with 1683.
    starting back demodulation with 1684.
    starting back demodulation with 1685.
    starting back demodulation with 1686.
    starting back demodulation with 1687.
    starting back demodulation with 1688.
    starting back demodulation with 1689.
    starting back demodulation with 1690.
    starting back demodulation with 1691.
    starting back demodulation with 1692.
    starting back demodulation with 1693.
    starting back demodulation with 1694.
    starting back demodulation with 1695.
    starting back demodulation with 1696.
    starting back demodulation with 1698.
    starting back demodulation with 1700.
    starting back demodulation with 1701.
    starting back demodulation with 1702.
    starting back demodulation with 1703.
    starting back demodulation with 1704.
    starting back demodulation with 1707.
    starting back demodulation with 1709.
    starting back demodulation with 1713.
    starting back demodulation with 1714.
    starting back demodulation with 1715.
    starting back demodulation with 1716.
    starting back demodulation with 1717.
    starting back demodulation with 1718.
    starting back demodulation with 1719.
    starting back demodulation with 1720.
    starting back demodulation with 1721.
    starting back demodulation with 1723.
    starting back demodulation with 1724.
    starting back demodulation with 1725.
    starting back demodulation with 1726.
    starting back demodulation with 1728.
    starting back demodulation with 1729.
    starting back demodulation with 1730.
    starting back demodulation with 1731.
        1731 back demodulating 1707.
    1733 back subsumes 1726.
    starting back demodulation with 1733.
        1733 back demodulating 1620.
    starting back demodulation with 1737.
    starting back demodulation with 1738.
    starting back demodulation with 1739.
    starting back demodulation with 1741.
    starting back demodulation with 1742.
        1742 back demodulating 1700.
    starting back demodulation with 1743.
    starting back demodulation with 1744.
    starting back demodulation with 1745.
        1745 back demodulating 1739.
kept:      2193 mult(mult(x,ld(y,e)),mult(mult(x,ld(y,e)),mult(mult(y,x),ld(x,ld(y,e))))) = mult(x,mult(ld(y,e),mult(x,ld(y,e)))).  [back_rewrite(1739),rewrite([1745(9)])].
    new demodulator: 2193.
    starting back demodulation with 1750.
    starting back demodulation with 1751.
    starting back demodulation with 1752.
    starting back demodulation with 1754.
    starting back demodulation with 1755.
    starting back demodulation with 1756.
    starting back demodulation with 1757.
    starting back demodulation with 1758.
    starting back demodulation with 1760.
        1760 back demodulating 1720.
    starting back demodulation with 1761.
    starting back demodulation with 1762.
    starting back demodulation with 1763.
    starting back demodulation with 1764.
    starting back demodulation with 1765.
    starting back demodulation with 1767.
    starting back demodulation with 1770.
    starting back demodulation with 1771.
    starting back demodulation with 1772.
    starting back demodulation with 1773.
    starting back demodulation with 1774.
    starting back demodulation with 1775.
    starting back demodulation with 1776.
        1776 back demodulating 1774.
        1776 back demodulating 1770.
    starting back demodulation with 1777.
    starting back demodulation with 1778.
    starting back demodulation with 1779.
    starting back demodulation with 1799.
    starting back demodulation with 1800.
    starting back demodulation with 1804.
    starting back demodulation with 1810.
        1810 back demodulating 1787.
kept:      2194 ld(mult(mult(x,ld(y,z)),mult(ld(z,y),ld(z,e))),x) != z | ld(x,mult(mult(mult(x,ld(y,z)),mult(ld(z,y),ld(z,e))),z)) = e.  [back_rewrite(1787),rewrite([1810(6),1854(10),1810(15),1854(19)])].
        1810 back demodulating 1772.
kept:      2195 mult(mult(x,ld(y,x)),mult(ld(x,y),x)) = mult(x,x).  [back_rewrite(1772),rewrite([1810(4),1854(8),1908(7),1627(3),1627(7),1883(11),8(6)])].
    new demodulator: 2195.
        1810 back demodulating 1750.
kept:      2196 mult(mult(ld(x,y),ld(x,e)),y) = mult(ld(x,y),ld(x,y)).  [back_rewrite(1750),rewrite([1810(4),1854(8)])].
    new demodulator: 2196.
        1810 back demodulating 1717.
        1810 back demodulating 1664.
kept:      2197 mult(ld(x,e),mult(ld(x,e),y)) != mult(ld(x,y),ld(x,e)) | mult(mult(x,ld(y,e)),ld(x,y)) = e.  [back_rewrite(1664),rewrite([1810(4),1854(8),1908(16),2058(22),8(17)]),flip(a)].
        1810 back demodulating 1651.
    starting back demodulation with 1813.
    starting back demodulation with 1815.
    starting back demodulation with 1817.
    starting back demodulation with 1820.
    starting back demodulation with 1821.
    starting back demodulation with 1822.
    starting back demodulation with 1823.
    starting back demodulation with 1830.
    starting back demodulation with 1832.
        1832 back demodulating 1771.
        1832 back demodulating 1704.
    starting back demodulation with 1833.
    starting back demodulation with 1835.
    starting back demodulation with 1842.
    starting back demodulation with 1844.
    starting back demodulation with 1845.
    starting back demodulation with 1846.
    starting back demodulation with 1847.
        1847 back demodulating 1842.
    starting back demodulation with 1852.
        1852 back demodulating 1764.
    starting back demodulation with 1853.
    starting back demodulation with 1854.
        1854 back demodulating 1810.
kept:      2198 ld(x,mult(y,ld(x,e))) = mult(ld(x,y),ld(x,e)).  [back_rewrite(1810),rewrite([1854(12)])].
    new demodulator: 2198.
    starting back demodulation with 1855.
    starting back demodulation with 1856.
    starting back demodulation with 1857.
    starting back demodulation with 1858.
    starting back demodulation with 1878.
        1878 back demodulating 1866.
        1878 back demodulating 1715.
    starting back demodulation with 1879.
        1879 back demodulating 1776.
    starting back demodulation with 1880.
    starting back demodulation with 1881.
    starting back demodulation with 1882.
    starting back demodulation with 1883.
    starting back demodulation with 1884.
    starting back demodulation with 1885.
    starting back demodulation with 1886.
    starting back demodulation with 1887.
    starting back demodulation with 1888.
    starting back demodulation with 1889.
    starting back demodulation with 1891.
    starting back demodulation with 1892.
    starting back demodulation with 1893.
        1893 back demodulating 1888.
    starting back demodulation with 1894.
        1894 back demodulating 1696.
    starting back demodulation with 1896.
    starting back demodulation with 1897.
    1898 back subsumes 1896.
    starting back demodulation with 1898.
    starting back demodulation with 1904.
        1904 back demodulating 1856.
    starting back demodulation with 1908.
        1908 back demodulating 1906.
kept:      2199 ld(x,mult(mult(x,mult(y,ld(z,e))),mult(mult(z,ld(y,e)),u))) != u | ld(mult(mult(x,mult(y,ld(z,e))),mult(mult(z,ld(y,e)),u)),mult(x,u)) = e.  [back_rewrite(1906),rewrite([1908(8),2058(14),8(9)])].
        1908 back demodulating 1905.
        1908 back demodulating 1894.
        1908 back demodulating 1889.
        1908 back demodulating 1880.
        1908 back demodulating 1878.
        1908 back demodulating 1873.
kept:      2200 mult(mult(mult(x,ld(y,e)),ld(z,e)),mult(z,y)) != x | ld(mult(z,y),mult(mult(z,mult(y,ld(x,e))),x)) = e.  [back_rewrite(1873),rewrite([1908(6),2058(12),8(7)])].
        1908 back demodulating 1864.
        1908 back demodulating 1863.
        1908 back demodulating 1858.
        1908 back demodulating 1841.
kept:      2201 ld(mult(x,mult(ld(x,mult(y,ld(z,e))),mult(z,z))),mult(y,z)) != e | mult(mult(z,ld(y,e)),mult(x,mult(ld(x,mult(y,ld(z,e))),mult(z,z)))) = mult(z,z).  [back_rewrite(1841),rewrite([1908(22),2058(28),8(23)])].
        1908 back demodulating 1826.
kept:      2202 ld(mult(mult(x,mult(ld(y,e),ld(y,e))),mult(y,z)),mult(mult(x,ld(y,e)),z)) != e | mult(mult(y,ld(x,e)),mult(mult(x,mult(ld(y,e),ld(y,e))),mult(y,z))) = z.  [back_rewrite(1826),rewrite([1908(27),2058(33),8(28)])].
        1908 back demodulating 1825.
kept:      2203 mult(mult(x,ld(y,e)),mult(mult(y,mult(ld(x,e),ld(x,e))),mult(x,z))) != z | ld(mult(mult(y,mult(ld(x,e),ld(x,e))),mult(x,z)),mult(mult(y,ld(x,e)),z)) = e.  [back_rewrite(1825),rewrite([1908(12),2058(18),8(13)])].
        1908 back demodulating 1819.
kept:      2204 mult(mult(x,ld(y,e)),mult(mult(mult(y,mult(ld(x,e),ld(x,e))),z),ld(z,x))) != e | ld(mult(mult(y,mult(ld(x,e),ld(x,e))),z),mult(y,ld(x,e))) = ld(z,x).  [back_rewrite(1819),rewrite([1908(13),2058(19),8(14)])].
        1908 back demodulating 1818.
kept:      2205 ld(mult(mult(x,mult(ld(y,e),ld(y,e))),z),mult(mult(x,ld(y,e)),ld(y,z))) != e | ld(y,z) = mult(mult(y,ld(x,e)),mult(mult(x,mult(ld(y,e),ld(y,e))),z)).  [back_rewrite(1818),rewrite([1908(26),2058(32),8(27)]),flip(b)].
        1908 back demodulating 1814.
kept:      2206 ld(mult(mult(x,mult(ld(y,e),ld(y,e))),mult(y,mult(mult(y,ld(x,e)),z))),z) != e | mult(mult(y,ld(x,e)),mult(mult(x,mult(ld(y,e),ld(y,e))),mult(y,mult(mult(y,ld(x,e)),z)))) = mult(mult(y,ld(x,e)),z).  [back_rewrite(1814),rewrite([1908(10),2058(16),8(11),1908(28),2058(34),8(29),1908(31),2058(37),8(32),1908(35),2058(41),8(36)])].
        1908 back demodulating 1813.
        1908 back demodulating 1812.
kept:      2207 mult(mult(x,ld(y,e)),mult(mult(mult(y,mult(ld(x,e),ld(x,e))),mult(x,ld(z,e))),z)) != e | ld(mult(mult(y,mult(ld(x,e),ld(x,e))),mult(x,ld(z,e))),mult(y,ld(x,e))) = z.  [back_rewrite(1812),rewrite([1908(15),2058(21),8(16)])].
        1908 back demodulating 1806.
kept:      2208 ld(x,y) != mult(mult(x,ld(z,e)),mult(mult(z,mult(ld(x,e),ld(x,e))),y)) | ld(mult(mult(z,mult(ld(x,e),ld(x,e))),y),mult(mult(z,ld(x,e)),ld(x,y))) = e.  [back_rewrite(1806),rewrite([1908(11),2058(17),8(12)]),flip(a)].
        1908 back demodulating 1805.
kept:      2209 ld(mult(mult(x,mult(ld(y,e),ld(y,e))),z),mult(x,ld(y,e))) != ld(z,y) | mult(mult(y,ld(x,e)),mult(mult(mult(x,mult(ld(y,e),ld(y,e))),z),ld(z,y))) = e.  [back_rewrite(1805),rewrite([1908(26),2058(32),8(27)])].
        1908 back demodulating 1801.
kept:      2210 ld(mult(mult(x,mult(ld(y,e),ld(y,e))),mult(y,ld(z,e))),mult(x,ld(y,e))) != z | mult(mult(y,ld(x,e)),mult(mult(mult(x,mult(ld(y,e),ld(y,e))),mult(y,ld(z,e))),z)) = e.  [back_rewrite(1801),rewrite([1908(30),2058(36),8(31)])].
        1908 back demodulating 1794.
kept:      2211 mult(mult(x,mult(y,ld(z,e))),mult(z,mult(mult(x,mult(y,ld(z,e))),mult(mult(z,ld(y,e)),ld(x,e))))) != mult(x,y) | ld(z,mult(mult(mult(z,ld(y,e)),ld(x,e)),mult(x,y))) = e.  [back_rewrite(1794),rewrite([1908(7),1647(5),663(5),1647(9),663(9)])].
        1908 back demodulating 1792.
kept:      2212 mult(mult(x,ld(ld(y,x),ld(z,e))),mult(z,mult(mult(x,ld(ld(y,x),ld(z,e))),mult(mult(z,ld(y,x)),ld(x,e))))) != y | ld(z,mult(mult(mult(z,ld(y,x)),ld(x,e)),y)) = e.  [back_rewrite(1792),rewrite([1908(6),1647(4),1647(9)])].
        1908 back demodulating 1784.
kept:      2213 ld(mult(mult(x,ld(y,ld(z,e))),mult(z,mult(mult(x,ld(y,ld(z,e))),mult(mult(z,y),ld(x,e))))),x) != y | ld(x,mult(mult(mult(x,ld(y,ld(z,e))),z),y)) = e.  [back_rewrite(1784),rewrite([1908(5),1647(3),1647(7)])].
        1908 back demodulating 1779.
        1908 back demodulating 1777.
kept:      2214 mult(mult(x,y),mult(ld(y,x),mult(mult(x,y),mult(ld(y,e),ld(x,e))))) = mult(x,x).  [back_rewrite(1777),rewrite([1908(7),1627(4),49(2),1627(6),49(4)])].
    new demodulator: 2214.
        1908 back demodulating 1773.
kept:      2215 mult(mult(x,mult(y,ld(z,e))),mult(mult(mult(z,ld(y,e)),x),mult(mult(x,mult(y,ld(z,e))),mult(mult(z,ld(y,e)),ld(x,e))))) = mult(x,x).  [back_rewrite(1773),rewrite([1908(10),2058(16),8(11),1908(11),1647(5),663(5),1647(13),663(13)])].
    new demodulator: 2215.
        1908 back demodulating 1754.
        1908 back demodulating 1752.
kept:      2216 mult(mult(x,ld(y,e)),mult(mult(y,x),mult(x,x))) = mult(x,mult(x,mult(x,x))).  [back_rewrite(1752),rewrite([1908(7),2058(13),8(8)])].
    new demodulator: 2216.
        1908 back demodulating 1728.
        1908 back demodulating 1718.
kept:      2217 mult(mult(x,ld(y,e)),mult(y,mult(z,mult(z,y)))) = mult(x,mult(z,mult(z,y))).  [back_rewrite(1718),rewrite([1908(7),2058(13),8(8)])].
    new demodulator: 2217.
        1908 back demodulating 1714.
        1908 back demodulating 1713.
        1908 back demodulating 1706.
kept:      2218 mult(ld(mult(x,mult(ld(x,mult(y,ld(z,e))),mult(z,y))),y),y) != e | mult(mult(z,ld(y,e)),mult(x,mult(ld(x,mult(y,ld(z,e))),mult(z,y)))) = mult(z,y).  [back_rewrite(1706),rewrite([1908(22),2058(28),8(23)])].
        1908 back demodulating 1665.
kept:      2219 mult(ld(x,mult(y,ld(z,e))),x) != mult(y,ld(z,e)) | ld(mult(mult(z,ld(y,e)),mult(x,mult(y,ld(z,e)))),x) = e.  [back_rewrite(1665),rewrite([1908(4),2058(10),8(5),351(5),1908(13),2058(19),8(14),1934(17)])].
        1908 back demodulating 1656.
        1908 back demodulating 1281.
kept:      2220 mult(mult(x,ld(y,e)),mult(y,ld(x,z))) != z | ld(mult(y,ld(x,z)),mult(mult(y,ld(x,e)),z)) = e.  [back_rewrite(1281),rewrite([1908(6),2058(12),8(7)])].
        1908 back demodulating 865.
kept:      2221 ld(mult(x,ld(y,z)),mult(mult(x,ld(y,e)),z)) != e | mult(mult(y,ld(x,e)),mult(x,ld(y,z))) = z.  [back_rewrite(865),rewrite([1908(15),2058(21),8(16)])].
        1908 back demodulating 774.
kept:      2222 ld(mult(x,ld(y,mult(mult(y,ld(x,e)),z))),z) != e | mult(mult(y,ld(x,e)),mult(x,mult(ld(y,e),mult(mult(y,ld(x,e)),z)))) = mult(mult(y,ld(x,e)),z).  [back_rewrite(774),rewrite([1908(4),2058(10),8(5),1908(18),2058(24),8(19),1908(21),2058(27),8(22),1908(25),2058(31),8(26)])].
        1908 back demodulating 764.
kept:      2223 mult(mult(x,ld(y,e)),mult(y,ld(x,y))) = y.  [back_rewrite(764),rewrite([1908(6),2058(12),8(7)])].
    new demodulator: 2223.
        1908 back demodulating 737.
kept:      2224 mult(mult(x,ld(y,e)),mult(y,ld(x,z))) != z | ld(mult(y,mult(ld(x,e),z)),mult(mult(y,ld(x,e)),z)) = e.  [back_rewrite(737),rewrite([1908(6),2058(12),8(7)])].
        1908 back demodulating 732.
kept:      2225 ld(mult(x,ld(y,z)),mult(mult(x,ld(y,e)),z)) != e | mult(mult(y,ld(x,e)),mult(x,mult(ld(y,e),z))) = z.  [back_rewrite(732),rewrite([1908(17),2058(23),8(18)])].
        1908 back demodulating 727.
kept:      2226 mult(mult(x,ld(y,e)),mult(y,ld(x,z))) = mult(mult(x,ld(y,e)),mult(y,mult(ld(x,e),z))).  [back_rewrite(727),rewrite([1908(6),2058(12),8(7),1908(14),2058(20),8(15)])].
        1908 back demodulating 725.
kept:      2227 mult(mult(x,ld(y,e)),ld(x,y)) = mult(mult(x,ld(y,e)),mult(ld(x,e),y)).  [back_rewrite(725),rewrite([1908(5),2058(11),8(6),1908(12),2058(18),8(13)])].
        1908 back demodulating 670.
kept:      2228 mult(mult(x,ld(y,e)),mult(y,z)) != mult(x,z) | ld(mult(y,z),mult(mult(y,ld(x,e)),mult(x,z))) = e.  [back_rewrite(670),rewrite([1908(5),2058(11),8(6)])].
        1908 back demodulating 667.
kept:      2229 ld(mult(x,y),mult(mult(x,ld(z,e)),mult(z,y))) != e | mult(mult(z,ld(x,e)),mult(x,y)) = mult(z,y).  [back_rewrite(667),rewrite([1908(14),2058(20),8(15)])].
    starting back demodulation with 1909.
    starting back demodulation with 1910.
        1910 back demodulating 1886.
kept:      2230 mult(mult(x,ld(y,ld(x,e))),mult(x,mult(y,mult(x,ld(y,ld(x,e)))))) = mult(x,mult(x,ld(y,ld(x,e)))).  [back_rewrite(1886),rewrite([2024(10),1910(11)])].
    new demodulator: 2230.
        1910 back demodulating 1778.
        1910 back demodulating 1775.
kept:      2231 mult(mult(mult(x,y),mult(x,ld(y,e))),mult(y,mult(ld(x,ld(y,e)),ld(y,e)))) = mult(x,ld(y,e)).  [back_rewrite(1775),rewrite([1910(12),703(12)])].
    new demodulator: 2231.
        1910 back demodulating 1716.
kept:      2232 mult(mult(x,ld(y,ld(x,e))),mult(x,mult(y,mult(x,y)))) = mult(x,mult(x,y)).  [back_rewrite(1716),rewrite([1910(8)])].
    new demodulator: 2232.
        1910 back demodulating 983.
kept:      2233 mult(mult(x,ld(y,ld(x,e))),mult(x,mult(y,y))) = mult(x,y).  [back_rewrite(983),rewrite([1910(7)])].
    new demodulator: 2233.
    starting back demodulation with 1911.
    starting back demodulation with 1915.
    starting back demodulation with 1916.
    starting back demodulation with 1922.
    starting back demodulation with 1926.
        1926 back demodulating 1915.
kept:      2234 mult(mult(mult(x,ld(y,e)),z),mult(ld(z,mult(y,ld(x,e))),z)) = z.  [back_rewrite(1915),rewrite([2058(10),8(5),2058(14),8(9),351(9)])].
    new demodulator: 2234.
    starting back demodulation with 1929.
    starting back demodulation with 1931.
    starting back demodulation with 1934.
        1934 back demodulating 1911.
    starting back demodulation with 1935.
    starting back demodulation with 1936.
    starting back demodulation with 1937.
    starting back demodulation with 1941.
        1941 back demodulating 1935.
    starting back demodulation with 1942.
    starting back demodulation with 1943.
    starting back demodulation with 1944.
    starting back demodulation with 1951.
        1951 back demodulating 1945.
    starting back demodulation with 1952.
        1952 back demodulating 1946.
    starting back demodulation with 1953.
        1953 back demodulating 1947.
        1953 back demodulating 1936.
    starting back demodulation with 1954.
    starting back demodulation with 1955.
    starting back demodulation with 1956.
        1956 back demodulating 1948.
    starting back demodulation with 1957.
        1957 back demodulating 1949.
    starting back demodulation with 1958.
        1958 back demodulating 1950.
    1970 back subsumes 1963.
    1970 back subsumes 1966.
    starting back demodulation with 1971.
    starting back demodulation with 1976.
    starting back demodulation with 1977.
    starting back demodulation with 1983.
    starting back demodulation with 1987.
    starting back demodulation with 1988.
    starting back demodulation with 1991.
    starting back demodulation with 1997.
    starting back demodulation with 2000.
    starting back demodulation with 2011.
    starting back demodulation with 2012.
    starting back demodulation with 2017.
    starting back demodulation with 2018.
    starting back demodulation with 2019.
    starting back demodulation with 2020.
    starting back demodulation with 2021.
    starting back demodulation with 2022.
        2022 back demodulating 1804.
kept:      2235 mult(mult(x,mult(ld(y,e),ld(y,e))),mult(y,mult(y,mult(y,ld(x,e))))) = mult(x,mult(y,ld(x,e))).  [back_rewrite(1804),rewrite([2022(20)])].
    new demodulator: 2235.
    starting back demodulation with 2024.
    starting back demodulation with 2025.
    starting back demodulation with 2029.
    starting back demodulation with 2031.
    2033 back subsumes 1999.
    2035 back subsumes 1998.
    starting back demodulation with 2036.
    starting back demodulation with 2037.
    starting back demodulation with 2038.
    starting back demodulation with 2039.
    starting back demodulation with 2040.
    starting back demodulation with 2041.
    starting back demodulation with 2042.
    starting back demodulation with 2044.
    starting back demodulation with 2046.
    starting back demodulation with 2047.
    2052 back subsumes 2014.
    starting back demodulation with 2053.
        2053 back demodulating 2030.
        2053 back demodulating 2004.
        2053 back demodulating 1958.
        2053 back demodulating 1957.
        2053 back demodulating 1956.
        2053 back demodulating 1955.
        2053 back demodulating 1954.
        2053 back demodulating 1953.
        2053 back demodulating 1952.
        2053 back demodulating 1951.
        2053 back demodulating 1944.
        2053 back demodulating 1943.
        2053 back demodulating 1941.
        2053 back demodulating 1940.
        2053 back demodulating 1939.
        2053 back demodulating 1938.
        2053 back demodulating 1933.
        2053 back demodulating 1932.
kept:      2236 ld(mult(x,mult(ld(x,mult(y,ld(z,e))),u)),mult(mult(y,ld(z,e)),u)) != e | mult(mult(z,ld(y,e)),mult(x,mult(ld(x,mult(y,ld(z,e))),u))) = u.  [back_rewrite(1932),rewrite([2058(16),8(11),2058(29),8(24)])].
        2053 back demodulating 1931.
        2053 back demodulating 1930.
        2053 back demodulating 1929.
kept:      2237 ld(mult(mult(x,ld(y,e)),mult(z,mult(y,ld(x,e)))),mult(mult(x,ld(y,e)),z)) = mult(x,ld(y,e)).  [back_rewrite(1929),rewrite([2058(18),8(13)])].
    new demodulator: 2237.
        2053 back demodulating 1928.
        2053 back demodulating 1927.
        2053 back demodulating 1926.
        2053 back demodulating 1922.
        2053 back demodulating 1921.
kept:      2238 ld(mult(mult(x,mult(y,ld(z,e))),mult(mult(z,ld(y,e)),u)),mult(x,u)) != e | ld(x,mult(mult(x,mult(y,ld(z,e))),mult(mult(z,ld(y,e)),u))) = u.  [back_rewrite(1921),rewrite([2058(14),8(9)])].
        2053 back demodulating 1920.
        2053 back demodulating 1919.
kept:      2239 ld(mult(mult(mult(x,ld(y,e)),ld(z,e)),mult(z,u)),mult(mult(x,ld(y,e)),u)) != e | mult(mult(y,ld(x,e)),mult(mult(mult(x,ld(y,e)),ld(z,e)),mult(z,u))) = u.  [back_rewrite(1919),rewrite([2058(18),8(13)])].
        2053 back demodulating 1918.
        2053 back demodulating 1916.
kept:      2240 mult(mult(x,mult(y,ld(z,e))),mult(mult(z,ld(y,e)),ld(x,mult(y,ld(z,e))))) = mult(y,ld(z,e)).  [back_rewrite(1916),rewrite([2058(18),8(13)])].
    new demodulator: 2240.
        2053 back demodulating 1914.
        2053 back demodulating 1913.
        2053 back demodulating 1912.
        2053 back demodulating 1908.
kept:      2241 ld(mult(x,ld(y,e)),z) = mult(mult(y,ld(x,e)),z).  [back_rewrite(1908),rewrite([2058(14),8(9)])].
    new demodulator: 2241.
    2054 back subsumes 1991.
    2054 back subsumes 1650.
    starting back demodulation with 2054.
    2057 back subsumes 2016.
    starting back demodulation with 2058.
        2058 back demodulating 2053.
        2058 back demodulating 1987.
        2058 back demodulating 1942.
        2058 back demodulating 1937.
        2058 back demodulating 1924.
kept:      2242 ld(x,mult(mult(mult(x,ld(y,mult(z,ld(u,e)))),mult(u,ld(z,e))),y)) != e | ld(mult(mult(x,ld(y,mult(z,ld(u,e)))),mult(u,ld(z,e))),x) = y.  [back_rewrite(1924),rewrite([2058(7),8(2)])].
        2058 back demodulating 1723.
    starting back demodulation with 2064.
        2064 back demodulating 2017.
    2066 back subsumes 2005.
    2068 back subsumes 2006.
    starting back demodulation with 2069.
    starting back demodulation with 2071.
    2072 back subsumes 2009.
    starting back demodulation with 2075.
    starting back demodulation with 2076.
    starting back demodulation with 2077.
    starting back demodulation with 2086.
    starting back demodulation with 2087.
    starting back demodulation with 2088.
    2092 back subsumes 1981.
    2092 back subsumes 2061.
    starting back demodulation with 2100.
    starting back demodulation with 2111.
    starting back demodulation with 2112.
    starting back demodulation with 2113.
    starting back demodulation with 2120.
    starting back demodulation with 2121.
    starting back demodulation with 2124.
    starting back demodulation with 2125.
    starting back demodulation with 2126.
    starting back demodulation with 2127.
    starting back demodulation with 2128.
    starting back demodulation with 2129.
    starting back demodulation with 2130.
    starting back demodulation with 2131.
    starting back demodulation with 2132.
    starting back demodulation with 2133.
    starting back demodulation with 2134.
    2135 back subsumes 2010.
    2136 back subsumes 2012.
    starting back demodulation with 2136.
        2136 back demodulating 1847.
kept:      2243 mult(mult(mult(x,ld(y,e)),mult(x,y)),z) = mult(x,mult(ld(y,e),mult(x,mult(y,z)))).  [back_rewrite(1847),rewrite([2136(16)])].
    new demodulator: 2243.
    starting back demodulation with 2137.
        2137 back demodulating 1703.
kept:      2244 mult(ld(x,e),mult(ld(x,e),ld(mult(mult(y,z),ld(z,ld(y,ld(x,e)))),mult(mult(x,u),mult(ld(u,e),x))))) = mult(mult(mult(x,y),z),ld(z,ld(y,e))).  [back_rewrite(1703),rewrite([2146(17),2146(34),1670(32)])].
    new demodulator: 2244.
    starting back demodulation with 2138.
    starting back demodulation with 2139.
    starting back demodulation with 2141.
    starting back demodulation with 2142.
    starting back demodulation with 2146.
        2146 back demodulating 2137.
    starting back demodulation with 2150.
        2150 back demodulating 1669.
    starting back demodulation with 2151.
    starting back demodulation with 2152.
    starting back demodulation with 2153.
    starting back demodulation with 2154.
    starting back demodulation with 2156.
    starting back demodulation with 2171.
    starting back demodulation with 2175.
    starting back demodulation with 2178.
    starting back demodulation with 2179.
    starting back demodulation with 2181.
    starting back demodulation with 2185.
    starting back demodulation with 2186.
    starting back demodulation with 2187.
    starting back demodulation with 2188.
    starting back demodulation with 2189.
    starting back demodulation with 2190.
    starting back demodulation with 2191.
    starting back demodulation with 2193.
    starting back demodulation with 2195.
    starting back demodulation with 2196.
    starting back demodulation with 2198.
    starting back demodulation with 2214.
    starting back demodulation with 2215.
    starting back demodulation with 2216.
    starting back demodulation with 2217.
        2217 back demodulating 1830.
kept:      2245 mult(mult(x,y),mult(y,y)) = mult(x,mult(y,mult(y,y))).  [back_rewrite(1830),rewrite([2217(7)]),flip(a)].
    new demodulator: 2245.
    starting back demodulation with 2223.
    2226 back subsumes 2171.
    starting back demodulation with 2230.
    starting back demodulation with 2231.
    starting back demodulation with 2232.
    starting back demodulation with 2233.
    starting back demodulation with 2234.
    starting back demodulation with 2235.
    starting back demodulation with 2237.
    starting back demodulation with 2240.
    starting back demodulation with 2241.
    starting back demodulation with 2243.
    starting back demodulation with 2244.
    starting back demodulation with 2245.
        2245 back demodulating 2216.
kept:      2246 mult(mult(x,ld(y,e)),mult(y,mult(x,mult(x,x)))) = mult(x,mult(x,mult(x,x))).  [back_rewrite(2216),rewrite([2245(6)])].
    new demodulator: 2246.
        2245 back demodulating 1853.
kept:      2247 mult(mult(x,mult(y,mult(y,mult(y,y)))),ld(y,e)) = mult(x,mult(y,mult(y,y))).  [back_rewrite(1853),rewrite([2245(10)])].
    new demodulator: 2247.
        2245 back demodulating 1800.
kept:      2248 ld(mult(x,mult(ld(y,e),mult(ld(y,e),ld(y,e)))),mult(x,mult(ld(y,e),ld(y,e)))) = y.  [back_rewrite(1800),rewrite([2245(9)])].
    new demodulator: 2248.
        2245 back demodulating 1799.
kept:      2249 mult(mult(x,mult(ld(y,e),mult(ld(y,e),ld(y,e)))),mult(y,y)) = mult(x,ld(y,e)).  [back_rewrite(1799),rewrite([2245(9)])].
    new demodulator: 2249.
        2245 back demodulating 1753.
kept:      2250 mult(mult(x,y),ld(mult(y,mult(y,y)),ld(y,e))) = mult(x,mult(ld(y,e),mult(ld(y,e),ld(y,e)))).  [back_rewrite(1753),rewrite([2245(9)]),flip(a)].
    new demodulator: 2250.
        2245 back demodulating 1751.
kept:      2251 mult(mult(x,ld(mult(y,mult(y,y)),ld(y,e))),y) = mult(x,mult(ld(y,e),mult(ld(y,e),ld(y,e)))).  [back_rewrite(1751),rewrite([2245(16)])].
    new demodulator: 2251.
        2245 back demodulating 1738.
kept:      2252 ld(mult(mult(x,y),mult(y,ld(x,e))),mult(x,mult(y,mult(y,y)))) = mult(x,y).  [back_rewrite(1738),rewrite([2245(8)])].
    new demodulator: 2252.
        2245 back demodulating 1302.
kept:      2253 ld(mult(x,mult(y,mult(y,y))),mult(x,mult(y,mult(y,mult(y,y))))) = y.  [back_rewrite(1302),rewrite([2245(3)])].
    new demodulator: 2253.
        2245 back demodulating 1301.
kept:      2254 ld(mult(x,mult(y,y)),mult(x,mult(y,mult(y,y)))) = y.  [back_rewrite(1301),rewrite([2245(5)])].
    new demodulator: 2254.
        2245 back demodulating 1237.
kept:      2255 mult(mult(x,mult(y,y)),y) = mult(x,mult(y,mult(y,y))).  [back_rewrite(1237),rewrite([2245(6)])].
    new demodulator: 2255.
    starting back demodulation with 2246.
    starting back demodulation with 2247.
    starting back demodulation with 2248.
    starting back demodulation with 2249.
    starting back demodulation with 2250.
    starting back demodulation with 2251.
    starting back demodulation with 2252.
    starting back demodulation with 2253.
    starting back demodulation with 2254.
    starting back demodulation with 2255.

given #120 (T,wt=9): 1627 ld(ld(x,y),e) = ld(y,x).  [para(53(a,1),1617(a,1,1,2))].
kept:      2256 mult(ld(x,y),ld(y,x)) = e.  [para(1627(a,1),10(a,1,2))].
    new demodulator: 2256.
kept:      2257 ld(mult(ld(x,y),mult(ld(y,x),z)),z) != e | mult(ld(x,y),mult(ld(y,x),z)) = z.  [para(1627(a,1),56(a,1,1,2,1)),rewrite([7(6),1627(12),49(13)])].
kept:      2258 ld(ld(x,y),y) = mult(ld(y,x),y).  [para(351(a,1),1627(a,2)),rewrite([1649(2),1627(4)])].
    new demodulator: 2258.
kept:      2259 mult(ld(x,y),mult(ld(y,x),z)) = z.  [para(1627(a,1),640(a,1,1))].
    new demodulator: 2259.
kept:      2260 ld(ld(x,y),z) = mult(ld(y,x),z).  [para(1627(a,1),663(a,1,1))].
    new demodulator: 2260.
kept:      2261 ld(x,mult(mult(x,ld(y,z)),ld(z,y))) = e.  [para(1627(a,1),62(a,2)),rewrite([8(4),1644(3),2260(3),8(3),8(5),2260(8),8(8)]),xx(a)].
    new demodulator: 2261.
    starting back demodulation with 2256.
        2256 back demodulating 1729.
    starting back demodulation with 2258.
        2258 back demodulating 2189.
kept:      2262 mult(ld(x,ld(y,x)),mult(ld(x,ld(y,x)),mult(ld(mult(mult(z,u),ld(u,ld(z,ld(x,ld(y,x))))),mult(ld(x,y),x)),mult(ld(x,y),x)))) = mult(mult(ld(x,y),mult(mult(mult(y,z),u),ld(u,ld(z,e)))),ld(y,x)).  [back_rewrite(2189),rewrite([2258(12),2258(15),2260(26)])].
    new demodulator: 2262.
        2258 back demodulating 2039.
kept:      2263 mult(mult(x,y),ld(mult(ld(y,x),y),mult(ld(y,e),mult(ld(y,e),mult(x,y))))) = mult(ld(y,x),y).  [back_rewrite(2039),rewrite([2260(5),1649(6),2258(5),351(6),978(5),46(10)])].
    new demodulator: 2263.
        2258 back demodulating 2021.
        2258 back demodulating 1767.
kept:      2264 mult(mult(x,mult(y,y)),mult(ld(y,x),y)) = mult(x,mult(y,mult(x,y))).  [back_rewrite(1767),rewrite([2258(4)])].
    new demodulator: 2264.
        2258 back demodulating 1238.
kept:      2265 ld(mult(ld(x,y),y),mult(ld(x,y),x)) = ld(y,x).  [back_rewrite(1238),rewrite([2260(2),2258(4)])].
    new demodulator: 2265.
        2258 back demodulating 1013.
kept:      2266 mult(ld(x,y),x) != y | ld(y,x) = mult(ld(y,e),mult(ld(y,e),mult(x,y))).  [back_rewrite(1013),rewrite([2258(2)])].
        2258 back demodulating 611.
kept:      2267 mult(mult(ld(x,y),y),ld(y,x)) = mult(ld(x,y),x).  [back_rewrite(611),rewrite([2258(2),2260(4)]),flip(a)].
    new demodulator: 2267.
        2258 back demodulating 486.
kept:      2268 mult(ld(x,mult(ld(y,z),y)),x) = mult(mult(ld(y,z),mult(ld(x,z),x)),ld(z,y)).  [back_rewrite(486),rewrite([2260(4),2258(8)]),flip(a)].
        2258 back demodulating 485.
kept:      2269 mult(ld(x,mult(mult(ld(y,mult(ld(x,z),x)),z),ld(mult(ld(x,z),x),y))),x) = mult(ld(y,mult(ld(x,z),x)),y).  [back_rewrite(485),rewrite([2258(4),2260(8)]),flip(a)].
    new demodulator: 2269.
        2258 back demodulating 475.
kept:      2270 ld(mult(x,y),mult(x,mult(y,mult(ld(z,u),z)))) = mult(mult(ld(z,u),ld(mult(x,y),mult(x,mult(y,u)))),ld(u,z)).  [back_rewrite(475),rewrite([2258(3),2260(12)])].
        2258 back demodulating 472.
kept:      2271 ld(mult(x,y),mult(x,mult(y,mult(ld(mult(ld(mult(x,mult(y,z)),mult(x,y)),u),z),mult(ld(mult(x,mult(y,z)),mult(x,y)),u))))) = mult(ld(u,ld(mult(x,y),mult(x,mult(y,z)))),u).  [back_rewrite(472),rewrite([2260(5),1649(6),2260(5),351(6),2260(12),2260(18)]),flip(a)].
    new demodulator: 2271.
        2258 back demodulating 71.
kept:      2272 ld(mult(ld(x,y),x),y) != e | mult(ld(y,x),y) = x.  [back_rewrite(71),rewrite([2258(7)])].
        2258 back demodulating 68.
    2259 back subsumes 2037.
    2259 back subsumes 2257.
    starting back demodulation with 2259.
    2260 back subsumes 2258.
    2260 back subsumes 1885.
    2260 back subsumes 1621.
    starting back demodulation with 2260.
        2260 back demodulating 2212.
kept:      2273 mult(mult(x,mult(ld(x,y),ld(z,e))),mult(z,mult(mult(x,mult(ld(x,y),ld(z,e))),mult(mult(z,ld(y,x)),ld(x,e))))) != y | ld(z,mult(mult(mult(z,ld(y,x)),ld(x,e)),y)) = e.  [back_rewrite(2212),rewrite([2260(4),2260(9)])].
        2260 back demodulating 2192.
kept:      2274 mult(mult(mult(mult(x,y),z),ld(z,ld(y,e))),mult(mult(mult(mult(x,y),z),ld(z,ld(y,e))),mult(mult(mult(mult(mult(y,z),ld(z,ld(y,ld(x,e)))),u),w),ld(w,ld(u,e))))) = mult(mult(mult(mult(x,u),w),ld(w,ld(u,e))),mult(mult(mult(mult(x,u),w),ld(w,ld(u,e))),mult(mult(mult(mult(mult(u,w),ld(w,ld(u,ld(x,e)))),y),z),ld(z,ld(y,e))))).  [back_rewrite(2192),rewrite([2260(8),2260(4),2260(3),49(2),2260(14),2260(10),2260(9),49(8),2260(34),2260(30),2260(29),49(28),2260(40),2260(36),2260(35),49(34)])].
        2260 back demodulating 2187.
kept:      2275 ld(mult(ld(x,y),x),mult(y,x)) = mult(mult(ld(x,ld(y,x)),x),mult(ld(x,y),x)).  [back_rewrite(2187),rewrite([2260(6),351(7)])].
    new demodulator: 2275.
        2260 back demodulating 2184.
kept:      2276 mult(mult(ld(x,ld(y,x)),x),mult(ld(x,y),x)) != x | mult(ld(x,e),mult(ld(x,e),mult(y,mult(x,x)))) = mult(ld(x,y),x).  [back_rewrite(2184),rewrite([2260(2),351(3)])].
        2260 back demodulating 2183.
kept:      2277 mult(mult(ld(x,ld(y,x)),x),mult(ld(x,y),x)) != x | ld(mult(ld(x,y),mult(x,x)),mult(y,x)) = e.  [back_rewrite(2183),rewrite([2260(2),351(3)])].
        2260 back demodulating 2182.
kept:      2278 ld(mult(ld(x,y),mult(x,x)),mult(y,x)) != e | mult(mult(ld(x,ld(y,x)),x),mult(ld(x,y),x)) = x.  [back_rewrite(2182),rewrite([2260(9),351(10)])].
        2260 back demodulating 2181.
        2260 back demodulating 2173.
kept:      2279 ld(mult(x,y),mult(x,mult(y,mult(ld(z,u),mult(ld(u,e),mult(z,w)))))) = mult(ld(y,ld(x,e)),mult(x,mult(y,ld(mult(ld(u,e),z),mult(ld(u,e),mult(z,w)))))).  [back_rewrite(2173),rewrite([2260(7)])].
        2260 back demodulating 2129.
kept:      2280 mult(mult(x,mult(y,mult(ld(z,u),z))),mult(ld(z,ld(mult(x,mult(y,u)),mult(x,y))),z)) = mult(x,y).  [back_rewrite(2129),rewrite([2260(9),351(10)])].
    new demodulator: 2280.
        2260 back demodulating 2084.
kept:      2281 mult(ld(x,y),mult(ld(y,e),mult(ld(y,e),mult(mult(y,mult(x,ld(z,e))),z)))) != e | ld(mult(ld(y,e),mult(x,ld(z,e))),mult(ld(y,e),x)) = z.  [back_rewrite(2084),rewrite([2260(13)])].
        2260 back demodulating 2081.
kept:      2282 ld(x,mult(mult(mult(x,ld(y,z)),ld(z,e)),y)) != e | mult(mult(z,mult(ld(z,y),ld(x,e))),mult(x,mult(mult(z,mult(ld(z,y),ld(x,e))),mult(mult(x,ld(y,z)),ld(z,e))))) = y.  [back_rewrite(2081),rewrite([2260(13),2260(18)])].
        2260 back demodulating 2046.
kept:      2283 mult(mult(ld(mult(mult(mult(mult(mult(x,y),ld(y,ld(x,ld(z,e)))),u),w),ld(w,ld(mult(mult(mult(x,y),ld(y,ld(x,ld(z,e)))),u),ld(z,e)))),x),y),ld(y,ld(x,e))) = mult(mult(u,w),ld(w,ld(u,mult(mult(mult(z,x),y),ld(y,ld(x,e)))))).  [back_rewrite(2046),rewrite([2260(35),2260(31),2260(30),49(29)])].
    new demodulator: 2283.
        2260 back demodulating 2041.
kept:      2284 ld(x,y) = mult(y,mult(ld(y,x),mult(ld(x,e),mult(ld(x,e),y)))).  [back_rewrite(2041),rewrite([2260(8)]),flip(a)].
        2260 back demodulating 2015.
kept:      2285 mult(ld(x,mult(y,z)),mult(mult(ld(mult(y,z),mult(x,ld(z,ld(y,e)))),y),z)) != e | ld(mult(ld(mult(y,z),mult(x,ld(z,ld(y,e)))),y),ld(mult(y,z),x)) = z.  [back_rewrite(2015),rewrite([2260(11)])].
        2260 back demodulating 2013.
kept:      2286 ld(mult(ld(mult(x,y),mult(z,ld(y,ld(x,e)))),x),ld(mult(x,y),z)) != y | mult(ld(z,mult(x,y)),mult(mult(ld(mult(x,y),mult(z,ld(y,ld(x,e)))),x),y)) = e.  [back_rewrite(2013),rewrite([2260(22)])].
        2260 back demodulating 1872.
kept:      2287 mult(mult(mult(x,ld(y,e)),z),mult(ld(z,e),y)) != x | ld(mult(ld(z,e),y),mult(ld(z,e),mult(ld(z,e),mult(mult(z,mult(y,ld(x,e))),x)))) = e.  [back_rewrite(1872),rewrite([2260(8),2241(4)])].
        2260 back demodulating 1793.
kept:      2288 mult(ld(x,mult(mult(x,y),ld(z,e))),z) != y | ld(z,mult(mult(mult(z,ld(y,ld(x,e))),x),y)) = e.  [back_rewrite(1793),rewrite([2260(6),2260(3),49(2)])].
        2260 back demodulating 1694.
kept:      2289 ld(mult(x,y),mult(x,mult(y,mult(mult(mult(z,mult(ld(mult(x,mult(y,z)),mult(x,y)),u)),w),ld(w,ld(u,ld(mult(x,y),mult(x,mult(y,z))))))))) = mult(mult(u,w),ld(w,ld(u,ld(mult(x,y),mult(x,mult(y,z)))))).  [back_rewrite(1694),rewrite([2260(6)])].
    new demodulator: 2289.
        2260 back demodulating 1693.
kept:      2290 ld(mult(x,y),mult(x,mult(y,mult(mult(mult(z,u),ld(mult(ld(mult(x,y),mult(x,mult(y,z))),u),w)),mult(ld(w,mult(ld(mult(x,y),mult(x,mult(y,z))),u)),ld(u,e)))))) = mult(w,mult(ld(w,mult(ld(mult(x,y),mult(x,mult(y,z))),u)),ld(u,e))).  [back_rewrite(1693),rewrite([2260(18),2260(31)])].
    new demodulator: 2290.
        2260 back demodulating 1684.
kept:      2291 mult(ld(x,mult(mult(mult(y,z),ld(mult(mult(ld(x,y),x),z),u)),mult(ld(u,mult(mult(ld(x,y),x),z)),ld(z,e)))),x) = mult(u,mult(ld(u,mult(mult(ld(x,y),x),z)),ld(z,e))).  [back_rewrite(1684),rewrite([2260(13),2260(23)])].
    new demodulator: 2291.
        2260 back demodulating 1680.
kept:      2292 mult(ld(x,e),mult(ld(x,e),mult(mult(mult(mult(ld(mult(mult(y,z),ld(z,ld(y,ld(x,e)))),x),x),u),w),ld(w,ld(u,e))))) = mult(mult(mult(mult(x,u),w),ld(w,ld(u,e))),mult(mult(mult(mult(x,u),w),ld(w,ld(u,e))),mult(mult(mult(mult(mult(u,w),ld(w,ld(u,ld(x,e)))),y),z),ld(z,ld(y,e))))).  [back_rewrite(1680),rewrite([2260(8),2260(4),2260(3),49(2),2260(14),2260(10),2260(9),49(8)]),flip(a)].
        2260 back demodulating 1679.
kept:      2293 mult(ld(x,e),mult(ld(x,e),mult(mult(mult(mult(ld(mult(mult(y,z),ld(z,ld(y,ld(x,e)))),x),x),u),w),ld(w,ld(u,e))))) = mult(mult(mult(mult(x,y),z),ld(z,ld(y,e))),mult(mult(mult(mult(x,y),z),ld(z,ld(y,e))),mult(mult(mult(mult(mult(y,z),ld(z,ld(y,ld(x,e)))),u),w),ld(w,ld(u,e))))).  [back_rewrite(1679),rewrite([2260(18),750(18),2260(28),2260(24),2260(23),49(22),2260(34),2260(30),2260(29),49(28)])].
    new demodulator: 2293.
        2260 back demodulating 1673.
kept:      2294 mult(mult(mult(x,y),ld(y,ld(z,e))),mult(mult(mult(x,y),ld(y,ld(z,e))),mult(ld(mult(mult(u,w),ld(w,ld(u,mult(mult(x,y),ld(y,ld(z,e)))))),mult(mult(z,y),ld(y,ld(x,e)))),mult(mult(z,y),ld(y,ld(x,e)))))) = mult(mult(ld(mult(mult(u,w),ld(w,ld(u,mult(x,ld(z,e))))),x),y),ld(y,ld(x,e))).  [back_rewrite(1673),rewrite([2260(7),2260(3),49(2),2260(12),2260(8),49(7),2260(18),2260(14),49(13)])].
    new demodulator: 2294.
        2260 back demodulating 1648.
        2260 back demodulating 1627.
        2260 back demodulating 1553.
kept:      2295 mult(mult(ld(x,y),mult(y,y)),ld(y,x)) = mult(ld(x,y),mult(y,x)).  [back_rewrite(1553),rewrite([2260(3),2260(5),973(6)]),flip(a)].
    new demodulator: 2295.
        2260 back demodulating 1296.
kept:      2296 mult(ld(x,y),mult(ld(y,e),mult(x,x))) = x.  [back_rewrite(1296),rewrite([2260(6)])].
    new demodulator: 2296.
        2260 back demodulating 1247.
        2260 back demodulating 1128.
kept:      2297 mult(ld(x,y),mult(ld(y,e),mult(x,z))) != z | ld(mult(ld(y,e),mult(x,z)),mult(ld(y,x),z)) = e.  [back_rewrite(1128),rewrite([2260(6)])].
        2260 back demodulating 939.
kept:      2298 ld(x,y) != mult(ld(x,z),mult(ld(z,e),y)) | ld(mult(ld(z,e),y),mult(ld(z,e),mult(ld(z,e),mult(mult(z,x),ld(x,y))))) = e.  [back_rewrite(939),rewrite([2260(5)]),flip(a)].
        2260 back demodulating 866.
kept:      2299 ld(mult(ld(x,e),mult(y,z)),mult(ld(x,y),z)) != e | mult(ld(y,x),mult(ld(x,e),mult(y,z))) = z.  [back_rewrite(866),rewrite([2260(15)])].
        2260 back demodulating 851.
kept:      2300 ld(x,mult(y,mult(z,ld(y,x)))) != mult(mult(ld(x,y),z),ld(y,x)) | ld(mult(y,mult(z,ld(y,x))),mult(x,mult(mult(ld(x,y),z),ld(y,x)))) = e.  [back_rewrite(851),rewrite([2260(2),2260(14)]),flip(a)].
        2260 back demodulating 849.
        2260 back demodulating 775.
kept:      2301 mult(ld(mult(x,ld(mult(ld(y,e),x),z)),y),z) != e | ld(mult(ld(y,e),x),mult(ld(y,e),mult(x,ld(mult(ld(y,e),x),z)))) = ld(mult(ld(y,e),x),z).  [back_rewrite(775),rewrite([2260(7)])].
        2260 back demodulating 773.
kept:      2302 ld(mult(ld(x,e),mult(y,mult(ld(y,x),z))),z) != e | ld(mult(ld(x,e),y),mult(ld(x,e),mult(y,ld(mult(ld(x,e),y),z)))) = ld(mult(ld(x,e),y),z).  [back_rewrite(773),rewrite([2260(4)])].
        2260 back demodulating 767.
kept:      2303 mult(ld(mult(mult(x,y),z),x),mult(y,z)) != e | ld(y,mult(ld(x,e),mult(mult(x,y),z))) = z.  [back_rewrite(767),rewrite([2260(5)])].
        2260 back demodulating 763.
kept:      2304 mult(ld(x,y),mult(ld(y,e),mult(x,ld(y,e)))) = ld(y,e).  [back_rewrite(763),rewrite([2260(8)])].
    new demodulator: 2304.
        2260 back demodulating 759.
kept:      2305 mult(ld(x,y),mult(ld(y,e),mult(ld(y,e),mult(mult(y,z),ld(z,x))))) != e | ld(mult(ld(y,e),z),mult(ld(y,e),x)) = ld(z,x).  [back_rewrite(759),rewrite([2260(11)])].
        2260 back demodulating 736.
kept:      2306 mult(ld(x,y),mult(ld(y,e),mult(x,z))) != z | ld(mult(ld(y,e),mult(x,z)),mult(ld(y,e),mult(ld(y,e),mult(mult(y,x),z)))) = e.  [back_rewrite(736),rewrite([2260(6)])].
        2260 back demodulating 726.
kept:      2307 ld(mult(ld(x,e),y),mult(ld(x,e),mult(y,z))) = mult(ld(y,x),mult(ld(x,e),mult(y,z))).  [back_rewrite(726),rewrite([2260(6)]),flip(a)].
    new demodulator: 2307.
        2260 back demodulating 724.
kept:      2308 ld(mult(ld(x,e),y),mult(y,ld(x,e))) = mult(ld(y,x),mult(y,ld(x,e))).  [back_rewrite(724),rewrite([2260(5)]),flip(a)].
    new demodulator: 2308.
        2260 back demodulating 722.
kept:      2309 ld(mult(ld(x,e),mult(y,z)),mult(ld(x,e),mult(ld(x,e),mult(mult(x,y),z)))) = mult(ld(mult(y,z),x),mult(ld(x,e),mult(ld(x,e),mult(mult(x,y),z)))).  [back_rewrite(722),rewrite([2260(11)]),flip(a)].
    new demodulator: 2309.
        2260 back demodulating 663.
        2260 back demodulating 513.
kept:      2310 ld(mult(x,mult(y,ld(x,z))),mult(z,mult(mult(ld(z,x),y),ld(x,z)))) != e | ld(z,mult(x,mult(y,ld(x,z)))) = mult(mult(ld(z,x),y),ld(x,z)).  [back_rewrite(513),rewrite([2260(5),2260(13)]),flip(b)].
        2260 back demodulating 480.
kept:      2311 ld(mult(x,y),mult(x,mult(y,mult(mult(ld(mult(x,mult(y,z)),mult(x,y)),z),ld(mult(x,y),mult(x,mult(y,z))))))) = ld(mult(x,y),mult(x,mult(y,z))).  [back_rewrite(480),rewrite([2260(6)])].
    new demodulator: 2311.
        2260 back demodulating 464.
kept:      2312 ld(mult(x,y),mult(x,mult(y,mult(ld(z,u),z)))) != ld(mult(x,y),mult(x,mult(y,u))) | mult(mult(ld(mult(x,mult(y,u)),mult(x,y)),z),ld(mult(x,y),mult(x,mult(y,u)))) = z.  [back_rewrite(464),rewrite([2260(16)])].
        2260 back demodulating 383.
kept:      2313 ld(mult(x,y),mult(x,mult(y,ld(z,mult(ld(mult(x,y),mult(x,mult(y,u))),mult(mult(ld(mult(x,mult(y,u)),mult(x,y)),z),u)))))) = ld(mult(x,y),mult(x,mult(y,u))).  [back_rewrite(383),rewrite([2260(10)])].
    new demodulator: 2313.
        2260 back demodulating 324.
    starting back demodulation with 2261.
    starting back demodulation with 2262.
    starting back demodulation with 2263.
    starting back demodulation with 2264.
    starting back demodulation with 2265.
    starting back demodulation with 2267.
    starting back demodulation with 2269.
    starting back demodulation with 2271.
    starting back demodulation with 2275.
    starting back demodulation with 2280.
    starting back demodulation with 2283.
    starting back demodulation with 2289.
    starting back demodulation with 2290.
    starting back demodulation with 2291.
    starting back demodulation with 2293.
        2293 back demodulating 2292.
    starting back demodulation with 2294.
    starting back demodulation with 2295.
    starting back demodulation with 2296.
    starting back demodulation with 2304.
    starting back demodulation with 2307.
        2307 back demodulating 2302.
kept:      2314 ld(mult(ld(x,e),mult(y,mult(ld(y,x),z))),z) != e | mult(ld(y,x),mult(ld(x,e),mult(y,ld(mult(ld(x,e),y),z)))) = ld(mult(ld(x,e),y),z).  [back_rewrite(2302),rewrite([2307(21)])].
        2307 back demodulating 2301.
kept:      2315 mult(ld(mult(x,ld(mult(ld(y,e),x),z)),y),z) != e | mult(ld(x,y),mult(ld(y,e),mult(x,ld(mult(ld(y,e),x),z)))) = ld(mult(ld(y,e),x),z).  [back_rewrite(2301),rewrite([2307(21)])].
        2307 back demodulating 2279.
kept:      2316 ld(mult(x,y),mult(x,mult(y,mult(ld(z,u),mult(ld(u,e),mult(z,w)))))) = mult(ld(y,ld(x,e)),mult(x,mult(y,mult(ld(z,u),mult(ld(u,e),mult(z,w)))))).  [back_rewrite(2279),rewrite([2307(21)])].
    new demodulator: 2316.
        2307 back demodulating 738.
kept:      2317 mult(ld(x,y),mult(ld(y,e),mult(x,z))) != z | mult(ld(mult(x,z),y),mult(ld(y,e),mult(ld(y,e),mult(mult(y,x),z)))) = e.  [back_rewrite(738),rewrite([2307(8),2309(20)])].
        2307 back demodulating 734.
        2307 back demodulating 733.
kept:      2318 mult(ld(mult(x,y),z),mult(ld(z,e),mult(ld(z,e),mult(mult(z,x),y)))) != e | mult(ld(x,z),mult(ld(z,e),mult(x,y))) = y.  [back_rewrite(733),rewrite([2309(13),2307(21)])].
        2307 back demodulating 728.
kept:      2319 ld(mult(ld(x,e),y),ld(x,mult(y,z))) = mult(ld(y,x),mult(ld(x,e),mult(y,z))).  [back_rewrite(728),rewrite([2307(14)])].
    new demodulator: 2319.
    starting back demodulation with 2308.
        2308 back demodulating 1654.
kept:      2320 mult(x,mult(y,ld(x,e))) != y | mult(ld(y,x),mult(y,ld(x,e))) = e.  [back_rewrite(1654),rewrite([2308(12)])].
    starting back demodulation with 2309.
        2309 back demodulating 2306.
        2309 back demodulating 723.
kept:      2321 ld(mult(ld(x,e),mult(y,z)),mult(ld(x,y),z)) = mult(ld(mult(y,z),x),mult(ld(x,e),mult(ld(x,e),mult(mult(x,y),z)))).  [back_rewrite(723),rewrite([2309(13)]),flip(a)].
    new demodulator: 2321.
    starting back demodulation with 2311.
    starting back demodulation with 2313.
    starting back demodulation with 2316.
    starting back demodulation with 2319.
    starting back demodulation with 2321.
        2321 back demodulating 2299.
        2321 back demodulating 2297.

given #121 (A,wt=35): 135 ld(mult(x,y),mult(x,mult(y,ld(z,mult(u,mult(ld(u,z),w)))))) = ld(z,mult(u,mult(ld(u,z),ld(mult(x,y),mult(x,mult(y,w)))))).  [para(10(a,1),42(a,1,1)),rewrite([10(11)]),flip(a)].
kept:      2322 mult(mult(x,y),ld(z,mult(u,mult(ld(u,z),ld(mult(x,y),mult(x,mult(y,w))))))) = mult(x,mult(y,ld(z,mult(u,mult(ld(u,z),w))))).  [para(135(a,1),10(a,1,2))].
    new demodulator: 2322.
kept:      2323 mult(x,ld(mult(y,z),mult(y,mult(z,ld(x,mult(u,mult(ld(u,x),w))))))) = mult(u,mult(ld(u,x),ld(mult(y,z),mult(y,mult(z,w))))).  [para(135(a,2),10(a,1,2))].
    new demodulator: 2323.
kept:      2324 ld(x,mult(y,mult(ld(y,x),ld(z,mult(u,mult(ld(u,z),w)))))) = ld(z,mult(u,mult(ld(u,z),ld(x,mult(y,mult(ld(y,x),w)))))).  [para(10(a,1),135(a,1,1)),rewrite([10(11)])].
kept:      2325 ld(mult(x,y),mult(x,mult(y,ld(z,mult(u,w))))) = ld(z,mult(u,mult(ld(u,z),ld(mult(x,y),mult(x,mult(y,mult(ld(z,u),w))))))).  [para(10(a,1),135(a,1,2,2,2,2,2)),rewrite([2260(10)])].
kept:      2326 ld(mult(x,y),mult(x,mult(z,mult(ld(z,y),u)))) = ld(y,mult(z,mult(ld(z,y),ld(mult(x,y),mult(x,mult(y,u)))))).  [para(10(a,1),135(a,1,2,2))].
    new demodulator: 2326.
kept:      2327 ld(mult(x,y),mult(x,mult(y,ld(z,mult(u,mult(ld(u,z),ld(y,w))))))) = ld(z,mult(u,mult(ld(u,z),ld(mult(x,y),mult(x,w))))).  [para(10(a,1),135(a,2,2,2,2,2,2))].
kept:      2328 ld(x,mult(y,mult(ld(y,x),ld(mult(z,u),mult(z,mult(u,w)))))) != ld(x,mult(y,mult(ld(y,x),w))) | ld(mult(z,mult(u,ld(x,mult(y,mult(ld(y,x),w))))),mult(mult(z,u),ld(x,mult(y,mult(ld(y,x),w))))) = e.  [para(135(a,1),26(a,1))].
kept:      2329 ld(mult(x,y),mult(x,mult(y,ld(z,mult(u,mult(u,mult(w,mult(ld(mult(u,mult(u,w)),z),v5)))))))) = ld(z,mult(u,mult(u,mult(w,mult(ld(mult(u,mult(u,w)),z),ld(mult(x,y),mult(x,mult(y,v5)))))))).  [para(46(a,1),135(a,1,2,2,2,2)),rewrite([46(23)])].
kept:      2330 ld(mult(x,mult(y,mult(y,z))),mult(x,mult(y,mult(y,mult(z,ld(u,mult(w,mult(ld(w,u),v5)))))))) = ld(u,mult(w,mult(ld(w,u),ld(mult(x,mult(y,mult(y,z))),mult(x,mult(y,mult(y,mult(z,v5)))))))).  [para(46(a,1),135(a,1,2,2)),rewrite([46(19)])].
kept:      2331 ld(mult(x,mult(y,y)),mult(x,mult(y,mult(y,ld(z,mult(u,mult(ld(u,z),w))))))) = ld(z,mult(u,mult(ld(u,z),ld(mult(x,mult(y,y)),mult(x,mult(y,mult(y,w))))))).  [para(161(a,1),135(a,1,2,2)),rewrite([161(15)])].
kept:      2332 ld(mult(x,mult(y,x)),mult(mult(x,y),mult(x,ld(z,mult(u,mult(ld(u,z),w)))))) = ld(z,mult(u,mult(ld(u,z),ld(mult(x,mult(y,x)),mult(mult(x,y),mult(x,w)))))).  [para(162(a,1),135(a,1,1)),rewrite([162(13)])].
kept:      2333 ld(x,mult(y,mult(ld(y,x),ld(mult(z,mult(ld(x,mult(y,mult(ld(y,x),u))),w)),mult(z,mult(mult(ld(x,mult(y,mult(ld(y,x),u))),w),u)))))) = ld(mult(z,mult(ld(x,mult(y,mult(ld(y,x),u))),w)),mult(z,mult(ld(x,mult(y,mult(ld(y,x),u))),mult(w,ld(x,mult(y,mult(ld(y,x),u))))))).  [para(162(a,1),135(a,1,2,2)),flip(a)].
    new demodulator: 2333.
kept:      2334 ld(x,mult(y,mult(ld(y,x),ld(mult(mult(mult(z,ld(x,mult(y,mult(ld(y,x),u)))),w),z),mult(mult(mult(z,ld(x,mult(y,mult(ld(y,x),u)))),w),mult(z,u)))))) = ld(mult(mult(mult(z,ld(x,mult(y,mult(ld(y,x),u)))),w),z),mult(mult(z,ld(x,mult(y,mult(ld(y,x),u)))),mult(w,mult(z,ld(x,mult(y,mult(ld(y,x),u))))))).  [para(162(a,1),135(a,1,2)),flip(a)].
    new demodulator: 2334.
kept:      2335 ld(mult(x,mult(y,z)),mult(x,mult(mult(y,z),ld(u,mult(w,mult(ld(w,u),y)))))) = ld(u,mult(w,mult(ld(w,u),ld(mult(x,mult(y,z)),mult(x,mult(y,mult(z,y))))))).  [para(162(a,1),135(a,2,2,2,2,2,2))].
kept:      2336 ld(mult(mult(mult(x,y),z),x),mult(mult(mult(x,y),z),mult(x,ld(u,mult(w,mult(ld(w,u),y)))))) = ld(u,mult(w,mult(ld(w,u),ld(mult(mult(mult(x,y),z),x),mult(mult(x,y),mult(z,mult(x,y))))))).  [para(162(a,1),135(a,2,2,2,2,2))].
kept:      2337 ld(mult(x,mult(y,mult(z,ld(u,mult(w,mult(ld(w,u),v5)))))),mult(mult(x,mult(y,z)),ld(u,mult(w,mult(ld(w,u),ld(mult(y,z),mult(y,mult(z,v5)))))))) != e | ld(mult(x,mult(y,z)),mult(x,mult(y,mult(z,ld(u,mult(w,mult(ld(w,u),v5))))))) = ld(mult(y,z),mult(y,mult(z,ld(u,mult(w,mult(ld(w,u),v5)))))).  [para(135(a,1),55(a,1,2,2))].
kept:      2338 ld(mult(x,mult(y,mult(ld(y,z),ld(mult(u,w),mult(u,mult(w,v5)))))),mult(mult(x,z),ld(mult(u,w),mult(u,mult(w,ld(z,mult(y,mult(ld(y,z),v5)))))))) != e | ld(z,mult(y,mult(ld(y,z),ld(mult(u,w),mult(u,mult(w,v5)))))) = ld(z,mult(y,mult(ld(y,z),mult(ld(w,ld(u,e)),mult(u,mult(w,ld(mult(x,z),mult(x,mult(z,v5))))))))).  [para(135(a,2),55(a,1,2,2)),rewrite([2326(31),2175(30)]),flip(b)].
kept:      2339 ld(x,mult(y,mult(ld(y,x),ld(mult(ld(x,mult(y,mult(ld(y,x),z))),u),mult(ld(x,mult(y,mult(ld(y,x),z))),mult(u,z)))))) = ld(x,mult(y,mult(ld(y,x),z))).  [para(135(a,1),279(a,1))].
    new demodulator: 2339.
kept:      2340 ld(mult(x,y),mult(x,mult(y,ld(z,mult(u,mult(ld(u,z),x)))))) = ld(z,mult(u,mult(ld(u,z),x))).  [para(279(a,1),135(a,2,2,2,2))].
    new demodulator: 2340.
kept:      2341 mult(mult(x,y),mult(ld(z,mult(u,mult(ld(u,z),ld(mult(x,y),mult(x,mult(y,w)))))),mult(x,y))) = mult(mult(x,mult(y,ld(z,mult(u,mult(ld(u,z),w))))),mult(x,y)).  [para(135(a,1),280(a,1,2,1))].
    new demodulator: 2341.
kept:      2342 mult(x,mult(ld(mult(y,z),mult(y,mult(z,ld(x,mult(u,mult(ld(u,x),w)))))),x)) = mult(mult(u,mult(ld(u,x),ld(mult(y,z),mult(y,mult(z,w))))),x).  [para(135(a,2),280(a,1,2,1))].
    new demodulator: 2342.
kept:      2343 ld(mult(x,y),mult(y,mult(mult(ld(y,x),y),ld(z,mult(u,mult(ld(u,z),w)))))) = ld(z,mult(u,mult(ld(u,z),ld(mult(x,y),mult(y,mult(mult(ld(y,x),y),w)))))).  [para(280(a,1),135(a,1,1)),rewrite([280(14)])].
kept:      2344 ld(mult(x,y),mult(x,mult(y,ld(z,mult(u,mult(w,ld(u,z))))))) = ld(z,mult(u,mult(ld(u,z),ld(mult(x,y),mult(x,mult(y,mult(mult(ld(z,u),w),ld(u,z)))))))).  [para(280(a,1),135(a,1,2,2,2,2,2)),rewrite([2260(12)])].
kept:      2345 ld(x,mult(y,mult(ld(y,x),ld(z,mult(ld(x,mult(y,mult(ld(y,x),u))),mult(mult(ld(mult(y,mult(ld(y,x),u)),x),z),u)))))) = ld(x,mult(y,mult(ld(y,x),u))).  [para(280(a,1),135(a,1,2)),rewrite([2260(9),2259(10),9(6),2260(14),2259(15),2260(14)]),flip(a)].
    new demodulator: 2345.
kept:      2346 ld(mult(x,y),mult(x,mult(y,ld(z,mult(u,mult(ld(u,z),mult(ld(y,w),y))))))) = ld(z,mult(u,mult(ld(u,z),ld(mult(x,y),mult(x,mult(w,y)))))).  [para(280(a,1),135(a,2,2,2,2,2,2))].
kept:      2347 ld(x,mult(y,mult(ld(y,x),ld(z,mult(u,mult(ld(u,z),y)))))) = ld(z,mult(u,mult(ld(u,z),y))).  [para(280(a,1),135(a,2,2,2,2,2)),rewrite([10(2),10(11),9(11)])].
    new demodulator: 2347.
kept:      2348 mult(ld(mult(x,y),mult(x,mult(y,ld(z,mult(u,mult(ld(u,z),w)))))),mult(x,y)) = mult(ld(z,mult(u,mult(ld(u,z),ld(mult(x,y),mult(x,mult(y,w)))))),mult(x,y)).  [para(135(a,1),500(a,2,1)),rewrite([500(8)])].
kept:      2349 mult(ld(mult(x,y),mult(x,mult(y,ld(z,mult(u,mult(ld(u,z),w)))))),z) = mult(ld(z,mult(u,mult(ld(u,z),ld(mult(x,y),mult(x,mult(y,w)))))),z).  [para(135(a,2),500(a,2,1)),rewrite([500(8)]),flip(a)].
kept:      2350 ld(mult(mult(x,y),mult(ld(z,mult(u,mult(ld(u,z),ld(mult(x,y),mult(x,mult(y,w)))))),v5)),mult(mult(x,mult(y,ld(z,mult(u,mult(ld(u,z),w))))),v5)) != e | ld(mult(x,mult(y,ld(z,mult(u,mult(ld(u,z),w))))),mult(mult(x,y),mult(ld(mult(x,y),mult(x,mult(y,ld(z,mult(u,mult(ld(u,z),w)))))),v5))) = v5.  [para(135(a,1),56(a,1,1,2,1))].
kept:      2351 ld(mult(x,mult(ld(mult(y,z),mult(y,mult(z,ld(x,mult(u,mult(ld(u,x),w)))))),v5)),mult(mult(u,mult(ld(u,x),ld(mult(y,z),mult(y,mult(z,w))))),v5)) != e | ld(mult(u,mult(ld(u,x),ld(mult(y,z),mult(y,mult(z,w))))),mult(x,mult(ld(x,mult(u,mult(ld(u,x),ld(mult(y,z),mult(y,mult(z,w)))))),v5))) = v5.  [para(135(a,2),56(a,1,1,2,1))].
kept:      2352 ld(mult(x,mult(y,ld(z,mult(u,mult(ld(u,z),ld(mult(x,y),mult(x,mult(y,w)))))))),mult(x,mult(y,ld(z,mult(u,mult(ld(u,z),w)))))) != e | mult(ld(y,ld(x,e)),mult(x,mult(y,ld(mult(x,y),mult(x,mult(y,ld(z,mult(u,mult(ld(u,z),w))))))))) = ld(mult(x,y),mult(x,mult(y,ld(z,mult(u,mult(ld(u,z),w)))))).  [para(135(a,1),57(a,1,1,2,2)),rewrite([2175(31)])].
kept:      2353 ld(mult(x,mult(y,ld(mult(z,u),mult(z,mult(u,ld(mult(x,y),mult(w,mult(ld(w,mult(x,y)),v5)))))))),mult(w,mult(ld(w,mult(x,y)),ld(mult(z,u),mult(z,mult(u,v5)))))) != e | ld(mult(x,y),mult(x,mult(y,ld(mult(x,y),mult(w,mult(ld(w,mult(x,y)),ld(mult(z,u),mult(z,mult(u,v5))))))))) = ld(mult(x,y),mult(w,mult(ld(w,mult(x,y)),ld(mult(z,u),mult(z,mult(u,v5)))))).  [para(135(a,2),57(a,1,1,2,2))].
kept:      2354 ld(x,mult(y,mult(ld(y,x),ld(mult(z,ld(mult(y,mult(ld(y,x),u)),x)),mult(z,mult(ld(mult(y,mult(ld(y,x),u)),x),u)))))) = ld(x,mult(y,mult(ld(y,x),u))).  [para(575(a,1),135(a,1,2,2)),rewrite([2260(6),8(6),8(7),1644(6),2260(6),8(6),2260(11),8(11),2260(16),8(16)]),flip(a)].
    new demodulator: 2354.
kept:      2355 ld(x,mult(y,mult(ld(y,x),mult(ld(x,mult(y,mult(ld(y,x),z))),mult(mult(ld(mult(y,mult(ld(y,x),z)),x),ld(u,e)),mult(u,z)))))) = ld(x,mult(y,mult(ld(y,x),z))).  [para(575(a,1),135(a,1,2)),rewrite([1647(7),2260(7),1645(8),2260(6),8(6),1647(12),2260(12),1645(13),1647(16),2260(16),2260(19)]),flip(a)].
    new demodulator: 2355.
kept:      2356 mult(mult(x,ld(y,e)),mult(y,mult(ld(x,e),ld(z,mult(u,mult(ld(u,z),x)))))) = ld(z,mult(u,mult(ld(u,z),x))).  [para(575(a,1),135(a,2,2,2,2,2,2)),rewrite([2241(12),8(18),1644(17),2260(17),49(15),8(15)])].
    new demodulator: 2356.
kept:      2357 mult(x,mult(ld(x,ld(y,e)),mult(y,ld(z,mult(u,mult(ld(u,z),x)))))) = ld(z,mult(u,mult(ld(u,z),x))).  [para(575(a,1),135(a,2,2,2,2,2)),rewrite([1647(3),2150(4),1647(5),2260(12),49(2),1647(14),2150(15),2260(15),49(13),8(13)])].
    new demodulator: 2357.
kept:      2358 ld(x,mult(ld(y,e),mult(mult(y,x),ld(z,mult(u,mult(ld(u,z),w)))))) = ld(z,mult(u,mult(ld(u,z),ld(x,mult(ld(y,e),mult(mult(y,x),w)))))).  [para(640(a,1),135(a,1,1)),rewrite([640(15)])].
kept:      2359 ld(x,mult(y,mult(ld(y,x),mult(mult(z,ld(u,e)),mult(u,w))))) = mult(mult(z,ld(u,e)),mult(u,mult(ld(z,e),ld(x,mult(y,mult(ld(y,x),mult(z,w))))))).  [para(640(a,1),135(a,2,2,2,2,2,2)),rewrite([2241(13),2241(19)]),flip(a)].
kept:      2360 ld(x,mult(y,mult(ld(y,x),ld(mult(z,u),mult(z,mult(u,w)))))) = mult(ld(u,ld(z,e)),mult(z,mult(u,ld(x,mult(y,mult(ld(y,x),w)))))).  [para(135(a,1),664(a,1)),rewrite([1647(11)])].
    new demodulator: 2360.
kept:      2361 ld(mult(x,y),mult(x,mult(y,ld(z,mult(u,mult(ld(u,z),w)))))) = mult(ld(z,e),mult(u,mult(ld(u,z),ld(mult(x,y),mult(x,mult(y,w)))))).  [para(135(a,2),664(a,1))].
    new demodulator: 2361.
kept:      2362 ld(mult(x,y),mult(x,mult(y,ld(z,mult(ld(u,e),mult(mult(u,z),w)))))) = mult(ld(y,ld(x,e)),mult(x,mult(y,ld(z,mult(u,mult(ld(u,z),w)))))).  [para(664(a,1),135(a,1,2,2,2,2,2,1)),rewrite([675(5),677(10),2360(18)])].
kept:      2363 ld(mult(x,y),mult(x,mult(y,mult(ld(z,e),mult(u,mult(ld(u,z),w)))))) = mult(ld(y,ld(x,e)),mult(x,mult(y,ld(z,mult(u,mult(ld(u,z),w)))))).  [para(664(a,1),135(a,1,2,2,2)),rewrite([2360(18)])].
kept:      2364 ld(x,mult(ld(y,e),mult(mult(y,x),ld(mult(z,u),mult(z,mult(u,w)))))) = mult(ld(x,e),mult(y,mult(ld(y,x),ld(mult(z,u),mult(z,mult(u,w)))))).  [para(664(a,1),135(a,2,2,2,1)),rewrite([2361(8),675(18),677(23)]),flip(a)].
kept:      2365 ld(x,mult(y,mult(ld(y,x),mult(ld(z,ld(u,e)),mult(u,mult(z,w)))))) = mult(ld(x,e),mult(y,mult(ld(y,x),ld(mult(u,z),mult(u,mult(z,w)))))).  [para(664(a,1),135(a,2,2,2,2)),rewrite([2361(8),1647(14)]),flip(a)].
kept:      2366 ld(x,mult(y,mult(ld(y,x),mult(ld(z,u),mult(ld(u,e),mult(z,w)))))) = mult(ld(z,u),mult(ld(u,e),mult(z,ld(x,mult(y,mult(ld(y,x),w)))))).  [para(664(a,2),135(a,1,1)),rewrite([2260(10),2307(19)]),flip(a)].
    new demodulator: 2366.
kept:      2367 ld(mult(x,y),mult(x,mult(y,ld(z,ld(u,mult(mult(u,z),w)))))) = ld(z,mult(ld(u,e),mult(mult(u,z),ld(mult(x,y),mult(x,mult(y,w)))))).  [para(664(a,2),135(a,1,2,2,2,2)),rewrite([2260(4),49(3),2260(13),49(12)])].
kept:      2368 ld(x,mult(y,mult(ld(y,x),mult(mult(z,ld(u,e)),mult(u,mult(ld(z,e),w)))))) = mult(mult(z,ld(u,e)),mult(u,ld(z,ld(x,mult(y,mult(ld(y,x),w)))))).  [para(664(a,2),135(a,1,2,2)),rewrite([2241(10),2241(19)]),flip(a)].
kept:      2369 mult(ld(x,e),mult(y,mult(ld(y,x),mult(ld(z,u),mult(ld(u,e),mult(z,w)))))) = mult(ld(z,u),mult(ld(u,e),mult(z,ld(x,mult(y,mult(ld(y,x),w)))))).  [para(664(a,2),135(a,2,2,2,2,1)),rewrite([2361(12),2307(11),2260(19),2366(22)])].
kept:      2370 ld(x,mult(y,mult(ld(y,x),mult(mult(z,ld(u,e)),mult(u,ld(z,w)))))) = mult(ld(x,e),mult(y,mult(ld(y,x),mult(mult(z,ld(u,e)),mult(u,mult(ld(z,e),w)))))).  [para(664(a,2),135(a,2,2,2,2,2,2)),rewrite([2361(12),2241(11),2241(21)]),flip(a)].
kept:      2371 ld(mult(x,y),mult(x,mult(y,ld(z,mult(ld(u,e),mult(mult(u,z),w)))))) = ld(z,ld(u,mult(mult(u,z),ld(mult(x,y),mult(x,mult(y,w)))))).  [para(664(a,2),135(a,2,2)),rewrite([2260(6),49(5),2260(13),49(12)])].
kept:      2372 ld(mult(x,y),mult(x,mult(y,ld(z,mult(u,w))))) = mult(ld(y,ld(x,e)),mult(x,mult(y,ld(z,mult(u,w))))).  [para(677(a,1),135(a,1,2,2,2,2,2)),rewrite([2260(11),8(11),2360(16),2259(13)])].
    new demodulator: 2372.
kept:      2373 ld(x,mult(y,mult(ld(y,x),ld(mult(z,u),mult(z,w))))) = mult(ld(u,ld(z,e)),mult(z,mult(u,ld(x,mult(y,mult(ld(y,x),mult(ld(u,e),w))))))).  [para(677(a,1),135(a,2,2,2,2,2,2)),rewrite([2372(11)]),flip(a)].
    new demodulator: 2373.
kept:      2374 ld(mult(x,mult(y,ld(z,mult(u,mult(ld(u,z),w))))),mult(mult(x,y),mult(mult(ld(y,ld(x,e)),mult(x,mult(y,ld(z,mult(u,mult(ld(u,z),w)))))),v5))) != v5 | ld(mult(mult(x,y),mult(mult(ld(y,ld(x,e)),mult(x,mult(y,ld(z,mult(u,mult(ld(u,z),w)))))),v5)),mult(mult(x,mult(y,ld(z,mult(u,mult(ld(u,z),w))))),v5)) = e.  [para(135(a,1),61(a,1,2,2,1)),rewrite([2373(15),640(15),2372(30)])].
kept:      2375 ld(mult(x,mult(ld(x,y),ld(mult(z,u),mult(z,mult(u,w))))),mult(y,mult(mult(ld(u,ld(z,e)),mult(z,mult(u,ld(y,mult(x,mult(ld(x,y),w)))))),v5))) != v5 | ld(mult(y,mult(mult(ld(u,ld(z,e)),mult(z,mult(u,ld(y,mult(x,mult(ld(x,y),w)))))),v5)),mult(mult(x,mult(ld(x,y),ld(mult(z,u),mult(z,mult(u,w))))),v5)) = e.  [para(135(a,2),61(a,1,2,2,1)),rewrite([2372(15),2373(29),640(29)])].
kept:      2376 ld(mult(x,y),mult(x,mult(y,z))) != mult(ld(y,ld(x,e)),mult(x,mult(y,ld(u,mult(w,mult(ld(w,u),z)))))) | ld(mult(w,mult(ld(w,u),ld(mult(x,y),mult(x,mult(y,z))))),mult(u,ld(mult(x,y),mult(x,mult(y,z))))) = e.  [para(135(a,2),61(a,1)),rewrite([2372(8)]),flip(a)].
kept:      2377 ld(mult(x,mult(y,z)),mult(x,mult(y,mult(z,ld(u,mult(w,mult(ld(w,u),v5))))))) != mult(ld(z,ld(y,e)),mult(y,mult(z,ld(u,mult(w,mult(ld(w,u),v5)))))) | ld(mult(x,mult(y,mult(z,ld(u,mult(w,mult(ld(w,u),v5)))))),mult(mult(x,mult(y,z)),mult(ld(z,ld(y,e)),mult(y,mult(z,ld(u,mult(w,mult(ld(w,u),v5)))))))) = e.  [para(135(a,1),62(a,2)),rewrite([2373(18),640(18),2372(38)])].
kept:      2378 ld(mult(x,y),mult(x,mult(y,z))) != mult(ld(y,ld(x,e)),mult(x,mult(y,ld(mult(u,w),mult(u,mult(w,z)))))) | ld(mult(u,mult(w,ld(mult(x,y),mult(x,mult(y,z))))),mult(mult(u,w),ld(mult(x,y),mult(x,mult(y,z))))) = e.  [para(135(a,2),62(a,1)),rewrite([9(4),2372(8),9(12),9(16),9(17),9(24),9(28)]),flip(a)].
kept:      2379 ld(x,mult(y,mult(ld(y,x),mult(ld(x,ld(z,e)),mult(z,mult(x,ld(mult(u,w),mult(u,mult(w,v5))))))))) != mult(ld(w,ld(u,e)),mult(u,mult(w,ld(x,mult(y,mult(ld(y,x),v5)))))) | ld(mult(z,mult(y,mult(ld(y,x),ld(mult(u,w),mult(u,mult(w,v5)))))),mult(mult(z,x),mult(ld(w,ld(u,e)),mult(u,mult(w,ld(x,mult(y,mult(ld(y,x),v5)))))))) = e.  [para(135(a,2),62(a,2)),rewrite([2326(10),2372(9),2372(22),2373(42),640(42)])].
kept:      2380 ld(mult(x,mult(y,y)),mult(mult(x,y),mult(y,ld(z,mult(u,mult(ld(u,z),w)))))) = ld(z,mult(u,mult(ld(u,z),ld(mult(x,mult(y,y)),mult(mult(x,y),mult(y,w)))))).  [para(973(a,1),135(a,1,1)),rewrite([973(13)])].
kept:      2381 ld(mult(mult(x,mult(y,ld(z,mult(u,mult(ld(u,z),w))))),y),mult(x,mult(y,mult(ld(z,mult(u,mult(ld(u,z),w))),mult(y,ld(z,mult(u,mult(ld(u,z),w)))))))) = mult(ld(y,ld(mult(y,ld(z,mult(u,mult(ld(u,z),w)))),ld(x,e))),mult(x,mult(y,mult(ld(z,mult(u,mult(ld(u,z),w))),mult(y,ld(z,mult(u,mult(ld(u,z),w)))))))).  [para(973(a,1),135(a,1,2)),rewrite([1415(18),2373(40),1647(28),640(40),973(41),1415(40)])].
    new demodulator: 2381.
kept:      2382 ld(x,mult(y,mult(ld(y,x),ld(mult(mult(z,mult(u,w)),u),mult(z,mult(u,mult(w,mult(u,w)))))))) = mult(ld(u,ld(mult(u,w),ld(z,e))),mult(mult(z,mult(u,w)),mult(u,ld(x,mult(y,mult(ld(y,x),w)))))).  [para(973(a,1),135(a,2,2,2,2,2)),rewrite([2372(12),1647(4),1415(21)]),flip(a)].
    new demodulator: 2382.
kept:      2383 mult(mult(ld(mult(x,mult(ld(x,y),z)),y),ld(u,e)),mult(u,mult(ld(y,mult(x,mult(ld(x,y),z))),ld(y,mult(x,mult(ld(x,y),z)))))) = ld(y,mult(x,mult(ld(x,y),z))).  [para(135(a,1),1196(a,1)),rewrite([2373(16),2260(7),2260(18),8(18),2259(22)])].
    new demodulator: 2383.
kept:      2384 ld(mult(x,mult(y,y)),mult(mult(x,y),mult(y,ld(mult(z,u),mult(z,mult(u,w)))))) = mult(ld(u,ld(z,e)),mult(z,mult(u,ld(mult(x,mult(y,y)),mult(mult(x,y),mult(y,w)))))).  [para(1196(a,1),135(a,1,2,2,2,2,2,1)),rewrite([2372(10),1196(19)]),flip(a)].
    new demodulator: 2384.
kept:      2385 mult(ld(x,ld(y,e)),mult(y,mult(x,ld(z,mult(u,mult(ld(u,z),x)))))) = ld(z,mult(u,mult(ld(u,z),x))).  [para(1196(a,1),135(a,2,2,2,2)),rewrite([2372(8)])].
    new demodulator: 2385.
kept:      2386 ld(mult(x,mult(y,ld(z,mult(u,mult(ld(u,z),w))))),mult(mult(x,y),mult(mult(ld(y,ld(x,e)),mult(x,mult(y,ld(z,mult(u,mult(ld(u,z),w)))))),ld(mult(v5,v6),mult(v5,mult(v6,v7)))))) = mult(ld(v6,ld(v5,e)),mult(v5,mult(v6,ld(mult(x,mult(y,ld(z,mult(u,mult(ld(u,z),w))))),mult(mult(x,y),mult(mult(ld(y,ld(x,e)),mult(x,mult(y,ld(z,mult(u,mult(ld(u,z),w)))))),v7)))))).  [para(135(a,1),135(a,1,2,2,2,2,2,1)),rewrite([2373(16),640(16),2372(24),2372(41)]),flip(a)].
    new demodulator: 2386.
kept:      2387 ld(x,mult(y,mult(ld(y,x),mult(ld(z,ld(u,e)),mult(u,mult(z,ld(w,mult(v5,mult(ld(v5,w),v6))))))))) = mult(ld(z,ld(u,e)),mult(u,mult(z,ld(x,mult(y,mult(ld(y,x),ld(w,mult(v5,mult(ld(v5,w),v6))))))))).  [para(135(a,1),135(a,2,2,2,2)),rewrite([2372(12),2373(23),640(23)]),flip(a)].
    new demodulator: 2387.
kept:      2388 ld(mult(x,mult(ld(x,y),ld(mult(z,u),mult(z,mult(u,w))))),mult(y,mult(mult(ld(u,ld(z,e)),mult(z,mult(u,ld(y,mult(x,mult(ld(x,y),w)))))),ld(mult(v5,v6),mult(v5,mult(v6,v7)))))) = mult(ld(v6,ld(v5,e)),mult(v5,mult(v6,ld(mult(x,mult(ld(x,y),ld(mult(z,u),mult(z,mult(u,w))))),mult(y,mult(mult(ld(u,ld(z,e)),mult(z,mult(u,ld(y,mult(x,mult(ld(x,y),w)))))),v7)))))).  [para(135(a,2),135(a,1,2,2,2,2,2,1)),rewrite([2372(16),2372(24),2373(41),640(41)]),flip(a)].
    new demodulator: 2388.
kept:      2389 ld(mult(x,y),mult(x,mult(y,mult(ld(z,ld(u,e)),mult(u,mult(z,ld(w,mult(v5,mult(ld(v5,w),v6))))))))) = ld(w,mult(v5,mult(ld(v5,w),mult(ld(y,ld(x,e)),mult(x,mult(y,ld(mult(u,z),mult(u,mult(z,v6))))))))).  [para(135(a,2),135(a,1,2,2,2)),rewrite([2372(9),2372(23)])].
    starting back demodulation with 2322.
    starting back demodulation with 2323.
    starting back demodulation with 2326.
    starting back demodulation with 2333.
    starting back demodulation with 2334.
    starting back demodulation with 2339.
    starting back demodulation with 2340.
    starting back demodulation with 2341.
    starting back demodulation with 2342.
    starting back demodulation with 2345.
    starting back demodulation with 2347.
    starting back demodulation with 2354.
    starting back demodulation with 2355.
    starting back demodulation with 2356.
    starting back demodulation with 2357.
    starting back demodulation with 2360.
        2360 back demodulating 2354.
        2360 back demodulating 2353.
        2360 back demodulating 2352.
kept:      2390 ld(mult(x,mult(y,mult(ld(y,ld(x,e)),mult(x,mult(y,ld(z,mult(u,mult(ld(u,z),w)))))))),mult(x,mult(y,ld(z,mult(u,mult(ld(u,z),w)))))) != e | mult(ld(y,ld(x,e)),mult(x,mult(y,mult(ld(y,ld(x,e)),mult(x,mult(y,ld(z,mult(u,mult(ld(u,z),w))))))))) = mult(ld(y,ld(x,e)),mult(x,mult(y,ld(z,mult(u,mult(ld(u,z),w)))))).  [back_rewrite(2352),rewrite([2373(8),640(8),2372(32),2372(45)])].
        2360 back demodulating 2351.
kept:      2391 ld(mult(x,mult(mult(ld(y,ld(z,e)),mult(z,mult(y,ld(x,mult(u,mult(ld(u,x),w)))))),v5)),mult(mult(u,mult(ld(u,x),ld(mult(z,y),mult(z,mult(y,w))))),v5)) != e | ld(mult(u,mult(ld(u,x),ld(mult(z,y),mult(z,mult(y,w))))),mult(x,mult(mult(ld(y,ld(z,e)),mult(z,mult(y,ld(x,mult(u,mult(ld(u,x),w)))))),v5))) = v5.  [back_rewrite(2351),rewrite([2372(8),2373(38),640(38)])].
        2360 back demodulating 2350.
kept:      2392 ld(mult(mult(x,y),mult(mult(ld(y,ld(x,e)),mult(x,mult(y,ld(z,mult(u,mult(ld(u,z),w)))))),v5)),mult(mult(x,mult(y,ld(z,mult(u,mult(ld(u,z),w))))),v5)) != e | ld(mult(x,mult(y,ld(z,mult(u,mult(ld(u,z),w))))),mult(mult(x,y),mult(mult(ld(y,ld(x,e)),mult(x,mult(y,ld(z,mult(u,mult(ld(u,z),w)))))),v5))) = v5.  [back_rewrite(2350),rewrite([2373(9),640(9),2372(38)])].
        2360 back demodulating 2349.
        2360 back demodulating 2348.
        2360 back demodulating 2344.
kept:      2393 mult(ld(x,ld(y,e)),mult(y,mult(x,ld(z,mult(u,mult(ld(u,z),mult(mult(ld(z,u),w),ld(u,z)))))))) = mult(ld(x,ld(y,e)),mult(y,mult(x,ld(z,mult(u,mult(w,ld(u,z))))))).  [back_rewrite(2344),rewrite([2372(8),2373(22),640(22)]),flip(a)].
    new demodulator: 2393.
        2360 back demodulating 2341.
kept:      2394 mult(mult(x,y),mult(mult(ld(y,ld(x,e)),mult(x,mult(y,ld(z,mult(u,mult(ld(u,z),w)))))),mult(x,y))) = mult(mult(x,mult(y,ld(z,mult(u,mult(ld(u,z),w))))),mult(x,y)).  [back_rewrite(2341),rewrite([2373(9),640(9)])].
    new demodulator: 2394.
        2360 back demodulating 2339.
kept:      2395 mult(ld(x,ld(mult(y,mult(ld(y,z),u)),z)),mult(ld(z,mult(y,mult(ld(y,z),u))),mult(x,ld(z,mult(y,mult(ld(y,z),u)))))) = ld(z,mult(y,mult(ld(y,z),u))).  [back_rewrite(2339),rewrite([2373(16),2260(6),8(6),640(14)])].
    new demodulator: 2395.
        2360 back demodulating 2338.
kept:      2396 ld(mult(x,mult(y,mult(ld(y,z),ld(mult(u,w),mult(u,mult(w,v5)))))),mult(mult(x,z),mult(ld(w,ld(u,e)),mult(u,mult(w,ld(z,mult(y,mult(ld(y,z),v5)))))))) != e | ld(z,mult(y,mult(ld(y,z),mult(ld(w,ld(u,e)),mult(u,mult(w,ld(mult(x,z),mult(x,mult(z,v5))))))))) = mult(ld(w,ld(u,e)),mult(u,mult(w,ld(z,mult(y,mult(ld(y,z),v5)))))).  [back_rewrite(2338),rewrite([2372(17),2373(31),640(31)]),flip(b)].
        2360 back demodulating 2337.
kept:      2397 ld(mult(x,mult(y,mult(z,ld(u,mult(w,mult(ld(w,u),v5)))))),mult(mult(x,mult(y,z)),mult(ld(z,ld(y,e)),mult(y,mult(z,ld(u,mult(w,mult(ld(w,u),v5)))))))) != e | ld(mult(x,mult(y,z)),mult(x,mult(y,mult(z,ld(u,mult(w,mult(ld(w,u),v5))))))) = mult(ld(z,ld(y,e)),mult(y,mult(z,ld(u,mult(w,mult(ld(w,u),v5)))))).  [back_rewrite(2337),rewrite([2373(17),640(17),2372(41)])].
        2360 back demodulating 2334.
kept:      2398 ld(mult(mult(mult(x,ld(y,mult(z,mult(ld(z,y),u)))),w),x),mult(mult(x,ld(y,mult(z,mult(ld(z,y),u)))),mult(w,mult(x,ld(y,mult(z,mult(ld(z,y),u))))))) = mult(ld(x,ld(w,mult(ld(mult(z,mult(ld(z,y),u)),y),ld(x,e)))),mult(mult(x,ld(y,mult(z,mult(ld(z,y),u)))),mult(w,mult(x,ld(y,mult(z,mult(ld(z,y),u))))))).  [back_rewrite(2334),rewrite([2373(20),1647(8),1647(7),2260(7),640(20),162(21)]),flip(a)].
    new demodulator: 2398.
        2360 back demodulating 2333.
        2360 back demodulating 2328.
        2360 back demodulating 2326.
kept:      2399 ld(mult(x,y),mult(x,mult(z,mult(ld(z,y),u)))) = mult(ld(y,ld(x,e)),mult(x,mult(z,mult(ld(z,y),u)))).  [back_rewrite(2326),rewrite([2373(14),640(14),10(14)])].
    new demodulator: 2399.
        2360 back demodulating 2325.
        2360 back demodulating 2322.
kept:      2400 mult(mult(x,y),mult(ld(y,ld(x,e)),mult(x,mult(y,ld(z,mult(u,mult(ld(u,z),w))))))) = mult(x,mult(y,ld(z,mult(u,mult(ld(u,z),w))))).  [back_rewrite(2322),rewrite([2373(9),640(9)])].
    new demodulator: 2400.
        2360 back demodulating 382.
kept:      2401 ld(mult(x,y),mult(x,mult(y,z))) = mult(ld(y,ld(x,e)),mult(x,mult(y,z))).  [back_rewrite(382),rewrite([2373(8),640(8),280(6),9(5)]),flip(a)].
    new demodulator: 2401.
        2360 back demodulating 135.
kept:      2402 ld(x,mult(y,mult(ld(y,x),mult(ld(z,ld(u,e)),mult(u,mult(z,w)))))) = mult(ld(z,ld(u,e)),mult(u,mult(z,ld(x,mult(y,mult(ld(y,x),w)))))).  [back_rewrite(135),rewrite([2401(8),2401(15)]),flip(a)].
    new demodulator: 2402.
    starting back demodulation with 2361.
        2361 back demodulating 2346.
kept:      2403 mult(ld(x,ld(y,e)),mult(y,mult(x,ld(z,mult(u,mult(ld(u,z),mult(ld(x,e),mult(w,x)))))))) = mult(ld(x,ld(y,e)),mult(y,mult(x,ld(z,mult(u,mult(ld(u,z),mult(ld(x,w),x))))))).  [back_rewrite(2346),rewrite([2401(10),2373(20)]),flip(a)].
        2361 back demodulating 2342.
kept:      2404 mult(mult(x,mult(ld(x,y),mult(ld(z,ld(u,e)),mult(u,mult(z,w))))),y) = mult(y,mult(mult(ld(z,ld(u,e)),mult(u,mult(z,ld(y,mult(x,mult(ld(x,y),w)))))),y)).  [back_rewrite(2342),rewrite([2401(8),2401(17)]),flip(a)].
        2361 back demodulating 2340.
kept:      2405 mult(ld(x,ld(y,e)),mult(y,mult(x,ld(z,mult(u,mult(ld(u,z),y)))))) = ld(z,mult(u,mult(ld(u,z),y))).  [back_rewrite(2340),rewrite([2401(8)])].
    new demodulator: 2405.
        2361 back demodulating 2336.
kept:      2406 ld(x,mult(y,mult(ld(y,x),ld(mult(mult(mult(z,u),w),z),mult(mult(z,u),mult(w,mult(z,u))))))) = mult(ld(z,ld(w,ld(u,ld(z,e)))),mult(mult(mult(z,u),w),mult(z,ld(x,mult(y,mult(ld(y,x),u)))))).  [back_rewrite(2336),rewrite([2401(12),1647(4),1647(3)]),flip(a)].
    new demodulator: 2406.
        2361 back demodulating 2335.
        2361 back demodulating 2327.
kept:      2407 mult(ld(x,ld(y,e)),mult(y,mult(x,ld(z,mult(u,mult(ld(u,z),ld(x,w))))))) = mult(ld(x,ld(y,e)),mult(y,mult(x,ld(z,mult(u,mult(ld(u,z),mult(ld(x,e),w))))))).  [back_rewrite(2327),rewrite([2401(9),2373(18)])].
        2361 back demodulating 2323.
kept:      2408 mult(x,mult(ld(y,ld(z,e)),mult(z,mult(y,ld(x,mult(u,mult(ld(u,x),w))))))) = mult(u,mult(ld(u,x),mult(ld(y,ld(z,e)),mult(z,mult(y,w))))).  [back_rewrite(2323),rewrite([2401(8),2401(16)])].
    starting back demodulation with 2366.
    starting back demodulation with 2372.
        2372 back demodulating 2371.
kept:      2409 ld(x,ld(y,mult(mult(y,x),mult(ld(z,ld(u,e)),mult(u,mult(z,w)))))) = mult(ld(z,ld(u,e)),mult(u,mult(z,ld(x,mult(ld(y,e),mult(mult(y,x),w)))))).  [back_rewrite(2371),rewrite([2401(10),2401(17)]),flip(a)].
    new demodulator: 2409.
        2372 back demodulating 2362.
kept:      2410 mult(ld(x,ld(y,e)),mult(y,mult(x,ld(z,mult(ld(u,e),mult(mult(u,z),w)))))) = mult(ld(x,ld(y,e)),mult(y,mult(x,ld(z,mult(u,mult(ld(u,z),w)))))).  [back_rewrite(2362),rewrite([2401(10)])].
        2372 back demodulating 2361.
kept:      2411 mult(ld(x,ld(y,e)),mult(y,mult(x,ld(z,mult(u,mult(ld(u,z),w)))))) = mult(ld(z,e),mult(u,mult(ld(u,z),mult(ld(x,ld(y,e)),mult(y,mult(x,w)))))).  [back_rewrite(2361),rewrite([2401(8),2401(17)])].
        2372 back demodulating 2329.
kept:      2412 ld(x,mult(y,mult(y,mult(z,mult(ld(mult(y,mult(y,z)),x),mult(ld(u,ld(w,e)),mult(w,mult(u,v5)))))))) = mult(ld(u,ld(w,e)),mult(w,mult(u,ld(x,mult(y,mult(y,mult(z,mult(ld(mult(y,mult(y,z)),x),v5)))))))).  [back_rewrite(2329),rewrite([2401(12),2401(21)]),flip(a)].
    new demodulator: 2412.
        2372 back demodulating 2313.
kept:      2413 mult(ld(x,ld(y,e)),mult(y,mult(x,ld(z,mult(mult(ld(x,ld(y,e)),mult(y,mult(x,u))),mult(mult(ld(mult(y,mult(x,u)),mult(y,x)),z),u)))))) = mult(ld(x,ld(y,e)),mult(y,mult(x,u))).  [back_rewrite(2313),rewrite([2401(5),2401(18),2401(24)])].
    new demodulator: 2413.
        2372 back demodulating 2175.
kept:      2414 mult(ld(x,ld(y,e)),mult(y,mult(x,mult(ld(z,ld(u,e)),mult(u,mult(z,w)))))) = mult(ld(z,ld(u,e)),mult(u,mult(z,mult(ld(x,ld(y,e)),mult(y,mult(x,w)))))).  [back_rewrite(2175),rewrite([2401(5),2401(10),2401(19)])].
        2372 back demodulating 2140.
kept:      2415 ld(x,mult(mult(x,ld(y,e)),mult(y,mult(ld(z,ld(u,e)),mult(u,mult(z,w)))))) = mult(ld(z,ld(u,e)),mult(u,mult(z,ld(x,mult(mult(x,ld(y,e)),mult(y,w)))))).  [back_rewrite(2140),rewrite([2401(10),2401(19)]),flip(a)].
    new demodulator: 2415.
        2372 back demodulating 671.
kept:      2416 ld(x,mult(ld(y,e),mult(mult(y,x),mult(ld(z,ld(u,e)),mult(u,mult(z,w)))))) = mult(ld(z,ld(u,e)),mult(u,mult(z,ld(x,mult(ld(y,e),mult(mult(y,x),w)))))).  [back_rewrite(671),rewrite([2401(10),2401(19)]),flip(a)].
    new demodulator: 2416.
        2372 back demodulating 501.
kept:      2417 ld(mult(x,y),mult(x,mult(mult(ld(z,ld(u,e)),mult(u,mult(z,w))),y))) = mult(ld(z,ld(u,e)),mult(u,mult(z,ld(mult(x,y),mult(x,mult(w,y)))))).  [back_rewrite(501),rewrite([2401(5),2401(18)])].
    new demodulator: 2417.
        2372 back demodulating 444.
kept:      2418 mult(ld(x,ld(y,e)),mult(y,mult(x,ld(z,mult(u,mult(w,mult(u,z))))))) = mult(ld(z,mult(ld(x,ld(y,e)),mult(y,mult(x,mult(u,mult(w,u)))))),z).  [back_rewrite(444),rewrite([2401(8),2401(16)])].
        2372 back demodulating 380.
kept:      2419 ld(mult(x,y),mult(y,mult(mult(ld(y,x),y),mult(ld(z,ld(u,e)),mult(u,mult(z,w)))))) = mult(ld(z,ld(u,e)),mult(u,mult(z,ld(mult(x,y),mult(y,mult(mult(ld(y,x),y),w)))))).  [back_rewrite(380),rewrite([2401(7),2401(22)])].
    new demodulator: 2419.
        2372 back demodulating 302.
kept:      2420 ld(mult(x,mult(y,x)),mult(mult(x,y),mult(x,mult(ld(z,ld(u,e)),mult(u,mult(z,w)))))) = mult(ld(z,ld(u,e)),mult(u,mult(z,ld(mult(x,mult(y,x)),mult(mult(x,y),mult(x,w)))))).  [back_rewrite(302),rewrite([2401(7),2401(22)])].
    new demodulator: 2420.
        2372 back demodulating 266.
kept:      2421 ld(mult(x,mult(y,y)),mult(x,mult(y,mult(y,mult(ld(z,ld(u,e)),mult(u,mult(z,w))))))) = mult(ld(z,ld(u,e)),mult(u,mult(z,ld(mult(x,mult(y,y)),mult(x,mult(y,mult(y,w))))))).  [back_rewrite(266),rewrite([2401(6),2401(22)])].
    new demodulator: 2421.
        2372 back demodulating 239.
kept:      2422 ld(mult(x,mult(y,mult(y,z))),mult(x,mult(y,mult(y,mult(z,mult(ld(u,ld(w,e)),mult(w,mult(u,v5)))))))) = mult(ld(u,ld(w,e)),mult(w,mult(u,ld(mult(x,mult(y,mult(y,z))),mult(x,mult(y,mult(y,mult(z,v5)))))))).  [back_rewrite(239),rewrite([2401(7),2401(26)])].
    new demodulator: 2422.
        2372 back demodulating 213.
kept:      2423 ld(mult(x,mult(y,mult(x,z))),mult(x,mult(y,mult(x,mult(z,mult(ld(u,ld(w,e)),mult(w,mult(u,v5)))))))) = mult(ld(u,ld(w,e)),mult(w,mult(u,ld(mult(x,mult(y,mult(x,z))),mult(x,mult(y,mult(x,mult(z,v5)))))))).  [back_rewrite(213),rewrite([2401(7),2401(26)])].
    new demodulator: 2423.
        2372 back demodulating 200.
kept:      2424 ld(mult(x,mult(y,mult(z,y))),mult(x,mult(y,mult(z,mult(y,mult(ld(u,ld(w,e)),mult(w,mult(u,v5)))))))) = mult(ld(u,ld(w,e)),mult(w,mult(u,ld(mult(x,mult(y,mult(z,y))),mult(x,mult(y,mult(z,mult(y,v5)))))))).  [back_rewrite(200),rewrite([2401(7),2401(26)])].
    new demodulator: 2424.
    starting back demodulation with 2373.
        2373 back demodulating 2360.
        2373 back demodulating 2331.
kept:      2425 ld(mult(x,mult(y,y)),mult(x,mult(y,mult(y,ld(z,mult(u,mult(ld(u,z),w))))))) = ld(z,mult(u,mult(ld(u,z),w))).  [back_rewrite(2331),rewrite([2373(20),1012(14),1012(23),8(26),161(28),640(27),640(24),161(24),46(26),640(24),640(21),640(18)])].
    new demodulator: 2425.
        2373 back demodulating 2330.
kept:      2426 ld(mult(x,mult(y,mult(y,z))),mult(x,mult(y,mult(y,mult(z,ld(u,mult(w,mult(ld(w,u),v5)))))))) = mult(ld(mult(y,mult(y,z)),ld(x,e)),mult(x,mult(y,mult(y,mult(z,ld(u,mult(w,mult(ld(w,u),v5)))))))).  [back_rewrite(2330),rewrite([2373(24),1647(24),2179(28),46(24)])].
    new demodulator: 2426.
    starting back demodulation with 2381.
    starting back demodulation with 2382.
    starting back demodulation with 2383.
    starting back demodulation with 2384.
    starting back demodulation with 2385.
    starting back demodulation with 2386.
    starting back demodulation with 2387.
    starting back demodulation with 2388.
    starting back demodulation with 2393.
    starting back demodulation with 2394.
    starting back demodulation with 2395.
    starting back demodulation with 2398.
    starting back demodulation with 2399.
    starting back demodulation with 2400.
    2401 back subsumes 2372.
    2401 back subsumes 2316.
    starting back demodulation with 2401.
        2401 back demodulating 2396.
kept:      2427 ld(mult(x,mult(y,mult(ld(y,z),mult(ld(u,ld(w,e)),mult(w,mult(u,v5)))))),mult(mult(x,z),mult(ld(u,ld(w,e)),mult(w,mult(u,ld(z,mult(y,mult(ld(y,z),v5)))))))) != e | mult(ld(u,ld(w,e)),mult(w,mult(u,ld(z,mult(y,mult(ld(y,z),v5)))))) = mult(ld(u,ld(w,e)),mult(w,mult(u,mult(ld(z,ld(x,e)),mult(x,mult(y,mult(ld(y,z),v5))))))).  [back_rewrite(2396),rewrite([2401(5),2401(33),2402(41),2402(38),10(36)]),flip(b)].
        2401 back demodulating 2391.
kept:      2428 ld(mult(x,mult(mult(ld(y,ld(z,e)),mult(z,mult(y,ld(x,mult(u,mult(ld(u,x),w)))))),v5)),mult(mult(u,mult(ld(u,x),mult(ld(y,ld(z,e)),mult(z,mult(y,w))))),v5)) != e | ld(mult(u,mult(ld(u,x),mult(ld(y,ld(z,e)),mult(z,mult(y,w))))),mult(x,mult(mult(ld(y,ld(z,e)),mult(z,mult(y,ld(x,mult(u,mult(ld(u,x),w)))))),v5))) = v5.  [back_rewrite(2391),rewrite([2401(17),2401(30)])].
        2401 back demodulating 2389.
        2401 back demodulating 2388.
        2401 back demodulating 2386.
kept:      2429 ld(mult(x,mult(y,ld(z,mult(u,mult(ld(u,z),w))))),mult(mult(x,y),mult(mult(ld(y,ld(x,e)),mult(x,mult(y,ld(z,mult(u,mult(ld(u,z),w)))))),mult(ld(v5,ld(v6,e)),mult(v6,mult(v5,v7)))))) = mult(ld(v5,ld(v6,e)),mult(v6,mult(v5,ld(mult(x,mult(y,ld(z,mult(u,mult(ld(u,z),w))))),mult(mult(x,y),mult(mult(ld(y,ld(x,e)),mult(x,mult(y,ld(z,mult(u,mult(ld(u,z),w)))))),v7)))))).  [back_rewrite(2386),rewrite([2401(21)])].
    new demodulator: 2429.
        2401 back demodulating 2384.
kept:      2430 ld(mult(x,mult(y,y)),mult(mult(x,y),mult(y,mult(ld(z,ld(u,e)),mult(u,mult(z,w)))))) = mult(ld(z,ld(u,e)),mult(u,mult(z,ld(mult(x,mult(y,y)),mult(mult(x,y),mult(y,w)))))).  [back_rewrite(2384),rewrite([2401(7)])].
    new demodulator: 2430.
        2401 back demodulating 2379.
kept:      2431 mult(ld(x,ld(y,e)),mult(y,mult(x,mult(ld(z,ld(u,e)),mult(u,mult(z,ld(x,mult(w,mult(ld(w,x),v5))))))))) != mult(ld(z,ld(u,e)),mult(u,mult(z,ld(x,mult(w,mult(ld(w,x),v5)))))) | ld(mult(y,mult(w,mult(ld(w,x),mult(ld(z,ld(u,e)),mult(u,mult(z,v5)))))),mult(mult(y,x),mult(ld(z,ld(u,e)),mult(u,mult(z,ld(x,mult(w,mult(ld(w,x),v5)))))))) = e.  [back_rewrite(2379),rewrite([2401(8),2402(16),2402(13),2401(32)])].
        2401 back demodulating 2378.
kept:      2432 mult(ld(x,ld(y,e)),mult(y,mult(x,mult(ld(z,ld(u,e)),mult(u,mult(z,w)))))) != mult(ld(x,ld(y,e)),mult(y,mult(x,w))) | ld(mult(u,mult(z,mult(ld(x,ld(y,e)),mult(y,mult(x,w))))),mult(mult(u,z),mult(ld(x,ld(y,e)),mult(y,mult(x,w))))) = e.  [back_rewrite(2378),rewrite([2401(4),2401(13),2401(23),2401(32)]),flip(a)].
        2401 back demodulating 2376.
kept:      2433 mult(ld(x,ld(y,e)),mult(y,mult(x,ld(z,mult(u,mult(ld(u,z),w)))))) != mult(ld(x,ld(y,e)),mult(y,mult(x,w))) | ld(mult(u,mult(ld(u,z),mult(ld(x,ld(y,e)),mult(y,mult(x,w))))),mult(z,mult(ld(x,ld(y,e)),mult(y,mult(x,w))))) = e.  [back_rewrite(2376),rewrite([2401(4),2401(22),2401(30)]),flip(a)].
        2401 back demodulating 2375.
kept:      2434 ld(mult(x,mult(ld(x,y),mult(ld(z,ld(u,e)),mult(u,mult(z,w))))),mult(y,mult(mult(ld(z,ld(u,e)),mult(u,mult(z,ld(y,mult(x,mult(ld(x,y),w)))))),v5))) != v5 | ld(mult(y,mult(mult(ld(z,ld(u,e)),mult(u,mult(z,ld(y,mult(x,mult(ld(x,y),w)))))),v5)),mult(mult(x,mult(ld(x,y),mult(ld(z,ld(u,e)),mult(u,mult(z,w))))),v5)) = e.  [back_rewrite(2375),rewrite([2401(5),2401(40)])].
        2401 back demodulating 2367.
kept:      2435 mult(ld(x,ld(y,e)),mult(y,mult(x,ld(z,ld(u,mult(mult(u,z),w)))))) = mult(ld(x,ld(y,e)),mult(y,mult(x,ld(z,mult(ld(u,e),mult(mult(u,z),w)))))).  [back_rewrite(2367),rewrite([2401(8),2401(17),2416(22)])].
    new demodulator: 2435.
        2401 back demodulating 2365.
        2401 back demodulating 2364.
kept:      2436 mult(ld(x,ld(y,e)),mult(y,mult(x,ld(z,mult(ld(u,e),mult(mult(u,z),w)))))) = mult(ld(z,e),mult(u,mult(ld(u,z),mult(ld(x,ld(y,e)),mult(y,mult(x,w)))))).  [back_rewrite(2364),rewrite([2401(7),2416(12),2401(19)])].
        2401 back demodulating 2363.
kept:      2437 mult(ld(x,ld(y,e)),mult(y,mult(x,ld(z,mult(u,mult(ld(u,z),w)))))) = mult(ld(x,ld(y,e)),mult(y,mult(x,mult(ld(z,e),mult(u,mult(ld(u,z),w)))))).  [back_rewrite(2363),rewrite([2401(10)]),flip(a)].
    new demodulator: 2437.
        2401 back demodulating 2312.
kept:      2438 mult(ld(x,ld(y,e)),mult(y,mult(x,mult(ld(z,u),z)))) != mult(ld(x,ld(y,e)),mult(y,mult(x,u))) | mult(mult(ld(mult(y,mult(x,u)),mult(y,x)),z),mult(ld(x,ld(y,e)),mult(y,mult(x,u)))) = z.  [back_rewrite(2312),rewrite([2401(6),2401(12),2401(24)])].
        2401 back demodulating 2311.
kept:      2439 mult(ld(x,ld(y,e)),mult(y,mult(x,mult(mult(ld(mult(y,mult(x,z)),mult(y,x)),z),mult(ld(x,ld(y,e)),mult(y,mult(x,z))))))) = mult(ld(x,ld(y,e)),mult(y,mult(x,z))).  [back_rewrite(2311),rewrite([2401(10),2401(16),2401(22)])].
    new demodulator: 2439.
        2401 back demodulating 2307.
        2401 back demodulating 2290.
kept:      2440 mult(ld(x,ld(y,e)),mult(y,mult(x,mult(mult(mult(z,u),ld(mult(mult(ld(x,ld(y,e)),mult(y,mult(x,z))),u),w)),mult(ld(w,mult(mult(ld(x,ld(y,e)),mult(y,mult(x,z))),u)),ld(u,e)))))) = mult(w,mult(ld(w,mult(mult(ld(x,ld(y,e)),mult(y,mult(x,z))),u)),ld(u,e))).  [back_rewrite(2290),rewrite([2401(6),2401(15),2401(26),2401(32)])].
    new demodulator: 2440.
        2401 back demodulating 2289.
kept:      2441 mult(ld(x,ld(y,e)),mult(y,mult(x,mult(mult(mult(z,mult(ld(mult(y,mult(x,z)),mult(y,x)),u)),w),ld(w,ld(u,mult(ld(x,ld(y,e)),mult(y,mult(x,z))))))))) = mult(mult(u,w),ld(w,ld(u,mult(ld(x,ld(y,e)),mult(y,mult(x,z)))))).  [back_rewrite(2289),rewrite([2401(12),2401(20),2401(27)])].
    new demodulator: 2441.
        2401 back demodulating 2271.
kept:      2442 mult(ld(x,ld(y,e)),mult(y,mult(x,mult(ld(mult(ld(mult(y,mult(x,z)),mult(y,x)),u),z),mult(ld(mult(y,mult(x,z)),mult(y,x)),u))))) = mult(ld(u,mult(ld(x,ld(y,e)),mult(y,mult(x,z)))),u).  [back_rewrite(2271),rewrite([2401(16),2401(22)])].
    new demodulator: 2442.
        2401 back demodulating 2270.
kept:      2443 mult(mult(ld(x,y),mult(ld(z,ld(u,e)),mult(u,mult(z,y)))),ld(y,x)) = mult(ld(z,ld(u,e)),mult(u,mult(z,mult(ld(x,y),x)))).  [back_rewrite(2270),rewrite([2401(6),2401(13)]),flip(a)].
    new demodulator: 2443.
        2401 back demodulating 2177.
kept:      2444 mult(ld(mult(x,y),ld(z,e)),mult(mult(z,x),y)) != e | mult(ld(x,ld(z,e)),mult(z,mult(x,y))) = y.  [back_rewrite(2177),rewrite([2401(13)])].
        2401 back demodulating 2174.
        2401 back demodulating 2172.
kept:      2445 mult(ld(x,ld(y,e)),mult(y,mult(x,mult(mult(z,ld(u,e)),mult(u,ld(z,w)))))) = mult(ld(x,ld(y,e)),mult(y,mult(x,mult(mult(z,ld(u,e)),mult(u,mult(ld(z,e),w)))))).  [back_rewrite(2172),rewrite([2401(10)])].
        2401 back demodulating 2168.
kept:      2446 ld(mult(x,mult(y,mult(ld(y,ld(x,e)),z))),z) != e | mult(ld(y,ld(x,e)),mult(x,mult(y,ld(mult(x,y),z)))) = ld(mult(x,y),z).  [back_rewrite(2168),rewrite([2401(15)])].
        2401 back demodulating 2167.
kept:      2447 mult(ld(mult(x,ld(mult(y,x),z)),ld(y,e)),z) != e | mult(ld(x,ld(y,e)),mult(y,mult(x,ld(mult(y,x),z)))) = ld(mult(y,x),z).  [back_rewrite(2167),rewrite([2401(15)])].
        2401 back demodulating 2166.
kept:      2448 ld(mult(x,mult(y,mult(ld(y,ld(x,e)),mult(x,mult(y,mult(ld(z,ld(u,e)),mult(u,mult(z,w)))))))),mult(x,mult(y,mult(ld(z,ld(u,e)),mult(u,mult(z,w)))))) != e | mult(ld(y,ld(x,e)),mult(x,mult(y,mult(ld(z,ld(u,e)),mult(u,mult(z,mult(ld(y,ld(x,e)),mult(x,mult(y,w))))))))) = mult(ld(z,ld(u,e)),mult(u,mult(z,mult(ld(y,ld(x,e)),mult(x,mult(y,w)))))).  [back_rewrite(2166),rewrite([2401(7),2401(18),2401(33),2401(41),2401(50)])].
        2401 back demodulating 2165.
        2401 back demodulating 2164.
kept:      2449 mult(ld(x,ld(y,e)),mult(ld(x,ld(y,e)),mult(mult(mult(y,x),mult(y,mult(x,mult(ld(z,ld(u,e)),mult(u,mult(z,w)))))),mult(u,z)))) = mult(ld(z,ld(u,e)),mult(mult(u,mult(z,mult(ld(x,ld(y,e)),mult(y,mult(x,w))))),mult(u,z))).  [back_rewrite(2164),rewrite([2401(11),2401(27)])].
        2401 back demodulating 2163.
kept:      2450 mult(ld(x,mult(ld(y,ld(z,e)),mult(z,mult(y,mult(ld(u,ld(w,e)),mult(w,mult(u,v5))))))),x) = mult(ld(y,ld(z,e)),mult(z,mult(y,mult(ld(u,ld(w,e)),mult(w,mult(u,mult(ld(x,v5),x))))))).  [back_rewrite(2163),rewrite([2401(9),2401(21)]),flip(a)].
    new demodulator: 2450.
        2401 back demodulating 2162.
kept:      2451 mult(ld(x,ld(y,e)),mult(y,mult(x,mult(ld(z,mult(ld(u,ld(w,e)),mult(w,mult(u,v5)))),z)))) = mult(ld(x,ld(y,e)),mult(y,mult(x,mult(ld(u,ld(w,e)),mult(w,mult(u,mult(ld(z,v5),z))))))).  [back_rewrite(2162),rewrite([2401(5),2401(12),2401(21),2450(28)])].
    new demodulator: 2451.
        2401 back demodulating 2161.
        2401 back demodulating 2160.
kept:      2452 ld(mult(x,mult(y,mult(z,mult(ld(u,ld(w,e)),mult(w,mult(u,v5)))))),mult(mult(x,mult(y,z)),mult(ld(z,ld(y,e)),mult(y,mult(z,mult(ld(u,ld(w,e)),mult(w,mult(u,v5)))))))) != e | ld(mult(x,mult(y,z)),mult(x,mult(y,mult(z,mult(ld(u,ld(w,e)),mult(w,mult(u,v5))))))) = mult(ld(u,ld(w,e)),mult(w,mult(u,mult(ld(z,ld(y,e)),mult(y,mult(z,v5)))))).  [back_rewrite(2160),rewrite([2401(4),2401(18),2401(33),2401(46)])].
        2401 back demodulating 2159.
kept:      2453 mult(ld(x,ld(y,e)),mult(y,mult(x,mult(ld(z,ld(u,e)),mult(u,mult(z,mult(ld(w,ld(v5,e)),mult(v5,mult(w,v6))))))))) = mult(ld(w,ld(v5,e)),mult(v5,mult(w,mult(ld(x,ld(y,e)),mult(y,mult(x,mult(ld(z,ld(u,e)),mult(u,mult(z,v6))))))))).  [back_rewrite(2159),rewrite([2401(8),2401(16),2401(26),2401(34)])].
        2401 back demodulating 2158.
        2401 back demodulating 2157.
kept:      2454 ld(mult(x,mult(y,mult(ld(y,ld(x,e)),z))),z) != e | mult(ld(y,ld(x,e)),mult(x,mult(y,mult(ld(y,ld(x,e)),z)))) = mult(ld(y,ld(x,e)),z).  [back_rewrite(2157),rewrite([2401(17)])].
        2401 back demodulating 2142.
kept:      2455 mult(mult(mult(mult(ld(x,ld(y,e)),mult(y,mult(x,z))),u),ld(u,w)),ld(w,e)) = mult(ld(x,ld(y,e)),mult(y,mult(x,mult(mult(mult(z,u),ld(u,w)),ld(w,e))))).  [back_rewrite(2142),rewrite([2401(10),2401(16)]),flip(a)].
    new demodulator: 2455.
        2401 back demodulating 2141.
kept:      2456 mult(mult(mult(mult(ld(x,ld(y,e)),mult(y,mult(x,z))),mult(u,ld(w,e))),w),ld(u,e)) = mult(ld(x,ld(y,e)),mult(y,mult(x,mult(mult(mult(z,mult(u,ld(w,e))),w),ld(u,e))))).  [back_rewrite(2141),rewrite([2401(12),2401(18)]),flip(a)].
    new demodulator: 2456.
        2401 back demodulating 2130.
kept:      2457 mult(mult(mult(ld(x,ld(y,e)),mult(y,mult(x,z))),u),ld(mult(y,mult(x,mult(ld(u,z),u))),mult(y,x))) = u.  [back_rewrite(2130),rewrite([2401(4)])].
    new demodulator: 2457.
        2401 back demodulating 2123.
kept:      2458 mult(ld(x,ld(mult(mult(y,ld(z,ld(u,e))),u),y)),x) = mult(ld(u,mult(mult(u,z),ld(y,e))),mult(mult(y,ld(z,ld(u,e))),mult(u,mult(ld(x,z),x)))).  [back_rewrite(2123),rewrite([2401(14),1647(6),2260(6),2260(3),49(2)]),flip(a)].
    new demodulator: 2458.
        2401 back demodulating 2122.
kept:      2459 mult(ld(x,ld(mult(y,mult(z,ld(u,e))),mult(y,z))),x) = mult(mult(mult(u,ld(z,e)),ld(y,e)),mult(y,mult(mult(z,ld(u,e)),mult(ld(x,u),x)))).  [back_rewrite(2122),rewrite([2401(12),2241(6)]),flip(a)].
    new demodulator: 2459.
        2401 back demodulating 2121.
kept:      2460 ld(mult(mult(x,ld(mult(ld(y,z),y),ld(u,e))),u),x) = mult(ld(y,mult(ld(u,mult(mult(u,mult(ld(y,z),y)),ld(x,e))),mult(mult(x,ld(mult(ld(y,z),y),ld(u,e))),mult(u,z)))),y).  [back_rewrite(2121),rewrite([2401(16),1647(8),2260(8),2260(5),49(2)]),flip(a)].
    new demodulator: 2460.
        2401 back demodulating 2120.
kept:      2461 ld(mult(x,mult(y,ld(z,ld(u,z)))),mult(x,y)) = mult(ld(z,mult(ld(mult(y,ld(z,ld(u,z))),ld(x,e)),mult(x,mult(mult(y,ld(z,ld(u,z))),u)))),z).  [back_rewrite(2120),rewrite([2401(10)]),flip(a)].
    new demodulator: 2461.
        2401 back demodulating 2119.
kept:      2462 mult(ld(x,mult(ld(y,ld(z,e)),mult(z,mult(y,mult(u,ld(x,e)))))),x) = mult(ld(y,ld(z,e)),mult(z,mult(y,ld(x,u)))).  [back_rewrite(2119),rewrite([2401(5),2401(14)]),flip(a)].
    new demodulator: 2462.
        2401 back demodulating 1692.
kept:      2463 mult(mult(ld(x,ld(y,e)),mult(y,mult(x,mult(mult(mult(z,u),w),ld(w,ld(u,e)))))),mult(u,w)) = mult(mult(mult(ld(x,ld(y,e)),mult(y,mult(x,z))),u),w).  [back_rewrite(1692),rewrite([2401(10),2401(18)])].
        2401 back demodulating 1658.
kept:      2464 mult(ld(mult(x,y),mult(x,z)),mult(ld(mult(x,y),mult(x,z)),mult(ld(mult(mult(u,w),ld(w,ld(u,ld(mult(x,y),mult(x,z))))),ld(mult(x,z),mult(x,y))),ld(mult(x,z),mult(x,y))))) = mult(ld(z,ld(x,e)),mult(x,mult(z,mult(ld(y,z),mult(ld(y,z),mult(ld(mult(mult(u,w),ld(w,ld(u,ld(y,z)))),ld(z,y)),ld(z,y))))))).  [back_rewrite(1658),rewrite([2401(40)])].
    new demodulator: 2464.
        2401 back demodulating 1640.
kept:      2465 mult(ld(x,ld(y,e)),mult(y,mult(x,mult(ld(mult(y,mult(x,z)),mult(y,x)),mult(ld(mult(y,mult(x,z)),mult(y,x)),mult(z,mult(ld(x,ld(y,e)),mult(mult(y,mult(x,z)),mult(ld(x,ld(y,e)),mult(y,mult(x,z))))))))))) = mult(ld(x,ld(y,e)),mult(y,mult(x,z))).  [back_rewrite(1640),rewrite([2401(13),2401(19),1415(22),2401(28),2401(34)])].
    new demodulator: 2465.
        2401 back demodulating 1531.
kept:      2466 mult(ld(x,ld(y,e)),mult(y,mult(x,mult(x,mult(y,mult(x,x)))))) = mult(x,mult(y,mult(x,x))).  [back_rewrite(1531),rewrite([2401(7)])].
    new demodulator: 2466.
        2401 back demodulating 1304.
kept:      2467 mult(ld(x,ld(y,e)),mult(y,mult(x,ld(y,e)))) = ld(y,e).  [back_rewrite(1304),rewrite([2401(6)])].
    new demodulator: 2467.
        2401 back demodulating 1196.
        2401 back demodulating 1009.
kept:      2468 mult(ld(x,e),mult(ld(x,e),mult(mult(ld(y,ld(z,e)),mult(z,mult(y,x))),mult(x,x)))) = mult(ld(y,ld(z,e)),mult(z,mult(y,x))).  [back_rewrite(1009),rewrite([2401(8),2401(18)])].
    new demodulator: 2468.
        2401 back demodulating 1002.
kept:      2469 mult(mult(ld(x,ld(y,e)),mult(y,mult(x,z))),mult(u,u)) = mult(u,mult(u,mult(ld(x,ld(y,e)),mult(y,mult(x,mult(ld(u,e),mult(ld(u,e),mult(z,mult(u,u))))))))).  [back_rewrite(1002),rewrite([2401(12),2401(20)]),flip(a)].
        2401 back demodulating 989.
kept:      2470 mult(x,mult(mult(ld(y,ld(z,e)),mult(z,mult(y,mult(ld(x,u),x)))),x)) = mult(mult(ld(y,ld(z,e)),mult(z,mult(y,u))),mult(x,x)).  [back_rewrite(989),rewrite([2401(6),2401(14)])].
    new demodulator: 2470.
        2401 back demodulating 618.
kept:      2471 mult(ld(x,ld(y,e)),mult(y,mult(x,mult(y,mult(y,x))))) = mult(y,mult(y,x)).  [back_rewrite(618),rewrite([2401(6)])].
    new demodulator: 2471.
        2401 back demodulating 546.
kept:      2472 ld(mult(x,mult(x,mult(y,mult(z,ld(mult(x,mult(x,mult(y,z))),u))))),u) != e | mult(ld(z,ld(y,e)),mult(y,mult(z,ld(mult(x,mult(x,mult(y,z))),u)))) = ld(mult(x,mult(x,mult(y,z))),u).  [back_rewrite(546),rewrite([2401(19)])].
        2401 back demodulating 495.
kept:      2473 mult(ld(x,mult(ld(y,ld(z,e)),mult(z,mult(y,u)))),x) = mult(ld(y,ld(z,e)),mult(z,mult(y,mult(ld(x,u),x)))).  [back_rewrite(495),rewrite([2401(6),2401(12)]),flip(a)].
    new demodulator: 2473.
        2401 back demodulating 479.
        2401 back demodulating 478.
kept:      2474 mult(mult(x,y),mult(ld(y,ld(x,e)),mult(x,mult(y,mult(ld(z,u),z))))) = mult(x,mult(y,mult(ld(z,u),z))).  [back_rewrite(478),rewrite([2401(5),2473(9)])].
    new demodulator: 2474.
        2401 back demodulating 477.
kept:      2475 mult(mult(ld(x,ld(y,e)),mult(y,mult(x,z))),u) = mult(u,mult(ld(x,ld(y,e)),mult(y,mult(x,mult(ld(u,z),u))))).  [back_rewrite(477),rewrite([2401(6),2401(13)]),flip(a)].
        2401 back demodulating 474.
kept:      2476 ld(mult(x,y),mult(x,mult(z,y))) = mult(ld(y,ld(x,e)),mult(x,mult(z,y))).  [back_rewrite(474),rewrite([2401(8),2473(12),280(10)])].
    new demodulator: 2476.
        2401 back demodulating 473.
kept:      2477 mult(ld(x,ld(mult(y,z),mult(y,u))),x) = mult(ld(z,ld(y,e)),mult(y,mult(z,mult(ld(x,ld(z,u)),x)))).  [back_rewrite(473),rewrite([2401(7)]),flip(a)].
    new demodulator: 2477.
        2401 back demodulating 465.
        2401 back demodulating 463.
kept:      2478 mult(ld(x,ld(y,e)),mult(y,mult(x,mult(ld(z,u),z)))) != mult(ld(x,ld(y,e)),mult(y,mult(x,u))) | ld(mult(z,mult(ld(x,ld(y,e)),mult(y,mult(x,u)))),mult(mult(ld(x,ld(y,e)),mult(y,mult(x,u))),z)) = e.  [back_rewrite(463),rewrite([2401(6),2401(12),2401(19),2401(26)])].
        2401 back demodulating 462.
kept:      2479 mult(ld(x,ld(y,e)),mult(y,mult(x,mult(ld(z,mult(ld(u,w),u)),z)))) = mult(ld(x,ld(y,e)),mult(y,mult(x,mult(ld(u,mult(ld(z,w),z)),u)))).  [back_rewrite(462),rewrite([2401(6),2473(10),2401(14),2473(18),2473(20)])].
        2401 back demodulating 461.
        2401 back demodulating 460.
        2401 back demodulating 410.
        2401 back demodulating 409.
kept:      2480 ld(mult(x,mult(mult(ld(y,z),y),u)),mult(x,mult(mult(ld(y,z),y),mult(u,mult(ld(y,z),y))))) = mult(ld(mult(mult(ld(y,z),y),u),ld(x,e)),mult(x,mult(mult(ld(y,z),y),mult(u,mult(ld(y,z),y))))).  [back_rewrite(409),rewrite([2401(10),2473(14),162(12)]),flip(a)].
    new demodulator: 2480.
        2401 back demodulating 408.
kept:      2481 ld(mult(mult(mult(x,mult(ld(y,z),y)),u),x),mult(mult(x,mult(ld(y,z),y)),mult(u,mult(x,mult(ld(y,z),y))))) = mult(ld(y,mult(ld(x,ld(u,ld(mult(ld(y,z),y),ld(x,e)))),mult(mult(mult(x,mult(ld(y,z),y)),u),mult(x,z)))),y).  [back_rewrite(408),rewrite([2401(12),1647(6),1647(5)]),flip(a)].
    new demodulator: 2481.
        2401 back demodulating 407.
        2401 back demodulating 406.
kept:      2482 mult(ld(x,ld(mult(mult(mult(y,z),u),y),mult(mult(y,z),mult(u,mult(y,z))))),x) = mult(ld(y,ld(u,ld(z,ld(y,e)))),mult(mult(mult(y,z),u),mult(y,mult(ld(x,z),x)))).  [back_rewrite(406),rewrite([2401(10),1647(4),1647(3)]),flip(a)].
    new demodulator: 2482.
        2401 back demodulating 399.
kept:      2483 ld(mult(x,mult(y,mult(z,mult(ld(u,w),u)))),mult(mult(x,mult(y,z)),mult(ld(z,ld(y,e)),mult(y,mult(z,mult(ld(u,w),u)))))) != e | ld(mult(x,mult(y,z)),mult(x,mult(y,mult(z,mult(ld(u,w),u))))) = mult(ld(z,ld(y,e)),mult(y,mult(z,mult(ld(u,w),u)))).  [back_rewrite(399),rewrite([2401(11),2473(15),2401(33)])].
        2401 back demodulating 398.
kept:      2484 ld(mult(x,mult(mult(ld(y,ld(z,e)),mult(z,mult(y,u))),w)),mult(mult(x,w),mult(ld(y,ld(z,e)),mult(z,mult(y,mult(ld(w,u),w)))))) != e | mult(ld(w,ld(x,e)),mult(x,mult(mult(ld(y,ld(z,e)),mult(z,mult(y,u))),w))) = mult(ld(y,ld(z,e)),mult(z,mult(y,mult(ld(w,u),w)))).  [back_rewrite(398),rewrite([2401(4),2401(15),2401(26),2476(31),2401(37),2473(41)])].
        2401 back demodulating 397.
kept:      2485 mult(ld(x,mult(ld(y,ld(x,ld(z,x))),mult(mult(ld(x,z),x),mult(y,z)))),x) = mult(ld(x,z),x).  [back_rewrite(397),rewrite([2401(8),1647(4),2260(3),8(3)])].
    new demodulator: 2485.
        2401 back demodulating 396.
kept:      2486 mult(ld(x,ld(y,e)),mult(y,mult(x,mult(ld(z,y),z)))) = mult(ld(z,y),z).  [back_rewrite(396),rewrite([2401(6)])].
    new demodulator: 2486.
        2401 back demodulating 371.
kept:      2487 mult(mult(x,y),mult(mult(ld(y,ld(x,e)),mult(x,mult(y,mult(ld(z,u),z)))),mult(x,y))) = mult(mult(x,mult(y,mult(ld(z,u),z))),mult(x,y)).  [back_rewrite(371),rewrite([2401(5),2473(9)])].
    new demodulator: 2487.
        2401 back demodulating 355.
kept:      2488 ld(mult(x,mult(y,mult(ld(mult(x,y),z),mult(x,y)))),mult(z,mult(x,y))) != e | mult(ld(y,ld(x,e)),mult(x,mult(y,mult(ld(mult(x,y),z),mult(x,y))))) = mult(ld(mult(x,y),z),mult(x,y)).  [back_rewrite(355),rewrite([2401(19)])].
        2401 back demodulating 348.
kept:      2489 mult(ld(x,ld(y,e)),mult(y,mult(x,mult(z,mult(z,y))))) = mult(z,mult(z,y)).  [back_rewrite(348),rewrite([2401(6)])].
    new demodulator: 2489.
        2401 back demodulating 279.
        2401 back demodulating 224.
kept:      2490 ld(mult(x,mult(mult(x,y),z)),mult(x,mult(x,mult(y,z)))) != e | mult(ld(mult(x,y),ld(x,e)),mult(x,mult(mult(x,y),z))) = z.  [back_rewrite(224),rewrite([2401(15)])].
        2401 back demodulating 57.
kept:      2491 ld(mult(x,mult(y,ld(mult(x,y),z))),z) != e | mult(ld(y,ld(x,e)),mult(x,mult(y,ld(mult(x,y),z)))) = ld(mult(x,y),z).  [back_rewrite(57),rewrite([2401(13)])].
        2401 back demodulating 26.
        2401 back demodulating 24.
kept:      2492 ld(mult(x,mult(y,z)),mult(mult(x,y),z)) != e | mult(ld(y,ld(x,e)),mult(x,mult(y,z))) = z.  [back_rewrite(24),rewrite([2401(11)])].
        2401 back demodulating 18.
kept:      2493 l(x,y,z) = mult(ld(y,ld(z,e)),mult(z,mult(y,x))).  [back_rewrite(18),rewrite([2401(5)])].
    new demodulator: 2493.
    2402 back subsumes 2387.
    starting back demodulation with 2402.
    starting back demodulation with 2405.
    starting back demodulation with 2406.
    starting back demodulation with 2409.
    starting back demodulation with 2412.
    starting back demodulation with 2413.
    starting back demodulation with 2415.
    starting back demodulation with 2416.
    starting back demodulation with 2417.
    starting back demodulation with 2419.
    starting back demodulation with 2420.
    starting back demodulation with 2421.
    starting back demodulation with 2422.
    starting back demodulation with 2423.
    starting back demodulation with 2424.
    starting back demodulation with 2425.
    starting back demodulation with 2426.
    starting back demodulation with 2429.
    starting back demodulation with 2430.
    starting back demodulation with 2435.
    starting back demodulation with 2437.
        2437 back demodulating 2434.
kept:      2494 ld(mult(x,mult(ld(x,y),mult(ld(z,ld(u,e)),mult(u,mult(z,w))))),mult(y,mult(mult(ld(z,ld(u,e)),mult(u,mult(z,mult(ld(y,e),mult(x,mult(ld(x,y),w)))))),v5))) != v5 | ld(mult(y,mult(mult(ld(z,ld(u,e)),mult(u,mult(z,mult(ld(y,e),mult(x,mult(ld(x,y),w)))))),v5)),mult(mult(x,mult(ld(x,y),mult(ld(z,ld(u,e)),mult(u,mult(z,w))))),v5)) = e.  [back_rewrite(2434),rewrite([2437(19),2437(35)])].
        2437 back demodulating 2433.
kept:      2495 mult(ld(x,ld(y,e)),mult(y,mult(x,mult(ld(z,e),mult(u,mult(ld(u,z),w)))))) != mult(ld(x,ld(y,e)),mult(y,mult(x,w))) | ld(mult(u,mult(ld(u,z),mult(ld(x,ld(y,e)),mult(y,mult(x,w))))),mult(z,mult(ld(x,ld(y,e)),mult(y,mult(x,w))))) = e.  [back_rewrite(2433),rewrite([2437(10)])].
        2437 back demodulating 2431.
kept:      2496 mult(ld(x,ld(y,e)),mult(y,mult(x,mult(ld(z,ld(u,e)),mult(u,mult(z,mult(ld(x,e),mult(w,mult(ld(w,x),v5))))))))) != mult(ld(z,ld(u,e)),mult(u,mult(z,mult(ld(x,e),mult(w,mult(ld(w,x),v5)))))) | ld(mult(y,mult(w,mult(ld(w,x),mult(ld(z,ld(u,e)),mult(u,mult(z,v5)))))),mult(mult(y,x),mult(ld(z,ld(u,e)),mult(u,mult(z,mult(ld(x,e),mult(w,mult(ld(w,x),v5)))))))) = e.  [back_rewrite(2431),rewrite([2437(13),2437(28),2437(52)])].
        2437 back demodulating 2429.
        2437 back demodulating 2428.
kept:      2497 ld(mult(x,mult(mult(ld(y,ld(z,e)),mult(z,mult(y,mult(ld(x,e),mult(u,mult(ld(u,x),w)))))),v5)),mult(mult(u,mult(ld(u,x),mult(ld(y,ld(z,e)),mult(z,mult(y,w))))),v5)) != e | ld(mult(u,mult(ld(u,x),mult(ld(y,ld(z,e)),mult(z,mult(y,w))))),mult(x,mult(mult(ld(y,ld(z,e)),mult(z,mult(y,mult(ld(x,e),mult(u,mult(ld(u,x),w)))))),v5))) = v5.  [back_rewrite(2428),rewrite([2437(10),2437(46)])].
        2437 back demodulating 2427.
kept:      2498 ld(mult(x,mult(y,mult(ld(y,z),mult(ld(u,ld(w,e)),mult(w,mult(u,v5)))))),mult(mult(x,z),mult(ld(u,ld(w,e)),mult(w,mult(u,mult(ld(z,e),mult(y,mult(ld(y,z),v5)))))))) != e | mult(ld(u,ld(w,e)),mult(w,mult(u,mult(ld(z,ld(x,e)),mult(x,mult(y,mult(ld(y,z),v5))))))) = mult(ld(u,ld(w,e)),mult(w,mult(u,mult(ld(z,e),mult(y,mult(ld(y,z),v5)))))).  [back_rewrite(2427),rewrite([2437(21),2437(37)]),flip(b)].
        2437 back demodulating 2411.
kept:      2499 mult(ld(x,ld(y,e)),mult(y,mult(x,mult(ld(z,e),mult(u,mult(ld(u,z),w)))))) = mult(ld(z,e),mult(u,mult(ld(u,z),mult(ld(x,ld(y,e)),mult(y,mult(x,w)))))).  [back_rewrite(2411),rewrite([2437(10)])].
        2437 back demodulating 2410.
kept:      2500 mult(ld(x,ld(y,e)),mult(y,mult(x,ld(z,mult(ld(u,e),mult(mult(u,z),w)))))) = mult(ld(x,ld(y,e)),mult(y,mult(x,mult(ld(z,e),mult(u,mult(ld(u,z),w)))))).  [back_rewrite(2410),rewrite([2437(22)])].
        2437 back demodulating 2408.
kept:      2501 mult(x,mult(ld(y,ld(z,e)),mult(z,mult(y,mult(ld(x,e),mult(u,mult(ld(u,x),w))))))) = mult(u,mult(ld(u,x),mult(ld(y,ld(z,e)),mult(z,mult(y,w))))).  [back_rewrite(2408),rewrite([2437(10)])].
        2437 back demodulating 2407.
kept:      2502 mult(ld(x,ld(y,e)),mult(y,mult(x,mult(ld(z,e),mult(u,mult(ld(u,z),ld(x,w))))))) = mult(ld(x,ld(y,e)),mult(y,mult(x,mult(ld(z,e),mult(u,mult(ld(u,z),mult(ld(x,e),w))))))).  [back_rewrite(2407),rewrite([2437(11),2437(26)])].
        2437 back demodulating 2405.
kept:      2503 ld(x,mult(y,mult(ld(y,x),z))) = mult(ld(u,ld(z,e)),mult(z,mult(u,mult(ld(x,e),mult(y,mult(ld(y,x),z)))))).  [back_rewrite(2405),rewrite([2437(10)]),flip(a)].
        2437 back demodulating 2404.
kept:      2504 mult(mult(x,mult(ld(x,y),mult(ld(z,ld(u,e)),mult(u,mult(z,w))))),y) = mult(y,mult(mult(ld(z,ld(u,e)),mult(u,mult(z,mult(ld(y,e),mult(x,mult(ld(x,y),w)))))),y)).  [back_rewrite(2404),rewrite([2437(20)])].
        2437 back demodulating 2403.
kept:      2505 mult(ld(x,ld(y,e)),mult(y,mult(x,mult(ld(z,e),mult(u,mult(ld(u,z),mult(ld(x,e),mult(w,x)))))))) = mult(ld(x,ld(y,e)),mult(y,mult(x,mult(ld(z,e),mult(u,mult(ld(u,z),mult(ld(x,w),x))))))).  [back_rewrite(2403),rewrite([2437(14),2437(28)])].
        2437 back demodulating 2402.
kept:      2506 ld(x,mult(y,mult(ld(y,x),mult(ld(z,ld(u,e)),mult(u,mult(z,w)))))) = mult(ld(z,ld(u,e)),mult(u,mult(z,mult(ld(x,e),mult(y,mult(ld(y,x),w)))))).  [back_rewrite(2402),rewrite([2437(20)])].
    new demodulator: 2506.
        2437 back demodulating 2400.
kept:      2507 mult(mult(x,y),mult(ld(y,ld(x,e)),mult(x,mult(y,mult(ld(z,e),mult(u,mult(ld(u,z),w))))))) = mult(x,mult(y,ld(z,mult(u,mult(ld(u,z),w))))).  [back_rewrite(2400),rewrite([2437(11)])].
        2437 back demodulating 2397.
kept:      2508 ld(mult(x,mult(y,mult(z,ld(u,mult(w,mult(ld(w,u),v5)))))),mult(mult(x,mult(y,z)),mult(ld(z,ld(y,e)),mult(y,mult(z,mult(ld(u,e),mult(w,mult(ld(w,u),v5)))))))) != e | ld(mult(x,mult(y,z)),mult(x,mult(y,mult(z,ld(u,mult(w,mult(ld(w,u),v5))))))) = mult(ld(z,ld(y,e)),mult(y,mult(z,mult(ld(u,e),mult(w,mult(ld(w,u),v5)))))).  [back_rewrite(2397),rewrite([2437(19),2437(45)])].
        2437 back demodulating 2394.
kept:      2509 mult(mult(x,mult(y,ld(z,mult(u,mult(ld(u,z),w))))),mult(x,y)) = mult(mult(x,y),mult(mult(ld(y,ld(x,e)),mult(x,mult(y,mult(ld(z,e),mult(u,mult(ld(u,z),w)))))),mult(x,y))).  [back_rewrite(2394),rewrite([2437(11)]),flip(a)].
        2437 back demodulating 2393.
kept:      2510 mult(ld(x,ld(y,e)),mult(y,mult(x,ld(z,mult(u,mult(w,ld(u,z))))))) = mult(ld(x,ld(y,e)),mult(y,mult(x,mult(ld(z,e),mult(u,mult(ld(u,z),mult(mult(ld(z,u),w),ld(u,z)))))))).  [back_rewrite(2393),rewrite([2437(14)]),flip(a)].
    new demodulator: 2510.
        2437 back demodulating 2392.
kept:      2511 ld(mult(mult(x,y),mult(mult(ld(y,ld(x,e)),mult(x,mult(y,mult(ld(z,e),mult(u,mult(ld(u,z),w)))))),v5)),mult(mult(x,mult(y,ld(z,mult(u,mult(ld(u,z),w))))),v5)) != e | ld(mult(x,mult(y,ld(z,mult(u,mult(ld(u,z),w))))),mult(mult(x,y),mult(mult(ld(y,ld(x,e)),mult(x,mult(y,mult(ld(z,e),mult(u,mult(ld(u,z),w)))))),v5))) = v5.  [back_rewrite(2392),rewrite([2437(11),2437(42)])].
        2437 back demodulating 2390.
kept:      2512 ld(mult(x,mult(y,mult(ld(y,ld(x,e)),mult(x,mult(y,mult(ld(z,e),mult(u,mult(ld(u,z),w)))))))),mult(x,mult(y,ld(z,mult(u,mult(ld(u,z),w)))))) != e | mult(ld(y,ld(x,e)),mult(x,mult(y,mult(ld(y,ld(x,e)),mult(x,mult(y,mult(ld(z,e),mult(u,mult(ld(u,z),w))))))))) = mult(ld(y,ld(x,e)),mult(x,mult(y,mult(ld(z,e),mult(u,mult(ld(u,z),w)))))).  [back_rewrite(2390),rewrite([2437(10),2437(36),2437(51)])].
        2437 back demodulating 2385.
kept:      2513 ld(x,mult(y,mult(ld(y,x),z))) = mult(ld(z,ld(u,e)),mult(u,mult(z,mult(ld(x,e),mult(y,mult(ld(y,x),z)))))).  [back_rewrite(2385),rewrite([2437(10)]),flip(a)].
        2437 back demodulating 2377.
kept:      2514 ld(mult(x,mult(y,z)),mult(x,mult(y,mult(z,ld(u,mult(w,mult(ld(w,u),v5))))))) != mult(ld(z,ld(y,e)),mult(y,mult(z,mult(ld(u,e),mult(w,mult(ld(w,u),v5)))))) | ld(mult(x,mult(y,mult(z,ld(u,mult(w,mult(ld(w,u),v5)))))),mult(mult(x,mult(y,z)),mult(ld(z,ld(y,e)),mult(y,mult(z,mult(ld(u,e),mult(w,mult(ld(w,u),v5)))))))) = e.  [back_rewrite(2377),rewrite([2437(20),2437(42)])].
        2437 back demodulating 2374.
kept:      2515 ld(mult(x,mult(y,ld(z,mult(u,mult(ld(u,z),w))))),mult(mult(x,y),mult(mult(ld(y,ld(x,e)),mult(x,mult(y,mult(ld(z,e),mult(u,mult(ld(u,z),w)))))),v5))) != v5 | ld(mult(mult(x,y),mult(mult(ld(y,ld(x,e)),mult(x,mult(y,mult(ld(z,e),mult(u,mult(ld(u,z),w)))))),v5)),mult(mult(x,mult(y,ld(z,mult(u,mult(ld(u,z),w))))),v5)) = e.  [back_rewrite(2374),rewrite([2437(17),2437(34)])].
        2437 back demodulating 2373.
kept:      2516 ld(x,mult(y,mult(ld(y,x),ld(mult(z,u),mult(z,w))))) = mult(ld(u,ld(z,e)),mult(z,mult(u,mult(ld(x,e),mult(y,mult(ld(y,x),mult(ld(u,e),w))))))).  [back_rewrite(2373),rewrite([2437(20)])].
    new demodulator: 2516.
    starting back demodulation with 2439.
    starting back demodulation with 2440.
    starting back demodulation with 2441.
    starting back demodulation with 2442.
    starting back demodulation with 2443.
    starting back demodulation with 2450.
    starting back demodulation with 2451.
    starting back demodulation with 2455.
    starting back demodulation with 2456.
    starting back demodulation with 2457.
    starting back demodulation with 2458.
    starting back demodulation with 2459.
    starting back demodulation with 2460.
    starting back demodulation with 2461.
    starting back demodulation with 2462.
    starting back demodulation with 2464.
    starting back demodulation with 2465.
    starting back demodulation with 2466.
    starting back demodulation with 2467.
    starting back demodulation with 2468.
    starting back demodulation with 2470.
    starting back demodulation with 2471.
    starting back demodulation with 2473.
        2473 back demodulating 2462.
        2473 back demodulating 2461.
kept:      2517 ld(mult(x,mult(y,ld(z,ld(u,z)))),mult(x,y)) = mult(ld(mult(y,ld(z,ld(u,z))),ld(x,e)),mult(x,mult(mult(y,ld(z,ld(u,z))),mult(ld(z,u),z)))).  [back_rewrite(2461),rewrite([2473(20)])].
    new demodulator: 2517.
        2473 back demodulating 2451.
        2473 back demodulating 2450.
        2473 back demodulating 2442.
kept:      2518 mult(ld(x,ld(y,e)),mult(y,mult(x,mult(ld(mult(ld(mult(y,mult(x,z)),mult(y,x)),u),z),mult(ld(mult(y,mult(x,z)),mult(y,x)),u))))) = mult(ld(x,ld(y,e)),mult(y,mult(x,mult(ld(u,z),u)))).  [back_rewrite(2442),rewrite([2473(26)])].
    new demodulator: 2518.
        2473 back demodulating 2418.
kept:      2519 mult(ld(x,ld(y,e)),mult(y,mult(x,ld(z,mult(u,mult(w,mult(u,z))))))) = mult(ld(x,ld(y,e)),mult(y,mult(x,mult(ld(z,mult(u,mult(w,u))),z)))).  [back_rewrite(2418),rewrite([2473(20)])].
    new demodulator: 2519.
    starting back demodulation with 2474.
    starting back demodulation with 2476.
        2476 back demodulating 2417.
kept:      2520 mult(ld(x,ld(y,e)),mult(y,mult(mult(ld(z,ld(u,e)),mult(u,mult(z,w))),x))) = mult(ld(z,ld(u,e)),mult(u,mult(z,mult(ld(x,ld(y,e)),mult(y,mult(w,x)))))).  [back_rewrite(2417),rewrite([2476(10),2476(19)])].
        2476 back demodulating 2254.
        2476 back demodulating 2253.
kept:      2521 mult(ld(mult(x,mult(x,x)),ld(y,e)),mult(y,mult(x,mult(x,mult(x,x))))) = x.  [back_rewrite(2253),rewrite([2476(8)])].
    new demodulator: 2521.
        2476 back demodulating 502.
kept:      2522 mult(ld(x,mult(ld(y,ld(z,e)),mult(z,mult(u,y)))),x) = mult(ld(y,ld(z,e)),mult(z,mult(mult(ld(x,u),x),y))).  [back_rewrite(502),rewrite([2476(6),2476(12)]),flip(a)].
    new demodulator: 2522.
        2476 back demodulating 400.
kept:      2523 ld(mult(x,mult(mult(ld(y,z),y),u)),mult(mult(x,u),mult(ld(y,mult(ld(u,z),u)),y))) != e | mult(ld(u,ld(x,e)),mult(x,mult(mult(ld(y,z),y),u))) = mult(ld(u,mult(ld(y,z),y)),u).  [back_rewrite(400),rewrite([2476(19)])].
        2476 back demodulating 357.
kept:      2524 mult(ld(x,ld(y,e)),mult(y,mult(z,x))) != mult(ld(x,z),x) | ld(mult(y,mult(z,x)),mult(mult(y,x),mult(ld(x,z),x))) = e.  [back_rewrite(357),rewrite([2476(4)])].
        2476 back demodulating 353.
kept:      2525 ld(mult(x,mult(y,z)),mult(mult(x,z),mult(ld(z,y),z))) != e | mult(ld(z,ld(x,e)),mult(x,mult(y,z))) = mult(ld(z,y),z).  [back_rewrite(353),rewrite([2476(13)])].
    starting back demodulation with 2477.
        2477 back demodulating 2459.
        2477 back demodulating 2280.
kept:      2526 mult(mult(x,mult(y,mult(ld(z,u),z))),mult(ld(mult(y,u),ld(x,e)),mult(x,mult(mult(y,u),mult(ld(z,ld(u,e)),z))))) = mult(x,y).  [back_rewrite(2280),rewrite([2477(10),1644(11)])].
    new demodulator: 2526.
        2477 back demodulating 443.
kept:      2527 ld(mult(x,mult(y,mult(z,y))),mult(x,mult(y,mult(z,mult(y,mult(ld(u,w),u)))))) = mult(ld(mult(y,mult(z,y)),ld(x,e)),mult(x,mult(y,mult(z,mult(y,mult(ld(u,w),u)))))).  [back_rewrite(443),rewrite([2477(20),163(23),209(20)])].
    new demodulator: 2527.
        2477 back demodulating 440.
kept:      2528 ld(mult(x,mult(y,mult(x,z))),mult(x,mult(y,mult(x,mult(z,mult(ld(u,w),u)))))) = mult(ld(mult(y,mult(x,z)),ld(x,e)),mult(x,mult(mult(y,mult(x,z)),mult(ld(mult(x,z),ld(y,e)),mult(y,mult(x,mult(z,mult(ld(u,w),u)))))))).  [back_rewrite(440),rewrite([2477(20),2477(25),2401(26),2473(30),2474(31)])].
    new demodulator: 2528.
        2477 back demodulating 435.
kept:      2529 ld(mult(x,mult(y,mult(y,z))),mult(x,mult(y,mult(y,mult(z,mult(ld(u,w),u)))))) = mult(ld(mult(y,mult(y,z)),ld(x,e)),mult(x,mult(y,mult(y,mult(z,mult(ld(u,w),u)))))).  [back_rewrite(435),rewrite([2477(20),333(23),9(19),46(20)])].
    new demodulator: 2529.
        2477 back demodulating 423.
kept:      2530 ld(mult(x,mult(y,y)),mult(x,mult(y,mult(y,mult(ld(z,u),z))))) = mult(ld(z,u),z).  [back_rewrite(423),rewrite([2477(16),1012(12),1012(21),640(24),640(21),161(20),46(22),640(20),640(17),640(14)])].
    new demodulator: 2530.
    starting back demodulation with 2480.
    starting back demodulation with 2481.
    starting back demodulation with 2482.
    starting back demodulation with 2485.
    starting back demodulation with 2486.
    starting back demodulation with 2487.
    starting back demodulation with 2489.
    starting back demodulation with 2493.
    starting back demodulation with 2506.
    starting back demodulation with 2510.
    starting back demodulation with 2516.
    starting back demodulation with 2517.
    starting back demodulation with 2518.
    starting back demodulation with 2519.
    starting back demodulation with 2521.
    starting back demodulation with 2522.
    starting back demodulation with 2526.
    starting back demodulation with 2527.
    starting back demodulation with 2528.
    starting back demodulation with 2529.
    starting back demodulation with 2530.

given #122 (F,wt=17): 2050 ld(c1,mult(c2,ld(c1,c3))) != mult(mult(ld(c1,c2),ld(c1,e)),c3).  [back_rewrite(880),rewrite([1643(4),1647(8),663(8),1810(7),1854(13)]),flip(a)].
kept:      2531 ld(c1,mult(c2,ld(c1,c3))) != mult(ld(c1,e),mult(c2,mult(ld(c1,e),c3))).  [para(664(a,1),2050(a,2,1,1)),rewrite([162(16),209(18)])].

given #123 (F,wt=19): 2049 ld(c1,mult(c2,mult(ld(c1,e),c3))) != mult(mult(ld(c1,c2),ld(c1,e)),c3).  [back_rewrite(881),rewrite([1643(4),1647(8),663(8),1810(7),1854(13)]),flip(a)].
kept:      2532 ld(c1,mult(c2,mult(ld(c1,e),c3))) != mult(ld(c1,e),mult(c2,mult(ld(c1,e),c3))).  [para(664(a,1),2049(a,2,1,1)),rewrite([162(18),209(20)])].

============================== PROOF =================================

% Proof 1 at 0.26 (+ 0.04) seconds.
% Length of proof is 89.
% Level of proof is 22.
% Maximum clause weight is 33.000.
% Given clauses 123.

1 a(v0,v1,v2) = e -> l(v2,v1,v0) = v2 # label(non_clause).  [assumption].
6 mult(ld(v0,rd(v1,v0)),v2) = mult(ld(v0,e),mult(v0,mult(ld(v0,e),mult(v1,mult(ld(v0,e),mult(v0,ld(v0,v2))))))) # label(non_clause) # label(goal).  [goal].
7 mult(e,x) = x.  [assumption].
8 mult(x,e) = x.  [assumption].
9 ld(x,mult(x,y)) = y.  [assumption].
10 mult(x,ld(x,y)) = y.  [assumption].
11 rd(mult(x,y),y) = x.  [assumption].
12 mult(rd(x,y),y) = x.  [assumption].
13 ld(mult(x,mult(y,z)),mult(mult(x,y),z)) = a(x,y,z).  [assumption].
14 a(x,y,z) = ld(mult(x,mult(y,z)),mult(mult(x,y),z)).  [copy(13),flip(a)].
17 ld(mult(x,y),mult(x,mult(y,z))) = l(z,y,x).  [assumption].
18 l(x,y,z) = ld(mult(z,y),mult(z,mult(y,x))).  [copy(17),flip(a)].
23 a(x,y,z) != e | l(z,y,x) = z.  [clausify(1)].
24 ld(mult(x,mult(y,z)),mult(mult(x,y),z)) != e | ld(mult(x,y),mult(x,mult(y,z))) = z.  [copy(23),rewrite([14(1),18(8)])].
45 mult(mult(mult(x,y),x),z) = mult(x,mult(y,mult(x,z))).  [assumption].
46 mult(mult(x,mult(x,y)),z) = mult(x,mult(x,mult(y,z))).  [assumption].
47 mult(ld(c1,rd(c2,c1)),c3) != mult(ld(c1,e),mult(c1,mult(ld(c1,e),mult(c2,mult(ld(c1,e),mult(c1,ld(c1,c3))))))).  [deny(6)].
48 mult(ld(c1,rd(c2,c1)),c3) != mult(ld(c1,e),mult(c1,mult(ld(c1,e),mult(c2,mult(ld(c1,e),c3))))).  [copy(47),rewrite([10(23)])].
49 ld(e,x) = x.  [para(7(a,1),9(a,1,2))].
50 ld(x,x) = e.  [para(8(a,1),9(a,1,2))].
51 rd(x,x) = e.  [para(7(a,1),11(a,1,1))].
53 rd(x,ld(y,x)) = y.  [para(10(a,1),11(a,1,1))].
58 ld(mult(x,y),mult(mult(x,rd(y,z)),z)) != e | ld(mult(x,rd(y,z)),mult(x,y)) = z.  [para(12(a,1),24(a,1,1,2)),rewrite([12(11)])].
161 mult(mult(x,x),y) = mult(x,mult(x,y)).  [para(7(a,1),45(a,2,2)),rewrite([8(2)])].
162 mult(mult(x,y),x) = mult(x,mult(y,x)).  [para(45(a,1),8(a,1)),rewrite([8(2)]),flip(a)].
165 mult(x,mult(ld(x,y),mult(x,z))) = mult(mult(y,x),z).  [para(10(a,1),45(a,1,1,1)),flip(a)].
168 mult(mult(x,rd(x,y)),z) = mult(rd(x,y),mult(y,mult(rd(x,y),z))).  [para(12(a,1),45(a,1,1,1))].
209 mult(mult(x,mult(y,x)),z) = mult(x,mult(y,mult(x,z))).  [back_rewrite(45),rewrite([162(2)])].
251 ld(mult(x,x),mult(x,mult(x,y))) = y.  [para(161(a,1),9(a,1,2))].
279 ld(mult(x,y),mult(x,mult(y,x))) = x.  [para(162(a,1),9(a,1,2))].
280 mult(x,mult(ld(x,y),x)) = mult(y,x).  [para(10(a,1),162(a,1,1)),flip(a)].
281 rd(mult(x,mult(y,x)),x) = mult(x,y).  [para(162(a,1),11(a,1,1))].
313 ld(mult(x,x),mult(x,y)) = ld(x,y).  [para(10(a,1),251(a,1,2,2))].
343 ld(mult(x,rd(y,x)),mult(x,y)) = x.  [para(12(a,1),279(a,1,2,2))].
351 ld(x,mult(y,x)) = mult(ld(x,y),x).  [para(280(a,1),9(a,1,2))].
391 mult(x,mult(mult(ld(x,y),x),x)) = mult(mult(y,x),x).  [para(280(a,1),162(a,1,1)),flip(a)].
516 rd(mult(x,y),x) = mult(x,rd(y,x)).  [para(12(a,1),281(a,1,1,2))].
519 ld(mult(x,x),y) = ld(x,ld(x,y)).  [para(10(a,1),313(a,1,2))].
551 ld(mult(x,rd(e,x)),x) = x.  [para(8(a,1),343(a,1,2))].
564 mult(x,rd(e,x)) = e.  [para(551(a,1),53(a,1,2)),rewrite([51(1)]),flip(a)].
567 rd(e,x) = ld(x,e).  [para(564(a,1),9(a,1,2)),flip(a)].
575 mult(ld(x,e),x) = e.  [para(53(a,1),564(a,1,2))].
604 mult(ld(x,e),mult(ld(x,e),mult(x,y))) = mult(ld(x,e),y).  [para(575(a,1),46(a,1,1,2)),rewrite([8(4)]),flip(a)].
609 mult(mult(ld(x,e),rd(x,y)),y) != e | ld(mult(ld(x,e),rd(x,y)),e) = y.  [para(575(a,1),58(a,1,1)),rewrite([49(7),575(14)])].
612 mult(ld(x,rd(y,x)),x) = ld(x,y).  [para(12(a,1),351(a,1,2)),flip(a)].
617 mult(ld(x,e),mult(x,x)) = x.  [para(351(a,1),279(a,1)),rewrite([519(2),50(1)])].
640 mult(ld(x,e),mult(x,y)) = y.  [para(617(a,1),46(a,1,1,2)),rewrite([575(3),7(2),161(6),604(8)]),flip(a)].
652 mult(ld(c1,rd(c2,c1)),c3) != mult(ld(c1,e),mult(c2,mult(ld(c1,e),c3))).  [back_rewrite(48),rewrite([640(24)])].
663 ld(ld(x,e),y) = mult(x,y).  [para(640(a,1),9(a,1,2))].
664 ld(x,y) = mult(ld(x,e),y).  [para(10(a,1),640(a,1,2)),flip(a)].
665 rd(x,mult(y,x)) = ld(y,e).  [para(640(a,1),11(a,1,1))].
666 mult(ld(rd(x,y),e),x) = y.  [para(12(a,1),640(a,1,2))].
675 mult(mult(ld(x,e),y),z) = mult(ld(x,e),mult(ld(x,e),mult(mult(x,y),z))).  [para(640(a,1),46(a,1,1,2))].
697 mult(ld(x,e),mult(ld(x,e),mult(rd(x,y),mult(y,x)))) != e | ld(mult(ld(x,e),rd(x,y)),e) = y.  [back_rewrite(609),rewrite([675(5),168(7),12(7)])].
753 mult(ld(x,ld(x,e)),y) = mult(ld(x,e),mult(ld(x,e),y)).  [para(664(a,2),161(a,1,1))].
787 mult(ld(c1,rd(c2,c1)),c3) != ld(c1,mult(c2,mult(ld(c1,e),c3))).  [para(664(a,2),652(a,2))].
800 rd(x,y) = ld(rd(y,x),e).  [para(12(a,1),665(a,1,2))].
876 mult(rd(x,y),mult(rd(y,x),z)) = z.  [para(800(a,2),640(a,1,1))].
881 mult(ld(c1,ld(rd(c1,c2),e)),c3) != ld(c1,mult(c2,mult(ld(c1,e),c3))).  [para(800(a,1),787(a,1,1,2))].
973 mult(mult(x,y),y) = mult(x,mult(y,y)).  [para(519(a,1),280(a,1,2,1)),rewrite([161(6),165(5),391(4)])].
978 ld(x,ld(x,y)) = mult(ld(x,e),mult(ld(x,e),y)).  [para(519(a,1),664(a,1)),rewrite([519(5),753(6)])].
1012 ld(mult(x,x),y) = mult(ld(x,e),mult(ld(x,e),y)).  [back_rewrite(519),rewrite([978(4)])].
1061 rd(ld(x,y),x) = ld(x,rd(y,x)).  [para(612(a,1),11(a,1,1))].
1198 rd(mult(x,mult(y,y)),y) = mult(x,y).  [para(973(a,1),11(a,1,1))].
1199 mult(rd(x,y),mult(y,y)) = mult(x,y).  [para(12(a,1),973(a,1,1)),flip(a)].
1305 mult(rd(x,mult(y,y)),y) = rd(x,y).  [para(12(a,1),1198(a,1,1)),flip(a)].
1310 rd(x,y) = mult(ld(rd(mult(y,y),x),e),y).  [para(666(a,1),1198(a,1,1))].
1313 rd(mult(x,y),mult(y,y)) = rd(x,y).  [para(1199(a,1),11(a,1,1))].
1340 mult(rd(x,y),mult(y,x)) = mult(x,x).  [para(1199(a,1),876(a,1,2))].
1347 ld(mult(ld(x,e),rd(x,y)),e) = y.  [back_rewrite(697),rewrite([1340(7),640(6),575(3)]),xx(a)].
1349 rd(rd(x,y),y) = rd(x,mult(y,y)).  [para(1305(a,1),11(a,1,1))].
1367 ld(mult(rd(x,mult(y,y)),rd(y,rd(x,mult(y,y)))),rd(x,y)) = rd(x,mult(y,y)).  [para(1305(a,1),343(a,1,2))].
1370 mult(ld(x,rd(y,mult(x,x))),x) = ld(x,rd(y,x)).  [para(1305(a,1),351(a,1,2)),flip(a)].
1378 rd(rd(x,y),rd(x,mult(y,y))) = mult(rd(x,mult(y,y)),rd(y,rd(x,mult(y,y)))).  [para(1305(a,1),516(a,1,1))].
1461 rd(ld(x,y),mult(x,x)) = ld(x,rd(y,mult(x,x))).  [para(612(a,1),1313(a,1,1)),rewrite([1061(6),1349(5)])].
1617 ld(ld(x,rd(x,y)),e) = y.  [para(664(a,2),1347(a,1,1))].
1626 ld(x,rd(x,y)) = ld(y,e).  [para(1617(a,1),53(a,1,2)),rewrite([567(2)]),flip(a)].
1627 ld(ld(x,y),e) = ld(y,x).  [para(53(a,1),1617(a,1,1,2))].
1643 rd(x,y) = mult(x,ld(y,e)).  [para(1626(a,1),10(a,1,2)),flip(a)].
1644 ld(mult(x,y),x) = ld(y,e).  [para(11(a,1),1626(a,1,2))].
1647 ld(mult(x,y),e) = ld(y,ld(x,e)).  [para(665(a,1),1626(a,1,2)),flip(a)].
1756 ld(x,mult(y,mult(ld(x,e),ld(x,e)))) = mult(ld(x,y),mult(ld(x,e),ld(x,e))).  [back_rewrite(1461),rewrite([1643(3),1012(4),8(7),1643(9),1012(10),8(13)]),flip(a)].
1804 mult(mult(x,mult(ld(y,e),ld(y,e))),mult(y,mult(y,mult(y,ld(x,e))))) = mult(mult(x,ld(y,e)),mult(y,mult(y,ld(x,e)))).  [back_rewrite(1378),rewrite([1643(1),1643(5),1012(6),8(9),1643(10),1647(11),1012(11),1627(7),49(5),1627(7),49(5),1643(10),1012(11),8(14),1643(16),1012(17),8(20),1643(21),1647(22),1012(22),1627(18),49(16),1627(18),49(16)]),flip(a)].
1810 ld(x,mult(y,ld(x,e))) = mult(mult(ld(x,y),mult(ld(x,e),ld(x,e))),x).  [back_rewrite(1370),rewrite([1643(2),1012(3),8(6),1756(7),1643(9)]),flip(a)].
1813 ld(mult(x,ld(y,e)),ld(x,e)) = mult(y,mult(ld(x,e),ld(x,e))).  [back_rewrite(1367),rewrite([1643(2),1012(3),8(6),1643(8),1012(9),8(12),1643(13),1647(14),1012(14),1627(10),49(8),1627(10),49(8),1804(12),1643(9),1644(12),1647(6),1643(8),1012(9),8(12)])].
1854 mult(mult(x,mult(ld(y,e),ld(y,e))),y) = mult(x,ld(y,e)).  [back_rewrite(1310),rewrite([1643(1),1643(5),161(7),1647(9),1813(9)]),flip(a)].
2049 ld(c1,mult(c2,mult(ld(c1,e),c3))) != mult(mult(ld(c1,c2),ld(c1,e)),c3).  [back_rewrite(881),rewrite([1643(4),1647(8),663(8),1810(7),1854(13)]),flip(a)].
2532 ld(c1,mult(c2,mult(ld(c1,e),c3))) != mult(ld(c1,e),mult(c2,mult(ld(c1,e),c3))).  [para(664(a,1),2049(a,2,1,1)),rewrite([162(18),209(20)])].
2533 $F.  [resolve(2532,a,664,a)].

============================== end of proof ==========================

============================== STATISTICS ============================

Given=123. Generated=5905. Kept=2509. proofs=1.
Usable=25. Sos=758. Demods=345. Limbo=0, Disabled=1750. Hints=0.
Kept_by_rule=0, Deleted_by_rule=52.
Forward_subsumed=3344. Back_subsumed=57.
Sos_limit_deleted=0. Sos_displaced=0. Sos_removed=0.
New_demodulators=1190 (2 lex), Back_demodulated=1668. Back_unit_deleted=0.
Demod_attempts=121678. Demod_rewrites=15645.
Res_instance_prunes=0. Para_instance_prunes=0. Basic_paramod_prunes=0.
Nonunit_fsub_feature_tests=44472. Nonunit_bsub_feature_tests=45181.
Megabytes=6.70.
User_CPU=0.26, System_CPU=0.04, Wall_clock=0.

============================== end of statistics =====================

============================== end of search =========================

THEOREM PROVED

Exiting with 1 proof.

Process 64766 exit (max_proofs) Mon Aug 31 19:29:13 2026
