============================== Prover9 ===============================
Prover9 (64) version 2009-11A, November 2009.
Process 64518 was started by guya on CM-JRV4H50YKP,
Mon Aug 31 19:28:51 2026
The command was "/Users/guya/LADR-2009-11A//bin/prover9 -f /tmp/p9_hint07_d4.in".
============================== end of head ===========================

============================== INPUT =================================

% Reading from file /tmp/p9_hint07_d4.in

assign(max_seconds,60).
set(print_kept).

formulas(assumptions).
mult(e,v0) = v0.
mult(v0,e) = v0.
ld(v0,mult(v0,v1)) = v1.
mult(v0,ld(v0,v1)) = v1.
rd(mult(v0,v1),v1) = v0.
mult(rd(v0,v1),v1) = v0.
ld(mult(v0,mult(v1,v2)),mult(mult(v0,v1),v2)) = a(v0,v1,v2).
ld(mult(v0,v1),mult(v1,v0)) = k(v1,v0).
ld(mult(v0,v1),mult(v0,mult(v1,v2))) = l(v2,v1,v0).
rd(mult(mult(v0,v1),v2),mult(v1,v2)) = r(v0,v1,v2).
ld(v0,mult(v1,v0)) = t(v1,v0).
a(v0,v1,v2) = e -> l(v2,v1,v0) = v2.
l(v0,v1,v2) = v0 -> a(v2,v1,v0) = e.
t(v0,v1) = v0 -> t(v1,v0) = v1.
t(v0,v1) = v0 -> k(v0,v1) = e.
k(v0,v1) = e -> t(v0,v1) = v0.
t(t(v0,v1),v2) = t(t(v0,v2),v1).
t(l(v0,v1,v2),v3) = l(t(v0,v3),v1,v2).
t(r(v0,v1,v2),v3) = r(t(v0,v3),v1,v2).
l(r(v0,v1,v2),v3,v4) = r(l(v0,v3,v4),v1,v2).
l(l(v0,v1,v2),v3,v4) = l(l(v0,v3,v4),v1,v2).
r(r(v0,v1,v2),v3,v4) = r(r(v0,v3,v4),v1,v2).
mult(mult(mult(v0,v1),v0),v2) = mult(v0,mult(v1,mult(v0,v2))).
mult(mult(v0,mult(v0,v1)),v2) = mult(v0,mult(v0,mult(v1,v2))).
end_of_list.

formulas(goals).
rd(mult(v0,mult(v1,v0)),v2) = mult(e,mult(v0,mult(e,mult(v1,rd(v0,v2))))).
end_of_list.

============================== end of input ==========================

============================== PROCESS NON-CLAUSAL FORMULAS ==========

% Formulas that are not ordinary clauses:
1 a(v0,v1,v2) = e -> l(v2,v1,v0) = v2 # label(non_clause).  [assumption].
2 l(v0,v1,v2) = v0 -> a(v2,v1,v0) = e # label(non_clause).  [assumption].
3 t(v0,v1) = v0 -> t(v1,v0) = v1 # label(non_clause).  [assumption].
4 t(v0,v1) = v0 -> k(v0,v1) = e # label(non_clause).  [assumption].
5 k(v0,v1) = e -> t(v0,v1) = v0 # label(non_clause).  [assumption].
6 rd(mult(v0,mult(v1,v0)),v2) = mult(e,mult(v0,mult(e,mult(v1,rd(v0,v2))))) # label(non_clause) # label(goal).  [goal].

============================== end of process non-clausal formulas ===

============================== PROCESS INITIAL CLAUSES ===============

% Clauses before input processing:

formulas(usable).
end_of_list.

formulas(sos).
mult(e,x) = x.  [assumption].
mult(x,e) = x.  [assumption].
ld(x,mult(x,y)) = y.  [assumption].
mult(x,ld(x,y)) = y.  [assumption].
rd(mult(x,y),y) = x.  [assumption].
mult(rd(x,y),y) = x.  [assumption].
ld(mult(x,mult(y,z)),mult(mult(x,y),z)) = a(x,y,z).  [assumption].
ld(mult(x,y),mult(y,x)) = k(y,x).  [assumption].
ld(mult(x,y),mult(x,mult(y,z))) = l(z,y,x).  [assumption].
rd(mult(mult(x,y),z),mult(y,z)) = r(x,y,z).  [assumption].
ld(x,mult(y,x)) = t(y,x).  [assumption].
a(x,y,z) != e | l(z,y,x) = z.  [clausify(1)].
l(x,y,z) != x | a(z,y,x) = e.  [clausify(2)].
t(x,y) != x | t(y,x) = y.  [clausify(3)].
t(x,y) != x | k(x,y) = e.  [clausify(4)].
k(x,y) != e | t(x,y) = x.  [clausify(5)].
t(t(x,y),z) = t(t(x,z),y).  [assumption].
t(l(x,y,z),u) = l(t(x,u),y,z).  [assumption].
t(r(x,y,z),u) = r(t(x,u),y,z).  [assumption].
l(r(x,y,z),u,w) = r(l(x,u,w),y,z).  [assumption].
l(l(x,y,z),u,w) = l(l(x,u,w),y,z).  [assumption].
r(r(x,y,z),u,w) = r(r(x,u,w),y,z).  [assumption].
mult(mult(mult(x,y),x),z) = mult(x,mult(y,mult(x,z))).  [assumption].
mult(mult(x,mult(x,y)),z) = mult(x,mult(x,mult(y,z))).  [assumption].
rd(mult(c1,mult(c2,c1)),c3) != mult(e,mult(c1,mult(e,mult(c2,rd(c1,c3))))).  [deny(6)].
end_of_list.

formulas(demodulators).
end_of_list.

============================== PREDICATE ELIMINATION =================

No predicates eliminated.

============================== end predicate elimination =============

Auto_denials:  (no changes).

Term ordering decisions:
Predicate symbol precedence:  predicate_order([ = ]).
Function symbol precedence:  function_order([ e, c1, c2, c3, mult, t, ld, k, rd, l, r, a ]).
After inverse_order:  (no changes).
Unfolding symbols: k/2 t/2 a/3 l/3 r/3.

Auto_inference settings:
  % set(paramodulation).  % (positive equality literals)
  % set(hyper_resolution).  % (nonunit Horn with equality)
    % set(hyper_resolution) -> set(pos_hyper_resolution).
  % set(neg_ur_resolution).  % (nonunit Horn with equality)
  % assign(para_lit_limit, 2).  % (nonunit Horn with equality)

Auto_process settings:  (no changes).

kept:      7 mult(e,x) = x.  [assumption].
    new demodulator: 7.
kept:      8 mult(x,e) = x.  [assumption].
    new demodulator: 8.
kept:      9 ld(x,mult(x,y)) = y.  [assumption].
    new demodulator: 9.
kept:      10 mult(x,ld(x,y)) = y.  [assumption].
    new demodulator: 10.
kept:      11 rd(mult(x,y),y) = x.  [assumption].
    new demodulator: 11.
kept:      12 mult(rd(x,y),y) = x.  [assumption].
    new demodulator: 12.
           13 ld(mult(x,mult(y,z)),mult(mult(x,y),z)) = a(x,y,z).  [assumption].
kept:      14 a(x,y,z) = ld(mult(x,mult(y,z)),mult(mult(x,y),z)).  [copy(13),flip(a)].
    new demodulator: 14.
           15 ld(mult(x,y),mult(y,x)) = k(y,x).  [assumption].
kept:      16 k(x,y) = ld(mult(y,x),mult(x,y)).  [copy(15),flip(a)].
    new demodulator: 16.
           17 ld(mult(x,y),mult(x,mult(y,z))) = l(z,y,x).  [assumption].
kept:      18 l(x,y,z) = ld(mult(z,y),mult(z,mult(y,x))).  [copy(17),flip(a)].
    new demodulator: 18.
           19 rd(mult(mult(x,y),z),mult(y,z)) = r(x,y,z).  [assumption].
kept:      20 r(x,y,z) = rd(mult(mult(x,y),z),mult(y,z)).  [copy(19),flip(a)].
    new demodulator: 20.
           21 ld(x,mult(y,x)) = t(y,x).  [assumption].
kept:      22 t(x,y) = ld(y,mult(x,y)).  [copy(21),flip(a)].
    new demodulator: 22.
           23 a(x,y,z) != e | l(z,y,x) = z.  [clausify(1)].
kept:      24 ld(mult(x,mult(y,z)),mult(mult(x,y),z)) != e | ld(mult(x,y),mult(x,mult(y,z))) = z.  [copy(23),rewrite([14(1),18(8)])].
           25 l(x,y,z) != x | a(z,y,x) = e.  [clausify(2)].
kept:      26 ld(mult(x,y),mult(x,mult(y,z))) != z | ld(mult(x,mult(y,z)),mult(mult(x,y),z)) = e.  [copy(25),rewrite([18(1),14(6)])].
           27 t(x,y) != x | t(y,x) = y.  [clausify(3)].
kept:      28 ld(x,mult(y,x)) != y | ld(y,mult(x,y)) = x.  [copy(27),rewrite([22(1),22(4)])].
           29 t(x,y) != x | k(x,y) = e.  [clausify(4)].
kept:      30 ld(x,mult(y,x)) != y | ld(mult(x,y),mult(y,x)) = e.  [copy(29),rewrite([22(1),16(4)])].
           31 k(x,y) != e | t(x,y) = x.  [clausify(5)].
kept:      32 ld(mult(x,y),mult(y,x)) != e | ld(x,mult(y,x)) = y.  [copy(31),rewrite([16(1),22(6)])].
           33 t(t(x,y),z) = t(t(x,z),y).  [assumption].
kept:      34 ld(x,mult(ld(y,mult(z,y)),x)) = ld(y,mult(ld(x,mult(z,x)),y)).  [copy(33),rewrite([22(1),22(3),22(5),22(7)])].
           35 t(l(x,y,z),u) = l(t(x,u),y,z).  [assumption].
kept:      36 ld(mult(x,y),mult(x,mult(y,ld(z,mult(u,z))))) = ld(z,mult(ld(mult(x,y),mult(x,mult(y,u))),z)).  [copy(35),rewrite([18(1),22(5),22(7),18(9)]),flip(a)].
           37 t(r(x,y,z),u) = r(t(x,u),y,z).  [assumption].
kept:      38 rd(mult(mult(ld(x,mult(y,x)),z),u),mult(z,u)) = ld(x,mult(rd(mult(mult(y,z),u),mult(z,u)),x)).  [copy(37),rewrite([20(1),22(5),22(7),20(9)]),flip(a)].
    new demodulator: 38.
           39 l(r(x,y,z),u,w) = r(l(x,u,w),y,z).  [assumption].
kept:      40 rd(mult(mult(ld(mult(x,y),mult(x,mult(y,z))),u),w),mult(u,w)) = ld(mult(x,y),mult(x,mult(y,rd(mult(mult(z,u),w),mult(u,w))))).  [copy(39),rewrite([20(1),18(5),18(9),20(13)]),flip(a)].
    new demodulator: 40.
           41 l(l(x,y,z),u,w) = l(l(x,u,w),y,z).  [assumption].
kept:      42 ld(mult(x,y),mult(x,mult(y,ld(mult(z,u),mult(z,mult(u,w)))))) = ld(mult(z,u),mult(z,mult(u,ld(mult(x,y),mult(x,mult(y,w)))))).  [copy(41),rewrite([18(1),18(5),18(9),18(13)])].
           43 r(r(x,y,z),u,w) = r(r(x,u,w),y,z).  [assumption].
kept:      44 rd(mult(mult(rd(mult(mult(x,y),z),mult(y,z)),u),w),mult(u,w)) = rd(mult(mult(rd(mult(mult(x,u),w),mult(u,w)),y),z),mult(y,z)).  [copy(43),rewrite([20(1),20(5),20(9),20(13)])].
kept:      45 mult(mult(mult(x,y),x),z) = mult(x,mult(y,mult(x,z))).  [assumption].
    new demodulator: 45.
kept:      46 mult(mult(x,mult(x,y)),z) = mult(x,mult(x,mult(y,z))).  [assumption].
    new demodulator: 46.
           47 rd(mult(c1,mult(c2,c1)),c3) != mult(e,mult(c1,mult(e,mult(c2,rd(c1,c3))))).  [deny(6)].
kept:      48 rd(mult(c1,mult(c2,c1)),c3) != mult(c1,mult(c2,rd(c1,c3))).  [copy(47),rewrite([7(16),7(16)])].
    starting back demodulation with 7.
    starting back demodulation with 8.
    starting back demodulation with 9.
    starting back demodulation with 10.
    starting back demodulation with 11.
    starting back demodulation with 12.
    starting back demodulation with 14.
    starting back demodulation with 16.
    starting back demodulation with 18.
    starting back demodulation with 20.
    starting back demodulation with 22.
    starting back demodulation with 38.
    starting back demodulation with 40.
    starting back demodulation with 45.
    starting back demodulation with 46.

============================== end of process initial clauses ========

============================== CLAUSES FOR SEARCH ====================

% Clauses after input processing:

formulas(usable).
end_of_list.

formulas(sos).
7 mult(e,x) = x.  [assumption].
8 mult(x,e) = x.  [assumption].
9 ld(x,mult(x,y)) = y.  [assumption].
10 mult(x,ld(x,y)) = y.  [assumption].
11 rd(mult(x,y),y) = x.  [assumption].
12 mult(rd(x,y),y) = x.  [assumption].
14 a(x,y,z) = ld(mult(x,mult(y,z)),mult(mult(x,y),z)).  [copy(13),flip(a)].
16 k(x,y) = ld(mult(y,x),mult(x,y)).  [copy(15),flip(a)].
18 l(x,y,z) = ld(mult(z,y),mult(z,mult(y,x))).  [copy(17),flip(a)].
20 r(x,y,z) = rd(mult(mult(x,y),z),mult(y,z)).  [copy(19),flip(a)].
22 t(x,y) = ld(y,mult(x,y)).  [copy(21),flip(a)].
24 ld(mult(x,mult(y,z)),mult(mult(x,y),z)) != e | ld(mult(x,y),mult(x,mult(y,z))) = z.  [copy(23),rewrite([14(1),18(8)])].
26 ld(mult(x,y),mult(x,mult(y,z))) != z | ld(mult(x,mult(y,z)),mult(mult(x,y),z)) = e.  [copy(25),rewrite([18(1),14(6)])].
28 ld(x,mult(y,x)) != y | ld(y,mult(x,y)) = x.  [copy(27),rewrite([22(1),22(4)])].
30 ld(x,mult(y,x)) != y | ld(mult(x,y),mult(y,x)) = e.  [copy(29),rewrite([22(1),16(4)])].
32 ld(mult(x,y),mult(y,x)) != e | ld(x,mult(y,x)) = y.  [copy(31),rewrite([16(1),22(6)])].
34 ld(x,mult(ld(y,mult(z,y)),x)) = ld(y,mult(ld(x,mult(z,x)),y)).  [copy(33),rewrite([22(1),22(3),22(5),22(7)])].
36 ld(mult(x,y),mult(x,mult(y,ld(z,mult(u,z))))) = ld(z,mult(ld(mult(x,y),mult(x,mult(y,u))),z)).  [copy(35),rewrite([18(1),22(5),22(7),18(9)]),flip(a)].
38 rd(mult(mult(ld(x,mult(y,x)),z),u),mult(z,u)) = ld(x,mult(rd(mult(mult(y,z),u),mult(z,u)),x)).  [copy(37),rewrite([20(1),22(5),22(7),20(9)]),flip(a)].
40 rd(mult(mult(ld(mult(x,y),mult(x,mult(y,z))),u),w),mult(u,w)) = ld(mult(x,y),mult(x,mult(y,rd(mult(mult(z,u),w),mult(u,w))))).  [copy(39),rewrite([20(1),18(5),18(9),20(13)]),flip(a)].
42 ld(mult(x,y),mult(x,mult(y,ld(mult(z,u),mult(z,mult(u,w)))))) = ld(mult(z,u),mult(z,mult(u,ld(mult(x,y),mult(x,mult(y,w)))))).  [copy(41),rewrite([18(1),18(5),18(9),18(13)])].
44 rd(mult(mult(rd(mult(mult(x,y),z),mult(y,z)),u),w),mult(u,w)) = rd(mult(mult(rd(mult(mult(x,u),w),mult(u,w)),y),z),mult(y,z)).  [copy(43),rewrite([20(1),20(5),20(9),20(13)])].
45 mult(mult(mult(x,y),x),z) = mult(x,mult(y,mult(x,z))).  [assumption].
46 mult(mult(x,mult(x,y)),z) = mult(x,mult(x,mult(y,z))).  [assumption].
48 rd(mult(c1,mult(c2,c1)),c3) != mult(c1,mult(c2,rd(c1,c3))).  [copy(47),rewrite([7(16),7(16)])].
end_of_list.

formulas(demodulators).
7 mult(e,x) = x.  [assumption].
8 mult(x,e) = x.  [assumption].
9 ld(x,mult(x,y)) = y.  [assumption].
10 mult(x,ld(x,y)) = y.  [assumption].
11 rd(mult(x,y),y) = x.  [assumption].
12 mult(rd(x,y),y) = x.  [assumption].
14 a(x,y,z) = ld(mult(x,mult(y,z)),mult(mult(x,y),z)).  [copy(13),flip(a)].
16 k(x,y) = ld(mult(y,x),mult(x,y)).  [copy(15),flip(a)].
18 l(x,y,z) = ld(mult(z,y),mult(z,mult(y,x))).  [copy(17),flip(a)].
20 r(x,y,z) = rd(mult(mult(x,y),z),mult(y,z)).  [copy(19),flip(a)].
22 t(x,y) = ld(y,mult(x,y)).  [copy(21),flip(a)].
38 rd(mult(mult(ld(x,mult(y,x)),z),u),mult(z,u)) = ld(x,mult(rd(mult(mult(y,z),u),mult(z,u)),x)).  [copy(37),rewrite([20(1),22(5),22(7),20(9)]),flip(a)].
40 rd(mult(mult(ld(mult(x,y),mult(x,mult(y,z))),u),w),mult(u,w)) = ld(mult(x,y),mult(x,mult(y,rd(mult(mult(z,u),w),mult(u,w))))).  [copy(39),rewrite([20(1),18(5),18(9),20(13)]),flip(a)].
45 mult(mult(mult(x,y),x),z) = mult(x,mult(y,mult(x,z))).  [assumption].
46 mult(mult(x,mult(x,y)),z) = mult(x,mult(x,mult(y,z))).  [assumption].
end_of_list.

============================== end of clauses for search =============

============================== SEARCH ================================

% Starting search at 0.00 seconds.

given #1 (I,wt=5): 7 mult(e,x) = x.  [assumption].

given #2 (I,wt=5): 8 mult(x,e) = x.  [assumption].

given #3 (I,wt=7): 9 ld(x,mult(x,y)) = y.  [assumption].
kept:      49 ld(e,x) = x.  [para(7(a,1),9(a,1,2))].
    new demodulator: 49.
kept:      50 ld(x,x) = e.  [para(8(a,1),9(a,1,2))].
    new demodulator: 50.
    starting back demodulation with 49.
    starting back demodulation with 50.

given #4 (I,wt=7): 10 mult(x,ld(x,y)) = y.  [assumption].

given #5 (I,wt=7): 11 rd(mult(x,y),y) = x.  [assumption].
kept:      51 rd(x,x) = e.  [para(7(a,1),11(a,1,1))].
    new demodulator: 51.
kept:      52 rd(x,e) = x.  [para(8(a,1),11(a,1,1))].
    new demodulator: 52.
kept:      53 rd(x,ld(y,x)) = y.  [para(10(a,1),11(a,1,1))].
    new demodulator: 53.
    starting back demodulation with 51.
    starting back demodulation with 52.
    starting back demodulation with 53.

given #6 (I,wt=7): 12 mult(rd(x,y),y) = x.  [assumption].
kept:      54 ld(rd(x,y),x) = y.  [para(12(a,1),9(a,1,2))].
    new demodulator: 54.
    starting back demodulation with 54.

given #7 (I,wt=16): 14 a(x,y,z) = ld(mult(x,mult(y,z)),mult(mult(x,y),z)).  [copy(13),flip(a)].

given #8 (I,wt=11): 16 k(x,y) = ld(mult(y,x),mult(x,y)).  [copy(15),flip(a)].

given #9 (I,wt=14): 18 l(x,y,z) = ld(mult(z,y),mult(z,mult(y,x))).  [copy(17),flip(a)].

given #10 (I,wt=14): 20 r(x,y,z) = rd(mult(mult(x,y),z),mult(y,z)).  [copy(19),flip(a)].

given #11 (I,wt=9): 22 t(x,y) = ld(y,mult(x,y)).  [copy(21),flip(a)].

given #12 (I,wt=24): 24 ld(mult(x,mult(y,z)),mult(mult(x,y),z)) != e | ld(mult(x,y),mult(x,mult(y,z))) = z.  [copy(23),rewrite([14(1),18(8)])].
kept:      55 ld(mult(x,y),mult(mult(x,z),ld(z,y))) != e | ld(mult(x,z),mult(x,y)) = ld(z,y).  [para(10(a,1),24(a,1,1,2)),rewrite([10(10)])].
kept:      56 ld(mult(x,mult(ld(x,y),z)),mult(y,z)) != e | ld(y,mult(x,mult(ld(x,y),z))) = z.  [para(10(a,1),24(a,1,2,1)),rewrite([10(9)])].
kept:      57 ld(mult(x,mult(y,ld(mult(x,y),z))),z) != e | ld(mult(x,y),mult(x,mult(y,ld(mult(x,y),z)))) = ld(mult(x,y),z).  [para(10(a,1),24(a,1,2))].
kept:      58 ld(mult(x,y),mult(mult(x,rd(y,z)),z)) != e | ld(mult(x,rd(y,z)),mult(x,y)) = z.  [para(12(a,1),24(a,1,1,2)),rewrite([12(11)])].
kept:      59 ld(x,mult(mult(rd(x,mult(y,z)),y),z)) != e | ld(mult(rd(x,mult(y,z)),y),x) = z.  [para(12(a,1),24(a,1,1)),rewrite([12(14)])].
kept:      60 ld(mult(rd(x,y),mult(y,z)),mult(x,z)) != e | ld(x,mult(rd(x,y),mult(y,z))) = z.  [para(12(a,1),24(a,1,2,1)),rewrite([12(9)])].

given #13 (I,wt=24): 26 ld(mult(x,y),mult(x,mult(y,z))) != z | ld(mult(x,mult(y,z)),mult(mult(x,y),z)) = e.  [copy(25),rewrite([18(1),14(6)])].
kept:      61 ld(x,mult(y,mult(ld(y,x),z))) != z | ld(mult(y,mult(ld(y,x),z)),mult(x,z)) = e.  [para(10(a,1),26(a,1,1)),rewrite([10(10)])].
kept:      62 ld(mult(x,y),mult(x,z)) != ld(y,z) | ld(mult(x,z),mult(mult(x,y),ld(y,z))) = e.  [para(10(a,1),26(a,1,2,2)),rewrite([10(7)])].
kept:      63 ld(x,mult(rd(x,y),mult(y,z))) != z | ld(mult(rd(x,y),mult(y,z)),mult(x,z)) = e.  [para(12(a,1),26(a,1,1)),rewrite([12(10)])].
kept:      64 ld(mult(x,rd(y,z)),mult(x,y)) != z | ld(mult(x,y),mult(mult(x,rd(y,z)),z)) = e.  [para(12(a,1),26(a,1,2,2)),rewrite([12(7)])].
kept:      65 ld(mult(rd(x,mult(y,z)),y),x) != z | ld(x,mult(mult(rd(x,mult(y,z)),y),z)) = e.  [para(12(a,1),26(a,1,2)),rewrite([12(9)])].

given #14 (I,wt=14): 28 ld(x,mult(y,x)) != y | ld(y,mult(x,y)) = x.  [copy(27),rewrite([22(1),22(4)])].
kept:      66 ld(ld(x,y),y) != x | ld(x,mult(ld(x,y),x)) = ld(x,y).  [para(10(a,1),28(a,1,2))].
kept:      67 rd(x,y) != ld(y,x) | ld(rd(x,y),mult(y,rd(x,y))) = y.  [para(12(a,1),28(a,1,2)),flip(a)].

given #15 (I,wt=16): 30 ld(x,mult(y,x)) != y | ld(mult(x,y),mult(y,x)) = e.  [copy(29),rewrite([22(1),16(4)])].
kept:      68 ld(ld(x,y),y) != x | ld(mult(ld(x,y),x),y) = e.  [para(10(a,1),30(a,1,2)),rewrite([10(7)])].
kept:      69 rd(x,y) != ld(y,x) | ld(mult(y,rd(x,y)),x) = e.  [para(12(a,1),30(a,1,2)),rewrite([12(7)]),flip(a)].

given #16 (I,wt=16): 32 ld(mult(x,y),mult(y,x)) != e | ld(x,mult(y,x)) = y.  [copy(31),rewrite([16(1),22(6)])].
kept:      70 ld(x,mult(ld(y,x),y)) != e | ld(y,mult(ld(y,x),y)) = ld(y,x).  [para(10(a,1),32(a,1,1))].
kept:      71 ld(mult(ld(x,y),x),y) != e | ld(ld(x,y),y) = x.  [para(10(a,1),32(a,1,2)),rewrite([10(8)])].
kept:      72 ld(x,mult(y,rd(x,y))) != e | ld(rd(x,y),mult(y,rd(x,y))) = y.  [para(12(a,1),32(a,1,1))].
kept:      73 ld(mult(x,rd(y,x)),y) != e | rd(y,x) = ld(x,y).  [para(12(a,1),32(a,1,2)),rewrite([12(7)]),flip(b)].

given #17 (I,wt=19): 34 ld(x,mult(ld(y,mult(z,y)),x)) = ld(y,mult(ld(x,mult(z,x)),y)).  [copy(33),rewrite([22(1),22(3),22(5),22(7)])].
kept:      74 ld(x,mult(ld(ld(x,mult(y,x)),mult(y,ld(x,mult(y,x)))),x)) = ld(x,mult(y,x)).  [para(34(a,1),9(a,1))].
    new demodulator: 74.
kept:      75 ld(x,mult(ld(y,mult(x,y)),x)) = ld(y,mult(x,y)).  [para(9(a,1),34(a,1,2,1)),flip(a)].
    new demodulator: 75.
kept:      76 mult(x,ld(y,mult(ld(x,mult(z,x)),y))) = mult(ld(y,mult(z,y)),x).  [para(34(a,1),10(a,1,2))].
    new demodulator: 76.
kept:      77 ld(ld(x,y),mult(ld(z,mult(x,z)),ld(x,y))) = ld(z,mult(ld(ld(x,y),y),z)).  [para(10(a,1),34(a,1,2,1,2)),flip(a)].
kept:      78 ld(x,mult(ld(ld(ld(x,mult(y,x)),z),mult(y,ld(ld(x,mult(y,x)),z))),x)) = ld(ld(ld(x,mult(y,x)),z),z).  [para(10(a,1),34(a,1,2)),flip(a)].
    new demodulator: 78.
kept:      79 ld(x,mult(ld(y,mult(rd(z,x),y)),x)) = ld(y,mult(ld(x,z),y)).  [para(12(a,1),34(a,1,2,1,2)),flip(a)].
    new demodulator: 79.
kept:      80 ld(x,mult(ld(mult(ld(x,mult(y,x)),ld(x,mult(y,x))),mult(y,mult(ld(x,mult(y,x)),ld(x,mult(y,x))))),x)) != ld(x,mult(y,x)) | ld(mult(ld(x,mult(y,x)),mult(ld(x,mult(y,x)),ld(x,mult(y,x)))),mult(mult(ld(x,mult(y,x)),ld(x,mult(y,x))),ld(x,mult(y,x)))) = e.  [para(34(a,1),26(a,1))].
kept:      81 ld(x,mult(ld(y,mult(z,y)),x)) != ld(x,mult(z,x)) | ld(ld(x,mult(z,x)),mult(y,ld(x,mult(z,x)))) = y.  [para(34(a,1),28(a,1))].
kept:      82 ld(x,mult(ld(y,mult(z,y)),x)) != ld(x,mult(z,x)) | ld(mult(y,ld(x,mult(z,x))),mult(ld(x,mult(z,x)),y)) = e.  [para(34(a,1),30(a,1))].
kept:      83 ld(x,mult(ld(y,mult(ld(z,mult(u,z)),y)),x)) = ld(z,mult(ld(x,mult(ld(y,mult(u,y)),x)),z)).  [para(34(a,1),34(a,1,2,1))].
    starting back demodulation with 74.
    starting back demodulation with 75.
    starting back demodulation with 76.
    starting back demodulation with 78.
    starting back demodulation with 79.

given #18 (I,wt=27): 36 ld(mult(x,y),mult(x,mult(y,ld(z,mult(u,z))))) = ld(z,mult(ld(mult(x,y),mult(x,mult(y,u))),z)).  [copy(35),rewrite([18(1),22(5),22(7),18(9)]),flip(a)].
kept:      84 ld(mult(x,y),mult(x,mult(y,ld(ld(mult(x,y),mult(x,mult(y,z))),mult(z,ld(mult(x,y),mult(x,mult(y,z)))))))) = ld(mult(x,y),mult(x,mult(y,z))).  [para(36(a,2),9(a,1))].
    new demodulator: 84.
kept:      85 ld(x,mult(ld(mult(y,z),mult(y,mult(z,x))),x)) = ld(mult(y,z),mult(y,mult(z,x))).  [para(9(a,1),36(a,1,2,2,2)),flip(a)].
    new demodulator: 85.
kept:      86 mult(mult(x,y),ld(z,mult(ld(mult(x,y),mult(x,mult(y,u))),z))) = mult(x,mult(y,ld(z,mult(u,z)))).  [para(36(a,1),10(a,1,2))].
    new demodulator: 86.
kept:      87 mult(x,ld(mult(y,z),mult(y,mult(z,ld(x,mult(u,x)))))) = mult(ld(mult(y,z),mult(y,mult(z,u))),x).  [para(36(a,2),10(a,1,2))].
    new demodulator: 87.
kept:      88 ld(x,mult(ld(y,mult(z,mult(ld(z,y),u))),x)) = ld(y,mult(z,mult(ld(z,y),ld(x,mult(u,x))))).  [para(10(a,1),36(a,1,1)),rewrite([10(8)]),flip(a)].
kept:      89 ld(ld(x,y),mult(ld(mult(z,u),mult(z,mult(u,x))),ld(x,y))) = ld(mult(z,u),mult(z,mult(u,ld(ld(x,y),y)))).  [para(10(a,1),36(a,1,2,2,2,2)),flip(a)].
kept:      90 ld(mult(x,y),mult(x,mult(z,y))) = ld(y,mult(ld(mult(x,y),mult(x,mult(y,z))),y)).  [para(10(a,1),36(a,1,2,2))].
kept:      91 ld(mult(x,y),mult(x,mult(y,ld(z,mult(ld(y,u),z))))) = ld(z,mult(ld(mult(x,y),mult(x,u)),z)).  [para(10(a,1),36(a,2,2,1,2,2))].
kept:      92 ld(mult(x,y),mult(x,mult(y,ld(ld(ld(mult(x,y),mult(x,mult(y,z))),u),mult(z,ld(ld(mult(x,y),mult(x,mult(y,z))),u)))))) = ld(ld(ld(mult(x,y),mult(x,mult(y,z))),u),u).  [para(10(a,1),36(a,2,2))].
    new demodulator: 92.
kept:      93 ld(x,mult(rd(x,y),mult(y,ld(z,mult(u,z))))) = ld(z,mult(ld(x,mult(rd(x,y),mult(y,u))),z)).  [para(12(a,1),36(a,1,1)),rewrite([12(8)])].
kept:      94 ld(x,mult(ld(mult(y,z),mult(y,mult(z,rd(u,x)))),x)) = ld(mult(y,z),mult(y,mult(z,ld(x,u)))).  [para(12(a,1),36(a,1,2,2,2,2)),flip(a)].
    new demodulator: 94.
kept:      95 ld(x,mult(ld(mult(y,rd(z,ld(x,mult(u,x)))),mult(y,mult(rd(z,ld(x,mult(u,x))),u))),x)) = ld(mult(y,rd(z,ld(x,mult(u,x)))),mult(y,z)).  [para(12(a,1),36(a,1,2,2)),flip(a)].
    new demodulator: 95.
kept:      96 ld(x,mult(ld(mult(rd(y,mult(z,ld(x,mult(u,x)))),z),mult(rd(y,mult(z,ld(x,mult(u,x)))),mult(z,u))),x)) = ld(mult(rd(y,mult(z,ld(x,mult(u,x)))),z),y).  [para(12(a,1),36(a,1,2)),flip(a)].
    new demodulator: 96.
kept:      97 ld(mult(x,rd(y,z)),mult(x,mult(rd(y,z),ld(u,mult(z,u))))) = ld(u,mult(ld(mult(x,rd(y,z)),mult(x,y)),u)).  [para(12(a,1),36(a,2,2,1,2,2))].
kept:      98 ld(mult(rd(x,mult(y,z)),y),mult(rd(x,mult(y,z)),mult(y,ld(u,mult(z,u))))) = ld(u,mult(ld(mult(rd(x,mult(y,z)),y),x),u)).  [para(12(a,1),36(a,2,2,1,2))].
kept:      99 ld(mult(ld(mult(x,y),mult(x,mult(y,z))),ld(mult(x,y),mult(x,mult(y,z)))),mult(ld(mult(x,y),mult(x,mult(y,z))),mult(ld(mult(x,y),mult(x,mult(y,z))),ld(mult(x,y),mult(x,mult(y,z)))))) = ld(mult(x,y),mult(x,mult(y,ld(mult(ld(mult(x,y),mult(x,mult(y,z))),ld(mult(x,y),mult(x,mult(y,z)))),mult(z,mult(ld(mult(x,y),mult(x,mult(y,z))),ld(mult(x,y),mult(x,mult(y,z))))))))).  [para(36(a,2),18(a,2)),rewrite([18(13)])].
    new demodulator: 99.
kept:      100 ld(x,mult(ld(mult(y,z),mult(y,mult(z,u))),x)) != ld(x,mult(u,x)) | ld(mult(y,mult(z,ld(x,mult(u,x)))),mult(mult(y,z),ld(x,mult(u,x)))) = e.  [para(36(a,1),26(a,1))].
kept:      101 ld(x,mult(ld(mult(ld(x,mult(y,x)),ld(x,mult(y,x))),mult(ld(x,mult(y,x)),mult(ld(x,mult(y,x)),y))),x)) != ld(x,mult(y,x)) | ld(ld(x,mult(y,x)),mult(mult(ld(x,mult(y,x)),ld(x,mult(y,x))),ld(x,mult(y,x)))) = mult(ld(x,mult(y,x)),ld(x,mult(y,x))).  [para(36(a,1),28(a,1))].
kept:      102 ld(mult(x,y),mult(x,mult(y,ld(z,mult(u,z))))) != ld(mult(x,y),mult(x,mult(y,u))) | ld(ld(mult(x,y),mult(x,mult(y,u))),mult(z,ld(mult(x,y),mult(x,mult(y,u))))) = z.  [para(36(a,2),28(a,1))].
kept:      103 ld(x,mult(ld(mult(ld(x,mult(y,x)),ld(x,mult(y,x))),mult(ld(x,mult(y,x)),mult(ld(x,mult(y,x)),y))),x)) != ld(x,mult(y,x)) | ld(mult(mult(ld(x,mult(y,x)),ld(x,mult(y,x))),ld(x,mult(y,x))),mult(ld(x,mult(y,x)),mult(ld(x,mult(y,x)),ld(x,mult(y,x))))) = e.  [para(36(a,1),30(a,1))].
kept:      104 ld(mult(x,y),mult(x,mult(y,ld(z,mult(u,z))))) != ld(mult(x,y),mult(x,mult(y,u))) | ld(mult(z,ld(mult(x,y),mult(x,mult(y,u)))),mult(ld(mult(x,y),mult(x,mult(y,u))),z)) = e.  [para(36(a,2),30(a,1))].
kept:      105 ld(mult(ld(x,mult(y,x)),ld(x,mult(y,x))),mult(ld(z,mult(ld(x,mult(y,x)),z)),mult(ld(x,mult(y,x)),ld(x,mult(y,x))))) = ld(z,mult(ld(x,mult(ld(mult(ld(x,mult(y,x)),ld(x,mult(y,x))),mult(ld(x,mult(y,x)),mult(ld(x,mult(y,x)),y))),x)),z)).  [para(36(a,1),34(a,1,2,1)),flip(a)].
kept:      106 ld(x,mult(ld(mult(ld(x,mult(y,x)),ld(x,mult(y,x))),mult(ld(x,mult(y,x)),mult(ld(x,mult(y,x)),y))),x)) = ld(x,mult(ld(mult(ld(x,mult(y,x)),ld(x,mult(y,x))),mult(y,mult(ld(x,mult(y,x)),ld(x,mult(y,x))))),x)).  [para(36(a,1),34(a,1))].
    new demodulator: 106.
kept:      107 ld(mult(ld(x,mult(y,x)),ld(x,mult(y,x))),mult(ld(z,mult(ld(x,mult(y,x)),z)),mult(ld(x,mult(y,x)),ld(x,mult(y,x))))) = ld(z,mult(ld(x,mult(ld(mult(ld(x,mult(y,x)),ld(x,mult(y,x))),mult(y,mult(ld(x,mult(y,x)),ld(x,mult(y,x))))),x)),z)).  [para(36(a,1),34(a,2,2,1)),rewrite([106(30)])].
kept:      108 ld(x,mult(ld(mult(y,z),mult(y,mult(z,ld(u,mult(w,u))))),x)) = ld(u,mult(ld(x,mult(ld(mult(y,z),mult(y,mult(z,w))),x)),u)).  [para(36(a,2),34(a,1,2,1))].
kept:      109 ld(mult(x,x),mult(ld(y,mult(x,y)),mult(x,x))) = ld(mult(x,x),mult(x,mult(x,ld(y,mult(x,y))))).  [para(36(a,2),34(a,1)),flip(a)].
    new demodulator: 109.
kept:      110 ld(mult(x,y),mult(x,mult(y,ld(z,mult(ld(u,mult(w,u)),z))))) = ld(u,mult(ld(mult(x,y),mult(x,mult(y,ld(z,mult(w,z))))),u)).  [para(34(a,1),36(a,1,2,2,2))].
kept:      111 ld(mult(ld(x,mult(y,x)),ld(x,mult(y,x))),mult(ld(x,mult(y,x)),mult(ld(x,mult(y,x)),ld(z,mult(ld(x,mult(y,x)),z))))) = ld(z,mult(ld(x,mult(ld(mult(ld(x,mult(y,x)),ld(x,mult(y,x))),mult(y,mult(ld(x,mult(y,x)),ld(x,mult(y,x))))),x)),z)).  [para(34(a,1),36(a,2,2,1))].
kept:      112 ld(mult(ld(x,mult(y,x)),ld(x,mult(y,x))),mult(ld(mult(z,u),mult(z,mult(u,ld(x,mult(y,x))))),mult(ld(x,mult(y,x)),ld(x,mult(y,x))))) = ld(mult(z,u),mult(z,mult(u,ld(x,mult(ld(mult(ld(x,mult(y,x)),ld(x,mult(y,x))),mult(y,mult(ld(x,mult(y,x)),ld(x,mult(y,x))))),x))))).  [para(36(a,1),36(a,1,2,2,2)),rewrite([106(15)]),flip(a)].
kept:      113 ld(mult(x,y),mult(x,mult(y,ld(z,mult(ld(u,mult(w,u)),z))))) = ld(z,mult(ld(u,mult(ld(mult(x,y),mult(x,mult(y,w))),u)),z)).  [para(36(a,1),36(a,2,2,1))].
kept:      114 ld(mult(x,y),mult(x,mult(y,ld(mult(z,u),mult(z,mult(u,ld(w,mult(v5,w)))))))) = ld(w,mult(ld(mult(x,y),mult(x,mult(y,ld(mult(z,u),mult(z,mult(u,v5)))))),w)).  [para(36(a,2),36(a,1,2,2,2))].
    starting back demodulation with 84.
    starting back demodulation with 85.
    starting back demodulation with 86.
    starting back demodulation with 87.
    starting back demodulation with 92.
    starting back demodulation with 94.
    starting back demodulation with 95.
    starting back demodulation with 96.
    starting back demodulation with 99.
    starting back demodulation with 106.
        106 back demodulating 105.
        106 back demodulating 103.
        106 back demodulating 101.
    starting back demodulation with 109.
        109 back demodulating 107.

given #19 (I,wt=27): 38 rd(mult(mult(ld(x,mult(y,x)),z),u),mult(z,u)) = ld(x,mult(rd(mult(mult(y,z),u),mult(z,u)),x)).  [copy(37),rewrite([20(1),22(5),22(7),20(9)]),flip(a)].
kept:      115 ld(x,mult(rd(mult(mult(x,y),z),mult(y,z)),x)) = rd(mult(mult(x,y),z),mult(y,z)).  [para(9(a,1),38(a,1,1,1,1)),flip(a)].
    new demodulator: 115.
kept:      116 rd(mult(mult(ld(ld(x,y),y),z),u),mult(z,u)) = ld(ld(x,y),mult(rd(mult(mult(x,z),u),mult(z,u)),ld(x,y))).  [para(10(a,1),38(a,1,1,1,1,2))].
    new demodulator: 116.
kept:      117 ld(x,mult(rd(mult(mult(y,ld(ld(x,mult(y,x)),z)),u),mult(ld(ld(x,mult(y,x)),z),u)),x)) = rd(mult(z,u),mult(ld(ld(x,mult(y,x)),z),u)).  [para(10(a,1),38(a,1,1,1)),flip(a)].
    new demodulator: 117.
kept:      118 ld(x,mult(rd(mult(mult(y,z),ld(mult(ld(x,mult(y,x)),z),u)),mult(z,ld(mult(ld(x,mult(y,x)),z),u))),x)) = rd(u,mult(z,ld(mult(ld(x,mult(y,x)),z),u))).  [para(10(a,1),38(a,1,1)),flip(a)].
    new demodulator: 118.
kept:      119 rd(mult(mult(ld(x,mult(y,x)),z),ld(z,u)),u) = ld(x,mult(rd(mult(mult(y,z),ld(z,u)),u),x)).  [para(10(a,1),38(a,1,2)),rewrite([10(11)])].
    new demodulator: 119.
kept:      120 mult(ld(x,mult(rd(mult(mult(y,z),u),mult(z,u)),x)),mult(z,u)) = mult(mult(ld(x,mult(y,x)),z),u).  [para(38(a,1),12(a,1,1))].
    new demodulator: 120.
kept:      121 ld(x,mult(rd(mult(mult(rd(y,x),z),u),mult(z,u)),x)) = rd(mult(mult(ld(x,y),z),u),mult(z,u)).  [para(12(a,1),38(a,1,1,1,1,2)),flip(a)].
    new demodulator: 121.
kept:      122 rd(mult(mult(ld(x,mult(y,x)),rd(z,u)),u),z) = ld(x,mult(rd(mult(mult(y,rd(z,u)),u),z),x)).  [para(12(a,1),38(a,1,2)),rewrite([12(11)])].
    new demodulator: 122.
    starting back demodulation with 115.
    starting back demodulation with 116.
    starting back demodulation with 117.
    starting back demodulation with 118.
    starting back demodulation with 119.
    starting back demodulation with 120.
    starting back demodulation with 121.
    starting back demodulation with 122.

given #20 (I,wt=35): 40 rd(mult(mult(ld(mult(x,y),mult(x,mult(y,z))),u),w),mult(u,w)) = ld(mult(x,y),mult(x,mult(y,rd(mult(mult(z,u),w),mult(u,w))))).  [copy(39),rewrite([20(1),18(5),18(9),20(13)]),flip(a)].
kept:      123 rd(mult(mult(ld(x,mult(y,mult(ld(y,x),z))),u),w),mult(u,w)) = ld(x,mult(y,mult(ld(y,x),rd(mult(mult(z,u),w),mult(u,w))))).  [para(10(a,1),40(a,1,1,1,1,1)),rewrite([10(10)])].
    new demodulator: 123.
kept:      124 rd(mult(mult(ld(mult(x,y),mult(x,z)),u),w),mult(u,w)) = ld(mult(x,y),mult(x,mult(y,rd(mult(mult(ld(y,z),u),w),mult(u,w))))).  [para(10(a,1),40(a,1,1,1,1,2,2))].
    new demodulator: 124.
kept:      125 ld(mult(x,y),mult(x,mult(y,rd(mult(mult(z,ld(ld(mult(x,y),mult(x,mult(y,z))),u)),w),mult(ld(ld(mult(x,y),mult(x,mult(y,z))),u),w))))) = rd(mult(u,w),mult(ld(ld(mult(x,y),mult(x,mult(y,z))),u),w)).  [para(10(a,1),40(a,1,1,1)),flip(a)].
    new demodulator: 125.
kept:      126 ld(mult(x,y),mult(x,mult(y,rd(mult(mult(z,u),ld(mult(ld(mult(x,y),mult(x,mult(y,z))),u),w)),mult(u,ld(mult(ld(mult(x,y),mult(x,mult(y,z))),u),w)))))) = rd(w,mult(u,ld(mult(ld(mult(x,y),mult(x,mult(y,z))),u),w))).  [para(10(a,1),40(a,1,1)),flip(a)].
    new demodulator: 126.
kept:      127 rd(mult(mult(ld(mult(x,y),mult(x,mult(y,z))),u),ld(u,w)),w) = ld(mult(x,y),mult(x,mult(y,rd(mult(mult(z,u),ld(u,w)),w)))).  [para(10(a,1),40(a,1,2)),rewrite([10(14)])].
    new demodulator: 127.
kept:      128 mult(ld(mult(x,y),mult(x,mult(y,rd(mult(mult(z,u),w),mult(u,w))))),mult(u,w)) = mult(mult(ld(mult(x,y),mult(x,mult(y,z))),u),w).  [para(40(a,1),12(a,1,1))].
    new demodulator: 128.
kept:      129 rd(mult(mult(ld(x,mult(rd(x,y),mult(y,z))),u),w),mult(u,w)) = ld(x,mult(rd(x,y),mult(y,rd(mult(mult(z,u),w),mult(u,w))))).  [para(12(a,1),40(a,1,1,1,1,1)),rewrite([12(10)])].
    new demodulator: 129.
kept:      130 rd(mult(mult(ld(mult(rd(x,mult(y,z)),y),x),u),w),mult(u,w)) = ld(mult(rd(x,mult(y,z)),y),mult(rd(x,mult(y,z)),mult(y,rd(mult(mult(z,u),w),mult(u,w))))).  [para(12(a,1),40(a,1,1,1,1,2))].
    new demodulator: 130.
kept:      131 rd(mult(mult(ld(mult(x,y),mult(x,mult(y,z))),rd(u,w)),w),u) = ld(mult(x,y),mult(x,mult(y,rd(mult(mult(z,rd(u,w)),w),u)))).  [para(12(a,1),40(a,1,2)),rewrite([12(14)])].
    new demodulator: 131.
kept:      132 ld(mult(ld(x,mult(y,x)),ld(x,mult(y,x))),mult(ld(x,mult(y,x)),mult(ld(x,mult(y,x)),ld(x,mult(rd(mult(mult(y,z),u),mult(z,u)),x))))) = ld(x,mult(ld(mult(ld(x,mult(y,x)),ld(x,mult(y,x))),mult(rd(mult(mult(y,z),u),mult(z,u)),mult(ld(x,mult(y,x)),ld(x,mult(y,x))))),x)).  [para(34(a,1),40(a,1,1,1,1)),rewrite([38(18),38(16),38(33)]),flip(a)].
    new demodulator: 132.
kept:      133 ld(mult(x,x),mult(rd(mult(mult(x,y),z),mult(y,z)),mult(x,x))) = ld(mult(x,x),mult(x,mult(x,rd(mult(mult(x,y),z),mult(y,z))))).  [para(40(a,1),38(a,1)),flip(a)].
    new demodulator: 133.
    starting back demodulation with 123.
    starting back demodulation with 124.
        124 back demodulating 40.
    starting back demodulation with 125.
    starting back demodulation with 126.
    starting back demodulation with 127.
    starting back demodulation with 128.
    starting back demodulation with 129.
    starting back demodulation with 130.
    starting back demodulation with 131.
    starting back demodulation with 132.
    starting back demodulation with 133.

given #21 (I,wt=35): 42 ld(mult(x,y),mult(x,mult(y,ld(mult(z,u),mult(z,mult(u,w)))))) = ld(mult(z,u),mult(z,mult(u,ld(mult(x,y),mult(x,mult(y,w)))))).  [copy(41),rewrite([18(1),18(5),18(9),18(13)])].
kept:      134 mult(mult(x,y),ld(mult(z,u),mult(z,mult(u,ld(mult(x,y),mult(x,mult(y,w))))))) = mult(x,mult(y,ld(mult(z,u),mult(z,mult(u,w))))).  [para(42(a,1),10(a,1,2))].
    new demodulator: 134.
kept:      135 ld(mult(x,y),mult(x,mult(y,ld(z,mult(u,mult(ld(u,z),w)))))) = ld(z,mult(u,mult(ld(u,z),ld(mult(x,y),mult(x,mult(y,w)))))).  [para(10(a,1),42(a,1,1)),rewrite([10(11)]),flip(a)].
kept:      136 ld(mult(x,y),mult(x,mult(y,ld(mult(z,u),mult(z,mult(u,ld(y,w))))))) = ld(mult(z,u),mult(z,mult(u,ld(mult(x,y),mult(x,w))))).  [para(10(a,1),42(a,1,2,2,2,2,2)),flip(a)].
kept:      137 ld(mult(x,y),mult(x,mult(y,ld(mult(z,mult(x,y)),mult(z,mult(mult(x,y),u)))))) = ld(mult(z,mult(x,y)),mult(z,mult(x,mult(y,u)))).  [para(10(a,1),42(a,1,2,2)),flip(a)].
    new demodulator: 137.
kept:      138 ld(mult(x,y),mult(x,mult(y,ld(z,mult(rd(z,u),mult(u,w)))))) = ld(z,mult(rd(z,u),mult(u,ld(mult(x,y),mult(x,mult(y,w)))))).  [para(12(a,1),42(a,1,1)),rewrite([12(11)]),flip(a)].
kept:      139 ld(mult(x,rd(y,z)),mult(x,mult(rd(y,z),ld(mult(u,w),mult(u,mult(w,z)))))) = ld(mult(u,w),mult(u,mult(w,ld(mult(x,rd(y,z)),mult(x,y))))).  [para(12(a,1),42(a,1,2,2,2,2,2)),flip(a)].
kept:      140 ld(mult(rd(x,mult(y,z)),y),mult(rd(x,mult(y,z)),mult(y,ld(mult(u,w),mult(u,mult(w,z)))))) = ld(mult(u,w),mult(u,mult(w,ld(mult(rd(x,mult(y,z)),y),x)))).  [para(12(a,1),42(a,1,2,2,2,2)),flip(a)].
kept:      141 ld(mult(x,y),mult(x,mult(y,ld(mult(z,rd(u,ld(mult(x,y),mult(x,mult(y,w))))),mult(z,mult(rd(u,ld(mult(x,y),mult(x,mult(y,w)))),w)))))) = ld(mult(z,rd(u,ld(mult(x,y),mult(x,mult(y,w))))),mult(z,u)).  [para(12(a,1),42(a,1,2,2)),flip(a)].
    new demodulator: 141.
kept:      142 ld(mult(x,y),mult(x,mult(y,ld(mult(rd(z,mult(u,ld(mult(x,y),mult(x,mult(y,w))))),u),mult(rd(z,mult(u,ld(mult(x,y),mult(x,mult(y,w))))),mult(u,w)))))) = ld(mult(rd(z,mult(u,ld(mult(x,y),mult(x,mult(y,w))))),u),z).  [para(12(a,1),42(a,1,2)),flip(a)].
    new demodulator: 142.
kept:      143 ld(mult(x,y),mult(x,mult(y,ld(mult(ld(mult(x,y),mult(x,mult(y,z))),ld(mult(x,y),mult(x,mult(y,z)))),mult(ld(mult(x,y),mult(x,mult(y,z))),mult(ld(mult(x,y),mult(x,mult(y,z))),z)))))) = ld(mult(x,y),mult(x,mult(y,ld(mult(ld(mult(x,y),mult(x,mult(y,z))),ld(mult(x,y),mult(x,mult(y,z)))),mult(z,mult(ld(mult(x,y),mult(x,mult(y,z))),ld(mult(x,y),mult(x,mult(y,z))))))))).  [para(42(a,1),22(a,2)),rewrite([22(14),99(24)]),flip(a)].
    new demodulator: 143.
kept:      144 ld(mult(x,y),mult(x,mult(y,ld(mult(z,u),mult(z,mult(u,w)))))) != ld(mult(x,y),mult(x,mult(y,w))) | ld(mult(z,mult(u,ld(mult(x,y),mult(x,mult(y,w))))),mult(mult(z,u),ld(mult(x,y),mult(x,mult(y,w))))) = e.  [para(42(a,1),26(a,1))].
kept:      145 ld(mult(ld(x,mult(y,x)),ld(x,mult(y,x))),mult(ld(x,mult(y,x)),mult(ld(x,mult(y,x)),ld(mult(z,u),mult(z,mult(u,ld(x,mult(y,x)))))))) = ld(mult(z,u),mult(z,mult(u,ld(x,mult(ld(mult(ld(x,mult(y,x)),ld(x,mult(y,x))),mult(y,mult(ld(x,mult(y,x)),ld(x,mult(y,x))))),x))))).  [para(34(a,1),42(a,1,2,2,2)),flip(a)].
kept:      146 ld(mult(x,x),mult(ld(mult(y,z),mult(y,mult(z,x))),mult(x,x))) = ld(mult(x,x),mult(x,mult(x,ld(mult(y,z),mult(y,mult(z,x)))))).  [para(42(a,1),36(a,1)),flip(a)].
    new demodulator: 146.
kept:      147 ld(mult(x,y),mult(x,mult(y,ld(z,mult(ld(mult(u,w),mult(u,mult(w,v5))),z))))) = ld(z,mult(ld(mult(u,w),mult(u,mult(w,ld(mult(x,y),mult(x,mult(y,v5)))))),z)).  [para(42(a,1),36(a,2,2,1))].
kept:      148 ld(mult(x,y),mult(x,mult(y,ld(mult(z,u),mult(z,mult(u,ld(w,mult(v5,w)))))))) = ld(mult(z,u),mult(z,mult(u,ld(w,mult(ld(mult(x,y),mult(x,mult(y,v5))),w))))).  [para(36(a,1),42(a,1,2,2,2)),flip(a)].
kept:      149 ld(mult(x,y),mult(x,mult(y,ld(mult(z,u),mult(z,mult(u,ld(mult(w,v5),mult(w,mult(v5,v6))))))))) = ld(mult(w,v5),mult(w,mult(v5,ld(mult(x,y),mult(x,mult(y,ld(mult(z,u),mult(z,mult(u,v6))))))))).  [para(42(a,1),42(a,1,2,2,2))].
    starting back demodulation with 134.
    starting back demodulation with 137.
    starting back demodulation with 141.
    starting back demodulation with 142.
    starting back demodulation with 143.
    starting back demodulation with 146.
        146 back demodulating 112.

given #22 (I,wt=35): 44 rd(mult(mult(rd(mult(mult(x,y),z),mult(y,z)),u),w),mult(u,w)) = rd(mult(mult(rd(mult(mult(x,u),w),mult(u,w)),y),z),mult(y,z)).  [copy(43),rewrite([20(1),20(5),20(9),20(13)])].
kept:      150 rd(mult(mult(rd(mult(mult(x,y),z),mult(y,z)),ld(x,u)),w),mult(ld(x,u),w)) = rd(mult(mult(rd(mult(u,w),mult(ld(x,u),w)),y),z),mult(y,z)).  [para(10(a,1),44(a,1,1,1,1,1,1)),flip(a)].
kept:      151 rd(mult(mult(rd(mult(mult(x,y),z),mult(y,z)),u),ld(mult(x,u),w)),mult(u,ld(mult(x,u),w))) = rd(mult(mult(rd(w,mult(u,ld(mult(x,u),w))),y),z),mult(y,z)).  [para(10(a,1),44(a,1,1,1,1,1)),flip(a)].
kept:      152 rd(mult(mult(rd(mult(mult(x,y),ld(y,z)),z),u),w),mult(u,w)) = rd(mult(mult(rd(mult(mult(x,u),w),mult(u,w)),y),ld(y,z)),z).  [para(10(a,1),44(a,1,1,1,1,2)),rewrite([10(17)])].
kept:      153 rd(mult(mult(rd(mult(mult(x,ld(rd(mult(mult(x,y),z),mult(y,z)),u)),w),mult(ld(rd(mult(mult(x,y),z),mult(y,z)),u),w)),y),z),mult(y,z)) = rd(mult(u,w),mult(ld(rd(mult(mult(x,y),z),mult(y,z)),u),w)).  [para(10(a,1),44(a,1,1,1)),flip(a)].
    new demodulator: 153.
kept:      154 rd(mult(mult(rd(mult(mult(x,y),ld(mult(rd(mult(mult(x,z),u),mult(z,u)),y),w)),mult(y,ld(mult(rd(mult(mult(x,z),u),mult(z,u)),y),w))),z),u),mult(z,u)) = rd(w,mult(y,ld(mult(rd(mult(mult(x,z),u),mult(z,u)),y),w))).  [para(10(a,1),44(a,1,1)),flip(a)].
    new demodulator: 154.
kept:      155 mult(rd(mult(mult(rd(mult(mult(x,y),z),mult(y,z)),u),w),mult(u,w)),mult(y,z)) = mult(mult(rd(mult(mult(x,u),w),mult(u,w)),y),z).  [para(44(a,1),12(a,1,1))].
    new demodulator: 155.
kept:      156 rd(mult(mult(rd(mult(mult(rd(x,y),z),u),mult(z,u)),y),w),mult(y,w)) = rd(mult(mult(rd(mult(x,w),mult(y,w)),z),u),mult(z,u)).  [para(12(a,1),44(a,1,1,1,1,1,1)),flip(a)].
kept:      157 rd(mult(mult(rd(mult(mult(x,rd(y,z)),z),y),u),w),mult(u,w)) = rd(mult(mult(rd(mult(mult(x,u),w),mult(u,w)),rd(y,z)),z),y).  [para(12(a,1),44(a,1,1,1,1,2)),rewrite([12(17)])].
kept:      158 rd(mult(mult(rd(mult(mult(x,mult(y,z)),u),mult(mult(y,z),u)),y),z),mult(y,z)) = rd(mult(mult(mult(x,y),z),u),mult(mult(y,z),u)).  [para(12(a,1),44(a,1,1,1)),flip(a)].
    new demodulator: 158.
kept:      159 ld(x,mult(rd(mult(mult(rd(mult(mult(y,z),u),mult(z,u)),w),v5),mult(w,v5)),x)) = ld(x,mult(rd(mult(mult(rd(mult(mult(y,w),v5),mult(w,v5)),z),u),mult(z,u)),x)).  [para(44(a,1),38(a,2,2,1)),rewrite([38(10)])].
kept:      160 rd(mult(mult(rd(mult(mult(rd(mult(mult(x,y),z),mult(y,z)),u),w),mult(u,w)),v5),v6),mult(v5,v6)) = rd(mult(mult(rd(mult(mult(rd(mult(mult(x,v5),v6),mult(v5,v6)),y),z),mult(y,z)),u),w),mult(u,w)).  [para(44(a,1),44(a,1,1,1,1)),flip(a)].
    starting back demodulation with 153.
    starting back demodulation with 154.
    starting back demodulation with 155.
    starting back demodulation with 158.

given #23 (I,wt=15): 45 mult(mult(mult(x,y),x),z) = mult(x,mult(y,mult(x,z))).  [assumption].
kept:      161 mult(mult(x,x),y) = mult(x,mult(x,y)).  [para(7(a,1),45(a,2,2)),rewrite([8(2)])].
    new demodulator: 161.
kept:      162 mult(mult(x,y),x) = mult(x,mult(y,x)).  [para(45(a,1),8(a,1)),rewrite([8(2)]),flip(a)].
    new demodulator: 162.
kept:      163 ld(mult(x,mult(y,x)),mult(x,mult(y,mult(x,z)))) = z.  [para(45(a,1),9(a,1,2)),rewrite([162(2)])].
    new demodulator: 163.
kept:      164 mult(x,mult(y,mult(x,ld(mult(x,mult(y,x)),z)))) = z.  [para(45(a,1),10(a,1)),rewrite([162(2)])].
    new demodulator: 164.
kept:      165 mult(x,mult(ld(x,y),mult(x,z))) = mult(mult(y,x),z).  [para(10(a,1),45(a,1,1,1)),flip(a)].
    new demodulator: 165.
kept:      166 mult(mult(x,mult(y,x)),ld(x,z)) = mult(x,mult(y,z)).  [para(10(a,1),45(a,2,2,2)),rewrite([162(2)])].
    new demodulator: 166.
kept:      167 rd(mult(x,mult(y,mult(x,z))),z) = mult(x,mult(y,x)).  [para(45(a,1),11(a,1,1)),rewrite([162(6)])].
    new demodulator: 167.
kept:      168 mult(mult(x,rd(x,y)),z) = mult(rd(x,y),mult(y,mult(rd(x,y),z))).  [para(12(a,1),45(a,1,1,1))].
    new demodulator: 168.
kept:      169 mult(mult(rd(x,y),mult(z,rd(x,y))),y) = mult(rd(x,y),mult(z,x)).  [para(12(a,1),45(a,2,2,2)),rewrite([162(4)])].
    new demodulator: 169.
kept:      170 mult(mult(x,mult(rd(y,mult(x,z)),x)),z) = mult(x,y).  [para(12(a,1),45(a,2,2)),rewrite([162(4)])].
    new demodulator: 170.
kept:      171 ld(mult(x,mult(mult(y,mult(z,y)),u)),mult(mult(x,mult(y,mult(z,y))),u)) = ld(mult(x,mult(y,mult(z,mult(y,u)))),mult(mult(x,mult(y,mult(z,y))),u)).  [para(45(a,1),14(a,2,1,2)),rewrite([162(2),14(3),162(15)])].
    new demodulator: 171.
kept:      172 ld(mult(mult(x,mult(y,x)),mult(z,u)),mult(mult(mult(x,mult(y,x)),z),u)) = ld(mult(x,mult(y,mult(x,mult(z,u)))),mult(mult(mult(x,mult(y,x)),z),u)).  [para(45(a,1),14(a,2,1)),rewrite([162(2),14(3),162(15)])].
    new demodulator: 172.
kept:      173 ld(mult(mult(x,mult(y,x)),mult(z,u)),mult(mult(x,mult(y,mult(x,z))),u)) = ld(mult(x,mult(y,mult(x,mult(z,u)))),mult(mult(mult(x,mult(y,x)),z),u)).  [para(45(a,1),14(a,2,2,1)),rewrite([162(2),14(3),172(9),162(11)]),flip(a)].
    new demodulator: 173.
kept:      174 ld(mult(mult(x,y),mult(x,z)),mult(mult(x,mult(y,x)),z)) = ld(mult(mult(x,y),mult(x,z)),mult(x,mult(y,mult(x,z)))).  [para(45(a,1),14(a,2,2)),rewrite([14(2),162(5)])].
    new demodulator: 174.
kept:      175 ld(mult(mult(x,mult(y,x)),z),mult(z,mult(x,mult(y,x)))) = ld(mult(x,mult(y,mult(x,z))),mult(z,mult(x,mult(y,x)))).  [para(45(a,1),16(a,2,1)),rewrite([162(2),16(3),162(12)])].
    new demodulator: 175.
kept:      176 ld(mult(x,mult(y,mult(z,y))),mult(mult(y,mult(z,y)),x)) = ld(mult(x,mult(y,mult(z,y))),mult(y,mult(z,mult(y,x)))).  [para(45(a,1),16(a,2,2)),rewrite([162(2),16(3),162(9)])].
    new demodulator: 176.
kept:      177 ld(mult(mult(x,mult(y,x)),z),mult(mult(x,mult(y,x)),mult(z,u))) = ld(mult(x,mult(y,mult(x,z))),mult(mult(x,mult(y,x)),mult(z,u))).  [para(45(a,1),18(a,2,1)),rewrite([162(2),18(3),162(13)])].
    new demodulator: 177.
kept:      178 ld(mult(x,mult(y,mult(z,y))),mult(x,mult(mult(y,mult(z,y)),u))) = ld(mult(x,mult(y,mult(z,y))),mult(x,mult(y,mult(z,mult(y,u))))).  [para(45(a,1),18(a,2,2,2)),rewrite([162(2),18(3),162(10)])].
    new demodulator: 178.
kept:      179 ld(mult(mult(x,mult(y,x)),z),mult(x,mult(y,mult(x,mult(z,u))))) = ld(mult(x,mult(y,mult(x,z))),mult(mult(x,mult(y,x)),mult(z,u))).  [para(45(a,1),18(a,2,2)),rewrite([162(2),18(3),177(8),162(10)]),flip(a)].
    new demodulator: 179.
kept:      180 rd(mult(mult(mult(x,mult(y,x)),z),u),mult(z,u)) = rd(mult(mult(x,mult(y,mult(x,z))),u),mult(z,u)).  [para(45(a,1),20(a,2,1,1)),rewrite([162(2),20(3)])].
    new demodulator: 180.
kept:      181 rd(mult(mult(x,mult(y,x)),z),mult(x,z)) = rd(mult(x,mult(y,mult(x,z))),mult(x,z)).  [para(45(a,1),20(a,2,1)),rewrite([20(2),162(2)])].
    new demodulator: 181.
kept:      182 rd(mult(mult(x,mult(y,mult(z,y))),u),mult(mult(y,mult(z,y)),u)) = rd(mult(mult(x,mult(y,mult(z,y))),u),mult(y,mult(z,mult(y,u)))).  [para(45(a,1),20(a,2,2)),rewrite([162(2),20(3),162(10)])].
    new demodulator: 182.
kept:      183 ld(x,mult(mult(y,mult(z,y)),x)) = ld(x,mult(y,mult(z,mult(y,x)))).  [para(45(a,1),22(a,2,2)),rewrite([162(2),22(3)])].
    new demodulator: 183.
kept:      184 ld(mult(x,mult(y,mult(z,mult(y,u)))),mult(mult(x,mult(y,mult(z,y))),u)) != e | ld(mult(x,mult(y,mult(z,y))),mult(x,mult(y,mult(z,mult(y,u))))) = u.  [para(45(a,1),24(a,1,1,2)),rewrite([162(6),162(13),162(16),178(19)])].
kept:      185 ld(mult(x,mult(y,mult(x,mult(z,u)))),mult(mult(mult(x,mult(y,x)),z),u)) != e | ld(mult(x,mult(y,mult(x,z))),mult(mult(x,mult(y,x)),mult(z,u))) = u.  [para(45(a,1),24(a,1,1)),rewrite([162(6),162(13),162(16),177(19)])].
kept:      186 ld(mult(mult(x,y),mult(x,z)),mult(x,mult(y,mult(x,z)))) != e | ld(mult(x,mult(y,x)),mult(mult(x,y),mult(x,z))) = z.  [para(45(a,1),24(a,1,2)),rewrite([162(11)])].
kept:      187 ld(mult(x,mult(y,mult(x,z))),mult(mult(x,mult(y,x)),mult(z,u))) != u | ld(mult(x,mult(y,mult(x,mult(z,u)))),mult(mult(mult(x,mult(y,x)),z),u)) = e.  [para(45(a,1),26(a,1,1)),rewrite([162(5),162(11),162(15),172(18)])].
kept:      188 ld(mult(x,mult(y,mult(z,y))),mult(x,mult(y,mult(z,mult(y,u))))) != u | ld(mult(x,mult(y,mult(z,mult(y,u)))),mult(mult(x,mult(y,mult(z,y))),u)) = e.  [para(45(a,1),26(a,1,2,2)),rewrite([162(2),162(11),162(15),171(18)])].
kept:      189 ld(x,mult(y,mult(z,mult(y,x)))) != mult(y,mult(z,y)) | ld(mult(y,mult(z,y)),mult(x,mult(y,mult(z,y)))) = x.  [para(45(a,1),28(a,1,2)),rewrite([162(6),162(9),162(11)])].
kept:      190 ld(x,mult(y,mult(z,mult(y,x)))) != mult(y,mult(z,y)) | ld(mult(x,mult(y,mult(z,y))),mult(y,mult(z,mult(y,x)))) = e.  [para(45(a,1),30(a,1,2)),rewrite([162(6),162(9),162(12),176(14)])].
kept:      191 ld(mult(x,mult(y,mult(x,z))),mult(z,mult(x,mult(y,x)))) != e | ld(mult(x,mult(y,x)),mult(z,mult(x,mult(y,x)))) = z.  [para(45(a,1),32(a,1,1)),rewrite([162(5),162(11),162(13)])].
kept:      192 ld(mult(x,mult(y,mult(z,y))),mult(y,mult(z,mult(y,x)))) != e | ld(x,mult(y,mult(z,mult(y,x)))) = mult(y,mult(z,y)).  [para(45(a,1),32(a,1,2)),rewrite([162(2),162(11),183(13),162(15)])].
kept:      193 ld(x,mult(ld(y,mult(z,mult(u,mult(z,y)))),x)) = ld(y,mult(ld(x,mult(z,mult(u,mult(z,x)))),y)).  [para(45(a,1),34(a,1,2,1,2)),rewrite([162(8),183(10)])].
kept:      194 ld(mult(x,mult(y,mult(x,z))),mult(mult(x,mult(y,x)),mult(z,ld(u,mult(w,u))))) = ld(u,mult(ld(mult(x,mult(y,mult(x,z))),mult(mult(x,mult(y,x)),mult(z,w))),u)).  [para(45(a,1),36(a,1,1)),rewrite([162(5),162(12),162(15),177(18)])].
kept:      195 ld(mult(x,y),mult(x,mult(y,ld(z,mult(u,mult(w,mult(u,z))))))) = ld(z,mult(ld(mult(x,y),mult(x,mult(y,mult(u,mult(w,u))))),z)).  [para(45(a,1),36(a,1,2,2,2,2)),rewrite([162(11)])].
kept:      196 ld(mult(x,mult(y,mult(z,y))),mult(x,mult(y,mult(z,mult(y,ld(u,mult(w,u))))))) = ld(u,mult(ld(mult(x,mult(y,mult(z,y))),mult(x,mult(y,mult(z,mult(y,w))))),u)).  [para(45(a,1),36(a,1,2,2)),rewrite([162(2),162(12),162(15),178(18)])].
kept:      197 rd(mult(mult(ld(x,mult(y,mult(z,mult(y,x)))),u),w),mult(u,w)) = ld(x,mult(rd(mult(mult(y,mult(z,mult(y,u))),w),mult(u,w)),x)).  [para(45(a,1),38(a,1,1,1,1,2)),rewrite([162(10),180(14)])].
    new demodulator: 197.
kept:      198 rd(mult(mult(ld(x,mult(y,x)),mult(z,mult(u,z))),w),mult(z,mult(u,mult(z,w)))) = ld(x,mult(rd(mult(mult(y,mult(z,mult(u,z))),w),mult(z,mult(u,mult(z,w)))),x)).  [para(45(a,1),38(a,1,2)),rewrite([162(4),162(12),162(16),182(18)])].
    new demodulator: 198.
kept:      199 ld(mult(x,mult(y,mult(x,z))),mult(mult(x,mult(y,x)),mult(z,ld(mult(u,w),mult(u,mult(w,v5)))))) = ld(mult(u,w),mult(u,mult(w,ld(mult(x,mult(y,mult(x,z))),mult(mult(x,mult(y,x)),mult(z,v5)))))).  [para(45(a,1),42(a,1,1)),rewrite([162(5),162(15),162(18),177(21)])].
kept:      200 ld(mult(x,mult(y,mult(z,y))),mult(x,mult(y,mult(z,mult(y,ld(mult(u,w),mult(u,mult(w,v5)))))))) = ld(mult(u,w),mult(u,mult(w,ld(mult(x,mult(y,mult(z,y))),mult(x,mult(y,mult(z,mult(y,v5)))))))).  [para(45(a,1),42(a,1,2,2,2,2,2)),rewrite([162(3),162(14),162(17),178(24)]),flip(a)].
kept:      201 rd(mult(mult(rd(mult(mult(x,mult(y,mult(x,z))),u),mult(z,u)),w),v5),mult(w,v5)) = rd(mult(mult(rd(mult(mult(x,mult(y,mult(x,w))),v5),mult(w,v5)),z),u),mult(z,u)).  [para(45(a,1),44(a,1,1,1,1,1,1)),rewrite([162(12),180(16)])].
kept:      202 rd(mult(mult(rd(mult(mult(mult(x,y),z),u),mult(z,u)),x),w),mult(x,w)) = rd(mult(mult(rd(mult(x,mult(y,mult(x,w))),mult(x,w)),z),u),mult(z,u)).  [para(45(a,1),44(a,1,1,1,1,1)),flip(a)].
kept:      203 rd(mult(mult(rd(mult(mult(x,mult(y,mult(z,y))),u),mult(y,mult(z,mult(y,u)))),w),v5),mult(w,v5)) = rd(mult(mult(rd(mult(mult(x,w),v5),mult(w,v5)),mult(y,mult(z,y))),u),mult(y,mult(z,mult(y,u)))).  [para(45(a,1),44(a,1,1,1,1,2)),rewrite([162(2),162(18),162(22),182(24)])].
kept:      204 mult(mult(mult(x,mult(y,mult(x,z))),mult(x,mult(y,x))),u) = mult(mult(x,mult(y,x)),mult(z,mult(mult(x,mult(y,x)),u))).  [para(45(a,1),45(a,1,1,1)),rewrite([162(5),162(9),162(11)])].
    new demodulator: 204.
kept:      205 mult(mult(x,mult(y,mult(x,mult(x,y)))),z) = mult(mult(x,y),mult(x,mult(mult(x,y),z))).  [para(45(a,1),45(a,1,1))].
    new demodulator: 205.
kept:      206 mult(mult(mult(x,mult(y,x)),mult(z,mult(x,mult(y,x)))),u) = mult(mult(x,mult(y,x)),mult(z,mult(x,mult(y,mult(x,u))))).  [para(45(a,1),45(a,2,2,2)),rewrite([162(2),162(5),162(6),162(9)])].
    new demodulator: 206.
kept:      207 mult(mult(x,mult(mult(y,mult(z,y)),x)),u) = mult(x,mult(y,mult(z,mult(y,mult(x,u))))).  [para(45(a,1),45(a,2,2)),rewrite([162(2),162(4)])].
    new demodulator: 207.
kept:      208 mult(mult(x,mult(y,x)),mult(z,mult(x,mult(y,mult(x,u))))) = mult(x,mult(y,mult(x,mult(z,mult(mult(x,mult(y,x)),u))))).  [para(45(a,1),45(a,2)),rewrite([162(2),162(5),162(6),206(7),162(9)])].
    starting back demodulation with 161.
        161 back demodulating 80.
    starting back demodulation with 162.
        162 back demodulating 45.
kept:      209 mult(mult(x,mult(y,x)),z) = mult(x,mult(y,mult(x,z))).  [back_rewrite(45),rewrite([162(2)])].
    new demodulator: 209.
    starting back demodulation with 163.
    starting back demodulation with 164.
    starting back demodulation with 165.
    starting back demodulation with 166.
    starting back demodulation with 167.
    starting back demodulation with 168.
    starting back demodulation with 169.
    starting back demodulation with 170.
    starting back demodulation with 171.
    starting back demodulation with 172.
    starting back demodulation with 173.
    starting back demodulation with 174.
    starting back demodulation with 175.
    starting back demodulation with 176.
    starting back demodulation with 177.
    starting back demodulation with 178.
    starting back demodulation with 179.
    starting back demodulation with 180.
    starting back demodulation with 181.
    starting back demodulation with 182.
    starting back demodulation with 183.
    starting back demodulation with 197.
    starting back demodulation with 198.
    starting back demodulation with 204.
    starting back demodulation with 205.
    starting back demodulation with 206.
    starting back demodulation with 207.
    starting back demodulation with 209.
        209 back demodulating 208.
        209 back demodulating 207.
kept:      210 mult(mult(x,mult(y,mult(z,mult(y,x)))),u) = mult(x,mult(y,mult(z,mult(y,mult(x,u))))).  [back_rewrite(207),rewrite([209(3)])].
    new demodulator: 210.
        209 back demodulating 206.
kept:      211 mult(mult(x,mult(y,mult(x,mult(z,mult(x,mult(y,x)))))),u) = mult(x,mult(y,mult(x,mult(z,mult(x,mult(y,mult(x,u))))))).  [back_rewrite(206),rewrite([209(6),209(14)])].
    new demodulator: 211.
        209 back demodulating 204.
kept:      212 mult(mult(mult(x,mult(y,mult(x,z))),mult(x,mult(y,x))),u) = mult(x,mult(y,mult(x,mult(z,mult(x,mult(y,mult(x,u))))))).  [back_rewrite(204),rewrite([209(12),209(14)])].
    new demodulator: 212.
        209 back demodulating 199.
kept:      213 ld(mult(x,mult(y,mult(x,z))),mult(x,mult(y,mult(x,mult(z,ld(mult(u,w),mult(u,mult(w,v5)))))))) = ld(mult(u,w),mult(u,mult(w,ld(mult(x,mult(y,mult(x,z))),mult(x,mult(y,mult(x,mult(z,v5)))))))).  [back_rewrite(199),rewrite([209(11),209(20)])].
        209 back demodulating 194.
kept:      214 ld(mult(x,mult(y,mult(x,z))),mult(x,mult(y,mult(x,mult(z,ld(u,mult(w,u))))))) = ld(u,mult(ld(mult(x,mult(y,mult(x,z))),mult(x,mult(y,mult(x,mult(z,w))))),u)).  [back_rewrite(194),rewrite([209(9),209(17)])].
        209 back demodulating 187.
kept:      215 ld(mult(x,mult(y,mult(x,z))),mult(x,mult(y,mult(x,mult(z,u))))) != u | ld(mult(x,mult(y,mult(x,mult(z,u)))),mult(mult(x,mult(y,mult(x,z))),u)) = e.  [back_rewrite(187),rewrite([209(7),209(16)])].
        209 back demodulating 185.
kept:      216 ld(mult(x,mult(y,mult(x,mult(z,u)))),mult(mult(x,mult(y,mult(x,z))),u)) != e | ld(mult(x,mult(y,mult(x,z))),mult(x,mult(y,mult(x,mult(z,u))))) = u.  [back_rewrite(185),rewrite([209(7),209(18)])].
        209 back demodulating 183.
        209 back demodulating 182.
        209 back demodulating 181.
        209 back demodulating 180.
        209 back demodulating 179.
        209 back demodulating 178.
        209 back demodulating 177.
        209 back demodulating 176.
        209 back demodulating 175.
        209 back demodulating 174.
        209 back demodulating 173.
        209 back demodulating 172.
        209 back demodulating 171.
        209 back demodulating 170.
        209 back demodulating 169.
        209 back demodulating 166.
    starting back demodulation with 210.
    starting back demodulation with 211.
    starting back demodulation with 212.

given #24 (I,wt=15): 46 mult(mult(x,mult(x,y)),z) = mult(x,mult(x,mult(y,z))).  [assumption].
kept:      217 ld(mult(x,mult(x,y)),mult(x,mult(x,mult(y,z)))) = z.  [para(46(a,1),9(a,1,2))].
    new demodulator: 217.
kept:      218 mult(x,mult(x,mult(y,ld(mult(x,mult(x,y)),z)))) = z.  [para(46(a,1),10(a,1))].
    new demodulator: 218.
kept:      219 mult(x,mult(x,mult(ld(x,y),z))) = mult(mult(x,y),z).  [para(10(a,1),46(a,1,1,2)),flip(a)].
    new demodulator: 219.
kept:      220 rd(mult(x,mult(x,mult(y,z))),z) = mult(x,mult(x,y)).  [para(46(a,1),11(a,1,1))].
    new demodulator: 220.
kept:      221 mult(mult(rd(x,y),x),z) = mult(rd(x,y),mult(rd(x,y),mult(y,z))).  [para(12(a,1),46(a,1,1,2))].
    new demodulator: 221.
kept:      222 ld(mult(x,mult(y,mult(y,mult(z,u)))),mult(mult(x,mult(y,mult(y,z))),u)) != e | ld(mult(x,mult(y,mult(y,z))),mult(x,mult(y,mult(y,mult(z,u))))) = u.  [para(46(a,1),24(a,1,1,2)),rewrite([46(17)])].
kept:      223 ld(mult(x,mult(x,mult(y,mult(z,u)))),mult(x,mult(x,mult(mult(y,z),u)))) != e | ld(mult(x,mult(x,mult(y,z))),mult(x,mult(x,mult(y,mult(z,u))))) = u.  [para(46(a,1),24(a,1,1)),rewrite([46(7),46(8),46(14),46(18)])].
kept:      224 ld(mult(x,mult(mult(x,y),z)),mult(x,mult(x,mult(y,z)))) != e | ld(mult(x,mult(x,y)),mult(x,mult(mult(x,y),z))) = z.  [para(46(a,1),24(a,1,2))].
kept:      225 ld(mult(x,mult(x,mult(y,z))),mult(x,mult(x,mult(y,mult(z,u))))) != u | ld(mult(x,mult(x,mult(y,mult(z,u)))),mult(x,mult(x,mult(mult(y,z),u)))) = e.  [para(46(a,1),26(a,1,1)),rewrite([46(7),46(13),46(16),46(17)])].
kept:      226 ld(mult(x,mult(y,mult(y,z))),mult(x,mult(y,mult(y,mult(z,u))))) != u | ld(mult(x,mult(y,mult(y,mult(z,u)))),mult(mult(x,mult(y,mult(y,z))),u)) = e.  [para(46(a,1),26(a,1,2,2)),rewrite([46(12)])].
kept:      227 ld(x,mult(y,mult(y,mult(z,x)))) != mult(y,mult(y,z)) | ld(mult(y,mult(y,z)),mult(x,mult(y,mult(y,z)))) = x.  [para(46(a,1),28(a,1,2))].
kept:      228 ld(x,mult(y,mult(y,mult(z,x)))) != mult(y,mult(y,z)) | ld(mult(x,mult(y,mult(y,z))),mult(y,mult(y,mult(z,x)))) = e.  [para(46(a,1),30(a,1,2)),rewrite([46(13)])].
kept:      229 ld(mult(x,mult(x,mult(y,z))),mult(z,mult(x,mult(x,y)))) != e | ld(mult(x,mult(x,y)),mult(z,mult(x,mult(x,y)))) = z.  [para(46(a,1),32(a,1,1))].
kept:      230 ld(mult(x,mult(y,mult(y,z))),mult(y,mult(y,mult(z,x)))) != e | ld(x,mult(y,mult(y,mult(z,x)))) = mult(y,mult(y,z)).  [para(46(a,1),32(a,1,2)),rewrite([46(12)])].
kept:      231 ld(x,mult(ld(y,mult(z,mult(z,mult(u,y)))),x)) = ld(y,mult(ld(x,mult(z,mult(z,mult(u,x)))),y)).  [para(46(a,1),34(a,1,2,1,2)),rewrite([46(9)])].
kept:      232 ld(mult(x,mult(x,mult(y,z))),mult(x,mult(x,mult(y,mult(z,ld(u,mult(w,u))))))) = ld(u,mult(ld(mult(x,mult(x,mult(y,z))),mult(x,mult(x,mult(y,mult(z,w))))),u)).  [para(46(a,1),36(a,1,1)),rewrite([46(9),46(13),46(17)])].
kept:      233 ld(mult(x,y),mult(x,mult(y,ld(z,mult(u,mult(u,mult(w,z))))))) = ld(z,mult(ld(mult(x,y),mult(x,mult(y,mult(u,mult(u,w))))),z)).  [para(46(a,1),36(a,1,2,2,2,2))].
kept:      234 ld(mult(x,mult(y,mult(y,z))),mult(x,mult(y,mult(y,mult(z,ld(u,mult(w,u))))))) = ld(u,mult(ld(mult(x,mult(y,mult(y,z))),mult(x,mult(y,mult(y,mult(z,w))))),u)).  [para(46(a,1),36(a,1,2,2)),rewrite([46(16)])].
kept:      235 rd(mult(mult(ld(x,mult(y,mult(y,mult(z,x)))),u),w),mult(u,w)) = ld(x,mult(rd(mult(y,mult(y,mult(mult(z,u),w))),mult(u,w)),x)).  [para(46(a,1),38(a,1,1,1,1,2)),rewrite([46(11),46(12)])].
    new demodulator: 235.
kept:      236 ld(x,mult(rd(mult(mult(y,mult(ld(x,mult(y,x)),z)),u),mult(mult(ld(x,mult(y,x)),z),u)),x)) = rd(mult(ld(x,mult(y,x)),mult(ld(x,mult(y,x)),mult(z,u))),mult(mult(ld(x,mult(y,x)),z),u)).  [para(46(a,1),38(a,1,1)),flip(a)].
    new demodulator: 236.
kept:      237 rd(mult(mult(ld(x,mult(y,x)),mult(z,mult(z,u))),w),mult(z,mult(z,mult(u,w)))) = ld(x,mult(rd(mult(mult(y,mult(z,mult(z,u))),w),mult(z,mult(z,mult(u,w)))),x)).  [para(46(a,1),38(a,1,2)),rewrite([46(17)])].
    new demodulator: 237.
kept:      238 ld(mult(x,mult(x,mult(y,z))),mult(x,mult(x,mult(y,mult(z,ld(mult(u,w),mult(u,mult(w,v5)))))))) = ld(mult(u,w),mult(u,mult(w,ld(mult(x,mult(x,mult(y,z))),mult(x,mult(x,mult(y,mult(z,v5)))))))).  [para(46(a,1),42(a,1,1)),rewrite([46(11),46(16),46(20)])].
kept:      239 ld(mult(x,mult(y,mult(y,z))),mult(x,mult(y,mult(y,mult(z,ld(mult(u,w),mult(u,mult(w,v5)))))))) = ld(mult(u,w),mult(u,mult(w,ld(mult(x,mult(y,mult(y,z))),mult(x,mult(y,mult(y,mult(z,v5)))))))).  [para(46(a,1),42(a,1,2,2,2,2,2)),rewrite([46(22)]),flip(a)].
kept:      240 rd(mult(mult(rd(mult(x,mult(x,mult(mult(y,z),u))),mult(z,u)),w),v5),mult(w,v5)) = rd(mult(mult(rd(mult(x,mult(x,mult(mult(y,w),v5))),mult(w,v5)),z),u),mult(z,u)).  [para(46(a,1),44(a,1,1,1,1,1,1)),rewrite([46(4),46(13),46(14)])].
kept:      241 rd(mult(mult(rd(mult(mult(x,y),z),mult(y,z)),mult(x,u)),w),mult(mult(x,u),w)) = rd(mult(mult(rd(mult(x,mult(x,mult(u,w))),mult(mult(x,u),w)),y),z),mult(y,z)).  [para(46(a,1),44(a,1,1,1,1,1)),flip(a)].
kept:      242 rd(mult(mult(rd(mult(mult(x,mult(y,mult(y,z))),u),mult(y,mult(y,mult(z,u)))),w),v5),mult(w,v5)) = rd(mult(mult(rd(mult(mult(x,w),v5),mult(w,v5)),mult(y,mult(y,z))),u),mult(y,mult(y,mult(z,u)))).  [para(46(a,1),44(a,1,1,1,1,2)),rewrite([46(23)])].
kept:      243 rd(mult(mult(rd(mult(mult(x,mult(rd(mult(mult(x,y),z),mult(y,z)),u)),w),mult(mult(rd(mult(mult(x,y),z),mult(y,z)),u),w)),y),z),mult(y,z)) = rd(mult(rd(mult(mult(x,y),z),mult(y,z)),mult(rd(mult(mult(x,y),z),mult(y,z)),mult(u,w))),mult(mult(rd(mult(mult(x,y),z),mult(y,z)),u),w)).  [para(46(a,1),44(a,1,1)),flip(a)].
    new demodulator: 243.
kept:      244 mult(x,mult(x,mult(mult(y,mult(x,mult(x,mult(y,z)))),u))) = mult(x,mult(x,mult(y,mult(x,mult(x,mult(y,mult(z,u))))))).  [para(46(a,1),46(a,1,1,2)),rewrite([46(6),46(7),46(13),46(14)])].
    new demodulator: 244.
    starting back demodulation with 217.
    starting back demodulation with 218.
    starting back demodulation with 219.
    starting back demodulation with 220.
    starting back demodulation with 221.
    starting back demodulation with 235.
    starting back demodulation with 236.
    starting back demodulation with 237.
    starting back demodulation with 243.
    starting back demodulation with 244.

given #25 (I,wt=15): 48 rd(mult(c1,mult(c2,c1)),c3) != mult(c1,mult(c2,rd(c1,c3))).  [copy(47),rewrite([7(16),7(16)])].

given #26 (A,wt=5): 49 ld(e,x) = x.  [para(7(a,1),9(a,1,2))].

given #27 (T,wt=5): 50 ld(x,x) = e.  [para(8(a,1),9(a,1,2))].

given #28 (T,wt=5): 51 rd(x,x) = e.  [para(7(a,1),11(a,1,1))].

given #29 (T,wt=5): 52 rd(x,e) = x.  [para(8(a,1),11(a,1,1))].

given #30 (T,wt=7): 53 rd(x,ld(y,x)) = y.  [para(10(a,1),11(a,1,1))].
kept:      245 rd(mult(ld(x,mult(y,x)),z),ld(x,mult(ld(z,mult(y,z)),x))) = z.  [para(34(a,1),53(a,1,2))].
    new demodulator: 245.
kept:      246 rd(mult(x,mult(y,ld(z,mult(u,z)))),ld(z,mult(ld(mult(x,y),mult(x,mult(y,u))),z))) = mult(x,y).  [para(36(a,1),53(a,1,2))].
    new demodulator: 246.
kept:      247 rd(mult(ld(mult(x,y),mult(x,mult(y,z))),u),ld(mult(x,y),mult(x,mult(y,ld(u,mult(z,u)))))) = u.  [para(36(a,2),53(a,1,2))].
    new demodulator: 247.
kept:      248 rd(mult(x,mult(y,ld(mult(z,u),mult(z,mult(u,w))))),ld(mult(z,u),mult(z,mult(u,ld(mult(x,y),mult(x,mult(y,w))))))) = mult(x,y).  [para(42(a,1),53(a,1,2))].
    new demodulator: 248.
    starting back demodulation with 245.
    starting back demodulation with 246.
    starting back demodulation with 247.
    starting back demodulation with 248.

given #31 (A,wt=7): 54 ld(rd(x,y),x) = y.  [para(12(a,1),9(a,1,2))].
kept:      249 ld(ld(x,mult(rd(mult(mult(y,z),u),mult(z,u)),x)),mult(mult(ld(x,mult(y,x)),z),u)) = mult(z,u).  [para(38(a,1),54(a,1,1))].
    new demodulator: 249.
kept:      250 ld(rd(mult(mult(rd(mult(mult(x,y),z),mult(y,z)),u),w),mult(u,w)),mult(mult(rd(mult(mult(x,u),w),mult(u,w)),y),z)) = mult(y,z).  [para(44(a,1),54(a,1,1))].
    new demodulator: 250.
    starting back demodulation with 249.
    starting back demodulation with 250.

given #32 (T,wt=11): 161 mult(mult(x,x),y) = mult(x,mult(x,y)).  [para(7(a,1),45(a,2,2)),rewrite([8(2)])].
kept:      251 ld(mult(x,x),mult(x,mult(x,y))) = y.  [para(161(a,1),9(a,1,2))].
    new demodulator: 251.
kept:      252 mult(x,mult(x,ld(mult(x,x),y))) = y.  [para(161(a,1),10(a,1))].
    new demodulator: 252.
kept:      253 rd(mult(x,mult(x,y)),y) = mult(x,x).  [para(161(a,1),11(a,1,1))].
    new demodulator: 253.
kept:      254 ld(mult(x,mult(y,mult(y,z))),mult(mult(x,mult(y,y)),z)) != e | ld(mult(x,mult(y,y)),mult(x,mult(y,mult(y,z)))) = z.  [para(161(a,1),24(a,1,1,2)),rewrite([161(13)])].
kept:      255 ld(mult(x,mult(y,y)),mult(x,mult(y,mult(y,z)))) != z | ld(mult(x,mult(y,mult(y,z))),mult(mult(x,mult(y,y)),z)) = e.  [para(161(a,1),26(a,1,2,2)),rewrite([161(9)])].
kept:      256 ld(x,mult(y,mult(y,x))) != mult(y,y) | ld(mult(y,y),mult(x,mult(y,y))) = x.  [para(161(a,1),28(a,1,2))].
kept:      257 ld(x,mult(y,mult(y,x))) != mult(y,y) | ld(mult(x,mult(y,y)),mult(y,mult(y,x))) = e.  [para(161(a,1),30(a,1,2)),rewrite([161(9)])].
kept:      258 ld(mult(x,mult(x,y)),mult(y,mult(x,x))) != e | ld(mult(x,x),mult(y,mult(x,x))) = y.  [para(161(a,1),32(a,1,1))].
kept:      259 ld(mult(x,mult(y,y)),mult(y,mult(y,x))) != e | ld(x,mult(y,mult(y,x))) = mult(y,y).  [para(161(a,1),32(a,1,2)),rewrite([161(9)])].
kept:      260 ld(x,mult(ld(y,mult(z,mult(z,y))),x)) = ld(y,mult(ld(x,mult(z,mult(z,x))),y)).  [para(161(a,1),34(a,1,2,1,2)),rewrite([161(7)])].
kept:      261 ld(mult(x,y),mult(x,mult(y,ld(z,mult(u,mult(u,z)))))) = ld(z,mult(ld(mult(x,y),mult(x,mult(y,mult(u,u)))),z)).  [para(161(a,1),36(a,1,2,2,2,2))].
kept:      262 ld(mult(x,mult(y,y)),mult(x,mult(y,mult(y,ld(z,mult(u,z)))))) = ld(z,mult(ld(mult(x,mult(y,y)),mult(x,mult(y,mult(y,u)))),z)).  [para(161(a,1),36(a,1,2,2)),rewrite([161(12)])].
kept:      263 rd(mult(mult(ld(x,mult(y,mult(y,x))),z),u),mult(z,u)) = ld(x,mult(y,mult(y,x))).  [para(161(a,1),38(a,1,1,1,1,2)),rewrite([161(9),46(10),253(12),161(9)])].
    new demodulator: 263.
kept:      264 ld(x,mult(rd(mult(mult(y,ld(x,mult(y,x))),z),mult(ld(x,mult(y,x)),z)),x)) = ld(x,mult(y,x)).  [para(161(a,1),38(a,1,1)),rewrite([11(10)]),flip(a)].
    new demodulator: 264.
kept:      265 rd(mult(mult(ld(x,mult(y,x)),mult(z,z)),u),mult(z,mult(z,u))) = ld(x,mult(rd(mult(mult(y,mult(z,z)),u),mult(z,mult(z,u))),x)).  [para(161(a,1),38(a,1,2)),rewrite([161(13)])].
    new demodulator: 265.
kept:      266 ld(mult(x,mult(y,y)),mult(x,mult(y,mult(y,ld(mult(z,u),mult(z,mult(u,w))))))) = ld(mult(z,u),mult(z,mult(u,ld(mult(x,mult(y,y)),mult(x,mult(y,mult(y,w))))))).  [para(161(a,1),42(a,1,2,2,2,2,2)),rewrite([161(18)]),flip(a)].
kept:      267 rd(mult(mult(rd(mult(mult(x,y),z),mult(y,z)),x),u),mult(x,u)) = rd(mult(mult(x,y),z),mult(y,z)).  [para(161(a,1),44(a,1,1,1,1,1)),rewrite([11(4)]),flip(a)].
    new demodulator: 267.
kept:      268 rd(mult(mult(rd(mult(mult(x,mult(y,y)),z),mult(y,mult(y,z))),u),w),mult(u,w)) = rd(mult(mult(rd(mult(mult(x,u),w),mult(u,w)),mult(y,y)),z),mult(y,mult(y,z))).  [para(161(a,1),44(a,1,1,1,1,2)),rewrite([161(19)])].
kept:      269 rd(mult(mult(rd(mult(mult(x,rd(mult(mult(x,y),z),mult(y,z))),u),mult(rd(mult(mult(x,y),z),mult(y,z)),u)),y),z),mult(y,z)) = rd(mult(mult(x,y),z),mult(y,z)).  [para(161(a,1),44(a,1,1)),rewrite([11(16)]),flip(a)].
    new demodulator: 269.
kept:      270 mult(x,mult(x,mult(mult(y,mult(x,mult(x,y))),z))) = mult(x,mult(x,mult(y,mult(x,mult(x,mult(y,z)))))).  [para(46(a,1),161(a,1,1)),rewrite([46(6),46(11),46(12)])].
    new demodulator: 270.
    starting back demodulation with 251.
        251 back demodulating 146.
kept:      271 ld(mult(x,x),mult(ld(mult(y,z),mult(y,mult(z,x))),mult(x,x))) = ld(mult(y,z),mult(y,mult(z,x))).  [back_rewrite(146),rewrite([251(16)])].
    new demodulator: 271.
        251 back demodulating 145.
kept:      272 ld(mult(x,y),mult(x,mult(y,ld(z,mult(ld(mult(ld(z,mult(u,z)),ld(z,mult(u,z))),mult(u,mult(ld(z,mult(u,z)),ld(z,mult(u,z))))),z))))) = ld(mult(x,y),mult(x,mult(y,ld(z,mult(u,z))))).  [back_rewrite(145),rewrite([251(18)]),flip(a)].
    new demodulator: 272.
        251 back demodulating 143.
kept:      273 ld(mult(x,y),mult(x,mult(y,ld(mult(ld(mult(x,y),mult(x,mult(y,z))),ld(mult(x,y),mult(x,mult(y,z)))),mult(z,mult(ld(mult(x,y),mult(x,mult(y,z))),ld(mult(x,y),mult(x,mult(y,z))))))))) = ld(mult(x,y),mult(x,mult(y,z))).  [back_rewrite(143),rewrite([251(21)]),flip(a)].
    new demodulator: 273.
        251 back demodulating 133.
kept:      274 ld(mult(x,x),mult(rd(mult(mult(x,y),z),mult(y,z)),mult(x,x))) = rd(mult(mult(x,y),z),mult(y,z)).  [back_rewrite(133),rewrite([251(16)])].
    new demodulator: 274.
        251 back demodulating 132.
kept:      275 ld(x,mult(ld(mult(ld(x,mult(y,x)),ld(x,mult(y,x))),mult(rd(mult(mult(y,z),u),mult(z,u)),mult(ld(x,mult(y,x)),ld(x,mult(y,x))))),x)) = ld(x,mult(rd(mult(mult(y,z),u),mult(z,u)),x)).  [back_rewrite(132),rewrite([251(18)]),flip(a)].
    new demodulator: 275.
        251 back demodulating 111.
kept:      276 ld(x,mult(ld(y,mult(ld(mult(ld(y,mult(z,y)),ld(y,mult(z,y))),mult(z,mult(ld(y,mult(z,y)),ld(y,mult(z,y))))),y)),x)) = ld(x,mult(ld(y,mult(z,y)),x)).  [back_rewrite(111),rewrite([251(16)]),flip(a)].
    new demodulator: 276.
        251 back demodulating 109.
kept:      277 ld(mult(x,x),mult(ld(y,mult(x,y)),mult(x,x))) = ld(y,mult(x,y)).  [back_rewrite(109),rewrite([251(12)])].
    new demodulator: 277.
        251 back demodulating 106.
kept:      278 ld(x,mult(ld(mult(ld(x,mult(y,x)),ld(x,mult(y,x))),mult(y,mult(ld(x,mult(y,x)),ld(x,mult(y,x))))),x)) = ld(x,mult(y,x)).  [back_rewrite(106),rewrite([251(12)]),flip(a)].
    new demodulator: 278.
        251 back demodulating 99.
    starting back demodulation with 252.
    starting back demodulation with 253.
    starting back demodulation with 263.
    starting back demodulation with 264.
    starting back demodulation with 265.
    starting back demodulation with 267.
    starting back demodulation with 269.
    starting back demodulation with 270.
    starting back demodulation with 271.
    starting back demodulation with 272.
    starting back demodulation with 273.
    starting back demodulation with 274.
    starting back demodulation with 275.
    starting back demodulation with 276.
    starting back demodulation with 277.
    starting back demodulation with 278.
        278 back demodulating 276.
        278 back demodulating 272.

given #33 (T,wt=11): 162 mult(mult(x,y),x) = mult(x,mult(y,x)).  [para(45(a,1),8(a,1)),rewrite([8(2)]),flip(a)].
kept:      279 ld(mult(x,y),mult(x,mult(y,x))) = x.  [para(162(a,1),9(a,1,2))].
    new demodulator: 279.
kept:      280 mult(x,mult(ld(x,y),x)) = mult(y,x).  [para(10(a,1),162(a,1,1)),flip(a)].
    new demodulator: 280.
kept:      281 rd(mult(x,mult(y,x)),x) = mult(x,y).  [para(162(a,1),11(a,1,1))].
    new demodulator: 281.
kept:      282 mult(rd(x,y),mult(y,rd(x,y))) = mult(x,rd(x,y)).  [para(12(a,1),162(a,1,1)),flip(a)].
    new demodulator: 282.
kept:      283 ld(mult(x,mult(y,mult(z,y))),mult(mult(x,mult(y,z)),y)) != e | ld(mult(x,mult(y,z)),mult(x,mult(y,mult(z,y)))) = y.  [para(162(a,1),24(a,1,1,2)),rewrite([162(13)])].
kept:      284 ld(mult(mult(x,y),mult(z,mult(x,y))),mult(mult(mult(mult(x,y),z),x),y)) != e | ld(mult(mult(mult(x,y),z),x),mult(mult(x,y),mult(z,mult(x,y)))) = y.  [para(162(a,1),24(a,1,1)),rewrite([162(18)])].
kept:      285 ld(mult(x,mult(y,x)),mult(mult(x,y),mult(x,z))) != z | ld(mult(mult(x,y),mult(x,z)),mult(x,mult(y,mult(x,z)))) = e.  [para(162(a,1),26(a,1,1)),rewrite([162(12),209(13)])].
kept:      286 ld(mult(x,mult(y,z)),mult(x,mult(y,mult(z,y)))) != y | ld(mult(x,mult(y,mult(z,y))),mult(mult(x,mult(y,z)),y)) = e.  [para(162(a,1),26(a,1,2,2)),rewrite([162(9)])].
kept:      287 ld(mult(mult(mult(x,y),z),x),mult(mult(x,y),mult(z,mult(x,y)))) != y | ld(mult(mult(x,y),mult(z,mult(x,y))),mult(mult(mult(mult(x,y),z),x),y)) = e.  [para(162(a,1),26(a,1,2)),rewrite([162(13)])].
kept:      288 mult(x,y) != mult(y,x) | ld(mult(y,x),mult(y,mult(y,x))) = y.  [para(162(a,1),28(a,1,2)),rewrite([9(3)])].
kept:      289 mult(x,y) != mult(y,x) | ld(mult(y,mult(y,x)),mult(y,mult(x,y))) = e.  [para(162(a,1),30(a,1,2)),rewrite([9(3),162(7)])].
kept:      290 ld(mult(x,mult(y,x)),mult(x,mult(x,y))) != e | ld(mult(x,y),mult(x,mult(x,y))) = x.  [para(162(a,1),32(a,1,1))].
kept:      291 ld(mult(x,mult(x,y)),mult(x,mult(y,x))) != e | mult(y,x) = mult(x,y).  [para(162(a,1),32(a,1,2)),rewrite([162(9),9(10)])].
kept:      292 ld(x,mult(ld(y,mult(mult(x,z),y)),x)) = ld(y,mult(mult(z,x),y)).  [para(162(a,1),34(a,1,2,1,2)),rewrite([9(3)]),flip(a)].
kept:      293 ld(mult(x,mult(y,x)),mult(mult(x,y),mult(x,ld(z,mult(u,z))))) = ld(z,mult(ld(mult(x,mult(y,x)),mult(mult(x,y),mult(x,u))),z)).  [para(162(a,1),36(a,1,1)),rewrite([162(10)])].
kept:      294 ld(mult(x,y),mult(x,mult(y,mult(z,u)))) = ld(u,mult(ld(mult(x,y),mult(x,mult(y,mult(u,z)))),u)).  [para(162(a,1),36(a,1,2,2,2,2)),rewrite([9(4)])].
kept:      295 ld(x,mult(ld(mult(y,mult(ld(x,mult(z,x)),u)),mult(y,mult(mult(ld(x,mult(z,x)),u),z))),x)) = ld(mult(y,mult(ld(x,mult(z,x)),u)),mult(y,mult(ld(x,mult(z,x)),mult(u,ld(x,mult(z,x)))))).  [para(162(a,1),36(a,1,2,2)),flip(a)].
    new demodulator: 295.
kept:      296 ld(x,mult(ld(mult(mult(mult(y,ld(x,mult(z,x))),u),y),mult(mult(mult(y,ld(x,mult(z,x))),u),mult(y,z))),x)) = ld(mult(mult(mult(y,ld(x,mult(z,x))),u),y),mult(mult(y,ld(x,mult(z,x))),mult(u,mult(y,ld(x,mult(z,x)))))).  [para(162(a,1),36(a,1,2)),flip(a)].
    new demodulator: 296.
kept:      297 ld(mult(x,mult(y,z)),mult(x,mult(mult(y,z),ld(u,mult(y,u))))) = ld(u,mult(ld(mult(x,mult(y,z)),mult(x,mult(y,mult(z,y)))),u)).  [para(162(a,1),36(a,2,2,1,2,2))].
kept:      298 ld(mult(mult(mult(x,y),z),x),mult(mult(mult(x,y),z),mult(x,ld(u,mult(y,u))))) = ld(u,mult(ld(mult(mult(mult(x,y),z),x),mult(mult(x,y),mult(z,mult(x,y)))),u)).  [para(162(a,1),36(a,2,2,1,2))].
kept:      299 rd(mult(mult(mult(x,y),z),u),mult(z,u)) = ld(y,mult(rd(mult(mult(mult(y,x),z),u),mult(z,u)),y)).  [para(162(a,1),38(a,1,1,1,1,2)),rewrite([9(3)])].
kept:      300 ld(x,mult(rd(mult(mult(y,z),ld(x,mult(y,x))),mult(z,ld(x,mult(y,x)))),x)) = ld(x,mult(y,x)).  [para(162(a,1),38(a,1,1)),rewrite([11(10)]),flip(a)].
    new demodulator: 300.
kept:      301 rd(mult(mult(ld(x,mult(y,x)),mult(z,u)),z),mult(z,mult(u,z))) = ld(x,mult(rd(mult(mult(y,mult(z,u)),z),mult(z,mult(u,z))),x)).  [para(162(a,1),38(a,1,2)),rewrite([162(13)])].
    new demodulator: 301.
kept:      302 ld(mult(x,mult(y,x)),mult(mult(x,y),mult(x,ld(mult(z,u),mult(z,mult(u,w)))))) = ld(mult(z,u),mult(z,mult(u,ld(mult(x,mult(y,x)),mult(mult(x,y),mult(x,w)))))).  [para(162(a,1),42(a,1,1)),rewrite([162(13)])].
kept:      303 ld(mult(x,mult(y,z)),mult(x,mult(mult(y,z),ld(mult(u,w),mult(u,mult(w,y)))))) = ld(mult(u,w),mult(u,mult(w,ld(mult(x,mult(y,z)),mult(x,mult(y,mult(z,y))))))).  [para(162(a,1),42(a,1,2,2,2,2,2)),flip(a)].
kept:      304 ld(mult(mult(mult(x,y),z),x),mult(mult(mult(x,y),z),mult(x,ld(mult(u,w),mult(u,mult(w,y)))))) = ld(mult(u,w),mult(u,mult(w,ld(mult(mult(mult(x,y),z),x),mult(mult(x,y),mult(z,mult(x,y))))))).  [para(162(a,1),42(a,1,2,2,2,2)),flip(a)].
kept:      305 ld(mult(x,y),mult(x,mult(y,ld(mult(z,mult(ld(mult(x,y),mult(x,mult(y,u))),w)),mult(z,mult(mult(ld(mult(x,y),mult(x,mult(y,u))),w),u)))))) = ld(mult(z,mult(ld(mult(x,y),mult(x,mult(y,u))),w)),mult(z,mult(ld(mult(x,y),mult(x,mult(y,u))),mult(w,ld(mult(x,y),mult(x,mult(y,u))))))).  [para(162(a,1),42(a,1,2,2)),flip(a)].
    new demodulator: 305.
kept:      306 ld(mult(x,y),mult(x,mult(y,ld(mult(mult(mult(z,ld(mult(x,y),mult(x,mult(y,u)))),w),z),mult(mult(mult(z,ld(mult(x,y),mult(x,mult(y,u)))),w),mult(z,u)))))) = ld(mult(mult(mult(z,ld(mult(x,y),mult(x,mult(y,u)))),w),z),mult(mult(z,ld(mult(x,y),mult(x,mult(y,u)))),mult(w,mult(z,ld(mult(x,y),mult(x,mult(y,u))))))).  [para(162(a,1),42(a,1,2)),flip(a)].
    new demodulator: 306.
kept:      307 rd(mult(mult(rd(mult(mult(x,y),z),mult(y,z)),u),x),mult(u,x)) = rd(mult(mult(x,y),z),mult(y,z)).  [para(162(a,1),44(a,1,1,1,1,1)),rewrite([11(4)]),flip(a)].
    new demodulator: 307.
kept:      308 rd(mult(mult(rd(mult(mult(x,mult(y,z)),y),mult(y,mult(z,y))),u),w),mult(u,w)) = rd(mult(mult(rd(mult(mult(x,u),w),mult(u,w)),mult(y,z)),y),mult(y,mult(z,y))).  [para(162(a,1),44(a,1,1,1,1,2)),rewrite([162(19)])].
kept:      309 rd(mult(mult(rd(mult(mult(x,y),rd(mult(mult(x,z),u),mult(z,u))),mult(y,rd(mult(mult(x,z),u),mult(z,u)))),z),u),mult(z,u)) = rd(mult(mult(x,z),u),mult(z,u)).  [para(162(a,1),44(a,1,1)),rewrite([11(16)]),flip(a)].
    new demodulator: 309.
kept:      310 mult(mult(mult(x,y),mult(x,mult(y,x))),z) = mult(mult(x,y),mult(mult(x,y),mult(x,z))).  [para(162(a,1),46(a,1,1,2))].
    new demodulator: 310.
kept:      311 mult(x,mult(x,mult(mult(y,z),mult(x,mult(x,y))))) = mult(x,mult(x,mult(y,mult(z,mult(x,mult(x,y)))))).  [para(46(a,1),162(a,1,1)),rewrite([46(6),46(12)])].
    new demodulator: 311.
kept:      312 mult(mult(x,y),mult(x,mult(x,y))) = mult(x,mult(y,mult(x,mult(x,y)))).  [para(162(a,1),162(a,1,1)),rewrite([209(4)]),flip(a)].
    new demodulator: 312.
    starting back demodulation with 279.
    starting back demodulation with 280.
    starting back demodulation with 281.
    starting back demodulation with 282.
    starting back demodulation with 295.
    starting back demodulation with 296.
    starting back demodulation with 300.
    starting back demodulation with 301.
    starting back demodulation with 305.
    starting back demodulation with 306.
    starting back demodulation with 307.
    starting back demodulation with 309.
    starting back demodulation with 310.
    starting back demodulation with 311.
    starting back demodulation with 312.

given #34 (T,wt=11): 251 ld(mult(x,x),mult(x,mult(x,y))) = y.  [para(161(a,1),9(a,1,2))].
kept:      313 ld(mult(x,x),mult(x,y)) = ld(x,y).  [para(10(a,1),251(a,1,2,2))].
    new demodulator: 313.
kept:      314 ld(mult(x,mult(x,mult(y,mult(x,mult(x,y))))),mult(x,mult(x,mult(y,mult(x,mult(x,mult(y,z))))))) = z.  [para(46(a,1),251(a,1,1)),rewrite([46(10),46(11)])].
    new demodulator: 314.
kept:      315 ld(mult(x,mult(x,mult(x,x))),mult(x,mult(x,mult(x,mult(x,y))))) = y.  [para(161(a,1),251(a,1,1)),rewrite([161(6),161(7)])].
    new demodulator: 315.
    starting back demodulation with 313.
        313 back demodulating 251.
    starting back demodulation with 314.
    starting back demodulation with 315.

given #35 (T,wt=11): 252 mult(x,mult(x,ld(mult(x,x),y))) = y.  [para(161(a,1),10(a,1))].
kept:      316 mult(x,ld(mult(x,x),y)) = ld(x,y).  [para(252(a,1),9(a,1,2)),flip(a)].
    new demodulator: 316.
kept:      317 mult(x,mult(x,ld(y,mult(ld(mult(x,x),mult(z,mult(x,x))),y)))) = mult(ld(y,mult(z,y)),mult(x,x)).  [para(34(a,1),252(a,1,2,2))].
    new demodulator: 317.
kept:      318 mult(x,mult(x,ld(mult(y,z),mult(y,mult(z,ld(mult(x,x),mult(u,mult(x,x)))))))) = mult(ld(mult(y,z),mult(y,mult(z,u))),mult(x,x)).  [para(36(a,2),252(a,1,2,2))].
    new demodulator: 318.
kept:      319 mult(x,mult(x,mult(ld(mult(x,x),y),z))) = mult(y,z).  [para(252(a,1),46(a,1,1)),flip(a)].
    new demodulator: 319.
kept:      320 mult(x,mult(x,mult(y,mult(x,mult(x,mult(y,ld(mult(x,mult(x,mult(y,mult(x,mult(x,y))))),z))))))) = z.  [para(252(a,1),46(a,1)),rewrite([46(7),46(9)]),flip(a)].
    new demodulator: 320.
kept:      321 mult(x,mult(x,mult(x,mult(x,ld(mult(x,mult(x,mult(x,x))),y))))) = y.  [para(252(a,1),161(a,1)),rewrite([161(4),161(6)]),flip(a)].
    new demodulator: 321.
    starting back demodulation with 316.
        316 back demodulating 252.
    starting back demodulation with 317.
    starting back demodulation with 318.
    starting back demodulation with 319.
    starting back demodulation with 320.
    starting back demodulation with 321.

given #36 (A,wt=24): 55 ld(mult(x,y),mult(mult(x,z),ld(z,y))) != e | ld(mult(x,z),mult(x,y)) = ld(z,y).  [para(10(a,1),24(a,1,1,2)),rewrite([10(10)])].
kept:      322 ld(x,mult(mult(x,y),ld(y,e))) != e | ld(mult(x,y),x) = ld(y,e).  [para(8(a,1),55(a,1,1)),rewrite([8(10)])].
kept:      323 ld(x,mult(mult(y,z),ld(z,ld(y,x)))) != e | ld(mult(y,z),x) = ld(z,ld(y,x)).  [para(10(a,1),55(a,1,1)),rewrite([10(10)])].
kept:      324 ld(mult(x,y),mult(z,ld(ld(x,z),y))) != e | ld(ld(x,z),y) = ld(z,mult(x,y)).  [para(10(a,1),55(a,1,2,1)),rewrite([10(9)]),flip(b)].
kept:      325 ld(x,mult(mult(rd(x,y),z),ld(z,y))) != e | ld(mult(rd(x,y),z),x) = ld(z,y).  [para(12(a,1),55(a,1,1)),rewrite([12(11)])].
kept:      326 ld(mult(rd(x,y),z),mult(x,ld(y,z))) != e | ld(x,mult(rd(x,y),z)) = ld(y,z).  [para(12(a,1),55(a,1,2,1)),rewrite([12(9)])].
kept:      327 ld(mult(x,mult(ld(y,mult(z,y)),u)),mult(mult(x,u),ld(y,mult(ld(u,mult(z,u)),y)))) != e | ld(mult(x,u),mult(x,mult(ld(y,mult(z,y)),u))) = ld(u,mult(ld(y,mult(z,y)),u)).  [para(34(a,1),55(a,1,2,2))].
kept:      328 ld(mult(x,mult(y,mult(z,ld(u,mult(w,u))))),mult(mult(x,mult(y,z)),ld(u,mult(ld(mult(y,z),mult(y,mult(z,w))),u)))) != e | ld(mult(x,mult(y,z)),mult(x,mult(y,mult(z,ld(u,mult(w,u)))))) = ld(mult(y,z),mult(y,mult(z,ld(u,mult(w,u))))).  [para(36(a,1),55(a,1,2,2))].
kept:      329 ld(mult(x,mult(ld(mult(y,z),mult(y,mult(z,u))),w)),mult(mult(x,w),ld(mult(y,z),mult(y,mult(z,ld(w,mult(u,w))))))) != e | ld(mult(x,w),mult(x,mult(ld(mult(y,z),mult(y,mult(z,u))),w))) = ld(w,mult(ld(mult(y,z),mult(y,mult(z,u))),w)).  [para(36(a,2),55(a,1,2,2))].
kept:      330 ld(mult(x,mult(y,mult(z,ld(mult(u,w),mult(u,mult(w,v5)))))),mult(mult(x,mult(y,z)),ld(mult(u,w),mult(u,mult(w,ld(mult(y,z),mult(y,mult(z,v5)))))))) != e | ld(mult(x,mult(y,z)),mult(x,mult(y,mult(z,ld(mult(u,w),mult(u,mult(w,v5))))))) = ld(mult(y,z),mult(y,mult(z,ld(mult(u,w),mult(u,mult(w,v5)))))).  [para(42(a,1),55(a,1,2,2))].
kept:      331 ld(mult(x,mult(x,mult(y,z))),mult(x,mult(x,mult(mult(y,u),ld(u,z))))) != e | ld(mult(x,mult(x,mult(y,u))),mult(x,mult(x,mult(y,z)))) = ld(u,z).  [para(46(a,1),55(a,1,1)),rewrite([46(6),46(8),46(14),46(17)])].
kept:      332 ld(mult(x,y),mult(x,mult(x,mult(z,ld(mult(x,z),y))))) != e | ld(mult(x,mult(x,z)),mult(x,y)) = ld(mult(x,z),y).  [para(46(a,1),55(a,1,2))].
kept:      333 ld(mult(x,mult(x,y)),mult(x,mult(x,z))) = ld(y,z).  [para(161(a,1),55(a,1,1)),rewrite([161(4),46(6),10(4),50(5),161(5),161(7)]),xx(a)].
    new demodulator: 333.
kept:      334 ld(mult(x,mult(y,x)),mult(mult(mult(x,y),z),ld(z,x))) != e | ld(mult(mult(x,y),z),mult(x,mult(y,x))) = ld(z,x).  [para(162(a,1),55(a,1,1)),rewrite([162(13)])].
kept:      335 ld(mult(mult(x,y),z),mult(x,mult(y,z))) != e | ld(mult(x,mult(y,x)),mult(mult(x,y),z)) = ld(x,z).  [para(162(a,1),55(a,1,2,1)),rewrite([209(6),10(4),162(9)])].
kept:      336 ld(mult(ld(x,y),x),mult(ld(x,y),y)) = ld(x,y).  [para(162(a,1),55(a,1,2)),rewrite([10(5),50(5)]),xx(a)].
    new demodulator: 336.
    starting back demodulation with 333.
        333 back demodulating 331.
        333 back demodulating 315.
        333 back demodulating 314.
kept:      337 ld(mult(x,mult(y,mult(y,x))),mult(x,mult(y,mult(y,mult(x,z))))) = z.  [back_rewrite(314),rewrite([333(12)])].
    new demodulator: 337.
        333 back demodulating 238.
        333 back demodulating 232.
        333 back demodulating 225.
        333 back demodulating 223.
        333 back demodulating 217.
    starting back demodulation with 336.
    starting back demodulation with 337.

given #37 (T,wt=11): 253 rd(mult(x,mult(x,y)),y) = mult(x,x).  [para(161(a,1),11(a,1,1))].
kept:      338 rd(mult(x,y),ld(x,y)) = mult(x,x).  [para(10(a,1),253(a,1,1,2))].
    new demodulator: 338.
kept:      339 rd(mult(rd(x,y),x),y) = mult(rd(x,y),rd(x,y)).  [para(12(a,1),253(a,1,1,2))].
    new demodulator: 339.
kept:      340 rd(mult(x,mult(x,mult(y,mult(x,mult(x,mult(y,z)))))),z) = mult(x,mult(x,mult(y,mult(x,mult(x,y))))).  [para(46(a,1),253(a,1,1,2)),rewrite([46(6),46(12)])].
    new demodulator: 340.
kept:      341 rd(mult(x,mult(x,mult(x,mult(x,y)))),y) = mult(x,mult(x,mult(x,x))).  [para(161(a,1),253(a,1,1,2)),rewrite([161(4),161(8)])].
    new demodulator: 341.
kept:      342 rd(mult(mult(x,y),mult(x,mult(y,x))),x) = mult(mult(x,y),mult(x,y)).  [para(162(a,1),253(a,1,1,2))].
    new demodulator: 342.
    starting back demodulation with 338.
    starting back demodulation with 339.
    starting back demodulation with 340.
    starting back demodulation with 341.
    starting back demodulation with 342.

given #38 (T,wt=11): 279 ld(mult(x,y),mult(x,mult(y,x))) = x.  [para(162(a,1),9(a,1,2))].
kept:      343 ld(mult(x,rd(y,x)),mult(x,y)) = x.  [para(12(a,1),279(a,1,2,2))].
    new demodulator: 343.
kept:      344 ld(x,mult(ld(mult(ld(x,mult(y,x)),z),mult(ld(x,mult(y,x)),mult(z,y))),x)) = ld(x,mult(y,x)).  [para(279(a,1),36(a,1)),flip(a)].
    new demodulator: 344.
kept:      345 ld(mult(x,y),mult(x,mult(y,ld(z,mult(x,z))))) = ld(z,mult(x,z)).  [para(279(a,1),36(a,2,2,1))].
    new demodulator: 345.
kept:      346 ld(mult(x,y),mult(x,mult(y,ld(mult(z,u),mult(z,mult(u,x)))))) = ld(mult(z,u),mult(z,mult(u,x))).  [para(279(a,1),42(a,1,2,2,2)),flip(a)].
    new demodulator: 346.
kept:      347 ld(mult(x,y),mult(x,mult(y,ld(mult(ld(mult(x,y),mult(x,mult(y,z))),u),mult(ld(mult(x,y),mult(x,mult(y,z))),mult(u,z)))))) = ld(mult(x,y),mult(x,mult(y,z))).  [para(279(a,1),42(a,1)),flip(a)].
    new demodulator: 347.
kept:      348 ld(mult(x,y),mult(x,mult(y,mult(z,mult(z,x))))) = mult(z,mult(z,x)).  [para(46(a,1),279(a,1,1)),rewrite([46(9),333(10)])].
    new demodulator: 348.
kept:      349 ld(mult(x,mult(y,mult(y,z))),mult(x,mult(y,mult(y,mult(z,x))))) = x.  [para(46(a,1),279(a,1,2,2))].
    new demodulator: 349.
kept:      350 ld(mult(x,mult(y,y)),mult(x,mult(y,mult(y,x)))) = x.  [para(161(a,1),279(a,1,2,2))].
    new demodulator: 350.
    starting back demodulation with 343.
    starting back demodulation with 344.
    starting back demodulation with 345.
    starting back demodulation with 346.
    starting back demodulation with 347.
    starting back demodulation with 348.
    starting back demodulation with 349.
    starting back demodulation with 350.

given #39 (T,wt=11): 280 mult(x,mult(ld(x,y),x)) = mult(y,x).  [para(10(a,1),162(a,1,1)),flip(a)].
kept:      351 ld(x,mult(y,x)) = mult(ld(x,y),x).  [para(280(a,1),9(a,1,2))].
    new demodulator: 351.
kept:      352 rd(mult(x,y),mult(ld(y,x),y)) = y.  [para(280(a,1),11(a,1,1))].
    new demodulator: 352.
kept:      353 ld(mult(x,mult(y,z)),mult(mult(x,z),mult(ld(z,y),z))) != e | ld(mult(x,z),mult(x,mult(y,z))) = mult(ld(z,y),z).  [para(280(a,1),24(a,1,1,2)),rewrite([280(13)])].
kept:      354 ld(mult(x,mult(mult(ld(x,y),x),z)),mult(mult(y,x),z)) != e | ld(mult(y,x),mult(x,mult(mult(ld(x,y),x),z))) = z.  [para(280(a,1),24(a,1,2,1)),rewrite([280(12)])].
kept:      355 ld(mult(x,mult(y,mult(ld(mult(x,y),z),mult(x,y)))),mult(z,mult(x,y))) != e | ld(mult(x,y),mult(x,mult(y,mult(ld(mult(x,y),z),mult(x,y))))) = mult(ld(mult(x,y),z),mult(x,y)).  [para(280(a,1),24(a,1,2))].
kept:      356 ld(mult(x,y),mult(y,mult(mult(ld(y,x),y),z))) != z | ld(mult(y,mult(mult(ld(y,x),y),z)),mult(mult(x,y),z)) = e.  [para(280(a,1),26(a,1,1)),rewrite([280(14)])].
kept:      357 ld(mult(x,y),mult(x,mult(z,y))) != mult(ld(y,z),y) | ld(mult(x,mult(z,y)),mult(mult(x,y),mult(ld(y,z),y))) = e.  [para(280(a,1),26(a,1,2,2)),rewrite([280(10)])].
kept:      358 ld(mult(ld(x,y),x),mult(y,x)) != x | mult(mult(ld(x,ld(x,y)),x),x) = mult(ld(x,y),x).  [para(280(a,1),28(a,1,2)),rewrite([351(9),351(8)])].
kept:      359 ld(mult(ld(x,y),x),mult(y,x)) != x | ld(mult(mult(ld(x,y),x),x),mult(y,x)) = e.  [para(280(a,1),30(a,1,2)),rewrite([280(11)])].
kept:      360 ld(mult(x,y),mult(mult(ld(y,x),y),y)) != e | mult(mult(ld(y,ld(y,x)),y),y) = mult(ld(y,x),y).  [para(280(a,1),32(a,1,1)),rewrite([351(11),351(10)])].
kept:      361 ld(mult(mult(ld(x,y),x),x),mult(y,x)) != e | ld(mult(ld(x,y),x),mult(y,x)) = x.  [para(280(a,1),32(a,1,2)),rewrite([280(12)])].
kept:      362 mult(ld(mult(ld(x,y),x),mult(ld(z,x),z)),mult(ld(x,y),x)) = mult(ld(z,ld(mult(ld(x,y),x),mult(y,x))),z).  [para(280(a,1),34(a,1,2,1,2)),rewrite([351(6),351(10),351(14)]),flip(a)].
kept:      363 ld(mult(ld(mult(ld(x,y),x),z),mult(ld(x,y),x)),mult(z,mult(ld(x,y),x))) = mult(ld(x,mult(ld(mult(ld(mult(ld(x,y),x),z),mult(ld(x,y),x)),y),mult(ld(mult(ld(x,y),x),z),mult(ld(x,y),x)))),x).  [para(280(a,1),34(a,1,2)),rewrite([351(2),351(5),351(8),351(12),351(15),351(18),351(21),351(24),351(26)])].
    new demodulator: 363.
kept:      364 mult(x,mult(mult(ld(y,mult(ld(x,z),x)),y),x)) = mult(mult(mult(ld(y,z),y),x),x).  [para(34(a,1),280(a,1,2,1)),rewrite([351(2),351(4),351(8)])].
    new demodulator: 364.
kept:      365 ld(mult(x,y),mult(y,mult(mult(ld(y,x),y),mult(ld(z,u),z)))) = mult(ld(z,ld(mult(x,y),mult(y,mult(mult(ld(y,x),y),u)))),z).  [para(280(a,1),36(a,1,1)),rewrite([351(5),280(11),351(16)])].
kept:      366 ld(mult(x,y),mult(x,mult(y,ld(mult(ld(z,u),z),mult(u,z))))) = mult(ld(mult(ld(z,u),z),ld(mult(x,y),mult(x,mult(y,z)))),mult(ld(z,u),z)).  [para(280(a,1),36(a,1,2,2,2,2)),rewrite([351(18)])].
kept:      367 mult(ld(x,ld(y,mult(mult(ld(x,z),x),mult(ld(mult(ld(x,z),x),y),z)))),x) = mult(ld(x,z),x).  [para(280(a,1),36(a,1,2)),rewrite([351(2),351(4),10(6),351(2),9(4),351(4),351(6),10(8),351(4),351(6),351(12)]),flip(a)].
    new demodulator: 367.
kept:      368 ld(mult(x,y),mult(x,mult(y,mult(ld(z,mult(ld(y,u),y)),z)))) = mult(ld(z,ld(mult(x,y),mult(x,mult(u,y)))),z).  [para(280(a,1),36(a,2,2,1,2,2)),rewrite([351(5),351(14)])].
kept:      369 ld(x,mult(y,mult(ld(y,x),mult(ld(z,y),z)))) = mult(ld(z,y),z).  [para(280(a,1),36(a,2,2,1,2)),rewrite([10(2),351(3),10(8),9(8),351(8)])].
    new demodulator: 369.
kept:      370 ld(mult(ld(ld(mult(x,y),mult(x,mult(y,z))),u),ld(mult(x,y),mult(x,mult(y,z)))),mult(u,ld(mult(x,y),mult(x,mult(y,z))))) = ld(mult(x,y),mult(x,mult(y,mult(ld(mult(ld(ld(mult(x,y),mult(x,mult(y,z))),u),ld(mult(x,y),mult(x,mult(y,z)))),z),mult(ld(ld(mult(x,y),mult(x,mult(y,z))),u),ld(mult(x,y),mult(x,mult(y,z)))))))).  [para(280(a,1),36(a,2,2)),rewrite([351(23)]),flip(a)].
    new demodulator: 370.
kept:      371 mult(mult(x,y),mult(mult(ld(z,ld(mult(x,y),mult(x,mult(y,u)))),z),mult(x,y))) = mult(mult(x,mult(y,mult(ld(z,u),z))),mult(x,y)).  [para(36(a,1),280(a,1,2,1)),rewrite([351(7),351(12)])].
    new demodulator: 371.
kept:      372 mult(x,mult(ld(mult(y,z),mult(y,mult(z,mult(ld(x,u),x)))),x)) = mult(mult(ld(mult(y,z),mult(y,mult(z,u))),x),x).  [para(36(a,2),280(a,1,2,1)),rewrite([351(3)])].
    new demodulator: 372.
kept:      373 rd(mult(mult(ld(mult(ld(x,y),x),mult(y,x)),z),u),mult(z,u)) = mult(ld(mult(ld(x,y),x),rd(mult(mult(x,z),u),mult(z,u))),mult(ld(x,y),x)).  [para(280(a,1),38(a,1,1,1,1,2)),rewrite([351(18)])].
    new demodulator: 373.
kept:      374 mult(ld(x,rd(mult(mult(y,mult(ld(mult(ld(x,y),x),z),mult(ld(x,y),x))),u),mult(mult(ld(mult(ld(x,y),x),z),mult(ld(x,y),x)),u))),x) = rd(mult(mult(z,mult(ld(x,y),x)),u),mult(mult(ld(mult(ld(x,y),x),z),mult(ld(x,y),x)),u)).  [para(280(a,1),38(a,1,1,1)),rewrite([351(2),351(6),351(9),351(14),351(17),351(22),351(25),351(30)]),flip(a)].
    new demodulator: 374.
kept:      375 mult(ld(x,rd(mult(mult(y,z),mult(ld(mult(mult(ld(x,y),x),z),u),mult(mult(ld(x,y),x),z))),mult(z,mult(ld(mult(mult(ld(x,y),x),z),u),mult(mult(ld(x,y),x),z))))),x) = rd(mult(u,mult(mult(ld(x,y),x),z)),mult(z,mult(ld(mult(mult(ld(x,y),x),z),u),mult(mult(ld(x,y),x),z)))).  [para(280(a,1),38(a,1,1)),rewrite([351(2),351(6),351(10),351(17),351(21),351(26),351(30),351(36)]),flip(a)].
    new demodulator: 375.
kept:      376 rd(mult(mult(mult(ld(x,y),x),z),mult(ld(z,u),z)),mult(u,z)) = mult(ld(x,rd(mult(mult(y,z),mult(ld(z,u),z)),mult(u,z))),x).  [para(280(a,1),38(a,1,2)),rewrite([351(2),280(15),351(16)])].
    new demodulator: 376.
kept:      377 rd(mult(mult(mult(ld(x,y),x),mult(ld(y,z),y)),u),mult(mult(ld(y,z),y),u)) = mult(ld(x,rd(mult(mult(z,y),u),mult(mult(ld(y,z),y),u))),x).  [para(280(a,1),38(a,2,2,1,1,1)),rewrite([351(2),351(18)])].
    new demodulator: 377.
kept:      378 rd(mult(mult(mult(ld(x,y),x),z),mult(ld(mult(y,z),u),mult(y,z))),mult(z,mult(ld(mult(y,z),u),mult(y,z)))) = mult(ld(x,rd(mult(u,mult(y,z)),mult(z,mult(ld(mult(y,z),u),mult(y,z))))),x).  [para(280(a,1),38(a,2,2,1,1)),rewrite([351(2),351(24)])].
    new demodulator: 378.
kept:      379 rd(mult(mult(mult(ld(mult(ld(rd(mult(mult(x,y),z),mult(y,z)),u),rd(mult(mult(x,y),z),mult(y,z))),x),mult(ld(rd(mult(mult(x,y),z),mult(y,z)),u),rd(mult(mult(x,y),z),mult(y,z)))),y),z),mult(y,z)) = ld(mult(ld(rd(mult(mult(x,y),z),mult(y,z)),u),rd(mult(mult(x,y),z),mult(y,z))),mult(u,rd(mult(mult(x,y),z),mult(y,z)))).  [para(280(a,1),38(a,2,2)),rewrite([351(22)])].
    new demodulator: 379.
kept:      380 ld(mult(x,y),mult(y,mult(mult(ld(y,x),y),ld(mult(z,u),mult(z,mult(u,w)))))) = ld(mult(z,u),mult(z,mult(u,ld(mult(x,y),mult(y,mult(mult(ld(y,x),y),w)))))).  [para(280(a,1),42(a,1,1)),rewrite([280(14)])].
kept:      381 ld(mult(x,y),mult(x,mult(y,ld(mult(z,u),mult(z,mult(w,u)))))) = ld(mult(z,u),mult(z,mult(u,ld(mult(x,y),mult(x,mult(y,mult(ld(u,w),u))))))).  [para(280(a,1),42(a,1,2,2,2,2,2))].
kept:      382 ld(x,mult(y,mult(ld(y,x),ld(mult(z,u),mult(z,mult(u,y)))))) = ld(mult(z,u),mult(z,mult(u,y))).  [para(280(a,1),42(a,1,2,2,2,2)),rewrite([10(3),9(3),10(6)]),flip(a)].
    new demodulator: 382.
kept:      383 ld(mult(x,y),mult(x,mult(y,ld(z,mult(ld(mult(x,y),mult(x,mult(y,u))),mult(ld(ld(mult(x,y),mult(x,mult(y,u))),z),u)))))) = ld(mult(x,y),mult(x,mult(y,u))).  [para(280(a,1),42(a,1,2)),rewrite([10(10),9(6),10(15)]),flip(a)].
    new demodulator: 383.
kept:      384 mult(mult(x,y),mult(ld(mult(z,u),mult(z,mult(u,ld(mult(x,y),mult(x,mult(y,w)))))),mult(x,y))) = mult(mult(x,mult(y,ld(mult(z,u),mult(z,mult(u,w))))),mult(x,y)).  [para(42(a,1),280(a,1,2,1))].
    new demodulator: 384.
kept:      385 rd(mult(mult(rd(mult(mult(x,y),z),mult(mult(ld(y,x),y),z)),u),w),mult(u,w)) = rd(mult(mult(rd(mult(mult(y,u),w),mult(u,w)),mult(ld(y,x),y)),z),mult(mult(ld(y,x),y),z)).  [para(280(a,1),44(a,1,1,1,1,1,1))].
kept:      386 rd(mult(mult(rd(mult(mult(x,y),z),mult(y,z)),u),mult(ld(mult(x,u),w),mult(x,u))),mult(u,mult(ld(mult(x,u),w),mult(x,u)))) = rd(mult(mult(rd(mult(w,mult(x,u)),mult(u,mult(ld(mult(x,u),w),mult(x,u)))),y),z),mult(y,z)).  [para(280(a,1),44(a,1,1,1,1,1)),flip(a)].
kept:      387 rd(mult(mult(rd(mult(mult(x,y),mult(ld(y,z),y)),mult(z,y)),u),w),mult(u,w)) = rd(mult(mult(rd(mult(mult(x,u),w),mult(u,w)),y),mult(ld(y,z),y)),mult(z,y)).  [para(280(a,1),44(a,1,1,1,1,2)),rewrite([280(21)])].
kept:      388 rd(mult(mult(rd(mult(mult(x,mult(ld(rd(mult(mult(x,y),z),mult(y,z)),u),rd(mult(mult(x,y),z),mult(y,z)))),w),mult(mult(ld(rd(mult(mult(x,y),z),mult(y,z)),u),rd(mult(mult(x,y),z),mult(y,z))),w)),y),z),mult(y,z)) = rd(mult(mult(u,rd(mult(mult(x,y),z),mult(y,z))),w),mult(mult(ld(rd(mult(mult(x,y),z),mult(y,z)),u),rd(mult(mult(x,y),z),mult(y,z))),w)).  [para(280(a,1),44(a,1,1,1)),flip(a)].
    new demodulator: 388.
kept:      389 mult(x,mult(x,mult(mult(ld(x,y),x),z))) = mult(x,mult(y,mult(x,z))).  [para(280(a,1),46(a,1,1,2)),rewrite([209(3)]),flip(a)].
    new demodulator: 389.
kept:      390 mult(x,mult(x,mult(y,mult(ld(mult(x,mult(x,y)),z),mult(x,mult(x,y)))))) = mult(z,mult(x,mult(x,y))).  [para(280(a,1),46(a,1)),flip(a)].
    new demodulator: 390.
kept:      391 mult(x,mult(mult(ld(x,y),x),x)) = mult(mult(y,x),x).  [para(280(a,1),162(a,1,1)),flip(a)].
    new demodulator: 391.
kept:      392 ld(mult(x,y),mult(mult(y,z),ld(z,mult(ld(y,x),y)))) != e | ld(mult(y,z),mult(x,y)) = ld(z,mult(ld(y,x),y)).  [para(280(a,1),55(a,1,1)),rewrite([280(13)])].
kept:      393 ld(mult(x,y),mult(mult(z,x),ld(mult(ld(x,z),x),y))) != e | ld(mult(ld(x,z),x),y) = ld(mult(z,x),mult(x,y)).  [para(280(a,1),55(a,1,2,1)),rewrite([280(12)]),flip(b)].
kept:      394 rd(mult(x,mult(y,x)),mult(ld(x,y),x)) = mult(x,x).  [para(280(a,1),253(a,1,1,2))].
    new demodulator: 394.
kept:      395 ld(mult(mult(ld(x,y),x),x),mult(mult(ld(x,y),x),mult(y,x))) = mult(ld(x,y),x).  [para(280(a,1),279(a,1,2,2))].
    new demodulator: 395.
    starting back demodulation with 351.
        351 back demodulating 345.
kept:      396 ld(mult(x,y),mult(x,mult(y,mult(ld(z,x),z)))) = mult(ld(z,x),z).  [back_rewrite(345),rewrite([351(3),351(8)])].
    new demodulator: 396.
        351 back demodulating 344.
kept:      397 mult(ld(x,ld(mult(mult(ld(x,y),x),z),mult(mult(ld(x,y),x),mult(z,y)))),x) = mult(ld(x,y),x).  [back_rewrite(344),rewrite([351(2),351(5),351(10),351(12)])].
    new demodulator: 397.
        351 back demodulating 329.
kept:      398 ld(mult(x,mult(ld(mult(y,z),mult(y,mult(z,u))),w)),mult(mult(x,w),ld(mult(y,z),mult(y,mult(z,mult(ld(w,u),w)))))) != e | ld(mult(x,w),mult(x,mult(ld(mult(y,z),mult(y,mult(z,u))),w))) = mult(ld(w,ld(mult(y,z),mult(y,mult(z,u)))),w).  [back_rewrite(329),rewrite([351(10),351(31)])].
        351 back demodulating 328.
kept:      399 ld(mult(x,mult(y,mult(z,mult(ld(u,w),u)))),mult(mult(x,mult(y,z)),mult(ld(u,ld(mult(y,z),mult(y,mult(z,w)))),u))) != e | ld(mult(x,mult(y,z)),mult(x,mult(y,mult(z,mult(ld(u,w),u))))) = ld(mult(y,z),mult(y,mult(z,mult(ld(u,w),u)))).  [back_rewrite(328),rewrite([351(2),351(13),351(21),351(28)])].
        351 back demodulating 327.
kept:      400 ld(mult(x,mult(mult(ld(y,z),y),u)),mult(mult(x,u),mult(ld(y,mult(ld(u,z),u)),y))) != e | ld(mult(x,u),mult(x,mult(mult(ld(y,z),y),u))) = mult(ld(u,mult(ld(y,z),y)),u).  [back_rewrite(327),rewrite([351(2),351(7),351(9),351(16),351(21),351(23)])].
        351 back demodulating 318.
kept:      401 mult(x,mult(x,ld(mult(y,z),mult(y,mult(z,mult(ld(mult(x,x),u),mult(x,x))))))) = mult(ld(mult(y,z),mult(y,mult(z,u))),mult(x,x)).  [back_rewrite(318),rewrite([351(5)])].
    new demodulator: 401.
        351 back demodulating 317.
kept:      402 mult(x,mult(x,mult(ld(y,mult(ld(mult(x,x),z),mult(x,x))),y))) = mult(mult(ld(y,z),y),mult(x,x)).  [back_rewrite(317),rewrite([351(4),351(6),351(10)])].
    new demodulator: 402.
        351 back demodulating 301.
kept:      403 rd(mult(mult(mult(ld(x,y),x),mult(z,u)),z),mult(z,mult(u,z))) = mult(ld(x,rd(mult(mult(y,mult(z,u)),z),mult(z,mult(u,z)))),x).  [back_rewrite(301),rewrite([351(2),351(16)])].
    new demodulator: 403.
        351 back demodulating 300.
kept:      404 mult(ld(x,rd(mult(mult(y,z),mult(ld(x,y),x)),mult(z,mult(ld(x,y),x)))),x) = mult(ld(x,y),x).  [back_rewrite(300),rewrite([351(3),351(6),351(10),351(12)])].
    new demodulator: 404.
        351 back demodulating 299.
kept:      405 rd(mult(mult(mult(x,y),z),u),mult(z,u)) = mult(ld(y,rd(mult(mult(mult(y,x),z),u),mult(z,u))),y).  [back_rewrite(299),rewrite([351(12)])].
        351 back demodulating 298.
kept:      406 ld(mult(mult(mult(x,y),z),x),mult(mult(mult(x,y),z),mult(x,mult(ld(u,y),u)))) = mult(ld(u,ld(mult(mult(mult(x,y),z),x),mult(mult(x,y),mult(z,mult(x,y))))),u).  [back_rewrite(298),rewrite([351(7),351(20)])].
        351 back demodulating 297.
kept:      407 ld(mult(x,mult(y,z)),mult(x,mult(mult(y,z),mult(ld(u,y),u)))) = mult(ld(u,ld(mult(x,mult(y,z)),mult(x,mult(y,mult(z,y))))),u).  [back_rewrite(297),rewrite([351(5),351(16)])].
        351 back demodulating 296.
kept:      408 mult(ld(x,ld(mult(mult(mult(y,mult(ld(x,z),x)),u),y),mult(mult(mult(y,mult(ld(x,z),x)),u),mult(y,z)))),x) = ld(mult(mult(mult(y,mult(ld(x,z),x)),u),y),mult(mult(y,mult(ld(x,z),x)),mult(u,mult(y,mult(ld(x,z),x))))).  [back_rewrite(296),rewrite([351(2),351(7),351(14),351(16),351(21),351(24)])].
    new demodulator: 408.
        351 back demodulating 295.
kept:      409 mult(ld(x,ld(mult(y,mult(mult(ld(x,z),x),u)),mult(y,mult(mult(mult(ld(x,z),x),u),z)))),x) = ld(mult(y,mult(mult(ld(x,z),x),u)),mult(y,mult(mult(ld(x,z),x),mult(u,mult(ld(x,z),x))))).  [back_rewrite(295),rewrite([351(2),351(6),351(12),351(14),351(18),351(20)])].
    new demodulator: 409.
        351 back demodulating 294.
kept:      410 ld(mult(x,y),mult(x,mult(y,mult(z,u)))) = mult(ld(u,ld(mult(x,y),mult(x,mult(y,mult(u,z))))),u).  [back_rewrite(294),rewrite([351(12)])].
        351 back demodulating 293.
kept:      411 ld(mult(x,mult(y,x)),mult(mult(x,y),mult(x,mult(ld(z,u),z)))) = mult(ld(z,ld(mult(x,mult(y,x)),mult(mult(x,y),mult(x,u)))),z).  [back_rewrite(293),rewrite([351(5),351(16)])].
        351 back demodulating 292.
kept:      412 mult(ld(x,mult(ld(y,mult(x,z)),y)),x) = mult(ld(y,mult(z,x)),y).  [back_rewrite(292),rewrite([351(3),351(5),351(8)])].
        351 back demodulating 290.
kept:      413 ld(mult(x,mult(y,x)),mult(x,mult(x,y))) != e | mult(ld(mult(x,y),x),mult(x,y)) = x.  [back_rewrite(290),rewrite([351(11)])].
        351 back demodulating 288.
kept:      414 mult(x,y) != mult(y,x) | mult(ld(mult(y,x),y),mult(y,x)) = y.  [back_rewrite(288),rewrite([351(7)])].
        351 back demodulating 278.
kept:      415 mult(ld(x,mult(ld(mult(mult(ld(x,y),x),mult(ld(x,y),x)),y),mult(mult(ld(x,y),x),mult(ld(x,y),x)))),x) = mult(ld(x,y),x).  [back_rewrite(278),rewrite([351(2),351(4),351(7),351(9),351(12),351(14),351(16)])].
    new demodulator: 415.
        351 back demodulating 277.
kept:      416 mult(ld(mult(x,x),mult(ld(y,x),y)),mult(x,x)) = mult(ld(y,x),y).  [back_rewrite(277),rewrite([351(3),351(6),351(8)])].
    new demodulator: 416.
        351 back demodulating 275.
kept:      417 mult(ld(x,mult(ld(mult(mult(ld(x,y),x),mult(ld(x,y),x)),rd(mult(mult(y,z),u),mult(z,u))),mult(mult(ld(x,y),x),mult(ld(x,y),x)))),x) = mult(ld(x,rd(mult(mult(y,z),u),mult(z,u))),x).  [back_rewrite(275),rewrite([351(2),351(4),351(11),351(13),351(16),351(18),351(24)])].
    new demodulator: 417.
        351 back demodulating 274.
kept:      418 mult(ld(mult(x,x),rd(mult(mult(x,y),z),mult(y,z))),mult(x,x)) = rd(mult(mult(x,y),z),mult(y,z)).  [back_rewrite(274),rewrite([351(8)])].
    new demodulator: 418.
        351 back demodulating 273.
kept:      419 ld(mult(x,y),mult(x,mult(y,mult(ld(mult(ld(mult(x,y),mult(x,mult(y,z))),ld(mult(x,y),mult(x,mult(y,z)))),z),mult(ld(mult(x,y),mult(x,mult(y,z))),ld(mult(x,y),mult(x,mult(y,z)))))))) = ld(mult(x,y),mult(x,mult(y,z))).  [back_rewrite(273),rewrite([351(21)])].
    new demodulator: 419.
        351 back demodulating 271.
kept:      420 mult(ld(mult(x,x),ld(mult(y,z),mult(y,mult(z,x)))),mult(x,x)) = ld(mult(y,z),mult(y,mult(z,x))).  [back_rewrite(271),rewrite([351(8)])].
    new demodulator: 420.
        351 back demodulating 265.
kept:      421 rd(mult(mult(mult(ld(x,y),x),mult(z,z)),u),mult(z,mult(z,u))) = mult(ld(x,rd(mult(mult(y,mult(z,z)),u),mult(z,mult(z,u)))),x).  [back_rewrite(265),rewrite([351(2),351(16)])].
    new demodulator: 421.
        351 back demodulating 264.
kept:      422 mult(ld(x,rd(mult(mult(y,mult(ld(x,y),x)),z),mult(mult(ld(x,y),x),z))),x) = mult(ld(x,y),x).  [back_rewrite(264),rewrite([351(2),351(6),351(10),351(12)])].
    new demodulator: 422.
        351 back demodulating 262.
kept:      423 ld(mult(x,mult(y,y)),mult(x,mult(y,mult(y,mult(ld(z,u),z))))) = mult(ld(z,ld(mult(x,mult(y,y)),mult(x,mult(y,mult(y,u))))),z).  [back_rewrite(262),rewrite([351(4),351(16)])].
        351 back demodulating 261.
kept:      424 ld(mult(x,y),mult(x,mult(y,ld(z,mult(u,mult(u,z)))))) = mult(ld(z,ld(mult(x,y),mult(x,mult(y,mult(u,u))))),z).  [back_rewrite(261),rewrite([351(14)])].
        351 back demodulating 260.
kept:      425 mult(ld(x,ld(y,mult(z,mult(z,y)))),x) = mult(ld(y,ld(x,mult(z,mult(z,x)))),y).  [back_rewrite(260),rewrite([351(5),351(10)])].
        351 back demodulating 258.
kept:      426 ld(mult(x,mult(x,y)),mult(y,mult(x,x))) != e | mult(ld(mult(x,x),y),mult(x,x)) = y.  [back_rewrite(258),rewrite([351(11)])].
        351 back demodulating 256.
kept:      427 ld(x,mult(y,mult(y,x))) != mult(y,y) | mult(ld(mult(y,y),x),mult(y,y)) = x.  [back_rewrite(256),rewrite([351(9)])].
        351 back demodulating 249.
kept:      428 ld(mult(ld(x,rd(mult(mult(y,z),u),mult(z,u))),x),mult(mult(mult(ld(x,y),x),z),u)) = mult(z,u).  [back_rewrite(249),rewrite([351(6),351(8)])].
    new demodulator: 428.
        351 back demodulating 247.
kept:      429 rd(mult(ld(mult(x,y),mult(x,mult(y,z))),u),ld(mult(x,y),mult(x,mult(y,mult(ld(u,z),u))))) = u.  [back_rewrite(247),rewrite([351(8)])].
    new demodulator: 429.
        351 back demodulating 246.
kept:      430 rd(mult(x,mult(y,mult(ld(z,u),z))),mult(ld(z,ld(mult(x,y),mult(x,mult(y,u)))),z)) = mult(x,y).  [back_rewrite(246),rewrite([351(2),351(10)])].
    new demodulator: 430.
        351 back demodulating 245.
kept:      431 rd(mult(mult(ld(x,y),x),z),mult(ld(x,mult(ld(z,y),z)),x)) = z.  [back_rewrite(245),rewrite([351(2),351(5),351(7)])].
    new demodulator: 431.
        351 back demodulating 237.
kept:      432 rd(mult(mult(mult(ld(x,y),x),mult(z,mult(z,u))),w),mult(z,mult(z,mult(u,w)))) = mult(ld(x,rd(mult(mult(y,mult(z,mult(z,u))),w),mult(z,mult(z,mult(u,w))))),x).  [back_rewrite(237),rewrite([351(2),351(20)])].
    new demodulator: 432.
        351 back demodulating 236.
kept:      433 mult(ld(x,rd(mult(mult(y,mult(mult(ld(x,y),x),z)),u),mult(mult(mult(ld(x,y),x),z),u))),x) = rd(mult(mult(ld(x,y),x),mult(mult(ld(x,y),x),mult(z,u))),mult(mult(mult(ld(x,y),x),z),u)).  [back_rewrite(236),rewrite([351(2),351(7),351(12),351(14),351(16),351(21)])].
    new demodulator: 433.
        351 back demodulating 235.
kept:      434 rd(mult(mult(ld(x,mult(y,mult(y,mult(z,x)))),u),w),mult(u,w)) = mult(ld(x,rd(mult(y,mult(y,mult(mult(z,u),w))),mult(u,w))),x).  [back_rewrite(235),rewrite([351(16)])].
    new demodulator: 434.
        351 back demodulating 234.
kept:      435 ld(mult(x,mult(y,mult(y,z))),mult(x,mult(y,mult(y,mult(z,mult(ld(u,w),u)))))) = mult(ld(u,ld(mult(x,mult(y,mult(y,z))),mult(x,mult(y,mult(y,mult(z,w)))))),u).  [back_rewrite(234),rewrite([351(5),351(20)])].
        351 back demodulating 233.
kept:      436 ld(mult(x,y),mult(x,mult(y,ld(z,mult(u,mult(u,mult(w,z))))))) = mult(ld(z,ld(mult(x,y),mult(x,mult(y,mult(u,mult(u,w)))))),z).  [back_rewrite(233),rewrite([351(16)])].
        351 back demodulating 231.
kept:      437 mult(ld(x,ld(y,mult(z,mult(z,mult(u,y))))),x) = mult(ld(y,ld(x,mult(z,mult(z,mult(u,x))))),y).  [back_rewrite(231),rewrite([351(6),351(12)])].
        351 back demodulating 229.
kept:      438 ld(mult(x,mult(x,mult(y,z))),mult(z,mult(x,mult(x,y)))) != e | mult(ld(mult(x,mult(x,y)),z),mult(x,mult(x,y))) = z.  [back_rewrite(229),rewrite([351(15)])].
        351 back demodulating 227.
kept:      439 ld(x,mult(y,mult(y,mult(z,x)))) != mult(y,mult(y,z)) | mult(ld(mult(y,mult(y,z)),x),mult(y,mult(y,z))) = x.  [back_rewrite(227),rewrite([351(13)])].
        351 back demodulating 214.
kept:      440 ld(mult(x,mult(y,mult(x,z))),mult(x,mult(y,mult(x,mult(z,mult(ld(u,w),u)))))) = mult(ld(u,ld(mult(x,mult(y,mult(x,z))),mult(x,mult(y,mult(x,mult(z,w)))))),u).  [back_rewrite(214),rewrite([351(5),351(20)])].
        351 back demodulating 198.
kept:      441 rd(mult(mult(mult(ld(x,y),x),mult(z,mult(u,z))),w),mult(z,mult(u,mult(z,w)))) = mult(ld(x,rd(mult(mult(y,mult(z,mult(u,z))),w),mult(z,mult(u,mult(z,w))))),x).  [back_rewrite(198),rewrite([351(2),351(20)])].
    new demodulator: 441.
        351 back demodulating 197.
kept:      442 rd(mult(mult(ld(x,mult(y,mult(z,mult(y,x)))),u),w),mult(u,w)) = mult(ld(x,rd(mult(mult(y,mult(z,mult(y,u))),w),mult(u,w))),x).  [back_rewrite(197),rewrite([351(16)])].
    new demodulator: 442.
        351 back demodulating 196.
kept:      443 ld(mult(x,mult(y,mult(z,y))),mult(x,mult(y,mult(z,mult(y,mult(ld(u,w),u)))))) = mult(ld(u,ld(mult(x,mult(y,mult(z,y))),mult(x,mult(y,mult(z,mult(y,w)))))),u).  [back_rewrite(196),rewrite([351(5),351(20)])].
        351 back demodulating 195.
kept:      444 ld(mult(x,y),mult(x,mult(y,ld(z,mult(u,mult(w,mult(u,z))))))) = mult(ld(z,ld(mult(x,y),mult(x,mult(y,mult(u,mult(w,u)))))),z).  [back_rewrite(195),rewrite([351(16)])].
        351 back demodulating 193.
kept:      445 mult(ld(x,ld(y,mult(z,mult(u,mult(z,y))))),x) = mult(ld(y,ld(x,mult(z,mult(u,mult(z,x))))),y).  [back_rewrite(193),rewrite([351(6),351(12)])].
        351 back demodulating 191.
kept:      446 ld(mult(x,mult(y,mult(x,z))),mult(z,mult(x,mult(y,x)))) != e | mult(ld(mult(x,mult(y,x)),z),mult(x,mult(y,x))) = z.  [back_rewrite(191),rewrite([351(15)])].
        351 back demodulating 189.
kept:      447 ld(x,mult(y,mult(z,mult(y,x)))) != mult(y,mult(z,y)) | mult(ld(mult(y,mult(z,y)),x),mult(y,mult(z,y))) = x.  [back_rewrite(189),rewrite([351(13)])].
        351 back demodulating 159.
kept:      448 mult(ld(x,rd(mult(mult(rd(mult(mult(y,z),u),mult(z,u)),w),v5),mult(w,v5))),x) = mult(ld(x,rd(mult(mult(rd(mult(mult(y,w),v5),mult(w,v5)),z),u),mult(z,u))),x).  [back_rewrite(159),rewrite([351(10),351(20)])].
        351 back demodulating 148.
kept:      449 ld(mult(x,y),mult(x,mult(y,ld(mult(z,u),mult(z,mult(u,mult(ld(w,v5),w))))))) = ld(mult(z,u),mult(z,mult(u,mult(ld(w,ld(mult(x,y),mult(x,mult(y,v5)))),w)))).  [back_rewrite(148),rewrite([351(4),351(17)])].
        351 back demodulating 147.
kept:      450 ld(mult(x,y),mult(x,mult(y,mult(ld(z,ld(mult(u,w),mult(u,mult(w,v5)))),z)))) = mult(ld(z,ld(mult(u,w),mult(u,mult(w,ld(mult(x,y),mult(x,mult(y,v5))))))),z).  [back_rewrite(147),rewrite([351(7),351(20)])].
        351 back demodulating 122.
kept:      451 rd(mult(mult(mult(ld(x,y),x),rd(z,u)),u),z) = mult(ld(x,rd(mult(mult(y,rd(z,u)),u),z)),x).  [back_rewrite(122),rewrite([351(2),351(12)])].
    new demodulator: 451.
        351 back demodulating 121.
kept:      452 mult(ld(x,rd(mult(mult(rd(y,x),z),u),mult(z,u))),x) = rd(mult(mult(ld(x,y),z),u),mult(z,u)).  [back_rewrite(121),rewrite([351(7)])].
    new demodulator: 452.
        351 back demodulating 120.
kept:      453 mult(mult(ld(x,rd(mult(mult(y,z),u),mult(z,u))),x),mult(z,u)) = mult(mult(mult(ld(x,y),x),z),u).  [back_rewrite(120),rewrite([351(6),351(10)])].
    new demodulator: 453.
        351 back demodulating 119.
kept:      454 rd(mult(mult(mult(ld(x,y),x),z),ld(z,u)),u) = mult(ld(x,rd(mult(mult(y,z),ld(z,u)),u)),x).  [back_rewrite(119),rewrite([351(2),351(12)])].
    new demodulator: 454.
        351 back demodulating 118.
kept:      455 mult(ld(x,rd(mult(mult(y,z),ld(mult(mult(ld(x,y),x),z),u)),mult(z,ld(mult(mult(ld(x,y),x),z),u)))),x) = rd(u,mult(z,ld(mult(mult(ld(x,y),x),z),u))).  [back_rewrite(118),rewrite([351(3),351(8),351(14),351(16)])].
    new demodulator: 455.
        351 back demodulating 117.
kept:      456 mult(ld(x,rd(mult(mult(y,ld(mult(ld(x,y),x),z)),u),mult(ld(mult(ld(x,y),x),z),u))),x) = rd(mult(z,u),mult(ld(mult(ld(x,y),x),z),u)).  [back_rewrite(117),rewrite([351(2),351(7),351(12),351(15)])].
    new demodulator: 456.
        351 back demodulating 116.
kept:      457 rd(mult(mult(ld(ld(x,y),y),z),u),mult(z,u)) = mult(ld(ld(x,y),rd(mult(mult(x,z),u),mult(z,u))),ld(x,y)).  [back_rewrite(116),rewrite([351(14)])].
    new demodulator: 457.
        351 back demodulating 115.
kept:      458 mult(ld(x,rd(mult(mult(x,y),z),mult(y,z))),x) = rd(mult(mult(x,y),z),mult(y,z)).  [back_rewrite(115),rewrite([351(6)])].
    new demodulator: 458.
        351 back demodulating 114.
kept:      459 ld(mult(x,y),mult(x,mult(y,ld(mult(z,u),mult(z,mult(u,mult(ld(w,v5),w))))))) = mult(ld(w,ld(mult(x,y),mult(x,mult(y,ld(mult(z,u),mult(z,mult(u,v5))))))),w).  [back_rewrite(114),rewrite([351(4),351(20)])].
        351 back demodulating 113.
kept:      460 ld(mult(x,y),mult(x,mult(y,mult(ld(z,mult(ld(u,w),u)),z)))) = mult(ld(z,mult(ld(u,ld(mult(x,y),mult(x,mult(y,w)))),u)),z).  [back_rewrite(113),rewrite([351(3),351(5),351(14),351(16)])].
        351 back demodulating 110.
kept:      461 ld(mult(x,y),mult(x,mult(y,mult(ld(z,mult(ld(u,w),u)),z)))) = mult(ld(u,ld(mult(x,y),mult(x,mult(y,mult(ld(z,w),z))))),u).  [back_rewrite(110),rewrite([351(3),351(5),351(11),351(16)])].
        351 back demodulating 108.
kept:      462 mult(ld(x,ld(mult(y,z),mult(y,mult(z,mult(ld(u,w),u))))),x) = mult(ld(u,mult(ld(x,ld(mult(y,z),mult(y,mult(z,w)))),x)),u).  [back_rewrite(108),rewrite([351(3),351(8),351(14),351(16)])].
        351 back demodulating 104.
kept:      463 ld(mult(x,y),mult(x,mult(y,mult(ld(z,u),z)))) != ld(mult(x,y),mult(x,mult(y,u))) | ld(mult(z,ld(mult(x,y),mult(x,mult(y,u)))),mult(ld(mult(x,y),mult(x,mult(y,u))),z)) = e.  [back_rewrite(104),rewrite([351(3)])].
        351 back demodulating 102.
kept:      464 ld(mult(x,y),mult(x,mult(y,mult(ld(z,u),z)))) != ld(mult(x,y),mult(x,mult(y,u))) | mult(ld(ld(mult(x,y),mult(x,mult(y,u))),z),ld(mult(x,y),mult(x,mult(y,u)))) = z.  [back_rewrite(102),rewrite([351(3),351(21)])].
        351 back demodulating 100.
kept:      465 mult(ld(x,ld(mult(y,z),mult(y,mult(z,u)))),x) != mult(ld(x,u),x) | ld(mult(y,mult(z,mult(ld(x,u),x))),mult(mult(y,z),mult(ld(x,u),x))) = e.  [back_rewrite(100),rewrite([351(6),351(8),351(11),351(16)])].
        351 back demodulating 98.
kept:      466 ld(mult(rd(x,mult(y,z)),y),mult(rd(x,mult(y,z)),mult(y,mult(ld(u,z),u)))) = mult(ld(u,ld(mult(rd(x,mult(y,z)),y),x)),u).  [back_rewrite(98),rewrite([351(7),351(16)])].
        351 back demodulating 97.
kept:      467 ld(mult(x,rd(y,z)),mult(x,mult(rd(y,z),mult(ld(u,z),u)))) = mult(ld(u,ld(mult(x,rd(y,z)),mult(x,y))),u).  [back_rewrite(97),rewrite([351(5),351(14)])].
        351 back demodulating 96.
kept:      468 mult(ld(x,ld(mult(rd(y,mult(z,mult(ld(x,u),x))),z),mult(rd(y,mult(z,mult(ld(x,u),x))),mult(z,u)))),x) = ld(mult(rd(y,mult(z,mult(ld(x,u),x))),z),y).  [back_rewrite(96),rewrite([351(2),351(7),351(14),351(16)])].
    new demodulator: 468.
        351 back demodulating 95.
kept:      469 mult(ld(x,ld(mult(y,rd(z,mult(ld(x,u),x))),mult(y,mult(rd(z,mult(ld(x,u),x)),u)))),x) = ld(mult(y,rd(z,mult(ld(x,u),x))),mult(y,z)).  [back_rewrite(95),rewrite([351(2),351(6),351(12),351(14)])].
    new demodulator: 469.
        351 back demodulating 94.
kept:      470 mult(ld(x,ld(mult(y,z),mult(y,mult(z,rd(u,x))))),x) = ld(mult(y,z),mult(y,mult(z,ld(x,u)))).  [back_rewrite(94),rewrite([351(7)])].
    new demodulator: 470.
        351 back demodulating 93.
kept:      471 ld(x,mult(rd(x,y),mult(y,mult(ld(z,u),z)))) = mult(ld(z,ld(x,mult(rd(x,y),mult(y,u)))),z).  [back_rewrite(93),rewrite([351(3),351(12)])].
        351 back demodulating 92.
kept:      472 ld(ld(ld(mult(x,y),mult(x,mult(y,z))),u),u) = ld(mult(x,y),mult(x,mult(y,mult(ld(ld(ld(mult(x,y),mult(x,mult(y,z))),u),z),ld(ld(mult(x,y),mult(x,mult(y,z))),u))))).  [back_rewrite(92),rewrite([351(13)]),flip(a)].
        351 back demodulating 91.
kept:      473 ld(mult(x,y),mult(x,mult(y,mult(ld(z,ld(y,u)),z)))) = mult(ld(z,ld(mult(x,y),mult(x,u))),z).  [back_rewrite(91),rewrite([351(4),351(12)])].
        351 back demodulating 90.
kept:      474 ld(mult(x,y),mult(x,mult(z,y))) = mult(ld(y,ld(mult(x,y),mult(x,mult(y,z)))),y).  [back_rewrite(90),rewrite([351(10)])].
        351 back demodulating 89.
kept:      475 ld(mult(x,y),mult(x,mult(y,ld(ld(z,u),u)))) = mult(ld(ld(z,u),ld(mult(x,y),mult(x,mult(y,z)))),ld(z,u)).  [back_rewrite(89),rewrite([351(8)]),flip(a)].
        351 back demodulating 88.
kept:      476 ld(x,mult(y,mult(ld(y,x),mult(ld(z,u),z)))) = mult(ld(z,ld(x,mult(y,mult(ld(y,x),u)))),z).  [back_rewrite(88),rewrite([351(6),351(9)]),flip(a)].
        351 back demodulating 87.
kept:      477 mult(x,ld(mult(y,z),mult(y,mult(z,mult(ld(x,u),x))))) = mult(ld(mult(y,z),mult(y,mult(z,u))),x).  [back_rewrite(87),rewrite([351(3)])].
    new demodulator: 477.
        351 back demodulating 86.
kept:      478 mult(mult(x,y),mult(ld(z,ld(mult(x,y),mult(x,mult(y,u)))),z)) = mult(x,mult(y,mult(ld(z,u),z))).  [back_rewrite(86),rewrite([351(7),351(10)])].
    new demodulator: 478.
        351 back demodulating 85.
kept:      479 mult(ld(x,ld(mult(y,z),mult(y,mult(z,x)))),x) = ld(mult(y,z),mult(y,mult(z,x))).  [back_rewrite(85),rewrite([351(6)])].
    new demodulator: 479.
        351 back demodulating 84.
kept:      480 ld(mult(x,y),mult(x,mult(y,mult(ld(ld(mult(x,y),mult(x,mult(y,z))),z),ld(mult(x,y),mult(x,mult(y,z))))))) = ld(mult(x,y),mult(x,mult(y,z))).  [back_rewrite(84),rewrite([351(11)])].
    new demodulator: 480.
        351 back demodulating 83.
kept:      481 mult(ld(x,mult(ld(y,mult(ld(z,u),z)),y)),x) = mult(ld(z,mult(ld(x,mult(ld(y,u),y)),x)),z).  [back_rewrite(83),rewrite([351(2),351(4),351(6),351(8),351(10),351(12)])].
        351 back demodulating 82.
kept:      482 mult(ld(x,mult(ld(y,z),y)),x) != mult(ld(x,z),x) | ld(mult(y,mult(ld(x,z),x)),mult(mult(ld(x,z),x),y)) = e.  [back_rewrite(82),rewrite([351(2),351(4),351(6),351(9),351(12)])].
        351 back demodulating 81.
kept:      483 mult(ld(x,mult(ld(y,z),y)),x) != mult(ld(x,z),x) | mult(ld(mult(ld(x,z),x),y),mult(ld(x,z),x)) = y.  [back_rewrite(81),rewrite([351(2),351(4),351(6),351(9),351(11),351(13)])].
        351 back demodulating 79.
kept:      484 mult(ld(x,mult(ld(y,rd(z,x)),y)),x) = mult(ld(y,ld(x,z)),y).  [back_rewrite(79),rewrite([351(3),351(5),351(8)])].
    new demodulator: 484.
        351 back demodulating 78.
kept:      485 ld(ld(mult(ld(x,y),x),z),z) = mult(ld(x,mult(ld(ld(mult(ld(x,y),x),z),y),ld(mult(ld(x,y),x),z))),x).  [back_rewrite(78),rewrite([351(2),351(5),351(8),351(10),351(12)]),flip(a)].
        351 back demodulating 77.
kept:      486 mult(ld(ld(x,y),mult(ld(z,x),z)),ld(x,y)) = mult(ld(z,ld(ld(x,y),y)),z).  [back_rewrite(77),rewrite([351(3),351(6),351(10)])].
        351 back demodulating 76.
kept:      487 mult(x,mult(ld(y,mult(ld(x,z),x)),y)) = mult(mult(ld(y,z),y),x).  [back_rewrite(76),rewrite([351(2),351(4),351(7)])].
    new demodulator: 487.
        351 back demodulating 75.
kept:      488 mult(ld(x,mult(ld(y,x),y)),x) = mult(ld(y,x),y).  [back_rewrite(75),rewrite([351(2),351(4),351(6)])].
    new demodulator: 488.
        351 back demodulating 74.
kept:      489 mult(ld(x,mult(ld(mult(ld(x,y),x),y),mult(ld(x,y),x))),x) = mult(ld(x,y),x).  [back_rewrite(74),rewrite([351(2),351(4),351(6),351(8),351(10)])].
    new demodulator: 489.
        351 back demodulating 72.
kept:      490 ld(x,mult(y,rd(x,y))) != e | mult(ld(rd(x,y),y),rd(x,y)) = y.  [back_rewrite(72),rewrite([351(9)])].
        351 back demodulating 70.
kept:      491 ld(x,mult(ld(y,x),y)) != e | mult(ld(y,ld(y,x)),y) = ld(y,x).  [back_rewrite(70),rewrite([351(8)])].
        351 back demodulating 67.
kept:      492 rd(x,y) != ld(y,x) | mult(ld(rd(x,y),y),rd(x,y)) = y.  [back_rewrite(67),rewrite([351(7)])].
        351 back demodulating 66.
kept:      493 ld(ld(x,y),y) != x | mult(ld(x,ld(x,y)),x) = ld(x,y).  [back_rewrite(66),rewrite([351(6)])].
        351 back demodulating 38.
kept:      494 rd(mult(mult(mult(ld(x,y),x),z),u),mult(z,u)) = mult(ld(x,rd(mult(mult(y,z),u),mult(z,u))),x).  [back_rewrite(38),rewrite([351(2),351(12)])].
    new demodulator: 494.
        351 back demodulating 36.
kept:      495 ld(mult(x,y),mult(x,mult(y,mult(ld(z,u),z)))) = mult(ld(z,ld(mult(x,y),mult(x,mult(y,u)))),z).  [back_rewrite(36),rewrite([351(3),351(12)])].
        351 back demodulating 34.
kept:      496 mult(ld(x,mult(ld(y,z),y)),x) = mult(ld(y,mult(ld(x,z),x)),y).  [back_rewrite(34),rewrite([351(2),351(4),351(6),351(8)])].
        351 back demodulating 32.
kept:      497 ld(mult(x,y),mult(y,x)) != e | mult(ld(x,y),x) = y.  [back_rewrite(32),rewrite([351(7)])].
        351 back demodulating 30.
kept:      498 mult(ld(x,y),x) != y | ld(mult(x,y),mult(y,x)) = e.  [back_rewrite(30),rewrite([351(2)])].
        351 back demodulating 28.
kept:      499 mult(ld(x,y),x) != y | mult(ld(y,x),y) = x.  [back_rewrite(28),rewrite([351(2),351(5)])].
        351 back demodulating 22.
kept:      500 t(x,y) = mult(ld(y,x),y).  [back_rewrite(22),rewrite([351(3)])].
    new demodulator: 500.
    starting back demodulation with 352.
    starting back demodulation with 363.
    starting back demodulation with 364.
    starting back demodulation with 367.
    starting back demodulation with 369.
    starting back demodulation with 370.
    starting back demodulation with 371.
    starting back demodulation with 372.
    starting back demodulation with 373.
    starting back demodulation with 374.
    starting back demodulation with 375.
    starting back demodulation with 376.
    starting back demodulation with 377.
    starting back demodulation with 378.
    starting back demodulation with 379.
    starting back demodulation with 382.
    starting back demodulation with 383.
    starting back demodulation with 384.
    starting back demodulation with 388.
    starting back demodulation with 389.
    starting back demodulation with 390.
    starting back demodulation with 391.
    starting back demodulation with 394.
    starting back demodulation with 395.
    starting back demodulation with 396.
    starting back demodulation with 397.
    starting back demodulation with 401.
    starting back demodulation with 402.
    starting back demodulation with 403.
    starting back demodulation with 404.
    starting back demodulation with 408.
    starting back demodulation with 409.
    starting back demodulation with 415.
    starting back demodulation with 416.
    starting back demodulation with 417.
    starting back demodulation with 418.
    starting back demodulation with 419.
    starting back demodulation with 420.
    starting back demodulation with 421.
    starting back demodulation with 422.
    starting back demodulation with 428.
    starting back demodulation with 429.
    starting back demodulation with 430.
    starting back demodulation with 431.
    starting back demodulation with 432.
    starting back demodulation with 433.
    starting back demodulation with 434.
    starting back demodulation with 441.
    starting back demodulation with 442.
    starting back demodulation with 451.
    starting back demodulation with 452.
    starting back demodulation with 453.
    starting back demodulation with 454.
    starting back demodulation with 455.
    starting back demodulation with 456.
    starting back demodulation with 457.
    starting back demodulation with 458.
    starting back demodulation with 468.
    starting back demodulation with 469.
    starting back demodulation with 470.
    starting back demodulation with 477.
        477 back demodulating 381.
kept:      501 ld(mult(x,y),mult(x,mult(ld(mult(z,u),mult(z,mult(u,w))),y))) = ld(mult(z,u),mult(z,mult(u,ld(mult(x,y),mult(x,mult(w,y)))))).  [back_rewrite(381),rewrite([477(16)]),flip(a)].
    starting back demodulation with 478.
    starting back demodulation with 479.
    starting back demodulation with 480.
    starting back demodulation with 484.
    starting back demodulation with 487.
        487 back demodulating 368.
kept:      502 ld(mult(x,y),mult(x,mult(mult(ld(z,u),z),y))) = mult(ld(z,ld(mult(x,y),mult(x,mult(u,y)))),z).  [back_rewrite(368),rewrite([487(6)])].
    starting back demodulation with 488.
    starting back demodulation with 489.
    starting back demodulation with 494.
        494 back demodulating 379.
kept:      503 ld(mult(ld(rd(mult(mult(x,y),z),mult(y,z)),u),rd(mult(mult(x,y),z),mult(y,z))),mult(u,rd(mult(mult(x,y),z),mult(y,z)))) = mult(ld(mult(ld(rd(mult(mult(x,y),z),mult(y,z)),u),rd(mult(mult(x,y),z),mult(y,z))),rd(mult(mult(x,y),z),mult(y,z))),mult(ld(rd(mult(mult(x,y),z),mult(y,z)),u),rd(mult(mult(x,y),z),mult(y,z)))).  [back_rewrite(379),rewrite([494(26)]),flip(a)].
    new demodulator: 503.
        494 back demodulating 378.
        494 back demodulating 377.
    starting back demodulation with 500.
    starting back demodulation with 503.

given #40 (T,wt=9): 500 t(x,y) = mult(ld(y,x),y).  [back_rewrite(22),rewrite([351(3)])].
kept:      504 mult(ld(mult(x,y),mult(x,mult(y,ld(mult(z,u),mult(z,mult(u,w)))))),mult(z,u)) = mult(ld(mult(z,u),mult(z,mult(u,ld(mult(x,y),mult(x,mult(y,w)))))),mult(z,u)).  [para(42(a,1),500(a,2,1)),rewrite([500(8)]),flip(a)].

given #41 (A,wt=24): 56 ld(mult(x,mult(ld(x,y),z)),mult(y,z)) != e | ld(y,mult(x,mult(ld(x,y),z))) = z.  [para(10(a,1),24(a,1,2,1)),rewrite([10(9)])].
kept:      505 ld(mult(x,mult(ld(x,e),y)),y) != e | mult(x,mult(ld(x,e),y)) = y.  [para(7(a,1),56(a,1,2)),rewrite([49(13)])].
kept:      506 ld(mult(x,mult(ld(x,y),ld(y,z))),z) != e | ld(y,mult(x,mult(ld(x,y),ld(y,z)))) = ld(y,z).  [para(10(a,1),56(a,1,2))].
kept:      507 ld(mult(x,mult(ld(x,rd(y,z)),z)),y) != e | ld(rd(y,z),mult(x,mult(ld(x,rd(y,z)),z))) = z.  [para(12(a,1),56(a,1,2))].
kept:      508 ld(mult(mult(x,y),mult(ld(mult(z,u),mult(z,mult(u,ld(mult(x,y),mult(x,mult(y,w)))))),v5)),mult(mult(x,mult(y,ld(mult(z,u),mult(z,mult(u,w))))),v5)) != e | ld(mult(x,mult(y,ld(mult(z,u),mult(z,mult(u,w))))),mult(mult(x,y),mult(ld(mult(x,y),mult(x,mult(y,ld(mult(z,u),mult(z,mult(u,w)))))),v5))) = v5.  [para(42(a,1),56(a,1,1,2,1))].
kept:      509 ld(mult(x,mult(x,mult(y,mult(ld(mult(x,mult(x,y)),z),u)))),mult(z,u)) != e | ld(z,mult(x,mult(x,mult(y,mult(ld(mult(x,mult(x,y)),z),u))))) = u.  [para(46(a,1),56(a,1,1)),rewrite([46(18)])].
kept:      510 ld(mult(x,mult(ld(x,mult(y,mult(y,z))),u)),mult(y,mult(y,mult(z,u)))) != e | ld(mult(y,mult(y,z)),mult(x,mult(ld(x,mult(y,mult(y,z))),u))) = u.  [para(46(a,1),56(a,1,2))].
kept:      511 ld(mult(x,mult(ld(x,mult(y,y)),z)),mult(y,mult(y,z))) != e | ld(mult(y,y),mult(x,mult(ld(x,mult(y,y)),z))) = z.  [para(161(a,1),56(a,1,2))].
kept:      512 ld(mult(x,mult(ld(x,mult(y,z)),y)),mult(y,mult(z,y))) != e | ld(mult(y,z),mult(x,mult(ld(x,mult(y,z)),y))) = y.  [para(162(a,1),56(a,1,2))].
kept:      513 ld(mult(x,mult(y,ld(x,z))),mult(z,mult(ld(ld(x,z),y),ld(x,z)))) != e | mult(ld(ld(x,z),y),ld(x,z)) = ld(z,mult(x,mult(y,ld(x,z)))).  [para(280(a,1),56(a,1,1,2)),rewrite([280(17)]),flip(b)].
kept:      514 ld(mult(x,mult(ld(x,y),mult(ld(y,z),y))),mult(z,y)) != e | ld(y,mult(x,mult(ld(x,y),mult(ld(y,z),y)))) = mult(ld(y,z),y).  [para(280(a,1),56(a,1,2))].

given #42 (T,wt=11): 281 rd(mult(x,mult(y,x)),x) = mult(x,y).  [para(162(a,1),11(a,1,1))].
kept:      515 rd(mult(ld(x,y),y),ld(x,y)) = mult(ld(x,y),x).  [para(10(a,1),281(a,1,1,2))].
    new demodulator: 515.
kept:      516 rd(mult(x,y),x) = mult(x,rd(y,x)).  [para(12(a,1),281(a,1,1,2))].
    new demodulator: 516.
kept:      517 rd(mult(x,mult(x,mult(y,mult(z,mult(x,mult(x,y)))))),mult(x,mult(x,y))) = mult(x,mult(x,mult(y,z))).  [para(46(a,1),281(a,1,1)),rewrite([46(12)])].
    new demodulator: 517.
    starting back demodulation with 515.
    starting back demodulation with 516.
        516 back demodulating 515.
        516 back demodulating 281.
    starting back demodulation with 517.

given #43 (T,wt=11): 313 ld(mult(x,x),mult(x,y)) = ld(x,y).  [para(10(a,1),251(a,1,2,2))].
kept:      518 ld(mult(x,x),x) = ld(x,e).  [para(8(a,1),313(a,1,2))].
    new demodulator: 518.
kept:      519 ld(mult(x,x),y) = ld(x,ld(x,y)).  [para(10(a,1),313(a,1,2))].
    new demodulator: 519.
kept:      520 ld(mult(x,mult(y,mult(y,x))),mult(x,z)) = ld(mult(y,mult(y,x)),z).  [para(46(a,1),313(a,1,1)),rewrite([46(8),333(9)])].
    new demodulator: 520.
kept:      521 ld(mult(x,mult(y,z)),mult(mult(x,mult(y,y)),ld(y,z))) != e | ld(mult(x,mult(y,y)),mult(x,mult(y,z))) = ld(y,z).  [para(313(a,1),55(a,1,2,2)),rewrite([519(17),9(16)])].
kept:      522 mult(mult(x,y),mult(x,x)) = mult(x,mult(mult(y,x),x)).  [para(313(a,1),280(a,1,2,1)),rewrite([161(5),165(4)]),flip(a)].
    starting back demodulation with 518.
    starting back demodulation with 519.
        519 back demodulating 518.
        519 back demodulating 511.
kept:      523 ld(mult(x,mult(ld(x,mult(y,y)),z)),mult(y,mult(y,z))) != e | ld(y,ld(y,mult(x,mult(ld(x,mult(y,y)),z)))) = z.  [back_rewrite(511),rewrite([519(15)])].
        519 back demodulating 427.
kept:      524 ld(x,mult(y,mult(y,x))) != mult(y,y) | mult(ld(y,ld(y,x)),mult(y,y)) = x.  [back_rewrite(427),rewrite([519(7)])].
        519 back demodulating 426.
kept:      525 ld(mult(x,mult(x,y)),mult(y,mult(x,x))) != e | mult(ld(x,ld(x,y)),mult(x,x)) = y.  [back_rewrite(426),rewrite([519(9)])].
        519 back demodulating 420.
kept:      526 mult(ld(x,ld(x,ld(mult(y,z),mult(y,mult(z,x))))),mult(x,x)) = ld(mult(y,z),mult(y,mult(z,x))).  [back_rewrite(420),rewrite([519(6)])].
    new demodulator: 526.
        519 back demodulating 419.
kept:      527 ld(mult(x,y),mult(x,mult(y,mult(ld(ld(mult(x,y),mult(x,mult(y,z))),ld(ld(mult(x,y),mult(x,mult(y,z))),z)),mult(ld(mult(x,y),mult(x,mult(y,z))),ld(mult(x,y),mult(x,mult(y,z)))))))) = ld(mult(x,y),mult(x,mult(y,z))).  [back_rewrite(419),rewrite([519(11)])].
    new demodulator: 527.
        519 back demodulating 418.
kept:      528 mult(ld(x,ld(x,rd(mult(mult(x,y),z),mult(y,z)))),mult(x,x)) = rd(mult(mult(x,y),z),mult(y,z)).  [back_rewrite(418),rewrite([519(6)])].
    new demodulator: 528.
        519 back demodulating 417.
kept:      529 mult(ld(x,mult(ld(mult(ld(x,y),x),ld(mult(ld(x,y),x),rd(mult(mult(y,z),u),mult(z,u)))),mult(mult(ld(x,y),x),mult(ld(x,y),x)))),x) = mult(ld(x,rd(mult(mult(y,z),u),mult(z,u))),x).  [back_rewrite(417),rewrite([519(10)])].
    new demodulator: 529.
        519 back demodulating 416.
kept:      530 mult(ld(x,ld(x,mult(ld(y,x),y))),mult(x,x)) = mult(ld(y,x),y).  [back_rewrite(416),rewrite([519(4)])].
    new demodulator: 530.
        519 back demodulating 415.
kept:      531 mult(ld(x,mult(ld(mult(ld(x,y),x),ld(mult(ld(x,y),x),y)),mult(mult(ld(x,y),x),mult(ld(x,y),x)))),x) = mult(ld(x,y),x).  [back_rewrite(415),rewrite([519(6)])].
    new demodulator: 531.
        519 back demodulating 402.
kept:      532 mult(x,mult(x,mult(ld(y,mult(ld(x,ld(x,z)),mult(x,x))),y))) = mult(mult(ld(y,z),y),mult(x,x)).  [back_rewrite(402),rewrite([519(2)])].
    new demodulator: 532.
        519 back demodulating 401.
kept:      533 mult(x,mult(x,ld(mult(y,z),mult(y,mult(z,mult(ld(x,ld(x,u)),mult(x,x))))))) = mult(ld(mult(y,z),mult(y,mult(z,u))),mult(x,x)).  [back_rewrite(401),rewrite([519(3)])].
    new demodulator: 533.
        519 back demodulating 319.
        519 back demodulating 316.
        519 back demodulating 313.
    starting back demodulation with 520.
        520 back demodulating 337.
    starting back demodulation with 526.
    starting back demodulation with 527.
    starting back demodulation with 528.
    starting back demodulation with 529.
    starting back demodulation with 530.
    starting back demodulation with 531.
    starting back demodulation with 532.
    starting back demodulation with 533.

given #44 (T,wt=11): 338 rd(mult(x,y),ld(x,y)) = mult(x,x).  [para(10(a,1),253(a,1,1,2))].
kept:      534 rd(x,ld(x,e)) = mult(x,x).  [para(8(a,1),338(a,1,1))].
    new demodulator: 534.
kept:      535 rd(x,ld(y,ld(y,x))) = mult(y,y).  [para(10(a,1),338(a,1,1))].
    new demodulator: 535.
kept:      536 rd(x,ld(rd(x,y),y)) = mult(rd(x,y),rd(x,y)).  [para(12(a,1),338(a,1,1))].
    new demodulator: 536.
kept:      537 rd(mult(mult(x,y),mult(x,mult(y,ld(mult(z,u),mult(z,mult(u,w)))))),ld(mult(z,u),mult(z,mult(u,ld(mult(x,y),mult(x,mult(y,w))))))) = mult(mult(x,y),mult(x,y)).  [para(42(a,1),338(a,1,2))].
    new demodulator: 537.
kept:      538 rd(mult(x,mult(x,mult(y,z))),ld(mult(x,mult(x,y)),z)) = mult(x,mult(x,mult(y,mult(x,mult(x,y))))).  [para(46(a,1),338(a,1,1)),rewrite([46(12)])].
    new demodulator: 538.
kept:      539 rd(mult(x,mult(x,y)),ld(x,ld(x,y))) = mult(x,mult(x,mult(x,x))).  [para(161(a,1),338(a,1,1)),rewrite([519(4),161(8)])].
    new demodulator: 539.
kept:      540 rd(mult(x,mult(y,x)),ld(mult(x,y),x)) = mult(mult(x,y),mult(x,y)).  [para(162(a,1),338(a,1,1))].
    new demodulator: 540.
kept:      541 rd(mult(x,y),mult(ld(y,ld(y,x)),y)) = mult(y,y).  [para(280(a,1),338(a,1,1)),rewrite([351(4)])].
    new demodulator: 541.
    starting back demodulation with 534.
    starting back demodulation with 535.
    starting back demodulation with 536.
    starting back demodulation with 537.
    starting back demodulation with 538.
    starting back demodulation with 539.
    starting back demodulation with 540.
    starting back demodulation with 541.

given #45 (T,wt=9): 534 rd(x,ld(x,e)) = mult(x,x).  [para(8(a,1),338(a,1,1))].
kept:      542 rd(rd(e,x),x) = mult(rd(e,x),rd(e,x)).  [para(54(a,1),534(a,1,2))].
    new demodulator: 542.
kept:      543 rd(mult(x,x),ld(x,ld(x,e))) = mult(x,mult(x,mult(x,x))).  [para(161(a,1),534(a,2)),rewrite([519(4)])].
    new demodulator: 543.
    starting back demodulation with 542.
    starting back demodulation with 543.

given #46 (A,wt=32): 57 ld(mult(x,mult(y,ld(mult(x,y),z))),z) != e | ld(mult(x,y),mult(x,mult(y,ld(mult(x,y),z)))) = ld(mult(x,y),z).  [para(10(a,1),24(a,1,2))].
kept:      544 ld(mult(rd(x,y),mult(y,ld(x,z))),z) != e | ld(x,mult(rd(x,y),mult(y,ld(x,z)))) = ld(x,z).  [para(12(a,1),57(a,1,1,2,2,1)),rewrite([12(9),12(10),12(14)])].
kept:      545 ld(mult(x,mult(y,ld(mult(z,u),mult(z,mult(u,ld(mult(x,y),mult(x,mult(y,w)))))))),mult(x,mult(y,ld(mult(z,u),mult(z,mult(u,w)))))) != e | ld(mult(x,y),mult(x,mult(y,ld(mult(x,y),mult(x,mult(y,ld(mult(z,u),mult(z,mult(u,w))))))))) = ld(mult(x,y),mult(x,mult(y,ld(mult(z,u),mult(z,mult(u,w)))))).  [para(42(a,1),57(a,1,1,2,2))].
kept:      546 ld(mult(x,mult(x,mult(y,mult(z,ld(mult(x,mult(x,mult(y,z))),u))))),u) != e | ld(mult(y,z),mult(y,mult(z,ld(mult(x,mult(x,mult(y,z))),u)))) = ld(mult(x,mult(x,mult(y,z))),u).  [para(46(a,1),57(a,1,1,2,2,1)),rewrite([46(8),46(14),46(19),46(22),333(23),46(22)])].
kept:      547 ld(mult(x,mult(y,mult(y,mult(z,ld(mult(x,mult(y,mult(y,z))),u))))),u) != e | ld(mult(x,mult(y,mult(y,z))),mult(x,mult(y,mult(y,mult(z,ld(mult(x,mult(y,mult(y,z))),u)))))) = ld(mult(x,mult(y,mult(y,z))),u).  [para(46(a,1),57(a,1,1,2)),rewrite([46(21)])].
kept:      548 ld(mult(x,mult(y,mult(y,ld(mult(x,mult(y,y)),z)))),z) != e | ld(mult(x,mult(y,y)),mult(x,mult(y,mult(y,ld(mult(x,mult(y,y)),z))))) = ld(mult(x,mult(y,y)),z).  [para(161(a,1),57(a,1,1,2)),rewrite([161(16)])].
kept:      549 ld(mult(mult(x,y),mult(x,ld(mult(x,mult(y,x)),z))),z) != e | ld(mult(x,mult(y,x)),mult(mult(x,y),mult(x,ld(mult(x,mult(y,x)),z)))) = ld(mult(x,mult(y,x)),z).  [para(162(a,1),57(a,1,1,2,2,1)),rewrite([162(11),162(14),162(20)])].
kept:      550 ld(mult(x,mult(mult(ld(x,y),x),ld(mult(y,x),z))),z) != e | ld(mult(y,x),mult(x,mult(mult(ld(x,y),x),ld(mult(y,x),z)))) = ld(mult(y,x),z).  [para(280(a,1),57(a,1,1,2,2,1)),rewrite([280(12),280(15),280(20)])].

given #47 (T,wt=11): 343 ld(mult(x,rd(y,x)),mult(x,y)) = x.  [para(12(a,1),279(a,1,2,2))].
kept:      551 ld(mult(x,rd(e,x)),x) = x.  [para(8(a,1),343(a,1,2))].
    new demodulator: 551.
kept:      552 ld(mult(x,rd(ld(x,y),x)),y) = x.  [para(10(a,1),343(a,1,2))].
    new demodulator: 552.
kept:      553 ld(mult(rd(x,y),rd(y,rd(x,y))),x) = rd(x,y).  [para(12(a,1),343(a,1,2))].
    new demodulator: 553.
kept:      554 ld(mult(mult(x,y),rd(mult(mult(rd(mult(mult(z,x),y),mult(x,y)),u),w),mult(u,w))),mult(mult(x,y),mult(mult(rd(mult(mult(z,u),w),mult(u,w)),x),y))) = mult(x,y).  [para(44(a,1),343(a,1,1,2))].
    new demodulator: 554.
kept:      555 ld(mult(x,rd(y,mult(z,mult(z,x)))),mult(x,y)) = mult(z,mult(z,x)).  [para(46(a,1),343(a,1,1)),rewrite([46(9),333(10)])].
    new demodulator: 555.
kept:      556 ld(mult(mult(x,y),rd(x,mult(x,y))),mult(x,mult(y,x))) = mult(x,y).  [para(162(a,1),343(a,1,2))].
    new demodulator: 556.
kept:      557 ld(mult(x,mult(y,z)),mult(mult(x,mult(y,rd(z,y))),y)) != e | ld(mult(x,mult(y,rd(z,y))),mult(x,mult(y,z))) = y.  [para(343(a,1),55(a,1,2,2)),rewrite([343(19)])].
kept:      558 mult(x,mult(rd(y,x),mult(x,mult(x,rd(y,x))))) = mult(mult(x,y),mult(x,rd(y,x))).  [para(343(a,1),280(a,1,2,1)),rewrite([312(6)])].
    new demodulator: 558.
kept:      559 ld(mult(mult(x,rd(y,x)),mult(x,z)),mult(mult(x,y),z)) != e | ld(mult(x,y),mult(mult(x,rd(y,x)),mult(x,z))) = z.  [para(343(a,1),56(a,1,1,2,1)),rewrite([343(16)])].
kept:      560 rd(mult(mult(x,rd(y,x)),mult(x,y)),x) = mult(mult(x,rd(y,x)),mult(x,rd(y,x))).  [para(343(a,1),338(a,1,2))].
    new demodulator: 560.
kept:      561 ld(mult(ld(x,y),mult(x,x)),mult(ld(x,y),mult(x,y))) = ld(x,y).  [para(338(a,1),343(a,1,1,2))].
    new demodulator: 561.
kept:      562 ld(mult(ld(x,e),mult(x,x)),mult(ld(x,e),x)) = ld(x,e).  [para(534(a,1),343(a,1,1,2))].
    new demodulator: 562.
    starting back demodulation with 551.
    starting back demodulation with 552.
    starting back demodulation with 553.
    starting back demodulation with 554.
    starting back demodulation with 555.
    starting back demodulation with 556.
    starting back demodulation with 558.
    starting back demodulation with 560.
    starting back demodulation with 561.
    starting back demodulation with 562.

given #48 (T,wt=9): 551 ld(mult(x,rd(e,x)),x) = x.  [para(8(a,1),343(a,1,2))].
kept:      563 ld(mult(x,rd(e,mult(y,mult(y,x)))),x) = mult(y,mult(y,x)).  [para(46(a,1),551(a,1,1)),rewrite([333(10)])].
    new demodulator: 563.
kept:      564 mult(x,rd(e,x)) = e.  [para(551(a,1),53(a,1,2)),rewrite([51(1)]),flip(a)].
    new demodulator: 564.
kept:      565 ld(mult(ld(x,e),x),ld(x,e)) = ld(x,e).  [para(53(a,1),551(a,1,1,2))].
    new demodulator: 565.
kept:      566 ld(mult(x,mult(x,rd(e,mult(x,x)))),mult(x,x)) = mult(x,x).  [para(161(a,1),551(a,1,1))].
    new demodulator: 566.
    starting back demodulation with 563.
    starting back demodulation with 564.
        564 back demodulating 551.
    starting back demodulation with 565.
    starting back demodulation with 566.

given #49 (T,wt=7): 564 mult(x,rd(e,x)) = e.  [para(551(a,1),53(a,1,2)),rewrite([51(1)]),flip(a)].
kept:      567 rd(e,x) = ld(x,e).  [para(564(a,1),9(a,1,2)),flip(a)].
    new demodulator: 567.
kept:      568 mult(x,mult(ld(x,e),y)) != y | ld(mult(x,mult(ld(x,e),y)),y) = e.  [para(564(a,1),26(a,1,1)),rewrite([567(3),49(6),567(7),567(11),10(12),7(11)])].
kept:      569 ld(mult(x,y),x) != ld(y,e) | ld(x,mult(mult(x,y),ld(y,e))) = e.  [para(564(a,1),26(a,1,2,2)),rewrite([8(3),567(4),567(7),10(8),8(7),567(8)])].
kept:      570 ld(mult(x,y),mult(x,mult(y,mult(z,mult(ld(z,e),u))))) = mult(z,mult(ld(z,e),ld(mult(x,y),mult(x,mult(y,u))))).  [para(564(a,1),42(a,1,1)),rewrite([567(3),49(10),567(11),10(12),567(12),49(15)]),flip(a)].
    new demodulator: 570.
kept:      571 ld(mult(x,y),mult(x,mult(y,ld(mult(z,u),mult(z,mult(u,ld(y,e))))))) = ld(mult(z,u),mult(z,mult(u,ld(mult(x,y),x)))).  [para(564(a,1),42(a,1,2,2,2,2,2)),rewrite([8(4),567(10)]),flip(a)].
kept:      572 rd(mult(mult(rd(mult(mult(x,y),z),mult(y,z)),ld(x,e)),u),mult(ld(x,e),u)) = rd(mult(mult(rd(u,mult(ld(x,e),u)),y),z),mult(y,z)).  [para(564(a,1),44(a,1,1,1,1,1,1)),rewrite([7(2),567(2),567(14),567(18)]),flip(a)].
kept:      573 rd(mult(mult(rd(mult(mult(x,y),z),mult(y,z)),u),ld(mult(x,u),e)),mult(u,ld(mult(x,u),e))) = rd(mult(mult(ld(mult(u,ld(mult(x,u),e)),e),y),z),mult(y,z)).  [para(564(a,1),44(a,1,1,1,1,1)),rewrite([567(4),567(6),567(18),567(22)]),flip(a)].
kept:      574 rd(mult(mult(mult(mult(x,y),ld(y,e)),z),u),mult(z,u)) = mult(mult(rd(mult(mult(x,z),u),mult(z,u)),y),ld(y,e)).  [para(564(a,1),44(a,1,1,1,1,2)),rewrite([567(3),52(6),567(15),567(18),10(19),52(18)])].
    new demodulator: 574.
kept:      575 mult(ld(x,e),x) = e.  [para(53(a,1),564(a,1,2))].
    new demodulator: 575.
kept:      576 mult(mult(x,y),ld(y,ld(x,e))) != e | ld(mult(x,y),e) = ld(y,ld(x,e)).  [para(564(a,1),55(a,1,1)),rewrite([567(4),49(7),567(10),10(11),567(12)])].
kept:      577 ld(mult(x,y),ld(ld(x,e),y)) != e | ld(ld(x,e),y) = mult(x,y).  [para(564(a,1),55(a,1,2,1)),rewrite([567(4),7(6),567(9),10(10),49(10),567(10)]),flip(b)].
kept:      578 ld(x,mult(y,ld(ld(x,y),e))) != e | ld(ld(x,y),e) = ld(y,x).  [para(564(a,1),56(a,1,1,2)),rewrite([8(2),567(3),567(11),10(12),8(9),567(11)]),flip(b)].
    starting back demodulation with 567.
        567 back demodulating 566.
        567 back demodulating 564.
        567 back demodulating 563.
kept:      579 ld(mult(x,ld(mult(y,mult(y,x)),e)),x) = mult(y,mult(y,x)).  [back_rewrite(563),rewrite([567(4)])].
    new demodulator: 579.
        567 back demodulating 542.
kept:      580 rd(ld(x,e),x) = mult(ld(x,e),ld(x,e)).  [back_rewrite(542),rewrite([567(2),567(5),567(7)])].
    new demodulator: 580.
    starting back demodulation with 570.
    starting back demodulation with 574.
    starting back demodulation with 575.
        575 back demodulating 565.
        575 back demodulating 562.
kept:      581 ld(mult(ld(x,e),mult(x,x)),e) = ld(x,e).  [back_rewrite(562),rewrite([575(7)])].
    new demodulator: 581.
    starting back demodulation with 579.
    starting back demodulation with 580.
    starting back demodulation with 581.

given #50 (T,wt=7): 567 rd(e,x) = ld(x,e).  [para(564(a,1),9(a,1,2)),flip(a)].
kept:      582 ld(ld(x,e),e) = x.  [para(567(a,1),53(a,1))].
    new demodulator: 582.
    starting back demodulation with 582.

given #51 (A,wt=24): 58 ld(mult(x,y),mult(mult(x,rd(y,z)),z)) != e | ld(mult(x,rd(y,z)),mult(x,y)) = z.  [para(12(a,1),24(a,1,1,2)),rewrite([12(11)])].
kept:      583 ld(x,mult(mult(x,ld(y,e)),y)) != e | ld(mult(x,ld(y,e)),x) = y.  [para(8(a,1),58(a,1,1)),rewrite([567(2),567(9),8(12)])].
kept:      584 ld(x,mult(mult(y,rd(ld(y,x),z)),z)) != e | ld(mult(y,rd(ld(y,x),z)),x) = z.  [para(10(a,1),58(a,1,1)),rewrite([10(12)])].
kept:      585 ld(x,mult(mult(rd(x,y),rd(y,z)),z)) != e | ld(mult(rd(x,y),rd(y,z)),x) = z.  [para(12(a,1),58(a,1,1)),rewrite([12(12)])].
kept:      586 ld(mult(rd(x,rd(y,z)),y),mult(x,z)) != e | ld(x,mult(rd(x,rd(y,z)),y)) = z.  [para(12(a,1),58(a,1,2,1)),rewrite([12(11)])].
kept:      587 ld(mult(x,mult(mult(rd(mult(mult(y,z),u),mult(z,u)),w),v5)),mult(mult(x,rd(mult(mult(rd(mult(mult(y,w),v5),mult(w,v5)),z),u),mult(z,u))),mult(w,v5))) != e | ld(mult(x,rd(mult(mult(rd(mult(mult(y,z),u),mult(z,u)),w),v5),mult(w,v5))),mult(x,mult(mult(rd(mult(mult(y,z),u),mult(z,u)),w),v5))) = mult(w,v5).  [para(44(a,1),58(a,1,2,1,2))].
kept:      588 ld(mult(x,mult(y,x)),mult(mult(mult(x,y),rd(x,z)),z)) != e | ld(mult(mult(x,y),rd(x,z)),mult(x,mult(y,x))) = z.  [para(162(a,1),58(a,1,1)),rewrite([162(14)])].
kept:      589 ld(mult(mult(rd(x,y),z),x),mult(rd(x,y),mult(z,x))) != e | ld(mult(rd(x,y),mult(z,rd(x,y))),mult(mult(rd(x,y),z),x)) = y.  [para(162(a,1),58(a,1,2,1)),rewrite([209(8),12(6),162(13)])].
kept:      590 ld(mult(x,y),mult(mult(y,rd(mult(ld(y,x),y),z)),z)) != e | ld(mult(y,rd(mult(ld(y,x),y),z)),mult(x,y)) = z.  [para(280(a,1),58(a,1,1)),rewrite([280(16)])].
kept:      591 ld(mult(x,y),mult(mult(x,mult(y,y)),ld(y,e))) != e | ld(mult(x,mult(y,y)),mult(x,y)) = ld(y,e).  [para(534(a,1),58(a,1,2,1,2)),rewrite([534(12)])].

given #52 (T,wt=7): 575 mult(ld(x,e),x) = e.  [para(53(a,1),564(a,1,2))].
kept:      592 mult(mult(ld(mult(x,y),e),x),y) != e | ld(mult(ld(mult(x,y),e),x),e) = y.  [para(575(a,1),24(a,1,1)),rewrite([49(7),575(16)])].
kept:      593 ld(mult(ld(x,e),mult(x,y)),y) != e | mult(ld(x,e),mult(x,y)) = y.  [para(575(a,1),24(a,1,2,1)),rewrite([7(6),575(10),49(13)])].
kept:      594 mult(ld(x,e),mult(x,y)) != y | ld(mult(ld(x,e),mult(x,y)),y) = e.  [para(575(a,1),26(a,1,1)),rewrite([49(6),575(12),7(11)])].
kept:      595 ld(mult(x,ld(y,e)),x) != y | ld(x,mult(mult(x,ld(y,e)),y)) = e.  [para(575(a,1),26(a,1,2,2)),rewrite([8(5),575(8),8(7)])].
kept:      596 ld(mult(ld(mult(x,y),e),x),e) != y | mult(mult(ld(mult(x,y),e),x),y) = e.  [para(575(a,1),26(a,1,2)),rewrite([575(12),49(14)])].
kept:      597 ld(mult(x,y),mult(x,mult(y,mult(ld(z,e),mult(z,u))))) = mult(ld(z,e),mult(z,ld(mult(x,y),mult(x,mult(y,u))))).  [para(575(a,1),42(a,1,1)),rewrite([49(10),575(12),49(15)]),flip(a)].
    new demodulator: 597.
kept:      598 ld(mult(x,ld(y,e)),mult(x,mult(ld(y,e),ld(mult(z,u),mult(z,mult(u,y)))))) = ld(mult(z,u),mult(z,mult(u,ld(mult(x,ld(y,e)),x)))).  [para(575(a,1),42(a,1,2,2,2,2,2)),rewrite([8(6)]),flip(a)].
kept:      599 ld(mult(ld(mult(x,y),e),x),mult(ld(mult(x,y),e),mult(x,ld(mult(z,u),mult(z,mult(u,y)))))) = ld(mult(z,u),mult(z,mult(u,ld(mult(ld(mult(x,y),e),x),e)))).  [para(575(a,1),42(a,1,2,2,2,2)),flip(a)].
kept:      600 ld(mult(x,y),mult(x,mult(y,ld(mult(z,ld(ld(mult(x,y),mult(x,mult(y,u))),e)),mult(z,mult(ld(ld(mult(x,y),mult(x,mult(y,u))),e),u)))))) = ld(mult(z,ld(ld(mult(x,y),mult(x,mult(y,u))),e)),z).  [para(575(a,1),42(a,1,2,2)),rewrite([8(9)]),flip(a)].
    new demodulator: 600.
kept:      601 ld(mult(x,y),mult(x,mult(y,ld(mult(ld(mult(z,ld(mult(x,y),mult(x,mult(y,u)))),e),z),mult(ld(mult(z,ld(mult(x,y),mult(x,mult(y,u)))),e),mult(z,u)))))) = ld(mult(ld(mult(z,ld(mult(x,y),mult(x,mult(y,u)))),e),z),e).  [para(575(a,1),42(a,1,2)),flip(a)].
    new demodulator: 601.
kept:      602 rd(mult(mult(rd(mult(mult(ld(x,e),y),z),mult(y,z)),x),u),mult(x,u)) = rd(mult(mult(rd(u,mult(x,u)),y),z),mult(y,z)).  [para(575(a,1),44(a,1,1,1,1,1,1)),rewrite([7(2)]),flip(a)].
kept:      603 rd(mult(mult(mult(mult(x,ld(y,e)),y),z),u),mult(z,u)) = mult(mult(rd(mult(mult(x,z),u),mult(z,u)),ld(y,e)),y).  [para(575(a,1),44(a,1,1,1,1,2)),rewrite([52(6),575(19),52(18)])].
    new demodulator: 603.
kept:      604 mult(ld(x,e),mult(ld(x,e),mult(x,y))) = mult(ld(x,e),y).  [para(575(a,1),46(a,1,1,2)),rewrite([8(4)]),flip(a)].
    new demodulator: 604.
kept:      605 mult(mult(ld(x,e),y),ld(y,x)) != e | ld(mult(ld(x,e),y),e) = ld(y,x).  [para(575(a,1),55(a,1,1)),rewrite([49(7),575(13)])].
kept:      606 ld(mult(ld(x,e),y),ld(x,y)) != e | ld(x,y) = mult(ld(x,e),y).  [para(575(a,1),55(a,1,2,1)),rewrite([7(6),575(10),49(12)]),flip(b)].
kept:      607 ld(mult(x,mult(ld(x,ld(y,e)),y)),e) != e | ld(ld(y,e),mult(x,mult(ld(x,ld(y,e)),y))) = y.  [para(575(a,1),56(a,1,2))].
kept:      608 ld(ld(ld(x,e),x),e) = mult(ld(x,e),ld(x,e)).  [para(575(a,1),338(a,1,1)),rewrite([567(5)])].
    new demodulator: 608.
kept:      609 mult(mult(ld(x,e),rd(x,y)),y) != e | ld(mult(ld(x,e),rd(x,y)),e) = y.  [para(575(a,1),58(a,1,1)),rewrite([49(7),575(14)])].
kept:      610 ld(mult(ld(rd(x,y),e),x),y) != e | mult(ld(rd(x,y),e),x) = y.  [para(575(a,1),58(a,1,2,1)),rewrite([7(6),575(12),49(13)])].
    starting back demodulation with 597.
    starting back demodulation with 600.
    starting back demodulation with 601.
    starting back demodulation with 603.
    starting back demodulation with 604.
    starting back demodulation with 608.

given #53 (T,wt=7): 582 ld(ld(x,e),e) = x.  [para(567(a,1),53(a,1))].

given #54 (T,wt=11): 351 ld(x,mult(y,x)) = mult(ld(x,y),x).  [para(280(a,1),9(a,1,2))].
kept:      611 ld(ld(x,y),y) = mult(ld(ld(x,y),x),ld(x,y)).  [para(10(a,1),351(a,1,2))].
kept:      612 mult(ld(x,rd(y,x)),x) = ld(x,y).  [para(12(a,1),351(a,1,2)),flip(a)].
    new demodulator: 612.
kept:      613 mult(ld(x,e),mult(x,ld(mult(y,z),mult(y,mult(z,x))))) = ld(mult(y,z),mult(y,mult(z,x))).  [para(351(a,1),42(a,1,2,2,2)),rewrite([519(3),50(2),597(8),519(16),9(15),9(14)])].
    new demodulator: 613.
kept:      614 mult(ld(ld(mult(x,y),mult(x,mult(y,z))),e),mult(ld(mult(x,y),mult(x,mult(y,z))),ld(mult(x,y),mult(x,mult(y,z))))) = ld(mult(x,y),mult(x,mult(y,z))).  [para(351(a,1),42(a,1)),rewrite([519(14),50(13),519(37),9(36),9(27)])].
    new demodulator: 614.
kept:      615 ld(x,mult(y,mult(y,mult(z,x)))) = mult(ld(x,mult(y,mult(y,z))),x).  [para(46(a,1),351(a,1,2))].
    new demodulator: 615.
kept:      616 ld(x,mult(y,mult(y,x))) = mult(ld(x,mult(y,y)),x).  [para(161(a,1),351(a,1,2))].
    new demodulator: 616.
kept:      617 mult(ld(x,e),mult(x,x)) = x.  [para(351(a,1),279(a,1)),rewrite([519(2),50(1)])].
    new demodulator: 617.
kept:      618 ld(mult(x,y),mult(x,mult(y,mult(x,mult(x,y))))) = mult(x,mult(x,y)).  [para(279(a,1),351(a,2,1)),rewrite([209(5)])].
    new demodulator: 618.
kept:      619 ld(mult(ld(x,y),x),mult(y,x)) = mult(ld(mult(ld(x,y),x),x),mult(ld(x,y),x)).  [para(280(a,1),351(a,1,2))].
    new demodulator: 619.
kept:      620 mult(ld(mult(x,y),mult(x,rd(y,mult(x,y)))),mult(x,y)) != e | ld(mult(x,rd(y,mult(x,y))),mult(x,y)) = mult(x,y).  [para(351(a,1),58(a,1))].
kept:      621 mult(ld(x,ld(x,e)),x) = ld(x,e).  [para(575(a,1),351(a,1,2)),flip(a)].
    new demodulator: 621.
    starting back demodulation with 612.
    starting back demodulation with 613.
    starting back demodulation with 614.
    starting back demodulation with 615.
        615 back demodulating 439.
        615 back demodulating 437.
        615 back demodulating 436.
        615 back demodulating 434.
        615 back demodulating 230.
kept:      622 ld(mult(x,mult(y,mult(y,z))),mult(y,mult(y,mult(z,x)))) != e | mult(ld(x,mult(y,mult(y,z))),x) = mult(y,mult(y,z)).  [back_rewrite(230),rewrite([615(13)])].
        615 back demodulating 228.
kept:      623 mult(ld(x,mult(y,mult(y,z))),x) != mult(y,mult(y,z)) | ld(mult(x,mult(y,mult(y,z))),mult(y,mult(y,mult(z,x)))) = e.  [back_rewrite(228),rewrite([615(4)])].
    starting back demodulation with 616.
        616 back demodulating 524.
kept:      624 mult(ld(x,mult(y,y)),x) != mult(y,y) | mult(ld(y,ld(y,x)),mult(y,y)) = x.  [back_rewrite(524),rewrite([616(3)])].
        616 back demodulating 425.
        616 back demodulating 424.
        616 back demodulating 263.
        616 back demodulating 259.
kept:      625 ld(mult(x,mult(y,y)),mult(y,mult(y,x))) != e | mult(ld(x,mult(y,y)),x) = mult(y,y).  [back_rewrite(259),rewrite([616(10)])].
        616 back demodulating 257.
kept:      626 mult(ld(x,mult(y,y)),x) != mult(y,y) | ld(mult(x,mult(y,y)),mult(y,mult(y,x))) = e.  [back_rewrite(257),rewrite([616(3)])].
    617 back subsumes 614.
    starting back demodulation with 617.
        617 back demodulating 581.
    starting back demodulation with 618.
    619 back subsumes 503.
    starting back demodulation with 619.
        619 back demodulating 373.
        619 back demodulating 370.
        619 back demodulating 366.
        619 back demodulating 363.
        619 back demodulating 362.
        619 back demodulating 361.
kept:      627 ld(mult(mult(ld(x,y),x),x),mult(y,x)) != e | mult(ld(mult(ld(x,y),x),x),mult(ld(x,y),x)) = x.  [back_rewrite(361),rewrite([619(11)])].
        619 back demodulating 359.
kept:      628 mult(ld(mult(ld(x,y),x),x),mult(ld(x,y),x)) != x | ld(mult(mult(ld(x,y),x),x),mult(y,x)) = e.  [back_rewrite(359),rewrite([619(4)])].
        619 back demodulating 358.
kept:      629 mult(ld(mult(ld(x,y),x),x),mult(ld(x,y),x)) != x | mult(mult(ld(x,ld(x,y)),x),x) = mult(ld(x,y),x).  [back_rewrite(358),rewrite([619(4)])].
    starting back demodulation with 621.

given #55 (T,wt=9): 617 mult(ld(x,e),mult(x,x)) = x.  [para(351(a,1),279(a,1)),rewrite([519(2),50(1)])].
kept:      630 ld(ld(x,e),x) = mult(x,x).  [para(617(a,1),9(a,1,2))].
    new demodulator: 630.
kept:      631 rd(x,mult(x,x)) = ld(x,e).  [para(617(a,1),11(a,1,1))].
    new demodulator: 631.
kept:      632 ld(mult(x,y),mult(mult(x,ld(y,e)),mult(y,y))) != e | ld(mult(x,ld(y,e)),mult(x,y)) = mult(y,y).  [para(617(a,1),24(a,1,1,2)),rewrite([617(16)])].
kept:      633 ld(mult(ld(x,e),mult(x,mult(x,y))),mult(x,y)) != e | ld(x,mult(ld(x,e),mult(x,mult(x,y)))) = y.  [para(617(a,1),24(a,1,2,1)),rewrite([161(4),617(13),161(13)])].
kept:      634 ld(x,mult(ld(x,e),mult(x,mult(x,y)))) != y | ld(mult(ld(x,e),mult(x,mult(x,y))),mult(x,y)) = e.  [para(617(a,1),26(a,1,1)),rewrite([161(4),161(11),617(16)])].
kept:      635 ld(mult(x,ld(y,e)),mult(x,y)) != mult(y,y) | ld(mult(x,y),mult(mult(x,ld(y,e)),mult(y,y))) = e.  [para(617(a,1),26(a,1,2,2)),rewrite([617(11)])].
kept:      636 ld(mult(x,y),mult(x,mult(y,ld(z,mult(ld(z,e),mult(z,mult(z,u))))))) = ld(z,mult(ld(z,e),mult(z,mult(z,ld(mult(x,y),mult(x,mult(y,u))))))).  [para(617(a,1),42(a,1,1)),rewrite([161(8),617(15),161(15)]),flip(a)].
kept:      637 ld(mult(x,ld(y,e)),mult(x,mult(ld(y,e),ld(mult(z,u),mult(z,mult(u,mult(y,y))))))) = ld(mult(z,u),mult(z,mult(u,ld(mult(x,ld(y,e)),mult(x,y))))).  [para(617(a,1),42(a,1,2,2,2,2,2)),flip(a)].
kept:      638 rd(mult(mult(rd(mult(mult(ld(x,e),y),z),mult(y,z)),mult(x,x)),u),mult(x,mult(x,u))) = rd(mult(mult(rd(mult(x,u),mult(x,mult(x,u))),y),z),mult(y,z)).  [para(617(a,1),44(a,1,1,1,1,1,1)),rewrite([161(3),161(19)]),flip(a)].
kept:      639 rd(mult(mult(rd(mult(mult(x,ld(y,e)),mult(y,y)),y),z),u),mult(z,u)) = rd(mult(mult(rd(mult(mult(x,z),u),mult(z,u)),ld(y,e)),mult(y,y)),y).  [para(617(a,1),44(a,1,1,1,1,2)),rewrite([617(23)])].
kept:      640 mult(ld(x,e),mult(x,y)) = y.  [para(617(a,1),46(a,1,1,2)),rewrite([575(3),7(2),161(6),604(8)]),flip(a)].
    new demodulator: 640.
kept:      641 mult(ld(mult(x,mult(x,y)),e),mult(x,mult(x,mult(y,mult(x,mult(x,y)))))) = mult(x,mult(x,y)).  [para(46(a,1),617(a,1,2))].
    new demodulator: 641.
kept:      642 mult(x,mult(ld(x,e),ld(x,e))) = ld(x,e).  [para(54(a,1),617(a,1,1)),rewrite([567(2),567(4),567(8)])].
    new demodulator: 642.
kept:      643 mult(ld(x,ld(x,e)),mult(x,mult(x,mult(x,x)))) = mult(x,x).  [para(161(a,1),617(a,1,2)),rewrite([519(3)])].
    new demodulator: 643.
kept:      644 ld(x,mult(mult(ld(x,e),y),ld(y,mult(x,x)))) != e | ld(mult(ld(x,e),y),x) = ld(y,mult(x,x)).  [para(617(a,1),55(a,1,1)),rewrite([617(16)])].
kept:      645 ld(mult(ld(x,e),y),ld(x,y)) != e | ld(x,ld(x,y)) = ld(x,mult(ld(x,e),y)).  [para(617(a,1),55(a,1,2,1)),rewrite([519(5),10(6),617(11),519(13)]),flip(b)].
kept:      646 ld(x,ld(x,e)) = mult(ld(x,e),ld(x,e)).  [para(617(a,1),253(a,1,1,2)),rewrite([575(3),567(3),519(3)])].
    new demodulator: 646.
kept:      647 ld(mult(x,mult(ld(x,ld(y,e)),mult(y,y))),y) != e | ld(ld(y,e),mult(x,mult(ld(x,ld(y,e)),mult(y,y)))) = mult(y,y).  [para(617(a,1),56(a,1,2))].
kept:      648 rd(x,ld(ld(x,e),mult(x,x))) = mult(ld(x,e),ld(x,e)).  [para(617(a,1),338(a,1,1))].
    new demodulator: 648.
kept:      649 ld(mult(ld(x,e),rd(mult(x,x),ld(x,e))),x) = ld(x,e).  [para(617(a,1),343(a,1,2))].
    new demodulator: 649.
kept:      650 ld(x,mult(mult(ld(x,e),rd(mult(x,x),y)),y)) != e | ld(mult(ld(x,e),rd(mult(x,x),y)),x) = y.  [para(617(a,1),58(a,1,1)),rewrite([617(18)])].
kept:      651 mult(ld(x,mult(ld(x,e),ld(x,e))),mult(x,x)) = ld(x,e).  [para(617(a,1),351(a,1,2)),rewrite([519(2),50(1),519(6),646(5)]),flip(a)].
    new demodulator: 651.
    starting back demodulation with 630.
        630 back demodulating 608.
    starting back demodulation with 631.
    640 back subsumes 617.
    640 back subsumes 613.
    640 back subsumes 593.
    starting back demodulation with 640.
        640 back demodulating 636.
        640 back demodulating 634.
        640 back demodulating 633.
        640 back demodulating 604.
        640 back demodulating 597.
        640 back demodulating 594.
    starting back demodulation with 641.
    starting back demodulation with 642.
    starting back demodulation with 643.
    starting back demodulation with 646.
        646 back demodulating 643.
        646 back demodulating 621.
        646 back demodulating 543.
kept:      652 rd(mult(x,x),mult(ld(x,e),ld(x,e))) = mult(x,mult(x,mult(x,x))).  [back_rewrite(543),rewrite([646(4)])].
    new demodulator: 652.
    starting back demodulation with 648.
    starting back demodulation with 649.
    starting back demodulation with 651.
    starting back demodulation with 652.

given #56 (A,wt=24): 59 ld(x,mult(mult(rd(x,mult(y,z)),y),z)) != e | ld(mult(rd(x,mult(y,z)),y),x) = z.  [para(12(a,1),24(a,1,1)),rewrite([12(14)])].
kept:      653 ld(mult(mult(rd(mult(mult(x,y),z),mult(y,z)),u),w),mult(mult(rd(mult(mult(rd(mult(mult(x,u),w),mult(u,w)),y),z),mult(y,z)),u),w)) != e | ld(mult(rd(mult(mult(rd(mult(mult(x,y),z),mult(y,z)),u),w),mult(u,w)),u),mult(mult(rd(mult(mult(x,y),z),mult(y,z)),u),w)) = w.  [para(44(a,1),59(a,1,2,1,1))].
kept:      654 ld(x,mult(mult(rd(x,mult(y,mult(y,mult(z,u)))),mult(y,mult(y,z))),u)) != e | ld(mult(rd(x,mult(y,mult(y,mult(z,u)))),mult(y,mult(y,z))),x) = u.  [para(46(a,1),59(a,1,2,1,1,2)),rewrite([46(14)])].
kept:      655 ld(x,mult(mult(rd(x,mult(y,mult(y,z))),mult(y,y)),z)) != e | ld(mult(rd(x,mult(y,mult(y,z))),mult(y,y)),x) = z.  [para(161(a,1),59(a,1,2,1,1,2)),rewrite([161(11)])].
kept:      656 ld(x,mult(mult(rd(x,mult(y,mult(z,y))),mult(y,z)),y)) != e | ld(mult(rd(x,mult(y,mult(z,y))),mult(y,z)),x) = y.  [para(162(a,1),59(a,1,2,1,1,2)),rewrite([162(11)])].
kept:      657 ld(x,mult(mult(rd(x,mult(y,z)),z),mult(ld(z,y),z))) != e | ld(mult(rd(x,mult(y,z)),z),x) = mult(ld(z,y),z).  [para(280(a,1),59(a,1,2,1,1,2)),rewrite([280(12)])].
kept:      658 mult(ld(x,mult(rd(x,mult(y,x)),y)),x) != e | ld(mult(rd(x,mult(y,x)),y),x) = x.  [para(351(a,1),59(a,1))].

given #57 (T,wt=9): 630 ld(ld(x,e),x) = mult(x,x).  [para(617(a,1),9(a,1,2))].
kept:      659 ld(ld(x,e),ld(ld(x,e),mult(x,x))) = mult(x,mult(x,mult(x,x))).  [para(161(a,1),630(a,2)),rewrite([519(3),646(3),519(7)])].
    new demodulator: 659.
    starting back demodulation with 659.

given #58 (T,wt=9): 631 rd(x,mult(x,x)) = ld(x,e).  [para(617(a,1),11(a,1,1))].
kept:      660 rd(mult(x,mult(x,y)),mult(x,mult(x,mult(y,mult(x,mult(x,y)))))) = ld(mult(x,mult(x,y)),e).  [para(46(a,1),631(a,1,2))].
    new demodulator: 660.
kept:      661 rd(mult(x,x),mult(x,mult(x,mult(x,x)))) = mult(ld(x,e),ld(x,e)).  [para(161(a,1),631(a,1,2)),rewrite([519(8),646(8)])].
    new demodulator: 661.
    starting back demodulation with 660.
    starting back demodulation with 661.

given #59 (T,wt=9): 640 mult(ld(x,e),mult(x,y)) = y.  [para(617(a,1),46(a,1,1,2)),rewrite([575(3),7(2),161(6),604(8)]),flip(a)].
kept:      662 ld(ld(x,e),y) = mult(x,y).  [para(640(a,1),9(a,1,2))].
    new demodulator: 662.
kept:      663 ld(x,y) = mult(ld(x,e),y).  [para(10(a,1),640(a,1,2)),flip(a)].
kept:      664 rd(x,mult(y,x)) = ld(y,e).  [para(640(a,1),11(a,1,1))].
    new demodulator: 664.
kept:      665 mult(ld(rd(x,y),e),x) = y.  [para(12(a,1),640(a,1,2))].
    new demodulator: 665.
kept:      666 ld(mult(x,y),mult(mult(x,ld(z,e)),mult(z,y))) != e | ld(mult(x,ld(z,e)),mult(x,y)) = mult(z,y).  [para(640(a,1),24(a,1,1,2)),rewrite([640(16)])].
kept:      667 ld(mult(ld(x,e),mult(mult(x,y),z)),mult(y,z)) != e | ld(y,mult(ld(x,e),mult(mult(x,y),z))) = z.  [para(640(a,1),24(a,1,2,1)),rewrite([640(13)])].
kept:      668 ld(x,mult(ld(y,e),mult(mult(y,x),z))) != z | ld(mult(ld(y,e),mult(mult(y,x),z)),mult(x,z)) = e.  [para(640(a,1),26(a,1,1)),rewrite([640(16)])].
kept:      669 ld(mult(x,ld(y,e)),mult(x,z)) != mult(y,z) | ld(mult(x,z),mult(mult(x,ld(y,e)),mult(y,z))) = e.  [para(640(a,1),26(a,1,2,2)),rewrite([640(11)])].
kept:      670 ld(mult(x,y),mult(x,mult(y,ld(z,mult(ld(u,e),mult(mult(u,z),w)))))) = ld(z,mult(ld(u,e),mult(mult(u,z),ld(mult(x,y),mult(x,mult(y,w)))))).  [para(640(a,1),42(a,1,1)),rewrite([640(15)]),flip(a)].
kept:      671 ld(mult(x,ld(y,e)),mult(x,mult(ld(y,e),ld(mult(z,u),mult(z,mult(u,mult(y,w))))))) = ld(mult(z,u),mult(z,mult(u,ld(mult(x,ld(y,e)),mult(x,w))))).  [para(640(a,1),42(a,1,2,2,2,2,2)),flip(a)].
kept:      672 rd(mult(mult(rd(mult(mult(ld(x,e),y),z),mult(y,z)),mult(x,u)),w),mult(mult(x,u),w)) = rd(mult(mult(rd(mult(u,w),mult(mult(x,u),w)),y),z),mult(y,z)).  [para(640(a,1),44(a,1,1,1,1,1,1)),flip(a)].
kept:      673 rd(mult(mult(rd(mult(mult(x,ld(y,e)),mult(y,z)),z),u),w),mult(u,w)) = rd(mult(mult(rd(mult(mult(x,u),w),mult(u,w)),ld(y,e)),mult(y,z)),z).  [para(640(a,1),44(a,1,1,1,1,2)),rewrite([640(23)])].
kept:      674 mult(mult(ld(x,e),y),z) = mult(ld(x,e),mult(ld(x,e),mult(mult(x,y),z))).  [para(640(a,1),46(a,1,1,2))].
    new demodulator: 674.
kept:      675 mult(ld(mult(x,mult(x,y)),e),mult(x,mult(x,mult(y,z)))) = z.  [para(46(a,1),640(a,1,2))].
    new demodulator: 675.
kept:      676 mult(x,mult(ld(x,e),y)) = y.  [para(54(a,1),640(a,1,1)),rewrite([567(2)])].
    new demodulator: 676.
kept:      677 mult(ld(x,e),mult(mult(x,y),ld(x,e))) = mult(y,ld(x,e)).  [para(640(a,1),162(a,1,1)),flip(a)].
    new demodulator: 677.
kept:      678 mult(ld(mult(x,y),e),mult(x,mult(y,x))) = x.  [para(162(a,1),640(a,1,2))].
    new demodulator: 678.
kept:      679 ld(x,mult(ld(y,e),mult(ld(y,e),mult(mult(y,z),ld(z,mult(y,x)))))) != e | ld(mult(ld(y,e),z),x) = ld(z,mult(y,x)).  [para(640(a,1),55(a,1,1)),rewrite([674(6),640(20)])].
kept:      680 ld(mult(ld(x,e),y),mult(z,ld(mult(x,z),y))) != e | ld(mult(x,z),y) = ld(z,mult(ld(x,e),y)).  [para(640(a,1),55(a,1,2,1)),rewrite([640(13)]),flip(b)].
kept:      681 rd(mult(ld(x,e),y),mult(x,y)) = mult(ld(x,e),ld(x,e)).  [para(640(a,1),253(a,1,1,2))].
    new demodulator: 681.
kept:      682 ld(mult(mult(x,y),ld(x,e)),mult(mult(x,y),y)) = mult(x,y).  [para(640(a,1),279(a,1,2,2))].
    new demodulator: 682.
kept:      683 mult(ld(x,e),mult(y,x)) = mult(ld(x,y),x).  [para(280(a,1),640(a,1,2))].
kept:      684 ld(mult(x,mult(ld(x,ld(y,e)),mult(y,z))),z) != e | mult(y,mult(x,mult(ld(x,ld(y,e)),mult(y,z)))) = mult(y,z).  [para(640(a,1),56(a,1,2)),rewrite([662(18)])].
kept:      685 rd(x,mult(y,mult(y,x))) = mult(ld(y,e),ld(y,e)).  [para(640(a,1),338(a,1,1)),rewrite([662(4)])].
    new demodulator: 685.
kept:      686 ld(mult(ld(x,e),mult(mult(x,y),ld(y,z))),z) != e | ld(y,mult(ld(x,e),mult(mult(x,y),ld(y,z)))) = ld(y,z).  [para(640(a,1),57(a,1,1,2,2,1)),rewrite([640(13),640(16),640(20)])].
kept:      687 ld(mult(ld(x,e),rd(mult(x,y),ld(x,e))),y) = ld(x,e).  [para(640(a,1),343(a,1,2))].
    new demodulator: 687.
kept:      688 ld(x,mult(ld(y,e),mult(ld(y,e),mult(mult(y,rd(mult(y,x),z)),z)))) != e | ld(mult(ld(y,e),rd(mult(y,x),z)),x) = z.  [para(640(a,1),58(a,1,1)),rewrite([674(6),640(22)])].
kept:      689 ld(mult(x,y),y) = mult(ld(mult(x,y),ld(x,e)),mult(x,y)).  [para(640(a,1),351(a,1,2))].
kept:      690 ld(x,mult(mult(rd(x,y),ld(z,e)),mult(z,y))) != e | ld(mult(rd(x,y),ld(z,e)),x) = mult(z,y).  [para(640(a,1),59(a,1,2,1,1,2)),rewrite([640(13)])].
    662 back subsumes 630.
    662 back subsumes 577.
    starting back demodulation with 662.
        662 back demodulating 659.
        662 back demodulating 648.
        662 back demodulating 647.
        662 back demodulating 607.
kept:      691 ld(mult(x,mult(ld(x,ld(y,e)),y)),e) != e | mult(y,mult(x,mult(ld(x,ld(y,e)),y))) = y.  [back_rewrite(607),rewrite([662(17)])].
        662 back demodulating 582.
    663 back subsumes 646.
    663 back subsumes 606.
    664 back subsumes 631.
    starting back demodulation with 664.
        664 back demodulating 658.
        664 back demodulating 638.
kept:      692 rd(mult(mult(rd(mult(ld(x,e),mult(ld(x,e),mult(mult(x,y),z))),mult(y,z)),mult(x,x)),u),mult(x,mult(x,u))) = rd(mult(ld(x,e),mult(ld(x,e),mult(mult(x,y),z))),mult(y,z)).  [back_rewrite(638),rewrite([674(4),664(20),674(20)])].
    new demodulator: 692.
        664 back demodulating 620.
        664 back demodulating 602.
kept:      693 rd(mult(mult(rd(mult(ld(x,e),mult(ld(x,e),mult(mult(x,y),z))),mult(y,z)),x),u),mult(x,u)) = rd(mult(ld(x,e),mult(ld(x,e),mult(mult(x,y),z))),mult(y,z)).  [back_rewrite(602),rewrite([674(4),664(16),674(18)])].
    new demodulator: 693.
        664 back demodulating 572.
kept:      694 rd(mult(mult(rd(mult(mult(x,y),z),mult(y,z)),ld(x,e)),u),mult(ld(x,e),u)) = rd(mult(mult(x,y),z),mult(y,z)).  [back_rewrite(572),rewrite([664(16),662(16),8(14)])].
    new demodulator: 694.
    665 back subsumes 610.
    starting back demodulation with 665.
    666 back subsumes 632.
    669 back subsumes 635.
    671 back subsumes 637.
    673 back subsumes 639.
    starting back demodulation with 674.
        674 back demodulating 672.
kept:      695 rd(mult(mult(rd(mult(ld(x,e),mult(ld(x,e),mult(mult(x,y),z))),mult(y,z)),mult(x,u)),w),mult(mult(x,u),w)) = rd(mult(mult(rd(mult(u,w),mult(mult(x,u),w)),y),z),mult(y,z)).  [back_rewrite(672),rewrite([674(4)])].
        674 back demodulating 650.
        674 back demodulating 644.
        674 back demodulating 609.
kept:      696 mult(ld(x,e),mult(ld(x,e),mult(rd(x,y),mult(y,x)))) != e | ld(mult(ld(x,e),rd(x,y)),e) = y.  [back_rewrite(609),rewrite([674(5),168(7),12(7)])].
        674 back demodulating 605.
kept:      697 mult(ld(x,e),mult(ld(x,e),mult(mult(x,y),ld(y,x)))) != e | ld(mult(ld(x,e),y),e) = ld(y,x).  [back_rewrite(605),rewrite([674(5)])].
        674 back demodulating 596.
kept:      698 ld(mult(ld(mult(x,y),e),x),e) != y | mult(ld(mult(x,y),e),mult(ld(mult(x,y),e),mult(x,mult(y,mult(x,y))))) = e.  [back_rewrite(596),rewrite([674(12),162(15),209(16)])].
        674 back demodulating 592.
kept:      699 mult(ld(mult(x,y),e),mult(ld(mult(x,y),e),mult(x,mult(y,mult(x,y))))) != e | ld(mult(ld(mult(x,y),e),x),e) = y.  [back_rewrite(592),rewrite([674(5),162(8),209(9)])].
        674 back demodulating 573.
kept:      700 rd(mult(ld(mult(x,ld(mult(y,x),e)),e),mult(ld(mult(x,ld(mult(y,x),e)),e),mult(mult(mult(x,ld(mult(y,x),e)),z),u))),mult(z,u)) = rd(mult(mult(rd(mult(mult(y,z),u),mult(z,u)),x),ld(mult(y,x),e)),mult(x,ld(mult(y,x),e))).  [back_rewrite(573),rewrite([674(22)]),flip(a)].
    675 back subsumes 641.
    starting back demodulation with 675.
    676 back subsumes 642.
    676 back subsumes 505.
    starting back demodulation with 676.
        676 back demodulating 570.
        676 back demodulating 568.
    starting back demodulation with 677.
    starting back demodulation with 678.
    starting back demodulation with 681.
    starting back demodulation with 682.
    685 back subsumes 661.
    starting back demodulation with 685.
    687 back subsumes 649.
    starting back demodulation with 687.
    starting back demodulation with 692.
    starting back demodulation with 693.
    starting back demodulation with 694.

given #60 (T,wt=9): 662 ld(ld(x,e),y) = mult(x,y).  [para(640(a,1),9(a,1,2))].
kept:      701 ld(ld(x,ld(x,e)),y) = mult(x,mult(x,y)).  [para(161(a,1),662(a,2)),rewrite([519(3)])].
    new demodulator: 701.
kept:      702 mult(mult(x,y),ld(x,e)) = mult(x,mult(y,ld(x,e))).  [para(662(a,1),351(a,1)),rewrite([662(7)]),flip(a)].
    new demodulator: 702.
kept:      703 mult(x,mult(mult(rd(ld(x,e),mult(y,z)),y),z)) != e | ld(mult(rd(ld(x,e),mult(y,z)),y),ld(x,e)) = z.  [para(662(a,1),59(a,1))].
    starting back demodulation with 701.
    starting back demodulation with 702.
        702 back demodulating 682.
kept:      704 ld(mult(x,mult(y,ld(x,e))),mult(mult(x,y),y)) = mult(x,y).  [back_rewrite(682),rewrite([702(4)])].
    new demodulator: 704.
        702 back demodulating 677.
    starting back demodulation with 704.

given #61 (A,wt=24): 60 ld(mult(rd(x,y),mult(y,z)),mult(x,z)) != e | ld(x,mult(rd(x,y),mult(y,z))) = z.  [para(12(a,1),24(a,1,2,1)),rewrite([12(9)])].
kept:      705 ld(mult(rd(rd(x,y),z),mult(z,y)),x) != e | ld(rd(x,y),mult(rd(rd(x,y),z),mult(z,y))) = y.  [para(12(a,1),60(a,1,2))].
kept:      706 ld(mult(rd(mult(mult(rd(mult(mult(x,y),z),mult(y,z)),u),w),mult(u,w)),mult(mult(y,z),v5)),mult(mult(mult(rd(mult(mult(x,u),w),mult(u,w)),y),z),v5)) != e | ld(mult(mult(rd(mult(mult(x,u),w),mult(u,w)),y),z),mult(rd(mult(mult(rd(mult(mult(x,u),w),mult(u,w)),y),z),mult(y,z)),mult(mult(y,z),v5))) = v5.  [para(44(a,1),60(a,1,1,1))].
kept:      707 ld(mult(rd(x,mult(y,mult(y,z))),mult(y,mult(y,mult(z,u)))),mult(x,u)) != e | ld(x,mult(rd(x,mult(y,mult(y,z))),mult(y,mult(y,mult(z,u))))) = u.  [para(46(a,1),60(a,1,1,2)),rewrite([46(17)])].
kept:      708 ld(mult(rd(mult(x,mult(x,y)),z),mult(z,u)),mult(x,mult(x,mult(y,u)))) != e | ld(mult(x,mult(x,y)),mult(rd(mult(x,mult(x,y)),z),mult(z,u))) = u.  [para(46(a,1),60(a,1,2))].
kept:      709 ld(mult(rd(x,mult(y,y)),mult(y,mult(y,z))),mult(x,z)) != e | ld(x,mult(rd(x,mult(y,y)),mult(y,mult(y,z)))) = z.  [para(161(a,1),60(a,1,1,2)),rewrite([161(13)])].
kept:      710 ld(mult(rd(mult(x,x),y),mult(y,z)),mult(x,mult(x,z))) != e | ld(x,ld(x,mult(rd(mult(x,x),y),mult(y,z)))) = z.  [para(161(a,1),60(a,1,2)),rewrite([519(15)])].
kept:      711 ld(mult(rd(x,mult(y,z)),mult(y,mult(z,y))),mult(x,y)) != e | ld(x,mult(rd(x,mult(y,z)),mult(y,mult(z,y)))) = y.  [para(162(a,1),60(a,1,1,2)),rewrite([162(13)])].
kept:      712 ld(mult(rd(mult(x,y),z),mult(z,x)),mult(x,mult(y,x))) != e | ld(mult(x,y),mult(rd(mult(x,y),z),mult(z,x))) = x.  [para(162(a,1),60(a,1,2))].
kept:      713 ld(mult(rd(x,y),mult(z,y)),mult(x,mult(ld(y,z),y))) != e | ld(x,mult(rd(x,y),mult(z,y))) = mult(ld(y,z),y).  [para(280(a,1),60(a,1,1,2)),rewrite([280(13)])].
kept:      714 ld(mult(rd(x,y),mult(y,mult(ld(x,z),x))),mult(z,x)) != e | ld(x,mult(rd(x,y),mult(y,mult(ld(x,z),x)))) = mult(ld(x,z),x).  [para(280(a,1),60(a,1,2))].
kept:      715 ld(rd(x,ld(y,e)),mult(x,y)) != e | ld(x,rd(x,ld(y,e))) = y.  [para(575(a,1),60(a,1,1,2)),rewrite([8(5),575(13),8(12)])].
kept:      716 ld(mult(rd(ld(x,e),y),mult(y,x)),e) != e | mult(x,mult(rd(ld(x,e),y),mult(y,x))) = x.  [para(575(a,1),60(a,1,2)),rewrite([662(17)])].
kept:      717 ld(mult(rd(x,ld(y,e)),z),mult(x,mult(y,z))) != e | ld(x,mult(rd(x,ld(y,e)),z)) = mult(y,z).  [para(640(a,1),60(a,1,1,2)),rewrite([640(16)])].
kept:      718 ld(mult(rd(ld(x,e),y),mult(y,mult(x,z))),z) != e | mult(x,mult(rd(ld(x,e),y),mult(y,mult(x,z)))) = mult(x,z).  [para(640(a,1),60(a,1,2)),rewrite([662(18)])].

given #62 (T,wt=9): 663 ld(x,y) = mult(ld(x,e),y).  [para(10(a,1),640(a,1,2)),flip(a)].
kept:      719 rd(ld(x,y),y) = ld(x,e).  [para(663(a,2),11(a,1,1))].
    new demodulator: 719.
kept:      720 ld(mult(x,ld(y,z)),mult(mult(x,ld(y,e)),z)) = ld(mult(x,mult(ld(y,e),z)),mult(mult(x,ld(y,e)),z)).  [para(663(a,2),14(a,2,1,2)),rewrite([14(3)]),flip(a)].
kept:      721 ld(ld(x,mult(y,z)),mult(ld(x,e),mult(ld(x,e),mult(mult(x,y),z)))) = ld(mult(ld(x,e),mult(y,z)),mult(ld(x,e),mult(ld(x,e),mult(mult(x,y),z)))).  [para(663(a,2),14(a,2,1)),rewrite([14(3),674(8),674(19)]),flip(a)].
    new demodulator: 721.
kept:      722 ld(mult(ld(x,e),mult(y,z)),mult(ld(x,e),mult(ld(x,e),mult(mult(x,y),z)))) = ld(mult(ld(x,e),mult(y,z)),mult(ld(x,y),z)).  [para(663(a,2),14(a,2,2,1)),rewrite([14(3),674(8)])].
kept:      723 ld(ld(x,y),mult(y,ld(x,e))) = ld(mult(ld(x,e),y),mult(y,ld(x,e))).  [para(663(a,2),16(a,2,1)),rewrite([16(3)]),flip(a)].
kept:      724 ld(mult(x,ld(y,e)),ld(y,x)) = ld(mult(x,ld(y,e)),mult(ld(y,e),x)).  [para(663(a,2),16(a,2,2)),rewrite([16(3)]),flip(a)].
kept:      725 ld(ld(x,y),mult(ld(x,e),mult(y,z))) = ld(mult(ld(x,e),y),mult(ld(x,e),mult(y,z))).  [para(663(a,2),18(a,2,1)),rewrite([18(3)]),flip(a)].
kept:      726 ld(mult(x,ld(y,e)),mult(x,ld(y,z))) = ld(mult(x,ld(y,e)),mult(x,mult(ld(y,e),z))).  [para(663(a,2),18(a,2,2,2)),rewrite([18(3)]),flip(a)].
kept:      727 ld(mult(ld(x,e),y),ld(x,mult(y,z))) = ld(mult(ld(x,e),y),mult(ld(x,e),mult(y,z))).  [para(663(a,2),18(a,2,2)),rewrite([18(3)]),flip(a)].
    new demodulator: 727.
kept:      728 rd(mult(ld(x,e),mult(ld(x,e),mult(mult(x,y),z))),mult(y,z)) = rd(mult(ld(x,y),z),mult(y,z)).  [para(663(a,2),20(a,2,1,1)),rewrite([20(3),674(4)])].
kept:      729 rd(mult(mult(x,ld(y,e)),z),ld(y,z)) = rd(mult(mult(x,ld(y,e)),z),mult(ld(y,e),z)).  [para(663(a,2),20(a,2,2)),rewrite([20(3)]),flip(a)].
kept:      730 mult(ld(mult(x,mult(y,z)),e),mult(mult(x,y),z)) != e | ld(mult(x,y),mult(x,mult(y,z))) = z.  [para(663(a,1),24(a,1))].
kept:      731 ld(mult(x,ld(y,z)),mult(mult(x,ld(y,e)),z)) != e | ld(mult(x,ld(y,e)),mult(x,mult(ld(y,e),z))) = z.  [para(663(a,2),24(a,1,1,2))].
kept:      732 ld(mult(ld(x,e),mult(y,z)),mult(ld(x,e),mult(ld(x,e),mult(mult(x,y),z)))) != e | ld(mult(ld(x,e),y),mult(ld(x,e),mult(y,z))) = z.  [para(663(a,2),24(a,1,1)),rewrite([674(6),721(11)])].
kept:      733 ld(mult(ld(x,e),mult(y,z)),mult(ld(x,y),z)) != e | ld(mult(ld(x,e),y),mult(ld(x,e),mult(y,z))) = z.  [para(663(a,2),24(a,1,2,1))].
kept:      734 mult(ld(mult(x,y),e),mult(x,mult(y,z))) != z | ld(mult(x,mult(y,z)),mult(mult(x,y),z)) = e.  [para(663(a,1),26(a,1))].
kept:      735 ld(ld(x,y),mult(ld(x,e),mult(y,z))) != z | ld(mult(ld(x,e),mult(y,z)),mult(ld(x,e),mult(ld(x,e),mult(mult(x,y),z)))) = e.  [para(663(a,2),26(a,1,1)),rewrite([674(15)])].
kept:      736 ld(mult(x,ld(y,e)),mult(x,ld(y,z))) != z | ld(mult(x,mult(ld(y,e),z)),mult(mult(x,ld(y,e)),z)) = e.  [para(663(a,2),26(a,1,2,2))].
kept:      737 ld(mult(ld(x,e),y),mult(ld(x,e),mult(y,z))) != z | ld(mult(ld(x,e),mult(y,z)),mult(ld(x,e),mult(ld(x,e),mult(mult(x,y),z)))) = e.  [para(663(a,2),26(a,1,2)),rewrite([727(6),674(17)])].
kept:      738 ld(mult(x,y),mult(x,mult(y,ld(mult(z,u),mult(z,mult(u,w)))))) = ld(mult(z,u),mult(z,mult(u,mult(ld(mult(x,y),e),mult(x,mult(y,w)))))).  [para(663(a,1),42(a,1,2,2,2)),flip(a)].
kept:      739 ld(mult(x,y),mult(x,mult(y,ld(mult(z,u),mult(z,mult(u,w)))))) = mult(ld(mult(z,u),e),mult(z,mult(u,ld(mult(x,y),mult(x,mult(y,w)))))).  [para(663(a,1),42(a,1)),flip(a)].
    new demodulator: 739.
kept:      740 ld(mult(x,y),mult(x,mult(y,mult(ld(mult(z,u),e),mult(z,mult(u,w)))))) = mult(ld(mult(x,y),e),mult(x,mult(y,ld(mult(z,u),mult(z,mult(u,w)))))).  [para(663(a,1),42(a,2,2,2,2)),rewrite([739(8)]),flip(a)].
kept:      741 ld(ld(x,y),mult(ld(x,e),mult(y,ld(mult(z,u),mult(z,mult(u,w)))))) = mult(ld(mult(ld(x,e),y),e),mult(ld(x,e),mult(y,ld(mult(z,u),mult(z,mult(u,w)))))).  [para(663(a,2),42(a,1,1)),rewrite([739(22)])].
kept:      742 ld(mult(x,y),mult(x,mult(y,ld(ld(z,u),mult(ld(z,e),mult(u,w)))))) = mult(ld(mult(x,y),e),mult(x,mult(y,ld(mult(ld(z,e),u),mult(ld(z,e),mult(u,w)))))).  [para(663(a,2),42(a,1,2,2,2,1)),rewrite([739(22)])].
kept:      743 ld(mult(x,y),mult(x,mult(y,ld(mult(z,ld(u,e)),mult(z,ld(u,w)))))) = mult(ld(mult(x,y),e),mult(x,mult(y,ld(mult(z,ld(u,e)),mult(z,mult(ld(u,e),w)))))).  [para(663(a,2),42(a,1,2,2,2,2,2)),rewrite([739(22)])].
kept:      744 mult(ld(mult(ld(x,e),y),e),mult(ld(x,e),mult(y,ld(mult(z,u),mult(z,mult(u,w)))))) = mult(ld(mult(z,u),e),mult(z,mult(u,ld(mult(ld(x,e),y),mult(ld(x,e),mult(y,w)))))).  [para(663(a,2),42(a,1,2,2,2,2)),rewrite([727(7),739(12),739(26)])].
kept:      745 ld(mult(x,ld(y,e)),mult(x,ld(y,ld(mult(z,u),mult(z,mult(u,w)))))) = mult(ld(mult(x,ld(y,e)),e),mult(x,mult(ld(y,e),ld(mult(z,u),mult(z,mult(u,w)))))).  [para(663(a,2),42(a,1,2,2)),rewrite([739(22)])].
    new demodulator: 745.
kept:      746 rd(mult(mult(rd(mult(ld(x,e),mult(ld(x,e),mult(mult(x,y),z))),mult(y,z)),u),w),mult(u,w)) = rd(mult(mult(rd(mult(ld(x,u),w),mult(u,w)),y),z),mult(y,z)).  [para(663(a,2),44(a,1,1,1,1,1,1)),rewrite([674(12)]),flip(a)].
kept:      747 rd(mult(mult(rd(mult(mult(x,ld(y,e)),z),ld(y,z)),u),w),mult(u,w)) = rd(mult(mult(rd(mult(mult(x,u),w),mult(u,w)),ld(y,e)),z),mult(ld(y,e),z)).  [para(663(a,2),44(a,1,1,1,1,2))].
kept:      748 rd(mult(mult(rd(mult(mult(x,ld(y,e)),z),mult(ld(y,e),z)),u),w),mult(u,w)) = rd(mult(mult(rd(mult(mult(x,u),w),mult(u,w)),ld(y,e)),z),ld(y,z)).  [para(663(a,2),44(a,1,2)),flip(a)].
kept:      749 mult(ld(x,mult(ld(x,e),y)),z) = mult(ld(x,e),mult(ld(x,e),mult(y,z))).  [para(663(a,2),46(a,1,1))].
    new demodulator: 749.
kept:      750 mult(x,mult(x,ld(y,z))) = mult(x,mult(x,mult(ld(y,e),z))).  [para(663(a,2),46(a,2,2,2)),rewrite([46(5)]),flip(a)].
kept:      751 mult(ld(x,e),ld(x,mult(y,z))) = mult(ld(x,e),mult(ld(x,e),mult(y,z))).  [para(663(a,2),46(a,2,2)),rewrite([46(7)]),flip(a)].
    new demodulator: 751.
kept:      752 mult(ld(x,ld(x,e)),y) = mult(ld(x,e),mult(ld(x,e),y)).  [para(663(a,2),161(a,1,1))].
    new demodulator: 752.
kept:      753 mult(ld(x,e),ld(x,y)) = mult(ld(x,e),mult(ld(x,e),y)).  [para(663(a,2),161(a,2,2)),rewrite([161(6)]),flip(a)].
kept:      754 mult(ld(x,e),mult(y,ld(x,e))) = mult(ld(x,y),ld(x,e)).  [para(663(a,2),162(a,1,1)),flip(a)].
kept:      755 mult(x,ld(y,x)) = mult(x,mult(ld(y,e),x)).  [para(663(a,2),162(a,2,2)),rewrite([162(4)]),flip(a)].
kept:      756 ld(mult(x,y),mult(mult(x,z),mult(ld(z,e),y))) != e | ld(mult(x,z),mult(x,y)) = ld(z,y).  [para(663(a,1),55(a,1,2,2))].
kept:      757 mult(ld(mult(x,y),e),mult(mult(x,z),ld(z,y))) != e | ld(mult(x,z),mult(x,y)) = ld(z,y).  [para(663(a,1),55(a,1))].
kept:      758 ld(ld(x,y),mult(ld(x,e),mult(ld(x,e),mult(mult(x,z),ld(z,y))))) != e | ld(mult(ld(x,e),z),mult(ld(x,e),y)) = ld(z,y).  [para(663(a,2),55(a,1,1)),rewrite([674(6)])].
kept:      759 ld(mult(ld(x,e),y),mult(ld(x,z),ld(z,y))) != e | ld(mult(ld(x,e),z),mult(ld(x,e),y)) = ld(z,y).  [para(663(a,2),55(a,1,2,1))].
kept:      760 rd(mult(ld(x,e),ld(x,y)),y) = mult(ld(x,e),ld(x,e)).  [para(663(a,2),253(a,1,1,2))].
    new demodulator: 760.
kept:      761 rd(ld(x,mult(ld(x,e),y)),y) = mult(ld(x,e),ld(x,e)).  [para(663(a,2),253(a,1,1))].
    new demodulator: 761.
kept:      762 ld(ld(x,y),mult(ld(x,e),mult(y,ld(x,e)))) = ld(x,e).  [para(663(a,2),279(a,1,1))].
    new demodulator: 762.
kept:      763 ld(mult(x,ld(y,e)),mult(x,ld(y,x))) = x.  [para(663(a,2),279(a,1,2,2))].
    new demodulator: 763.
kept:      764 ld(mult(ld(x,e),mult(mult(x,y),z)),mult(y,z)) != e | ld(y,mult(x,mult(ld(x,y),z))) = z.  [para(663(a,1),56(a,1,1,2,1)),rewrite([674(4),676(9)])].
kept:      765 mult(ld(mult(x,mult(ld(x,y),z)),e),mult(y,z)) != e | ld(y,mult(x,mult(ld(x,y),z))) = z.  [para(663(a,1),56(a,1))].
kept:      766 ld(ld(x,mult(mult(x,y),z)),mult(y,z)) != e | ld(y,mult(ld(x,e),mult(mult(x,y),z))) = z.  [para(663(a,2),56(a,1,1)),rewrite([662(3),662(12)])].
kept:      767 ld(mult(x,mult(ld(x,ld(y,e)),z)),ld(y,z)) != e | mult(y,mult(x,mult(ld(x,ld(y,e)),z))) = z.  [para(663(a,2),56(a,1,2)),rewrite([662(17)])].
kept:      768 rd(mult(x,y),mult(ld(x,e),y)) = mult(x,x).  [para(663(a,1),338(a,1,2))].
    new demodulator: 768.
kept:      769 rd(ld(x,y),mult(x,y)) = mult(ld(x,e),ld(x,e)).  [para(663(a,2),338(a,1,1)),rewrite([662(4)])].
    new demodulator: 769.
kept:      770 ld(mult(x,mult(y,mult(ld(mult(x,y),e),z))),z) != e | ld(mult(x,y),mult(x,mult(y,ld(mult(x,y),z)))) = ld(mult(x,y),z).  [para(663(a,1),57(a,1,1,2,2))].
kept:      771 mult(ld(mult(x,mult(y,ld(mult(x,y),z))),e),z) != e | ld(mult(x,y),mult(x,mult(y,ld(mult(x,y),z)))) = ld(mult(x,y),z).  [para(663(a,1),57(a,1))].
kept:      772 ld(mult(ld(x,e),mult(y,ld(ld(x,y),z))),z) != e | ld(mult(ld(x,e),y),mult(ld(x,e),mult(y,ld(mult(ld(x,e),y),z)))) = ld(mult(ld(x,e),y),z).  [para(663(a,2),57(a,1,1,2,2,1))].
kept:      773 ld(mult(x,ld(y,ld(mult(x,ld(y,e)),z))),z) != e | ld(mult(x,ld(y,e)),mult(x,mult(ld(y,e),ld(mult(x,ld(y,e)),z)))) = ld(mult(x,ld(y,e)),z).  [para(663(a,2),57(a,1,1,2))].
kept:      774 ld(ld(x,mult(y,ld(mult(ld(x,e),y),z))),z) != e | ld(mult(ld(x,e),y),mult(ld(x,e),mult(y,ld(mult(ld(x,e),y),z)))) = ld(mult(ld(x,e),y),z).  [para(663(a,2),57(a,1,1))].
kept:      775 mult(ld(mult(x,rd(y,x)),e),mult(x,y)) = x.  [para(663(a,1),343(a,1))].
    new demodulator: 775.
kept:      776 ld(ld(x,rd(y,ld(x,e))),mult(ld(x,e),y)) = ld(x,e).  [para(663(a,2),343(a,1,1))].
    new demodulator: 776.
kept:      777 ld(mult(ld(x,e),rd(y,ld(x,e))),ld(x,y)) = ld(x,e).  [para(663(a,2),343(a,1,2))].
    new demodulator: 777.
kept:      778 mult(ld(mult(x,y),e),mult(mult(x,rd(y,z)),z)) != e | ld(mult(x,rd(y,z)),mult(x,y)) = z.  [para(663(a,1),58(a,1))].
kept:      779 ld(ld(x,y),mult(ld(x,e),mult(ld(x,e),mult(mult(x,rd(y,z)),z)))) != e | ld(mult(ld(x,e),rd(y,z)),mult(ld(x,e),y)) = z.  [para(663(a,2),58(a,1,1)),rewrite([674(6)])].
kept:      780 ld(mult(ld(x,e),y),mult(ld(x,rd(y,z)),z)) != e | ld(mult(ld(x,e),rd(y,z)),mult(ld(x,e),y)) = z.  [para(663(a,2),58(a,1,2,1))].
kept:      781 ld(x,ld(y,x)) = mult(ld(x,ld(y,e)),x).  [para(663(a,2),351(a,1,2))].
kept:      782 mult(ld(x,e),mult(mult(rd(x,mult(y,z)),y),z)) != e | ld(mult(rd(x,mult(y,z)),y),x) = z.  [para(663(a,1),59(a,1))].
kept:      783 ld(x,mult(mult(rd(x,ld(y,z)),ld(y,e)),z)) != e | ld(mult(rd(x,mult(ld(y,e),z)),ld(y,e)),x) = z.  [para(663(a,2),59(a,1,2,1,1,2))].
kept:      784 mult(ld(mult(rd(x,y),mult(y,z)),e),mult(x,z)) != e | ld(x,mult(rd(x,y),mult(y,z))) = z.  [para(663(a,1),60(a,1))].
kept:      785 ld(mult(rd(x,ld(y,e)),ld(y,z)),mult(x,z)) != e | ld(x,mult(rd(x,ld(y,e)),mult(ld(y,e),z))) = z.  [para(663(a,2),60(a,1,1,2))].
kept:      786 ld(mult(rd(ld(x,e),y),mult(y,z)),ld(x,z)) != e | mult(x,mult(rd(ld(x,e),y),mult(y,z))) = z.  [para(663(a,2),60(a,1,2)),rewrite([662(17)])].
    starting back demodulation with 719.
    starting back demodulation with 721.
    starting back demodulation with 727.
    starting back demodulation with 739.
        739 back demodulating 738.
        739 back demodulating 671.
        739 back demodulating 601.
        739 back demodulating 600.
        739 back demodulating 599.
        739 back demodulating 598.
        739 back demodulating 571.
        739 back demodulating 545.
kept:      787 ld(mult(x,mult(y,mult(ld(mult(x,y),e),mult(x,mult(y,ld(mult(z,u),mult(z,mult(u,w)))))))),mult(x,mult(y,ld(mult(z,u),mult(z,mult(u,w)))))) != e | ld(mult(x,y),mult(x,mult(y,mult(ld(mult(z,u),e),mult(z,mult(u,ld(mult(x,y),mult(x,mult(y,w))))))))) = mult(ld(mult(z,u),e),mult(z,mult(u,ld(mult(x,y),mult(x,mult(y,w)))))).  [back_rewrite(545),rewrite([739(8),739(30),739(43)])].
        739 back demodulating 537.
        739 back demodulating 508.
kept:      788 ld(mult(ld(mult(x,y),e),mult(mult(mult(x,y),mult(x,mult(y,ld(mult(z,u),mult(z,mult(u,w)))))),v5)),mult(mult(x,mult(y,ld(mult(z,u),mult(z,mult(u,w))))),v5)) != e | ld(mult(x,mult(y,ld(mult(z,u),mult(z,mult(u,w))))),mult(mult(x,y),mult(ld(mult(z,u),e),mult(ld(mult(z,u),e),mult(mult(mult(z,u),mult(z,mult(u,ld(mult(x,y),mult(x,mult(y,w)))))),v5))))) = v5.  [back_rewrite(508),rewrite([739(9),674(12),676(19),739(38),674(41)])].
        739 back demodulating 504.
kept:      789 mult(ld(mult(x,y),e),mult(ld(mult(x,y),e),mult(mult(mult(x,y),mult(x,mult(y,ld(mult(z,u),mult(z,mult(u,w)))))),mult(z,u)))) = mult(ld(mult(z,u),e),mult(mult(z,mult(u,ld(mult(x,y),mult(x,mult(y,w))))),mult(z,u))).  [back_rewrite(504),rewrite([739(8),674(12),162(16),640(17),739(20),674(24)]),flip(a)].
        739 back demodulating 459.
kept:      790 mult(ld(mult(x,y),e),mult(x,mult(y,ld(mult(z,u),mult(z,mult(u,mult(ld(w,v5),w))))))) = mult(ld(w,mult(ld(mult(x,y),e),mult(x,mult(y,ld(mult(z,u),mult(z,mult(u,v5))))))),w).  [back_rewrite(459),rewrite([739(10),739(20)])].
        739 back demodulating 450.
kept:      791 ld(mult(x,y),mult(x,mult(y,mult(ld(z,ld(mult(u,w),mult(u,mult(w,v5)))),z)))) = mult(ld(z,mult(ld(mult(x,y),e),mult(x,mult(y,ld(mult(u,w),mult(u,mult(w,v5))))))),z).  [back_rewrite(450),rewrite([739(18)])].
        739 back demodulating 449.
kept:      792 ld(mult(x,y),mult(x,mult(y,mult(ld(z,ld(mult(u,w),mult(u,mult(w,v5)))),z)))) = mult(ld(mult(x,y),e),mult(x,mult(y,ld(mult(u,w),mult(u,mult(w,mult(ld(z,v5),z))))))).  [back_rewrite(449),rewrite([739(10)]),flip(a)].
        739 back demodulating 384.
        739 back demodulating 347.
        739 back demodulating 346.
        739 back demodulating 330.
kept:      793 ld(mult(x,mult(y,mult(z,ld(mult(u,w),mult(u,mult(w,v5)))))),mult(mult(x,mult(y,z)),mult(ld(mult(y,z),e),mult(y,mult(z,ld(mult(u,w),mult(u,mult(w,v5)))))))) != e | ld(mult(x,mult(y,z)),mult(x,mult(y,mult(z,ld(mult(u,w),mult(u,mult(w,v5))))))) = mult(ld(mult(u,w),e),mult(u,mult(w,ld(mult(y,z),mult(y,mult(z,v5)))))).  [back_rewrite(330),rewrite([739(17),739(41)])].
        739 back demodulating 306.
        739 back demodulating 305.
        739 back demodulating 304.
        739 back demodulating 303.
        739 back demodulating 248.
        739 back demodulating 149.
kept:      794 ld(mult(x,y),mult(x,mult(y,mult(ld(mult(z,u),e),mult(z,mult(u,ld(mult(w,v5),mult(w,mult(v5,v6))))))))) = ld(mult(w,v5),mult(w,mult(v5,mult(ld(mult(x,y),e),mult(x,mult(y,ld(mult(z,u),mult(z,mult(u,v6))))))))).  [back_rewrite(149),rewrite([739(9),739(23)]),flip(a)].
        739 back demodulating 144.
        739 back demodulating 142.
        739 back demodulating 141.
        739 back demodulating 140.
        739 back demodulating 139.
        739 back demodulating 137.
        739 back demodulating 136.
        739 back demodulating 134.
        739 back demodulating 42.
kept:      795 mult(ld(mult(x,y),e),mult(x,mult(y,ld(mult(z,u),mult(z,mult(u,w)))))) = mult(ld(mult(z,u),e),mult(z,mult(u,ld(mult(x,y),mult(x,mult(y,w)))))).  [back_rewrite(42),rewrite([739(8),739(18)])].
    starting back demodulation with 745.
    starting back demodulation with 749.
        749 back demodulating 651.
    starting back demodulation with 751.
    starting back demodulation with 752.
    753 back subsumes 751.
    starting back demodulation with 760.
    starting back demodulation with 761.
    starting back demodulation with 762.
    starting back demodulation with 763.
    starting back demodulation with 768.
    starting back demodulation with 769.
    starting back demodulation with 775.
    starting back demodulation with 776.
    starting back demodulation with 777.
    795 back subsumes 744.

given #63 (T,wt=9): 664 rd(x,mult(y,x)) = ld(y,e).  [para(640(a,1),11(a,1,1))].
kept:      796 rd(x,y) = ld(rd(y,x),e).  [para(12(a,1),664(a,1,2))].
kept:      797 rd(x,mult(y,mult(y,mult(z,x)))) = ld(mult(y,mult(y,z)),e).  [para(46(a,1),664(a,1,2))].
    new demodulator: 797.
kept:      798 rd(x,mult(x,mult(y,x))) = ld(mult(x,y),e).  [para(162(a,1),664(a,1,2))].
    new demodulator: 798.
kept:      799 rd(mult(ld(x,y),x),mult(y,x)) = ld(x,e).  [para(280(a,1),664(a,1,2))].
    new demodulator: 799.
    797 back subsumes 660.
    starting back demodulation with 797.
    starting back demodulation with 798.
    starting back demodulation with 799.

given #64 (T,wt=9): 665 mult(ld(rd(x,y),e),x) = y.  [para(12(a,1),640(a,1,2))].
kept:      800 ld(mult(x,y),mult(mult(x,ld(rd(z,y),e)),z)) != e | ld(mult(x,ld(rd(z,y),e)),mult(x,y)) = z.  [para(665(a,1),24(a,1,1,2)),rewrite([665(17)])].
kept:      801 ld(x,mult(ld(rd(mult(y,z),x),e),mult(ld(rd(mult(y,z),x),e),mult(mult(rd(mult(y,z),x),y),z)))) != e | ld(mult(ld(rd(mult(y,z),x),e),y),x) = z.  [para(665(a,1),24(a,1,1)),rewrite([674(6),665(28)])].
kept:      802 ld(mult(ld(rd(x,y),e),mult(x,z)),mult(y,z)) != e | ld(y,mult(ld(rd(x,y),e),mult(x,z))) = z.  [para(665(a,1),24(a,1,2,1)),rewrite([665(13)])].
kept:      803 ld(x,mult(ld(rd(y,x),e),mult(y,z))) != z | ld(mult(ld(rd(y,x),e),mult(y,z)),mult(x,z)) = e.  [para(665(a,1),26(a,1,1)),rewrite([665(16)])].
kept:      804 ld(mult(x,ld(rd(y,z),e)),mult(x,z)) != y | ld(mult(x,z),mult(mult(x,ld(rd(y,z),e)),y)) = e.  [para(665(a,1),26(a,1,2,2)),rewrite([665(11)])].
kept:      805 ld(mult(ld(rd(mult(x,y),z),e),x),z) != y | ld(z,mult(ld(rd(mult(x,y),z),e),mult(ld(rd(mult(x,y),z),e),mult(mult(rd(mult(x,y),z),x),y)))) = e.  [para(665(a,1),26(a,1,2)),rewrite([665(13),674(13)])].
kept:      806 rd(mult(mult(rd(mult(ld(rd(x,y),e),mult(ld(rd(x,y),e),mult(mult(rd(x,y),z),u))),mult(z,u)),x),w),mult(x,w)) = rd(mult(mult(rd(mult(y,w),mult(x,w)),z),u),mult(z,u)).  [para(665(a,1),44(a,1,1,1,1,1,1)),rewrite([674(12)]),flip(a)].
kept:      807 rd(mult(mult(rd(mult(mult(x,ld(rd(y,z),e)),y),z),u),w),mult(u,w)) = rd(mult(mult(rd(mult(mult(x,u),w),mult(u,w)),ld(rd(y,z),e)),y),z).  [para(665(a,1),44(a,1,1,1,1,2)),rewrite([665(23)])].
kept:      808 mult(ld(rd(mult(mult(rd(mult(mult(x,y),z),mult(y,z)),u),w),mult(u,w)),e),mult(mult(rd(mult(mult(x,u),w),mult(u,w)),y),z)) = mult(y,z).  [para(44(a,1),665(a,1,1,1))].
    new demodulator: 808.
kept:      809 mult(ld(rd(x,y),e),mult(x,ld(rd(x,y),e))) = mult(y,ld(rd(x,y),e)).  [para(665(a,1),162(a,1,1)),flip(a)].
    new demodulator: 809.
kept:      810 ld(x,mult(ld(rd(y,x),e),mult(ld(rd(y,x),e),mult(mult(rd(y,x),z),ld(z,y))))) != e | ld(mult(ld(rd(y,x),e),z),x) = ld(z,y).  [para(665(a,1),55(a,1,1)),rewrite([674(6),665(23)])].
kept:      811 ld(mult(ld(rd(x,y),e),z),mult(y,ld(x,z))) != e | ld(y,mult(ld(rd(x,y),e),z)) = ld(x,z).  [para(665(a,1),55(a,1,2,1)),rewrite([665(13)])].
kept:      812 rd(mult(ld(rd(x,y),e),y),x) = mult(ld(rd(x,y),e),ld(rd(x,y),e)).  [para(665(a,1),253(a,1,1,2))].
    new demodulator: 812.
kept:      813 ld(mult(x,ld(rd(x,y),e)),mult(x,y)) = x.  [para(665(a,1),279(a,1,2,2))].
    new demodulator: 813.
kept:      814 ld(mult(x,mult(ld(x,ld(rd(y,z),e)),y)),z) != e | mult(rd(y,z),mult(x,mult(ld(x,ld(rd(y,z),e)),y))) = y.  [para(665(a,1),56(a,1,2)),rewrite([662(19)])].
kept:      815 rd(x,mult(rd(y,x),y)) = mult(ld(rd(y,x),e),ld(rd(y,x),e)).  [para(665(a,1),338(a,1,1)),rewrite([662(4)])].
    new demodulator: 815.
kept:      816 ld(mult(ld(rd(x,y),e),mult(x,ld(y,z))),z) != e | ld(y,mult(ld(rd(x,y),e),mult(x,ld(y,z)))) = ld(y,z).  [para(665(a,1),57(a,1,1,2,2,1)),rewrite([665(13),665(16),665(20)])].
kept:      817 ld(mult(ld(rd(x,y),e),rd(x,ld(rd(x,y),e))),y) = ld(rd(x,y),e).  [para(665(a,1),343(a,1,2))].
    new demodulator: 817.
kept:      818 ld(x,mult(ld(rd(y,x),e),mult(ld(rd(y,x),e),mult(mult(rd(y,x),rd(y,z)),z)))) != e | ld(mult(ld(rd(y,x),e),rd(y,z)),x) = z.  [para(665(a,1),58(a,1,1)),rewrite([674(6),665(24)])].
kept:      819 ld(mult(ld(rd(rd(x,y),z),e),x),mult(z,y)) != e | ld(z,mult(ld(rd(rd(x,y),z),e),x)) = y.  [para(665(a,1),58(a,1,2,1)),rewrite([665(15)])].
kept:      820 mult(ld(x,ld(rd(x,y),e)),x) = ld(x,y).  [para(665(a,1),351(a,1,2)),flip(a)].
    new demodulator: 820.
kept:      821 ld(x,mult(mult(rd(x,y),ld(rd(z,y),e)),z)) != e | ld(mult(rd(x,y),ld(rd(z,y),e)),x) = z.  [para(665(a,1),59(a,1,2,1,1,2)),rewrite([665(13)])].
kept:      822 ld(mult(rd(x,ld(rd(y,z),e)),z),mult(x,y)) != e | ld(x,mult(rd(x,ld(rd(y,z),e)),z)) = y.  [para(665(a,1),60(a,1,1,2)),rewrite([665(17)])].
kept:      823 ld(mult(rd(ld(rd(x,y),e),z),mult(z,x)),y) != e | mult(rd(x,y),mult(rd(ld(rd(x,y),e),z),mult(z,x))) = x.  [para(665(a,1),60(a,1,2)),rewrite([662(19)])].
    starting back demodulation with 808.
    starting back demodulation with 809.
    starting back demodulation with 812.
    starting back demodulation with 813.
    starting back demodulation with 815.
    starting back demodulation with 817.
    starting back demodulation with 820.

given #65 (T,wt=9): 676 mult(x,mult(ld(x,e),y)) = y.  [para(54(a,1),640(a,1,1)),rewrite([567(2)])].
kept:      824 ld(mult(x,y),mult(mult(x,z),mult(ld(z,e),y))) != e | ld(mult(x,z),mult(x,y)) = mult(ld(z,e),y).  [para(676(a,1),24(a,1,1,2)),rewrite([676(14)])].
kept:      825 ld(mult(x,mult(y,mult(ld(mult(x,y),e),z))),z) != e | ld(mult(x,y),mult(x,mult(y,mult(ld(mult(x,y),e),z)))) = mult(ld(mult(x,y),e),z).  [para(676(a,1),24(a,1,2))].
kept:      826 ld(mult(x,y),mult(x,z)) != mult(ld(y,e),z) | ld(mult(x,z),mult(mult(x,y),mult(ld(y,e),z))) = e.  [para(676(a,1),26(a,1,2,2)),rewrite([676(11)])].
kept:      827 rd(mult(mult(rd(mult(mult(x,y),z),mult(y,z)),mult(ld(x,e),u)),w),mult(ld(x,e),mult(ld(x,e),mult(mult(x,u),w)))) = rd(mult(mult(rd(mult(u,w),mult(ld(x,e),mult(ld(x,e),mult(mult(x,u),w)))),y),z),mult(y,z)).  [para(676(a,1),44(a,1,1,1,1,1,1)),rewrite([674(5),674(27)]),flip(a)].
kept:      828 rd(mult(mult(rd(mult(mult(x,y),z),mult(y,z)),u),mult(ld(mult(x,u),e),w)),mult(u,mult(ld(mult(x,u),e),w))) = rd(mult(mult(rd(w,mult(u,mult(ld(mult(x,u),e),w))),y),z),mult(y,z)).  [para(676(a,1),44(a,1,1,1,1,1)),flip(a)].
kept:      829 rd(mult(mult(rd(mult(mult(x,y),mult(ld(y,e),z)),z),u),w),mult(u,w)) = rd(mult(mult(rd(mult(mult(x,u),w),mult(u,w)),y),mult(ld(y,e),z)),z).  [para(676(a,1),44(a,1,1,1,1,2)),rewrite([676(23)])].
kept:      830 rd(mult(mult(rd(mult(mult(x,y),mult(ld(mult(rd(mult(mult(x,z),u),mult(z,u)),y),e),w)),mult(y,mult(ld(mult(rd(mult(mult(x,z),u),mult(z,u)),y),e),w))),z),u),mult(z,u)) = rd(w,mult(y,mult(ld(mult(rd(mult(mult(x,z),u),mult(z,u)),y),e),w))).  [para(676(a,1),44(a,1,1)),flip(a)].
    new demodulator: 830.
kept:      831 mult(x,mult(x,mult(y,mult(ld(mult(x,mult(x,y)),e),z)))) = z.  [para(676(a,1),46(a,1)),flip(a)].
    new demodulator: 831.
kept:      832 mult(ld(x,e),mult(ld(x,e),mult(mult(x,y),y))) = mult(ld(x,e),mult(y,y)).  [para(676(a,1),162(a,2,2)),rewrite([674(4),162(6),640(7),674(8),209(10),676(8),640(7),674(8)]),flip(a)].
    new demodulator: 832.
kept:      833 ld(x,mult(mult(y,z),ld(z,mult(ld(y,e),x)))) != e | ld(mult(y,z),x) = ld(z,mult(ld(y,e),x)).  [para(676(a,1),55(a,1,1)),rewrite([676(14)])].
kept:      834 ld(mult(x,y),mult(z,ld(mult(ld(x,e),z),y))) != e | ld(mult(ld(x,e),z),y) = ld(z,mult(x,y)).  [para(676(a,1),55(a,1,2,1)),rewrite([676(13)]),flip(b)].
kept:      835 ld(mult(ld(x,e),mult(y,x)),mult(ld(x,e),mult(y,y))) = mult(ld(x,e),y).  [para(676(a,1),279(a,1,2,2)),rewrite([674(4),162(6),640(7),674(8),832(12)])].
    new demodulator: 835.
kept:      836 ld(mult(x,y),mult(z,mult(ld(ld(x,z),e),y))) != e | ld(z,mult(x,y)) = mult(ld(ld(x,z),e),y).  [para(676(a,1),56(a,1,1,2)),rewrite([676(15)])].
kept:      837 ld(mult(x,mult(ld(x,y),mult(ld(y,e),z))),z) != e | ld(y,mult(x,mult(ld(x,y),mult(ld(y,e),z)))) = mult(ld(y,e),z).  [para(676(a,1),56(a,1,2))].
kept:      838 rd(x,ld(y,mult(ld(y,e),x))) = mult(y,y).  [para(676(a,1),338(a,1,1))].
    new demodulator: 838.
kept:      839 ld(mult(x,rd(mult(ld(x,e),y),x)),y) = x.  [para(676(a,1),343(a,1,2))].
    new demodulator: 839.
kept:      840 ld(x,mult(mult(y,rd(mult(ld(y,e),x),z)),z)) != e | ld(mult(y,rd(mult(ld(y,e),x),z)),x) = z.  [para(676(a,1),58(a,1,1)),rewrite([676(18)])].
kept:      841 ld(mult(ld(x,e),y),y) = mult(ld(mult(ld(x,e),y),x),mult(ld(x,e),y)).  [para(676(a,1),351(a,1,2))].
kept:      842 ld(x,mult(mult(rd(x,y),z),mult(ld(z,e),y))) != e | ld(mult(rd(x,y),z),x) = mult(ld(z,e),y).  [para(676(a,1),59(a,1,2,1,1,2)),rewrite([676(13)])].
kept:      843 ld(mult(rd(x,y),z),mult(x,mult(ld(y,e),z))) != e | ld(x,mult(rd(x,y),z)) = mult(ld(y,e),z).  [para(676(a,1),60(a,1,1,2)),rewrite([676(14)])].
kept:      844 ld(mult(rd(x,y),mult(y,mult(ld(x,e),z))),z) != e | ld(x,mult(rd(x,y),mult(y,mult(ld(x,e),z)))) = mult(ld(x,e),z).  [para(676(a,1),60(a,1,2))].
    starting back demodulation with 830.
    starting back demodulation with 831.
    starting back demodulation with 832.
    starting back demodulation with 835.
    starting back demodulation with 838.
    starting back demodulation with 839.

given #66 (A,wt=24): 61 ld(x,mult(y,mult(ld(y,x),z))) != z | ld(mult(y,mult(ld(y,x),z)),mult(x,z)) = e.  [para(10(a,1),26(a,1,1)),rewrite([10(10)])].
kept:      845 ld(ld(x,y),z) != ld(y,mult(x,z)) | ld(mult(x,z),mult(y,ld(ld(x,y),z))) = e.  [para(10(a,1),61(a,1,2,2)),rewrite([10(9)]),flip(a)].
kept:      846 ld(x,mult(y,mult(y,mult(z,mult(ld(mult(y,mult(y,z)),x),u))))) != u | ld(mult(y,mult(y,mult(z,mult(ld(mult(y,mult(y,z)),x),u)))),mult(x,u)) = e.  [para(46(a,1),61(a,1,2)),rewrite([46(16)])].
kept:      847 mult(ld(ld(x,y),z),ld(x,y)) != ld(y,mult(x,mult(z,ld(x,y)))) | ld(mult(x,mult(z,ld(x,y))),mult(y,mult(ld(ld(x,y),z),ld(x,y)))) = e.  [para(280(a,1),61(a,1,2,2)),rewrite([280(15)]),flip(a)].
kept:      848 ld(mult(x,y),mult(mult(x,rd(y,x)),mult(x,z))) != z | ld(mult(mult(x,rd(y,x)),mult(x,z)),mult(mult(x,y),z)) = e.  [para(343(a,1),61(a,1,2,2,1)),rewrite([343(13)])].
kept:      849 mult(x,mult(y,mult(ld(y,ld(x,e)),z))) != z | ld(mult(y,mult(ld(y,ld(x,e)),z)),mult(ld(x,e),z)) = e.  [para(662(a,1),61(a,1))].
kept:      850 ld(x,mult(ld(y,e),mult(mult(y,x),z))) != z | ld(mult(y,mult(ld(y,x),z)),mult(x,z)) = e.  [para(663(a,1),61(a,1,2,2,1)),rewrite([674(4),676(9)])].
kept:      851 mult(ld(x,e),mult(y,mult(ld(y,x),z))) != z | ld(mult(y,mult(ld(y,x),z)),mult(x,z)) = e.  [para(663(a,1),61(a,1))].
kept:      852 ld(x,ld(y,mult(mult(y,x),z))) != z | ld(mult(ld(y,e),mult(mult(y,x),z)),mult(x,z)) = e.  [para(663(a,2),61(a,1,2)),rewrite([662(3),662(10)])].
kept:      853 ld(x,mult(y,z)) != mult(ld(ld(y,x),e),z) | ld(mult(y,z),mult(x,mult(ld(ld(y,x),e),z))) = e.  [para(676(a,1),61(a,1,2,2)),rewrite([676(13)])].

given #67 (T,wt=9): 719 rd(ld(x,y),y) = ld(x,e).  [para(663(a,2),11(a,1,1))].
kept:      854 rd(x,mult(x,y)) = ld(mult(x,rd(y,x)),e).  [para(343(a,1),719(a,1,1))].
kept:      855 ld(mult(x,ld(y,z)),mult(mult(x,ld(y,e)),z)) != e | ld(mult(x,ld(y,e)),mult(x,ld(y,z))) = z.  [para(719(a,1),58(a,1,2,1,2)),rewrite([719(11)])].
kept:      856 ld(mult(ld(x,e),mult(y,z)),mult(ld(x,y),z)) != e | ld(ld(x,y),mult(ld(x,e),mult(y,z))) = z.  [para(719(a,1),60(a,1,1,1)),rewrite([719(12)])].

given #68 (T,wt=9): 796 rd(x,y) = ld(rd(y,x),e).  [para(12(a,1),664(a,1,2))].
kept:      857 mult(rd(x,y),rd(y,x)) = e.  [para(796(a,2),10(a,1,2))].
    new demodulator: 857.
kept:      858 rd(mult(ld(rd(mult(x,y),mult(mult(z,x),y)),e),mult(ld(rd(mult(x,y),mult(mult(z,x),y)),e),mult(mult(rd(mult(x,y),mult(mult(z,x),y)),u),w))),mult(u,w)) = rd(mult(mult(rd(mult(mult(z,u),w),mult(u,w)),x),y),mult(x,y)).  [para(796(a,1),44(a,1,1,1,1)),rewrite([674(8)])].
kept:      859 rd(mult(mult(rd(mult(mult(x,y),z),mult(y,z)),u),w),mult(u,w)) = ld(rd(mult(y,z),mult(mult(rd(mult(mult(x,u),w),mult(u,w)),y),z)),e).  [para(796(a,1),44(a,1)),flip(a)].
    new demodulator: 859.
kept:      860 rd(mult(ld(rd(mult(x,y),mult(mult(z,x),y)),e),mult(ld(rd(mult(x,y),mult(mult(z,x),y)),e),mult(mult(rd(mult(x,y),mult(mult(z,x),y)),u),w))),mult(u,w)) = ld(rd(mult(u,w),mult(mult(rd(mult(mult(z,x),y),mult(x,y)),u),w)),e).  [para(796(a,1),44(a,2,1,1,1)),rewrite([859(8),674(18)]),flip(a)].
    new demodulator: 860.
kept:      861 ld(rd(c3,mult(c1,mult(c2,c1))),e) != mult(c1,mult(c2,rd(c1,c3))).  [para(796(a,1),48(a,1))].
kept:      862 rd(mult(c1,mult(c2,c1)),c3) != mult(c1,mult(c2,ld(rd(c3,c1),e))).  [para(796(a,1),48(a,2,2,2))].
kept:      863 ld(x,mult(mult(x,rd(y,z)),rd(z,y))) != e | ld(mult(x,rd(y,z)),x) = ld(rd(y,z),e).  [para(796(a,2),55(a,1,2,2)),rewrite([8(2),8(11)])].
kept:      864 rd(rd(x,y),rd(y,x)) = mult(rd(x,y),rd(x,y)).  [para(796(a,2),338(a,1,2)),rewrite([8(3)])].
    new demodulator: 864.
kept:      865 ld(mult(x,y),mult(mult(x,ld(rd(z,y),e)),z)) != e | ld(mult(x,rd(y,z)),mult(x,y)) = z.  [para(796(a,1),58(a,1,2,1,2))].
kept:      866 ld(x,mult(ld(rd(mult(y,z),x),e),mult(ld(rd(mult(y,z),x),e),mult(mult(rd(mult(y,z),x),y),z)))) != e | ld(mult(rd(x,mult(y,z)),y),x) = z.  [para(796(a,1),59(a,1,2,1,1)),rewrite([674(6)])].
kept:      867 mult(rd(x,y),mult(rd(y,x),z)) = z.  [para(796(a,2),640(a,1,1))].
    new demodulator: 867.
kept:      868 ld(rd(x,y),z) = mult(rd(y,x),z).  [para(796(a,2),662(a,1,1))].
    new demodulator (lex_dep_both): 868.
kept:      869 ld(mult(ld(rd(x,y),e),mult(x,z)),mult(y,z)) != e | ld(y,mult(rd(y,x),mult(x,z))) = z.  [para(796(a,1),60(a,1,1,1))].
    starting back demodulation with 857.
    starting back demodulation with 859.
        859 back demodulating 858.
        859 back demodulating 830.
kept:      870 rd(mult(ld(rd(mult(x,mult(ld(mult(rd(mult(mult(y,z),u),mult(z,u)),x),e),w)),mult(mult(y,x),mult(ld(mult(rd(mult(mult(y,z),u),mult(z,u)),x),e),w))),z),u),mult(z,u)) = rd(w,mult(x,mult(ld(mult(rd(mult(mult(y,z),u),mult(z,u)),x),e),w))).  [back_rewrite(830),rewrite([868(21,R)])].
    new demodulator: 870.
        859 back demodulating 828.
        859 back demodulating 808.
        859 back demodulating 748.
kept:      871 rd(mult(mult(rd(mult(mult(x,y),z),mult(y,z)),ld(u,e)),w),ld(u,w)) = ld(rd(mult(ld(u,e),w),mult(mult(rd(mult(mult(x,y),z),mult(y,z)),ld(u,e)),w)),e).  [back_rewrite(748),rewrite([859(12)]),flip(a)].
    new demodulator: 871.
        859 back demodulating 747.
kept:      872 rd(mult(mult(rd(mult(mult(x,ld(y,e)),z),ld(y,z)),u),w),mult(u,w)) = ld(rd(mult(u,w),mult(mult(rd(mult(mult(x,ld(y,e)),z),mult(ld(y,e),z)),u),w)),e).  [back_rewrite(747),rewrite([859(22)])].
    new demodulator: 872.
        859 back demodulating 706.
kept:      873 ld(mult(ld(rd(mult(x,y),mult(mult(rd(mult(mult(z,u),w),mult(u,w)),x),y)),e),mult(mult(x,y),v5)),mult(mult(mult(rd(mult(mult(z,u),w),mult(u,w)),x),y),v5)) != e | ld(mult(mult(rd(mult(mult(z,u),w),mult(u,w)),x),y),mult(ld(rd(mult(u,w),mult(mult(rd(mult(mult(z,x),y),mult(x,y)),u),w)),e),mult(mult(x,y),v5))) = v5.  [back_rewrite(706),rewrite([859(8),859(37)])].
        859 back demodulating 700.
        859 back demodulating 694.
kept:      874 rd(mult(ld(rd(mult(x,y),mult(mult(z,x),y)),ld(z,e)),u),mult(ld(z,e),u)) = rd(mult(mult(z,x),y),mult(x,y)).  [back_rewrite(694),rewrite([868(7,R)])].
    new demodulator: 874.
        859 back demodulating 653.
        859 back demodulating 587.
kept:      875 ld(mult(x,mult(mult(rd(mult(mult(y,z),u),mult(z,u)),w),v5)),mult(mult(x,ld(rd(mult(w,v5),mult(mult(rd(mult(mult(y,z),u),mult(z,u)),w),v5)),e)),mult(w,v5))) != e | ld(mult(x,ld(rd(mult(z,u),mult(mult(rd(mult(mult(y,w),v5),mult(w,v5)),z),u)),e)),mult(x,mult(mult(rd(mult(mult(y,z),u),mult(z,u)),w),v5))) = mult(w,v5).  [back_rewrite(587),rewrite([859(15),859(31)])].
        859 back demodulating 554.
        859 back demodulating 448.
kept:      876 mult(ld(x,ld(rd(mult(y,z),mult(mult(rd(mult(mult(u,w),v5),mult(w,v5)),y),z)),e)),x) = mult(ld(x,ld(rd(mult(w,v5),mult(mult(rd(mult(mult(u,y),z),mult(y,z)),w),v5)),e)),x).  [back_rewrite(448),rewrite([859(8),859(20)])].
        859 back demodulating 388.
kept:      877 rd(mult(ld(rd(mult(mult(mult(rd(mult(x,y),mult(mult(z,x),y)),u),rd(mult(mult(z,x),y),mult(x,y))),w),mult(mult(z,mult(mult(rd(mult(x,y),mult(mult(z,x),y)),u),rd(mult(mult(z,x),y),mult(x,y)))),w)),x),y),mult(x,y)) = rd(mult(mult(u,rd(mult(mult(z,x),y),mult(x,y))),w),mult(mult(mult(rd(mult(x,y),mult(mult(z,x),y)),u),rd(mult(mult(z,x),y),mult(x,y))),w)).  [back_rewrite(388),rewrite([868(5),868(17),868(25,R),868(39)])].
    new demodulator: 877.
        859 back demodulating 386.
        859 back demodulating 385.
        859 back demodulating 309.
kept:      878 rd(mult(ld(rd(mult(x,rd(mult(mult(y,z),u),mult(z,u))),mult(mult(y,x),rd(mult(mult(y,z),u),mult(z,u)))),z),u),mult(z,u)) = rd(mult(mult(y,z),u),mult(z,u)).  [back_rewrite(309),rewrite([868(13,R)])].
    new demodulator: 878.
        859 back demodulating 307.
        859 back demodulating 269.
kept:      879 rd(mult(ld(rd(mult(rd(mult(mult(x,y),z),mult(y,z)),u),mult(mult(x,rd(mult(mult(x,y),z),mult(y,z))),u)),y),z),mult(y,z)) = rd(mult(mult(x,y),z),mult(y,z)).  [back_rewrite(269),rewrite([868(13,R)])].
    new demodulator: 879.
        859 back demodulating 267.
kept:      880 rd(mult(ld(rd(mult(x,y),mult(mult(z,x),y)),z),u),mult(z,u)) = rd(mult(mult(z,x),y),mult(x,y)).  [back_rewrite(267),rewrite([868(5,R)])].
    new demodulator: 880.
        859 back demodulating 250.
        859 back demodulating 243.
kept:      881 rd(mult(ld(rd(mult(mult(rd(mult(mult(x,y),z),mult(y,z)),u),w),mult(mult(x,mult(rd(mult(mult(x,y),z),mult(y,z)),u)),w)),y),z),mult(y,z)) = rd(mult(rd(mult(mult(x,y),z),mult(y,z)),mult(rd(mult(mult(x,y),z),mult(y,z)),mult(u,w))),mult(mult(rd(mult(mult(x,y),z),mult(y,z)),u),w)).  [back_rewrite(243),rewrite([868(15,R)])].
    new demodulator: 881.
        859 back demodulating 241.
        859 back demodulating 202.
kept:      882 rd(mult(ld(rd(mult(x,y),mult(mult(mult(z,u),x),y)),z),w),mult(z,w)) = rd(mult(mult(rd(mult(z,mult(u,mult(z,w))),mult(z,w)),x),y),mult(x,y)).  [back_rewrite(202),rewrite([868(6,R)])].
        859 back demodulating 160.
        859 back demodulating 158.
kept:      883 rd(mult(ld(rd(mult(mult(x,y),z),mult(mult(u,mult(x,y)),z)),x),y),mult(x,y)) = rd(mult(mult(mult(u,x),y),z),mult(mult(x,y),z)).  [back_rewrite(158),rewrite([868(7,R)])].
    new demodulator: 883.
        859 back demodulating 156.
kept:      884 rd(mult(ld(rd(mult(x,y),mult(mult(rd(z,u),x),y)),u),w),mult(u,w)) = rd(mult(mult(rd(mult(z,w),mult(u,w)),x),y),mult(x,y)).  [back_rewrite(156),rewrite([868(6,R)])].
        859 back demodulating 155.
        859 back demodulating 154.
kept:      885 rd(mult(ld(rd(mult(x,ld(mult(rd(mult(mult(y,z),u),mult(z,u)),x),w)),mult(mult(y,x),ld(mult(rd(mult(mult(y,z),u),mult(z,u)),x),w))),z),u),mult(z,u)) = rd(w,mult(x,ld(mult(rd(mult(mult(y,z),u),mult(z,u)),x),w))).  [back_rewrite(154),rewrite([868(17,R)])].
    new demodulator: 885.
        859 back demodulating 153.
kept:      886 rd(mult(ld(rd(mult(mult(rd(mult(x,y),mult(mult(z,x),y)),u),w),mult(mult(z,mult(rd(mult(x,y),mult(mult(z,x),y)),u)),w)),x),y),mult(x,y)) = rd(mult(u,w),mult(mult(rd(mult(x,y),mult(mult(z,x),y)),u),w)).  [back_rewrite(153),rewrite([868(5),868(12),868(15,R),868(24)])].
    new demodulator: 886.
        859 back demodulating 151.
        859 back demodulating 150.
        859 back demodulating 44.
kept:      887 ld(rd(mult(x,y),mult(mult(rd(mult(mult(z,u),w),mult(u,w)),x),y)),e) = ld(rd(mult(u,w),mult(mult(rd(mult(mult(z,x),y),mult(x,y)),u),w)),e).  [back_rewrite(44),rewrite([859(8),859(18)])].
    starting back demodulation with 860.
    starting back demodulation with 864.
    starting back demodulation with 867.
    starting back demodulation with 868.
        868 back demodulating 862.
        868 back demodulating 806.
kept:      888 rd(mult(ld(rd(mult(x,y),mult(ld(rd(z,u),e),mult(ld(rd(z,u),e),mult(mult(rd(z,u),x),y)))),z),w),mult(z,w)) = rd(mult(mult(rd(mult(u,w),mult(z,w)),x),y),mult(x,y)).  [back_rewrite(806),rewrite([868(14,R)])].
        868 back demodulating 705.
kept:      889 ld(mult(rd(rd(x,y),z),mult(z,y)),x) != e | mult(rd(y,x),mult(rd(rd(x,y),z),mult(z,y))) = y.  [back_rewrite(705),rewrite([868(13)])].
        868 back demodulating 693.
kept:      890 rd(mult(ld(rd(mult(x,y),mult(ld(z,e),mult(ld(z,e),mult(mult(z,x),y)))),z),u),mult(z,u)) = rd(mult(ld(z,e),mult(ld(z,e),mult(mult(z,x),y))),mult(x,y)).  [back_rewrite(693),rewrite([868(11,R)])].
    new demodulator: 890.
        868 back demodulating 692.
kept:      891 rd(mult(ld(rd(mult(x,y),mult(ld(z,e),mult(ld(z,e),mult(mult(z,x),y)))),mult(z,z)),u),mult(z,mult(z,u))) = rd(mult(ld(z,e),mult(ld(z,e),mult(mult(z,x),y))),mult(x,y)).  [back_rewrite(692),rewrite([868(12,R)])].
    new demodulator: 891.
    starting back demodulation with 870.
    starting back demodulation with 871.
    starting back demodulation with 872.
    starting back demodulation with 874.
    starting back demodulation with 877.
    starting back demodulation with 878.
    starting back demodulation with 879.
    starting back demodulation with 880.
    starting back demodulation with 881.
    starting back demodulation with 883.
    starting back demodulation with 885.
    starting back demodulation with 886.
    starting back demodulation with 890.
    starting back demodulation with 891.

given #69 (T,wt=9): 857 mult(rd(x,y),rd(y,x)) = e.  [para(796(a,2),10(a,1,2))].
kept:      892 ld(x,mult(mult(x,rd(y,z)),rd(z,y))) != e | rd(z,y) = ld(mult(x,rd(y,z)),x).  [para(857(a,1),24(a,1,1,2)),rewrite([8(2),857(12),8(11)]),flip(b)].
kept:      893 rd(x,y) != ld(mult(z,rd(y,x)),z) | ld(z,mult(mult(z,rd(y,x)),rd(x,y))) = e.  [para(857(a,1),26(a,1,2,2)),rewrite([8(4),857(8),8(7)]),flip(a)].
kept:      894 mult(mult(rd(x,y),z),ld(z,rd(y,x))) != e | ld(mult(rd(x,y),z),e) = ld(z,rd(y,x)).  [para(857(a,1),55(a,1,1)),rewrite([49(7),857(12)])].
kept:      895 ld(mult(x,mult(ld(x,rd(y,z)),rd(z,y))),e) != e | mult(rd(z,y),mult(x,mult(ld(x,rd(y,z)),rd(z,y)))) = rd(z,y).  [para(857(a,1),56(a,1,2)),rewrite([868(16)])].
kept:      896 ld(rd(x,y),ld(rd(x,y),e)) = mult(rd(y,x),rd(y,x)).  [para(857(a,1),338(a,1,1)),rewrite([868(4),567(5),519(5)])].
kept:      897 mult(mult(rd(x,y),rd(rd(y,x),z)),z) != e | ld(mult(rd(x,y),rd(rd(y,x),z)),e) = z.  [para(857(a,1),58(a,1,1)),rewrite([49(7),857(14)])].
kept:      898 ld(rd(x,rd(y,z)),mult(x,rd(z,y))) != e | rd(z,y) = ld(x,rd(x,rd(y,z))).  [para(857(a,1),60(a,1,1,2)),rewrite([8(4),857(12),8(11)]),flip(b)].
kept:      899 ld(mult(rd(rd(x,y),z),mult(z,rd(y,x))),e) != e | mult(rd(y,x),mult(rd(rd(x,y),z),mult(z,rd(y,x)))) = rd(y,x).  [para(857(a,1),60(a,1,2)),rewrite([868(16)])].

given #70 (T,wt=11): 352 rd(mult(x,y),mult(ld(y,x),y)) = y.  [para(280(a,1),11(a,1,1))].
kept:      900 rd(x,mult(ld(ld(y,x),y),ld(y,x))) = ld(y,x).  [para(10(a,1),352(a,1,1))].
    new demodulator: 900.
kept:      901 rd(mult(x,mult(x,mult(y,z))),mult(ld(z,mult(x,mult(x,y))),z)) = z.  [para(46(a,1),352(a,1,1))].
    new demodulator: 901.
kept:      902 rd(mult(x,rd(x,y)),mult(y,rd(x,y))) = rd(x,y).  [para(54(a,1),352(a,1,2,1))].
    new demodulator: 902.
kept:      903 rd(mult(x,mult(x,y)),mult(ld(y,mult(x,x)),y)) = y.  [para(161(a,1),352(a,1,1))].
    new demodulator: 903.
kept:      904 rd(mult(x,mult(y,mult(x,mult(x,y)))),mult(x,mult(x,y))) = mult(x,y).  [para(279(a,1),352(a,1,2,1)),rewrite([209(4)])].
    new demodulator: 904.
kept:      905 rd(mult(x,y),mult(ld(mult(ld(y,x),y),y),mult(ld(y,x),y))) = mult(ld(y,x),y).  [para(280(a,1),352(a,1,1))].
    new demodulator: 905.
kept:      906 rd(mult(mult(x,y),mult(x,rd(y,x))),mult(x,mult(x,rd(y,x)))) = mult(x,rd(y,x)).  [para(343(a,1),352(a,1,2,1))].
    new demodulator: 906.
kept:      907 rd(mult(mult(x,y),y),mult(mult(ld(y,x),y),y)) = y.  [para(351(a,1),352(a,1,2,1))].
    new demodulator: 907.
kept:      908 rd(x,mult(ld(mult(y,x),ld(y,e)),mult(y,x))) = mult(y,x).  [para(640(a,1),352(a,1,1))].
    new demodulator: 908.
kept:      909 rd(ld(x,y),mult(ld(y,ld(x,e)),y)) = y.  [para(663(a,2),352(a,1,1))].
    new demodulator: 909.
kept:      910 rd(x,mult(ld(mult(ld(y,e),x),y),mult(ld(y,e),x))) = mult(ld(y,e),x).  [para(676(a,1),352(a,1,1))].
    new demodulator: 910.
    starting back demodulation with 900.
    starting back demodulation with 901.
    starting back demodulation with 902.
    starting back demodulation with 903.
    starting back demodulation with 904.
    starting back demodulation with 905.
    starting back demodulation with 906.
    starting back demodulation with 907.
    starting back demodulation with 908.
    starting back demodulation with 909.
    starting back demodulation with 910.

given #71 (A,wt=24): 62 ld(mult(x,y),mult(x,z)) != ld(y,z) | ld(mult(x,z),mult(mult(x,y),ld(y,z))) = e.  [para(10(a,1),26(a,1,2,2)),rewrite([10(7)])].
kept:      911 ld(mult(x,y),z) != ld(y,ld(x,z)) | ld(z,mult(mult(x,y),ld(y,ld(x,z)))) = e.  [para(10(a,1),62(a,1,2)),rewrite([10(7)])].
kept:      912 ld(x,mult(rd(x,y),z)) != ld(y,z) | ld(mult(rd(x,y),z),mult(x,ld(y,z))) = e.  [para(12(a,1),62(a,1,1)),rewrite([12(9)])].
kept:      913 ld(mult(rd(x,y),z),x) != ld(z,y) | ld(x,mult(mult(rd(x,y),z),ld(z,y))) = e.  [para(12(a,1),62(a,1,2)),rewrite([12(7)])].
kept:      914 ld(mult(x,mult(y,x)),mult(mult(x,y),z)) != ld(x,z) | ld(mult(mult(x,y),z),mult(x,mult(y,z))) = e.  [para(162(a,1),62(a,1,1)),rewrite([162(11),209(13),10(11)])].
kept:      915 ld(mult(mult(x,y),z),mult(x,mult(y,x))) != ld(z,x) | ld(mult(x,mult(y,x)),mult(mult(mult(x,y),z),ld(z,x))) = e.  [para(162(a,1),62(a,1,2)),rewrite([162(9)])].
kept:      916 ld(mult(ld(x,y),x),z) != ld(mult(y,x),mult(x,z)) | ld(mult(x,z),mult(mult(y,x),ld(mult(ld(x,y),x),z))) = e.  [para(280(a,1),62(a,1,1)),rewrite([280(11)]),flip(a)].
kept:      917 ld(mult(x,y),mult(z,x)) != ld(y,mult(ld(x,z),x)) | ld(mult(z,x),mult(mult(x,y),ld(y,mult(ld(x,z),x)))) = e.  [para(280(a,1),62(a,1,2)),rewrite([280(10)])].
kept:      918 ld(mult(x,mult(y,rd(z,y))),mult(x,mult(y,z))) != y | ld(mult(x,mult(y,z)),mult(mult(x,mult(y,rd(z,y))),y)) = e.  [para(343(a,1),62(a,2)),rewrite([343(16)])].
kept:      919 ld(x,y) != mult(ld(x,e),y) | ld(mult(ld(x,e),y),ld(x,y)) = e.  [para(575(a,1),62(a,1,1)),rewrite([49(5),575(11),7(11)]),flip(a)].
kept:      920 ld(mult(ld(x,e),y),e) != ld(y,x) | mult(ld(x,e),mult(ld(x,e),mult(mult(x,y),ld(y,x)))) = e.  [para(575(a,1),62(a,1,2)),rewrite([575(10),674(13),49(18)])].
kept:      921 mult(ld(mult(x,y),x),mult(x,y)) != mult(ld(y,x),y) | ld(mult(x,mult(x,y)),mult(mult(x,y),mult(ld(y,x),y))) = e.  [para(351(a,1),62(a,1)),rewrite([351(6),351(12)])].
kept:      922 ld(mult(x,y),z) != ld(y,mult(ld(x,e),z)) | ld(mult(ld(x,e),z),mult(y,ld(mult(x,y),z))) = e.  [para(640(a,1),62(a,1,1)),rewrite([640(14)]),flip(a)].
kept:      923 ld(mult(ld(x,e),y),z) != ld(y,mult(x,z)) | ld(z,mult(ld(x,e),mult(ld(x,e),mult(mult(x,y),ld(y,mult(x,z)))))) = e.  [para(640(a,1),62(a,1,2)),rewrite([640(11),674(13)])].
kept:      924 ld(x,y) != mult(ld(mult(z,x),e),mult(z,y)) | ld(mult(z,y),mult(mult(z,x),ld(x,y))) = e.  [para(663(a,1),62(a,1)),flip(a)].
kept:      925 ld(mult(x,y),mult(x,z)) != mult(ld(y,e),z) | ld(mult(x,z),mult(mult(x,y),ld(y,z))) = e.  [para(663(a,1),62(a,2))].
kept:      926 ld(ld(x,y),mult(ld(x,e),z)) != ld(y,z) | ld(mult(ld(x,e),z),mult(ld(x,e),mult(ld(x,e),mult(mult(x,y),ld(y,z))))) = e.  [para(663(a,2),62(a,1,1)),rewrite([674(15)])].
kept:      927 ld(mult(ld(x,e),y),ld(x,z)) != ld(y,z) | ld(mult(ld(x,e),z),mult(ld(x,e),mult(ld(x,e),mult(mult(x,y),ld(y,z))))) = e.  [para(663(a,2),62(a,1,2)),rewrite([674(15)])].
kept:      928 ld(x,mult(ld(rd(y,x),e),z)) != ld(y,z) | ld(mult(ld(rd(y,x),e),z),mult(x,ld(y,z))) = e.  [para(665(a,1),62(a,1,1)),rewrite([665(15)])].
kept:      929 ld(mult(ld(rd(x,y),e),z),y) != ld(z,x) | ld(y,mult(ld(rd(x,y),e),mult(ld(rd(x,y),e),mult(mult(rd(x,y),z),ld(z,x))))) = e.  [para(665(a,1),62(a,1,2)),rewrite([665(11),674(13)])].
kept:      930 ld(mult(ld(x,e),y),z) != ld(y,mult(x,z)) | ld(mult(x,z),mult(y,ld(mult(ld(x,e),y),z))) = e.  [para(676(a,1),62(a,1,1)),rewrite([676(12)]),flip(a)].
kept:      931 ld(mult(x,y),z) != ld(y,mult(ld(x,e),z)) | ld(z,mult(mult(x,y),ld(y,mult(ld(x,e),z)))) = e.  [para(676(a,1),62(a,1,2)),rewrite([676(11)])].
kept:      932 rd(x,y) != ld(mult(z,rd(y,x)),z) | ld(z,mult(mult(z,rd(y,x)),ld(rd(y,x),e))) = e.  [para(796(a,2),62(a,2)),rewrite([8(4),8(7)]),flip(a)].
kept:      933 ld(rd(x,y),z) != mult(rd(y,x),z) | ld(mult(rd(y,x),z),ld(rd(x,y),z)) = e.  [para(857(a,1),62(a,1,1)),rewrite([49(4),857(10),7(11)]),flip(a)].
kept:      934 ld(mult(rd(x,y),z),e) != ld(z,rd(y,x)) | mult(mult(rd(x,y),z),ld(z,rd(y,x))) = e.  [para(857(a,1),62(a,1,2)),rewrite([857(10),49(14)])].

given #72 (F,wt=17): 861 ld(rd(c3,mult(c1,mult(c2,c1))),e) != mult(c1,mult(c2,rd(c1,c3))).  [para(796(a,1),48(a,1))].

given #73 (T,wt=11): 516 rd(mult(x,y),x) = mult(x,rd(y,x)).  [para(12(a,1),281(a,1,1,2))].
kept:      935 mult(x,rd(ld(x,y),x)) = rd(y,x).  [para(10(a,1),516(a,1,1)),flip(a)].
    new demodulator: 935.
kept:      936 rd(x,rd(x,y)) = mult(rd(x,y),rd(y,rd(x,y))).  [para(12(a,1),516(a,1,1))].
kept:      937 rd(mult(x,mult(x,mult(y,z))),mult(x,mult(x,y))) = mult(x,mult(x,mult(y,rd(z,mult(x,mult(x,y)))))).  [para(46(a,1),516(a,1,1)),rewrite([46(12)])].
    new demodulator: 937.
kept:      938 rd(mult(x,mult(x,y)),mult(x,x)) = mult(x,mult(x,rd(y,mult(x,x)))).  [para(161(a,1),516(a,1,1)),rewrite([161(8)])].
    new demodulator: 938.
kept:      939 rd(mult(x,mult(y,x)),mult(x,y)) = mult(mult(x,y),rd(x,mult(x,y))).  [para(162(a,1),516(a,1,1))].
    new demodulator: 939.
kept:      940 ld(mult(mult(x,y),z),mult(mult(mult(mult(x,y),rd(z,mult(x,y))),x),y)) != e | ld(mult(mult(mult(x,y),rd(z,mult(x,y))),x),mult(mult(x,y),z)) = y.  [para(516(a,1),59(a,1,2,1,1)),rewrite([516(15)])].
kept:      941 mult(ld(x,e),rd(mult(x,y),ld(x,e))) = rd(y,ld(x,e)).  [para(640(a,1),516(a,1,1)),flip(a)].
    new demodulator: 941.
kept:      942 rd(ld(x,y),ld(x,e)) = mult(ld(x,e),rd(y,ld(x,e))).  [para(663(a,2),516(a,1,1))].
    new demodulator: 942.
kept:      943 rd(x,ld(rd(y,x),e)) = mult(ld(rd(y,x),e),rd(y,ld(rd(y,x),e))).  [para(665(a,1),516(a,1,1))].
kept:      944 mult(x,rd(mult(ld(x,e),y),x)) = rd(y,x).  [para(676(a,1),516(a,1,1)),flip(a)].
    new demodulator: 944.
kept:      945 ld(rd(x,mult(x,y)),e) = mult(x,rd(y,x)).  [para(516(a,1),796(a,1)),flip(a)].
kept:      946 mult(x,rd(y,x)) = mult(x,ld(rd(x,y),e)).  [para(796(a,1),516(a,2,2)),rewrite([516(2)])].
kept:      947 mult(mult(x,rd(y,x)),rd(x,mult(x,y))) = e.  [para(516(a,1),857(a,1,1))].
    new demodulator: 947.
kept:      948 mult(rd(x,mult(x,y)),mult(x,rd(y,x))) = e.  [para(516(a,1),857(a,1,2))].
    new demodulator: 948.
    starting back demodulation with 935.
        935 back demodulating 552.
    starting back demodulation with 937.
        937 back demodulating 517.
    starting back demodulation with 938.
    starting back demodulation with 939.
    starting back demodulation with 941.
        941 back demodulating 687.
    starting back demodulation with 942.
    starting back demodulation with 944.
        944 back demodulating 839.
    starting back demodulation with 947.
    starting back demodulation with 948.

given #74 (T,wt=11): 519 ld(mult(x,x),y) = ld(x,ld(x,y)).  [para(10(a,1),313(a,1,2))].
kept:      949 ld(mult(x,y),ld(mult(x,y),mult(x,mult(y,mult(x,y))))) != e | ld(mult(x,mult(y,x)),mult(mult(x,y),mult(x,y))) = y.  [para(519(a,1),24(a,1)),rewrite([162(4),209(5),162(11)])].
kept:      950 ld(mult(x,mult(x,mult(y,mult(x,mult(x,y))))),z) = ld(mult(x,mult(x,y)),ld(mult(x,mult(x,y)),z)).  [para(46(a,1),519(a,1,1))].
    new demodulator: 950.
kept:      951 ld(mult(x,mult(x,mult(x,x))),y) = ld(x,ld(x,ld(x,ld(x,y)))).  [para(161(a,1),519(a,1,1)),rewrite([519(7),519(8)])].
    new demodulator: 951.
kept:      952 ld(mult(x,y),mult(mult(x,mult(z,z)),ld(z,ld(z,y)))) != e | ld(mult(x,mult(z,z)),mult(x,y)) = ld(z,ld(z,y)).  [para(519(a,1),55(a,1,2,2)),rewrite([519(15)])].
kept:      953 ld(x,ld(x,mult(mult(x,y),ld(y,x)))) != e | ld(mult(x,y),mult(x,x)) = ld(y,x).  [para(519(a,1),55(a,1))].
kept:      954 mult(mult(x,y),y) = mult(x,mult(y,y)).  [para(519(a,1),280(a,1,2,1)),rewrite([161(6),165(5),391(4)])].
    new demodulator: 954.
kept:      955 rd(mult(x,x),ld(x,ld(x,e))) = mult(x,mult(x,mult(x,x))).  [para(519(a,1),534(a,1,2)),rewrite([161(8)])].
    new demodulator: 955.
kept:      956 ld(x,ld(x,mult(rd(x,y),mult(y,x)))) != e | ld(mult(x,rd(x,y)),mult(x,x)) = y.  [para(519(a,1),58(a,1)),rewrite([168(3),12(3)])].
kept:      957 ld(x,ld(x,mult(y,mult(x,x)))) = mult(ld(x,ld(x,y)),mult(x,x)).  [para(519(a,1),351(a,1)),rewrite([519(6)])].
    new demodulator: 957.
kept:      958 ld(x,ld(x,mult(mult(rd(mult(x,x),mult(y,z)),y),z))) != e | ld(mult(rd(mult(x,x),mult(y,z)),y),mult(x,x)) = z.  [para(519(a,1),59(a,1))].
kept:      959 ld(x,ld(x,y)) = mult(ld(x,e),mult(ld(x,e),y)).  [para(519(a,1),663(a,1)),rewrite([519(5),752(6)])].
    new demodulator: 959.
kept:      960 mult(ld(x,e),mult(ld(x,e),mult(y,mult(ld(y,mult(x,x)),z)))) != z | ld(mult(y,mult(ld(y,mult(x,x)),z)),mult(x,mult(x,z))) = e.  [para(519(a,1),61(a,1)),rewrite([959(6),161(17)])].
kept:      961 mult(rd(x,y),rd(x,y)) = mult(ld(rd(y,x),e),ld(rd(y,x),e)).  [para(796(a,2),519(a,2,2)),rewrite([519(5),959(5),8(8),868(10)]),flip(a)].
kept:      962 ld(mult(x,mult(y,y)),mult(x,z)) != mult(ld(y,e),mult(ld(y,e),z)) | ld(mult(x,z),mult(mult(x,mult(y,y)),mult(ld(y,e),mult(ld(y,e),z)))) = e.  [para(519(a,1),62(a,2)),rewrite([959(6),519(16),959(16)])].
    starting back demodulation with 950.
        950 back demodulating 320.
    starting back demodulation with 951.
        951 back demodulating 321.
    starting back demodulation with 954.
        954 back demodulating 907.
kept:      963 rd(mult(x,mult(y,y)),mult(ld(y,x),mult(y,y))) = y.  [back_rewrite(907),rewrite([954(2),954(5)])].
    new demodulator: 963.
        954 back demodulating 832.
        954 back demodulating 704.
kept:      964 ld(mult(x,mult(y,ld(x,e))),mult(x,mult(y,y))) = mult(x,y).  [back_rewrite(704),rewrite([954(6)])].
    new demodulator: 964.
        954 back demodulating 629.
kept:      965 mult(ld(mult(ld(x,y),x),x),mult(ld(x,y),x)) != x | mult(ld(x,e),mult(ld(x,e),mult(y,mult(x,x)))) = mult(ld(x,y),x).  [back_rewrite(629),rewrite([959(9),46(14),46(15),954(13)])].
        954 back demodulating 628.
kept:      966 mult(ld(mult(ld(x,y),x),x),mult(ld(x,y),x)) != x | ld(mult(ld(x,y),mult(x,x)),mult(y,x)) = e.  [back_rewrite(628),rewrite([954(10)])].
        954 back demodulating 627.
kept:      967 ld(mult(ld(x,y),mult(x,x)),mult(y,x)) != e | mult(ld(mult(ld(x,y),x),x),mult(ld(x,y),x)) = x.  [back_rewrite(627),rewrite([954(3)])].
        954 back demodulating 522.
kept:      968 mult(mult(x,y),mult(x,x)) = mult(x,mult(y,mult(x,x))).  [back_rewrite(522),rewrite([954(5)])].
    new demodulator: 968.
        954 back demodulating 395.
kept:      969 ld(mult(ld(x,y),mult(x,x)),mult(mult(ld(x,y),x),mult(y,x))) = mult(ld(x,y),x).  [back_rewrite(395),rewrite([954(3)])].
    new demodulator: 969.
        954 back demodulating 391.
        954 back demodulating 372.
kept:      970 mult(x,mult(ld(mult(y,z),mult(y,mult(z,mult(ld(x,u),x)))),x)) = mult(ld(mult(y,z),mult(y,mult(z,u))),mult(x,x)).  [back_rewrite(372),rewrite([954(14)])].
    new demodulator: 970.
        954 back demodulating 364.
kept:      971 mult(x,mult(mult(ld(y,mult(ld(x,z),x)),y),x)) = mult(mult(ld(y,z),y),mult(x,x)).  [back_rewrite(364),rewrite([954(10)])].
    new demodulator: 971.
        954 back demodulating 360.
kept:      972 ld(mult(x,y),mult(ld(y,x),mult(y,y))) != e | mult(ld(y,e),mult(ld(y,e),mult(x,mult(y,y)))) = mult(ld(y,x),y).  [back_rewrite(360),rewrite([954(4),959(9),46(14),46(15),954(13)])].
    starting back demodulation with 955.
    starting back demodulation with 957.
    starting back demodulation with 959.
        959 back demodulating 958.
kept:      973 mult(ld(x,e),mult(ld(x,e),mult(mult(rd(mult(x,x),mult(y,z)),y),z))) != e | ld(mult(rd(mult(x,x),mult(y,z)),y),mult(x,x)) = z.  [back_rewrite(958),rewrite([959(7)])].
        959 back demodulating 957.
        959 back demodulating 956.
kept:      974 mult(ld(x,e),mult(ld(x,e),mult(rd(x,y),mult(y,x)))) != e | ld(mult(x,rd(x,y)),mult(x,x)) = y.  [back_rewrite(956),rewrite([959(5)])].
        959 back demodulating 955.
        959 back demodulating 953.
kept:      975 mult(ld(x,e),mult(ld(x,e),mult(mult(x,y),ld(y,x)))) != e | ld(mult(x,y),mult(x,x)) = ld(y,x).  [back_rewrite(953),rewrite([959(5)])].
        959 back demodulating 952.
kept:      976 ld(mult(x,y),mult(mult(x,mult(z,z)),mult(ld(z,e),mult(ld(z,e),y)))) != e | ld(mult(x,mult(z,z)),mult(x,y)) = mult(ld(z,e),mult(ld(z,e),y)).  [back_rewrite(952),rewrite([959(5),959(19)])].
        959 back demodulating 951.
kept:      977 ld(mult(x,mult(x,mult(x,x))),y) = mult(ld(x,e),mult(ld(x,e),mult(ld(x,e),mult(ld(x,e),y)))).  [back_rewrite(951),rewrite([959(6),959(12)])].
    new demodulator: 977.
        959 back demodulating 950.
kept:      978 ld(mult(x,mult(x,mult(y,mult(x,mult(x,y))))),z) = mult(ld(mult(x,mult(x,y)),e),mult(ld(mult(x,mult(x,y)),e),z)).  [back_rewrite(950),rewrite([959(12)])].
    new demodulator: 978.
        959 back demodulating 949.
kept:      979 mult(ld(mult(x,y),e),mult(ld(mult(x,y),e),mult(x,mult(y,mult(x,y))))) != e | ld(mult(x,mult(y,x)),mult(mult(x,y),mult(x,y))) = y.  [back_rewrite(949),rewrite([959(7)])].
        959 back demodulating 896.
        959 back demodulating 752.
        959 back demodulating 710.
kept:      980 ld(mult(rd(mult(x,x),y),mult(y,z)),mult(x,mult(x,z))) != e | mult(ld(x,e),mult(ld(x,e),mult(rd(mult(x,x),y),mult(y,z)))) = z.  [back_rewrite(710),rewrite([959(15)])].
        959 back demodulating 701.
        959 back demodulating 645.
        959 back demodulating 624.
kept:      981 mult(ld(x,mult(y,y)),x) != mult(y,y) | mult(ld(y,e),mult(ld(y,e),mult(x,mult(y,y)))) = x.  [back_rewrite(624),rewrite([959(7),46(13)])].
        959 back demodulating 541.
        959 back demodulating 539.
kept:      982 rd(mult(x,mult(x,y)),mult(ld(x,e),mult(ld(x,e),y))) = mult(x,mult(x,mult(x,x))).  [back_rewrite(539),rewrite([959(4)])].
    new demodulator: 982.
        959 back demodulating 535.
        959 back demodulating 533.
kept:      983 mult(x,mult(x,ld(mult(y,z),mult(y,mult(z,mult(ld(x,e),mult(ld(x,e),mult(u,mult(x,x))))))))) = mult(ld(mult(y,z),mult(y,mult(z,u))),mult(x,x)).  [back_rewrite(533),rewrite([959(3),46(9)])].
    new demodulator: 983.
        959 back demodulating 532.
kept:      984 mult(x,mult(x,mult(ld(y,mult(ld(x,e),mult(ld(x,e),mult(z,mult(x,x))))),y))) = mult(mult(ld(y,z),y),mult(x,x)).  [back_rewrite(532),rewrite([959(2),46(8)])].
    new demodulator: 984.
        959 back demodulating 531.
kept:      985 mult(ld(x,mult(ld(mult(ld(x,y),x),e),mult(ld(mult(ld(x,y),x),e),mult(y,mult(mult(ld(x,y),x),mult(ld(x,y),x)))))),x) = mult(ld(x,y),x).  [back_rewrite(531),rewrite([959(6),46(16)])].
    new demodulator: 985.
        959 back demodulating 530.
kept:      986 mult(ld(x,e),mult(ld(x,e),mult(mult(ld(y,x),y),mult(x,x)))) = mult(ld(y,x),y).  [back_rewrite(530),rewrite([959(4),46(10)])].
    new demodulator: 986.
        959 back demodulating 529.
kept:      987 mult(ld(x,mult(ld(mult(ld(x,y),x),e),mult(ld(mult(ld(x,y),x),e),mult(rd(mult(mult(y,z),u),mult(z,u)),mult(mult(ld(x,y),x),mult(ld(x,y),x)))))),x) = mult(ld(x,rd(mult(mult(y,z),u),mult(z,u))),x).  [back_rewrite(529),rewrite([959(10),46(20)])].
    new demodulator: 987.
        959 back demodulating 528.
kept:      988 rd(mult(mult(x,y),z),mult(y,z)) = mult(ld(x,e),mult(ld(x,e),ld(rd(mult(y,z),mult(mult(x,y),z)),mult(x,x)))).  [back_rewrite(528),rewrite([959(6),46(12),868(10,R)]),flip(a)].
    new demodulator: 988.
        959 back demodulating 527.
kept:      989 ld(mult(x,y),mult(x,mult(y,mult(ld(ld(mult(x,y),mult(x,mult(y,z))),e),mult(ld(ld(mult(x,y),mult(x,mult(y,z))),e),mult(z,mult(ld(mult(x,y),mult(x,mult(y,z))),ld(mult(x,y),mult(x,mult(y,z)))))))))) = ld(mult(x,y),mult(x,mult(y,z))).  [back_rewrite(527),rewrite([959(11),46(25)])].
    new demodulator: 989.
        959 back demodulating 526.
kept:      990 mult(ld(x,e),mult(ld(x,e),mult(ld(mult(y,z),mult(y,mult(z,x))),mult(x,x)))) = ld(mult(y,z),mult(y,mult(z,x))).  [back_rewrite(526),rewrite([959(6),46(12)])].
    new demodulator: 990.
        959 back demodulating 525.
kept:      991 ld(mult(x,mult(x,y)),mult(y,mult(x,x))) != e | mult(ld(x,e),mult(ld(x,e),mult(y,mult(x,x)))) = y.  [back_rewrite(525),rewrite([959(9),46(15)])].
        959 back demodulating 523.
kept:      992 ld(mult(x,mult(ld(x,mult(y,y)),z)),mult(y,mult(y,z))) != e | mult(ld(y,e),mult(ld(y,e),mult(x,mult(ld(x,mult(y,y)),z)))) = z.  [back_rewrite(523),rewrite([959(15)])].
        959 back demodulating 519.
kept:      993 ld(mult(x,x),y) = mult(ld(x,e),mult(ld(x,e),y)).  [back_rewrite(519),rewrite([959(4)])].
    new demodulator: 993.
        959 back demodulating 493.
kept:      994 ld(ld(x,y),y) != x | ld(x,y) = mult(ld(x,e),mult(ld(x,e),mult(y,x))).  [back_rewrite(493),rewrite([959(5),46(10)]),flip(b)].
        959 back demodulating 491.
kept:      995 ld(x,mult(ld(y,x),y)) != e | ld(y,x) = mult(ld(y,e),mult(ld(y,e),mult(x,y))).  [back_rewrite(491),rewrite([959(7),46(12)]),flip(b)].
    starting back demodulation with 963.
    starting back demodulation with 964.
    starting back demodulation with 968.
    starting back demodulation with 969.
    starting back demodulation with 970.
    starting back demodulation with 971.
    starting back demodulation with 977.
    starting back demodulation with 978.
    starting back demodulation with 982.
    starting back demodulation with 983.
    starting back demodulation with 984.
    starting back demodulation with 985.
    starting back demodulation with 986.
    starting back demodulation with 987.
    starting back demodulation with 988.
        988 back demodulating 987.
kept:      996 mult(ld(x,mult(ld(mult(ld(x,y),x),e),mult(ld(mult(ld(x,y),x),e),mult(ld(y,e),mult(ld(y,e),mult(ld(rd(mult(z,u),mult(mult(y,z),u)),mult(y,y)),mult(mult(ld(x,y),x),mult(ld(x,y),x)))))))),x) = mult(ld(x,mult(ld(y,e),mult(ld(y,e),ld(rd(mult(z,u),mult(mult(y,z),u)),mult(y,y))))),x).  [back_rewrite(987),rewrite([988(12),46(26),988(34)])].
    new demodulator: 996.
        988 back demodulating 888.
kept:      997 rd(mult(ld(rd(mult(x,y),mult(ld(rd(z,u),e),mult(ld(rd(z,u),e),mult(mult(rd(z,u),x),y)))),z),w),mult(z,w)) = mult(ld(rd(mult(u,w),mult(z,w)),e),mult(ld(rd(mult(u,w),mult(z,w)),e),ld(rd(mult(x,y),mult(mult(rd(mult(u,w),mult(z,w)),x),y)),mult(rd(mult(u,w),mult(z,w)),rd(mult(u,w),mult(z,w)))))).  [back_rewrite(888),rewrite([988(24)])].
    new demodulator: 997.
        988 back demodulating 887.
kept:      998 ld(rd(mult(x,y),mult(ld(z,e),mult(ld(z,e),mult(mult(ld(rd(mult(u,w),mult(mult(z,u),w)),mult(z,z)),x),y)))),e) = ld(rd(mult(u,w),mult(ld(z,e),mult(ld(z,e),mult(mult(ld(rd(mult(x,y),mult(mult(z,x),y)),mult(z,z)),u),w)))),e).  [back_rewrite(887),rewrite([988(5),46(14),46(15),988(23),46(32),46(33)])].
        988 back demodulating 885.
kept:      999 rd(mult(ld(rd(mult(x,ld(mult(ld(y,e),mult(ld(y,e),mult(ld(rd(mult(z,u),mult(mult(y,z),u)),mult(y,y)),x))),w)),mult(mult(y,x),ld(mult(ld(y,e),mult(ld(y,e),mult(ld(rd(mult(z,u),mult(mult(y,z),u)),mult(y,y)),x))),w))),z),u),mult(z,u)) = rd(w,mult(x,ld(mult(ld(y,e),mult(ld(y,e),mult(ld(rd(mult(z,u),mult(mult(y,z),u)),mult(y,y)),x))),w))).  [back_rewrite(885),rewrite([988(4),46(13),988(20),46(29),988(40),46(49)])].
    new demodulator: 999.
        988 back demodulating 884.
kept:      1000 rd(mult(ld(rd(mult(x,y),mult(mult(rd(z,u),x),y)),u),w),mult(u,w)) = mult(ld(rd(mult(z,w),mult(u,w)),e),mult(ld(rd(mult(z,w),mult(u,w)),e),ld(rd(mult(x,y),mult(mult(rd(mult(z,w),mult(u,w)),x),y)),mult(rd(mult(z,w),mult(u,w)),rd(mult(z,w),mult(u,w)))))).  [back_rewrite(884),rewrite([988(16)])].
    new demodulator: 1000.
        988 back demodulating 882.
kept:      1001 rd(mult(ld(rd(mult(x,y),mult(mult(mult(z,u),x),y)),z),w),mult(z,w)) = mult(rd(mult(z,w),mult(z,mult(u,mult(z,w)))),mult(rd(mult(z,w),mult(z,mult(u,mult(z,w)))),ld(rd(mult(x,y),mult(mult(rd(mult(z,mult(u,mult(z,w))),mult(z,w)),x),y)),mult(rd(mult(z,mult(u,mult(z,w))),mult(z,w)),rd(mult(z,mult(u,mult(z,w))),mult(z,w)))))).  [back_rewrite(882),rewrite([988(18),868(16),8(16),868(21),8(21)])].
    new demodulator: 1001.
        988 back demodulating 881.
        988 back demodulating 880.
kept:      1002 rd(mult(ld(rd(mult(x,y),mult(mult(z,x),y)),z),u),mult(z,u)) = mult(ld(z,e),mult(ld(z,e),ld(rd(mult(x,y),mult(mult(z,x),y)),mult(z,z)))).  [back_rewrite(880),rewrite([988(12)])].
    new demodulator: 1002.
        988 back demodulating 879.
kept:      1003 rd(mult(ld(rd(mult(ld(x,e),mult(ld(x,e),mult(ld(rd(mult(y,z),mult(mult(x,y),z)),mult(x,x)),u))),mult(ld(x,e),mult(ld(x,e),mult(mult(x,ld(rd(mult(y,z),mult(mult(x,y),z)),mult(x,x))),u)))),y),z),mult(y,z)) = mult(ld(x,e),mult(ld(x,e),ld(rd(mult(y,z),mult(mult(x,y),z)),mult(x,x)))).  [back_rewrite(879),rewrite([988(4),46(13),988(17),676(26),674(23),988(36)])].
    new demodulator: 1003.
        988 back demodulating 878.
kept:      1004 rd(mult(ld(rd(mult(x,mult(ld(y,e),mult(ld(y,e),ld(rd(mult(z,u),mult(mult(y,z),u)),mult(y,y))))),mult(mult(y,x),mult(ld(y,e),mult(ld(y,e),ld(rd(mult(z,u),mult(mult(y,z),u)),mult(y,y)))))),z),u),mult(z,u)) = mult(ld(y,e),mult(ld(y,e),ld(rd(mult(z,u),mult(mult(y,z),u)),mult(y,y)))).  [back_rewrite(878),rewrite([988(4),988(18),988(36)])].
    new demodulator: 1004.
        988 back demodulating 877.
        988 back demodulating 876.
kept:      1005 mult(ld(x,ld(rd(mult(y,z),mult(ld(u,e),mult(ld(u,e),mult(mult(ld(rd(mult(w,v5),mult(mult(u,w),v5)),mult(u,u)),y),z)))),e)),x) = mult(ld(x,ld(rd(mult(w,v5),mult(ld(u,e),mult(ld(u,e),mult(mult(ld(rd(mult(y,z),mult(mult(u,y),z)),mult(u,u)),w),v5)))),e)),x).  [back_rewrite(876),rewrite([988(5),46(14),46(15),988(25),46(34),46(35)])].
        988 back demodulating 875.
        988 back demodulating 874.
kept:      1006 rd(mult(ld(rd(mult(x,y),mult(mult(z,x),y)),ld(z,e)),u),mult(ld(z,e),u)) = mult(ld(z,e),mult(ld(z,e),ld(rd(mult(x,y),mult(mult(z,x),y)),mult(z,z)))).  [back_rewrite(874),rewrite([988(16)])].
    new demodulator: 1006.
        988 back demodulating 873.
        988 back demodulating 872.
        988 back demodulating 871.
kept:      1007 rd(mult(ld(x,e),mult(ld(x,e),mult(mult(ld(rd(mult(y,z),mult(mult(x,y),z)),mult(x,x)),ld(u,e)),w))),ld(u,w)) = ld(rd(mult(ld(u,e),w),mult(ld(x,e),mult(ld(x,e),mult(mult(ld(rd(mult(y,z),mult(mult(x,y),z)),mult(x,x)),ld(u,e)),w)))),e).  [back_rewrite(871),rewrite([988(4),46(15),46(16),988(25),46(36),46(37)])].
    new demodulator: 1007.
        988 back demodulating 870.
        988 back demodulating 860.
kept:      1008 rd(mult(ld(rd(mult(x,y),mult(mult(z,x),y)),e),mult(ld(rd(mult(x,y),mult(mult(z,x),y)),e),mult(mult(rd(mult(x,y),mult(mult(z,x),y)),u),w))),mult(u,w)) = ld(rd(mult(u,w),mult(ld(z,e),mult(ld(z,e),mult(mult(ld(rd(mult(x,y),mult(mult(z,x),y)),mult(z,z)),u),w)))),e).  [back_rewrite(860),rewrite([988(27),46(36),46(37)])].
    new demodulator: 1008.
        988 back demodulating 859.
kept:      1009 rd(mult(ld(x,e),mult(ld(x,e),mult(mult(ld(rd(mult(y,z),mult(mult(x,y),z)),mult(x,x)),u),w))),mult(u,w)) = ld(rd(mult(y,z),mult(ld(x,e),mult(ld(x,e),mult(mult(ld(rd(mult(u,w),mult(mult(x,u),w)),mult(x,x)),y),z)))),e).  [back_rewrite(859),rewrite([988(4),46(13),46(14),988(21),46(30),46(31)])].
    new demodulator: 1009.
        988 back demodulating 829.
kept:      1010 rd(mult(ld(x,e),mult(ld(x,e),mult(mult(ld(rd(mult(y,z),mult(mult(x,y),z)),mult(x,x)),u),mult(ld(u,e),w)))),w) = mult(rd(w,mult(mult(x,u),mult(ld(u,e),w))),mult(rd(w,mult(mult(x,u),mult(ld(u,e),w))),ld(rd(mult(y,z),mult(mult(rd(mult(mult(x,u),mult(ld(u,e),w)),w),y),z)),mult(rd(mult(mult(x,u),mult(ld(u,e),w)),w),rd(mult(mult(x,u),mult(ld(u,e),w)),w))))).  [back_rewrite(829),rewrite([988(10),868(8),8(8),868(14),8(14),988(42),46(51),46(55)]),flip(a)].
    new demodulator: 1010.
        988 back demodulating 827.
        988 back demodulating 807.
kept:      1011 rd(mult(ld(x,e),mult(ld(x,e),mult(mult(ld(rd(mult(y,z),mult(mult(x,y),z)),mult(x,x)),ld(rd(u,w),e)),u))),w) = mult(rd(w,mult(mult(x,ld(rd(u,w),e)),u)),mult(rd(w,mult(mult(x,ld(rd(u,w),e)),u)),ld(rd(mult(y,z),mult(mult(rd(mult(mult(x,ld(rd(u,w),e)),u),w),y),z)),mult(rd(mult(mult(x,ld(rd(u,w),e)),u),w),rd(mult(mult(x,ld(rd(u,w),e)),u),w))))).  [back_rewrite(807),rewrite([988(10),868(8),8(8),868(14),8(14),988(42),46(54),46(55)]),flip(a)].
    new demodulator: 1011.
        988 back demodulating 746.
        988 back demodulating 729.
kept:      1012 rd(mult(mult(x,ld(y,e)),z),ld(y,z)) = mult(ld(x,e),mult(ld(x,e),ld(rd(mult(ld(y,e),z),mult(mult(x,ld(y,e)),z)),mult(x,x)))).  [back_rewrite(729),rewrite([988(14)])].
    new demodulator: 1012.
        988 back demodulating 695.
        988 back demodulating 673.
kept:      1013 rd(mult(ld(x,e),mult(ld(x,e),mult(mult(ld(rd(mult(y,z),mult(mult(x,y),z)),mult(x,x)),ld(u,e)),mult(u,w)))),w) = mult(rd(w,mult(mult(x,ld(u,e)),mult(u,w))),mult(rd(w,mult(mult(x,ld(u,e)),mult(u,w))),ld(rd(mult(y,z),mult(mult(rd(mult(mult(x,ld(u,e)),mult(u,w)),w),y),z)),mult(rd(mult(mult(x,ld(u,e)),mult(u,w)),w),rd(mult(mult(x,ld(u,e)),mult(u,w)),w))))).  [back_rewrite(673),rewrite([988(10),868(8),8(8),868(14),8(14),988(42),46(53),46(55)]),flip(a)].
    new demodulator: 1013.
        988 back demodulating 603.
kept:      1014 mult(ld(mult(mult(x,ld(y,e)),y),e),mult(ld(mult(mult(x,ld(y,e)),y),e),ld(rd(mult(z,u),mult(mult(mult(mult(x,ld(y,e)),y),z),u)),mult(mult(mult(x,ld(y,e)),y),mult(mult(x,ld(y,e)),y))))) = mult(ld(x,e),mult(ld(x,e),mult(mult(ld(rd(mult(z,u),mult(mult(x,z),u)),mult(x,x)),ld(y,e)),y))).  [back_rewrite(603),rewrite([988(8),988(36),46(47),46(48)])].
    new demodulator: 1014.
        988 back demodulating 574.
kept:      1015 mult(ld(mult(mult(x,y),ld(y,e)),e),mult(ld(mult(mult(x,y),ld(y,e)),e),ld(rd(mult(z,u),mult(mult(mult(mult(x,y),ld(y,e)),z),u)),mult(mult(mult(x,y),ld(y,e)),mult(mult(x,y),ld(y,e)))))) = mult(ld(x,e),mult(ld(x,e),mult(mult(ld(rd(mult(z,u),mult(mult(x,z),u)),mult(x,x)),y),ld(y,e)))).  [back_rewrite(574),rewrite([988(8),988(36),46(45),46(48)])].
    new demodulator: 1015.
        988 back demodulating 494.
kept:      1016 mult(ld(mult(ld(x,y),x),e),mult(ld(mult(ld(x,y),x),e),ld(rd(mult(z,u),mult(mult(mult(ld(x,y),x),z),u)),mult(mult(ld(x,y),x),mult(ld(x,y),x))))) = mult(ld(x,mult(ld(y,e),mult(ld(y,e),ld(rd(mult(z,u),mult(mult(y,z),u)),mult(y,y))))),x).  [back_rewrite(494),rewrite([988(6),988(26)])].
    new demodulator: 1016.
        988 back demodulating 458.
kept:      1017 mult(ld(x,e),mult(ld(x,e),mult(ld(x,e),mult(ld(rd(mult(y,z),mult(mult(x,y),z)),mult(x,x)),x)))) = mult(ld(x,e),mult(ld(x,e),ld(rd(mult(y,z),mult(mult(x,y),z)),mult(x,x)))).  [back_rewrite(458),rewrite([988(4),749(14),674(14),162(16),640(17),988(20)])].
    new demodulator: 1017.
        988 back demodulating 457.
kept:      1018 mult(ld(ld(ld(x,y),y),e),mult(ld(ld(ld(x,y),y),e),ld(rd(mult(z,u),mult(mult(ld(ld(x,y),y),z),u)),mult(ld(ld(x,y),y),ld(ld(x,y),y))))) = mult(ld(ld(x,y),mult(ld(x,e),mult(ld(x,e),ld(rd(mult(z,u),mult(mult(x,z),u)),mult(x,x))))),ld(x,y)).  [back_rewrite(457),rewrite([988(6),988(27)])].
    new demodulator: 1018.
        988 back demodulating 456.
kept:      1019 mult(ld(x,mult(ld(y,e),mult(ld(y,e),ld(rd(mult(ld(mult(ld(x,y),x),z),u),mult(mult(y,ld(mult(ld(x,y),x),z)),u)),mult(y,y))))),x) = rd(mult(z,u),mult(ld(mult(ld(x,y),x),z),u)).  [back_rewrite(456),rewrite([988(10)])].
    new demodulator: 1019.
        988 back demodulating 455.
kept:      1020 mult(ld(x,mult(ld(y,e),mult(ld(y,e),ld(rd(mult(z,ld(mult(mult(ld(x,y),x),z),u)),mult(mult(y,z),ld(mult(mult(ld(x,y),x),z),u))),mult(y,y))))),x) = rd(u,mult(z,ld(mult(mult(ld(x,y),x),z),u))).  [back_rewrite(455),rewrite([988(12)])].
    new demodulator: 1020.
        988 back demodulating 453.
kept:      1021 mult(mult(ld(x,mult(ld(y,e),mult(ld(y,e),ld(rd(mult(z,u),mult(mult(y,z),u)),mult(y,y))))),x),mult(z,u)) = mult(mult(mult(ld(x,y),x),z),u).  [back_rewrite(453),rewrite([988(4)])].
    new demodulator: 1021.
        988 back demodulating 452.
kept:      1022 mult(ld(x,mult(ld(rd(y,x),e),mult(ld(rd(y,x),e),ld(rd(mult(z,u),mult(mult(rd(y,x),z),u)),mult(rd(y,x),rd(y,x)))))),x) = mult(ld(ld(x,y),e),mult(ld(ld(x,y),e),ld(rd(mult(z,u),mult(mult(ld(x,y),z),u)),mult(ld(x,y),ld(x,y))))).  [back_rewrite(452),rewrite([988(5),988(24)])].
    new demodulator: 1022.
        988 back demodulating 442.
kept:      1023 mult(ld(ld(x,mult(y,mult(z,mult(y,x)))),e),mult(ld(ld(x,mult(y,mult(z,mult(y,x)))),e),ld(rd(mult(u,w),mult(mult(ld(x,mult(y,mult(z,mult(y,x)))),u),w)),mult(ld(x,mult(y,mult(z,mult(y,x)))),ld(x,mult(y,mult(z,mult(y,x)))))))) = mult(ld(x,rd(mult(mult(y,mult(z,mult(y,u))),w),mult(u,w))),x).  [back_rewrite(442),rewrite([988(8)])].
        988 back demodulating 433.
kept:      1024 mult(ld(x,mult(ld(y,e),mult(ld(y,e),ld(rd(mult(mult(mult(ld(x,y),x),z),u),mult(mult(y,mult(mult(ld(x,y),x),z)),u)),mult(y,y))))),x) = rd(mult(mult(ld(x,y),x),mult(mult(ld(x,y),x),mult(z,u))),mult(mult(mult(ld(x,y),x),z),u)).  [back_rewrite(433),rewrite([988(10)])].
    new demodulator: 1024.
        988 back demodulating 428.
kept:      1025 ld(mult(ld(x,mult(ld(y,e),mult(ld(y,e),ld(rd(mult(z,u),mult(mult(y,z),u)),mult(y,y))))),x),mult(mult(mult(ld(x,y),x),z),u)) = mult(z,u).  [back_rewrite(428),rewrite([988(4)])].
    new demodulator: 1025.
        988 back demodulating 422.
kept:      1026 mult(ld(x,mult(ld(y,e),mult(ld(y,e),ld(rd(mult(mult(ld(x,y),x),z),mult(mult(y,mult(ld(x,y),x)),z)),mult(y,y))))),x) = mult(ld(x,y),x).  [back_rewrite(422),rewrite([988(8)])].
    new demodulator: 1026.
        988 back demodulating 405.
kept:      1027 mult(ld(mult(x,y),e),mult(ld(mult(x,y),e),ld(rd(mult(z,u),mult(mult(mult(x,y),z),u)),mult(mult(x,y),mult(x,y))))) = mult(ld(y,mult(ld(mult(y,x),e),mult(ld(mult(y,x),e),ld(rd(mult(z,u),mult(mult(mult(y,x),z),u)),mult(mult(y,x),mult(y,x)))))),y).  [back_rewrite(405),rewrite([988(5),988(22)])].
        988 back demodulating 404.
kept:      1028 mult(ld(x,mult(ld(y,e),mult(ld(y,e),ld(rd(mult(z,mult(ld(x,y),x)),mult(mult(y,z),mult(ld(x,y),x))),mult(y,y))))),x) = mult(ld(x,y),x).  [back_rewrite(404),rewrite([988(8)])].
    new demodulator: 1028.
        988 back demodulating 387.
        988 back demodulating 375.
kept:      1029 mult(ld(x,mult(ld(y,e),mult(ld(y,e),ld(rd(mult(z,mult(ld(mult(mult(ld(x,y),x),z),u),mult(mult(ld(x,y),x),z))),mult(mult(y,z),mult(ld(mult(mult(ld(x,y),x),z),u),mult(mult(ld(x,y),x),z)))),mult(y,y))))),x) = rd(mult(u,mult(mult(ld(x,y),x),z)),mult(z,mult(ld(mult(mult(ld(x,y),x),z),u),mult(mult(ld(x,y),x),z)))).  [back_rewrite(375),rewrite([988(20)])].
    new demodulator: 1029.
        988 back demodulating 374.
kept:      1030 mult(ld(x,mult(ld(y,e),mult(ld(y,e),ld(rd(mult(mult(ld(mult(ld(x,y),x),z),mult(ld(x,y),x)),u),mult(mult(y,mult(ld(mult(ld(x,y),x),z),mult(ld(x,y),x))),u)),mult(y,y))))),x) = rd(mult(mult(z,mult(ld(x,y),x)),u),mult(mult(ld(mult(ld(x,y),x),z),mult(ld(x,y),x)),u)).  [back_rewrite(374),rewrite([988(16)])].
    new demodulator: 1030.
        988 back demodulating 308.
        988 back demodulating 268.
        988 back demodulating 242.
        988 back demodulating 240.
        988 back demodulating 203.
        988 back demodulating 201.
        988 back demodulating 157.
kept:      1031 rd(mult(ld(x,e),mult(ld(x,e),mult(mult(ld(rd(mult(y,z),mult(mult(x,y),z)),mult(x,x)),rd(u,w)),w))),u) = mult(rd(u,mult(mult(x,rd(u,w)),w)),mult(rd(u,mult(mult(x,rd(u,w)),w)),ld(rd(mult(y,z),mult(mult(rd(mult(mult(x,rd(u,w)),w),u),y),z)),mult(rd(mult(mult(x,rd(u,w)),w),u),rd(mult(mult(x,rd(u,w)),w),u))))).  [back_rewrite(157),rewrite([988(8),868(6),8(6),868(10),8(10),988(32),46(42),46(43)]),flip(a)].
    new demodulator: 1031.
        988 back demodulating 152.
kept:      1032 rd(mult(ld(x,e),mult(ld(x,e),mult(mult(ld(rd(mult(y,z),mult(mult(x,y),z)),mult(x,x)),u),ld(u,w)))),w) = mult(rd(w,mult(mult(x,u),ld(u,w))),mult(rd(w,mult(mult(x,u),ld(u,w))),ld(rd(mult(y,z),mult(mult(rd(mult(mult(x,u),ld(u,w)),w),y),z)),mult(rd(mult(mult(x,u),ld(u,w)),w),rd(mult(mult(x,u),ld(u,w)),w))))).  [back_rewrite(152),rewrite([988(8),868(6),8(6),868(10),8(10),988(32),46(41),46(43)]),flip(a)].
    new demodulator: 1032.
        988 back demodulating 130.
kept:      1033 mult(ld(ld(mult(rd(x,mult(y,z)),y),x),e),mult(ld(ld(mult(rd(x,mult(y,z)),y),x),e),ld(rd(mult(u,w),mult(mult(ld(mult(rd(x,mult(y,z)),y),x),u),w)),mult(ld(mult(rd(x,mult(y,z)),y),x),ld(mult(rd(x,mult(y,z)),y),x))))) = ld(mult(rd(x,mult(y,z)),y),mult(rd(x,mult(y,z)),mult(y,mult(ld(z,e),mult(ld(z,e),ld(rd(mult(u,w),mult(mult(z,u),w)),mult(z,z))))))).  [back_rewrite(130),rewrite([988(8),988(41)])].
    new demodulator: 1033.
        988 back demodulating 129.
kept:      1034 mult(ld(ld(x,mult(rd(x,y),mult(y,z))),e),mult(ld(ld(x,mult(rd(x,y),mult(y,z))),e),ld(rd(mult(u,w),mult(mult(ld(x,mult(rd(x,y),mult(y,z))),u),w)),mult(ld(x,mult(rd(x,y),mult(y,z))),ld(x,mult(rd(x,y),mult(y,z))))))) = ld(x,mult(rd(x,y),mult(y,mult(ld(z,e),mult(ld(z,e),ld(rd(mult(u,w),mult(mult(z,u),w)),mult(z,z))))))).  [back_rewrite(129),rewrite([988(8),988(37)])].
    new demodulator: 1034.
        988 back demodulating 128.
kept:      1035 mult(ld(mult(x,y),mult(x,mult(y,mult(ld(z,e),mult(ld(z,e),ld(rd(mult(u,w),mult(mult(z,u),w)),mult(z,z))))))),mult(u,w)) = mult(mult(ld(mult(x,y),mult(x,mult(y,z))),u),w).  [back_rewrite(128),rewrite([988(5)])].
    new demodulator: 1035.
        988 back demodulating 126.
kept:      1036 ld(mult(x,y),mult(x,mult(y,mult(ld(z,e),mult(ld(z,e),ld(rd(mult(u,ld(mult(ld(mult(x,y),mult(x,mult(y,z))),u),w)),mult(mult(z,u),ld(mult(ld(mult(x,y),mult(x,mult(y,z))),u),w))),mult(z,z))))))) = rd(w,mult(u,ld(mult(ld(mult(x,y),mult(x,mult(y,z))),u),w))).  [back_rewrite(126),rewrite([988(17)])].
    new demodulator: 1036.
        988 back demodulating 125.
kept:      1037 ld(mult(x,y),mult(x,mult(y,mult(ld(z,e),mult(ld(z,e),ld(rd(mult(ld(ld(mult(x,y),mult(x,mult(y,z))),u),w),mult(mult(z,ld(ld(mult(x,y),mult(x,mult(y,z))),u)),w)),mult(z,z))))))) = rd(mult(u,w),mult(ld(ld(mult(x,y),mult(x,mult(y,z))),u),w)).  [back_rewrite(125),rewrite([988(15)])].
    new demodulator: 1037.
        988 back demodulating 124.
kept:      1038 mult(ld(ld(mult(x,y),mult(x,z)),e),mult(ld(ld(mult(x,y),mult(x,z)),e),ld(rd(mult(u,w),mult(mult(ld(mult(x,y),mult(x,z)),u),w)),mult(ld(mult(x,y),mult(x,z)),ld(mult(x,y),mult(x,z)))))) = ld(mult(x,y),mult(x,mult(y,mult(ld(ld(y,z),e),mult(ld(ld(y,z),e),ld(rd(mult(u,w),mult(mult(ld(y,z),u),w)),mult(ld(y,z),ld(y,z)))))))).  [back_rewrite(124),rewrite([988(7),988(33)])].
    new demodulator: 1038.
        988 back demodulating 123.
kept:      1039 mult(ld(ld(x,mult(y,mult(ld(y,x),z))),e),mult(ld(ld(x,mult(y,mult(ld(y,x),z))),e),ld(rd(mult(u,w),mult(mult(ld(x,mult(y,mult(ld(y,x),z))),u),w)),mult(ld(x,mult(y,mult(ld(y,x),z))),ld(x,mult(y,mult(ld(y,x),z))))))) = ld(x,mult(y,mult(ld(y,x),mult(ld(z,e),mult(ld(z,e),ld(rd(mult(u,w),mult(mult(z,u),w)),mult(z,z))))))).  [back_rewrite(123),rewrite([988(8),988(37)])].
    new demodulator: 1039.
        988 back demodulating 20.
kept:      1040 r(x,y,z) = mult(ld(x,e),mult(ld(x,e),ld(rd(mult(y,z),mult(mult(x,y),z)),mult(x,x)))).  [back_rewrite(20),rewrite([988(5)])].
    new demodulator: 1040.
    starting back demodulation with 989.
    starting back demodulation with 990.
    starting back demodulation with 993.
    starting back demodulation with 996.
    starting back demodulation with 997.
    starting back demodulation with 999.
    starting back demodulation with 1000.
    starting back demodulation with 1001.
    starting back demodulation with 1002.
    starting back demodulation with 1003.
    starting back demodulation with 1004.
    starting back demodulation with 1006.
    starting back demodulation with 1007.
    starting back demodulation with 1008.
    starting back demodulation with 1009.
    starting back demodulation with 1010.
    starting back demodulation with 1011.
    starting back demodulation with 1012.
    starting back demodulation with 1013.
    starting back demodulation with 1014.
    starting back demodulation with 1015.
    starting back demodulation with 1016.
    starting back demodulation with 1017.
    starting back demodulation with 1018.
    starting back demodulation with 1019.
    starting back demodulation with 1020.
    starting back demodulation with 1021.
    starting back demodulation with 1022.
    starting back demodulation with 1024.
    starting back demodulation with 1025.
    starting back demodulation with 1026.
    starting back demodulation with 1028.
    starting back demodulation with 1029.
    starting back demodulation with 1030.
    starting back demodulation with 1031.
    starting back demodulation with 1032.
    starting back demodulation with 1033.
    starting back demodulation with 1034.
    starting back demodulation with 1035.
    starting back demodulation with 1036.
    starting back demodulation with 1037.
    starting back demodulation with 1038.
    starting back demodulation with 1039.
    starting back demodulation with 1040.

given #75 (T,wt=11): 612 mult(ld(x,rd(y,x)),x) = ld(x,y).  [para(12(a,1),351(a,1,2)),flip(a)].
kept:      1041 ld(ld(x,rd(y,x)),ld(x,y)) = x.  [para(612(a,1),9(a,1,2))].
    new demodulator: 1041.
kept:      1042 rd(ld(x,y),x) = ld(x,rd(y,x)).  [para(612(a,1),11(a,1,1))].
    new demodulator: 1042.
kept:      1043 ld(mult(x,ld(y,z)),mult(mult(x,ld(y,rd(z,y))),y)) != e | ld(mult(x,ld(y,rd(z,y))),mult(x,ld(y,z))) = y.  [para(612(a,1),24(a,1,1,2)),rewrite([612(15)])].
kept:      1044 ld(ld(mult(x,y),z),mult(mult(ld(mult(x,y),rd(z,mult(x,y))),x),y)) != e | ld(mult(ld(mult(x,y),rd(z,mult(x,y))),x),ld(mult(x,y),z)) = y.  [para(612(a,1),24(a,1,1)),rewrite([612(22)])].
kept:      1045 ld(mult(ld(x,rd(y,x)),mult(x,z)),mult(ld(x,y),z)) != e | ld(ld(x,y),mult(ld(x,rd(y,x)),mult(x,z))) = z.  [para(612(a,1),24(a,1,2,1)),rewrite([612(12)])].
kept:      1046 ld(ld(x,y),mult(ld(x,rd(y,x)),mult(x,z))) != z | ld(mult(ld(x,rd(y,x)),mult(x,z)),mult(ld(x,y),z)) = e.  [para(612(a,1),26(a,1,1)),rewrite([612(14)])].
kept:      1047 ld(mult(x,ld(y,rd(z,y))),mult(x,ld(y,z))) != y | ld(mult(x,ld(y,z)),mult(mult(x,ld(y,rd(z,y))),y)) = e.  [para(612(a,1),26(a,1,2,2)),rewrite([612(10)])].
kept:      1048 ld(mult(ld(mult(x,y),rd(z,mult(x,y))),x),ld(mult(x,y),z)) != y | ld(ld(mult(x,y),z),mult(mult(ld(mult(x,y),rd(z,mult(x,y))),x),y)) = e.  [para(612(a,1),26(a,1,2)),rewrite([612(15)])].
kept:      1049 mult(mult(ld(x,rd(y,x)),ld(x,y)),z) = mult(ld(x,rd(y,x)),mult(ld(x,rd(y,x)),mult(x,z))).  [para(612(a,1),46(a,1,1,2))].
    new demodulator: 1049.
kept:      1050 mult(ld(x,rd(y,x)),rd(y,x)) = mult(ld(x,y),ld(x,rd(y,x))).  [para(612(a,1),162(a,1,1)),rewrite([10(9)]),flip(a)].
    new demodulator: 1050.
kept:      1051 ld(ld(x,y),mult(mult(ld(x,rd(y,x)),z),ld(z,x))) != e | ld(mult(ld(x,rd(y,x)),z),ld(x,y)) = ld(z,x).  [para(612(a,1),55(a,1,1)),rewrite([612(15)])].
kept:      1052 ld(mult(ld(x,rd(y,x)),z),mult(ld(x,y),ld(x,z))) != e | ld(ld(x,y),mult(ld(x,rd(y,x)),z)) = ld(x,z).  [para(612(a,1),55(a,1,2,1)),rewrite([612(12)])].
kept:      1053 rd(mult(ld(x,rd(y,x)),ld(x,y)),x) = mult(ld(x,rd(y,x)),ld(x,rd(y,x))).  [para(612(a,1),253(a,1,1,2))].
    new demodulator: 1053.
kept:      1054 ld(mult(x,mult(ld(x,ld(y,rd(z,y))),y)),ld(y,z)) != e | ld(ld(y,rd(z,y)),mult(x,mult(ld(x,ld(y,rd(z,y))),y))) = y.  [para(612(a,1),56(a,1,2))].
kept:      1055 rd(ld(x,y),ld(ld(x,rd(y,x)),x)) = mult(ld(x,rd(y,x)),ld(x,rd(y,x))).  [para(612(a,1),338(a,1,1))].
    new demodulator: 1055.
kept:      1056 ld(ld(x,y),mult(x,y)) = mult(ld(ld(x,y),mult(x,x)),ld(x,y)).  [para(338(a,1),612(a,1,1,2)),flip(a)].
kept:      1057 ld(mult(ld(x,rd(y,x)),mult(x,ld(ld(x,y),z))),z) != e | ld(ld(x,y),mult(ld(x,rd(y,x)),mult(x,ld(ld(x,y),z)))) = ld(ld(x,y),z).  [para(612(a,1),57(a,1,1,2,2,1)),rewrite([612(12),612(15),612(20)])].
kept:      1058 ld(mult(ld(x,rd(y,x)),rd(x,ld(x,rd(y,x)))),ld(x,y)) = ld(x,rd(y,x)).  [para(612(a,1),343(a,1,2))].
    new demodulator: 1058.
kept:      1059 ld(ld(x,y),mult(mult(ld(x,rd(y,x)),rd(x,z)),z)) != e | ld(mult(ld(x,rd(y,x)),rd(x,z)),ld(x,y)) = z.  [para(612(a,1),58(a,1,1)),rewrite([612(16)])].
kept:      1060 ld(mult(ld(rd(x,y),rd(z,rd(x,y))),x),mult(ld(rd(x,y),z),y)) != e | ld(ld(rd(x,y),z),mult(ld(rd(x,y),rd(z,rd(x,y))),x)) = y.  [para(612(a,1),58(a,1,2,1)),rewrite([612(17)])].
kept:      1061 ld(x,mult(mult(rd(x,ld(y,z)),ld(y,rd(z,y))),y)) != e | ld(mult(rd(x,ld(y,z)),ld(y,rd(z,y))),x) = y.  [para(612(a,1),59(a,1,2,1,1,2)),rewrite([612(12)])].
kept:      1062 mult(ld(ld(x,rd(y,x)),e),ld(x,y)) = x.  [para(612(a,1),640(a,1,2))].
    new demodulator: 1062.
kept:      1063 ld(mult(rd(x,ld(y,rd(z,y))),ld(y,z)),mult(x,y)) != e | ld(x,mult(rd(x,ld(y,rd(z,y))),ld(y,z))) = y.  [para(612(a,1),60(a,1,1,2)),rewrite([612(15)])].
kept:      1064 ld(mult(rd(ld(x,rd(y,x)),z),mult(z,x)),ld(x,y)) != e | ld(ld(x,rd(y,x)),mult(rd(ld(x,rd(y,x)),z),mult(z,x))) = x.  [para(612(a,1),60(a,1,2))].
kept:      1065 rd(x,ld(x,y)) = ld(ld(x,rd(y,x)),e).  [para(612(a,1),664(a,1,2))].
kept:      1066 rd(ld(x,y),mult(ld(x,e),mult(ld(x,e),y))) = x.  [para(612(a,1),352(a,1,1)),rewrite([959(4),46(9),12(7)])].
    new demodulator: 1066.
kept:      1067 ld(ld(x,y),mult(ld(x,rd(y,x)),z)) != ld(x,z) | ld(mult(ld(x,rd(y,x)),z),mult(ld(x,y),ld(x,z))) = e.  [para(612(a,1),62(a,1,1)),rewrite([612(13)])].
kept:      1068 ld(mult(ld(x,rd(y,x)),z),ld(x,y)) != ld(z,x) | ld(ld(x,y),mult(mult(ld(x,rd(y,x)),z),ld(z,x))) = e.  [para(612(a,1),62(a,1,2)),rewrite([612(10)])].
kept:      1069 rd(ld(x,y),ld(x,rd(y,x))) = mult(ld(x,rd(y,x)),rd(x,ld(x,rd(y,x)))).  [para(612(a,1),516(a,1,1))].
    new demodulator: 1069.
    starting back demodulation with 1041.
    starting back demodulation with 1042.
        1042 back demodulating 935.
        1042 back demodulating 580.
    starting back demodulation with 1049.
    starting back demodulation with 1050.
    starting back demodulation with 1053.
    starting back demodulation with 1055.
    starting back demodulation with 1058.
    starting back demodulation with 1062.
    starting back demodulation with 1066.
    starting back demodulation with 1069.

given #76 (T,wt=11): 867 mult(rd(x,y),mult(rd(y,x),z)) = z.  [para(796(a,2),640(a,1,1))].
kept:      1070 ld(mult(x,y),mult(mult(x,rd(z,u)),mult(rd(u,z),y))) != e | ld(mult(x,rd(z,u)),mult(x,y)) = mult(rd(u,z),y).  [para(867(a,1),24(a,1,1,2)),rewrite([867(15)])].
kept:      1071 ld(mult(rd(x,y),mult(mult(rd(y,x),z),u)),mult(z,u)) != e | ld(z,mult(rd(x,y),mult(mult(rd(y,x),z),u))) = u.  [para(867(a,1),24(a,1,2,1)),rewrite([867(13)])].
kept:      1072 ld(x,mult(rd(y,z),mult(mult(rd(z,y),x),u))) != u | ld(mult(rd(y,z),mult(mult(rd(z,y),x),u)),mult(x,u)) = e.  [para(867(a,1),26(a,1,1)),rewrite([867(16)])].
kept:      1073 ld(mult(x,rd(y,z)),mult(x,u)) != mult(rd(z,y),u) | ld(mult(x,u),mult(mult(x,rd(y,z)),mult(rd(z,y),u))) = e.  [para(867(a,1),26(a,1,2,2)),rewrite([867(11)])].
kept:      1074 mult(rd(x,y),mult(rd(x,y),mult(mult(rd(y,x),z),u))) = mult(mult(rd(x,y),z),u).  [para(867(a,1),46(a,1,1,2)),flip(a)].
kept:      1075 mult(rd(x,y),mult(mult(rd(y,x),z),rd(x,y))) = mult(z,rd(x,y)).  [para(867(a,1),162(a,1,1)),flip(a)].
    new demodulator: 1075.
kept:      1076 ld(x,mult(mult(rd(y,z),u),ld(u,mult(rd(z,y),x)))) != e | ld(mult(rd(y,z),u),x) = ld(u,mult(rd(z,y),x)).  [para(867(a,1),55(a,1,1)),rewrite([867(15)])].
kept:      1077 ld(mult(rd(x,y),z),mult(u,ld(mult(rd(y,x),u),z))) != e | ld(mult(rd(y,x),u),z) = ld(u,mult(rd(x,y),z)).  [para(867(a,1),55(a,1,2,1)),rewrite([867(13)]),flip(b)].
kept:      1078 rd(mult(rd(x,y),z),mult(rd(y,x),z)) = mult(rd(x,y),rd(x,y)).  [para(867(a,1),253(a,1,1,2))].
    new demodulator: 1078.
kept:      1079 ld(mult(mult(rd(x,y),z),rd(y,x)),mult(rd(x,y),mult(z,z))) = mult(rd(x,y),z).  [para(867(a,1),279(a,1,2,2)),rewrite([954(7)])].
    new demodulator: 1079.
kept:      1080 mult(rd(x,y),mult(z,rd(y,x))) = mult(ld(rd(y,x),z),rd(y,x)).  [para(280(a,1),867(a,1,2))].
kept:      1081 ld(mult(x,mult(ld(x,rd(y,z)),mult(rd(z,y),u))),u) != e | mult(rd(z,y),mult(x,mult(ld(x,rd(y,z)),mult(rd(z,y),u)))) = mult(rd(z,y),u).  [para(867(a,1),56(a,1,2)),rewrite([868(17)])].
kept:      1082 ld(mult(rd(x,y),mult(mult(rd(y,x),z),ld(z,u))),u) != e | ld(z,mult(rd(x,y),mult(mult(rd(y,x),z),ld(z,u)))) = ld(z,u).  [para(867(a,1),57(a,1,1,2,2,1)),rewrite([867(13),867(16),867(20)])].
kept:      1083 ld(mult(rd(x,y),rd(mult(rd(y,x),z),rd(x,y))),z) = rd(x,y).  [para(867(a,1),343(a,1,2))].
    new demodulator: 1083.
kept:      1084 ld(x,mult(mult(rd(y,z),rd(mult(rd(z,y),x),u)),u)) != e | ld(mult(rd(y,z),rd(mult(rd(z,y),x),u)),x) = u.  [para(867(a,1),58(a,1,1)),rewrite([867(18)])].
kept:      1085 ld(mult(rd(x,y),z),z) = mult(ld(mult(rd(x,y),z),rd(y,x)),mult(rd(x,y),z)).  [para(867(a,1),351(a,1,2))].
kept:      1086 ld(x,mult(mult(rd(x,y),rd(z,u)),mult(rd(u,z),y))) != e | ld(mult(rd(x,y),rd(z,u)),x) = mult(rd(u,z),y).  [para(867(a,1),59(a,1,2,1,1,2)),rewrite([867(13)])].
kept:      1087 mult(rd(x,y),z) = mult(ld(rd(y,x),e),z).  [para(867(a,1),640(a,1,2)),flip(a)].
kept:      1088 ld(mult(rd(x,rd(y,z)),u),mult(x,mult(rd(z,y),u))) != e | ld(x,mult(rd(x,rd(y,z)),u)) = mult(rd(z,y),u).  [para(867(a,1),60(a,1,1,2)),rewrite([867(15)])].
kept:      1089 ld(mult(rd(rd(x,y),z),mult(z,mult(rd(y,x),u))),u) != e | mult(rd(y,x),mult(rd(rd(x,y),z),mult(z,mult(rd(y,x),u)))) = mult(rd(y,x),u).  [para(867(a,1),60(a,1,2)),rewrite([868(17)])].
kept:      1090 rd(x,mult(ld(mult(rd(y,z),x),rd(z,y)),mult(rd(y,z),x))) = mult(rd(y,z),x).  [para(867(a,1),352(a,1,1))].
    new demodulator: 1090.
kept:      1091 ld(mult(rd(x,y),z),u) != ld(z,mult(rd(y,x),u)) | ld(mult(rd(y,x),u),mult(z,ld(mult(rd(x,y),z),u))) = e.  [para(867(a,1),62(a,1,1)),rewrite([867(13)]),flip(a)].
kept:      1092 ld(mult(rd(x,y),z),u) != ld(z,mult(rd(y,x),u)) | ld(u,mult(mult(rd(x,y),z),ld(z,mult(rd(y,x),u)))) = e.  [para(867(a,1),62(a,1,2)),rewrite([867(11)])].
kept:      1093 mult(rd(x,y),rd(mult(rd(y,x),z),rd(x,y))) = rd(z,rd(x,y)).  [para(867(a,1),516(a,1,1)),flip(a)].
    new demodulator: 1093.
kept:      1094 mult(mult(x,rd(y,x)),mult(rd(x,mult(x,y)),z)) = z.  [para(516(a,1),867(a,1,1))].
    new demodulator: 1094.
kept:      1095 mult(rd(x,mult(x,y)),mult(mult(x,rd(y,x)),z)) = z.  [para(516(a,1),867(a,1,2,1))].
    new demodulator: 1095.
    starting back demodulation with 1075.
    starting back demodulation with 1078.
    starting back demodulation with 1079.
    starting back demodulation with 1083.
    starting back demodulation with 1090.
    starting back demodulation with 1093.
        1093 back demodulating 1083.
    starting back demodulation with 1094.
    starting back demodulation with 1095.

given #77 (A,wt=24): 63 ld(x,mult(rd(x,y),mult(y,z))) != z | ld(mult(rd(x,y),mult(y,z)),mult(x,z)) = e.  [para(12(a,1),26(a,1,1)),rewrite([12(10)])].
kept:      1096 ld(x,mult(rd(x,rd(y,z)),y)) != z | ld(mult(rd(x,rd(y,z)),y),mult(x,z)) = e.  [para(12(a,1),63(a,1,2,2)),rewrite([12(9)])].
kept:      1097 ld(x,mult(rd(x,mult(y,mult(y,z))),mult(y,mult(y,mult(z,u))))) != u | ld(mult(rd(x,mult(y,mult(y,z))),mult(y,mult(y,mult(z,u)))),mult(x,u)) = e.  [para(46(a,1),63(a,1,2,2)),rewrite([46(15)])].
kept:      1098 ld(x,mult(rd(x,mult(y,y)),mult(y,mult(y,z)))) != z | ld(mult(rd(x,mult(y,y)),mult(y,mult(y,z))),mult(x,z)) = e.  [para(161(a,1),63(a,1,2,2)),rewrite([161(11)])].
kept:      1099 ld(x,mult(rd(x,mult(y,z)),mult(y,mult(z,y)))) != y | ld(mult(rd(x,mult(y,z)),mult(y,mult(z,y))),mult(x,y)) = e.  [para(162(a,1),63(a,1,2,2)),rewrite([162(11)])].
kept:      1100 ld(x,mult(rd(x,y),mult(z,y))) != mult(ld(y,z),y) | ld(mult(rd(x,y),mult(z,y)),mult(x,mult(ld(y,z),y))) = e.  [para(280(a,1),63(a,1,2,2)),rewrite([280(11)])].
kept:      1101 ld(x,rd(x,ld(y,e))) != y | ld(rd(x,ld(y,e)),mult(x,y)) = e.  [para(575(a,1),63(a,1,2,2)),rewrite([8(5),575(11),8(10)])].
kept:      1102 mult(ld(mult(x,y),mult(x,rd(y,x))),mult(x,y)) != y | ld(mult(mult(x,rd(y,x)),mult(x,y)),mult(x,mult(y,y))) = e.  [para(351(a,1),63(a,1)),rewrite([516(3),516(9),954(13)])].
kept:      1103 ld(x,mult(rd(x,ld(y,e)),z)) != mult(y,z) | ld(mult(rd(x,ld(y,e)),z),mult(x,mult(y,z))) = e.  [para(640(a,1),63(a,1,2,2)),rewrite([640(14)])].
kept:      1104 mult(x,mult(rd(ld(x,e),y),mult(y,z))) != z | ld(mult(rd(ld(x,e),y),mult(y,z)),mult(ld(x,e),z)) = e.  [para(662(a,1),63(a,1))].
kept:      1105 mult(ld(x,e),mult(rd(x,y),mult(y,z))) != z | ld(mult(rd(x,y),mult(y,z)),mult(x,z)) = e.  [para(663(a,1),63(a,1))].
kept:      1106 ld(x,mult(rd(x,ld(y,e)),ld(y,z))) != z | ld(mult(rd(x,ld(y,e)),mult(ld(y,e),z)),mult(x,z)) = e.  [para(663(a,2),63(a,1,2,2))].
kept:      1107 ld(x,mult(rd(x,ld(rd(y,z),e)),z)) != y | ld(mult(rd(x,ld(rd(y,z),e)),z),mult(x,y)) = e.  [para(665(a,1),63(a,1,2,2)),rewrite([665(15)])].
kept:      1108 ld(x,mult(rd(x,y),z)) != mult(ld(y,e),z) | ld(mult(rd(x,y),z),mult(x,mult(ld(y,e),z))) = e.  [para(676(a,1),63(a,1,2,2)),rewrite([676(12)])].
kept:      1109 ld(ld(x,y),mult(ld(x,e),mult(y,z))) != z | ld(mult(ld(x,e),mult(y,z)),mult(ld(x,y),z)) = e.  [para(719(a,1),63(a,1,2,1)),rewrite([719(9)])].
kept:      1110 ld(x,mult(ld(rd(y,x),e),mult(y,z))) != z | ld(mult(rd(x,y),mult(y,z)),mult(x,z)) = e.  [para(796(a,1),63(a,1,2,1))].
kept:      1111 rd(x,y) != ld(z,rd(z,rd(y,x))) | ld(rd(z,rd(y,x)),mult(z,rd(x,y))) = e.  [para(857(a,1),63(a,1,2,2)),rewrite([8(4),857(10),8(9)]),flip(a)].
kept:      1112 ld(x,mult(rd(x,ld(y,rd(z,y))),ld(y,z))) != y | ld(mult(rd(x,ld(y,rd(z,y))),ld(y,z)),mult(x,y)) = e.  [para(612(a,1),63(a,1,2,2)),rewrite([612(13)])].
kept:      1113 ld(x,mult(rd(x,rd(y,z)),u)) != mult(rd(z,y),u) | ld(mult(rd(x,rd(y,z)),u),mult(x,mult(rd(z,y),u))) = e.  [para(867(a,1),63(a,1,2,2)),rewrite([867(13)])].

given #78 (T,wt=11): 868 ld(rd(x,y),z) = mult(rd(y,x),z).  [para(796(a,2),662(a,1,1))].
kept:      1114 ld(mult(x,ld(rd(y,z),u)),mult(mult(x,rd(z,y)),u)) = ld(mult(x,mult(rd(z,y),u)),mult(mult(x,rd(z,y)),u)).  [para(868(a,2),14(a,2,1,2)),rewrite([14(2)]),flip(a)].
kept:      1115 ld(ld(rd(x,y),mult(z,u)),mult(mult(rd(y,x),z),u)) = ld(mult(rd(y,x),mult(z,u)),mult(mult(rd(y,x),z),u)).  [para(868(a,2),14(a,2,1)),rewrite([14(2)]),flip(a)].
kept:      1116 ld(mult(rd(x,y),mult(z,u)),mult(ld(rd(y,x),z),u)) = ld(mult(rd(x,y),mult(z,u)),mult(mult(rd(x,y),z),u)).  [para(868(a,2),14(a,2,2,1)),rewrite([14(2)]),flip(a)].
kept:      1117 ld(ld(rd(x,y),z),mult(z,rd(y,x))) = ld(mult(rd(y,x),z),mult(z,rd(y,x))).  [para(868(a,2),16(a,2,1)),rewrite([16(2)]),flip(a)].
kept:      1118 ld(mult(x,rd(y,z)),ld(rd(z,y),x)) = ld(mult(x,rd(y,z)),mult(rd(y,z),x)).  [para(868(a,2),16(a,2,2)),rewrite([16(2)]),flip(a)].
kept:      1119 ld(ld(rd(x,y),z),mult(rd(y,x),mult(z,u))) = ld(mult(rd(y,x),z),mult(rd(y,x),mult(z,u))).  [para(868(a,2),18(a,2,1)),rewrite([18(2)]),flip(a)].
kept:      1120 ld(mult(x,rd(y,z)),mult(x,ld(rd(z,y),u))) = ld(mult(x,rd(y,z)),mult(x,mult(rd(y,z),u))).  [para(868(a,2),18(a,2,2,2)),rewrite([18(2)]),flip(a)].
kept:      1121 ld(mult(rd(x,y),z),ld(rd(y,x),mult(z,u))) = ld(mult(rd(x,y),z),mult(rd(x,y),mult(z,u))).  [para(868(a,2),18(a,2,2)),rewrite([18(2)]),flip(a)].
kept:      1122 ld(mult(x,ld(rd(y,z),u)),mult(mult(x,rd(z,y)),u)) != e | ld(mult(x,rd(z,y)),mult(x,mult(rd(z,y),u))) = u.  [para(868(a,2),24(a,1,1,2))].
kept:      1123 ld(ld(rd(x,y),mult(z,u)),mult(mult(rd(y,x),z),u)) != e | ld(mult(rd(y,x),z),mult(rd(y,x),mult(z,u))) = u.  [para(868(a,2),24(a,1,1))].
kept:      1124 ld(mult(rd(x,y),mult(z,u)),mult(ld(rd(y,x),z),u)) != e | ld(mult(rd(x,y),z),mult(rd(x,y),mult(z,u))) = u.  [para(868(a,2),24(a,1,2,1))].
kept:      1125 ld(ld(rd(x,y),z),mult(rd(y,x),mult(z,u))) != u | ld(mult(rd(y,x),mult(z,u)),mult(mult(rd(y,x),z),u)) = e.  [para(868(a,2),26(a,1,1))].
kept:      1126 ld(mult(x,rd(y,z)),mult(x,ld(rd(z,y),u))) != u | ld(mult(x,mult(rd(y,z),u)),mult(mult(x,rd(y,z)),u)) = e.  [para(868(a,2),26(a,1,2,2))].
kept:      1127 ld(mult(rd(x,y),z),ld(rd(y,x),mult(z,u))) != u | ld(mult(rd(x,y),mult(z,u)),mult(mult(rd(x,y),z),u)) = e.  [para(868(a,2),26(a,1,2))].
kept:      1128 mult(mult(rd(x,y),ld(rd(y,x),z)),u) = mult(rd(x,y),mult(rd(x,y),mult(z,u))).  [para(868(a,2),46(a,1,1,2))].
    new demodulator: 1128.
kept:      1129 mult(x,mult(x,ld(rd(y,z),u))) = mult(x,mult(x,mult(rd(z,y),u))).  [para(868(a,2),46(a,2,2,2)),rewrite([46(4)]),flip(a)].
kept:      1130 mult(rd(x,y),ld(rd(y,x),mult(z,u))) = mult(rd(x,y),mult(rd(x,y),mult(z,u))).  [para(868(a,2),46(a,2,2)),rewrite([46(5)]),flip(a)].
kept:      1131 mult(rd(x,y),ld(rd(y,x),z)) = mult(rd(x,y),mult(rd(x,y),z)).  [para(868(a,2),161(a,2,2)),rewrite([161(4)]),flip(a)].
kept:      1132 mult(rd(x,y),mult(z,rd(x,y))) = mult(ld(rd(y,x),z),rd(x,y)).  [para(868(a,2),162(a,1,1)),flip(a)].
kept:      1133 mult(x,ld(rd(y,z),x)) = mult(x,mult(rd(z,y),x)).  [para(868(a,2),162(a,2,2)),rewrite([162(3)]),flip(a)].
kept:      1134 ld(mult(x,y),mult(mult(x,rd(z,u)),mult(rd(u,z),y))) != e | ld(mult(x,rd(z,u)),mult(x,y)) = ld(rd(z,u),y).  [para(868(a,1),55(a,1,2,2))].
kept:      1135 ld(ld(rd(x,y),z),mult(mult(rd(y,x),u),ld(u,z))) != e | ld(mult(rd(y,x),u),mult(rd(y,x),z)) = ld(u,z).  [para(868(a,2),55(a,1,1))].
kept:      1136 ld(mult(rd(x,y),z),mult(ld(rd(y,x),u),ld(u,z))) != e | ld(mult(rd(x,y),u),mult(rd(x,y),z)) = ld(u,z).  [para(868(a,2),55(a,1,2,1))].
kept:      1137 rd(mult(rd(x,y),ld(rd(y,x),z)),z) = mult(rd(x,y),rd(x,y)).  [para(868(a,2),253(a,1,1,2))].
    new demodulator: 1137.
kept:      1138 ld(ld(rd(x,y),z),mult(rd(y,x),mult(z,rd(y,x)))) = rd(y,x).  [para(868(a,2),279(a,1,1))].
    new demodulator: 1138.
kept:      1139 ld(mult(x,rd(y,z)),mult(x,ld(rd(z,y),x))) = x.  [para(868(a,2),279(a,1,2,2))].
    new demodulator: 1139.
kept:      1140 mult(ld(rd(x,y),z),rd(x,y)) = mult(mult(rd(y,x),z),rd(x,y)).  [para(868(a,1),500(a,2,1)),rewrite([500(2)])].
kept:      1141 ld(mult(rd(x,y),mult(mult(rd(y,x),z),u)),mult(z,u)) != e | ld(z,mult(rd(x,y),mult(ld(rd(x,y),z),u))) = u.  [para(868(a,1),56(a,1,1,2,1))].
kept:      1142 ld(mult(x,mult(ld(x,rd(y,z)),u)),ld(rd(z,y),u)) != e | ld(rd(y,z),mult(x,mult(ld(x,rd(y,z)),u))) = u.  [para(868(a,2),56(a,1,2))].
kept:      1143 rd(ld(rd(x,y),z),ld(rd(y,x),z)) = mult(rd(y,x),rd(y,x)).  [para(868(a,2),338(a,1,1))].
    new demodulator: 1143.
kept:      1144 ld(mult(rd(x,y),mult(z,ld(ld(rd(y,x),z),u))),u) != e | ld(mult(rd(x,y),z),mult(rd(x,y),mult(z,ld(mult(rd(x,y),z),u)))) = ld(mult(rd(x,y),z),u).  [para(868(a,2),57(a,1,1,2,2,1))].
kept:      1145 ld(mult(rd(x,y),rd(z,rd(x,y))),ld(rd(y,x),z)) = rd(x,y).  [para(868(a,2),343(a,1,2))].
    new demodulator: 1145.
kept:      1146 ld(ld(rd(x,y),z),mult(mult(rd(y,x),rd(z,u)),u)) != e | ld(mult(rd(y,x),rd(z,u)),mult(rd(y,x),z)) = u.  [para(868(a,2),58(a,1,1))].
kept:      1147 ld(mult(rd(x,y),z),mult(ld(rd(y,x),rd(z,u)),u)) != e | ld(mult(rd(x,y),rd(z,u)),mult(rd(x,y),z)) = u.  [para(868(a,2),58(a,1,2,1))].
kept:      1148 ld(x,ld(rd(y,z),x)) = mult(ld(x,rd(z,y)),x).  [para(868(a,2),351(a,1,2))].
kept:      1149 mult(rd(x,y),mult(mult(rd(rd(y,x),mult(z,u)),z),u)) != e | ld(mult(rd(rd(y,x),mult(z,u)),z),rd(y,x)) = u.  [para(868(a,1),59(a,1))].
kept:      1150 ld(x,mult(mult(rd(x,ld(rd(y,z),u)),rd(z,y)),u)) != e | ld(mult(rd(x,mult(rd(z,y),u)),rd(z,y)),x) = u.  [para(868(a,2),59(a,1,2,1,1,2))].
kept:      1151 ld(x,mult(ld(rd(mult(y,z),x),y),z)) != e | ld(mult(rd(x,mult(y,z)),y),x) = z.  [para(868(a,2),59(a,1,2,1))].
kept:      1152 mult(ld(rd(x,y),e),ld(rd(y,x),z)) = z.  [para(868(a,2),640(a,1,2))].
    new demodulator: 1152.
kept:      1153 ld(mult(rd(x,rd(y,z)),ld(rd(z,y),u)),mult(x,u)) != e | ld(x,mult(rd(x,rd(y,z)),mult(rd(y,z),u))) = u.  [para(868(a,2),60(a,1,1,2))].
kept:      1154 ld(ld(rd(x,y),mult(x,z)),mult(y,z)) != e | ld(y,mult(rd(y,x),mult(x,z))) = z.  [para(868(a,2),60(a,1,1))].
kept:      1155 ld(mult(rd(rd(x,y),z),mult(z,u)),ld(rd(y,x),u)) != e | mult(rd(y,x),mult(rd(rd(x,y),z),mult(z,u))) = u.  [para(868(a,2),60(a,1,2)),rewrite([868(15)])].
kept:      1156 ld(x,mult(rd(y,z),mult(mult(rd(z,y),x),u))) != u | ld(mult(rd(y,z),mult(ld(rd(y,z),x),u)),mult(x,u)) = e.  [para(868(a,1),61(a,1,2,2,1))].
kept:      1157 mult(rd(x,y),mult(z,mult(ld(z,rd(y,x)),u))) != u | ld(mult(z,mult(ld(z,rd(y,x)),u)),mult(rd(y,x),u)) = e.  [para(868(a,1),61(a,1))].
kept:      1158 rd(mult(x,rd(y,z)),mult(mult(rd(z,y),x),rd(y,z))) = rd(y,z).  [para(868(a,1),352(a,1,2,1))].
    new demodulator: 1158.
kept:      1159 rd(ld(rd(x,y),z),mult(ld(z,rd(y,x)),z)) = z.  [para(868(a,2),352(a,1,1))].
    new demodulator: 1159.
kept:      1160 ld(mult(x,rd(y,z)),mult(x,u)) != mult(rd(z,y),u) | ld(mult(x,u),mult(mult(x,rd(y,z)),ld(rd(y,z),u))) = e.  [para(868(a,1),62(a,2))].
kept:      1161 ld(ld(rd(x,y),z),mult(rd(y,x),u)) != ld(z,u) | ld(mult(rd(y,x),u),mult(mult(rd(y,x),z),ld(z,u))) = e.  [para(868(a,2),62(a,1,1))].
kept:      1162 ld(mult(rd(x,y),z),ld(rd(y,x),u)) != ld(z,u) | ld(mult(rd(x,y),u),mult(mult(rd(x,y),z),ld(z,u))) = e.  [para(868(a,2),62(a,1,2))].
kept:      1163 rd(ld(rd(x,y),z),rd(y,x)) = mult(rd(y,x),rd(z,rd(y,x))).  [para(868(a,2),516(a,1,1))].
    new demodulator: 1163.
kept:      1164 ld(mult(x,rd(y,x)),z) = mult(rd(x,mult(x,y)),z).  [para(516(a,1),868(a,1,1))].
kept:      1165 ld(rd(x,mult(x,y)),z) = mult(mult(x,rd(y,x)),z).  [para(516(a,1),868(a,2,1))].
kept:      1166 mult(mult(rd(x,y),rd(z,rd(y,x))),rd(y,x)) = ld(rd(y,x),z).  [para(868(a,1),612(a,1,1))].
    new demodulator: 1166.
kept:      1167 mult(rd(x,y),mult(rd(rd(y,x),z),mult(z,u))) != u | ld(mult(rd(rd(y,x),z),mult(z,u)),mult(rd(y,x),u)) = e.  [para(868(a,1),63(a,1))].
kept:      1168 ld(x,mult(rd(x,rd(y,z)),ld(rd(z,y),u))) != u | ld(mult(rd(x,rd(y,z)),mult(rd(y,z),u)),mult(x,u)) = e.  [para(868(a,2),63(a,1,2,2))].
kept:      1169 ld(x,ld(rd(y,x),mult(y,z))) != z | ld(mult(rd(x,y),mult(y,z)),mult(x,z)) = e.  [para(868(a,2),63(a,1,2))].
    starting back demodulation with 1128.
    1131 back subsumes 1130.
    starting back demodulation with 1137.
    starting back demodulation with 1138.
    starting back demodulation with 1139.
    starting back demodulation with 1143.
    starting back demodulation with 1145.
    starting back demodulation with 1152.
    starting back demodulation with 1158.
    starting back demodulation with 1159.
    starting back demodulation with 1163.
    starting back demodulation with 1166.

given #79 (T,wt=11): 954 mult(mult(x,y),y) = mult(x,mult(y,y)).  [para(519(a,1),280(a,1,2,1)),rewrite([161(6),165(5),391(4)])].
kept:      1170 ld(mult(x,y),mult(x,mult(y,y))) = y.  [para(954(a,1),9(a,1,2))].
    new demodulator: 1170.
kept:      1171 mult(x,mult(ld(x,y),ld(x,y))) = mult(y,ld(x,y)).  [para(10(a,1),954(a,1,1)),flip(a)].
    new demodulator: 1171.
kept:      1172 rd(mult(x,mult(y,y)),y) = mult(x,y).  [para(954(a,1),11(a,1,1))].
    new demodulator: 1172.
kept:      1173 mult(rd(x,y),mult(y,y)) = mult(x,y).  [para(12(a,1),954(a,1,1)),flip(a)].
    new demodulator: 1173.
kept:      1174 ld(mult(x,mult(y,mult(z,z))),mult(mult(x,mult(y,z)),z)) != e | ld(mult(x,mult(y,z)),mult(x,mult(y,mult(z,z)))) = z.  [para(954(a,1),24(a,1,1,2)),rewrite([954(13)])].
kept:      1175 ld(mult(x,mult(mult(y,z),mult(y,z))),mult(mult(mult(x,mult(y,z)),y),z)) != e | ld(mult(mult(x,mult(y,z)),y),mult(x,mult(mult(y,z),mult(y,z)))) = z.  [para(954(a,1),24(a,1,1)),rewrite([954(18)])].
kept:      1176 ld(mult(mult(x,y),mult(y,z)),mult(mult(x,mult(y,y)),z)) != e | ld(mult(x,mult(y,y)),mult(mult(x,y),mult(y,z))) = z.  [para(954(a,1),24(a,1,2,1)),rewrite([954(11)])].
kept:      1177 ld(mult(x,mult(y,y)),mult(mult(x,y),mult(y,z))) != z | ld(mult(mult(x,y),mult(y,z)),mult(mult(x,mult(y,y)),z)) = e.  [para(954(a,1),26(a,1,1)),rewrite([954(12)])].
kept:      1178 ld(mult(x,mult(y,z)),mult(x,mult(y,mult(z,z)))) != z | ld(mult(x,mult(y,mult(z,z))),mult(mult(x,mult(y,z)),z)) = e.  [para(954(a,1),26(a,1,2,2)),rewrite([954(9)])].
kept:      1179 ld(mult(mult(x,mult(y,z)),y),mult(x,mult(mult(y,z),mult(y,z)))) != z | ld(mult(x,mult(mult(y,z),mult(y,z))),mult(mult(mult(x,mult(y,z)),y),z)) = e.  [para(954(a,1),26(a,1,2)),rewrite([954(13)])].
kept:      1180 mult(mult(mult(x,y),mult(x,mult(y,y))),z) = mult(mult(x,y),mult(mult(x,y),mult(y,z))).  [para(954(a,1),46(a,1,1,2))].
    new demodulator: 1180.
kept:      1181 mult(x,mult(mult(x,y),mult(x,y))) = mult(x,mult(x,mult(y,mult(x,y)))).  [para(954(a,1),46(a,1))].
    new demodulator: 1181.
kept:      1182 mult(mult(x,mult(y,y)),mult(x,y)) = mult(mult(x,y),mult(y,mult(x,y))).  [para(954(a,1),162(a,1,1))].
    new demodulator: 1182.
kept:      1183 ld(mult(x,mult(y,y)),mult(mult(mult(x,y),z),ld(z,y))) != e | ld(mult(mult(x,y),z),mult(x,mult(y,y))) = ld(z,y).  [para(954(a,1),55(a,1,1)),rewrite([954(13)])].
kept:      1184 ld(mult(mult(x,y),z),mult(mult(x,mult(y,y)),ld(y,z))) != e | ld(mult(x,mult(y,y)),mult(mult(x,y),z)) = ld(y,z).  [para(954(a,1),55(a,1,2,1)),rewrite([954(11)])].
kept:      1185 rd(mult(mult(x,y),mult(x,mult(y,y))),y) = mult(mult(x,y),mult(x,y)).  [para(954(a,1),253(a,1,1,2))].
    new demodulator: 1185.
kept:      1186 ld(mult(x,mult(y,y)),mult(mult(x,y),mult(y,mult(x,y)))) = mult(x,y).  [para(954(a,1),279(a,1,1))].
    new demodulator: 1186.
kept:      1187 mult(x,mult(mult(ld(x,y),x),mult(ld(x,y),x))) = mult(mult(y,x),mult(ld(x,y),x)).  [para(280(a,1),954(a,1,1)),flip(a)].
    new demodulator: 1187.
kept:      1188 ld(mult(x,mult(ld(x,mult(y,z)),z)),mult(y,mult(z,z))) != e | ld(mult(y,z),mult(x,mult(ld(x,mult(y,z)),z))) = z.  [para(954(a,1),56(a,1,2))].
kept:      1189 rd(mult(x,mult(y,y)),ld(mult(x,y),y)) = mult(mult(x,y),mult(x,y)).  [para(954(a,1),338(a,1,1))].
    new demodulator: 1189.
kept:      1190 ld(mult(mult(x,y),mult(y,ld(mult(x,mult(y,y)),z))),z) != e | ld(mult(x,mult(y,y)),mult(mult(x,y),mult(y,ld(mult(x,mult(y,y)),z)))) = ld(mult(x,mult(y,y)),z).  [para(954(a,1),57(a,1,1,2,2,1)),rewrite([954(11),954(14),954(20)])].
kept:      1191 ld(mult(x,mult(y,y)),mult(mult(mult(x,y),rd(y,z)),z)) != e | ld(mult(mult(x,y),rd(y,z)),mult(x,mult(y,y))) = z.  [para(954(a,1),58(a,1,1)),rewrite([954(14)])].
kept:      1192 ld(mult(mult(x,rd(y,z)),y),mult(mult(x,mult(rd(y,z),rd(y,z))),z)) != e | ld(mult(x,mult(rd(y,z),rd(y,z))),mult(mult(x,rd(y,z)),y)) = z.  [para(954(a,1),58(a,1,2,1)),rewrite([954(15)])].
kept:      1193 ld(x,mult(y,mult(x,x))) = mult(ld(x,y),mult(x,x)).  [para(954(a,1),351(a,1,2)),rewrite([351(5),954(6)])].
    new demodulator: 1193.
kept:      1194 ld(x,mult(mult(rd(x,mult(y,mult(z,z))),mult(y,z)),z)) != e | ld(mult(rd(x,mult(y,mult(z,z))),mult(y,z)),x) = z.  [para(954(a,1),59(a,1,2,1,1,2)),rewrite([954(11)])].
kept:      1195 ld(mult(rd(x,mult(y,y)),y),x) = y.  [para(954(a,1),59(a,1,2)),rewrite([12(4),50(1)]),xx(a)].
    new demodulator: 1195.
kept:      1196 mult(ld(mult(x,y),e),mult(x,mult(y,y))) = y.  [para(954(a,1),640(a,1,2))].
    new demodulator: 1196.
kept:      1197 mult(ld(x,e),mult(mult(x,y),mult(x,y))) = mult(y,mult(x,y)).  [para(640(a,1),954(a,1,1)),flip(a)].
    new demodulator: 1197.
kept:      1198 ld(mult(rd(x,mult(y,z)),mult(y,mult(z,z))),mult(x,z)) != e | ld(x,mult(rd(x,mult(y,z)),mult(y,mult(z,z)))) = z.  [para(954(a,1),60(a,1,1,2)),rewrite([954(13)])].
kept:      1199 ld(mult(rd(mult(x,y),z),mult(z,y)),mult(x,mult(y,y))) != e | ld(mult(x,y),mult(rd(mult(x,y),z),mult(z,y))) = y.  [para(954(a,1),60(a,1,2))].
kept:      1200 mult(ld(x,e),mult(y,y)) = mult(ld(x,y),y).  [para(663(a,2),954(a,1,1)),flip(a)].
kept:      1201 rd(x,mult(y,mult(x,x))) = ld(mult(y,x),e).  [para(954(a,1),664(a,1,2))].
    new demodulator: 1201.
kept:      1202 mult(ld(rd(x,y),e),mult(x,x)) = mult(y,x).  [para(665(a,1),954(a,1,1)),flip(a)].
    new demodulator: 1202.
kept:      1203 mult(ld(x,e),mult(mult(x,y),mult(ld(x,e),y))) = mult(y,mult(ld(x,e),y)).  [para(676(a,1),954(a,1,1)),rewrite([674(11),676(16)]),flip(a)].
    new demodulator: 1203.
kept:      1204 ld(mult(x,mult(y,y)),mult(mult(x,y),z)) != ld(y,z) | ld(mult(mult(x,y),z),mult(mult(x,mult(y,y)),ld(y,z))) = e.  [para(954(a,1),62(a,1,1)),rewrite([954(11)])].
kept:      1205 ld(mult(mult(x,y),z),mult(x,mult(y,y))) != ld(z,y) | ld(mult(x,mult(y,y)),mult(mult(mult(x,y),z),ld(z,y))) = e.  [para(954(a,1),62(a,1,2)),rewrite([954(9)])].
kept:      1206 rd(mult(x,mult(y,y)),mult(x,y)) = mult(x,mult(y,ld(x,e))).  [para(954(a,1),516(a,1,1)),rewrite([664(7),702(8)])].
    new demodulator: 1206.
kept:      1207 mult(ld(x,rd(y,x)),mult(x,x)) = mult(ld(x,y),x).  [para(612(a,1),954(a,1,1)),flip(a)].
    new demodulator: 1207.
kept:      1208 mult(rd(x,y),mult(mult(rd(y,x),z),mult(rd(y,x),z))) = mult(z,mult(rd(y,x),z)).  [para(867(a,1),954(a,1,1)),flip(a)].
    new demodulator: 1208.
kept:      1209 ld(x,mult(rd(x,mult(y,z)),mult(y,mult(z,z)))) != z | ld(mult(rd(x,mult(y,z)),mult(y,mult(z,z))),mult(x,z)) = e.  [para(954(a,1),63(a,1,2,2)),rewrite([954(11)])].
kept:      1210 mult(rd(x,y),mult(z,z)) = mult(ld(rd(y,x),z),z).  [para(868(a,2),954(a,1,1)),flip(a)].
kept:      1211 mult(mult(x,mult(y,y)),y) = mult(mult(x,y),mult(y,y)).  [para(954(a,1),954(a,1,1))].
    new demodulator: 1211.
    starting back demodulation with 1170.
    starting back demodulation with 1171.
    starting back demodulation with 1172.
    starting back demodulation with 1173.
    starting back demodulation with 1180.
    starting back demodulation with 1181.
    starting back demodulation with 1182.
    starting back demodulation with 1185.
    starting back demodulation with 1186.
    starting back demodulation with 1187.
    starting back demodulation with 1189.
    starting back demodulation with 1193.
    starting back demodulation with 1195.
    starting back demodulation with 1196.
    starting back demodulation with 1197.
    starting back demodulation with 1201.
    starting back demodulation with 1202.
    starting back demodulation with 1203.
    starting back demodulation with 1206.
    starting back demodulation with 1207.
    starting back demodulation with 1208.
    starting back demodulation with 1211.

given #80 (T,wt=11): 1041 ld(ld(x,rd(y,x)),ld(x,y)) = x.  [para(612(a,1),9(a,1,2))].
kept:      1212 ld(ld(ld(x,y),x),ld(ld(x,y),y)) = ld(x,y).  [para(53(a,1),1041(a,1,1,2))].
    new demodulator: 1212.
kept:      1213 ld(ld(rd(x,y),rd(x,rd(x,y))),y) = rd(x,y).  [para(54(a,1),1041(a,1,2))].
    new demodulator: 1213.
kept:      1214 ld(ld(ld(x,y),mult(x,x)),ld(ld(x,y),mult(x,y))) = ld(x,y).  [para(338(a,1),1041(a,1,1,2))].
    new demodulator: 1214.
kept:      1215 ld(mult(x,mult(x,x)),mult(x,x)) = ld(x,e).  [para(534(a,1),1041(a,1,1,2)),rewrite([662(4),662(5)])].
    new demodulator: 1215.
kept:      1216 ld(ld(mult(x,rd(y,x)),rd(mult(x,y),mult(x,rd(y,x)))),x) = mult(x,rd(y,x)).  [para(343(a,1),1041(a,1,2))].
    new demodulator: 1216.
kept:      1217 ld(mult(x,rd(y,ld(x,e))),mult(x,y)) = ld(x,e).  [para(662(a,1),1041(a,1,1)),rewrite([662(7)])].
    new demodulator: 1217.
kept:      1218 ld(mult(ld(x,e),rd(y,x)),ld(x,y)) = x.  [para(663(a,1),1041(a,1,1))].
    new demodulator: 1218.
kept:      1219 ld(ld(x,rd(y,x)),mult(ld(x,e),y)) = x.  [para(663(a,1),1041(a,1,2))].
    new demodulator: 1219.
kept:      1220 ld(ld(mult(x,y),ld(x,e)),ld(mult(x,y),y)) = mult(x,y).  [para(664(a,1),1041(a,1,1,2))].
    new demodulator: 1220.
kept:      1221 ld(ld(x,ld(y,e)),ld(x,ld(y,x))) = x.  [para(719(a,1),1041(a,1,1,2))].
    new demodulator: 1221.
kept:      1222 ld(ld(x,ld(rd(x,y),e)),ld(x,y)) = x.  [para(796(a,1),1041(a,1,1,2))].
    new demodulator: 1222.
kept:      1223 rd(mult(ld(x,y),ld(x,rd(y,x))),rd(y,x)) = ld(x,rd(y,x)).  [para(1041(a,1),352(a,1,2,1)),rewrite([10(7)])].
    new demodulator: 1223.
kept:      1224 ld(mult(rd(x,y),rd(z,rd(y,x))),ld(rd(y,x),z)) = rd(y,x).  [para(868(a,1),1041(a,1,1))].
    new demodulator: 1224.
kept:      1225 ld(ld(rd(x,y),rd(z,rd(x,y))),mult(rd(y,x),z)) = rd(x,y).  [para(868(a,1),1041(a,1,2))].
    new demodulator: 1225.
    starting back demodulation with 1212.
    starting back demodulation with 1213.
    starting back demodulation with 1214.
    starting back demodulation with 1215.
    starting back demodulation with 1216.
    starting back demodulation with 1217.
    starting back demodulation with 1218.
    starting back demodulation with 1219.
    starting back demodulation with 1220.
    starting back demodulation with 1221.
    starting back demodulation with 1222.
    starting back demodulation with 1223.
    starting back demodulation with 1224.
    starting back demodulation with 1225.

given #81 (T,wt=11): 1042 rd(ld(x,y),x) = ld(x,rd(y,x)).  [para(612(a,1),11(a,1,1))].
kept:      1226 rd(x,rd(y,x)) = ld(rd(y,x),rd(y,rd(y,x))).  [para(54(a,1),1042(a,1,1))].
kept:      1227 rd(mult(x,x),ld(x,e)) = mult(x,mult(x,x)).  [para(534(a,1),1042(a,2,2)),rewrite([662(3),662(8)])].
    new demodulator: 1227.
kept:      1228 ld(mult(x,rd(y,x)),rd(mult(x,y),mult(x,rd(y,x)))) = rd(x,mult(x,rd(y,x))).  [para(343(a,1),1042(a,1,1)),flip(a)].
    new demodulator: 1228.
kept:      1229 rd(mult(x,y),ld(x,e)) = mult(x,rd(y,ld(x,e))).  [para(662(a,1),1042(a,1,1)),rewrite([662(10)])].
    new demodulator: 1229.
kept:      1230 rd(mult(ld(x,e),y),x) = ld(x,rd(y,x)).  [para(663(a,1),1042(a,1,1))].
    new demodulator: 1230.
kept:      1231 ld(rd(x,ld(x,y)),e) = ld(x,rd(y,x)).  [para(1042(a,1),796(a,1)),flip(a)].
kept:      1232 ld(x,rd(y,x)) = ld(x,ld(rd(x,y),e)).  [para(796(a,1),1042(a,2,2)),rewrite([1042(2)])].
kept:      1233 mult(ld(x,rd(y,x)),rd(x,ld(x,y))) = e.  [para(1042(a,1),857(a,1,1))].
    new demodulator: 1233.
kept:      1234 mult(rd(x,ld(x,y)),ld(x,rd(y,x))) = e.  [para(1042(a,1),857(a,1,2))].
    new demodulator: 1234.
kept:      1235 mult(ld(x,rd(y,x)),mult(rd(x,ld(x,y)),z)) = z.  [para(1042(a,1),867(a,1,1))].
    new demodulator: 1235.
kept:      1236 mult(rd(x,ld(x,y)),mult(ld(x,rd(y,x)),z)) = z.  [para(1042(a,1),867(a,1,2,1))].
    new demodulator: 1236.
kept:      1237 ld(ld(x,rd(y,x)),z) = mult(rd(x,ld(x,y)),z).  [para(1042(a,1),868(a,1,1))].
kept:      1238 ld(rd(x,ld(x,y)),z) = mult(ld(x,rd(y,x)),z).  [para(1042(a,1),868(a,2,1))].
kept:      1239 rd(mult(rd(x,y),z),rd(y,x)) = ld(rd(y,x),rd(z,rd(y,x))).  [para(868(a,1),1042(a,1,1))].
    new demodulator: 1239.
    starting back demodulation with 1227.
    starting back demodulation with 1228.
        1228 back demodulating 1216.
    starting back demodulation with 1229.
        1229 back demodulating 1227.
        1229 back demodulating 941.
    starting back demodulation with 1230.
        1230 back demodulating 944.
    starting back demodulation with 1233.
    starting back demodulation with 1234.
    starting back demodulation with 1235.
    starting back demodulation with 1236.
    starting back demodulation with 1239.
        1239 back demodulating 1093.

given #82 (A,wt=24): 64 ld(mult(x,rd(y,z)),mult(x,y)) != z | ld(mult(x,y),mult(mult(x,rd(y,z)),z)) = e.  [para(12(a,1),26(a,1,2,2)),rewrite([12(7)])].
kept:      1240 ld(mult(x,rd(ld(x,y),z)),y) != z | ld(y,mult(mult(x,rd(ld(x,y),z)),z)) = e.  [para(10(a,1),64(a,1,2)),rewrite([10(7)])].
kept:      1241 ld(mult(rd(x,y),rd(y,z)),x) != z | ld(x,mult(mult(rd(x,y),rd(y,z)),z)) = e.  [para(12(a,1),64(a,1,2)),rewrite([12(7)])].
kept:      1242 ld(mult(rd(x,y),mult(z,rd(x,y))),mult(mult(rd(x,y),z),x)) != y | ld(mult(mult(rd(x,y),z),x),mult(rd(x,y),mult(z,x))) = e.  [para(162(a,1),64(a,1,1)),rewrite([162(16),209(17),12(15)])].
kept:      1243 ld(mult(mult(x,y),rd(x,z)),mult(x,mult(y,x))) != z | ld(mult(x,mult(y,x)),mult(mult(mult(x,y),rd(x,z)),z)) = e.  [para(162(a,1),64(a,1,2)),rewrite([162(9)])].
kept:      1244 ld(mult(x,rd(mult(ld(x,y),x),z)),mult(y,x)) != z | ld(mult(y,x),mult(mult(x,rd(mult(ld(x,y),x),z)),z)) = e.  [para(280(a,1),64(a,1,2)),rewrite([280(10)])].
kept:      1245 ld(mult(x,mult(y,y)),mult(x,mult(y,z))) != ld(y,z) | ld(mult(x,mult(y,z)),mult(mult(x,mult(y,y)),ld(y,z))) = e.  [para(338(a,1),64(a,1,1,2)),rewrite([338(12)])].
kept:      1246 ld(mult(x,mult(y,y)),mult(x,y)) != ld(y,e) | ld(mult(x,y),mult(mult(x,mult(y,y)),ld(y,e))) = e.  [para(534(a,1),64(a,1,1,2)),rewrite([534(11)])].
kept:      1247 ld(mult(ld(x,e),rd(x,y)),e) != y | mult(ld(x,e),mult(ld(x,e),mult(rd(x,y),mult(y,x)))) = e.  [para(575(a,1),64(a,1,2)),rewrite([575(10),674(13),168(15),12(15),49(18)])].
kept:      1248 ld(mult(ld(x,e),rd(mult(x,y),z)),y) != z | ld(y,mult(ld(x,e),mult(ld(x,e),mult(mult(x,rd(mult(x,y),z)),z)))) = e.  [para(640(a,1),64(a,1,2)),rewrite([640(11),674(13)])].
kept:      1249 mult(ld(mult(x,rd(y,z)),e),mult(x,y)) != z | ld(mult(x,y),mult(mult(x,rd(y,z)),z)) = e.  [para(663(a,1),64(a,1))].
kept:      1250 ld(ld(x,rd(y,z)),mult(ld(x,e),y)) != z | ld(mult(ld(x,e),y),mult(ld(x,e),mult(ld(x,e),mult(mult(x,rd(y,z)),z)))) = e.  [para(663(a,2),64(a,1,1)),rewrite([674(15)])].
kept:      1251 ld(mult(ld(x,e),rd(y,z)),ld(x,y)) != z | ld(mult(ld(x,e),y),mult(ld(x,e),mult(ld(x,e),mult(mult(x,rd(y,z)),z)))) = e.  [para(663(a,2),64(a,1,2)),rewrite([674(15)])].
kept:      1252 ld(x,mult(ld(rd(rd(y,z),x),e),y)) != z | ld(mult(ld(rd(rd(y,z),x),e),y),mult(x,z)) = e.  [para(665(a,1),64(a,1,1)),rewrite([665(18)])].
kept:      1253 ld(mult(ld(rd(x,y),e),rd(x,z)),y) != z | ld(y,mult(ld(rd(x,y),e),mult(ld(rd(x,y),e),mult(mult(rd(x,y),rd(x,z)),z)))) = e.  [para(665(a,1),64(a,1,2)),rewrite([665(11),674(13)])].
kept:      1254 ld(mult(x,rd(mult(ld(x,e),y),z)),y) != z | ld(y,mult(mult(x,rd(mult(ld(x,e),y),z)),z)) = e.  [para(676(a,1),64(a,1,2)),rewrite([676(11)])].
kept:      1255 ld(mult(x,ld(y,e)),mult(x,ld(y,z))) != z | ld(mult(x,ld(y,z)),mult(mult(x,ld(y,e)),z)) = e.  [para(719(a,1),64(a,1,1,2)),rewrite([719(11)])].
kept:      1256 ld(mult(x,ld(rd(y,z),e)),mult(x,z)) != y | ld(mult(x,z),mult(mult(x,rd(z,y)),y)) = e.  [para(796(a,1),64(a,1,1,2))].
kept:      1257 ld(mult(rd(x,y),rd(rd(y,x),z)),e) != z | mult(mult(rd(x,y),rd(rd(y,x),z)),z) = e.  [para(857(a,1),64(a,1,2)),rewrite([857(10),49(14)])].
kept:      1258 ld(ld(rd(x,y),z),mult(ld(rd(x,y),rd(z,rd(x,y))),x)) != y | ld(mult(ld(rd(x,y),rd(z,rd(x,y))),x),mult(ld(rd(x,y),z),y)) = e.  [para(612(a,1),64(a,1,1)),rewrite([612(20)])].
kept:      1259 ld(mult(ld(x,rd(y,x)),rd(x,z)),ld(x,y)) != z | ld(ld(x,y),mult(mult(ld(x,rd(y,x)),rd(x,z)),z)) = e.  [para(612(a,1),64(a,1,2)),rewrite([612(10)])].
kept:      1260 ld(mult(rd(x,y),rd(mult(rd(y,x),z),u)),z) != u | ld(z,mult(mult(rd(x,y),rd(mult(rd(y,x),z),u)),u)) = e.  [para(867(a,1),64(a,1,2)),rewrite([867(11)])].
kept:      1261 ld(ld(rd(x,y),rd(z,u)),mult(rd(y,x),z)) != u | ld(mult(rd(y,x),z),mult(mult(rd(y,x),rd(z,u)),u)) = e.  [para(868(a,2),64(a,1,1))].
kept:      1262 ld(mult(rd(x,y),rd(z,u)),ld(rd(y,x),z)) != u | ld(mult(rd(x,y),z),mult(mult(rd(x,y),rd(z,u)),u)) = e.  [para(868(a,2),64(a,1,2))].
kept:      1263 ld(mult(x,mult(rd(y,z),rd(y,z))),mult(mult(x,rd(y,z)),y)) != z | ld(mult(mult(x,rd(y,z)),y),mult(mult(x,mult(rd(y,z),rd(y,z))),z)) = e.  [para(954(a,1),64(a,1,1)),rewrite([954(16)])].
kept:      1264 ld(mult(mult(x,y),rd(y,z)),mult(x,mult(y,y))) != z | ld(mult(x,mult(y,y)),mult(mult(mult(x,y),rd(y,z)),z)) = e.  [para(954(a,1),64(a,1,2)),rewrite([954(9)])].

given #83 (T,wt=11): 1170 ld(mult(x,y),mult(x,mult(y,y))) = y.  [para(954(a,1),9(a,1,2))].
kept:      1265 ld(mult(x,mult(y,mult(y,z))),mult(x,mult(y,mult(y,mult(z,mult(y,mult(y,z))))))) = mult(y,mult(y,z)).  [para(46(a,1),1170(a,1,2,2))].
    new demodulator: 1265.
kept:      1266 ld(mult(x,mult(y,y)),mult(x,mult(y,mult(y,mult(y,y))))) = mult(y,y).  [para(161(a,1),1170(a,1,2,2))].
    new demodulator: 1266.
kept:      1267 ld(ld(x,y),mult(ld(x,e),mult(y,y))) = y.  [para(663(a,2),1170(a,1,1))].
    new demodulator: 1267.
kept:      1268 ld(mult(ld(rd(mult(x,x),y),e),x),y) = x.  [para(665(a,1),1170(a,1,2))].
    new demodulator: 1268.
kept:      1269 mult(ld(mult(x,y),mult(x,mult(y,ld(x,e)))),mult(x,y)) = y.  [para(1170(a,1),612(a,2)),rewrite([1206(5)])].
    new demodulator: 1269.
kept:      1270 ld(ld(rd(x,y),z),mult(rd(y,x),mult(z,z))) = z.  [para(868(a,2),1170(a,1,1))].
    new demodulator: 1270.
kept:      1271 ld(mult(rd(x,y),z),ld(rd(y,x),mult(z,z))) = z.  [para(868(a,2),1170(a,1,2))].
    new demodulator: 1271.
kept:      1272 ld(mult(x,mult(y,y)),mult(mult(x,y),mult(y,y))) = y.  [para(954(a,1),1170(a,1,1))].
    new demodulator: 1272.
kept:      1273 ld(mult(mult(x,y),mult(y,y)),mult(x,mult(y,mult(y,mult(y,y))))) = y.  [para(954(a,1),1170(a,1,2)),rewrite([1211(3),161(6)])].
    new demodulator: 1273.
kept:      1274 ld(ld(mult(x,y),mult(x,mult(y,ld(x,e)))),y) = mult(x,y).  [para(1170(a,1),1041(a,1,2)),rewrite([1206(5)])].
    new demodulator: 1274.
kept:      1275 ld(mult(x,y),mult(x,mult(y,ld(x,e)))) = ld(x,e).  [para(1170(a,1),1042(a,1,1)),rewrite([664(2),1206(7)]),flip(a)].
    new demodulator: 1275.
    starting back demodulation with 1265.
    starting back demodulation with 1266.
    starting back demodulation with 1267.
    starting back demodulation with 1268.
    starting back demodulation with 1269.
    starting back demodulation with 1270.
    starting back demodulation with 1271.
    starting back demodulation with 1272.
    starting back demodulation with 1273.
    starting back demodulation with 1274.
    starting back demodulation with 1275.
        1275 back demodulating 1274.
        1275 back demodulating 1269.

given #84 (T,wt=11): 1172 rd(mult(x,mult(y,y)),y) = mult(x,y).  [para(954(a,1),11(a,1,1))].
kept:      1276 mult(rd(x,mult(y,y)),y) = rd(x,y).  [para(12(a,1),1172(a,1,1)),flip(a)].
    new demodulator: 1276.
kept:      1277 rd(mult(x,mult(y,mult(y,mult(z,mult(y,mult(y,z)))))),mult(y,mult(y,z))) = mult(x,mult(y,mult(y,z))).  [para(46(a,1),1172(a,1,1,2))].
    new demodulator: 1277.
kept:      1278 rd(mult(x,mult(x,mult(y,mult(z,z)))),z) = mult(x,mult(x,mult(y,z))).  [para(46(a,1),1172(a,1,1)),rewrite([46(8)])].
    new demodulator: 1278.
kept:      1279 rd(mult(x,mult(y,mult(y,mult(y,y)))),mult(y,y)) = mult(x,mult(y,y)).  [para(161(a,1),1172(a,1,1,2))].
    new demodulator: 1279.
kept:      1280 rd(ld(x,mult(y,y)),y) = mult(ld(x,e),y).  [para(663(a,2),1172(a,1,1))].
    new demodulator: 1280.
kept:      1281 rd(x,y) = mult(ld(rd(mult(y,y),x),e),y).  [para(665(a,1),1172(a,1,1))].
kept:      1282 rd(mult(x,mult(y,mult(y,mult(y,y)))),y) = mult(mult(x,y),mult(y,y)).  [para(954(a,1),1172(a,1,1)),rewrite([161(3),1211(8)])].
    new demodulator: 1282.
    starting back demodulation with 1276.
        1276 back demodulating 1195.
    starting back demodulation with 1277.
    starting back demodulation with 1278.
    starting back demodulation with 1279.
    starting back demodulation with 1280.
    starting back demodulation with 1282.

given #85 (T,wt=11): 1173 mult(rd(x,y),mult(y,y)) = mult(x,y).  [para(12(a,1),954(a,1,1)),flip(a)].
kept:      1283 ld(rd(x,y),mult(x,y)) = mult(y,y).  [para(1173(a,1),9(a,1,2))].
    new demodulator: 1283.
kept:      1284 rd(mult(x,y),mult(y,y)) = rd(x,y).  [para(1173(a,1),11(a,1,1))].
    new demodulator: 1284.
kept:      1285 ld(mult(x,mult(y,z)),mult(mult(x,rd(y,z)),mult(z,z))) != e | ld(mult(x,rd(y,z)),mult(x,mult(y,z))) = mult(z,z).  [para(1173(a,1),24(a,1,1,2)),rewrite([1173(14)])].
kept:      1286 ld(mult(rd(x,y),mult(y,mult(y,z))),mult(mult(x,y),z)) != e | ld(mult(x,y),mult(rd(x,y),mult(y,mult(y,z)))) = z.  [para(1173(a,1),24(a,1,2,1)),rewrite([161(3),1173(12),161(13)])].
kept:      1287 ld(mult(x,y),mult(rd(x,y),mult(y,mult(y,z)))) != z | ld(mult(rd(x,y),mult(y,mult(y,z))),mult(mult(x,y),z)) = e.  [para(1173(a,1),26(a,1,1)),rewrite([161(4),161(10),1173(14)])].
kept:      1288 ld(mult(x,rd(y,z)),mult(x,mult(y,z))) != mult(z,z) | ld(mult(x,mult(y,z)),mult(mult(x,rd(y,z)),mult(z,z))) = e.  [para(1173(a,1),26(a,1,2,2)),rewrite([1173(10)])].
kept:      1289 mult(mult(rd(x,y),mult(x,y)),z) = mult(rd(x,y),mult(rd(x,y),mult(y,mult(y,z)))).  [para(1173(a,1),46(a,1,1,2)),rewrite([161(8)])].
    new demodulator: 1289.
kept:      1290 mult(rd(x,mult(y,mult(y,z))),mult(y,mult(y,mult(z,mult(y,mult(y,z)))))) = mult(x,mult(y,mult(y,z))).  [para(46(a,1),1173(a,1,2))].
    new demodulator: 1290.
kept:      1291 mult(rd(x,mult(y,y)),mult(y,mult(y,mult(y,y)))) = mult(x,mult(y,y)).  [para(161(a,1),1173(a,1,2))].
    new demodulator: 1291.
kept:      1292 mult(rd(x,y),mult(y,mult(y,rd(x,y)))) = mult(mult(x,y),rd(x,y)).  [para(1173(a,1),162(a,1,1)),rewrite([161(7)]),flip(a)].
    new demodulator: 1292.
kept:      1293 ld(mult(x,y),mult(mult(rd(x,y),z),ld(z,mult(y,y)))) != e | ld(mult(rd(x,y),z),mult(x,y)) = ld(z,mult(y,y)).  [para(1173(a,1),55(a,1,1)),rewrite([1173(14)])].
kept:      1294 ld(mult(rd(x,y),z),mult(mult(x,y),mult(ld(y,e),mult(ld(y,e),z)))) != e | ld(mult(x,y),mult(rd(x,y),z)) = mult(ld(y,e),mult(ld(y,e),z)).  [para(1173(a,1),55(a,1,2,1)),rewrite([993(5),1173(16),993(19)])].
kept:      1295 rd(mult(rd(x,y),mult(x,y)),mult(y,y)) = mult(rd(x,y),rd(x,y)).  [para(1173(a,1),253(a,1,1,2))].
    new demodulator: 1295.
kept:      1296 ld(mult(x,mult(ld(x,rd(y,z)),mult(z,z))),mult(y,z)) != e | ld(rd(y,z),mult(x,mult(ld(x,rd(y,z)),mult(z,z)))) = mult(z,z).  [para(1173(a,1),56(a,1,2))].
kept:      1297 rd(mult(x,y),ld(rd(x,y),mult(y,y))) = mult(rd(x,y),rd(x,y)).  [para(1173(a,1),338(a,1,1))].
    new demodulator: 1297.
kept:      1298 mult(mult(x,y),ld(x,y)) = mult(x,mult(y,ld(x,y))).  [para(338(a,1),1173(a,1,1)),rewrite([161(5),1171(4)]),flip(a)].
    new demodulator: 1298.
kept:      1299 ld(mult(rd(x,y),mult(y,mult(y,ld(mult(x,y),z)))),z) != e | ld(mult(x,y),mult(rd(x,y),mult(y,mult(y,ld(mult(x,y),z))))) = ld(mult(x,y),z).  [para(1173(a,1),57(a,1,1,2,2,1)),rewrite([161(5),1173(12),1173(15),161(15),1173(20)])].
kept:      1300 ld(mult(rd(x,y),rd(mult(y,y),rd(x,y))),mult(x,y)) = rd(x,y).  [para(1173(a,1),343(a,1,2))].
    new demodulator: 1300.
kept:      1301 ld(mult(x,y),mult(mult(rd(x,y),rd(mult(y,y),z)),z)) != e | ld(mult(rd(x,y),rd(mult(y,y),z)),mult(x,y)) = z.  [para(1173(a,1),58(a,1,1)),rewrite([1173(16)])].
kept:      1302 ld(x,mult(mult(rd(x,mult(y,z)),rd(y,z)),mult(z,z))) != e | ld(mult(rd(x,mult(y,z)),rd(y,z)),x) = mult(z,z).  [para(1173(a,1),59(a,1,2,1,1,2)),rewrite([1173(12)])].
kept:      1303 mult(ld(rd(x,y),e),mult(x,y)) = mult(y,y).  [para(1173(a,1),640(a,1,2))].
    new demodulator: 1303.
kept:      1304 ld(mult(rd(x,rd(y,z)),mult(y,z)),mult(x,mult(z,z))) != e | ld(x,mult(rd(x,rd(y,z)),mult(y,z))) = mult(z,z).  [para(1173(a,1),60(a,1,1,2)),rewrite([1173(14)])].
kept:      1305 ld(mult(rd(rd(x,y),z),mult(z,mult(y,y))),mult(x,y)) != e | mult(rd(y,x),mult(rd(rd(x,y),z),mult(z,mult(y,y)))) = mult(y,y).  [para(1173(a,1),60(a,1,2)),rewrite([868(16)])].
kept:      1306 rd(mult(x,x),mult(y,x)) = ld(rd(y,x),e).  [para(1173(a,1),664(a,1,2))].
kept:      1307 mult(rd(x,mult(ld(x,e),y)),mult(ld(x,e),mult(y,mult(ld(x,e),y)))) = y.  [para(676(a,1),1173(a,2)),rewrite([674(11),1203(14)])].
    new demodulator: 1307.
kept:      1308 ld(mult(x,y),mult(rd(x,y),z)) != mult(ld(y,e),mult(ld(y,e),z)) | ld(mult(rd(x,y),z),mult(mult(x,y),mult(ld(y,e),mult(ld(y,e),z)))) = e.  [para(1173(a,1),62(a,1,1)),rewrite([993(6),1173(16),993(16)])].
kept:      1309 ld(mult(rd(x,y),z),mult(x,y)) != ld(z,mult(y,y)) | ld(mult(x,y),mult(mult(rd(x,y),z),ld(z,mult(y,y)))) = e.  [para(1173(a,1),62(a,1,2)),rewrite([1173(10)])].
kept:      1310 rd(mult(x,y),rd(x,y)) = mult(rd(x,y),rd(mult(y,y),rd(x,y))).  [para(1173(a,1),516(a,1,1))].
kept:      1311 mult(rd(x,y),mult(y,x)) = mult(x,x).  [para(1173(a,1),867(a,1,2))].
    new demodulator: 1311.
kept:      1312 ld(x,mult(rd(x,rd(y,z)),mult(y,z))) != mult(z,z) | ld(mult(rd(x,rd(y,z)),mult(y,z)),mult(x,mult(z,z))) = e.  [para(1173(a,1),63(a,1,2,2)),rewrite([1173(12)])].
kept:      1313 ld(rd(x,y),mult(x,x)) = mult(y,x).  [para(1173(a,1),868(a,2))].
    new demodulator: 1313.
kept:      1314 mult(rd(x,y),mult(y,mult(y,mult(y,y)))) = mult(mult(x,y),mult(y,y)).  [para(1173(a,1),954(a,1,1)),rewrite([161(7)]),flip(a)].
    new demodulator: 1314.
kept:      1315 ld(mult(rd(x,y),rd(mult(y,y),z)),mult(x,y)) != z | ld(mult(x,y),mult(mult(rd(x,y),rd(mult(y,y),z)),z)) = e.  [para(1173(a,1),64(a,1,2)),rewrite([1173(10)])].
    starting back demodulation with 1283.
    starting back demodulation with 1284.
    starting back demodulation with 1289.
    starting back demodulation with 1290.
    starting back demodulation with 1291.
    starting back demodulation with 1292.
        1292 back demodulating 558.
kept:      1316 mult(mult(x,y),mult(x,rd(y,x))) = mult(x,mult(mult(y,x),rd(y,x))).  [back_rewrite(558),rewrite([1292(5)]),flip(a)].
    starting back demodulation with 1295.
    starting back demodulation with 1297.
    starting back demodulation with 1298.
    starting back demodulation with 1300.
    starting back demodulation with 1303.
    starting back demodulation with 1307.
    starting back demodulation with 1311.
        1311 back demodulating 1247.
        1311 back demodulating 974.
kept:      1317 ld(mult(x,rd(x,y)),mult(x,x)) = y.  [back_rewrite(974),rewrite([1311(7),640(6),575(3)]),xx(a)].
    new demodulator: 1317.
        1311 back demodulating 696.
kept:      1318 ld(mult(ld(x,e),rd(x,y)),e) = y.  [back_rewrite(696),rewrite([1311(7),640(6),575(3)]),xx(a)].
    new demodulator: 1318.
    starting back demodulation with 1313.
    starting back demodulation with 1314.
    starting back demodulation with 1317.
    starting back demodulation with 1318.

given #86 (T,wt=11): 1276 mult(rd(x,mult(y,y)),y) = rd(x,y).  [para(12(a,1),1172(a,1,1)),flip(a)].
kept:      1319 ld(rd(x,mult(y,y)),rd(x,y)) = y.  [para(1276(a,1),9(a,1,2))].
    new demodulator: 1319.
kept:      1320 rd(rd(x,y),y) = rd(x,mult(y,y)).  [para(1276(a,1),11(a,1,1))].
    new demodulator: 1320.
kept:      1321 ld(mult(x,rd(y,z)),mult(mult(x,rd(y,mult(z,z))),z)) != e | ld(mult(x,rd(y,mult(z,z))),mult(x,rd(y,z))) = z.  [para(1276(a,1),24(a,1,1,2)),rewrite([1276(15)])].
kept:      1322 ld(rd(x,mult(y,z)),mult(mult(rd(x,mult(mult(y,z),mult(y,z))),y),z)) != e | ld(mult(rd(x,mult(mult(y,z),mult(y,z))),y),rd(x,mult(y,z))) = z.  [para(1276(a,1),24(a,1,1)),rewrite([1276(22)])].
kept:      1323 ld(mult(rd(x,mult(y,y)),mult(y,z)),mult(rd(x,y),z)) != e | ld(rd(x,y),mult(rd(x,mult(y,y)),mult(y,z))) = z.  [para(1276(a,1),24(a,1,2,1)),rewrite([1276(12)])].
kept:      1324 ld(rd(x,y),mult(rd(x,mult(y,y)),mult(y,z))) != z | ld(mult(rd(x,mult(y,y)),mult(y,z)),mult(rd(x,y),z)) = e.  [para(1276(a,1),26(a,1,1)),rewrite([1276(14)])].
kept:      1325 ld(mult(x,rd(y,mult(z,z))),mult(x,rd(y,z))) != z | ld(mult(x,rd(y,z)),mult(mult(x,rd(y,mult(z,z))),z)) = e.  [para(1276(a,1),26(a,1,2,2)),rewrite([1276(10)])].
kept:      1326 ld(mult(rd(x,mult(mult(y,z),mult(y,z))),y),rd(x,mult(y,z))) != z | ld(rd(x,mult(y,z)),mult(mult(rd(x,mult(mult(y,z),mult(y,z))),y),z)) = e.  [para(1276(a,1),26(a,1,2)),rewrite([1276(15)])].
kept:      1327 mult(mult(rd(x,mult(y,y)),rd(x,y)),z) = mult(rd(x,mult(y,y)),mult(rd(x,mult(y,y)),mult(y,z))).  [para(1276(a,1),46(a,1,1,2))].
    new demodulator: 1327.
kept:      1328 mult(rd(x,mult(y,mult(y,mult(z,mult(y,mult(y,z)))))),mult(y,mult(y,z))) = rd(x,mult(y,mult(y,z))).  [para(46(a,1),1276(a,1,1,2))].
    new demodulator: 1328.
kept:      1329 mult(rd(x,mult(y,mult(y,mult(y,y)))),mult(y,y)) = rd(x,mult(y,y)).  [para(161(a,1),1276(a,1,1,2))].
    new demodulator: 1329.
kept:      1330 mult(rd(x,mult(y,y)),mult(y,rd(x,mult(y,y)))) = mult(rd(x,y),rd(x,mult(y,y))).  [para(1276(a,1),162(a,1,1)),flip(a)].
    new demodulator: 1330.
kept:      1331 ld(rd(x,y),mult(mult(rd(x,mult(y,y)),z),ld(z,y))) != e | ld(mult(rd(x,mult(y,y)),z),rd(x,y)) = ld(z,y).  [para(1276(a,1),55(a,1,1)),rewrite([1276(15)])].
kept:      1332 ld(mult(rd(x,mult(y,y)),z),mult(rd(x,y),ld(y,z))) != e | ld(rd(x,y),mult(rd(x,mult(y,y)),z)) = ld(y,z).  [para(1276(a,1),55(a,1,2,1)),rewrite([1276(12)])].
kept:      1333 rd(mult(rd(x,mult(y,y)),rd(x,y)),y) = mult(rd(x,mult(y,y)),rd(x,mult(y,y))).  [para(1276(a,1),253(a,1,1,2))].
    new demodulator: 1333.
kept:      1334 ld(mult(x,rd(y,mult(x,x))),mult(x,rd(y,x))) = x.  [para(1276(a,1),279(a,1,2,2))].
    new demodulator: 1334.
kept:      1335 ld(mult(x,mult(ld(x,rd(y,mult(z,z))),z)),rd(y,z)) != e | ld(rd(y,mult(z,z)),mult(x,mult(ld(x,rd(y,mult(z,z))),z))) = z.  [para(1276(a,1),56(a,1,2))].
kept:      1336 rd(rd(x,y),ld(rd(x,mult(y,y)),y)) = mult(rd(x,mult(y,y)),rd(x,mult(y,y))).  [para(1276(a,1),338(a,1,1))].
    new demodulator: 1336.
kept:      1337 ld(mult(rd(x,mult(y,y)),mult(y,ld(rd(x,y),z))),z) != e | ld(rd(x,y),mult(rd(x,mult(y,y)),mult(y,ld(rd(x,y),z)))) = ld(rd(x,y),z).  [para(1276(a,1),57(a,1,1,2,2,1)),rewrite([1276(12),1276(15),1276(20)])].
kept:      1338 ld(mult(rd(x,mult(y,y)),rd(y,rd(x,mult(y,y)))),rd(x,y)) = rd(x,mult(y,y)).  [para(1276(a,1),343(a,1,2))].
    new demodulator: 1338.
kept:      1339 ld(rd(x,y),mult(mult(rd(x,mult(y,y)),rd(y,z)),z)) != e | ld(mult(rd(x,mult(y,y)),rd(y,z)),rd(x,y)) = z.  [para(1276(a,1),58(a,1,1)),rewrite([1276(16)])].
kept:      1340 ld(mult(rd(x,mult(rd(y,z),rd(y,z))),y),mult(rd(x,rd(y,z)),z)) != e | ld(rd(x,rd(y,z)),mult(rd(x,mult(rd(y,z),rd(y,z))),y)) = z.  [para(1276(a,1),58(a,1,2,1)),rewrite([1276(17)])].
kept:      1341 mult(ld(x,rd(y,mult(x,x))),x) = ld(x,rd(y,x)).  [para(1276(a,1),351(a,1,2)),flip(a)].
    new demodulator: 1341.
kept:      1342 ld(x,mult(mult(rd(x,rd(y,z)),rd(y,mult(z,z))),z)) != e | ld(mult(rd(x,rd(y,z)),rd(y,mult(z,z))),x) = z.  [para(1276(a,1),59(a,1,2,1,1,2)),rewrite([1276(12)])].
kept:      1343 mult(ld(rd(x,mult(y,y)),e),rd(x,y)) = y.  [para(1276(a,1),640(a,1,2))].
    new demodulator: 1343.
kept:      1344 ld(mult(rd(x,rd(y,mult(z,z))),rd(y,z)),mult(x,z)) != e | ld(x,mult(rd(x,rd(y,mult(z,z))),rd(y,z))) = z.  [para(1276(a,1),60(a,1,1,2)),rewrite([1276(15)])].
kept:      1345 ld(mult(rd(rd(x,mult(y,y)),z),mult(z,y)),rd(x,y)) != e | mult(rd(mult(y,y),x),mult(rd(rd(x,mult(y,y)),z),mult(z,y))) = y.  [para(1276(a,1),60(a,1,2)),rewrite([868(17)])].
kept:      1346 rd(x,rd(y,x)) = ld(rd(y,mult(x,x)),e).  [para(1276(a,1),664(a,1,2))].
kept:      1347 ld(rd(x,y),mult(rd(x,mult(y,y)),z)) != ld(y,z) | ld(mult(rd(x,mult(y,y)),z),mult(rd(x,y),ld(y,z))) = e.  [para(1276(a,1),62(a,1,1)),rewrite([1276(13)])].
kept:      1348 ld(mult(rd(x,mult(y,y)),z),rd(x,y)) != ld(z,y) | ld(rd(x,y),mult(mult(rd(x,mult(y,y)),z),ld(z,y))) = e.  [para(1276(a,1),62(a,1,2)),rewrite([1276(10)])].
kept:      1349 rd(rd(x,y),rd(x,mult(y,y))) = mult(rd(x,mult(y,y)),rd(y,rd(x,mult(y,y)))).  [para(1276(a,1),516(a,1,1))].
    new demodulator: 1349.
kept:      1350 mult(rd(mult(x,x),y),rd(y,x)) = x.  [para(1276(a,1),867(a,1,2))].
    new demodulator: 1350.
kept:      1351 ld(x,mult(rd(x,rd(y,mult(z,z))),rd(y,z))) != z | ld(mult(rd(x,rd(y,mult(z,z))),rd(y,z)),mult(x,z)) = e.  [para(1276(a,1),63(a,1,2,2)),rewrite([1276(13)])].
kept:      1352 rd(x,y) = ld(rd(mult(y,y),x),y).  [para(1276(a,1),868(a,2)),flip(a)].
kept:      1353 ld(rd(x,rd(y,z)),mult(rd(x,mult(rd(y,z),rd(y,z))),y)) != z | ld(mult(rd(x,mult(rd(y,z),rd(y,z))),y),mult(rd(x,rd(y,z)),z)) = e.  [para(1276(a,1),64(a,1,1)),rewrite([1276(20)])].
kept:      1354 ld(mult(rd(x,mult(y,y)),rd(y,z)),rd(x,y)) != z | ld(rd(x,y),mult(mult(rd(x,mult(y,y)),rd(y,z)),z)) = e.  [para(1276(a,1),64(a,1,2)),rewrite([1276(10)])].
kept:      1355 ld(mult(rd(x,mult(y,mult(y,mult(y,y)))),y),rd(x,mult(y,y))) = y.  [para(1276(a,1),1170(a,1,2)),rewrite([161(3)])].
    new demodulator: 1355.
kept:      1356 rd(rd(x,mult(y,y)),y) = mult(rd(x,mult(y,mult(y,mult(y,y)))),y).  [para(1276(a,1),1172(a,1,1)),rewrite([161(6)])].
    new demodulator: 1356.
kept:      1357 mult(mult(rd(x,mult(y,mult(y,mult(y,y)))),y),mult(y,y)) = rd(x,y).  [para(1276(a,1),1173(a,2)),rewrite([1356(3)])].
    new demodulator: 1357.
    starting back demodulation with 1319.
    starting back demodulation with 1320.
    starting back demodulation with 1327.
    starting back demodulation with 1328.
    starting back demodulation with 1329.
    starting back demodulation with 1330.
    starting back demodulation with 1333.
    starting back demodulation with 1334.
    starting back demodulation with 1336.
    starting back demodulation with 1338.
    starting back demodulation with 1341.
    starting back demodulation with 1343.
    starting back demodulation with 1349.
    starting back demodulation with 1350.
    starting back demodulation with 1355.
    starting back demodulation with 1356.
    starting back demodulation with 1357.

given #87 (A,wt=24): 65 ld(mult(rd(x,mult(y,z)),y),x) != z | ld(x,mult(mult(rd(x,mult(y,z)),y),z)) = e.  [para(12(a,1),26(a,1,2)),rewrite([12(9)])].
kept:      1358 ld(mult(rd(x,mult(y,mult(y,mult(z,u)))),mult(y,mult(y,z))),x) != u | ld(x,mult(mult(rd(x,mult(y,mult(y,mult(z,u)))),mult(y,mult(y,z))),u)) = e.  [para(46(a,1),65(a,1,1,1,2)),rewrite([46(12)])].
kept:      1359 ld(mult(rd(x,mult(y,mult(y,z))),mult(y,y)),x) != z | ld(x,mult(mult(rd(x,mult(y,mult(y,z))),mult(y,y)),z)) = e.  [para(161(a,1),65(a,1,1,1,2)),rewrite([161(9)])].
kept:      1360 ld(mult(rd(x,mult(y,mult(z,y))),mult(y,z)),x) != y | ld(x,mult(mult(rd(x,mult(y,mult(z,y))),mult(y,z)),y)) = e.  [para(162(a,1),65(a,1,1,1,2)),rewrite([162(9)])].
kept:      1361 ld(mult(rd(x,mult(y,z)),z),x) != mult(ld(z,y),z) | ld(x,mult(mult(rd(x,mult(y,z)),z),mult(ld(z,y),z))) = e.  [para(280(a,1),65(a,1,1,1,2)),rewrite([280(10)])].
kept:      1362 ld(mult(rd(x,y),ld(z,e)),x) != mult(z,y) | ld(x,mult(mult(rd(x,y),ld(z,e)),mult(z,y))) = e.  [para(640(a,1),65(a,1,1,1,2)),rewrite([640(11)])].
kept:      1363 mult(ld(mult(rd(x,mult(y,z)),y),e),x) != z | ld(x,mult(mult(rd(x,mult(y,z)),y),z)) = e.  [para(663(a,1),65(a,1))].
kept:      1364 ld(mult(rd(x,ld(y,z)),ld(y,e)),x) != z | ld(x,mult(mult(rd(x,mult(ld(y,e),z)),ld(y,e)),z)) = e.  [para(663(a,2),65(a,1,1,1,2))].
kept:      1365 ld(mult(rd(x,y),ld(rd(z,y),e)),x) != z | ld(x,mult(mult(rd(x,y),ld(rd(z,y),e)),z)) = e.  [para(665(a,1),65(a,1,1,1,2)),rewrite([665(11)])].
kept:      1366 ld(mult(rd(x,y),z),x) != mult(ld(z,e),y) | ld(x,mult(mult(rd(x,y),z),mult(ld(z,e),y))) = e.  [para(676(a,1),65(a,1,1,1,2)),rewrite([676(11)])].
kept:      1367 ld(mult(ld(rd(mult(x,y),z),e),x),z) != y | ld(z,mult(mult(rd(z,mult(x,y)),x),y)) = e.  [para(796(a,1),65(a,1,1,1))].
kept:      1368 ld(mult(mult(mult(x,y),rd(z,mult(x,y))),x),mult(mult(x,y),z)) != y | ld(mult(mult(x,y),z),mult(mult(mult(mult(x,y),rd(z,mult(x,y))),x),y)) = e.  [para(516(a,1),65(a,1,1,1)),rewrite([516(15)])].
kept:      1369 ld(mult(rd(x,ld(y,z)),ld(y,rd(z,y))),x) != y | ld(x,mult(mult(rd(x,ld(y,z)),ld(y,rd(z,y))),y)) = e.  [para(612(a,1),65(a,1,1,1,2)),rewrite([612(10)])].
kept:      1370 ld(mult(rd(x,y),rd(z,u)),x) != mult(rd(u,z),y) | ld(x,mult(mult(rd(x,y),rd(z,u)),mult(rd(u,z),y))) = e.  [para(867(a,1),65(a,1,1,1,2)),rewrite([867(11)])].
kept:      1371 ld(mult(rd(x,ld(rd(y,z),u)),rd(z,y)),x) != u | ld(x,mult(mult(rd(x,mult(rd(z,y),u)),rd(z,y)),u)) = e.  [para(868(a,2),65(a,1,1,1,2))].
kept:      1372 ld(ld(rd(mult(x,y),z),x),z) != y | ld(z,mult(mult(rd(z,mult(x,y)),x),y)) = e.  [para(868(a,2),65(a,1,1))].
kept:      1373 ld(mult(rd(x,mult(y,mult(z,z))),mult(y,z)),x) != z | ld(x,mult(mult(rd(x,mult(y,mult(z,z))),mult(y,z)),z)) = e.  [para(954(a,1),65(a,1,1,1,2)),rewrite([954(9)])].
kept:      1374 ld(mult(rd(x,mult(y,z)),rd(y,z)),x) != mult(z,z) | ld(x,mult(mult(rd(x,mult(y,z)),rd(y,z)),mult(z,z))) = e.  [para(1173(a,1),65(a,1,1,1,2)),rewrite([1173(10)])].
kept:      1375 ld(mult(rd(x,rd(y,z)),rd(y,mult(z,z))),x) != z | ld(x,mult(mult(rd(x,rd(y,z)),rd(y,mult(z,z))),z)) = e.  [para(1276(a,1),65(a,1,1,1,2)),rewrite([1276(10)])].

given #88 (T,wt=11): 1283 ld(rd(x,y),mult(x,y)) = mult(y,y).  [para(1173(a,1),9(a,1,2))].
kept:      1376 ld(rd(x,ld(x,y)),y) = mult(ld(x,y),ld(x,y)).  [para(10(a,1),1283(a,1,2))].
    new demodulator: 1376.
kept:      1377 ld(rd(mult(x,mult(x,y)),z),mult(x,mult(x,mult(y,z)))) = mult(z,z).  [para(46(a,1),1283(a,1,2))].
    new demodulator: 1377.
kept:      1378 ld(x,mult(y,ld(x,y))) = mult(ld(x,y),ld(x,y)).  [para(53(a,1),1283(a,1,1))].
    new demodulator: 1378.
kept:      1379 ld(rd(mult(x,x),y),mult(x,mult(x,y))) = mult(y,y).  [para(161(a,1),1283(a,1,2))].
    new demodulator: 1379.
kept:      1380 ld(mult(x,rd(y,x)),mult(x,mult(y,x))) = mult(x,x).  [para(162(a,1),1283(a,1,2)),rewrite([516(2)])].
    new demodulator: 1380.
kept:      1381 mult(mult(ld(x,y),x),mult(ld(x,y),x)) = mult(ld(x,y),mult(y,x)).  [para(280(a,1),1283(a,1,2)),rewrite([664(3),662(5)]),flip(a)].
    new demodulator: 1381.
kept:      1382 mult(ld(x,e),mult(y,ld(x,y))) = mult(ld(x,y),ld(x,y)).  [para(338(a,1),1283(a,1,1)),rewrite([1298(4),993(5),640(8)])].
kept:      1383 ld(rd(ld(x,e),mult(x,y)),y) = mult(mult(x,y),mult(x,y)).  [para(640(a,1),1283(a,1,2))].
    new demodulator: 1383.
kept:      1384 ld(rd(ld(x,e),y),ld(x,y)) = mult(y,y).  [para(663(a,2),1283(a,1,2))].
    new demodulator: 1384.
kept:      1385 mult(mult(x,y),mult(x,y)) = mult(x,mult(y,mult(x,y))).  [para(664(a,1),1283(a,1,1)),rewrite([662(5)]),flip(a)].
    new demodulator: 1385.
kept:      1386 mult(rd(x,ld(rd(x,y),e)),y) = mult(x,x).  [para(665(a,1),1283(a,1,2)),rewrite([868(5)])].
    new demodulator: 1386.
kept:      1387 ld(rd(x,mult(ld(x,e),y)),y) = mult(ld(x,e),mult(y,mult(ld(x,e),y))).  [para(676(a,1),1283(a,1,2)),rewrite([1385(12)])].
    new demodulator: 1387.
kept:      1388 mult(x,mult(ld(x,y),y)) = mult(y,y).  [para(719(a,1),1283(a,1,1)),rewrite([662(5)])].
    new demodulator: 1388.
kept:      1389 rd(mult(mult(x,y),rd(x,y)),mult(y,mult(y,rd(x,y)))) = rd(x,y).  [para(1283(a,1),352(a,1,2,1)),rewrite([161(6)])].
    new demodulator: 1389.
kept:      1390 ld(x,mult(mult(y,x),mult(ld(x,y),x))) = mult(ld(x,y),mult(y,x)).  [para(352(a,1),1283(a,1,1)),rewrite([1385(10),280(9)])].
    new demodulator: 1390.
kept:      1391 ld(ld(x,rd(y,mult(x,x))),ld(x,y)) = mult(x,x).  [para(612(a,1),1283(a,1,2)),rewrite([1042(3),1320(2)])].
    new demodulator: 1391.
kept:      1392 ld(rd(rd(x,y),mult(rd(y,x),z)),z) = mult(rd(y,x),mult(z,mult(rd(y,x),z))).  [para(867(a,1),1283(a,1,2)),rewrite([1385(10)])].
    new demodulator: 1392.
kept:      1393 ld(rd(rd(x,y),z),ld(rd(y,x),z)) = mult(z,z).  [para(868(a,2),1283(a,1,2))].
    new demodulator: 1393.
kept:      1394 ld(mult(rd(x,y),rd(mult(y,x),rd(y,x))),mult(x,x)) = rd(y,x).  [para(1283(a,1),1041(a,1,2)),rewrite([868(5)])].
    new demodulator: 1394.
kept:      1395 rd(mult(x,x),rd(y,x)) = mult(rd(x,y),rd(mult(y,x),rd(y,x))).  [para(1283(a,1),1042(a,1,1)),rewrite([868(8)])].
kept:      1396 ld(ld(x,rd(y,x)),mult(ld(x,y),x)) = mult(x,x).  [para(1042(a,1),1283(a,1,1))].
    new demodulator: 1396.
kept:      1397 mult(rd(mult(x,x),rd(y,x)),mult(y,x)) = mult(x,mult(x,mult(x,x))).  [para(1173(a,1),1283(a,1,2)),rewrite([868(5),161(8)])].
    new demodulator: 1397.
kept:      1398 ld(mult(rd(x,mult(y,mult(y,mult(y,y)))),y),rd(x,y)) = mult(y,y).  [para(1276(a,1),1283(a,1,2)),rewrite([1356(3)])].
    new demodulator: 1398.
    starting back demodulation with 1376.
    starting back demodulation with 1377.
    starting back demodulation with 1378.
    starting back demodulation with 1379.
    starting back demodulation with 1380.
    starting back demodulation with 1381.
        1381 back demodulating 1187.
kept:      1399 mult(x,mult(ld(x,y),mult(y,x))) = mult(mult(y,x),mult(ld(x,y),x)).  [back_rewrite(1187),rewrite([1385(5),280(4)])].
    new demodulator: 1399.
        1381 back demodulating 1016.
kept:      1400 mult(ld(mult(ld(x,y),x),e),mult(ld(mult(ld(x,y),x),e),ld(rd(mult(z,u),mult(mult(mult(ld(x,y),x),z),u)),mult(ld(x,y),mult(y,x))))) = mult(ld(x,mult(ld(y,e),mult(ld(y,e),ld(rd(mult(z,u),mult(mult(y,z),u)),mult(y,y))))),x).  [back_rewrite(1016),rewrite([1385(19),280(18)])].
    new demodulator: 1400.
        1381 back demodulating 996.
kept:      1401 mult(ld(x,mult(ld(mult(ld(x,y),x),e),mult(ld(mult(ld(x,y),x),e),mult(ld(y,e),mult(ld(y,e),mult(ld(rd(mult(z,u),mult(mult(y,z),u)),mult(y,y)),mult(ld(x,y),mult(y,x)))))))),x) = mult(ld(x,mult(ld(y,e),mult(ld(y,e),ld(rd(mult(z,u),mult(mult(y,z),u)),mult(y,y))))),x).  [back_rewrite(996),rewrite([1385(23),280(22)])].
    new demodulator: 1401.
        1381 back demodulating 985.
kept:      1402 mult(ld(x,mult(ld(mult(ld(x,y),x),e),mult(ld(mult(ld(x,y),x),e),mult(y,mult(ld(x,y),mult(y,x)))))),x) = mult(ld(x,y),x).  [back_rewrite(985),rewrite([1385(13),280(12)])].
    new demodulator: 1402.
    starting back demodulation with 1383.
    starting back demodulation with 1384.
    starting back demodulation with 1385.
        1385 back demodulating 1383.
kept:      1403 ld(rd(ld(x,e),mult(x,y)),y) = mult(x,mult(y,mult(x,y))).  [back_rewrite(1383),rewrite([1385(8)])].
    new demodulator: 1403.
        1385 back demodulating 1381.
        1385 back demodulating 1326.
kept:      1404 ld(mult(rd(x,mult(y,mult(z,mult(y,z)))),y),rd(x,mult(y,z))) != z | ld(rd(x,mult(y,z)),mult(mult(rd(x,mult(y,mult(z,mult(y,z)))),y),z)) = e.  [back_rewrite(1326),rewrite([1385(3),1385(14)])].
        1385 back demodulating 1322.
kept:      1405 ld(rd(x,mult(y,z)),mult(mult(rd(x,mult(y,mult(z,mult(y,z)))),y),z)) != e | ld(mult(rd(x,mult(y,mult(z,mult(y,z)))),y),rd(x,mult(y,z))) = z.  [back_rewrite(1322),rewrite([1385(5),1385(14)])].
        1385 back demodulating 1208.
        1385 back demodulating 1197.
        1385 back demodulating 1189.
kept:      1406 rd(mult(x,mult(y,y)),ld(mult(x,y),y)) = mult(x,mult(y,mult(x,y))).  [back_rewrite(1189),rewrite([1385(8)])].
    new demodulator: 1406.
        1385 back demodulating 1185.
kept:      1407 rd(mult(mult(x,y),mult(x,mult(y,y))),y) = mult(x,mult(y,mult(x,y))).  [back_rewrite(1185),rewrite([1385(8)])].
    new demodulator: 1407.
        1385 back demodulating 1181.
        1385 back demodulating 1179.
kept:      1408 ld(mult(mult(x,mult(y,z)),y),mult(x,mult(y,mult(z,mult(y,z))))) != z | ld(mult(x,mult(y,mult(z,mult(y,z)))),mult(mult(mult(x,mult(y,z)),y),z)) = e.  [back_rewrite(1179),rewrite([1385(6),1385(12)])].
        1385 back demodulating 1175.
kept:      1409 ld(mult(x,mult(y,mult(z,mult(y,z)))),mult(mult(mult(x,mult(y,z)),y),z)) != e | ld(mult(mult(x,mult(y,z)),y),mult(x,mult(y,mult(z,mult(y,z))))) = z.  [back_rewrite(1175),rewrite([1385(3),1385(17)])].
        1385 back demodulating 1027.
kept:      1410 mult(ld(mult(x,y),e),mult(ld(mult(x,y),e),ld(rd(mult(z,u),mult(mult(mult(x,y),z),u)),mult(x,mult(y,mult(x,y)))))) = mult(ld(y,mult(ld(mult(y,x),e),mult(ld(mult(y,x),e),ld(rd(mult(z,u),mult(mult(mult(y,x),z),u)),mult(y,mult(x,mult(y,x))))))),y).  [back_rewrite(1027),rewrite([1385(14),1385(31)])].
        1385 back demodulating 1015.
kept:      1411 mult(ld(mult(mult(x,y),ld(y,e)),e),mult(ld(mult(mult(x,y),ld(y,e)),e),ld(rd(mult(z,u),mult(mult(mult(mult(x,y),ld(y,e)),z),u)),mult(mult(x,y),mult(ld(y,e),mult(mult(x,y),ld(y,e))))))) = mult(ld(x,e),mult(ld(x,e),mult(mult(ld(rd(mult(z,u),mult(mult(x,z),u)),mult(x,x)),y),ld(y,e)))).  [back_rewrite(1015),rewrite([1385(29)])].
    new demodulator: 1411.
        1385 back demodulating 1014.
kept:      1412 mult(ld(mult(mult(x,ld(y,e)),y),e),mult(ld(mult(mult(x,ld(y,e)),y),e),ld(rd(mult(z,u),mult(mult(mult(mult(x,ld(y,e)),y),z),u)),mult(mult(x,ld(y,e)),mult(y,mult(mult(x,ld(y,e)),y)))))) = mult(ld(x,e),mult(ld(x,e),mult(mult(ld(rd(mult(z,u),mult(mult(x,z),u)),mult(x,x)),ld(y,e)),y))).  [back_rewrite(1014),rewrite([1385(29)])].
    new demodulator: 1412.
        1385 back demodulating 979.
        1385 back demodulating 560.
kept:      1413 rd(mult(mult(x,rd(y,x)),mult(x,y)),x) = mult(x,mult(y,rd(y,x))).  [back_rewrite(560),rewrite([1385(10),282(9)])].
    new demodulator: 1413.
        1385 back demodulating 540.
kept:      1414 rd(mult(x,mult(y,x)),ld(mult(x,y),x)) = mult(x,mult(y,mult(x,y))).  [back_rewrite(540),rewrite([1385(8)])].
    new demodulator: 1414.
        1385 back demodulating 342.
kept:      1415 rd(mult(mult(x,y),mult(x,mult(y,x))),x) = mult(x,mult(y,mult(x,y))).  [back_rewrite(342),rewrite([1385(8)])].
    new demodulator: 1415.
    starting back demodulation with 1386.
    starting back demodulation with 1387.
    starting back demodulation with 1388.
    starting back demodulation with 1389.
    starting back demodulation with 1390.
    starting back demodulation with 1391.
    starting back demodulation with 1392.
    starting back demodulation with 1393.
    starting back demodulation with 1394.
    starting back demodulation with 1396.
    starting back demodulation with 1397.
    starting back demodulation with 1398.
    starting back demodulation with 1399.
    starting back demodulation with 1400.
    starting back demodulation with 1401.
    starting back demodulation with 1402.
    starting back demodulation with 1403.
    starting back demodulation with 1406.
    starting back demodulation with 1407.
    starting back demodulation with 1411.
    starting back demodulation with 1412.
    starting back demodulation with 1413.
    starting back demodulation with 1414.
    starting back demodulation with 1415.

given #89 (T,wt=11): 1284 rd(mult(x,y),mult(y,y)) = rd(x,y).  [para(1173(a,1),11(a,1,1))].
kept:      1416 rd(x,ld(x,y)) = rd(y,mult(ld(x,y),ld(x,y))).  [para(10(a,1),1284(a,1,1)),flip(a)].
kept:      1417 rd(mult(x,mult(x,mult(y,z))),mult(z,z)) = rd(mult(x,mult(x,y)),z).  [para(46(a,1),1284(a,1,1))].
    new demodulator: 1417.
kept:      1418 rd(mult(x,mult(y,mult(y,z))),mult(y,mult(y,mult(z,mult(y,mult(y,z)))))) = rd(x,mult(y,mult(y,z))).  [para(46(a,1),1284(a,1,2))].
    new demodulator: 1418.
kept:      1419 rd(mult(x,mult(x,y)),mult(y,y)) = rd(mult(x,x),y).  [para(161(a,1),1284(a,1,1))].
    new demodulator: 1419.
kept:      1420 rd(mult(x,mult(y,y)),mult(y,mult(y,mult(y,y)))) = rd(x,mult(y,y)).  [para(161(a,1),1284(a,1,2))].
    new demodulator: 1420.
kept:      1421 rd(mult(x,mult(y,x)),mult(x,x)) = mult(x,rd(y,x)).  [para(162(a,1),1284(a,1,1)),rewrite([516(6)])].
    new demodulator: 1421.
kept:      1422 rd(mult(x,mult(y,ld(x,y))),mult(ld(x,y),ld(x,y))) = mult(x,x).  [para(338(a,1),1284(a,2)),rewrite([1298(3)])].
    new demodulator: 1422.
kept:      1423 rd(ld(x,e),mult(x,y)) = rd(y,mult(x,mult(y,mult(x,y)))).  [para(640(a,1),1284(a,1,1)),rewrite([1385(3)]),flip(a)].
kept:      1424 rd(ld(x,e),y) = rd(ld(x,y),mult(y,y)).  [para(663(a,2),1284(a,1,1)),flip(a)].
kept:      1425 rd(ld(rd(x,y),e),x) = rd(y,mult(x,x)).  [para(665(a,1),1284(a,1,1)),flip(a)].
    new demodulator: 1425.
kept:      1426 rd(x,mult(ld(y,e),mult(x,mult(ld(y,e),x)))) = rd(y,mult(ld(y,e),x)).  [para(676(a,1),1284(a,1,1)),rewrite([1385(7)])].
kept:      1427 rd(x,y) = ld(rd(mult(y,y),mult(x,y)),e).  [para(1284(a,1),796(a,1))].
kept:      1428 mult(rd(x,y),rd(mult(y,y),mult(x,y))) = e.  [para(1284(a,1),857(a,1,1))].
    new demodulator: 1428.
kept:      1429 mult(rd(mult(x,x),mult(y,x)),rd(y,x)) = e.  [para(1284(a,1),857(a,1,2))].
    new demodulator: 1429.
kept:      1430 rd(mult(mult(x,y),mult(ld(y,x),y)),mult(ld(y,x),mult(x,y))) = y.  [para(352(a,1),1284(a,2)),rewrite([1385(9),280(8)])].
    new demodulator: 1430.
kept:      1431 rd(ld(x,y),mult(x,x)) = ld(x,rd(y,mult(x,x))).  [para(612(a,1),1284(a,1,1)),rewrite([1042(6),1320(5)])].
    new demodulator: 1431.
kept:      1432 mult(rd(x,y),mult(rd(mult(y,y),mult(x,y)),z)) = z.  [para(1284(a,1),867(a,1,1))].
    new demodulator: 1432.
kept:      1433 mult(rd(mult(x,x),mult(y,x)),mult(rd(y,x),z)) = z.  [para(1284(a,1),867(a,1,2,1))].
    new demodulator: 1433.
kept:      1434 rd(rd(x,y),mult(rd(y,x),z)) = rd(z,mult(rd(y,x),mult(z,mult(rd(y,x),z)))).  [para(867(a,1),1284(a,1,1)),rewrite([1385(5)]),flip(a)].
kept:      1435 ld(rd(x,y),z) = mult(rd(mult(y,y),mult(x,y)),z).  [para(1284(a,1),868(a,1,1))].
kept:      1436 ld(rd(mult(x,x),mult(y,x)),z) = mult(rd(y,x),z).  [para(1284(a,1),868(a,2,1))].
kept:      1437 rd(rd(x,y),z) = rd(ld(rd(y,x),z),mult(z,z)).  [para(868(a,2),1284(a,1,1)),flip(a)].
kept:      1438 rd(rd(x,y),mult(y,y)) = rd(mult(x,y),mult(y,mult(y,mult(y,y)))).  [para(1173(a,1),1284(a,1,1)),rewrite([161(4)]),flip(a)].
    new demodulator: 1438.
kept:      1439 rd(mult(x,y),mult(y,mult(y,mult(y,y)))) = mult(rd(x,mult(y,mult(y,mult(y,y)))),y).  [para(1276(a,1),1284(a,1,1)),rewrite([1438(3),1356(8)])].
    new demodulator: 1439.
kept:      1440 ld(rd(x,y),mult(mult(x,y),mult(y,y))) = mult(y,mult(y,mult(y,y))).  [para(1284(a,1),1283(a,1,1)),rewrite([161(8)])].
    new demodulator: 1440.
    starting back demodulation with 1417.
    starting back demodulation with 1418.
    starting back demodulation with 1419.
    starting back demodulation with 1420.
    starting back demodulation with 1421.
    starting back demodulation with 1422.
    starting back demodulation with 1425.
    starting back demodulation with 1428.
    starting back demodulation with 1429.
    starting back demodulation with 1430.
    starting back demodulation with 1431.
    starting back demodulation with 1432.
    starting back demodulation with 1433.
    starting back demodulation with 1438.
    starting back demodulation with 1439.
        1439 back demodulating 1438.
kept:      1441 rd(rd(x,y),mult(y,y)) = mult(rd(x,mult(y,mult(y,mult(y,y)))),y).  [back_rewrite(1438),rewrite([1439(8)])].
    new demodulator: 1441.
    starting back demodulation with 1440.
    starting back demodulation with 1441.

given #90 (T,wt=11): 1311 mult(rd(x,y),mult(y,x)) = mult(x,x).  [para(1173(a,1),867(a,1,2))].
kept:      1442 mult(ld(x,rd(y,x)),y) = mult(ld(x,y),ld(x,y)).  [para(10(a,1),1311(a,1,2)),rewrite([1042(2)])].
    new demodulator: 1442.
kept:      1443 rd(mult(x,x),mult(y,x)) = rd(x,y).  [para(1311(a,1),11(a,1,1))].
    new demodulator: 1443.
kept:      1444 mult(rd(x,rd(y,x)),y) = mult(x,x).  [para(12(a,1),1311(a,1,2))].
    new demodulator: 1444.
kept:      1445 ld(mult(x,mult(y,y)),mult(mult(x,rd(y,z)),mult(z,y))) != e | ld(mult(x,rd(y,z)),mult(x,mult(y,y))) = mult(z,y).  [para(1311(a,1),24(a,1,1,2)),rewrite([1311(14)])].
kept:      1446 ld(mult(rd(x,y),mult(mult(y,x),z)),mult(x,mult(x,z))) != e | mult(ld(x,e),mult(ld(x,e),mult(rd(x,y),mult(mult(y,x),z)))) = z.  [para(1311(a,1),24(a,1,2,1)),rewrite([161(6),1311(12),993(15)])].
kept:      1447 mult(ld(x,e),mult(ld(x,e),mult(rd(x,y),mult(mult(y,x),z)))) != z | ld(mult(rd(x,y),mult(mult(y,x),z)),mult(x,mult(x,z))) = e.  [para(1311(a,1),26(a,1,1)),rewrite([993(6),1311(18),161(17)])].
kept:      1448 ld(mult(x,rd(y,z)),mult(x,mult(y,y))) != mult(z,y) | ld(mult(x,mult(y,y)),mult(mult(x,rd(y,z)),mult(z,y))) = e.  [para(1311(a,1),26(a,1,2,2)),rewrite([1311(10)])].
kept:      1449 mult(mult(rd(x,y),mult(x,x)),z) = mult(rd(x,y),mult(rd(x,y),mult(mult(y,x),z))).  [para(1311(a,1),46(a,1,1,2))].
    new demodulator: 1449.
kept:      1450 mult(rd(x,mult(y,mult(y,z))),mult(y,mult(y,mult(z,x)))) = mult(x,x).  [para(46(a,1),1311(a,1,2))].
    new demodulator: 1450.
kept:      1451 mult(rd(x,mult(y,y)),mult(y,mult(y,x))) = mult(x,x).  [para(161(a,1),1311(a,1,2))].
    new demodulator: 1451.
kept:      1452 mult(rd(x,y),mult(mult(y,x),rd(x,y))) = mult(x,mult(x,rd(x,y))).  [para(1311(a,1),162(a,1,1)),rewrite([161(3)]),flip(a)].
    new demodulator: 1452.
kept:      1453 mult(rd(x,mult(x,y)),mult(x,mult(y,x))) = mult(x,x).  [para(162(a,1),1311(a,1,2))].
    new demodulator: 1453.
kept:      1454 mult(ld(x,e),mult(ld(x,e),mult(mult(rd(x,y),z),ld(z,mult(y,x))))) != e | ld(mult(rd(x,y),z),mult(x,x)) = ld(z,mult(y,x)).  [para(1311(a,1),55(a,1,1)),rewrite([993(7),1311(18)])].
kept:      1455 ld(mult(rd(x,y),z),mult(x,mult(x,ld(mult(y,x),z)))) != e | ld(mult(y,x),z) = mult(ld(x,e),mult(ld(x,e),mult(rd(x,y),z))).  [para(1311(a,1),55(a,1,2,1)),rewrite([161(6),1311(12),993(13)]),flip(b)].
kept:      1456 rd(mult(rd(x,y),mult(x,x)),mult(y,x)) = mult(rd(x,y),rd(x,y)).  [para(1311(a,1),253(a,1,1,2))].
    new demodulator: 1456.
kept:      1457 ld(mult(mult(x,y),rd(y,x)),mult(mult(x,y),mult(y,y))) = mult(x,y).  [para(1311(a,1),279(a,1,2,2))].
    new demodulator: 1457.
kept:      1458 ld(mult(x,mult(ld(x,rd(y,z)),mult(z,y))),mult(y,y)) != e | ld(rd(y,z),mult(x,mult(ld(x,rd(y,z)),mult(z,y)))) = mult(z,y).  [para(1311(a,1),56(a,1,2))].
kept:      1459 rd(mult(x,x),ld(rd(x,y),mult(y,x))) = mult(rd(x,y),rd(x,y)).  [para(1311(a,1),338(a,1,1))].
    new demodulator: 1459.
kept:      1460 ld(mult(rd(x,y),mult(mult(y,x),mult(ld(x,e),mult(ld(x,e),z)))),z) != e | mult(ld(x,e),mult(ld(x,e),mult(rd(x,y),mult(mult(y,x),mult(ld(x,e),mult(ld(x,e),z)))))) = mult(ld(x,e),mult(ld(x,e),z)).  [para(1311(a,1),57(a,1,1,2,2,1)),rewrite([993(4),1311(16),1311(19),993(18),993(25),1311(32),993(31)])].
kept:      1461 ld(mult(rd(x,y),rd(mult(y,x),rd(x,y))),mult(x,x)) = rd(x,y).  [para(1311(a,1),343(a,1,2))].
    new demodulator: 1461.
kept:      1462 mult(ld(x,e),mult(ld(x,e),mult(mult(rd(x,y),rd(mult(y,x),z)),z))) != e | ld(mult(rd(x,y),rd(mult(y,x),z)),mult(x,x)) = z.  [para(1311(a,1),58(a,1,1)),rewrite([993(7),1311(20)])].
kept:      1463 mult(ld(mult(x,y),rd(y,x)),mult(x,y)) = ld(mult(x,y),mult(y,y)).  [para(1311(a,1),351(a,1,2)),flip(a)].
    new demodulator: 1463.
kept:      1464 ld(x,mult(mult(rd(x,mult(y,y)),rd(y,z)),mult(z,y))) != e | ld(mult(rd(x,mult(y,y)),rd(y,z)),x) = mult(z,y).  [para(1311(a,1),59(a,1,2,1,1,2)),rewrite([1311(12)])].
kept:      1465 mult(mult(x,rd(y,ld(x,e))),y) = mult(x,mult(y,mult(x,y))).  [para(640(a,1),1311(a,1,2)),rewrite([1229(4),1385(8)])].
    new demodulator: 1465.
kept:      1466 ld(mult(rd(x,rd(y,z)),mult(y,y)),mult(x,mult(z,y))) != e | ld(x,mult(rd(x,rd(y,z)),mult(y,y))) = mult(z,y).  [para(1311(a,1),60(a,1,1,2)),rewrite([1311(14)])].
kept:      1467 ld(mult(rd(rd(x,y),z),mult(z,mult(y,x))),mult(x,x)) != e | mult(rd(y,x),mult(rd(rd(x,y),z),mult(z,mult(y,x)))) = mult(y,x).  [para(1311(a,1),60(a,1,2)),rewrite([868(16)])].
kept:      1468 mult(rd(x,ld(y,e)),ld(y,x)) = mult(x,x).  [para(663(a,2),1311(a,1,2))].
    new demodulator: 1468.
kept:      1469 mult(ld(x,e),mult(y,mult(ld(x,e),y))) = mult(ld(x,y),ld(x,y)).  [para(676(a,1),1311(a,1,2)),rewrite([1230(4),1442(3),1385(10)]),flip(a)].
kept:      1470 mult(x,mult(mult(ld(x,y),x),mult(y,x))) = mult(y,mult(x,mult(y,x))).  [para(352(a,1),1311(a,1,1)),rewrite([1385(8)])].
    new demodulator: 1470.
kept:      1471 ld(mult(x,y),z) != mult(ld(y,e),mult(ld(y,e),mult(rd(y,x),z))) | ld(mult(rd(y,x),z),mult(y,mult(y,ld(mult(x,y),z)))) = e.  [para(1311(a,1),62(a,1,1)),rewrite([993(4),1311(16),161(17)]),flip(a)].
kept:      1472 ld(mult(rd(x,y),z),mult(x,x)) != ld(z,mult(y,x)) | mult(ld(x,e),mult(ld(x,e),mult(mult(rd(x,y),z),ld(z,mult(y,x))))) = e.  [para(1311(a,1),62(a,1,2)),rewrite([1311(10),993(14)])].
kept:      1473 rd(mult(x,x),rd(x,y)) = mult(rd(x,y),rd(mult(y,x),rd(x,y))).  [para(1311(a,1),516(a,1,1))].
kept:      1474 mult(mult(x,rd(y,x)),mult(x,mult(x,y))) = mult(x,mult(y,mult(x,y))).  [para(516(a,1),1311(a,1,1)),rewrite([1385(8)])].
    new demodulator: 1474.
kept:      1475 mult(rd(x,ld(x,rd(y,x))),ld(x,y)) = mult(x,x).  [para(612(a,1),1311(a,1,2))].
    new demodulator: 1475.
kept:      1476 mult(rd(x,y),mult(z,mult(rd(x,y),z))) = mult(ld(rd(y,x),z),ld(rd(y,x),z)).  [para(867(a,1),1311(a,1,2)),rewrite([1239(4),1442(5),1385(10)]),flip(a)].
kept:      1477 ld(x,mult(rd(x,rd(y,z)),mult(y,y))) != mult(z,y) | ld(mult(rd(x,rd(y,z)),mult(y,y)),mult(x,mult(z,y))) = e.  [para(1311(a,1),63(a,1,2,2)),rewrite([1311(12)])].
kept:      1478 mult(rd(x,rd(y,z)),ld(rd(z,y),x)) = mult(x,x).  [para(868(a,2),1311(a,1,2))].
    new demodulator: 1478.
kept:      1479 mult(rd(x,y),mult(y,mult(x,mult(y,x)))) = mult(x,mult(x,mult(y,x))).  [para(1311(a,1),954(a,1,1)),rewrite([161(3),1385(7)]),flip(a)].
    new demodulator: 1479.
kept:      1480 ld(mult(rd(x,y),rd(mult(y,x),z)),mult(x,x)) != z | mult(ld(x,e),mult(ld(x,e),mult(mult(rd(x,y),rd(mult(y,x),z)),z))) = e.  [para(1311(a,1),64(a,1,2)),rewrite([1311(10),993(14)])].
kept:      1481 mult(mult(x,y),mult(y,mult(x,mult(y,y)))) = mult(x,mult(y,mult(y,mult(x,mult(y,y))))).  [para(1172(a,1),1311(a,1,1)),rewrite([1385(10),161(9)])].
    new demodulator: 1481.
kept:      1482 ld(rd(mult(x,y),rd(y,x)),mult(x,mult(y,mult(x,y)))) = mult(y,y).  [para(1311(a,1),1173(a,2)),rewrite([1385(6),868(7,R)])].
    new demodulator: 1482.
kept:      1483 mult(rd(x,rd(y,mult(x,x))),rd(y,x)) = mult(x,x).  [para(1276(a,1),1311(a,1,2))].
    new demodulator: 1483.
kept:      1484 ld(mult(rd(x,mult(y,y)),rd(y,z)),x) != mult(z,y) | ld(x,mult(mult(rd(x,mult(y,y)),rd(y,z)),mult(z,y))) = e.  [para(1311(a,1),65(a,1,1,1,2)),rewrite([1311(10)])].
kept:      1485 mult(rd(mult(x,y),rd(y,x)),mult(y,y)) = mult(x,mult(y,mult(x,y))).  [para(1311(a,1),1283(a,1,2)),rewrite([868(5),1385(8)])].
    new demodulator: 1485.
kept:      1486 rd(rd(x,y),mult(y,x)) = rd(mult(x,x),mult(y,mult(x,mult(y,x)))).  [para(1311(a,1),1284(a,1,1)),rewrite([1385(4)]),flip(a)].
    new demodulator: 1486.
kept:      1487 mult(rd(x,y),mult(y,mult(y,mult(x,y)))) = mult(x,mult(y,mult(x,y))).  [para(1284(a,1),1311(a,1,1)),rewrite([161(4),1385(8)])].
    new demodulator: 1487.
    starting back demodulation with 1442.
    starting back demodulation with 1443.
        1443 back demodulating 1436.
        1443 back demodulating 1435.
        1443 back demodulating 1433.
        1443 back demodulating 1432.
        1443 back demodulating 1429.
        1443 back demodulating 1428.
        1443 back demodulating 1427.
        1443 back demodulating 1306.
    starting back demodulation with 1444.
    starting back demodulation with 1449.
    starting back demodulation with 1450.
    starting back demodulation with 1451.
    starting back demodulation with 1452.
    starting back demodulation with 1453.
    starting back demodulation with 1456.
    starting back demodulation with 1457.
    starting back demodulation with 1459.
    starting back demodulation with 1461.
    starting back demodulation with 1463.
    starting back demodulation with 1465.
    starting back demodulation with 1468.
    starting back demodulation with 1470.
    starting back demodulation with 1474.
    starting back demodulation with 1475.
    starting back demodulation with 1478.
    starting back demodulation with 1479.
    starting back demodulation with 1481.
    starting back demodulation with 1482.
    starting back demodulation with 1483.
    starting back demodulation with 1485.
    starting back demodulation with 1486.
    starting back demodulation with 1487.

given #91 (T,wt=11): 1313 ld(rd(x,y),mult(x,x)) = mult(y,x).  [para(1173(a,1),868(a,2))].
kept:      1488 ld(ld(x,rd(y,x)),mult(ld(x,y),ld(x,y))) = y.  [para(10(a,1),1313(a,2)),rewrite([1042(2)])].
    new demodulator: 1488.
kept:      1489 ld(rd(mult(x,mult(x,y)),z),mult(x,mult(x,mult(y,mult(x,mult(x,y)))))) = mult(z,mult(x,mult(x,y))).  [para(46(a,1),1313(a,1,2))].
    new demodulator: 1489.
kept:      1490 ld(x,mult(y,y)) = mult(ld(x,y),y).  [para(53(a,1),1313(a,1,1))].
    new demodulator: 1490.
kept:      1491 ld(rd(mult(x,x),y),mult(x,mult(x,mult(x,x)))) = mult(y,mult(x,x)).  [para(161(a,1),1313(a,1,2))].
    new demodulator: 1491.
kept:      1492 mult(ld(x,e),mult(y,mult(x,y))) = mult(ld(x,y),mult(x,y)).  [para(338(a,1),1313(a,1,1)),rewrite([1385(4),993(5),640(8)])].
kept:      1493 ld(mult(x,rd(y,ld(x,e))),mult(x,mult(y,mult(x,y)))) = y.  [para(640(a,1),1313(a,2)),rewrite([1229(4),1385(7)])].
    new demodulator: 1493.
kept:      1494 ld(ld(x,rd(y,x)),mult(ld(x,e),mult(y,mult(ld(x,e),y)))) = y.  [para(676(a,1),1313(a,2)),rewrite([1230(4),1385(9)])].
    new demodulator: 1494.
kept:      1495 rd(mult(x,mult(x,rd(x,y))),mult(mult(y,x),rd(x,y))) = rd(x,y).  [para(1313(a,1),352(a,1,2,1)),rewrite([161(3)])].
    new demodulator: 1495.
kept:      1496 ld(x,mult(y,mult(x,mult(y,x)))) = mult(mult(ld(x,y),x),mult(y,x)).  [para(352(a,1),1313(a,1,1)),rewrite([1385(3)])].
    new demodulator: 1496.
kept:      1497 ld(mult(x,rd(y,x)),mult(x,mult(y,mult(x,y)))) = mult(x,mult(x,y)).  [para(516(a,1),1313(a,1,1)),rewrite([1385(5)])].
    new demodulator: 1497.
kept:      1498 ld(ld(rd(x,y),rd(z,rd(x,y))),mult(rd(y,x),mult(z,mult(rd(y,x),z)))) = z.  [para(867(a,1),1313(a,2)),rewrite([1239(4),1385(9)])].
    new demodulator: 1498.
kept:      1499 ld(ld(rd(x,y),rd(mult(x,x),rd(x,y))),mult(y,x)) = rd(x,y).  [para(1313(a,1),1041(a,1,2))].
    new demodulator: 1499.
kept:      1500 rd(mult(x,y),rd(y,x)) = ld(rd(y,x),rd(mult(y,y),rd(y,x))).  [para(1313(a,1),1042(a,1,1))].
kept:      1501 ld(mult(x,y),mult(x,mult(y,mult(y,mult(x,mult(y,y)))))) = mult(y,mult(x,mult(y,y))).  [para(1172(a,1),1313(a,1,1)),rewrite([1385(6),161(5)])].
    new demodulator: 1501.
kept:      1502 ld(rd(x,y),mult(x,mult(y,mult(x,y)))) = mult(y,mult(y,mult(x,y))).  [para(1284(a,1),1313(a,1,1)),rewrite([1385(4),161(8)])].
    new demodulator: 1502.
    starting back demodulation with 1488.
    starting back demodulation with 1489.
    starting back demodulation with 1490.
        1490 back demodulating 1488.
        1490 back demodulating 1480.
kept:      1503 mult(ld(mult(rd(x,y),rd(mult(y,x),z)),x),x) != z | mult(ld(x,e),mult(ld(x,e),mult(mult(rd(x,y),rd(mult(y,x),z)),z))) = e.  [back_rewrite(1480),rewrite([1490(6)])].
        1490 back demodulating 1472.
kept:      1504 mult(ld(mult(rd(x,y),z),x),x) != ld(z,mult(y,x)) | mult(ld(x,e),mult(ld(x,e),mult(mult(rd(x,y),z),ld(z,mult(y,x))))) = e.  [back_rewrite(1472),rewrite([1490(4)])].
        1490 back demodulating 1467.
kept:      1505 mult(ld(mult(rd(rd(x,y),z),mult(z,mult(y,x))),x),x) != e | mult(rd(y,x),mult(rd(rd(x,y),z),mult(z,mult(y,x)))) = mult(y,x).  [back_rewrite(1467),rewrite([1490(7)])].
        1490 back demodulating 1463.
kept:      1506 mult(ld(mult(x,y),rd(y,x)),mult(x,y)) = mult(ld(mult(x,y),y),y).  [back_rewrite(1463),rewrite([1490(8)])].
    new demodulator: 1506.
        1490 back demodulating 1462.
kept:      1507 mult(ld(x,e),mult(ld(x,e),mult(mult(rd(x,y),rd(mult(y,x),z)),z))) != e | mult(ld(mult(rd(x,y),rd(mult(y,x),z)),x),x) = z.  [back_rewrite(1462),rewrite([1490(19)])].
        1490 back demodulating 1461.
kept:      1508 mult(ld(mult(rd(x,y),rd(mult(y,x),rd(x,y))),x),x) = rd(x,y).  [back_rewrite(1461),rewrite([1490(7)])].
    new demodulator: 1508.
        1490 back demodulating 1458.
kept:      1509 mult(ld(mult(x,mult(ld(x,rd(y,z)),mult(z,y))),y),y) != e | ld(rd(y,z),mult(x,mult(ld(x,rd(y,z)),mult(z,y)))) = mult(z,y).  [back_rewrite(1458),rewrite([1490(7)])].
        1490 back demodulating 1454.
kept:      1510 mult(ld(x,e),mult(ld(x,e),mult(mult(rd(x,y),z),ld(z,mult(y,x))))) != e | mult(ld(mult(rd(x,y),z),x),x) = ld(z,mult(y,x)).  [back_rewrite(1454),rewrite([1490(17)])].
        1490 back demodulating 1412.
kept:      1511 mult(ld(mult(mult(x,ld(y,e)),y),e),mult(ld(mult(mult(x,ld(y,e)),y),e),ld(rd(mult(z,u),mult(mult(mult(mult(x,ld(y,e)),y),z),u)),mult(mult(x,ld(y,e)),mult(y,mult(mult(x,ld(y,e)),y)))))) = mult(ld(x,e),mult(ld(x,e),mult(mult(mult(ld(rd(mult(z,u),mult(mult(x,z),u)),x),x),ld(y,e)),y))).  [back_rewrite(1412),rewrite([1490(42)])].
    new demodulator: 1511.
        1490 back demodulating 1411.
kept:      1512 mult(ld(mult(mult(x,y),ld(y,e)),e),mult(ld(mult(mult(x,y),ld(y,e)),e),ld(rd(mult(z,u),mult(mult(mult(mult(x,y),ld(y,e)),z),u)),mult(mult(x,y),mult(ld(y,e),mult(mult(x,y),ld(y,e))))))) = mult(ld(x,e),mult(ld(x,e),mult(mult(mult(ld(rd(mult(z,u),mult(mult(x,z),u)),x),x),y),ld(y,e)))).  [back_rewrite(1411),rewrite([1490(42)])].
    new demodulator: 1512.
        1490 back demodulating 1401.
kept:      1513 mult(ld(x,mult(ld(mult(ld(x,y),x),e),mult(ld(mult(ld(x,y),x),e),mult(ld(y,e),mult(ld(y,e),mult(mult(ld(rd(mult(z,u),mult(mult(y,z),u)),y),y),mult(ld(x,y),mult(y,x)))))))),x) = mult(ld(x,mult(ld(y,e),mult(ld(y,e),mult(ld(rd(mult(z,u),mult(mult(y,z),u)),y),y)))),x).  [back_rewrite(1401),rewrite([1490(18),1490(38)])].
    new demodulator: 1513.
        1490 back demodulating 1400.
kept:      1514 mult(ld(mult(ld(x,y),x),e),mult(ld(mult(ld(x,y),x),e),ld(rd(mult(z,u),mult(mult(mult(ld(x,y),x),z),u)),mult(ld(x,y),mult(y,x))))) = mult(ld(x,mult(ld(y,e),mult(ld(y,e),mult(ld(rd(mult(z,u),mult(mult(y,z),u)),y),y)))),x).  [back_rewrite(1400),rewrite([1490(30)])].
    new demodulator: 1514.
        1490 back demodulating 1394.
kept:      1515 mult(ld(mult(rd(x,y),rd(mult(y,x),rd(y,x))),x),x) = rd(y,x).  [back_rewrite(1394),rewrite([1490(7)])].
    new demodulator: 1515.
        1490 back demodulating 1317.
kept:      1516 mult(ld(mult(x,rd(x,y)),x),x) = y.  [back_rewrite(1317),rewrite([1490(4)])].
    new demodulator: 1516.
        1490 back demodulating 1313.
        1490 back demodulating 1309.
kept:      1517 ld(mult(rd(x,y),z),mult(x,y)) != mult(ld(z,y),y) | ld(mult(x,y),mult(mult(rd(x,y),z),mult(ld(z,y),y))) = e.  [back_rewrite(1309),rewrite([1490(6),1490(12)])].
        1490 back demodulating 1297.
kept:      1518 rd(mult(x,y),mult(ld(rd(x,y),y),y)) = mult(rd(x,y),rd(x,y)).  [back_rewrite(1297),rewrite([1490(4)])].
    new demodulator: 1518.
        1490 back demodulating 1293.
kept:      1519 ld(mult(x,y),mult(mult(rd(x,y),z),mult(ld(z,y),y))) != e | ld(mult(rd(x,y),z),mult(x,y)) = mult(ld(z,y),y).  [back_rewrite(1293),rewrite([1490(5),1490(15)])].
        1490 back demodulating 1280.
        1490 back demodulating 1271.
kept:      1520 ld(mult(rd(x,y),z),mult(ld(rd(y,x),z),z)) = z.  [back_rewrite(1271),rewrite([1490(5)])].
    new demodulator: 1520.
        1490 back demodulating 1215.
kept:      1521 mult(ld(mult(x,mult(x,x)),x),x) = ld(x,e).  [back_rewrite(1215),rewrite([1490(4)])].
    new demodulator: 1521.
        1490 back demodulating 1214.
kept:      1522 ld(mult(ld(ld(x,y),x),x),ld(ld(x,y),mult(x,y))) = ld(x,y).  [back_rewrite(1214),rewrite([1490(3)])].
    new demodulator: 1522.
        1490 back demodulating 1056.
kept:      1523 ld(ld(x,y),mult(x,y)) = mult(mult(ld(ld(x,y),x),x),ld(x,y)).  [back_rewrite(1056),rewrite([1490(6)])].
    new demodulator: 1523.
        1490 back demodulating 1040.
kept:      1524 r(x,y,z) = mult(ld(x,e),mult(ld(x,e),mult(ld(rd(mult(y,z),mult(mult(x,y),z)),x),x))).  [back_rewrite(1040),rewrite([1490(11)])].
    new demodulator: 1524.
        1490 back demodulating 1039.
kept:      1525 mult(ld(ld(x,mult(y,mult(ld(y,x),z))),e),mult(ld(ld(x,mult(y,mult(ld(y,x),z))),e),mult(ld(rd(mult(u,w),mult(mult(ld(x,mult(y,mult(ld(y,x),z))),u),w)),ld(x,mult(y,mult(ld(y,x),z)))),ld(x,mult(y,mult(ld(y,x),z)))))) = ld(x,mult(y,mult(ld(y,x),mult(ld(z,e),mult(ld(z,e),mult(ld(rd(mult(u,w),mult(mult(z,u),w)),z),z)))))).  [back_rewrite(1039),rewrite([1490(30),1490(43)])].
    new demodulator: 1525.
        1490 back demodulating 1038.
kept:      1526 mult(ld(ld(mult(x,y),mult(x,z)),e),mult(ld(ld(mult(x,y),mult(x,z)),e),mult(ld(rd(mult(u,w),mult(mult(ld(mult(x,y),mult(x,z)),u),w)),ld(mult(x,y),mult(x,z))),ld(mult(x,y),mult(x,z))))) = ld(mult(x,y),mult(x,mult(y,mult(ld(ld(y,z),e),mult(ld(ld(y,z),e),mult(ld(rd(mult(u,w),mult(mult(ld(y,z),u),w)),ld(y,z)),ld(y,z))))))).  [back_rewrite(1038),rewrite([1490(25),1490(43)])].
    new demodulator: 1526.
        1490 back demodulating 1037.
kept:      1527 ld(mult(x,y),mult(x,mult(y,mult(ld(z,e),mult(ld(z,e),mult(ld(rd(mult(ld(ld(mult(x,y),mult(x,mult(y,z))),u),w),mult(mult(z,ld(ld(mult(x,y),mult(x,mult(y,z))),u)),w)),z),z)))))) = rd(mult(u,w),mult(ld(ld(mult(x,y),mult(x,mult(y,z))),u),w)).  [back_rewrite(1037),rewrite([1490(21)])].
    new demodulator: 1527.
        1490 back demodulating 1036.
kept:      1528 ld(mult(x,y),mult(x,mult(y,mult(ld(z,e),mult(ld(z,e),mult(ld(rd(mult(u,ld(mult(ld(mult(x,y),mult(x,mult(y,z))),u),w)),mult(mult(z,u),ld(mult(ld(mult(x,y),mult(x,mult(y,z))),u),w))),z),z)))))) = rd(w,mult(u,ld(mult(ld(mult(x,y),mult(x,mult(y,z))),u),w))).  [back_rewrite(1036),rewrite([1490(23)])].
    new demodulator: 1528.
        1490 back demodulating 1035.
kept:      1529 mult(ld(mult(x,y),mult(x,mult(y,mult(ld(z,e),mult(ld(z,e),mult(ld(rd(mult(u,w),mult(mult(z,u),w)),z),z)))))),mult(u,w)) = mult(mult(ld(mult(x,y),mult(x,mult(y,z))),u),w).  [back_rewrite(1035),rewrite([1490(11)])].
    new demodulator: 1529.
        1490 back demodulating 1034.
kept:      1530 mult(ld(ld(x,mult(rd(x,y),mult(y,z))),e),mult(ld(ld(x,mult(rd(x,y),mult(y,z))),e),mult(ld(rd(mult(u,w),mult(mult(ld(x,mult(rd(x,y),mult(y,z))),u),w)),ld(x,mult(rd(x,y),mult(y,z)))),ld(x,mult(rd(x,y),mult(y,z)))))) = ld(x,mult(rd(x,y),mult(y,mult(ld(z,e),mult(ld(z,e),mult(ld(rd(mult(u,w),mult(mult(z,u),w)),z),z)))))).  [back_rewrite(1034),rewrite([1490(30),1490(43)])].
    new demodulator: 1530.
        1490 back demodulating 1033.
kept:      1531 mult(ld(ld(mult(rd(x,mult(y,z)),y),x),e),mult(ld(ld(mult(rd(x,mult(y,z)),y),x),e),mult(ld(rd(mult(u,w),mult(mult(ld(mult(rd(x,mult(y,z)),y),x),u),w)),ld(mult(rd(x,mult(y,z)),y),x)),ld(mult(rd(x,mult(y,z)),y),x)))) = ld(mult(rd(x,mult(y,z)),y),mult(rd(x,mult(y,z)),mult(y,mult(ld(z,e),mult(ld(z,e),mult(ld(rd(mult(u,w),mult(mult(z,u),w)),z),z)))))).  [back_rewrite(1033),rewrite([1490(30),1490(47)])].
    new demodulator: 1531.
        1490 back demodulating 1032.
kept:      1532 rd(mult(ld(x,e),mult(ld(x,e),mult(mult(mult(ld(rd(mult(y,z),mult(mult(x,y),z)),x),x),u),ld(u,w)))),w) = mult(rd(w,mult(mult(x,u),ld(u,w))),mult(rd(w,mult(mult(x,u),ld(u,w))),mult(ld(rd(mult(y,z),mult(mult(rd(mult(mult(x,u),ld(u,w)),w),y),z)),rd(mult(mult(x,u),ld(u,w)),w)),rd(mult(mult(x,u),ld(u,w)),w)))).  [back_rewrite(1032),rewrite([1490(10),1490(42)])].
    new demodulator: 1532.
        1490 back demodulating 1031.
kept:      1533 rd(mult(ld(x,e),mult(ld(x,e),mult(mult(mult(ld(rd(mult(y,z),mult(mult(x,y),z)),x),x),rd(u,w)),w))),u) = mult(rd(u,mult(mult(x,rd(u,w)),w)),mult(rd(u,mult(mult(x,rd(u,w)),w)),mult(ld(rd(mult(y,z),mult(mult(rd(mult(mult(x,rd(u,w)),w),u),y),z)),rd(mult(mult(x,rd(u,w)),w),u)),rd(mult(mult(x,rd(u,w)),w),u)))).  [back_rewrite(1031),rewrite([1490(10),1490(42)])].
    new demodulator: 1533.
        1490 back demodulating 1030.
kept:      1534 mult(ld(x,mult(ld(y,e),mult(ld(y,e),mult(ld(rd(mult(mult(ld(mult(ld(x,y),x),z),mult(ld(x,y),x)),u),mult(mult(y,mult(ld(mult(ld(x,y),x),z),mult(ld(x,y),x))),u)),y),y)))),x) = rd(mult(mult(z,mult(ld(x,y),x)),u),mult(mult(ld(mult(ld(x,y),x),z),mult(ld(x,y),x)),u)).  [back_rewrite(1030),rewrite([1490(22)])].
    new demodulator: 1534.
        1490 back demodulating 1029.
kept:      1535 mult(ld(x,mult(ld(y,e),mult(ld(y,e),mult(ld(rd(mult(z,mult(ld(mult(mult(ld(x,y),x),z),u),mult(mult(ld(x,y),x),z))),mult(mult(y,z),mult(ld(mult(mult(ld(x,y),x),z),u),mult(mult(ld(x,y),x),z)))),y),y)))),x) = rd(mult(u,mult(mult(ld(x,y),x),z)),mult(z,mult(ld(mult(mult(ld(x,y),x),z),u),mult(mult(ld(x,y),x),z)))).  [back_rewrite(1029),rewrite([1490(26)])].
    new demodulator: 1535.
        1490 back demodulating 1028.
kept:      1536 mult(ld(x,mult(ld(y,e),mult(ld(y,e),mult(ld(rd(mult(z,mult(ld(x,y),x)),mult(mult(y,z),mult(ld(x,y),x))),y),y)))),x) = mult(ld(x,y),x).  [back_rewrite(1028),rewrite([1490(14)])].
    new demodulator: 1536.
        1490 back demodulating 1026.
kept:      1537 mult(ld(x,mult(ld(y,e),mult(ld(y,e),mult(ld(rd(mult(mult(ld(x,y),x),z),mult(mult(y,mult(ld(x,y),x)),z)),y),y)))),x) = mult(ld(x,y),x).  [back_rewrite(1026),rewrite([1490(14)])].
    new demodulator: 1537.
        1490 back demodulating 1025.
kept:      1538 ld(mult(ld(x,mult(ld(y,e),mult(ld(y,e),mult(ld(rd(mult(z,u),mult(mult(y,z),u)),y),y)))),x),mult(mult(mult(ld(x,y),x),z),u)) = mult(z,u).  [back_rewrite(1025),rewrite([1490(10)])].
    new demodulator: 1538.
        1490 back demodulating 1024.
kept:      1539 mult(ld(x,mult(ld(y,e),mult(ld(y,e),mult(ld(rd(mult(mult(mult(ld(x,y),x),z),u),mult(mult(y,mult(mult(ld(x,y),x),z)),u)),y),y)))),x) = rd(mult(mult(ld(x,y),x),mult(mult(ld(x,y),x),mult(z,u))),mult(mult(mult(ld(x,y),x),z),u)).  [back_rewrite(1024),rewrite([1490(16)])].
    new demodulator: 1539.
        1490 back demodulating 1023.
kept:      1540 mult(ld(ld(x,mult(y,mult(z,mult(y,x)))),e),mult(ld(ld(x,mult(y,mult(z,mult(y,x)))),e),mult(ld(rd(mult(u,w),mult(mult(ld(x,mult(y,mult(z,mult(y,x)))),u),w)),ld(x,mult(y,mult(z,mult(y,x))))),ld(x,mult(y,mult(z,mult(y,x))))))) = mult(ld(x,rd(mult(mult(y,mult(z,mult(y,u))),w),mult(u,w))),x).  [back_rewrite(1023),rewrite([1490(30)])].
        1490 back demodulating 1022.
kept:      1541 mult(ld(x,mult(ld(rd(y,x),e),mult(ld(rd(y,x),e),mult(ld(rd(mult(z,u),mult(mult(rd(y,x),z),u)),rd(y,x)),rd(y,x))))),x) = mult(ld(ld(x,y),e),mult(ld(ld(x,y),e),mult(ld(rd(mult(z,u),mult(mult(ld(x,y),z),u)),ld(x,y)),ld(x,y)))).  [back_rewrite(1022),rewrite([1490(15),1490(34)])].
    new demodulator: 1541.
        1490 back demodulating 1021.
kept:      1542 mult(mult(ld(x,mult(ld(y,e),mult(ld(y,e),mult(ld(rd(mult(z,u),mult(mult(y,z),u)),y),y)))),x),mult(z,u)) = mult(mult(mult(ld(x,y),x),z),u).  [back_rewrite(1021),rewrite([1490(10)])].
    new demodulator: 1542.
        1490 back demodulating 1020.
kept:      1543 mult(ld(x,mult(ld(y,e),mult(ld(y,e),mult(ld(rd(mult(z,ld(mult(mult(ld(x,y),x),z),u)),mult(mult(y,z),ld(mult(mult(ld(x,y),x),z),u))),y),y)))),x) = rd(u,mult(z,ld(mult(mult(ld(x,y),x),z),u))).  [back_rewrite(1020),rewrite([1490(18)])].
    new demodulator: 1543.
        1490 back demodulating 1019.
kept:      1544 mult(ld(x,mult(ld(y,e),mult(ld(y,e),mult(ld(rd(mult(ld(mult(ld(x,y),x),z),u),mult(mult(y,ld(mult(ld(x,y),x),z)),u)),y),y)))),x) = rd(mult(z,u),mult(ld(mult(ld(x,y),x),z),u)).  [back_rewrite(1019),rewrite([1490(16)])].
    new demodulator: 1544.
        1490 back demodulating 1018.
kept:      1545 mult(ld(ld(ld(x,y),y),e),mult(ld(ld(ld(x,y),y),e),mult(ld(rd(mult(z,u),mult(mult(ld(ld(x,y),y),z),u)),ld(ld(x,y),y)),ld(ld(x,y),y)))) = mult(ld(ld(x,y),mult(ld(x,e),mult(ld(x,e),mult(ld(rd(mult(z,u),mult(mult(x,z),u)),x),x)))),ld(x,y)).  [back_rewrite(1018),rewrite([1490(20),1490(33)])].
    new demodulator: 1545.
        1490 back demodulating 1017.
kept:      1546 mult(ld(x,e),mult(ld(x,e),mult(ld(x,e),mult(ld(rd(mult(y,z),mult(mult(x,y),z)),x),mult(x,x))))) = mult(ld(x,e),mult(ld(x,e),mult(ld(rd(mult(y,z),mult(mult(x,y),z)),x),x))).  [back_rewrite(1017),rewrite([1490(12),954(13),1490(26)])].
    new demodulator: 1546.
        1490 back demodulating 1013.
kept:      1547 rd(mult(ld(x,e),mult(ld(x,e),mult(mult(mult(ld(rd(mult(y,z),mult(mult(x,y),z)),x),x),ld(u,e)),mult(u,w)))),w) = mult(rd(w,mult(mult(x,ld(u,e)),mult(u,w))),mult(rd(w,mult(mult(x,ld(u,e)),mult(u,w))),mult(ld(rd(mult(y,z),mult(mult(rd(mult(mult(x,ld(u,e)),mult(u,w)),w),y),z)),rd(mult(mult(x,ld(u,e)),mult(u,w)),w)),rd(mult(mult(x,ld(u,e)),mult(u,w)),w)))).  [back_rewrite(1013),rewrite([1490(10),1490(54)])].
    new demodulator: 1547.
        1490 back demodulating 1012.
kept:      1548 rd(mult(mult(x,ld(y,e)),z),ld(y,z)) = mult(ld(x,e),mult(ld(x,e),mult(ld(rd(mult(ld(y,e),z),mult(mult(x,ld(y,e)),z)),x),x))).  [back_rewrite(1012),rewrite([1490(20)])].
    new demodulator: 1548.
        1490 back demodulating 1011.
kept:      1549 rd(mult(ld(x,e),mult(ld(x,e),mult(mult(mult(ld(rd(mult(y,z),mult(mult(x,y),z)),x),x),ld(rd(u,w),e)),u))),w) = mult(rd(w,mult(mult(x,ld(rd(u,w),e)),u)),mult(rd(w,mult(mult(x,ld(rd(u,w),e)),u)),mult(ld(rd(mult(y,z),mult(mult(rd(mult(mult(x,ld(rd(u,w),e)),u),w),y),z)),rd(mult(mult(x,ld(rd(u,w),e)),u),w)),rd(mult(mult(x,ld(rd(u,w),e)),u),w)))).  [back_rewrite(1011),rewrite([1490(10),1490(54)])].
    new demodulator: 1549.
        1490 back demodulating 1010.
kept:      1550 rd(mult(ld(x,e),mult(ld(x,e),mult(mult(mult(ld(rd(mult(y,z),mult(mult(x,y),z)),x),x),u),mult(ld(u,e),w)))),w) = mult(rd(w,mult(mult(x,u),mult(ld(u,e),w))),mult(rd(w,mult(mult(x,u),mult(ld(u,e),w))),mult(ld(rd(mult(y,z),mult(mult(rd(mult(mult(x,u),mult(ld(u,e),w)),w),y),z)),rd(mult(mult(x,u),mult(ld(u,e),w)),w)),rd(mult(mult(x,u),mult(ld(u,e),w)),w)))).  [back_rewrite(1010),rewrite([1490(10),1490(54)])].
    new demodulator: 1550.
        1490 back demodulating 1009.
kept:      1551 rd(mult(ld(x,e),mult(ld(x,e),mult(mult(mult(ld(rd(mult(y,z),mult(mult(x,y),z)),x),x),u),w))),mult(u,w)) = ld(rd(mult(y,z),mult(ld(x,e),mult(ld(x,e),mult(mult(mult(ld(rd(mult(u,w),mult(mult(x,u),w)),x),x),y),z)))),e).  [back_rewrite(1009),rewrite([1490(10),1490(27)])].
    new demodulator: 1551.
        1490 back demodulating 1008.
kept:      1552 rd(mult(ld(rd(mult(x,y),mult(mult(z,x),y)),e),mult(ld(rd(mult(x,y),mult(mult(z,x),y)),e),mult(mult(rd(mult(x,y),mult(mult(z,x),y)),u),w))),mult(u,w)) = ld(rd(mult(u,w),mult(ld(z,e),mult(ld(z,e),mult(mult(mult(ld(rd(mult(x,y),mult(mult(z,x),y)),z),z),u),w)))),e).  [back_rewrite(1008),rewrite([1490(33)])].
    new demodulator: 1552.
        1490 back demodulating 1007.
kept:      1553 rd(mult(ld(x,e),mult(ld(x,e),mult(mult(mult(ld(rd(mult(y,z),mult(mult(x,y),z)),x),x),ld(u,e)),w))),ld(u,w)) = ld(rd(mult(ld(u,e),w),mult(ld(x,e),mult(ld(x,e),mult(mult(mult(ld(rd(mult(y,z),mult(mult(x,y),z)),x),x),ld(u,e)),w)))),e).  [back_rewrite(1007),rewrite([1490(10),1490(31)])].
    new demodulator: 1553.
        1490 back demodulating 1006.
kept:      1554 rd(mult(ld(rd(mult(x,y),mult(mult(z,x),y)),ld(z,e)),u),mult(ld(z,e),u)) = mult(ld(z,e),mult(ld(z,e),mult(ld(rd(mult(x,y),mult(mult(z,x),y)),z),z))).  [back_rewrite(1006),rewrite([1490(22)])].
    new demodulator: 1554.
        1490 back demodulating 1005.
kept:      1555 mult(ld(x,ld(rd(mult(y,z),mult(ld(u,e),mult(ld(u,e),mult(mult(mult(ld(rd(mult(w,v5),mult(mult(u,w),v5)),u),u),y),z)))),e)),x) = mult(ld(x,ld(rd(mult(w,v5),mult(ld(u,e),mult(ld(u,e),mult(mult(mult(ld(rd(mult(y,z),mult(mult(u,y),z)),u),u),w),v5)))),e)),x).  [back_rewrite(1005),rewrite([1490(11),1490(31)])].
        1490 back demodulating 1004.
kept:      1556 rd(mult(ld(rd(mult(x,mult(ld(y,e),mult(ld(y,e),mult(ld(rd(mult(z,u),mult(mult(y,z),u)),y),y)))),mult(mult(y,x),mult(ld(y,e),mult(ld(y,e),mult(ld(rd(mult(z,u),mult(mult(y,z),u)),y),y))))),z),u),mult(z,u)) = mult(ld(y,e),mult(ld(y,e),mult(ld(rd(mult(z,u),mult(mult(y,z),u)),y),y))).  [back_rewrite(1004),rewrite([1490(10),1490(24),1490(42)])].
    new demodulator: 1556.
        1490 back demodulating 1003.
        1490 back demodulating 1002.
kept:      1557 rd(mult(ld(rd(mult(x,y),mult(mult(z,x),y)),z),u),mult(z,u)) = mult(ld(z,e),mult(ld(z,e),mult(ld(rd(mult(x,y),mult(mult(z,x),y)),z),z))).  [back_rewrite(1002),rewrite([1490(18)])].
    new demodulator: 1557.
        1490 back demodulating 1001.
kept:      1558 rd(mult(ld(rd(mult(x,y),mult(mult(mult(z,u),x),y)),z),w),mult(z,w)) = mult(rd(mult(z,w),mult(z,mult(u,mult(z,w)))),mult(rd(mult(z,w),mult(z,mult(u,mult(z,w)))),mult(ld(rd(mult(x,y),mult(mult(rd(mult(z,mult(u,mult(z,w))),mult(z,w)),x),y)),rd(mult(z,mult(u,mult(z,w))),mult(z,w))),rd(mult(z,mult(u,mult(z,w))),mult(z,w))))).  [back_rewrite(1001),rewrite([1490(40)])].
    new demodulator: 1558.
        1490 back demodulating 1000.
kept:      1559 rd(mult(ld(rd(mult(x,y),mult(mult(rd(z,u),x),y)),u),w),mult(u,w)) = mult(ld(rd(mult(z,w),mult(u,w)),e),mult(ld(rd(mult(z,w),mult(u,w)),e),mult(ld(rd(mult(x,y),mult(mult(rd(mult(z,w),mult(u,w)),x),y)),rd(mult(z,w),mult(u,w))),rd(mult(z,w),mult(u,w))))).  [back_rewrite(1000),rewrite([1490(34)])].
    new demodulator: 1559.
        1490 back demodulating 999.
kept:      1560 rd(mult(ld(rd(mult(x,ld(mult(ld(y,e),mult(ld(y,e),mult(mult(ld(rd(mult(z,u),mult(mult(y,z),u)),y),y),x))),w)),mult(mult(y,x),ld(mult(ld(y,e),mult(ld(y,e),mult(mult(ld(rd(mult(z,u),mult(mult(y,z),u)),y),y),x))),w))),z),u),mult(z,u)) = rd(w,mult(x,ld(mult(ld(y,e),mult(ld(y,e),mult(mult(ld(rd(mult(z,u),mult(mult(y,z),u)),y),y),x))),w))).  [back_rewrite(999),rewrite([1490(10),1490(26),1490(46)])].
    new demodulator: 1560.
        1490 back demodulating 998.
kept:      1561 ld(rd(mult(x,y),mult(ld(z,e),mult(ld(z,e),mult(mult(mult(ld(rd(mult(u,w),mult(mult(z,u),w)),z),z),x),y)))),e) = ld(rd(mult(u,w),mult(ld(z,e),mult(ld(z,e),mult(mult(mult(ld(rd(mult(x,y),mult(mult(z,x),y)),z),z),u),w)))),e).  [back_rewrite(998),rewrite([1490(11),1490(29)])].
        1490 back demodulating 997.
kept:      1562 rd(mult(ld(rd(mult(x,y),mult(ld(rd(z,u),e),mult(ld(rd(z,u),e),mult(mult(rd(z,u),x),y)))),z),w),mult(z,w)) = mult(ld(rd(mult(u,w),mult(z,w)),e),mult(ld(rd(mult(u,w),mult(z,w)),e),mult(ld(rd(mult(x,y),mult(mult(rd(mult(u,w),mult(z,w)),x),y)),rd(mult(u,w),mult(z,w))),rd(mult(u,w),mult(z,w))))).  [back_rewrite(997),rewrite([1490(42)])].
    new demodulator: 1562.
        1490 back demodulating 992.
kept:      1563 ld(mult(x,mult(mult(ld(x,y),y),z)),mult(y,mult(y,z))) != e | mult(ld(y,e),mult(ld(y,e),mult(x,mult(mult(ld(x,y),y),z)))) = z.  [back_rewrite(992),rewrite([1490(2),1490(15)])].
        1490 back demodulating 988.
kept:      1564 rd(mult(mult(x,y),z),mult(y,z)) = mult(ld(x,e),mult(ld(x,e),mult(ld(rd(mult(y,z),mult(mult(x,y),z)),x),x))).  [back_rewrite(988),rewrite([1490(14)])].
    new demodulator: 1564.
        1490 back demodulating 981.
kept:      1565 mult(mult(ld(x,y),y),x) != mult(y,y) | mult(ld(y,e),mult(ld(y,e),mult(x,mult(y,y)))) = x.  [back_rewrite(981),rewrite([1490(2)])].
        1490 back demodulating 975.
kept:      1566 mult(ld(x,e),mult(ld(x,e),mult(mult(x,y),ld(y,x)))) != e | mult(ld(mult(x,y),x),x) = ld(y,x).  [back_rewrite(975),rewrite([1490(14)])].
        1490 back demodulating 973.
kept:      1567 mult(ld(x,e),mult(ld(x,e),mult(mult(rd(mult(x,x),mult(y,z)),y),z))) != e | mult(ld(mult(rd(mult(x,x),mult(y,z)),y),x),x) = z.  [back_rewrite(973),rewrite([1490(19)])].
        1490 back demodulating 960.
kept:      1568 mult(ld(x,e),mult(ld(x,e),mult(y,mult(mult(ld(y,x),x),z)))) != z | ld(mult(y,mult(mult(ld(y,x),x),z)),mult(x,mult(x,z))) = e.  [back_rewrite(960),rewrite([1490(6),1490(13)])].
        1490 back demodulating 903.
kept:      1569 rd(mult(x,mult(x,y)),mult(mult(ld(y,x),x),y)) = y.  [back_rewrite(903),rewrite([1490(4)])].
    new demodulator: 1569.
        1490 back demodulating 891.
kept:      1570 rd(mult(mult(ld(rd(mult(x,y),mult(ld(z,e),mult(ld(z,e),mult(mult(z,x),y)))),z),z),u),mult(z,mult(z,u))) = rd(mult(ld(z,e),mult(ld(z,e),mult(mult(z,x),y))),mult(x,y)).  [back_rewrite(891),rewrite([1490(12)])].
    new demodulator: 1570.
        1490 back demodulating 626.
kept:      1571 mult(mult(ld(x,y),y),x) != mult(y,y) | ld(mult(x,mult(y,y)),mult(y,mult(y,x))) = e.  [back_rewrite(626),rewrite([1490(2)])].
        1490 back demodulating 625.
kept:      1572 ld(mult(x,mult(y,y)),mult(y,mult(y,x))) != e | mult(mult(ld(x,y),y),x) = mult(y,y).  [back_rewrite(625),rewrite([1490(9)])].
        1490 back demodulating 616.
kept:      1573 ld(x,mult(y,mult(y,x))) = mult(mult(ld(x,y),y),x).  [back_rewrite(616),rewrite([1490(5)])].
    new demodulator: 1573.
    starting back demodulation with 1491.
    starting back demodulation with 1493.
    starting back demodulation with 1494.
    starting back demodulation with 1495.
    starting back demodulation with 1496.
    starting back demodulation with 1497.
    starting back demodulation with 1498.
    starting back demodulation with 1499.
    starting back demodulation with 1501.
    starting back demodulation with 1502.
    starting back demodulation with 1506.
    starting back demodulation with 1508.
    starting back demodulation with 1511.
    starting back demodulation with 1512.
    starting back demodulation with 1513.
    starting back demodulation with 1514.
    starting back demodulation with 1515.
    starting back demodulation with 1516.
    starting back demodulation with 1518.
    starting back demodulation with 1520.
    starting back demodulation with 1521.
    starting back demodulation with 1522.
    starting back demodulation with 1523.
        1523 back demodulating 1522.
    starting back demodulation with 1524.
    starting back demodulation with 1525.
    starting back demodulation with 1526.
    starting back demodulation with 1527.
    starting back demodulation with 1528.
    starting back demodulation with 1529.
    starting back demodulation with 1530.
    starting back demodulation with 1531.
    starting back demodulation with 1532.
    starting back demodulation with 1533.
    starting back demodulation with 1534.
    starting back demodulation with 1535.
    starting back demodulation with 1536.
    starting back demodulation with 1537.
    starting back demodulation with 1538.
    starting back demodulation with 1539.
    starting back demodulation with 1541.
    starting back demodulation with 1542.
    starting back demodulation with 1543.
    starting back demodulation with 1544.
    starting back demodulation with 1545.
    starting back demodulation with 1546.
    starting back demodulation with 1547.
    starting back demodulation with 1548.
    starting back demodulation with 1549.
    starting back demodulation with 1550.
    starting back demodulation with 1551.
    starting back demodulation with 1552.
    starting back demodulation with 1553.
    starting back demodulation with 1554.
    starting back demodulation with 1556.
    starting back demodulation with 1557.
    starting back demodulation with 1558.
    starting back demodulation with 1559.
    starting back demodulation with 1560.
    starting back demodulation with 1562.
    starting back demodulation with 1564.
    starting back demodulation with 1569.
    starting back demodulation with 1570.
    starting back demodulation with 1573.

given #92 (A,wt=16): 68 ld(ld(x,y),y) != x | ld(mult(ld(x,y),x),y) = e.  [para(10(a,1),30(a,1,2)),rewrite([10(7)])].
kept:      1574 mult(x,rd(y,x)) != y | ld(mult(x,mult(x,rd(y,x))),mult(x,y)) = e.  [para(343(a,1),68(a,1,1)),rewrite([9(2),343(7)]),flip(a)].
kept:      1575 ld(mult(x,y),y) != ld(x,e) | ld(mult(x,mult(y,ld(x,e))),y) = e.  [para(662(a,1),68(a,1,1)),rewrite([662(8),702(9)])].
kept:      1576 ld(mult(ld(x,e),y),y) != x | ld(mult(ld(x,y),x),y) = e.  [para(663(a,1),68(a,1,1))].
kept:      1577 mult(ld(ld(x,y),e),y) != x | ld(mult(ld(x,y),x),y) = e.  [para(663(a,1),68(a,1))].
kept:      1578 rd(x,y) != ld(mult(rd(y,x),z),z) | ld(mult(ld(rd(x,y),z),rd(x,y)),z) = e.  [para(868(a,1),68(a,1,1)),flip(a)].
kept:      1579 ld(x,rd(y,x)) != mult(ld(x,e),mult(ld(x,e),y)) | ld(rd(y,x),ld(x,y)) = e.  [para(1041(a,1),68(a,1,1)),rewrite([959(2),1041(13),10(12)]),flip(a)].
kept:      1580 mult(ld(x,y),mult(x,x)) != mult(y,x) | ld(mult(x,mult(y,x)),mult(y,mult(x,x))) = e.  [para(1170(a,1),68(a,1,1)),rewrite([1193(3),1170(9)])].
kept:      1581 rd(x,y) != mult(ld(y,e),mult(ld(y,e),mult(x,y))) | ld(mult(y,mult(y,rd(x,y))),mult(x,y)) = e.  [para(1283(a,1),68(a,1,1)),rewrite([993(3),1283(12),161(12)]),flip(a)].

given #93 (T,wt=11): 1318 ld(mult(ld(x,e),rd(x,y)),e) = y.  [back_rewrite(696),rewrite([1311(7),640(6),575(3)]),xx(a)].
kept:      1582 ld(mult(ld(mult(x,y),e),x),e) = y.  [para(11(a,1),1318(a,1,1,2))].
    new demodulator: 1582.
kept:      1583 mult(ld(x,e),rd(x,y)) = ld(y,e).  [para(1318(a,1),53(a,1,2)),rewrite([567(2)]),flip(a)].
    new demodulator: 1583.
kept:      1584 ld(mult(ld(x,e),y),e) = ld(y,x).  [para(53(a,1),1318(a,1,1,2))].
    new demodulator: 1584.
kept:      1585 ld(mult(x,rd(ld(x,e),y)),e) = y.  [para(54(a,1),1318(a,1,1,1)),rewrite([567(2)])].
    new demodulator: 1585.
kept:      1586 ld(ld(x,rd(x,y)),e) = y.  [para(663(a,2),1318(a,1,1))].
    new demodulator: 1586.
kept:      1587 ld(mult(rd(x,y),rd(rd(y,x),z)),e) = z.  [para(796(a,2),1318(a,1,1,1))].
    new demodulator: 1587.
    1582 back subsumes 699.
    starting back demodulation with 1582.
        1582 back demodulating 698.
kept:      1588 mult(ld(mult(x,y),e),mult(ld(mult(x,y),e),mult(x,mult(y,mult(x,y))))) = e.  [back_rewrite(698),rewrite([1584(6),9(2)]),xx(a)].
    new demodulator: 1588.
    starting back demodulation with 1583.
        1583 back demodulating 1318.
    1584 back subsumes 697.
    starting back demodulation with 1584.
        1584 back demodulating 1582.
        1584 back demodulating 920.
kept:      1589 mult(ld(x,e),mult(ld(x,e),mult(mult(x,y),ld(y,x)))) = e.  [back_rewrite(920),rewrite([1584(5)]),xx(a)].
    new demodulator: 1589.
        1584 back demodulating 741.
kept:      1590 ld(ld(x,y),mult(ld(x,e),mult(y,ld(mult(z,u),mult(z,mult(u,w)))))) = mult(ld(y,x),mult(ld(x,e),mult(y,ld(mult(z,u),mult(z,mult(u,w)))))).  [back_rewrite(741),rewrite([1584(15)])].
    new demodulator: 1590.
    starting back demodulation with 1585.
    starting back demodulation with 1586.
    1587 back subsumes 897.
    starting back demodulation with 1587.
        1587 back demodulating 1257.
kept:      1591 mult(mult(rd(x,y),rd(rd(y,x),z)),z) = e.  [back_rewrite(1257),rewrite([1587(6)]),xx(a)].
    new demodulator: 1591.
    starting back demodulation with 1588.
    starting back demodulation with 1589.
        1589 back demodulating 1566.
kept:      1592 mult(ld(mult(x,y),x),x) = ld(y,x).  [back_rewrite(1566),rewrite([1589(9)]),xx(a)].
    new demodulator: 1592.
    starting back demodulation with 1590.
    starting back demodulation with 1591.
    starting back demodulation with 1592.
        1592 back demodulating 1521.
        1592 back demodulating 1516.

given #94 (T,wt=9): 1586 ld(ld(x,rd(x,y)),e) = y.  [para(663(a,2),1318(a,1,1))].
kept:      1593 mult(ld(x,rd(x,y)),y) = e.  [para(1586(a,1),10(a,1,2))].
    new demodulator: 1593.
kept:      1594 ld(ld(mult(x,y),x),e) = y.  [para(11(a,1),1586(a,1,1,2))].
    new demodulator: 1594.
kept:      1595 ld(x,rd(x,y)) = ld(y,e).  [para(1586(a,1),53(a,1,2)),rewrite([567(2)]),flip(a)].
    new demodulator: 1595.
kept:      1596 ld(ld(x,y),e) = ld(y,x).  [para(53(a,1),1586(a,1,1,2))].
    new demodulator: 1596.
    starting back demodulation with 1593.
    starting back demodulation with 1594.
    starting back demodulation with 1595.
        1595 back demodulating 1593.
        1595 back demodulating 1586.
        1595 back demodulating 1111.
kept:      1597 rd(x,y) != ld(rd(y,x),e) | ld(rd(z,rd(y,x)),mult(z,rd(x,y))) = e.  [back_rewrite(1111),rewrite([1595(4)])].
        1595 back demodulating 1101.
kept:      1598 ld(rd(x,ld(y,e)),mult(x,y)) = e.  [back_rewrite(1101),rewrite([1595(4),1596(4),49(2)]),xx(a)].
    new demodulator: 1598.
        1595 back demodulating 898.
        1595 back demodulating 715.
    1596 back subsumes 578.
    starting back demodulation with 1596.
        1596 back demodulating 1594.
        1596 back demodulating 1577.
kept:      1599 mult(ld(x,y),x) != y | ld(mult(ld(y,x),y),x) = e.  [back_rewrite(1577),rewrite([1596(3)])].
        1596 back demodulating 1545.
kept:      1600 mult(ld(x,ld(y,x)),mult(ld(x,ld(y,x)),mult(ld(rd(mult(z,u),mult(mult(ld(ld(y,x),x),z),u)),ld(ld(y,x),x)),ld(ld(y,x),x)))) = mult(ld(ld(y,x),mult(ld(y,e),mult(ld(y,e),mult(ld(rd(mult(z,u),mult(mult(y,z),u)),y),y)))),ld(y,x)).  [back_rewrite(1545),rewrite([1596(4),1596(6)])].
    new demodulator: 1600.
        1596 back demodulating 1541.
kept:      1601 mult(ld(x,mult(ld(rd(y,x),e),mult(ld(rd(y,x),e),mult(ld(rd(mult(z,u),mult(mult(rd(y,x),z),u)),rd(y,x)),rd(y,x))))),x) = mult(ld(y,x),mult(ld(y,x),mult(ld(rd(mult(z,u),mult(mult(ld(x,y),z),u)),ld(x,y)),ld(x,y)))).  [back_rewrite(1541),rewrite([1596(22),1596(23)])].
    new demodulator: 1601.
        1596 back demodulating 1540.
kept:      1602 mult(ld(mult(x,mult(y,mult(x,z))),z),mult(ld(mult(x,mult(y,mult(x,z))),z),mult(ld(rd(mult(u,w),mult(mult(ld(z,mult(x,mult(y,mult(x,z)))),u),w)),ld(z,mult(x,mult(y,mult(x,z))))),ld(z,mult(x,mult(y,mult(x,z))))))) = mult(ld(z,rd(mult(mult(x,mult(y,mult(x,u))),w),mult(u,w))),z).  [back_rewrite(1540),rewrite([1596(6),1596(10)])].
        1596 back demodulating 1531.
kept:      1603 mult(ld(x,mult(rd(x,mult(y,z)),y)),mult(ld(x,mult(rd(x,mult(y,z)),y)),mult(ld(rd(mult(u,w),mult(mult(ld(mult(rd(x,mult(y,z)),y),x),u),w)),ld(mult(rd(x,mult(y,z)),y),x)),ld(mult(rd(x,mult(y,z)),y),x)))) = ld(mult(rd(x,mult(y,z)),y),mult(rd(x,mult(y,z)),mult(y,mult(ld(z,e),mult(ld(z,e),mult(ld(rd(mult(u,w),mult(mult(z,u),w)),z),z)))))).  [back_rewrite(1531),rewrite([1596(6),1596(10)])].
    new demodulator: 1603.
        1596 back demodulating 1530.
kept:      1604 mult(ld(mult(rd(x,y),mult(y,z)),x),mult(ld(mult(rd(x,y),mult(y,z)),x),mult(ld(rd(mult(u,w),mult(mult(ld(x,mult(rd(x,y),mult(y,z))),u),w)),ld(x,mult(rd(x,y),mult(y,z)))),ld(x,mult(rd(x,y),mult(y,z)))))) = ld(x,mult(rd(x,y),mult(y,mult(ld(z,e),mult(ld(z,e),mult(ld(rd(mult(u,w),mult(mult(z,u),w)),z),z)))))).  [back_rewrite(1530),rewrite([1596(6),1596(10)])].
    new demodulator: 1604.
        1596 back demodulating 1526.
kept:      1605 mult(ld(mult(x,y),mult(x,z)),mult(ld(mult(x,y),mult(x,z)),mult(ld(rd(mult(u,w),mult(mult(ld(mult(x,z),mult(x,y)),u),w)),ld(mult(x,z),mult(x,y))),ld(mult(x,z),mult(x,y))))) = ld(mult(x,z),mult(x,mult(z,mult(ld(y,z),mult(ld(y,z),mult(ld(rd(mult(u,w),mult(mult(ld(z,y),u),w)),ld(z,y)),ld(z,y))))))).  [back_rewrite(1526),rewrite([1596(5),1596(8),1596(27),1596(28)])].
    new demodulator: 1605.
        1596 back demodulating 1525.
kept:      1606 mult(ld(mult(x,mult(ld(x,y),z)),y),mult(ld(mult(x,mult(ld(x,y),z)),y),mult(ld(rd(mult(u,w),mult(mult(ld(y,mult(x,mult(ld(x,y),z))),u),w)),ld(y,mult(x,mult(ld(x,y),z)))),ld(y,mult(x,mult(ld(x,y),z)))))) = ld(y,mult(x,mult(ld(x,y),mult(ld(z,e),mult(ld(z,e),mult(ld(rd(mult(u,w),mult(mult(z,u),w)),z),z)))))).  [back_rewrite(1525),rewrite([1596(6),1596(10)])].
    new demodulator: 1606.
        1596 back demodulating 1065.
kept:      1607 rd(x,ld(x,y)) = ld(rd(y,x),x).  [back_rewrite(1065),rewrite([1596(6)])].
    new demodulator (lex_dep_both): 1607.
        1596 back demodulating 1062.
kept:      1608 mult(ld(rd(x,y),y),ld(y,x)) = y.  [back_rewrite(1062),rewrite([1596(4)])].
    new demodulator: 1608.
        1596 back demodulating 989.
kept:      1609 ld(mult(x,y),mult(x,mult(y,mult(ld(mult(x,mult(y,z)),mult(x,y)),mult(ld(mult(x,mult(y,z)),mult(x,y)),mult(z,mult(ld(mult(x,y),mult(x,mult(y,z))),ld(mult(x,y),mult(x,mult(y,z)))))))))) = ld(mult(x,y),mult(x,mult(y,z))).  [back_rewrite(989),rewrite([1596(7),1596(11)])].
    new demodulator: 1609.
        1596 back demodulating 853.
kept:      1610 ld(x,mult(y,z)) != mult(ld(x,y),z) | ld(mult(y,z),mult(x,mult(ld(x,y),z))) = e.  [back_rewrite(853),rewrite([1596(5),1596(9)])].
        1596 back demodulating 836.
kept:      1611 ld(mult(x,y),mult(z,mult(ld(z,x),y))) != e | ld(z,mult(x,y)) = mult(ld(z,x),y).  [back_rewrite(836),rewrite([1596(4),1596(12)])].
    starting back demodulation with 1598.
    starting back demodulation with 1600.
    starting back demodulation with 1601.
    starting back demodulation with 1603.
    starting back demodulation with 1604.
    starting back demodulation with 1605.
    starting back demodulation with 1606.
    starting back demodulation with 1607.
    starting back demodulation with 1608.
    starting back demodulation with 1609.

given #95 (T,wt=9): 1595 ld(x,rd(x,y)) = ld(y,e).  [para(1586(a,1),53(a,1,2)),rewrite([567(2)]),flip(a)].
kept:      1612 rd(x,y) = mult(x,ld(y,e)).  [para(1595(a,1),10(a,1,2)),flip(a)].
    new demodulator: 1612.
kept:      1613 ld(mult(x,y),x) = ld(y,e).  [para(11(a,1),1595(a,1,2))].
    new demodulator: 1613.
kept:      1614 mult(mult(x,ld(y,e)),y) = x.  [para(1595(a,1),53(a,1,2)),rewrite([1612(1),1612(6),1596(7),49(5)])].
    new demodulator: 1614.
kept:      1615 mult(ld(mult(x,y),e),x) = ld(y,e).  [para(253(a,1),1595(a,1,2)),rewrite([1490(4),1613(3)])].
    new demodulator: 1615.
kept:      1616 ld(mult(x,y),e) = ld(y,ld(x,e)).  [para(664(a,1),1595(a,1,2)),flip(a)].
    new demodulator: 1616.
kept:      1617 ld(ld(x,y),ld(x,e)) = ld(y,e).  [para(719(a,1),1595(a,1,2))].
    new demodulator: 1617.
kept:      1618 ld(mult(x,y),y) = ld(y,ld(x,y)).  [para(352(a,1),1595(a,1,2)),rewrite([1616(6),1596(5)])].
    new demodulator: 1618.
kept:      1619 mult(mult(x,ld(y,e)),mult(mult(y,ld(x,e)),ld(z,e))) = ld(z,e).  [para(1595(a,1),868(a,1)),rewrite([1612(3),1612(6),1612(9)]),flip(a)].
    new demodulator: 1619.
kept:      1620 ld(ld(x,y),ld(x,mult(y,ld(x,e)))) = ld(x,e).  [para(1042(a,1),1595(a,1,2)),rewrite([1612(2)])].
    new demodulator: 1620.
kept:      1621 ld(mult(x,mult(y,y)),mult(x,y)) = ld(y,e).  [para(1172(a,1),1595(a,1,2))].
    new demodulator: 1621.
kept:      1622 ld(mult(x,y),mult(x,ld(y,e))) = mult(ld(y,e),ld(y,e)).  [para(1284(a,1),1595(a,1,2)),rewrite([1612(2),993(8),8(11)])].
    new demodulator: 1622.
kept:      1623 mult(x,mult(y,ld(x,e))) != y | ld(mult(ld(x,e),y),mult(y,ld(x,e))) = e.  [para(1595(a,1),68(a,1,1)),rewrite([1612(3),351(6),662(3),702(4),1612(6),9(9),1612(9)])].
    starting back demodulation with 1612.
        1612 back demodulating 1608.
kept:      1624 mult(ld(mult(x,ld(y,e)),y),ld(y,x)) = y.  [back_rewrite(1608),rewrite([1612(1)])].
    new demodulator: 1624.
        1612 back demodulating 1607.
kept:      1625 ld(mult(x,ld(y,e)),y) = mult(y,ld(x,y)).  [back_rewrite(1607),rewrite([1612(2),1596(3),1612(3)]),flip(a)].
    new demodulator: 1625.
        1612 back demodulating 1606.
kept:      1626 mult(ld(mult(x,mult(ld(x,y),z)),y),mult(ld(mult(x,mult(ld(x,y),z)),y),mult(ld(mult(mult(u,w),ld(w,ld(u,ld(mult(x,mult(ld(x,y),z)),y)))),ld(y,mult(x,mult(ld(x,y),z)))),ld(y,mult(x,mult(ld(x,y),z)))))) = ld(y,mult(x,mult(ld(x,y),mult(ld(z,e),mult(ld(z,e),mult(ld(mult(mult(u,w),ld(w,ld(u,ld(z,e)))),z),z)))))).  [back_rewrite(1606),rewrite([1612(16),1616(17),1616(16),1596(15),1612(37),1616(38),1616(37)])].
    new demodulator: 1626.
        1612 back demodulating 1605.
kept:      1627 mult(ld(mult(x,y),mult(x,z)),mult(ld(mult(x,y),mult(x,z)),mult(ld(mult(mult(u,w),ld(w,ld(u,ld(mult(x,y),mult(x,z))))),ld(mult(x,z),mult(x,y))),ld(mult(x,z),mult(x,y))))) = ld(mult(x,z),mult(x,mult(z,mult(ld(y,z),mult(ld(y,z),mult(ld(mult(mult(u,w),ld(w,ld(u,ld(y,z)))),ld(z,y)),ld(z,y))))))).  [back_rewrite(1605),rewrite([1612(13),1616(14),1616(13),1596(12),1612(31),1616(32),1616(31),1596(30)])].
    new demodulator: 1627.
        1612 back demodulating 1604.
        1612 back demodulating 1603.
        1612 back demodulating 1602.
kept:      1628 mult(ld(mult(x,mult(y,mult(x,z))),z),mult(ld(mult(x,mult(y,mult(x,z))),z),mult(ld(mult(mult(u,w),ld(w,ld(u,ld(mult(x,mult(y,mult(x,z))),z)))),ld(z,mult(x,mult(y,mult(x,z))))),ld(z,mult(x,mult(y,mult(x,z))))))) = mult(ld(z,mult(mult(mult(x,mult(y,mult(x,u))),w),ld(w,ld(u,e)))),z).  [back_rewrite(1602),rewrite([1612(16),1616(17),1616(16),1596(15),1612(34),1616(35)])].
    new demodulator: 1628.
        1612 back demodulating 1601.
kept:      1629 mult(ld(x,mult(mult(x,ld(y,e)),mult(mult(x,ld(y,e)),mult(ld(mult(mult(z,u),ld(u,ld(z,mult(x,ld(y,e))))),mult(y,ld(x,e))),mult(y,ld(x,e)))))),x) = mult(ld(y,x),mult(ld(y,x),mult(ld(mult(mult(z,u),ld(u,ld(z,ld(y,x)))),ld(x,y)),ld(x,y)))).  [back_rewrite(1601),rewrite([1612(1),1616(5),662(5),1612(4),1616(8),662(8),1612(8),1612(13),1616(14),1616(13),1616(12),662(12),1612(14),1612(18),1612(32),1616(33),1616(32),1596(31)])].
        1612 back demodulating 1600.
kept:      1630 mult(ld(ld(x,y),mult(ld(x,e),mult(ld(x,e),mult(ld(mult(mult(z,u),ld(u,ld(z,ld(x,e)))),x),x)))),ld(x,y)) = mult(ld(y,ld(x,y)),mult(ld(y,ld(x,y)),mult(ld(mult(mult(z,u),ld(u,ld(z,ld(y,ld(x,y))))),ld(ld(x,y),y)),ld(ld(x,y),y)))).  [back_rewrite(1600),rewrite([1612(10),1616(11),1616(10),1596(9),1612(27),1616(28),1616(27)]),flip(a)].
        1612 back demodulating 1598.
        1612 back demodulating 1597.
        1612 back demodulating 1595.
        1612 back demodulating 1591.
        1612 back demodulating 1587.
        1612 back demodulating 1585.
        1612 back demodulating 1583.
        1612 back demodulating 1581.
kept:      1631 mult(ld(x,e),mult(ld(x,e),mult(y,x))) != mult(y,ld(x,e)) | ld(mult(x,mult(x,mult(y,ld(x,e)))),mult(y,x)) = e.  [back_rewrite(1581),rewrite([1612(1),1612(12)]),flip(a)].
        1612 back demodulating 1579.
kept:      1632 ld(x,mult(y,ld(x,e))) != mult(ld(x,e),mult(ld(x,e),y)) | ld(mult(y,ld(x,e)),ld(x,y)) = e.  [back_rewrite(1579),rewrite([1612(1),1612(12)])].
        1612 back demodulating 1578.
kept:      1633 ld(x,ld(mult(y,ld(z,e)),x)) != mult(z,ld(y,e)) | ld(mult(ld(mult(z,ld(y,e)),x),mult(z,ld(y,e))),x) = e.  [back_rewrite(1578),rewrite([1612(1),1612(4),1618(8),1612(10),1612(14)]),flip(a)].
        1612 back demodulating 1574.
kept:      1634 mult(x,mult(y,ld(x,e))) != y | ld(mult(x,mult(x,mult(y,ld(x,e)))),mult(x,y)) = e.  [back_rewrite(1574),rewrite([1612(1),1612(6)])].
        1612 back demodulating 1570.
kept:      1635 mult(mult(mult(ld(mult(mult(x,y),ld(mult(ld(z,e),mult(mult(z,x),y)),z)),z),z),u),ld(mult(z,u),ld(z,e))) = mult(ld(z,e),mult(ld(z,e),mult(mult(mult(z,x),y),ld(y,ld(x,e))))).  [back_rewrite(1570),rewrite([1612(10),1616(11),1596(10),49(8),1612(14),1616(15),1612(26),1616(27),46(28)])].
    new demodulator: 1635.
        1612 back demodulating 1569.
kept:      1636 mult(x,mult(x,mult(y,mult(mult(ld(y,ld(x,e)),ld(x,e)),y)))) = y.  [back_rewrite(1569),rewrite([1612(6),1616(7),1616(6),1596(5),959(4),1573(9),46(10)])].
    new demodulator: 1636.
        1612 back demodulating 1567.
kept:      1637 mult(mult(ld(x,ld(y,e)),y),x) != e | mult(ld(mult(ld(x,ld(y,e)),y),ld(z,e)),z) = x.  [back_rewrite(1567),rewrite([1612(7),1616(8),161(9),46(10),46(11),640(12),640(9),1612(10),1616(11),161(12),46(13),1613(14),1616(14)])].
        1612 back demodulating 1564.
kept:      1638 mult(ld(x,e),mult(ld(x,e),mult(ld(mult(mult(y,z),ld(z,ld(y,ld(x,e)))),x),x))) = mult(mult(mult(x,y),z),ld(z,ld(y,e))).  [back_rewrite(1564),rewrite([1612(4),1616(5),1612(14),1616(15),1616(14)]),flip(a)].
    new demodulator: 1638.
        1612 back demodulating 1562.
kept:      1639 mult(ld(ld(x,ld(y,e)),ld(x,ld(z,e))),mult(ld(ld(x,ld(y,e)),ld(x,ld(z,e))),mult(ld(mult(mult(u,w),ld(w,ld(u,ld(ld(x,ld(y,e)),ld(x,ld(z,e)))))),mult(mult(z,x),ld(x,ld(y,e)))),mult(mult(z,x),ld(x,ld(y,e)))))) = mult(mult(ld(mult(mult(u,w),ld(mult(mult(z,ld(y,e)),mult(mult(mult(y,ld(z,e)),u),w)),mult(y,ld(z,e)))),y),x),ld(x,ld(y,e))).  [back_rewrite(1562),rewrite([1612(2),1616(6),662(6),1612(5),1616(9),662(9),1612(8),1612(15),1616(16),1616(15),662(15),1612(19),1616(20),1612(24),1616(25),1616(28),1616(27),1612(31),1616(32),1616(35),1616(34),1612(39),1616(40),1612(44),1616(45),1616(44),1616(43),1616(42),1612(49),1616(50),1612(55),1616(56)]),flip(a)].
        1612 back demodulating 1561.
kept:      1640 ld(ld(mult(ld(x,e),mult(mult(mult(ld(mult(mult(y,z),ld(z,ld(y,ld(x,e)))),x),x),u),w)),x),ld(w,ld(u,e))) = ld(ld(mult(ld(x,e),mult(mult(mult(ld(mult(mult(u,w),ld(w,ld(u,ld(x,e)))),x),x),y),z)),x),ld(z,ld(y,e))).  [back_rewrite(1561),rewrite([1612(9),1616(10),1616(9),1612(18),1616(19),1596(18),49(16),1616(18),1616(17),1612(27),1616(28),1616(27),1612(36),1616(37),1596(36),49(34),1616(36),1616(35)])].
        1612 back demodulating 1560.
        1612 back demodulating 1559.
kept:      1641 mult(ld(ld(x,ld(y,e)),ld(x,ld(z,e))),mult(ld(ld(x,ld(y,e)),ld(x,ld(z,e))),mult(ld(mult(mult(u,w),ld(w,ld(u,ld(ld(x,ld(y,e)),ld(x,ld(z,e)))))),mult(mult(z,x),ld(x,ld(y,e)))),mult(mult(z,x),ld(x,ld(y,e)))))) = mult(mult(ld(mult(mult(u,w),ld(w,ld(u,mult(y,ld(z,e))))),y),x),ld(x,ld(y,e))).  [back_rewrite(1559),rewrite([1612(2),1612(7),1616(8),1616(7),1616(6),662(6),1612(11),1616(12),1612(16),1616(17),1616(20),1616(19),1612(23),1616(24),1616(27),1616(26),1612(31),1616(32),1612(36),1616(37),1616(36),1616(35),1616(34),1612(41),1616(42),1612(47),1616(48)]),flip(a)].
    new demodulator: 1641.
        1612 back demodulating 1558.
        1612 back demodulating 1557.
kept:      1642 mult(mult(ld(mult(mult(x,y),ld(y,ld(x,ld(z,e)))),z),u),ld(u,ld(z,e))) = mult(mult(mult(z,x),y),ld(y,ld(x,e))).  [back_rewrite(1557),rewrite([1612(4),1616(5),1616(4),1612(10),1616(11),1612(20),1616(21),1616(20),1638(26)])].
    new demodulator: 1642.
        1612 back demodulating 1556.
kept:      1643 mult(mult(ld(mult(mult(x,mult(mult(mult(y,z),u),ld(u,ld(z,e)))),ld(mult(mult(mult(y,z),u),ld(u,ld(z,e))),ld(x,ld(y,e)))),z),u),ld(u,ld(z,e))) = mult(mult(mult(y,z),u),ld(u,ld(z,e))).  [back_rewrite(1556),rewrite([1612(8),1616(9),1616(8),1638(14),1612(16),1616(17),1616(16),1638(22),1612(16),1616(17),1616(16),1612(22),1616(23),1612(32),1616(33),1616(32),1638(38)])].
    new demodulator: 1643.
        1612 back demodulating 1555.
kept:      1644 mult(ld(x,ld(ld(mult(ld(y,e),mult(mult(mult(ld(mult(mult(z,u),ld(u,ld(z,ld(y,e)))),y),y),w),v5)),y),ld(v5,ld(w,e)))),x) = mult(ld(x,ld(ld(mult(ld(y,e),mult(mult(mult(ld(mult(mult(w,v5),ld(v5,ld(w,ld(y,e)))),y),y),z),u)),y),ld(u,ld(z,e)))),x).  [back_rewrite(1555),rewrite([1612(9),1616(10),1616(9),1612(18),1616(19),1596(18),49(16),1616(18),1616(17),1612(29),1616(30),1616(29),1612(38),1616(39),1596(38),49(36),1616(38),1616(37)])].
        1612 back demodulating 1554.
kept:      1645 mult(mult(ld(mult(mult(x,y),ld(y,ld(x,ld(z,e)))),ld(z,e)),u),ld(u,z)) = mult(mult(mult(z,x),y),ld(y,ld(x,e))).  [back_rewrite(1554),rewrite([1612(4),1616(5),1616(4),1612(14),1616(15),1596(14),49(12),1612(20),1616(21),1616(20),1638(26)])].
    new demodulator: 1645.
        1612 back demodulating 1553.
kept:      1646 ld(mult(ld(x,e),mult(mult(x,y),ld(mult(ld(z,e),mult(mult(mult(ld(mult(mult(u,w),ld(w,ld(u,ld(z,e)))),z),z),ld(x,e)),y)),z))),x) = mult(ld(z,e),mult(ld(z,e),mult(mult(mult(mult(ld(mult(mult(u,w),ld(w,ld(u,ld(z,e)))),z),z),ld(x,e)),y),ld(y,x)))).  [back_rewrite(1553),rewrite([1612(8),1616(9),1616(8),1612(20),1596(21),46(20),1612(31),1616(32),1616(31),1612(42),1616(43),1596(42),49(40),674(40),1616(46),1596(45),49(43)]),flip(a)].
    new demodulator: 1646.
        1612 back demodulating 1552.
kept:      1647 ld(ld(mult(ld(x,e),mult(mult(mult(ld(mult(mult(y,z),ld(z,ld(y,ld(x,e)))),x),x),u),w)),x),ld(w,ld(u,e))) = mult(ld(ld(z,ld(y,ld(x,e))),ld(z,ld(y,e))),mult(ld(ld(z,ld(y,ld(x,e))),ld(z,ld(y,e))),mult(mult(mult(mult(mult(y,z),ld(z,ld(y,ld(x,e)))),u),w),ld(w,ld(u,e))))).  [back_rewrite(1552),rewrite([1612(4),1616(5),1616(4),1616(8),1616(7),1612(12),1616(13),1616(12),1616(16),1616(15),1612(20),1616(21),1616(20),1612(28),1616(29),46(30),1612(39),1616(40),1616(39),1612(48),1616(49),1596(48),49(46),1616(48),1616(47)]),flip(a)].
    new demodulator: 1647.
        1612 back demodulating 1551.
kept:      1648 mult(ld(ld(x,ld(y,ld(z,e))),ld(x,ld(y,e))),mult(ld(ld(x,ld(y,ld(z,e))),ld(x,ld(y,e))),mult(mult(mult(mult(mult(y,x),ld(x,ld(y,ld(z,e)))),u),w),ld(w,ld(u,e))))) = mult(ld(z,e),mult(ld(z,e),mult(mult(mult(mult(ld(mult(mult(u,w),ld(w,ld(u,ld(z,e)))),z),z),y),x),ld(x,ld(y,e))))).  [back_rewrite(1551),rewrite([1612(8),1616(9),1616(8),1612(18),1616(19),46(20),1612(29),1616(30),1616(29),1612(38),1616(39),1596(38),49(36),1616(38),1616(37),1647(38)]),flip(a)].
        1612 back demodulating 1550.
        1612 back demodulating 1549.
        1612 back demodulating 1548.
kept:      1649 mult(ld(x,e),mult(ld(x,e),mult(ld(mult(ld(y,e),mult(ld(y,e),mult(mult(y,z),ld(z,mult(y,ld(x,e)))))),x),x))) = mult(mult(mult(x,ld(y,e)),z),ld(z,y)).  [back_rewrite(1548),rewrite([1612(6),1596(7),1612(18),1616(19),1616(18),662(18),674(18)]),flip(a)].
    new demodulator: 1649.
        1612 back demodulating 1547.
        1612 back demodulating 1546.
kept:      1650 mult(ld(x,e),mult(ld(x,e),mult(ld(x,e),mult(ld(mult(mult(y,z),ld(z,ld(y,ld(x,e)))),x),mult(x,x))))) = mult(mult(mult(x,y),z),ld(z,ld(y,e))).  [back_rewrite(1546),rewrite([1612(10),1616(11),1616(10),1612(26),1616(27),1616(26),1638(32)])].
    new demodulator: 1650.
        1612 back demodulating 1544.
kept:      1651 mult(ld(x,mult(mult(mult(y,ld(mult(ld(x,y),x),z)),u),ld(u,ld(z,mult(ld(x,y),x))))),x) = mult(mult(z,u),ld(u,ld(z,mult(ld(x,y),x)))).  [back_rewrite(1544),rewrite([1612(14),1616(15),1616(14),1638(20),1596(10),1612(18),1616(19),1596(18)])].
    new demodulator: 1651.
        1612 back demodulating 1543.
kept:      1652 mult(ld(x,mult(mult(mult(y,z),ld(mult(mult(ld(x,y),x),z),u)),ld(ld(mult(mult(ld(x,y),x),z),u),ld(z,e)))),x) = mult(u,ld(ld(mult(mult(ld(x,y),x),z),u),ld(z,e))).  [back_rewrite(1543),rewrite([1612(16),1616(17),1616(16),1638(22),1612(22),1616(23)])].
    new demodulator: 1652.
        1612 back demodulating 1542.
kept:      1653 mult(mult(ld(x,mult(mult(mult(y,z),u),ld(u,ld(z,e)))),x),mult(z,u)) = mult(mult(mult(ld(x,y),x),z),u).  [back_rewrite(1542),rewrite([1612(8),1616(9),1616(8),1638(14)])].
    new demodulator: 1653.
        1612 back demodulating 1539.
kept:      1654 mult(ld(x,mult(mult(mult(y,mult(mult(ld(x,y),x),z)),u),ld(u,ld(z,ld(x,ld(y,x)))))),x) = mult(mult(ld(x,y),x),mult(mult(ld(x,y),x),mult(mult(z,u),ld(u,ld(z,ld(x,ld(y,x))))))).  [back_rewrite(1539),rewrite([1612(14),1616(15),1616(14),1638(20),1616(10),1616(9),1596(8),1612(24),1616(25),1616(24),1616(23),1596(22),46(24)])].
    new demodulator: 1654.
        1612 back demodulating 1538.
kept:      1655 ld(mult(ld(x,mult(mult(mult(y,z),u),ld(u,ld(z,e)))),x),mult(mult(mult(ld(x,y),x),z),u)) = mult(z,u).  [back_rewrite(1538),rewrite([1612(8),1616(9),1616(8),1638(14)])].
    new demodulator: 1655.
        1612 back demodulating 1537.
kept:      1656 mult(ld(x,mult(mult(mult(y,mult(ld(x,y),x)),z),ld(z,ld(x,ld(y,x))))),x) = mult(ld(x,y),x).  [back_rewrite(1537),rewrite([1612(12),1616(13),1616(12),1638(18),1616(8),1596(7)])].
    new demodulator: 1656.
        1612 back demodulating 1536.
kept:      1657 mult(ld(x,mult(mult(mult(y,z),mult(ld(x,y),x)),ld(mult(ld(x,y),x),ld(z,e)))),x) = mult(ld(x,y),x).  [back_rewrite(1536),rewrite([1612(12),1616(13),1616(12),1638(18)])].
    new demodulator: 1657.
        1612 back demodulating 1535.
kept:      1658 mult(ld(x,mult(mult(mult(y,z),mult(ld(mult(mult(ld(x,y),x),z),u),mult(mult(ld(x,y),x),z))),ld(mult(ld(mult(mult(ld(x,y),x),z),u),mult(mult(ld(x,y),x),z)),ld(z,e)))),x) = mult(mult(u,mult(mult(ld(x,y),x),z)),ld(mult(ld(mult(mult(ld(x,y),x),z),u),mult(mult(ld(x,y),x),z)),ld(z,e))).  [back_rewrite(1535),rewrite([1612(24),1616(25),1616(24),1638(30),1612(38),1616(39)])].
    new demodulator: 1658.
        1612 back demodulating 1534.
kept:      1659 mult(ld(x,mult(mult(mult(y,mult(ld(mult(ld(x,y),x),z),mult(ld(x,y),x))),u),ld(u,ld(mult(ld(x,y),x),ld(z,mult(ld(x,y),x)))))),x) = mult(mult(mult(z,mult(ld(x,y),x)),u),ld(u,ld(mult(ld(x,y),x),ld(z,mult(ld(x,y),x))))).  [back_rewrite(1534),rewrite([1612(20),1616(21),1616(20),1638(26),1616(16),1596(15),1612(30),1616(31),1616(30),1596(29)])].
    new demodulator: 1659.
        1612 back demodulating 1533.
        1612 back demodulating 1532.
        1612 back demodulating 1529.
kept:      1660 mult(ld(mult(x,y),mult(x,mult(y,mult(mult(mult(z,u),w),ld(w,ld(u,e)))))),mult(u,w)) = mult(mult(ld(mult(x,y),mult(x,mult(y,z))),u),w).  [back_rewrite(1529),rewrite([1612(9),1616(10),1616(9),1638(15)])].
    new demodulator: 1660.
        1612 back demodulating 1528.
kept:      1661 ld(mult(x,y),mult(x,mult(y,mult(mult(mult(z,u),ld(mult(ld(mult(x,y),mult(x,mult(y,z))),u),w)),ld(ld(mult(ld(mult(x,y),mult(x,mult(y,z))),u),w),ld(u,e)))))) = mult(w,ld(ld(mult(ld(mult(x,y),mult(x,mult(y,z))),u),w),ld(u,e))).  [back_rewrite(1528),rewrite([1612(21),1616(22),1616(21),1638(27),1612(30),1616(31)])].
    new demodulator: 1661.
        1612 back demodulating 1527.
kept:      1662 ld(mult(x,y),mult(x,mult(y,mult(mult(mult(z,ld(ld(mult(x,y),mult(x,mult(y,z))),u)),w),ld(w,ld(u,ld(mult(x,y),mult(x,mult(y,z))))))))) = mult(mult(u,w),ld(w,ld(u,ld(mult(x,y),mult(x,mult(y,z)))))).  [back_rewrite(1527),rewrite([1612(19),1616(20),1616(19),1638(25),1596(15),1612(26),1616(27),1596(26)])].
    new demodulator: 1662.
        1612 back demodulating 1524.
kept:      1663 r(x,y,z) = mult(mult(mult(x,y),z),ld(z,ld(y,e))).  [back_rewrite(1524),rewrite([1612(9),1616(10),1616(9),1638(15)])].
    new demodulator: 1663.
        1612 back demodulating 1520.
kept:      1664 ld(mult(mult(x,ld(y,e)),z),mult(ld(mult(y,ld(x,e)),z),z)) = z.  [back_rewrite(1520),rewrite([1612(1),1612(5)])].
    new demodulator: 1664.
        1612 back demodulating 1519.
kept:      1665 ld(mult(x,y),mult(mult(mult(x,ld(y,e)),z),mult(ld(z,y),y))) != e | ld(mult(mult(x,ld(y,e)),z),mult(x,y)) = mult(ld(z,y),y).  [back_rewrite(1519),rewrite([1612(2),1612(12)])].
        1612 back demodulating 1518.
kept:      1666 mult(mult(x,y),ld(mult(ld(x,y),y),ld(y,e))) = mult(x,mult(ld(y,e),mult(x,ld(y,e)))).  [back_rewrite(1518),rewrite([1612(2),1625(5),162(4),1612(5),1616(6),1612(8),1612(11),1385(14)])].
    new demodulator: 1666.
        1612 back demodulating 1517.
kept:      1667 ld(mult(mult(x,ld(y,e)),z),mult(x,y)) != mult(ld(z,y),y) | ld(mult(x,y),mult(mult(mult(x,ld(y,e)),z),mult(ld(z,y),y))) = e.  [back_rewrite(1517),rewrite([1612(1),1612(11)])].
        1612 back demodulating 1515.
kept:      1668 mult(ld(mult(mult(x,ld(y,e)),mult(mult(y,x),mult(x,ld(y,e)))),x),x) = mult(y,ld(x,e)).  [back_rewrite(1515),rewrite([1612(1),1612(5),1612(8),1616(9),662(9),1612(12)])].
    new demodulator: 1668.
        1612 back demodulating 1514.
kept:      1669 mult(ld(x,ld(y,x)),mult(ld(x,ld(y,x)),ld(mult(mult(z,u),ld(u,ld(z,ld(x,ld(y,x))))),mult(ld(x,y),mult(y,x))))) = mult(ld(x,mult(mult(mult(y,z),u),ld(u,ld(z,e)))),x).  [back_rewrite(1514),rewrite([1616(4),1596(3),1616(6),1596(5),1612(10),1616(11),1616(10),1616(9),1596(8),1612(24),1616(25),1616(24),1638(30)])].
    new demodulator: 1669.
        1612 back demodulating 1513.
kept:      1670 mult(ld(x,mult(ld(x,ld(y,x)),mult(ld(x,ld(y,x)),mult(ld(y,e),mult(ld(y,e),mult(mult(ld(mult(mult(z,u),ld(u,ld(z,ld(y,e)))),y),y),mult(ld(x,y),mult(y,x)))))))),x) = mult(ld(x,mult(mult(mult(y,z),u),ld(u,ld(z,e)))),x).  [back_rewrite(1513),rewrite([1616(4),1596(3),1616(6),1596(5),1612(12),1616(13),1616(12),1612(34),1616(35),1616(34),1638(40)])].
    new demodulator: 1670.
        1612 back demodulating 1512.
kept:      1671 mult(ld(x,e),mult(ld(x,e),ld(mult(mult(y,z),ld(z,ld(y,ld(x,e)))),mult(mult(x,u),mult(ld(u,e),mult(mult(x,u),ld(u,e))))))) = mult(ld(x,e),mult(ld(x,e),mult(mult(mult(ld(mult(mult(y,z),ld(z,ld(y,ld(x,e)))),x),x),u),ld(u,e)))).  [back_rewrite(1512),rewrite([1616(6),1616(5),662(6),10(4),1616(8),1616(7),662(8),10(6),1612(12),1616(13),1616(12),1616(11),1616(10),662(11),10(9),1612(30),1616(31),1616(30)])].
    new demodulator: 1671.
        1612 back demodulating 1511.
kept:      1672 mult(ld(x,e),mult(ld(x,e),ld(mult(mult(y,z),ld(z,ld(y,ld(x,e)))),mult(mult(x,ld(u,e)),mult(u,x))))) = mult(mult(mult(x,y),z),ld(z,ld(y,e))).  [back_rewrite(1511),rewrite([1614(4),1614(6),1614(9),1612(8),1616(9),1616(8),1614(17),1612(26),1616(27),1616(26),1614(34),1638(32)])].
    new demodulator: 1672.
        1612 back demodulating 1510.
kept:      1673 mult(ld(x,e),mult(ld(x,e),mult(mult(mult(x,ld(y,e)),z),ld(z,mult(y,x))))) != e | mult(ld(mult(mult(x,ld(y,e)),z),x),x) = ld(z,mult(y,x)).  [back_rewrite(1510),rewrite([1612(5),1612(16)])].
        1612 back demodulating 1509.
kept:      1674 mult(ld(mult(x,mult(ld(x,mult(y,ld(z,e))),mult(z,y))),y),y) != e | ld(mult(y,ld(z,e)),mult(x,mult(ld(x,mult(y,ld(z,e))),mult(z,y)))) = mult(z,y).  [back_rewrite(1509),rewrite([1612(1),1612(12),1612(15)])].
        1612 back demodulating 1508.
kept:      1675 mult(ld(mult(mult(x,ld(y,e)),mult(mult(y,x),mult(y,ld(x,e)))),x),x) = mult(x,ld(y,e)).  [back_rewrite(1508),rewrite([1612(1),1612(5),1612(8),1616(9),662(9),1612(12)])].
    new demodulator: 1675.
        1612 back demodulating 1507.
kept:      1676 mult(ld(x,e),mult(ld(x,e),mult(mult(mult(x,ld(y,e)),mult(mult(y,x),ld(z,e))),z))) != e | mult(ld(mult(mult(x,ld(y,e)),mult(mult(y,x),ld(z,e))),x),x) = z.  [back_rewrite(1507),rewrite([1612(5),1612(9),1612(18),1612(22)])].
        1612 back demodulating 1506.
kept:      1677 mult(ld(mult(x,y),mult(y,ld(x,e))),mult(x,y)) = mult(ld(y,ld(x,y)),y).  [back_rewrite(1506),rewrite([1612(2),1618(9)])].
    new demodulator: 1677.
        1612 back demodulating 1505.
kept:      1678 mult(ld(mult(mult(mult(x,ld(y,e)),ld(z,e)),mult(z,mult(y,x))),x),x) != e | mult(mult(y,ld(x,e)),mult(mult(mult(x,ld(y,e)),ld(z,e)),mult(z,mult(y,x)))) = mult(y,x).  [back_rewrite(1505),rewrite([1612(1),1612(4),1612(14),1612(17),1612(20)])].
        1612 back demodulating 1504.
kept:      1679 mult(ld(mult(mult(x,ld(y,e)),z),x),x) != ld(z,mult(y,x)) | mult(ld(x,e),mult(ld(x,e),mult(mult(mult(x,ld(y,e)),z),ld(z,mult(y,x))))) = e.  [back_rewrite(1504),rewrite([1612(1),1612(14)])].
        1612 back demodulating 1503.
kept:      1680 mult(ld(mult(mult(x,ld(y,e)),mult(mult(y,x),ld(z,e))),x),x) != z | mult(ld(x,e),mult(ld(x,e),mult(mult(mult(x,ld(y,e)),mult(mult(y,x),ld(z,e))),z))) = e.  [back_rewrite(1503),rewrite([1612(1),1612(5),1612(16),1612(20)])].
        1612 back demodulating 1502.
kept:      1681 ld(mult(x,ld(y,e)),mult(x,mult(y,mult(x,y)))) = mult(y,mult(y,mult(x,y))).  [back_rewrite(1502),rewrite([1612(1)])].
    new demodulator: 1681.
        1612 back demodulating 1500.
kept:      1682 ld(mult(x,ld(y,e)),mult(x,mult(x,mult(y,ld(x,e))))) = mult(mult(y,x),mult(y,ld(x,e))).  [back_rewrite(1500),rewrite([1612(2),1612(5),1616(6),662(6),1612(6),1612(10),1612(13),1616(14),662(14),161(13)]),flip(a)].
    new demodulator: 1682.
        1612 back demodulating 1499.
        1612 back demodulating 1498.
kept:      1683 ld(ld(mult(x,ld(y,e)),mult(z,mult(y,ld(x,e)))),mult(mult(y,ld(x,e)),mult(z,mult(mult(y,ld(x,e)),z)))) = z.  [back_rewrite(1498),rewrite([1612(1),1612(4),1612(7),1616(8),662(8),1612(9),1612(12)])].
    new demodulator: 1683.
        1612 back demodulating 1497.
kept:      1684 ld(mult(x,mult(y,ld(x,e))),mult(x,mult(y,mult(x,y)))) = mult(x,mult(x,y)).  [back_rewrite(1497),rewrite([1612(1)])].
    new demodulator: 1684.
        1612 back demodulating 1495.
        1612 back demodulating 1494.
kept:      1685 ld(ld(x,mult(y,ld(x,e))),mult(ld(x,e),mult(y,mult(ld(x,e),y)))) = y.  [back_rewrite(1494),rewrite([1612(1)])].
    new demodulator: 1685.
        1612 back demodulating 1493.
        1612 back demodulating 1491.
        1612 back demodulating 1489.
kept:      1686 ld(mult(x,ld(y,e)),mult(x,mult(z,mult(z,x)))) = mult(y,mult(z,mult(z,x))).  [back_rewrite(1489),rewrite([1612(3),46(5),333(11)])].
    new demodulator: 1686.
        1612 back demodulating 1487.
kept:      1687 mult(mult(x,ld(y,e)),mult(y,mult(y,mult(x,y)))) = mult(x,mult(y,mult(x,y))).  [back_rewrite(1487),rewrite([1612(1)])].
    new demodulator: 1687.
        1612 back demodulating 1486.
kept:      1688 mult(x,mult(x,ld(mult(x,mult(y,x)),ld(y,e)))) = mult(x,mult(ld(y,e),ld(x,ld(y,e)))).  [back_rewrite(1486),rewrite([1612(1),1612(5),1616(6),1298(7),1612(12),1616(13),161(14)]),flip(a)].
    new demodulator: 1688.
        1612 back demodulating 1485.
kept:      1689 mult(mult(mult(x,y),mult(x,ld(y,e))),mult(y,y)) = mult(x,mult(y,mult(x,y))).  [back_rewrite(1485),rewrite([1612(2),1612(5),1616(6),662(6)])].
    new demodulator: 1689.
        1612 back demodulating 1484.
kept:      1690 ld(mult(mult(x,mult(ld(y,e),ld(y,e))),mult(y,ld(z,e))),x) != mult(z,y) | ld(x,mult(mult(mult(x,mult(ld(y,e),ld(y,e))),mult(y,ld(z,e))),mult(z,y))) = e.  [back_rewrite(1484),rewrite([1612(2),993(3),8(6),1612(7),1612(15),993(16),8(19),1612(20)])].
        1612 back demodulating 1483.
kept:      1691 mult(x,mult(x,mult(mult(x,ld(y,e)),mult(y,ld(x,e))))) = mult(x,x).  [back_rewrite(1483),rewrite([1612(2),993(3),8(6),1612(7),1616(8),993(8),1596(4),49(2),1596(4),49(2),1612(6),46(9)])].
    new demodulator: 1691.
        1612 back demodulating 1482.
kept:      1692 ld(mult(mult(x,y),mult(x,ld(y,e))),mult(x,mult(y,mult(x,y)))) = mult(y,y).  [back_rewrite(1482),rewrite([1612(2),1612(5),1616(6),662(6)])].
    new demodulator: 1692.
        1612 back demodulating 1479.
kept:      1693 mult(mult(x,ld(y,e)),mult(y,mult(x,mult(y,x)))) = mult(x,mult(x,mult(y,x))).  [back_rewrite(1479),rewrite([1612(1)])].
    new demodulator: 1693.
        1612 back demodulating 1478.
kept:      1694 mult(mult(x,mult(y,ld(z,e))),ld(mult(y,ld(z,e)),x)) = mult(x,x).  [back_rewrite(1478),rewrite([1612(1),1612(4),1616(5),662(5),1612(5)])].
    new demodulator: 1694.
        1612 back demodulating 1477.
kept:      1695 ld(x,mult(mult(x,mult(y,ld(z,e))),mult(z,z))) != mult(y,z) | ld(mult(mult(x,mult(y,ld(z,e))),mult(z,z)),mult(x,mult(y,z))) = e.  [back_rewrite(1477),rewrite([1612(1),1612(4),1616(5),662(5),1612(10),1612(13),1616(14),662(14)])].
        1612 back demodulating 1476.
kept:      1696 mult(ld(mult(x,ld(y,e)),z),ld(mult(x,ld(y,e)),z)) = mult(mult(y,ld(x,e)),mult(z,mult(mult(y,ld(x,e)),z))).  [back_rewrite(1476),rewrite([1612(1),1612(4),1612(10),1612(14)]),flip(a)].
    new demodulator: 1696.
        1612 back demodulating 1475.
kept:      1697 mult(x,mult(x,mult(ld(y,x),ld(x,y)))) = mult(x,x).  [back_rewrite(1475),rewrite([1612(1),1612(5),1596(6),1625(4),46(5)])].
    new demodulator: 1697.
        1612 back demodulating 1474.
kept:      1698 mult(mult(x,mult(y,ld(x,e))),mult(x,mult(x,y))) = mult(x,mult(y,mult(x,y))).  [back_rewrite(1474),rewrite([1612(1)])].
    new demodulator: 1698.
        1612 back demodulating 1473.
kept:      1699 mult(mult(x,ld(y,e)),mult(mult(y,x),mult(y,ld(x,e)))) = mult(x,mult(x,mult(y,ld(x,e)))).  [back_rewrite(1473),rewrite([1612(2),1612(5),1616(6),662(6),161(5),1612(6),1612(10),1612(13),1616(14),662(14)]),flip(a)].
    new demodulator: 1699.
        1612 back demodulating 1471.
kept:      1700 ld(mult(x,y),z) != mult(ld(y,e),mult(ld(y,e),mult(mult(y,ld(x,e)),z))) | ld(mult(mult(y,ld(x,e)),z),mult(y,mult(y,ld(mult(x,y),z)))) = e.  [back_rewrite(1471),rewrite([1612(7),1612(14)])].
        1612 back demodulating 1468.
kept:      1701 mult(mult(x,y),ld(y,x)) = mult(x,x).  [back_rewrite(1468),rewrite([1612(3),1596(4),49(2)])].
    new demodulator: 1701.
        1612 back demodulating 1466.
kept:      1702 ld(mult(mult(x,mult(y,ld(z,e))),mult(z,z)),mult(x,mult(y,z))) != e | ld(x,mult(mult(x,mult(y,ld(z,e))),mult(z,z))) = mult(y,z).  [back_rewrite(1466),rewrite([1612(1),1612(4),1616(5),662(5),1612(12),1612(15),1616(16),662(16)])].
        1612 back demodulating 1465.
        1612 back demodulating 1464.
kept:      1703 ld(x,mult(mult(mult(x,mult(ld(y,e),ld(y,e))),mult(y,ld(z,e))),mult(z,y))) != e | ld(mult(mult(x,mult(ld(y,e),ld(y,e))),mult(y,ld(z,e))),x) = mult(z,y).  [back_rewrite(1464),rewrite([1612(2),993(3),8(6),1612(7),1612(17),993(18),8(21),1612(22)])].
        1612 back demodulating 1460.
kept:      1704 ld(mult(mult(x,ld(y,e)),mult(mult(y,x),mult(ld(x,e),mult(ld(x,e),z)))),z) != e | mult(ld(x,e),mult(ld(x,e),mult(mult(x,ld(y,e)),mult(mult(y,x),mult(ld(x,e),mult(ld(x,e),z)))))) = mult(ld(x,e),mult(ld(x,e),z)).  [back_rewrite(1460),rewrite([1612(1),1612(20)])].
        1612 back demodulating 1459.
kept:      1705 mult(x,mult(x,ld(mult(y,x),mult(x,ld(y,e))))) = mult(x,mult(ld(y,e),mult(x,ld(y,e)))).  [back_rewrite(1459),rewrite([1612(2),1612(7),1596(8),161(7),1612(8),1612(11),1385(14)])].
    new demodulator: 1705.
        1612 back demodulating 1457.
kept:      1706 ld(mult(mult(x,y),mult(y,ld(x,e))),mult(mult(x,y),mult(y,y))) = mult(x,y).  [back_rewrite(1457),rewrite([1612(2)])].
    new demodulator: 1706.
        1612 back demodulating 1456.
kept:      1707 mult(mult(x,mult(ld(y,e),mult(x,x))),ld(x,ld(y,e))) = mult(x,mult(ld(y,e),mult(x,ld(y,e)))).  [back_rewrite(1456),rewrite([1612(1),968(5),1612(7),1616(8),1612(10),1612(13),1385(16)])].
    new demodulator: 1707.
        1612 back demodulating 1455.
kept:      1708 ld(mult(mult(x,ld(y,e)),z),mult(x,mult(x,ld(mult(y,x),z)))) != e | ld(mult(y,x),z) = mult(ld(x,e),mult(ld(x,e),mult(mult(x,ld(y,e)),z))).  [back_rewrite(1455),rewrite([1612(1),1612(18)])].
        1612 back demodulating 1453.
kept:      1709 mult(mult(x,ld(y,ld(x,e))),mult(x,mult(y,x))) = mult(x,x).  [back_rewrite(1453),rewrite([1612(2),1616(3)])].
    new demodulator: 1709.
        1612 back demodulating 1452.
kept:      1710 mult(mult(x,ld(y,e)),mult(mult(y,x),mult(x,ld(y,e)))) = mult(x,mult(x,mult(x,ld(y,e)))).  [back_rewrite(1452),rewrite([1612(1),1612(5),1612(10)])].
    new demodulator: 1710.
        1612 back demodulating 1451.
kept:      1711 mult(mult(x,mult(ld(y,e),ld(y,e))),mult(y,mult(y,x))) = mult(x,x).  [back_rewrite(1451),rewrite([1612(2),993(3),8(6)])].
    new demodulator: 1711.
        1612 back demodulating 1450.
kept:      1712 mult(mult(x,ld(mult(y,z),ld(y,e))),mult(y,mult(y,mult(z,x)))) = mult(x,x).  [back_rewrite(1450),rewrite([1612(3),1616(4)])].
    new demodulator: 1712.
        1612 back demodulating 1449.
kept:      1713 mult(mult(x,mult(ld(y,e),mult(x,x))),z) = mult(mult(x,ld(y,e)),mult(mult(x,ld(y,e)),mult(mult(y,x),z))).  [back_rewrite(1449),rewrite([1612(1),968(5),1612(7),1612(10)])].
    new demodulator: 1713.
        1612 back demodulating 1448.
kept:      1714 ld(mult(x,mult(y,ld(z,e))),mult(x,mult(y,y))) != mult(z,y) | ld(mult(x,mult(y,y)),mult(mult(x,mult(y,ld(z,e))),mult(z,y))) = e.  [back_rewrite(1448),rewrite([1612(1),1612(12)])].
        1612 back demodulating 1447.
kept:      1715 mult(ld(x,e),mult(ld(x,e),mult(mult(x,ld(y,e)),mult(mult(y,x),z)))) != z | ld(mult(mult(x,ld(y,e)),mult(mult(y,x),z)),mult(x,mult(x,z))) = e.  [back_rewrite(1447),rewrite([1612(5),1612(14)])].
        1612 back demodulating 1446.
kept:      1716 ld(mult(mult(x,ld(y,e)),mult(mult(y,x),z)),mult(x,mult(x,z))) != e | mult(ld(x,e),mult(ld(x,e),mult(mult(x,ld(y,e)),mult(mult(y,x),z)))) = z.  [back_rewrite(1446),rewrite([1612(1),1612(16)])].
        1612 back demodulating 1445.
kept:      1717 ld(mult(x,mult(y,y)),mult(mult(x,mult(y,ld(z,e))),mult(z,y))) != e | ld(mult(x,mult(y,ld(z,e))),mult(x,mult(y,y))) = mult(z,y).  [back_rewrite(1445),rewrite([1612(3),1612(12)])].
        1612 back demodulating 1444.
        1612 back demodulating 1443.
        1612 back demodulating 1442.
kept:      1718 mult(ld(x,mult(y,ld(x,e))),y) = mult(ld(x,y),ld(x,y)).  [back_rewrite(1442),rewrite([1612(1)])].
    new demodulator: 1718.
        1612 back demodulating 1441.
kept:      1719 mult(mult(x,ld(mult(y,mult(y,y)),ld(y,e))),y) = mult(mult(x,ld(y,e)),mult(ld(y,e),ld(y,e))).  [back_rewrite(1441),rewrite([1612(1),1612(5),993(6),8(9),1612(13),1616(14)]),flip(a)].
    new demodulator: 1719.
        1612 back demodulating 1440.
kept:      1720 ld(mult(x,ld(y,e)),mult(mult(x,y),mult(y,y))) = mult(y,mult(y,mult(y,y))).  [back_rewrite(1440),rewrite([1612(1)])].
    new demodulator: 1720.
        1612 back demodulating 1439.
kept:      1721 mult(mult(x,ld(y,e)),mult(ld(y,e),ld(y,e))) = mult(mult(x,y),ld(mult(y,mult(y,y)),ld(y,e))).  [back_rewrite(1439),rewrite([1612(5),1616(6),1612(11),1616(12),1719(14)]),flip(a)].
        1612 back demodulating 1437.
kept:      1722 mult(ld(mult(x,ld(y,e)),z),mult(ld(z,e),ld(z,e))) = mult(mult(y,ld(x,e)),ld(z,e)).  [back_rewrite(1437),rewrite([1612(1),1612(4),1612(7),1612(12),993(13),8(16)]),flip(a)].
    new demodulator: 1722.
        1612 back demodulating 1434.
kept:      1723 mult(x,ld(mult(x,mult(mult(y,ld(z,e)),x)),mult(z,ld(y,e)))) = mult(mult(z,ld(y,e)),ld(x,mult(z,ld(y,e)))).  [back_rewrite(1434),rewrite([1612(1),1612(4),1612(8),1616(9),1616(8),662(8),1612(9),1612(12),1612(18),1616(19),1616(18),662(18)]),flip(a)].
    new demodulator: 1723.
        1612 back demodulating 1431.
kept:      1724 ld(x,mult(y,mult(ld(x,e),ld(x,e)))) = mult(ld(x,y),mult(ld(x,e),ld(x,e))).  [back_rewrite(1431),rewrite([1612(3),993(4),8(7),1612(9),993(10),8(13)]),flip(a)].
    new demodulator: 1724.
        1612 back demodulating 1430.
kept:      1725 mult(mult(mult(x,y),mult(ld(y,x),y)),ld(mult(x,y),ld(x,y))) = y.  [back_rewrite(1430),rewrite([1612(8),1616(9),1596(8)])].
    new demodulator: 1725.
        1612 back demodulating 1426.
kept:      1726 mult(x,ld(mult(x,mult(ld(y,e),x)),y)) = mult(y,ld(x,y)).  [back_rewrite(1426),rewrite([1612(8),1616(9),1596(8),49(6),1612(10),1616(11),1596(10),49(8)])].
    new demodulator: 1726.
        1612 back demodulating 1425.
        1612 back demodulating 1424.
kept:      1727 mult(ld(x,e),ld(y,e)) = mult(ld(x,y),mult(ld(y,e),ld(y,e))).  [back_rewrite(1424),rewrite([1612(3),1612(8),993(9),8(12)])].
        1612 back demodulating 1423.
kept:      1728 mult(x,ld(mult(x,mult(y,x)),ld(y,e))) = mult(ld(y,e),ld(x,ld(y,e))).  [back_rewrite(1423),rewrite([1612(4),1616(5),1612(10),1616(11)]),flip(a)].
    new demodulator: 1728.
        1612 back demodulating 1422.
kept:      1729 mult(mult(x,mult(y,ld(x,y))),mult(ld(y,x),ld(y,x))) = mult(x,x).  [back_rewrite(1422),rewrite([1612(7),993(8),1596(6),1596(7),8(7)])].
    new demodulator: 1729.
        1612 back demodulating 1421.
        1612 back demodulating 1420.
kept:      1730 mult(mult(x,mult(y,y)),ld(mult(y,mult(y,y)),ld(y,e))) = mult(x,mult(ld(y,e),ld(y,e))).  [back_rewrite(1420),rewrite([1612(6),1616(7),1612(10),993(11),8(14)])].
    new demodulator: 1730.
        1612 back demodulating 1419.
        1612 back demodulating 1418.
kept:      1731 mult(mult(x,mult(y,mult(y,z))),ld(mult(y,mult(z,mult(y,mult(y,z)))),ld(y,e))) = mult(x,ld(mult(y,z),ld(y,e))).  [back_rewrite(1418),rewrite([1612(9),1616(10),1612(14),1616(15)])].
    new demodulator: 1731.
        1612 back demodulating 1417.
kept:      1732 mult(x,mult(x,mult(mult(y,z),mult(ld(z,e),ld(z,e))))) = mult(x,mult(x,mult(y,ld(z,e)))).  [back_rewrite(1417),rewrite([1612(5),993(6),8(9),46(9),1612(12),46(14)])].
    new demodulator: 1732.
        1612 back demodulating 1416.
        1612 back demodulating 1415.
        1612 back demodulating 1414.
        1612 back demodulating 1413.
kept:      1733 mult(mult(mult(x,mult(y,ld(x,e))),mult(x,y)),ld(x,e)) = mult(x,mult(y,mult(y,ld(x,e)))).  [back_rewrite(1413),rewrite([1612(1),1612(7),1612(10)])].
    new demodulator: 1733.
        1612 back demodulating 1410.
kept:      1734 mult(ld(x,ld(y,e)),mult(ld(x,ld(y,e)),ld(mult(mult(z,u),ld(u,ld(z,ld(x,ld(y,e))))),mult(y,mult(x,mult(y,x)))))) = mult(ld(x,mult(ld(y,ld(x,e)),mult(ld(y,ld(x,e)),ld(mult(mult(z,u),ld(u,ld(z,ld(y,ld(x,e))))),mult(x,mult(y,mult(x,y))))))),x).  [back_rewrite(1410),rewrite([1616(3),1616(6),1612(11),1616(12),1616(11),1616(10),1616(22),1616(25),1612(30),1616(31),1616(30),1616(29)])].
        1612 back demodulating 1407.
        1612 back demodulating 1406.
kept:      1735 mult(mult(x,mult(y,y)),ld(ld(x,y),y)) = mult(x,mult(y,mult(x,y))).  [back_rewrite(1406),rewrite([1618(4),1612(5),1596(6)])].
    new demodulator: 1735.
        1612 back demodulating 1405.
kept:      1736 ld(mult(x,ld(y,ld(z,e))),mult(mult(mult(x,ld(mult(y,mult(z,y)),ld(z,e))),z),y)) != e | ld(mult(mult(x,ld(mult(y,mult(z,y)),ld(z,e))),z),mult(x,ld(y,ld(z,e)))) = y.  [back_rewrite(1405),rewrite([1612(2),1616(3),1612(8),1616(9),1612(19),1616(20),1612(24),1616(25)])].
        1612 back demodulating 1404.
kept:      1737 ld(mult(mult(x,ld(mult(y,mult(z,y)),ld(z,e))),z),mult(x,ld(y,ld(z,e)))) != y | ld(mult(x,ld(y,ld(z,e))),mult(mult(mult(x,ld(mult(y,mult(z,y)),ld(z,e))),z),y)) = e.  [back_rewrite(1404),rewrite([1612(4),1616(5),1612(9),1616(10),1612(15),1616(16),1612(21),1616(22)])].
        1612 back demodulating 1403.
kept:      1738 ld(mult(ld(x,e),ld(y,ld(x,e))),y) = mult(x,mult(y,mult(x,y))).  [back_rewrite(1403),rewrite([1612(4),1616(5)])].
    new demodulator: 1738.
        1612 back demodulating 1398.
        1612 back demodulating 1397.
kept:      1739 mult(x,mult(x,mult(mult(x,ld(y,e)),mult(y,x)))) = mult(x,mult(x,mult(x,x))).  [back_rewrite(1397),rewrite([1612(2),1612(5),1616(6),662(6),161(5),46(7)])].
    new demodulator: 1739.
        1612 back demodulating 1396.
kept:      1740 ld(ld(x,mult(y,ld(x,e))),mult(ld(x,y),x)) = mult(x,x).  [back_rewrite(1396),rewrite([1612(1)])].
    new demodulator: 1740.
        1612 back demodulating 1395.
        1612 back demodulating 1393.
kept:      1741 ld(mult(mult(x,ld(y,e)),ld(z,e)),ld(mult(y,ld(x,e)),z)) = mult(z,z).  [back_rewrite(1393),rewrite([1612(1),1612(4),1612(7)])].
    new demodulator: 1741.
        1612 back demodulating 1392.
kept:      1742 ld(mult(mult(x,ld(y,e)),ld(z,mult(x,ld(y,e)))),z) = mult(mult(y,ld(x,e)),mult(z,mult(mult(y,ld(x,e)),z))).  [back_rewrite(1392),rewrite([1612(1),1612(4),1612(8),1616(9),1616(8),662(8),1612(10),1612(13)])].
    new demodulator: 1742.
        1612 back demodulating 1391.
        1612 back demodulating 1389.
kept:      1743 mult(mult(mult(x,y),mult(x,ld(y,e))),ld(mult(y,mult(x,ld(y,e))),ld(y,e))) = mult(x,ld(y,e)).  [back_rewrite(1389),rewrite([1612(2),1612(6),1612(11),1616(12),1612(14)])].
    new demodulator: 1743.
        1612 back demodulating 1387.
kept:      1744 ld(mult(x,ld(y,x)),y) = mult(ld(x,e),mult(y,mult(ld(x,e),y))).  [back_rewrite(1387),rewrite([1612(4),1616(5),1596(4),49(2)])].
    new demodulator: 1744.
        1612 back demodulating 1386.
        1612 back demodulating 1384.
kept:      1745 ld(mult(ld(x,e),ld(y,e)),ld(x,y)) = mult(y,y).  [back_rewrite(1384),rewrite([1612(3)])].
    new demodulator: 1745.
        1612 back demodulating 1380.
kept:      1746 ld(mult(x,mult(y,ld(x,e))),mult(x,mult(y,x))) = mult(x,x).  [back_rewrite(1380),rewrite([1612(1)])].
    new demodulator: 1746.
        1612 back demodulating 1379.
        1612 back demodulating 1377.
kept:      1747 ld(mult(x,ld(y,e)),mult(x,y)) = mult(y,y).  [back_rewrite(1377),rewrite([1612(3),46(5),333(9)])].
    new demodulator: 1747.
        1612 back demodulating 1376.
        1612 back demodulating 1375.
kept:      1748 ld(mult(mult(x,mult(y,ld(z,e))),mult(z,mult(ld(y,e),ld(y,e)))),x) != y | ld(x,mult(mult(mult(x,mult(y,ld(z,e))),mult(z,mult(ld(y,e),ld(y,e)))),y)) = e.  [back_rewrite(1375),rewrite([1612(1),1612(4),1616(5),662(5),1612(6),993(7),8(10),1612(14),1612(17),1616(18),662(18),1612(19),993(20),8(23)])].
        1612 back demodulating 1374.
kept:      1749 ld(mult(mult(x,ld(y,ld(z,e))),mult(z,ld(y,e))),x) != mult(y,y) | ld(x,mult(mult(mult(x,ld(y,ld(z,e))),mult(z,ld(y,e))),mult(y,y))) = e.  [back_rewrite(1374),rewrite([1612(2),1616(3),1612(5),1612(13),1616(14),1612(16)])].
        1612 back demodulating 1373.
kept:      1750 ld(mult(mult(x,mult(ld(y,e),mult(ld(y,e),ld(z,e)))),mult(z,y)),x) != y | ld(x,mult(mult(mult(x,mult(ld(y,e),mult(ld(y,e),ld(z,e)))),mult(z,y)),y)) = e.  [back_rewrite(1373),rewrite([1612(3),1616(4),993(4),1612(16),1616(17),993(17)])].
        1612 back demodulating 1372.
kept:      1751 ld(ld(mult(mult(x,y),ld(z,e)),x),z) != y | ld(z,mult(mult(mult(z,ld(y,ld(x,e))),x),y)) = e.  [back_rewrite(1372),rewrite([1612(2),1612(9),1616(10)])].
        1612 back demodulating 1371.
kept:      1752 ld(mult(mult(x,ld(y,mult(z,ld(u,e)))),mult(u,ld(z,e))),x) != y | ld(x,mult(mult(mult(x,ld(y,mult(z,ld(u,e)))),mult(u,ld(z,e))),y)) = e.  [back_rewrite(1371),rewrite([1612(1),1612(5),1596(6),1612(6),1612(12),1612(16),1616(17),1616(16),662(16),1612(17)])].
        1612 back demodulating 1370.
kept:      1753 ld(mult(mult(x,ld(y,e)),mult(z,ld(u,e))),x) != mult(mult(u,ld(z,e)),y) | ld(x,mult(mult(mult(x,ld(y,e)),mult(z,ld(u,e))),mult(mult(u,ld(z,e)),y))) = e.  [back_rewrite(1370),rewrite([1612(1),1612(4),1612(9),1612(14),1612(17),1612(21)])].
        1612 back demodulating 1369.
kept:      1754 ld(mult(mult(x,ld(y,z)),ld(z,mult(y,ld(z,e)))),x) != z | ld(x,mult(mult(mult(x,ld(y,z)),ld(z,mult(y,ld(z,e)))),z)) = e.  [back_rewrite(1369),rewrite([1612(2),1596(3),1612(3),1612(11),1596(12),1612(12)])].
        1612 back demodulating 1368.
kept:      1755 ld(mult(mult(mult(x,y),mult(z,ld(y,ld(x,e)))),x),mult(mult(x,y),z)) != y | ld(mult(mult(x,y),z),mult(mult(mult(mult(x,y),mult(z,ld(y,ld(x,e)))),x),y)) = e.  [back_rewrite(1368),rewrite([1612(3),1616(4),1612(16),1616(17)])].
        1612 back demodulating 1367.
kept:      1756 ld(mult(mult(x,ld(y,ld(z,e))),z),x) != y | ld(x,mult(mult(mult(x,ld(y,ld(z,e))),z),y)) = e.  [back_rewrite(1367),rewrite([1612(2),1616(6),1616(5),662(6),1612(9),1616(10)])].
        1612 back demodulating 1366.
kept:      1757 ld(mult(mult(x,ld(y,e)),z),x) != mult(ld(z,e),y) | ld(x,mult(mult(mult(x,ld(y,e)),z),mult(ld(z,e),y))) = e.  [back_rewrite(1366),rewrite([1612(1),1612(10)])].
        1612 back demodulating 1365.
kept:      1758 ld(mult(mult(x,ld(y,e)),mult(y,ld(z,e))),x) != z | ld(x,mult(mult(mult(x,ld(y,e)),mult(y,ld(z,e))),z)) = e.  [back_rewrite(1365),rewrite([1612(1),1612(4),1616(8),662(8),1612(10),1612(13),1616(17),662(17)])].
        1612 back demodulating 1364.
kept:      1759 ld(mult(mult(x,ld(y,z)),ld(z,e)),x) != y | ld(x,mult(mult(mult(x,ld(y,z)),ld(z,e)),y)) = e.  [back_rewrite(1364),rewrite([1612(2),1596(3),1612(11),1616(12),1596(11),49(9)])].
        1612 back demodulating 1363.
kept:      1760 mult(ld(x,ld(ld(y,ld(x,e)),ld(z,e))),z) != y | ld(z,mult(mult(mult(z,ld(y,ld(x,e))),x),y)) = e.  [back_rewrite(1363),rewrite([1612(2),1616(3),1616(7),1616(6),1612(11),1616(12)])].
        1612 back demodulating 1362.
kept:      1761 ld(mult(mult(x,ld(y,e)),ld(z,e)),x) != mult(z,y) | ld(x,mult(mult(mult(x,ld(y,e)),ld(z,e)),mult(z,y))) = e.  [back_rewrite(1362),rewrite([1612(1),1612(10)])].
        1612 back demodulating 1361.
kept:      1762 ld(mult(mult(x,ld(y,ld(z,e))),y),x) != mult(ld(y,z),y) | ld(x,mult(mult(mult(x,ld(y,ld(z,e))),y),mult(ld(y,z),y))) = e.  [back_rewrite(1361),rewrite([1612(2),1616(3),1612(11),1616(12)])].
        1612 back demodulating 1360.
kept:      1763 ld(mult(mult(x,ld(mult(y,z),ld(z,e))),mult(z,y)),x) != z | ld(x,mult(mult(mult(x,ld(mult(y,z),ld(z,e))),mult(z,y)),z)) = e.  [back_rewrite(1360),rewrite([1612(3),1616(4),1612(12),1616(13)])].
        1612 back demodulating 1359.
kept:      1764 ld(mult(mult(x,ld(mult(y,z),ld(y,e))),mult(y,y)),x) != z | ld(x,mult(mult(mult(x,ld(mult(y,z),ld(y,e))),mult(y,y)),z)) = e.  [back_rewrite(1359),rewrite([1612(3),1616(4),1612(12),1616(13)])].
        1612 back demodulating 1358.
kept:      1765 ld(mult(mult(x,ld(mult(y,mult(z,u)),ld(y,e))),mult(y,mult(y,z))),x) != u | ld(x,mult(mult(mult(x,ld(mult(y,mult(z,u)),ld(y,e))),mult(y,mult(y,z))),u)) = e.  [back_rewrite(1358),rewrite([1612(4),1616(5),1612(15),1616(16)])].
        1612 back demodulating 1357.
kept:      1766 mult(mult(mult(x,ld(y,e)),mult(ld(y,e),ld(y,e))),mult(y,y)) = mult(x,ld(y,e)).  [back_rewrite(1357),rewrite([1612(4),1616(5),1719(7),1612(12)])].
    new demodulator: 1766.
        1612 back demodulating 1356.
        1612 back demodulating 1355.
kept:      1767 ld(mult(mult(x,ld(y,e)),mult(ld(y,e),ld(y,e))),mult(x,mult(ld(y,e),ld(y,e)))) = y.  [back_rewrite(1355),rewrite([1612(4),1616(5),1719(7),1612(11),993(12),8(15)])].
    new demodulator: 1767.
        1612 back demodulating 1354.
kept:      1768 ld(mult(mult(x,mult(ld(y,e),ld(y,e))),mult(y,ld(z,e))),mult(x,ld(y,e))) != z | ld(mult(x,ld(y,e)),mult(mult(mult(x,mult(ld(y,e),ld(y,e))),mult(y,ld(z,e))),z)) = e.  [back_rewrite(1354),rewrite([1612(2),993(3),8(6),1612(7),1612(11),1612(16),1612(20),993(21),8(24),1612(25)])].
        1612 back demodulating 1353.
kept:      1769 ld(mult(x,mult(y,ld(z,e))),mult(mult(x,ld(mult(ld(y,e),mult(z,ld(y,e))),ld(z,e))),z)) != y | ld(mult(mult(x,ld(mult(ld(y,e),mult(z,ld(y,e))),ld(z,e))),z),mult(mult(x,mult(y,ld(z,e))),y)) = e.  [back_rewrite(1353),rewrite([1612(1),1612(4),1616(5),662(5),1612(5),1612(8),1385(11),1612(12),1616(13),1612(18),1612(21),1385(24),1612(25),1616(26),1612(29),1612(32),1616(33),662(33)])].
        1612 back demodulating 1352.
        1612 back demodulating 1351.
kept:      1770 ld(x,mult(mult(x,mult(y,mult(y,ld(z,e)))),mult(z,ld(y,e)))) != y | ld(mult(mult(x,mult(y,mult(y,ld(z,e)))),mult(z,ld(y,e))),mult(x,y)) = e.  [back_rewrite(1351),rewrite([1612(2),993(3),8(6),1612(7),1616(8),993(8),1596(4),49(2),1596(4),49(2),1612(6),1612(13),993(14),8(17),1612(18),1616(19),993(19),1596(15),49(13),1596(15),49(13),1612(17)])].
        1612 back demodulating 1350.
        1612 back demodulating 1349.
kept:      1771 mult(mult(x,mult(ld(y,e),ld(y,e))),mult(y,mult(y,mult(y,ld(x,e))))) = mult(mult(x,ld(y,e)),mult(y,mult(y,ld(x,e)))).  [back_rewrite(1349),rewrite([1612(1),1612(5),993(6),8(9),1612(10),1616(11),993(11),1596(7),49(5),1596(7),49(5),1612(10),993(11),8(14),1612(16),993(17),8(20),1612(21),1616(22),993(22),1596(18),49(16),1596(18),49(16)]),flip(a)].
    new demodulator: 1771.
        1612 back demodulating 1348.
kept:      1772 ld(mult(mult(x,mult(ld(y,e),ld(y,e))),z),mult(x,ld(y,e))) != ld(z,y) | ld(mult(x,ld(y,e)),mult(mult(mult(x,mult(ld(y,e),ld(y,e))),z),ld(z,y))) = e.  [back_rewrite(1348),rewrite([1612(2),993(3),8(6),1612(8),1612(14),1612(18),993(19),8(22)])].
        1612 back demodulating 1347.
kept:      1773 ld(mult(x,ld(y,e)),mult(mult(x,mult(ld(y,e),ld(y,e))),z)) != ld(y,z) | ld(mult(mult(x,mult(ld(y,e),ld(y,e))),z),mult(mult(x,ld(y,e)),ld(y,z))) = e.  [back_rewrite(1347),rewrite([1612(1),1612(5),993(6),8(9),1612(15),993(16),8(19),1612(21)])].
        1612 back demodulating 1346.
        1612 back demodulating 1345.
kept:      1774 ld(mult(mult(mult(x,mult(ld(y,e),ld(y,e))),ld(z,e)),mult(z,y)),mult(x,ld(y,e))) != e | mult(y,mult(y,mult(ld(x,e),mult(mult(mult(x,mult(ld(y,e),ld(y,e))),ld(z,e)),mult(z,y))))) = y.  [back_rewrite(1345),rewrite([1612(2),993(3),8(6),1612(7),1612(12),1612(19),161(21),1612(23),993(24),8(27),1612(28),46(33)])].
        1612 back demodulating 1344.
kept:      1775 ld(mult(mult(x,mult(y,mult(y,ld(z,e)))),mult(z,ld(y,e))),mult(x,y)) != e | ld(x,mult(mult(x,mult(y,mult(y,ld(z,e)))),mult(z,ld(y,e)))) = y.  [back_rewrite(1344),rewrite([1612(2),993(3),8(6),1612(7),1616(8),993(8),1596(4),49(2),1596(4),49(2),1612(6),1612(15),993(16),8(19),1612(20),1616(21),993(21),1596(17),49(15),1596(17),49(15),1612(19)])].
        1612 back demodulating 1343.
        1612 back demodulating 1342.
kept:      1776 ld(x,mult(mult(mult(x,mult(y,ld(z,e))),mult(z,mult(ld(y,e),ld(y,e)))),y)) != e | ld(mult(mult(x,mult(y,ld(z,e))),mult(z,mult(ld(y,e),ld(y,e)))),x) = y.  [back_rewrite(1342),rewrite([1612(1),1612(4),1616(5),662(5),1612(6),993(7),8(10),1612(16),1612(19),1616(20),662(20),1612(21),993(22),8(25)])].
        1612 back demodulating 1341.
kept:      1777 ld(x,mult(y,ld(x,e))) = mult(mult(ld(x,y),mult(ld(x,e),ld(x,e))),x).  [back_rewrite(1341),rewrite([1612(2),993(3),8(6),1724(7),1612(9)]),flip(a)].
    new demodulator: 1777.
        1612 back demodulating 1340.
kept:      1778 ld(mult(mult(x,ld(mult(ld(y,e),mult(z,ld(y,e))),ld(z,e))),z),mult(mult(x,mult(y,ld(z,e))),y)) != e | ld(mult(x,mult(y,ld(z,e))),mult(mult(x,ld(mult(ld(y,e),mult(z,ld(y,e))),ld(z,e))),z)) = y.  [back_rewrite(1340),rewrite([1612(1),1612(4),1385(7),1612(8),1616(9),1612(12),1612(15),1616(16),662(16),1612(20),1612(23),1616(24),662(24),1612(24),1612(27),1385(30),1612(31),1616(32)])].
        1612 back demodulating 1339.
kept:      1779 ld(mult(x,ld(y,e)),mult(mult(mult(x,mult(ld(y,e),ld(y,e))),mult(y,ld(z,e))),z)) != e | ld(mult(mult(x,mult(ld(y,e),ld(y,e))),mult(y,ld(z,e))),mult(x,ld(y,e))) = z.  [back_rewrite(1339),rewrite([1612(1),1612(5),993(6),8(9),1612(10),1612(19),993(20),8(23),1612(24),1612(28)])].
        1612 back demodulating 1338.
kept:      1780 ld(mult(x,ld(y,e)),ld(x,e)) = mult(y,mult(ld(x,e),ld(x,e))).  [back_rewrite(1338),rewrite([1612(2),993(3),8(6),1612(8),993(9),8(12),1612(13),1616(14),993(14),1596(10),49(8),1596(10),49(8),1771(12),1612(9),1613(12),1616(6),1612(8),993(9),8(12)])].
    new demodulator: 1780.
        1612 back demodulating 1337.
kept:      1781 ld(mult(mult(x,mult(ld(y,e),ld(y,e))),mult(y,ld(mult(x,ld(y,e)),z))),z) != e | ld(mult(x,ld(y,e)),mult(mult(x,mult(ld(y,e),ld(y,e))),mult(y,ld(mult(x,ld(y,e)),z)))) = ld(mult(x,ld(y,e)),z).  [back_rewrite(1337),rewrite([1612(2),993(3),8(6),1612(7),1612(16),1612(20),993(21),8(24),1612(25),1612(32)])].
        1612 back demodulating 1336.
kept:      1782 mult(mult(x,ld(y,e)),mult(ld(y,x),mult(ld(y,e),ld(y,e)))) = mult(x,mult(ld(y,e),mult(ld(y,e),mult(x,mult(ld(y,e),ld(y,e)))))).  [back_rewrite(1336),rewrite([1612(1),1612(5),993(6),8(9),1612(11),1596(12),1724(10),1612(13),993(14),8(17),1612(19),993(20),8(23),1385(24),161(23)])].
    new demodulator: 1782.
        1612 back demodulating 1335.
kept:      1783 ld(mult(x,mult(ld(x,mult(y,mult(ld(z,e),ld(z,e)))),z)),mult(y,ld(z,e))) != e | ld(mult(y,mult(ld(z,e),ld(z,e))),mult(x,mult(ld(x,mult(y,mult(ld(z,e),ld(z,e)))),z))) = z.  [back_rewrite(1335),rewrite([1612(2),993(3),8(6),1612(10),1612(17),993(18),8(21),1612(23),993(24),8(27)])].
        1612 back demodulating 1334.
kept:      1784 ld(mult(x,mult(y,mult(ld(x,e),ld(x,e)))),mult(x,mult(y,ld(x,e)))) = x.  [back_rewrite(1334),rewrite([1612(2),993(3),8(6),1612(8)])].
    new demodulator: 1784.
        1612 back demodulating 1333.
        1612 back demodulating 1332.
kept:      1785 ld(mult(mult(x,mult(ld(y,e),ld(y,e))),z),mult(mult(x,ld(y,e)),ld(y,z))) != e | ld(mult(x,ld(y,e)),mult(mult(x,mult(ld(y,e),ld(y,e))),z)) = ld(y,z).  [back_rewrite(1332),rewrite([1612(2),993(3),8(6),1612(8),1612(16),1612(20),993(21),8(24)])].
        1612 back demodulating 1331.
kept:      1786 ld(mult(x,ld(y,e)),mult(mult(mult(x,mult(ld(y,e),ld(y,e))),z),ld(z,y))) != e | ld(mult(mult(x,mult(ld(y,e),ld(y,e))),z),mult(x,ld(y,e))) = ld(z,y).  [back_rewrite(1331),rewrite([1612(1),1612(5),993(6),8(9),1612(17),993(18),8(21),1612(23)])].
        1612 back demodulating 1330.
kept:      1787 mult(mult(x,mult(ld(y,e),ld(y,e))),mult(y,mult(x,mult(ld(y,e),ld(y,e))))) = mult(mult(x,ld(y,e)),mult(x,mult(ld(y,e),ld(y,e)))).  [back_rewrite(1330),rewrite([1612(2),993(3),8(6),1612(8),993(9),8(12),1612(15),1612(19),993(20),8(23)])].
    new demodulator: 1787.
        1612 back demodulating 1329.
kept:      1788 mult(mult(x,ld(mult(y,mult(y,y)),ld(y,e))),mult(y,y)) = mult(x,mult(ld(y,e),ld(y,e))).  [back_rewrite(1329),rewrite([1612(4),1616(5),1612(10),993(11),8(14)])].
    new demodulator: 1788.
        1612 back demodulating 1328.
kept:      1789 mult(mult(x,ld(mult(y,mult(z,mult(y,mult(y,z)))),ld(y,e))),mult(y,mult(y,z))) = mult(x,ld(mult(y,z),ld(y,e))).  [back_rewrite(1328),rewrite([1612(6),1616(7),1612(14),1616(15)])].
    new demodulator: 1789.
        1612 back demodulating 1327.
kept:      1790 mult(mult(x,mult(ld(y,e),ld(y,e))),mult(mult(x,mult(ld(y,e),ld(y,e))),mult(y,z))) = mult(mult(x,ld(y,e)),mult(ld(y,e),mult(mult(x,ld(y,e)),z))).  [back_rewrite(1327),rewrite([1612(2),993(3),8(6),1612(7),1182(10),209(11),1612(13),993(14),8(17),1612(19),993(20),8(23)]),flip(a)].
    new demodulator: 1790.
        1612 back demodulating 1325.
kept:      1791 ld(mult(x,mult(y,mult(ld(z,e),ld(z,e)))),mult(x,mult(y,ld(z,e)))) != z | ld(mult(x,mult(y,ld(z,e))),mult(mult(x,mult(y,mult(ld(z,e),ld(z,e)))),z)) = e.  [back_rewrite(1325),rewrite([1612(2),993(3),8(6),1612(8),1612(14),1612(19),993(20),8(23)])].
        1612 back demodulating 1324.
kept:      1792 ld(mult(x,ld(y,e)),mult(mult(x,mult(ld(y,e),ld(y,e))),mult(y,z))) != z | ld(mult(mult(x,mult(ld(y,e),ld(y,e))),mult(y,z)),mult(mult(x,ld(y,e)),z)) = e.  [back_rewrite(1324),rewrite([1612(1),1612(5),993(6),8(9),1612(15),993(16),8(19),1612(22)])].
        1612 back demodulating 1323.
kept:      1793 ld(mult(mult(x,mult(ld(y,e),ld(y,e))),mult(y,z)),mult(mult(x,ld(y,e)),z)) != e | ld(mult(x,ld(y,e)),mult(mult(x,mult(ld(y,e),ld(y,e))),mult(y,z))) = z.  [back_rewrite(1323),rewrite([1612(2),993(3),8(6),1612(9),1612(16),1612(20),993(21),8(24)])].
        1612 back demodulating 1321.
kept:      1794 ld(mult(x,mult(y,ld(z,e))),mult(mult(x,mult(y,mult(ld(z,e),ld(z,e)))),z)) != e | ld(mult(x,mult(y,mult(ld(z,e),ld(z,e)))),mult(x,mult(y,ld(z,e)))) = z.  [back_rewrite(1321),rewrite([1612(1),1612(6),993(7),8(10),1612(17),993(18),8(21),1612(23)])].
        1612 back demodulating 1320.
        1612 back demodulating 1319.
        1612 back demodulating 1316.
kept:      1795 mult(mult(x,y),mult(x,mult(y,ld(x,e)))) = mult(x,mult(mult(y,x),mult(y,ld(x,e)))).  [back_rewrite(1316),rewrite([1612(2),1612(8)])].
        1612 back demodulating 1315.
kept:      1796 ld(mult(mult(x,ld(y,e)),mult(y,mult(y,ld(z,e)))),mult(x,y)) != z | ld(mult(x,y),mult(mult(mult(x,ld(y,e)),mult(y,mult(y,ld(z,e)))),z)) = e.  [back_rewrite(1315),rewrite([1612(1),1612(5),161(7),1612(13),1612(17),161(19)])].
        1612 back demodulating 1314.
kept:      1797 mult(mult(x,ld(y,e)),mult(y,mult(y,mult(y,y)))) = mult(mult(x,y),mult(y,y)).  [back_rewrite(1314),rewrite([1612(1)])].
    new demodulator: 1797.
        1612 back demodulating 1312.
kept:      1798 ld(x,mult(mult(x,mult(y,ld(z,e))),mult(z,y))) != mult(y,y) | ld(mult(mult(x,mult(y,ld(z,e))),mult(z,y)),mult(x,mult(y,y))) = e.  [back_rewrite(1312),rewrite([1612(1),1612(4),1616(5),662(5),1612(10),1612(13),1616(14),662(14)])].
        1612 back demodulating 1311.
kept:      1799 mult(mult(x,ld(y,e)),mult(y,x)) = mult(x,x).  [back_rewrite(1311),rewrite([1612(1)])].
    new demodulator: 1799.
        1612 back demodulating 1310.
kept:      1800 mult(mult(x,ld(y,e)),mult(y,mult(y,mult(y,ld(x,e))))) = mult(mult(x,y),mult(y,ld(x,e))).  [back_rewrite(1310),rewrite([1612(2),1612(5),1616(6),662(6),1612(6),1612(10),1612(13),1616(14),662(14),161(13)]),flip(a)].
    new demodulator: 1800.
        1612 back demodulating 1308.
kept:      1801 ld(mult(x,y),mult(mult(x,ld(y,e)),z)) != mult(ld(y,e),mult(ld(y,e),z)) | ld(mult(mult(x,ld(y,e)),z),mult(mult(x,y),mult(ld(y,e),mult(ld(y,e),z)))) = e.  [back_rewrite(1308),rewrite([1612(2),1612(14)])].
        1612 back demodulating 1307.
kept:      1802 mult(mult(x,ld(y,x)),mult(ld(x,e),mult(y,mult(ld(x,e),y)))) = y.  [back_rewrite(1307),rewrite([1612(4),1616(5),1596(4),49(2)])].
    new demodulator: 1802.
        1612 back demodulating 1305.
kept:      1803 ld(mult(mult(mult(x,ld(y,e)),ld(z,e)),mult(z,mult(y,y))),mult(x,y)) != e | mult(mult(y,ld(x,e)),mult(mult(mult(x,ld(y,e)),ld(z,e)),mult(z,mult(y,y)))) = mult(y,y).  [back_rewrite(1305),rewrite([1612(1),1612(4),1612(14),1612(17),1612(20)])].
        1612 back demodulating 1304.
kept:      1804 ld(mult(mult(x,mult(y,ld(z,e))),mult(z,y)),mult(x,mult(y,y))) != e | ld(x,mult(mult(x,mult(y,ld(z,e))),mult(z,y))) = mult(y,y).  [back_rewrite(1304),rewrite([1612(1),1612(4),1616(5),662(5),1612(12),1612(15),1616(16),662(16)])].
        1612 back demodulating 1303.
        1612 back demodulating 1302.
kept:      1805 ld(x,mult(mult(mult(x,ld(y,ld(z,e))),mult(z,ld(y,e))),mult(y,y))) != e | ld(mult(mult(x,ld(y,ld(z,e))),mult(z,ld(y,e))),x) = mult(y,y).  [back_rewrite(1302),rewrite([1612(2),1616(3),1612(5),1612(15),1616(16),1612(18)])].
        1612 back demodulating 1301.
kept:      1806 ld(mult(x,y),mult(mult(mult(x,ld(y,e)),mult(y,mult(y,ld(z,e)))),z)) != e | ld(mult(mult(x,ld(y,e)),mult(y,mult(y,ld(z,e)))),mult(x,y)) = z.  [back_rewrite(1301),rewrite([1612(2),1612(6),161(8),1612(14),1612(18),161(20)])].
        1612 back demodulating 1300.
        1612 back demodulating 1299.
kept:      1807 ld(mult(mult(x,ld(y,e)),mult(y,mult(y,ld(mult(x,y),z)))),z) != e | ld(mult(x,y),mult(mult(x,ld(y,e)),mult(y,mult(y,ld(mult(x,y),z))))) = ld(mult(x,y),z).  [back_rewrite(1299),rewrite([1612(1),1612(13)])].
        1612 back demodulating 1296.
kept:      1808 ld(mult(x,mult(ld(x,mult(y,ld(z,e))),mult(z,z))),mult(y,z)) != e | ld(mult(y,ld(z,e)),mult(x,mult(ld(x,mult(y,ld(z,e))),mult(z,z)))) = mult(z,z).  [back_rewrite(1296),rewrite([1612(1),1612(12),1612(15)])].
        1612 back demodulating 1295.
kept:      1809 mult(mult(mult(x,ld(y,e)),mult(x,y)),mult(ld(y,e),ld(y,e))) = mult(x,mult(ld(y,e),mult(x,ld(y,e)))).  [back_rewrite(1295),rewrite([1612(1),1612(7),993(8),8(11),1612(12),1612(15),1385(18)])].
    new demodulator: 1809.
        1612 back demodulating 1294.
kept:      1810 ld(mult(mult(x,ld(y,e)),z),mult(mult(x,y),mult(ld(y,e),mult(ld(y,e),z)))) != e | ld(mult(x,y),mult(mult(x,ld(y,e)),z)) = mult(ld(y,e),mult(ld(y,e),z)).  [back_rewrite(1294),rewrite([1612(1),1612(17)])].
        1612 back demodulating 1292.
kept:      1811 mult(mult(x,ld(y,e)),mult(y,mult(y,mult(x,ld(y,e))))) = mult(mult(x,y),mult(x,ld(y,e))).  [back_rewrite(1292),rewrite([1612(1),1612(4),1612(11)])].
    new demodulator: 1811.
        1612 back demodulating 1291.
kept:      1812 mult(mult(x,mult(ld(y,e),ld(y,e))),mult(y,mult(y,mult(y,y)))) = mult(x,mult(y,y)).  [back_rewrite(1291),rewrite([1612(2),993(3),8(6)])].
    new demodulator: 1812.
        1612 back demodulating 1290.
kept:      1813 mult(mult(x,ld(mult(y,z),ld(y,e))),mult(y,mult(y,mult(z,mult(y,mult(y,z)))))) = mult(x,mult(y,mult(y,z))).  [back_rewrite(1290),rewrite([1612(3),1616(4)])].
    new demodulator: 1813.
        1612 back demodulating 1289.
kept:      1814 mult(mult(mult(x,ld(y,e)),mult(x,y)),z) = mult(mult(x,ld(y,e)),mult(mult(x,ld(y,e)),mult(y,mult(y,z)))).  [back_rewrite(1289),rewrite([1612(1),1612(7),1612(10)])].
    new demodulator: 1814.
        1612 back demodulating 1288.
kept:      1815 ld(mult(x,mult(y,ld(z,e))),mult(x,mult(y,z))) != mult(z,z) | ld(mult(x,mult(y,z)),mult(mult(x,mult(y,ld(z,e))),mult(z,z))) = e.  [back_rewrite(1288),rewrite([1612(1),1612(12)])].
        1612 back demodulating 1287.
kept:      1816 ld(mult(x,y),mult(mult(x,ld(y,e)),mult(y,mult(y,z)))) != z | ld(mult(mult(x,ld(y,e)),mult(y,mult(y,z))),mult(mult(x,y),z)) = e.  [back_rewrite(1287),rewrite([1612(2),1612(10)])].
        1612 back demodulating 1286.
kept:      1817 ld(mult(mult(x,ld(y,e)),mult(y,mult(y,z))),mult(mult(x,y),z)) != e | ld(mult(x,y),mult(mult(x,ld(y,e)),mult(y,mult(y,z)))) = z.  [back_rewrite(1286),rewrite([1612(1),1612(13)])].
        1612 back demodulating 1285.
kept:      1818 ld(mult(x,mult(y,z)),mult(mult(x,mult(y,ld(z,e))),mult(z,z))) != e | ld(mult(x,mult(y,ld(z,e))),mult(x,mult(y,z))) = mult(z,z).  [back_rewrite(1285),rewrite([1612(3),1612(12)])].
        1612 back demodulating 1284.
kept:      1819 mult(mult(x,y),mult(ld(y,e),ld(y,e))) = mult(x,ld(y,e)).  [back_rewrite(1284),rewrite([1612(3),993(4),8(7),1612(8)])].
    new demodulator: 1819.
        1612 back demodulating 1283.
        1612 back demodulating 1282.
kept:      1820 mult(mult(x,mult(y,mult(y,mult(y,y)))),ld(y,e)) = mult(mult(x,y),mult(y,y)).  [back_rewrite(1282),rewrite([1612(5)])].
    new demodulator: 1820.
        1612 back demodulating 1281.
kept:      1821 mult(mult(x,mult(ld(y,e),ld(y,e))),y) = mult(x,ld(y,e)).  [back_rewrite(1281),rewrite([1612(1),1612(5),161(7),1616(9),1780(9)]),flip(a)].
    new demodulator: 1821.
        1612 back demodulating 1279.
kept:      1822 mult(mult(x,mult(y,mult(y,mult(y,y)))),mult(ld(y,e),ld(y,e))) = mult(x,mult(y,y)).  [back_rewrite(1279),rewrite([1612(6),993(7),8(10)])].
    new demodulator: 1822.
        1612 back demodulating 1278.
kept:      1823 mult(x,mult(x,mult(mult(y,mult(z,z)),ld(z,e)))) = mult(x,mult(x,mult(y,z))).  [back_rewrite(1278),rewrite([1612(5),46(7)])].
    new demodulator: 1823.
        1612 back demodulating 1277.
kept:      1824 mult(mult(x,mult(y,mult(y,mult(z,mult(y,mult(y,z)))))),ld(mult(y,z),ld(y,e))) = mult(x,mult(y,mult(y,z))).  [back_rewrite(1277),rewrite([1612(9),1616(10)])].
    new demodulator: 1824.
        1612 back demodulating 1276.
        1612 back demodulating 1270.
kept:      1825 ld(ld(mult(x,ld(y,e)),z),mult(mult(y,ld(x,e)),mult(z,z))) = z.  [back_rewrite(1270),rewrite([1612(1),1612(5)])].
    new demodulator: 1825.
        1612 back demodulating 1268.
        1612 back demodulating 1264.
kept:      1826 ld(mult(mult(x,y),mult(y,ld(z,e))),mult(x,mult(y,y))) != z | ld(mult(x,mult(y,y)),mult(mult(mult(x,y),mult(y,ld(z,e))),z)) = e.  [back_rewrite(1264),rewrite([1612(2),1612(13)])].
        1612 back demodulating 1263.
kept:      1827 ld(mult(x,mult(y,mult(ld(z,e),mult(y,ld(z,e))))),mult(mult(x,mult(y,ld(z,e))),y)) != z | ld(mult(mult(x,mult(y,ld(z,e))),y),mult(mult(x,mult(y,mult(ld(z,e),mult(y,ld(z,e))))),z)) = e.  [back_rewrite(1263),rewrite([1612(1),1612(4),1385(7),1612(9),1612(16),1612(21),1612(24),1385(27)])].
        1612 back demodulating 1262.
kept:      1828 ld(mult(mult(x,ld(y,e)),mult(z,ld(u,e))),ld(mult(y,ld(x,e)),z)) != u | ld(mult(mult(x,ld(y,e)),z),mult(mult(mult(x,ld(y,e)),mult(z,ld(u,e))),u)) = e.  [back_rewrite(1262),rewrite([1612(1),1612(4),1612(8),1612(14),1612(18),1612(21)])].
        1612 back demodulating 1261.
kept:      1829 ld(ld(mult(x,ld(y,e)),mult(z,ld(u,e))),mult(mult(y,ld(x,e)),z)) != u | ld(mult(mult(y,ld(x,e)),z),mult(mult(mult(y,ld(x,e)),mult(z,ld(u,e))),u)) = e.  [back_rewrite(1261),rewrite([1612(1),1612(4),1612(8),1612(14),1612(18),1612(21)])].
        1612 back demodulating 1260.
kept:      1830 ld(mult(mult(x,ld(y,e)),mult(mult(mult(y,ld(x,e)),z),ld(u,e))),z) != u | ld(z,mult(mult(mult(x,ld(y,e)),mult(mult(mult(y,ld(x,e)),z),ld(u,e))),u)) = e.  [back_rewrite(1260),rewrite([1612(1),1612(4),1612(8),1612(14),1612(17),1612(21)])].
        1612 back demodulating 1259.
        1612 back demodulating 1258.
kept:      1831 ld(ld(mult(x,ld(y,e)),z),mult(ld(mult(x,ld(y,e)),mult(z,mult(y,ld(x,e)))),x)) != y | ld(mult(ld(mult(x,ld(y,e)),mult(z,mult(y,ld(x,e)))),x),mult(ld(mult(x,ld(y,e)),z),y)) = e.  [back_rewrite(1258),rewrite([1612(1),1612(5),1612(8),1612(11),1616(12),662(12),1612(16),1612(19),1612(22),1616(23),662(23),1612(25)])].
        1612 back demodulating 1256.
kept:      1832 ld(mult(x,mult(y,ld(z,e))),mult(x,y)) != z | ld(mult(x,y),mult(mult(x,mult(y,ld(z,e))),z)) = e.  [back_rewrite(1256),rewrite([1612(1),1616(5),662(5),1612(9)])].
        1612 back demodulating 1254.
kept:      1833 ld(mult(ld(x,e),mult(mult(x,y),ld(z,e))),y) != z | ld(y,mult(ld(x,e),mult(ld(x,e),mult(mult(x,mult(mult(x,y),ld(z,e))),z)))) = e.  [back_rewrite(1254),rewrite([1612(4),674(6),676(11),1612(13),674(15),676(20),674(17)])].
        1612 back demodulating 1253.
kept:      1834 ld(mult(mult(x,ld(y,e)),mult(y,ld(z,e))),x) != z | ld(x,mult(mult(x,ld(y,e)),mult(mult(x,ld(y,e)),mult(mult(mult(y,ld(x,e)),mult(y,ld(z,e))),z)))) = e.  [back_rewrite(1253),rewrite([1612(1),1616(5),662(5),1612(4),1612(10),1616(14),662(14),1612(13),1616(17),662(17),1612(16),1612(19)])].
        1612 back demodulating 1252.
kept:      1835 ld(x,mult(mult(x,mult(y,ld(z,e))),z)) != y | ld(mult(mult(x,mult(y,ld(z,e))),z),mult(x,y)) = e.  [back_rewrite(1252),rewrite([1612(1),1612(4),1616(8),1616(7),662(7),662(6),1612(8),1612(11),1616(15),1616(14),662(14),662(13)])].
        1612 back demodulating 1251.
kept:      1836 ld(mult(ld(x,e),mult(y,ld(z,e))),ld(x,y)) != z | ld(mult(ld(x,e),y),mult(ld(x,e),mult(ld(x,e),mult(mult(x,mult(y,ld(z,e))),z)))) = e.  [back_rewrite(1251),rewrite([1612(3),1612(17)])].
        1612 back demodulating 1250.
kept:      1837 ld(ld(x,mult(y,ld(z,e))),mult(ld(x,e),y)) != z | ld(mult(ld(x,e),y),mult(ld(x,e),mult(ld(x,e),mult(mult(x,mult(y,ld(z,e))),z)))) = e.  [back_rewrite(1250),rewrite([1612(1),1612(17)])].
        1612 back demodulating 1249.
kept:      1838 mult(ld(mult(x,ld(y,e)),ld(z,e)),mult(z,x)) != y | ld(mult(z,x),mult(mult(z,mult(x,ld(y,e))),y)) = e.  [back_rewrite(1249),rewrite([1612(1),1616(6),1612(11)])].
        1612 back demodulating 1248.
        1612 back demodulating 1244.
kept:      1839 ld(mult(x,mult(mult(ld(x,y),x),ld(z,e))),mult(y,x)) != z | ld(mult(y,x),mult(mult(x,mult(mult(ld(x,y),x),ld(z,e))),z)) = e.  [back_rewrite(1244),rewrite([1612(3),1612(13)])].
        1612 back demodulating 1243.
kept:      1840 ld(mult(mult(x,y),mult(x,ld(z,e))),mult(x,mult(y,x))) != z | ld(mult(x,mult(y,x)),mult(mult(mult(x,y),mult(x,ld(z,e))),z)) = e.  [back_rewrite(1243),rewrite([1612(2),1612(13)])].
        1612 back demodulating 1242.
kept:      1841 ld(mult(mult(x,ld(y,e)),mult(z,mult(x,ld(y,e)))),mult(mult(mult(x,ld(y,e)),z),x)) != y | ld(mult(mult(mult(x,ld(y,e)),z),x),mult(mult(x,ld(y,e)),mult(z,x))) = e.  [back_rewrite(1242),rewrite([1612(1),1612(4),1612(9),1612(16),1612(21)])].
        1612 back demodulating 1241.
        1612 back demodulating 1240.
kept:      1842 ld(mult(x,mult(ld(x,y),ld(z,e))),y) != z | ld(y,mult(mult(x,mult(ld(x,y),ld(z,e))),z)) = e.  [back_rewrite(1240),rewrite([1612(2),1612(9)])].
        1612 back demodulating 1239.
kept:      1843 ld(mult(x,ld(y,e)),mult(z,mult(y,ld(x,e)))) = mult(mult(y,ld(x,e)),mult(z,mult(y,ld(x,e)))).  [back_rewrite(1239),rewrite([1612(1),1612(5),1612(8),1616(9),662(9),162(8),1612(9),1612(12),1612(15),1616(16),662(16)]),flip(a)].
    new demodulator: 1843.
        1612 back demodulating 1238.
kept:      1844 ld(mult(x,ld(y,x)),z) = mult(mult(ld(x,y),ld(x,e)),z).  [back_rewrite(1238),rewrite([1612(2),1596(3),1612(4),1777(7),1821(11)])].
    new demodulator: 1844.
        1612 back demodulating 1237.
kept:      1845 ld(mult(ld(x,y),ld(x,e)),z) = mult(mult(x,ld(y,x)),z).  [back_rewrite(1237),rewrite([1612(1),1777(4),1821(8),1612(7),1596(8)])].
    new demodulator: 1845.
        1612 back demodulating 1236.
kept:      1846 mult(mult(x,ld(y,x)),mult(mult(ld(x,y),ld(x,e)),z)) = z.  [back_rewrite(1236),rewrite([1612(2),1596(3),1612(3),1777(6),1821(10)])].
    new demodulator: 1846.
        1612 back demodulating 1235.
kept:      1847 mult(mult(ld(x,y),ld(x,e)),mult(mult(x,ld(y,x)),z)) = z.  [back_rewrite(1235),rewrite([1612(1),1777(4),1821(8),1612(6),1596(7)])].
    new demodulator: 1847.
        1612 back demodulating 1234.
kept:      1848 mult(mult(x,ld(y,x)),mult(ld(x,y),ld(x,e))) = e.  [back_rewrite(1234),rewrite([1612(2),1596(3),1612(3),1777(6),1821(10)])].
    new demodulator: 1848.
        1612 back demodulating 1233.
kept:      1849 mult(mult(ld(x,y),ld(x,e)),mult(x,ld(y,x))) = e.  [back_rewrite(1233),rewrite([1612(1),1777(4),1821(8),1612(6),1596(7)])].
    new demodulator: 1849.
        1612 back demodulating 1232.
        1612 back demodulating 1231.
kept:      1850 ld(ld(x,y),ld(y,e)) = mult(ld(y,x),ld(y,e)).  [back_rewrite(1231),rewrite([1612(2),1596(3),1616(4),1612(5),1777(8),1821(12)])].
    new demodulator: 1850.
        1612 back demodulating 1230.
        1612 back demodulating 1229.
        1612 back demodulating 1228.
kept:      1851 ld(mult(x,mult(y,ld(x,e))),mult(mult(x,y),mult(x,ld(y,ld(x,e))))) = mult(x,mult(x,ld(y,ld(x,e)))).  [back_rewrite(1228),rewrite([1612(1),1612(6),1612(10),1616(11),1618(11),662(11),1612(12),1612(16),1616(17),1618(17),662(17)])].
    new demodulator: 1851.
        1612 back demodulating 1226.
kept:      1852 mult(mult(x,ld(y,e)),mult(y,mult(x,ld(y,e)))) = mult(x,mult(x,ld(y,e))).  [back_rewrite(1226),rewrite([1612(1),1612(4),1616(5),662(5),1612(5),1612(8),1612(11),1616(12),662(12),1843(12)]),flip(a)].
    new demodulator: 1852.
        1612 back demodulating 1225.
kept:      1853 ld(mult(mult(x,ld(y,e)),mult(z,mult(x,ld(y,e)))),mult(mult(x,ld(y,e)),z)) = mult(y,ld(x,e)).  [back_rewrite(1225),rewrite([1612(1),1612(4),1612(7),1616(8),662(8),1843(8),1612(9),1612(14)])].
    new demodulator: 1853.
        1612 back demodulating 1224.
kept:      1854 ld(mult(mult(x,ld(y,e)),mult(z,mult(x,ld(y,e)))),ld(mult(y,ld(x,e)),z)) = mult(y,ld(x,e)).  [back_rewrite(1224),rewrite([1612(1),1612(4),1612(7),1616(8),662(8),1612(9),1612(14)])].
    new demodulator: 1854.
        1612 back demodulating 1223.
kept:      1855 mult(ld(x,y),ld(x,e)) = mult(ld(x,y),mult(ld(x,y),ld(y,e))).  [back_rewrite(1223),rewrite([1612(2),1777(5),1821(9),1612(7),1612(10),1616(11),662(11),46(10),640(8),1612(7),1777(10),1821(14)]),flip(a)].
        1612 back demodulating 1222.
        1612 back demodulating 1219.
kept:      1856 mult(mult(x,ld(y,x)),mult(ld(x,e),y)) = x.  [back_rewrite(1219),rewrite([1612(1),1777(4),1821(8),1845(8)])].
    new demodulator: 1856.
        1612 back demodulating 1218.
kept:      1857 ld(mult(ld(x,e),mult(y,ld(x,e))),ld(x,y)) = x.  [back_rewrite(1218),rewrite([1612(3)])].
    new demodulator: 1857.
        1612 back demodulating 1217.
kept:      1858 ld(mult(x,mult(y,x)),mult(x,y)) = ld(x,e).  [back_rewrite(1217),rewrite([1612(3),1596(4),49(2)])].
    new demodulator: 1858.
        1612 back demodulating 1213.
        1612 back demodulating 1210.
kept:      1859 mult(ld(mult(x,ld(y,e)),z),z) = mult(mult(y,ld(x,e)),mult(z,z)).  [back_rewrite(1210),rewrite([1612(1),1612(6)]),flip(a)].
    new demodulator: 1859.
        1612 back demodulating 1209.
kept:      1860 ld(x,mult(mult(x,ld(y,ld(z,e))),mult(z,mult(y,y)))) != y | ld(mult(mult(x,ld(y,ld(z,e))),mult(z,mult(y,y))),mult(x,y)) = e.  [back_rewrite(1209),rewrite([1612(2),1616(3),1612(11),1616(12)])].
        1612 back demodulating 1207.
kept:      1861 mult(mult(ld(x,y),ld(x,e)),mult(x,x)) = mult(ld(x,y),x).  [back_rewrite(1207),rewrite([1612(1),1777(4),1821(8)])].
    new demodulator: 1861.
        1612 back demodulating 1206.
kept:      1862 mult(mult(x,mult(y,y)),ld(y,ld(x,e))) = mult(x,mult(y,ld(x,e))).  [back_rewrite(1206),rewrite([1612(4),1616(5)])].
    new demodulator: 1862.
        1612 back demodulating 1202.
kept:      1863 mult(mult(x,ld(y,e)),mult(y,y)) = mult(x,y).  [back_rewrite(1202),rewrite([1612(1),1616(5),662(5)])].
    new demodulator: 1863.
        1612 back demodulating 1201.
        1612 back demodulating 1199.
kept:      1864 ld(mult(mult(mult(x,y),ld(z,e)),mult(z,y)),mult(x,mult(y,y))) != e | ld(mult(x,y),mult(mult(mult(x,y),ld(z,e)),mult(z,y))) = y.  [back_rewrite(1199),rewrite([1612(2),1612(14)])].
        1612 back demodulating 1198.
kept:      1865 ld(mult(mult(x,ld(y,ld(z,e))),mult(z,mult(y,y))),mult(x,y)) != e | ld(x,mult(mult(x,ld(y,ld(z,e))),mult(z,mult(y,y)))) = y.  [back_rewrite(1198),rewrite([1612(2),1616(3),1612(13),1616(14)])].
        1612 back demodulating 1194.
kept:      1866 ld(x,mult(mult(mult(x,mult(ld(y,e),mult(ld(y,e),ld(z,e)))),mult(z,y)),y)) != e | ld(mult(mult(x,mult(ld(y,e),mult(ld(y,e),ld(z,e)))),mult(z,y)),x) = y.  [back_rewrite(1194),rewrite([1612(3),1616(4),993(4),1612(18),1616(19),993(19)])].
        1612 back demodulating 1192.
kept:      1867 ld(mult(mult(x,mult(y,ld(z,e))),y),mult(mult(x,mult(y,mult(ld(z,e),mult(y,ld(z,e))))),z)) != e | ld(mult(x,mult(y,mult(ld(z,e),mult(y,ld(z,e))))),mult(mult(x,mult(y,ld(z,e))),y)) = z.  [back_rewrite(1192),rewrite([1612(1),1612(6),1612(9),1385(12),1612(18),1612(21),1385(24),1612(26)])].
        1612 back demodulating 1191.
kept:      1868 ld(mult(x,mult(y,y)),mult(mult(mult(x,y),mult(y,ld(z,e))),z)) != e | ld(mult(mult(x,y),mult(y,ld(z,e))),mult(x,mult(y,y))) = z.  [back_rewrite(1191),rewrite([1612(4),1612(13)])].
        1612 back demodulating 1173.
        1612 back demodulating 1172.
kept:      1869 mult(mult(x,mult(y,y)),ld(y,e)) = mult(x,y).  [back_rewrite(1172),rewrite([1612(3)])].
    new demodulator: 1869.
        1612 back demodulating 1169.
kept:      1870 ld(x,ld(mult(y,ld(x,e)),mult(y,z))) != z | ld(mult(mult(x,ld(y,e)),mult(y,z)),mult(x,z)) = e.  [back_rewrite(1169),rewrite([1612(1),1612(8)])].
        1612 back demodulating 1168.
kept:      1871 ld(x,mult(mult(x,mult(y,ld(z,e))),ld(mult(y,ld(z,e)),u))) != u | ld(mult(mult(x,mult(y,ld(z,e))),mult(mult(z,ld(y,e)),u)),mult(x,u)) = e.  [back_rewrite(1168),rewrite([1612(1),1612(4),1616(5),662(5),1612(5),1612(12),1612(15),1616(16),662(16),1612(16)])].
        1612 back demodulating 1167.
kept:      1872 mult(mult(x,ld(y,e)),mult(mult(mult(y,ld(x,e)),ld(z,e)),mult(z,u))) != u | ld(mult(mult(mult(y,ld(x,e)),ld(z,e)),mult(z,u)),mult(mult(y,ld(x,e)),u)) = e.  [back_rewrite(1167),rewrite([1612(1),1612(4),1612(7),1612(14),1612(17),1612(22)])].
        1612 back demodulating 1166.
kept:      1873 ld(mult(x,ld(y,e)),z) = mult(mult(y,ld(x,e)),mult(z,mult(mult(y,ld(x,e)),mult(x,ld(y,e))))).  [back_rewrite(1166),rewrite([1612(1),1612(4),1612(7),1616(8),662(8),1612(9),209(12),1612(13)]),flip(a)].
    new demodulator: 1873.
        1612 back demodulating 1165.
kept:      1874 ld(mult(x,ld(y,ld(x,e))),z) = mult(mult(x,mult(y,ld(x,e))),z).  [back_rewrite(1165),rewrite([1612(2),1616(3),1612(6)])].
    new demodulator: 1874.
        1612 back demodulating 1164.
kept:      1875 ld(mult(x,mult(y,ld(x,e))),z) = mult(mult(x,ld(y,ld(x,e))),z).  [back_rewrite(1164),rewrite([1612(1),1612(7),1616(8)])].
    new demodulator: 1875.
        1612 back demodulating 1163.
kept:      1876 mult(mult(mult(x,ld(y,e)),mult(z,mult(mult(x,ld(y,e)),mult(y,ld(x,e))))),mult(y,ld(x,e))) = mult(mult(x,ld(y,e)),mult(z,mult(y,ld(x,e)))).  [back_rewrite(1163),rewrite([1612(1),1873(4),1612(13),1612(16),1616(17),662(17),1612(17),1612(20),1612(23),1616(24),662(24)])].
    new demodulator: 1876.
        1612 back demodulating 1162.
kept:      1877 ld(mult(mult(x,ld(y,e)),z),mult(mult(x,ld(y,e)),mult(u,mult(mult(x,ld(y,e)),mult(y,ld(x,e)))))) != ld(z,u) | ld(mult(mult(x,ld(y,e)),u),mult(mult(mult(x,ld(y,e)),z),ld(z,u))) = e.  [back_rewrite(1162),rewrite([1612(1),1612(5),1873(8),1612(20),1612(24)])].
        1612 back demodulating 1161.
kept:      1878 ld(mult(mult(x,ld(y,e)),mult(z,mult(mult(x,ld(y,e)),mult(y,ld(x,e))))),mult(mult(x,ld(y,e)),u)) != ld(z,u) | ld(mult(mult(x,ld(y,e)),u),mult(mult(mult(x,ld(y,e)),z),ld(z,u))) = e.  [back_rewrite(1161),rewrite([1612(1),1873(4),1612(13),1612(20),1612(24)])].
        1612 back demodulating 1160.
kept:      1879 ld(mult(x,mult(y,ld(z,e))),mult(x,u)) != mult(mult(z,ld(y,e)),u) | ld(mult(x,u),mult(mult(x,mult(y,ld(z,e))),mult(mult(z,ld(y,e)),mult(u,mult(mult(z,ld(y,e)),mult(y,ld(z,e))))))) = e.  [back_rewrite(1160),rewrite([1612(1),1612(7),1612(13),1612(17),1873(20)])].
        1612 back demodulating 1159.
kept:      1880 mult(mult(mult(x,ld(y,e)),mult(z,mult(mult(x,ld(y,e)),mult(y,ld(x,e))))),ld(z,mult(mult(y,ld(x,e)),mult(z,mult(mult(y,ld(x,e)),mult(x,ld(y,e))))))) = z.  [back_rewrite(1159),rewrite([1612(1),1873(4),1612(13),1612(18),1616(19),1596(18),1873(16)])].
    new demodulator: 1880.
        1612 back demodulating 1158.
kept:      1881 mult(mult(x,mult(y,ld(z,e))),mult(mult(z,ld(y,e)),mult(ld(x,mult(y,ld(z,e))),mult(mult(z,ld(y,e)),mult(y,ld(z,e)))))) = mult(y,ld(z,e)).  [back_rewrite(1158),rewrite([1612(1),1612(5),1612(9),1612(13),1616(14),1616(13),1616(12),662(12),1873(12),1612(22)])].
    new demodulator: 1881.
        1612 back demodulating 1157.
kept:      1882 mult(mult(x,ld(y,e)),mult(z,mult(ld(z,mult(y,ld(x,e))),u))) != u | ld(mult(z,mult(ld(z,mult(y,ld(x,e))),u)),mult(mult(y,ld(x,e)),u)) = e.  [back_rewrite(1157),rewrite([1612(1),1612(4),1612(12),1612(18)])].
        1612 back demodulating 1156.
kept:      1883 ld(x,mult(mult(y,ld(z,e)),mult(mult(mult(z,ld(y,e)),x),u))) != u | ld(mult(mult(y,ld(z,e)),mult(mult(mult(z,ld(y,e)),mult(x,mult(mult(z,ld(y,e)),mult(y,ld(z,e))))),u)),mult(x,u)) = e.  [back_rewrite(1156),rewrite([1612(1),1612(4),1612(12),1612(15),1873(18)])].
        1612 back demodulating 1155.
kept:      1884 ld(mult(mult(mult(x,ld(y,e)),ld(z,e)),mult(z,u)),mult(mult(x,ld(y,e)),mult(u,mult(mult(x,ld(y,e)),mult(y,ld(x,e)))))) != e | mult(mult(y,ld(x,e)),mult(mult(mult(x,ld(y,e)),ld(z,e)),mult(z,u))) = u.  [back_rewrite(1155),rewrite([1612(1),1612(4),1612(9),1873(12),1612(24),1612(27),1612(30)])].
        1612 back demodulating 1154.
kept:      1885 ld(mult(mult(x,ld(y,e)),mult(mult(y,z),mult(mult(x,ld(y,e)),mult(y,ld(x,e))))),mult(x,z)) != e | ld(x,mult(mult(x,ld(y,e)),mult(y,z))) = z.  [back_rewrite(1154),rewrite([1612(1),1873(5),1612(18)])].
        1612 back demodulating 1153.
kept:      1886 ld(mult(mult(x,mult(y,ld(z,e))),mult(mult(z,ld(y,e)),mult(u,mult(mult(z,ld(y,e)),mult(y,ld(z,e)))))),mult(x,u)) != e | ld(x,mult(mult(x,mult(y,ld(z,e))),mult(mult(z,ld(y,e)),u))) = u.  [back_rewrite(1153),rewrite([1612(1),1612(4),1616(5),662(5),1612(5),1873(8),1612(22),1612(25),1616(26),662(26),1612(26)])].
        1612 back demodulating 1152.
kept:      1887 mult(mult(x,ld(y,e)),mult(mult(y,ld(x,e)),mult(z,mult(mult(y,ld(x,e)),mult(x,ld(y,e)))))) = z.  [back_rewrite(1152),rewrite([1612(1),1616(5),662(5),1612(4),1873(7)])].
    new demodulator: 1887.
        1612 back demodulating 1151.
kept:      1888 ld(x,mult(mult(mult(x,ld(y,ld(z,e))),mult(z,mult(mult(x,ld(y,ld(z,e))),mult(mult(z,y),ld(x,e))))),y)) != e | ld(mult(mult(x,ld(y,ld(z,e))),z),x) = y.  [back_rewrite(1151),rewrite([1612(2),1873(5),1616(3),1616(7),1612(21),1616(22)])].
        1612 back demodulating 1150.
kept:      1889 ld(x,mult(mult(mult(x,ld(mult(y,mult(mult(z,ld(u,e)),mult(u,ld(z,e)))),mult(u,ld(z,e)))),mult(z,ld(u,e))),y)) != e | ld(mult(mult(x,ld(y,mult(u,ld(z,e)))),mult(z,ld(u,e))),x) = y.  [back_rewrite(1150),rewrite([1612(1),1873(4),1612(13),1616(14),1616(13),662(13),1612(14),1612(22),1612(26),1616(27),1616(26),662(26),1612(27)])].
        1612 back demodulating 1149.
kept:      1890 mult(mult(x,ld(y,e)),mult(mult(mult(mult(y,ld(x,e)),ld(z,ld(u,e))),u),z)) != e | ld(mult(mult(mult(y,ld(x,e)),ld(z,ld(u,e))),u),mult(y,ld(x,e))) = z.  [back_rewrite(1149),rewrite([1612(1),1612(4),1612(8),1616(9),1612(16),1612(20),1616(21),1612(24)])].
        1612 back demodulating 1148.
kept:      1891 ld(x,mult(mult(y,ld(z,e)),mult(x,mult(mult(y,ld(z,e)),mult(z,ld(y,e)))))) = mult(ld(x,mult(y,ld(z,e))),x).  [back_rewrite(1148),rewrite([1612(1),1873(4),1612(14)])].
    new demodulator: 1891.
        1612 back demodulating 1147.
kept:      1892 ld(mult(mult(x,ld(y,e)),z),mult(mult(mult(x,ld(y,e)),mult(mult(z,ld(u,e)),mult(mult(x,ld(y,e)),mult(y,ld(x,e))))),u)) != e | ld(mult(mult(x,ld(y,e)),mult(z,ld(u,e))),mult(mult(x,ld(y,e)),z)) = u.  [back_rewrite(1147),rewrite([1612(1),1612(5),1612(8),1873(11),1612(24),1612(27),1612(31)])].
        1612 back demodulating 1146.
kept:      1893 ld(mult(mult(x,ld(y,e)),mult(z,mult(mult(x,ld(y,e)),mult(y,ld(x,e))))),mult(mult(mult(x,ld(y,e)),mult(z,ld(u,e))),u)) != e | ld(mult(mult(x,ld(y,e)),mult(z,ld(u,e))),mult(mult(x,ld(y,e)),z)) = u.  [back_rewrite(1146),rewrite([1612(1),1873(4),1612(13),1612(16),1612(24),1612(27),1612(31)])].
        1612 back demodulating 1145.
kept:      1894 ld(mult(mult(x,ld(y,e)),mult(z,mult(y,ld(x,e)))),mult(mult(x,ld(y,e)),mult(z,mult(mult(x,ld(y,e)),mult(y,ld(x,e)))))) = mult(x,ld(y,e)).  [back_rewrite(1145),rewrite([1612(1),1612(4),1612(7),1616(8),662(8),1612(9),1873(12),1612(22)])].
    new demodulator: 1894.
        1612 back demodulating 1144.
kept:      1895 ld(mult(mult(x,ld(y,e)),mult(z,ld(mult(mult(x,ld(y,e)),mult(z,mult(mult(x,ld(y,e)),mult(y,ld(x,e))))),u))),u) != e | ld(mult(mult(x,ld(y,e)),z),mult(mult(x,ld(y,e)),mult(z,ld(mult(mult(x,ld(y,e)),z),u)))) = ld(mult(mult(x,ld(y,e)),z),u).  [back_rewrite(1144),rewrite([1612(1),1612(4),1873(7),1612(22),1612(26),1612(29),1612(37)])].
        1612 back demodulating 1143.
kept:      1896 mult(mult(mult(x,ld(y,e)),mult(z,mult(mult(x,ld(y,e)),mult(y,ld(x,e))))),ld(mult(z,mult(mult(y,ld(x,e)),mult(x,ld(y,e)))),mult(x,ld(y,e)))) = mult(x,mult(ld(y,e),mult(x,ld(y,e)))).  [back_rewrite(1143),rewrite([1612(1),1873(4),1612(13),1873(16),1612(25),1616(26),1616(25),662(25),1612(26),1612(29),1385(32)])].
    new demodulator: 1896.
        1612 back demodulating 1142.
kept:      1897 ld(mult(x,mult(ld(x,mult(y,ld(z,e))),u)),mult(mult(y,ld(z,e)),mult(u,mult(mult(y,ld(z,e)),mult(z,ld(y,e)))))) != e | mult(mult(z,ld(y,e)),mult(mult(x,mult(ld(x,mult(y,ld(z,e))),u)),mult(mult(z,ld(y,e)),mult(y,ld(z,e))))) = u.  [back_rewrite(1142),rewrite([1612(1),1612(7),1873(10),1612(22),1612(25),1873(31)])].
        1612 back demodulating 1141.
kept:      1898 ld(mult(mult(x,ld(y,e)),mult(mult(mult(y,ld(x,e)),z),u)),mult(z,u)) != e | ld(z,mult(mult(x,ld(y,e)),mult(mult(mult(y,ld(x,e)),mult(z,mult(mult(y,ld(x,e)),mult(x,ld(y,e))))),u))) = u.  [back_rewrite(1141),rewrite([1612(1),1612(4),1612(14),1612(17),1873(20)])].
        1612 back demodulating 1140.
kept:      1899 mult(mult(mult(x,ld(y,e)),z),mult(y,ld(x,e))) = mult(mult(x,ld(y,e)),mult(z,mult(y,ld(x,e)))).  [back_rewrite(1140),rewrite([1612(1),1873(4),1612(13),1876(16),1612(9),1612(13)]),flip(a)].
    new demodulator: 1899.
        1612 back demodulating 1139.
kept:      1900 ld(mult(x,mult(y,ld(z,e))),mult(x,mult(mult(y,ld(z,e)),mult(x,mult(mult(y,ld(z,e)),mult(z,ld(y,e))))))) = x.  [back_rewrite(1139),rewrite([1612(1),1612(5),1873(8)])].
    new demodulator: 1900.
        1612 back demodulating 1138.
kept:      1901 ld(mult(mult(x,ld(y,e)),mult(z,mult(mult(x,ld(y,e)),mult(y,ld(x,e))))),mult(mult(x,ld(y,e)),mult(z,mult(x,ld(y,e))))) = mult(x,ld(y,e)).  [back_rewrite(1138),rewrite([1612(1),1873(4),1612(13),1612(16),1612(22)])].
    new demodulator: 1901.
        1612 back demodulating 1137.
kept:      1902 mult(mult(x,ld(y,e)),mult(mult(x,ld(y,e)),mult(z,mult(mult(mult(x,ld(y,e)),mult(y,ld(x,e))),ld(z,e))))) = mult(x,mult(ld(y,e),mult(x,ld(y,e)))).  [back_rewrite(1137),rewrite([1612(1),1612(4),1873(7),1612(17),46(19),702(17),1612(20),1612(23),1385(26)])].
    new demodulator: 1902.
        1612 back demodulating 1136.
kept:      1903 ld(mult(mult(x,ld(y,e)),z),mult(mult(mult(x,ld(y,e)),mult(u,mult(mult(x,ld(y,e)),mult(y,ld(x,e))))),ld(u,z))) != e | ld(mult(mult(x,ld(y,e)),u),mult(mult(x,ld(y,e)),z)) = ld(u,z).  [back_rewrite(1136),rewrite([1612(1),1612(5),1873(8),1612(22),1612(26)])].
        1612 back demodulating 1135.
kept:      1904 ld(mult(mult(x,ld(y,e)),mult(z,mult(mult(x,ld(y,e)),mult(y,ld(x,e))))),mult(mult(mult(x,ld(y,e)),u),ld(u,z))) != e | ld(mult(mult(x,ld(y,e)),u),mult(mult(x,ld(y,e)),z)) = ld(u,z).  [back_rewrite(1135),rewrite([1612(1),1873(4),1612(13),1612(22),1612(26)])].
        1612 back demodulating 1134.
kept:      1905 ld(mult(x,y),mult(mult(x,mult(z,ld(u,e))),mult(mult(u,ld(z,e)),y))) != e | ld(mult(x,mult(z,ld(u,e))),mult(x,y)) = mult(mult(u,ld(z,e)),mult(y,mult(mult(u,ld(z,e)),mult(z,ld(u,e))))).  [back_rewrite(1134),rewrite([1612(2),1612(6),1612(14),1612(20),1873(23)])].
        1612 back demodulating 1133.
kept:      1906 mult(x,mult(mult(y,ld(z,e)),mult(x,mult(mult(y,ld(z,e)),mult(z,ld(y,e)))))) = mult(x,mult(mult(y,ld(z,e)),x)).  [back_rewrite(1133),rewrite([1612(1),1873(4),1612(14)])].
    new demodulator: 1906.
        1612 back demodulating 1132.
kept:      1907 mult(mult(x,ld(y,e)),mult(mult(z,mult(mult(x,ld(y,e)),mult(y,ld(x,e)))),mult(x,ld(y,e)))) = mult(mult(x,ld(y,e)),mult(z,mult(x,ld(y,e)))).  [back_rewrite(1132),rewrite([1612(1),1612(4),1612(9),1873(12),1612(21),162(24)]),flip(a)].
    new demodulator: 1907.
        1612 back demodulating 1131.
kept:      1908 mult(mult(x,ld(y,e)),mult(mult(x,ld(y,e)),mult(z,mult(mult(x,ld(y,e)),mult(y,ld(x,e)))))) = mult(mult(x,ld(y,e)),mult(mult(x,ld(y,e)),z)).  [back_rewrite(1131),rewrite([1612(1),1612(4),1873(7),1612(17),1612(20)])].
    new demodulator: 1908.
        1612 back demodulating 1129.
kept:      1909 mult(x,mult(x,mult(mult(y,ld(z,e)),mult(u,mult(mult(y,ld(z,e)),mult(z,ld(y,e))))))) = mult(x,mult(x,mult(mult(y,ld(z,e)),u))).  [back_rewrite(1129),rewrite([1612(1),1873(4),1612(15)])].
    new demodulator: 1909.
        1612 back demodulating 1128.
        1612 back demodulating 1127.
kept:      1910 ld(mult(mult(x,ld(y,e)),z),mult(mult(x,ld(y,e)),mult(mult(z,u),mult(mult(x,ld(y,e)),mult(y,ld(x,e)))))) != u | ld(mult(mult(x,ld(y,e)),mult(z,u)),mult(mult(mult(x,ld(y,e)),z),u)) = e.  [back_rewrite(1127),rewrite([1612(1),1612(5),1873(9),1612(20),1612(25)])].
        1612 back demodulating 1126.
kept:      1911 ld(mult(x,mult(y,ld(z,e))),mult(x,mult(mult(y,ld(z,e)),mult(u,mult(mult(y,ld(z,e)),mult(z,ld(y,e))))))) != u | ld(mult(x,mult(mult(y,ld(z,e)),u)),mult(mult(x,mult(y,ld(z,e))),u)) = e.  [back_rewrite(1126),rewrite([1612(1),1612(5),1873(8),1612(20),1612(25)])].
        1612 back demodulating 1125.
kept:      1912 ld(mult(mult(x,ld(y,e)),mult(z,mult(mult(x,ld(y,e)),mult(y,ld(x,e))))),mult(mult(x,ld(y,e)),mult(z,u))) != u | ld(mult(mult(x,ld(y,e)),mult(z,u)),mult(mult(mult(x,ld(y,e)),z),u)) = e.  [back_rewrite(1125),rewrite([1612(1),1873(4),1612(13),1612(20),1612(25)])].
        1612 back demodulating 1124.
kept:      1913 ld(mult(mult(x,ld(y,e)),mult(z,u)),mult(mult(mult(x,ld(y,e)),mult(z,mult(mult(x,ld(y,e)),mult(y,ld(x,e))))),u)) != e | ld(mult(mult(x,ld(y,e)),z),mult(mult(x,ld(y,e)),mult(z,u))) = u.  [back_rewrite(1124),rewrite([1612(1),1612(6),1873(9),1612(22),1612(26)])].
        1612 back demodulating 1123.
kept:      1914 ld(mult(mult(x,ld(y,e)),mult(mult(z,u),mult(mult(x,ld(y,e)),mult(y,ld(x,e))))),mult(mult(mult(x,ld(y,e)),z),u)) != e | ld(mult(mult(x,ld(y,e)),z),mult(mult(x,ld(y,e)),mult(z,u))) = u.  [back_rewrite(1123),rewrite([1612(1),1873(5),1612(14),1612(22),1612(26)])].
        1612 back demodulating 1122.
kept:      1915 ld(mult(x,mult(mult(y,ld(z,e)),mult(u,mult(mult(y,ld(z,e)),mult(z,ld(y,e)))))),mult(mult(x,mult(y,ld(z,e))),u)) != e | ld(mult(x,mult(y,ld(z,e))),mult(x,mult(mult(y,ld(z,e)),u))) = u.  [back_rewrite(1122),rewrite([1612(1),1873(4),1612(14),1612(22),1612(26)])].
        1612 back demodulating 1121.
kept:      1916 ld(mult(mult(x,ld(y,e)),z),mult(mult(x,ld(y,e)),mult(mult(z,u),mult(mult(x,ld(y,e)),mult(y,ld(x,e)))))) = ld(mult(mult(x,ld(y,e)),z),mult(mult(x,ld(y,e)),mult(z,u))).  [back_rewrite(1121),rewrite([1612(1),1612(5),1873(9),1612(19),1612(23)])].
    new demodulator: 1916.
        1612 back demodulating 1120.
kept:      1917 ld(mult(x,mult(y,ld(z,e))),mult(x,mult(mult(y,ld(z,e)),mult(u,mult(mult(y,ld(z,e)),mult(z,ld(y,e))))))) = ld(mult(x,mult(y,ld(z,e))),mult(x,mult(mult(y,ld(z,e)),u))).  [back_rewrite(1120),rewrite([1612(1),1612(5),1873(8),1612(19),1612(23)])].
    new demodulator: 1917.
        1612 back demodulating 1119.
kept:      1918 ld(mult(mult(x,ld(y,e)),mult(z,mult(mult(x,ld(y,e)),mult(y,ld(x,e))))),mult(mult(x,ld(y,e)),mult(z,u))) = ld(mult(mult(x,ld(y,e)),z),mult(mult(x,ld(y,e)),mult(z,u))).  [back_rewrite(1119),rewrite([1612(1),1873(4),1612(13),1612(19),1612(23)])].
    new demodulator: 1918.
        1612 back demodulating 1118.
kept:      1919 ld(mult(x,mult(y,ld(z,e))),mult(mult(y,ld(z,e)),mult(x,mult(mult(y,ld(z,e)),mult(z,ld(y,e)))))) = ld(mult(x,mult(y,ld(z,e))),mult(mult(y,ld(z,e)),x)).  [back_rewrite(1118),rewrite([1612(1),1612(5),1873(8),1612(18),1612(22)])].
    new demodulator: 1919.
        1612 back demodulating 1117.
kept:      1920 ld(mult(mult(x,ld(y,e)),mult(z,mult(mult(x,ld(y,e)),mult(y,ld(x,e))))),mult(z,mult(x,ld(y,e)))) = ld(mult(mult(x,ld(y,e)),z),mult(z,mult(x,ld(y,e)))).  [back_rewrite(1117),rewrite([1612(1),1873(4),1612(13),1612(18),1612(22)])].
    new demodulator: 1920.
        1612 back demodulating 1116.
kept:      1921 ld(mult(mult(x,ld(y,e)),mult(z,u)),mult(mult(mult(x,ld(y,e)),mult(z,mult(mult(x,ld(y,e)),mult(y,ld(x,e))))),u)) = ld(mult(mult(x,ld(y,e)),mult(z,u)),mult(mult(mult(x,ld(y,e)),z),u)).  [back_rewrite(1116),rewrite([1612(1),1612(6),1873(9),1612(20),1612(25)])].
    new demodulator: 1921.
        1612 back demodulating 1115.
kept:      1922 ld(mult(mult(x,ld(y,e)),mult(mult(z,u),mult(mult(x,ld(y,e)),mult(y,ld(x,e))))),mult(mult(mult(x,ld(y,e)),z),u)) = ld(mult(mult(x,ld(y,e)),mult(z,u)),mult(mult(mult(x,ld(y,e)),z),u)).  [back_rewrite(1115),rewrite([1612(1),1873(5),1612(14),1612(20),1612(25)])].
    new demodulator: 1922.
        1612 back demodulating 1114.
kept:      1923 ld(mult(x,mult(mult(y,ld(z,e)),mult(u,mult(mult(y,ld(z,e)),mult(z,ld(y,e)))))),mult(mult(x,mult(y,ld(z,e))),u)) = ld(mult(x,mult(mult(y,ld(z,e)),u)),mult(mult(x,mult(y,ld(z,e))),u)).  [back_rewrite(1114),rewrite([1612(1),1873(4),1612(14),1612(20),1612(25)])].
    new demodulator: 1923.
        1612 back demodulating 1113.
kept:      1924 ld(x,mult(mult(x,mult(y,ld(z,e))),u)) != mult(mult(y,ld(z,e)),u) | ld(mult(mult(x,mult(y,ld(z,e))),u),mult(x,mult(mult(y,ld(z,e)),u))) = e.  [back_rewrite(1113),rewrite([1612(1),1612(4),1616(5),662(5),1612(7),1612(12),1612(15),1616(16),662(16),1612(17)])].
        1612 back demodulating 1112.
kept:      1925 ld(x,mult(mult(x,mult(y,ld(z,y))),ld(y,z))) != y | ld(mult(mult(x,mult(y,ld(z,y))),ld(y,z)),mult(x,y)) = e.  [back_rewrite(1112),rewrite([1612(1),1777(4),1821(8),1612(5),1616(6),1596(5),662(4),1612(8),1777(11),1821(15),1612(12),1616(13),1596(12),662(11)])].
        1612 back demodulating 1110.
kept:      1926 ld(x,mult(mult(x,ld(y,e)),mult(y,z))) != z | ld(mult(mult(x,ld(y,e)),mult(y,z)),mult(x,z)) = e.  [back_rewrite(1110),rewrite([1612(1),1616(5),662(5),1612(8)])].
        1612 back demodulating 1108.
kept:      1927 ld(x,mult(mult(x,ld(y,e)),z)) != mult(ld(y,e),z) | ld(mult(mult(x,ld(y,e)),z),mult(x,mult(ld(y,e),z))) = e.  [back_rewrite(1108),rewrite([1612(1),1612(10)])].
        1612 back demodulating 1107.
        1612 back demodulating 1106.
kept:      1928 ld(x,mult(mult(x,y),ld(y,z))) != z | ld(mult(mult(x,y),mult(ld(y,e),z)),mult(x,z)) = e.  [back_rewrite(1106),rewrite([1612(3),1596(4),49(2),1612(8),1596(9),49(7)])].
        1612 back demodulating 1105.
kept:      1929 mult(ld(x,e),mult(mult(x,ld(y,e)),mult(y,z))) != z | ld(mult(mult(x,ld(y,e)),mult(y,z)),mult(x,z)) = e.  [back_rewrite(1105),rewrite([1612(3),1612(10)])].
        1612 back demodulating 1104.
kept:      1930 mult(ld(x,e),mult(mult(x,ld(y,e)),mult(y,z))) != z | ld(mult(ld(x,e),mult(ld(x,e),mult(mult(x,ld(y,e)),mult(y,z)))),mult(ld(x,e),z)) = e.  [back_rewrite(1104),rewrite([1612(3),674(7),676(12),1612(12),674(16)])].
        1612 back demodulating 1103.
kept:      1931 ld(x,mult(mult(x,y),z)) != mult(y,z) | ld(mult(mult(x,y),z),mult(x,mult(y,z))) = e.  [back_rewrite(1103),rewrite([1612(3),1596(4),49(2),1612(8),1596(9),49(7)])].
        1612 back demodulating 1102.
kept:      1932 ld(mult(mult(x,mult(y,ld(x,e))),mult(x,y)),mult(x,mult(y,y))) = e.  [back_rewrite(1102),rewrite([1612(2),1275(6),640(4),1612(2)]),xx(a)].
    new demodulator: 1932.
        1612 back demodulating 1100.
kept:      1933 ld(x,mult(mult(x,ld(y,e)),mult(z,y))) != mult(ld(y,z),y) | ld(mult(mult(x,ld(y,e)),mult(z,y)),mult(x,mult(ld(y,z),y))) = e.  [back_rewrite(1100),rewrite([1612(1),1612(10)])].
        1612 back demodulating 1099.
kept:      1934 ld(x,mult(mult(x,ld(y,ld(z,e))),mult(z,mult(y,z)))) != z | ld(mult(mult(x,ld(y,ld(z,e))),mult(z,mult(y,z))),mult(x,z)) = e.  [back_rewrite(1099),rewrite([1612(2),1616(3),1612(11),1616(12)])].
        1612 back demodulating 1098.
kept:      1935 ld(x,mult(mult(x,mult(ld(y,e),ld(y,e))),mult(y,mult(y,z)))) != z | ld(mult(mult(x,mult(ld(y,e),ld(y,e))),mult(y,mult(y,z))),mult(x,z)) = e.  [back_rewrite(1098),rewrite([1612(2),993(3),8(6),1612(13),993(14),8(17)])].
        1612 back demodulating 1097.
kept:      1936 ld(x,mult(mult(x,ld(mult(y,z),ld(y,e))),mult(y,mult(y,mult(z,u))))) != u | ld(mult(mult(x,ld(mult(y,z),ld(y,e))),mult(y,mult(y,mult(z,u)))),mult(x,u)) = e.  [back_rewrite(1097),rewrite([1612(3),1616(4),1612(14),1616(15)])].
        1612 back demodulating 1096.
        1612 back demodulating 1095.
kept:      1937 mult(mult(x,ld(y,ld(x,e))),mult(mult(x,mult(y,ld(x,e))),z)) = z.  [back_rewrite(1095),rewrite([1612(2),1616(3),1612(5)])].
    new demodulator: 1937.
        1612 back demodulating 1094.
kept:      1938 mult(mult(x,mult(y,ld(x,e))),mult(mult(x,ld(y,ld(x,e))),z)) = z.  [back_rewrite(1094),rewrite([1612(1),1612(6),1616(7)])].
    new demodulator: 1938.
        1612 back demodulating 1092.
kept:      1939 ld(mult(mult(x,ld(y,e)),z),u) != ld(z,mult(mult(y,ld(x,e)),u)) | ld(u,mult(mult(mult(x,ld(y,e)),z),ld(z,mult(mult(y,ld(x,e)),u)))) = e.  [back_rewrite(1092),rewrite([1612(1),1612(6),1612(12),1612(16)])].
        1612 back demodulating 1091.
kept:      1940 ld(mult(mult(x,ld(y,e)),z),u) != ld(z,mult(mult(y,ld(x,e)),u)) | ld(mult(mult(y,ld(x,e)),u),mult(z,ld(mult(mult(x,ld(y,e)),z),u))) = e.  [back_rewrite(1091),rewrite([1612(1),1612(6),1612(12),1612(16)])].
        1612 back demodulating 1090.
        1612 back demodulating 1089.
kept:      1941 ld(mult(mult(mult(x,ld(y,e)),ld(z,e)),mult(z,mult(mult(y,ld(x,e)),u))),u) != e | mult(mult(y,ld(x,e)),mult(mult(mult(x,ld(y,e)),ld(z,e)),mult(z,mult(mult(y,ld(x,e)),u)))) = mult(mult(y,ld(x,e)),u).  [back_rewrite(1089),rewrite([1612(1),1612(4),1612(7),1612(16),1612(19),1612(22),1612(25),1612(32)])].
        1612 back demodulating 1088.
kept:      1942 ld(mult(mult(x,mult(y,ld(z,e))),u),mult(x,mult(mult(y,ld(z,e)),u))) != e | ld(x,mult(mult(x,mult(y,ld(z,e))),u)) = mult(mult(y,ld(z,e)),u).  [back_rewrite(1088),rewrite([1612(1),1612(4),1616(5),662(5),1612(6),1612(14),1612(17),1616(18),662(18),1612(20)])].
        1612 back demodulating 1087.
        1612 back demodulating 1086.
kept:      1943 ld(x,mult(mult(mult(x,ld(y,e)),mult(z,ld(u,e))),mult(mult(u,ld(z,e)),y))) != e | ld(mult(mult(x,ld(y,e)),mult(z,ld(u,e))),x) = mult(mult(u,ld(z,e)),y).  [back_rewrite(1086),rewrite([1612(1),1612(4),1612(8),1612(16),1612(19),1612(24)])].
        1612 back demodulating 1085.
kept:      1944 mult(ld(mult(mult(x,ld(y,e)),z),mult(y,ld(x,e))),mult(mult(x,ld(y,e)),z)) = mult(ld(z,mult(y,ld(x,e))),z).  [back_rewrite(1085),rewrite([1612(1),1618(5),1873(4),1891(13),1612(6),1612(10),1612(14)]),flip(a)].
    new demodulator: 1944.
        1612 back demodulating 1084.
kept:      1945 ld(x,mult(mult(mult(y,ld(z,e)),mult(mult(mult(z,ld(y,e)),x),ld(u,e))),u)) != e | ld(mult(mult(y,ld(z,e)),mult(mult(mult(z,ld(y,e)),x),ld(u,e))),x) = u.  [back_rewrite(1084),rewrite([1612(1),1612(4),1612(8),1612(16),1612(19),1612(23)])].
        1612 back demodulating 1082.
kept:      1946 ld(mult(mult(x,ld(y,e)),mult(mult(mult(y,ld(x,e)),z),ld(z,u))),u) != e | ld(z,mult(mult(x,ld(y,e)),mult(mult(mult(y,ld(x,e)),z),ld(z,u)))) = ld(z,u).  [back_rewrite(1082),rewrite([1612(1),1612(4),1612(14),1612(17)])].
        1612 back demodulating 1081.
kept:      1947 ld(mult(x,mult(ld(x,mult(y,ld(z,e))),mult(mult(z,ld(y,e)),u))),u) != e | mult(mult(z,ld(y,e)),mult(x,mult(ld(x,mult(y,ld(z,e))),mult(mult(z,ld(y,e)),u)))) = mult(mult(z,ld(y,e)),u).  [back_rewrite(1081),rewrite([1612(1),1612(5),1612(14),1612(17),1612(21),1612(28)])].
        1612 back demodulating 1080.
kept:      1948 mult(mult(x,ld(y,e)),mult(mult(z,mult(mult(x,ld(y,e)),mult(y,ld(x,e)))),mult(y,ld(x,e)))) = mult(mult(x,ld(y,e)),mult(z,mult(y,ld(x,e)))).  [back_rewrite(1080),rewrite([1612(1),1612(4),1612(9),1873(12),1612(21),1899(24)]),flip(a)].
    new demodulator: 1948.
        1612 back demodulating 1079.
kept:      1949 ld(mult(mult(x,ld(y,e)),mult(z,mult(y,ld(x,e)))),mult(mult(x,ld(y,e)),mult(z,z))) = mult(mult(x,ld(y,e)),z).  [back_rewrite(1079),rewrite([1612(1),1612(5),1899(8),1612(9),1612(15)])].
    new demodulator: 1949.
        1612 back demodulating 1078.
        1612 back demodulating 1077.
kept:      1950 ld(mult(mult(x,ld(y,e)),z),mult(u,ld(mult(mult(y,ld(x,e)),u),z))) != e | ld(mult(mult(y,ld(x,e)),u),z) = ld(u,mult(mult(x,ld(y,e)),z)).  [back_rewrite(1077),rewrite([1612(1),1612(5),1612(14),1612(19)])].
        1612 back demodulating 1076.
kept:      1951 ld(x,mult(mult(mult(y,ld(z,e)),u),ld(u,mult(mult(z,ld(y,e)),x)))) != e | ld(mult(mult(y,ld(z,e)),u),x) = ld(u,mult(mult(z,ld(y,e)),x)).  [back_rewrite(1076),rewrite([1612(1),1612(5),1612(14),1612(19)])].
        1612 back demodulating 1075.
kept:      1952 mult(mult(x,ld(y,e)),mult(mult(y,ld(x,e)),mult(z,mult(x,ld(y,e))))) = mult(z,mult(x,ld(y,e))).  [back_rewrite(1075),rewrite([1612(1),1612(4),1612(8),1899(11),1612(13)])].
    new demodulator: 1952.
        1612 back demodulating 1074.
kept:      1953 mult(mult(mult(x,ld(y,e)),z),u) = mult(mult(x,ld(y,e)),mult(mult(x,ld(y,e)),mult(mult(mult(y,ld(x,e)),z),u))).  [back_rewrite(1074),rewrite([1612(1),1612(4),1612(7),1612(14)]),flip(a)].
        1612 back demodulating 1073.
kept:      1954 ld(mult(x,mult(y,ld(z,e))),mult(x,u)) != mult(mult(z,ld(y,e)),u) | ld(mult(x,u),mult(mult(x,mult(y,ld(z,e))),mult(mult(z,ld(y,e)),u))) = e.  [back_rewrite(1073),rewrite([1612(1),1612(7),1612(13),1612(17)])].
        1612 back demodulating 1072.
kept:      1955 ld(x,mult(mult(y,ld(z,e)),mult(mult(mult(z,ld(y,e)),x),u))) != u | ld(mult(mult(y,ld(z,e)),mult(mult(mult(z,ld(y,e)),x),u)),mult(x,u)) = e.  [back_rewrite(1072),rewrite([1612(1),1612(4),1612(12),1612(15)])].
        1612 back demodulating 1071.
kept:      1956 ld(mult(mult(x,ld(y,e)),mult(mult(mult(y,ld(x,e)),z),u)),mult(z,u)) != e | ld(z,mult(mult(x,ld(y,e)),mult(mult(mult(y,ld(x,e)),z),u))) = u.  [back_rewrite(1071),rewrite([1612(1),1612(4),1612(14),1612(17)])].
        1612 back demodulating 1070.
kept:      1957 ld(mult(x,y),mult(mult(x,mult(z,ld(u,e))),mult(mult(u,ld(z,e)),y))) != e | ld(mult(x,mult(z,ld(u,e))),mult(x,y)) = mult(mult(u,ld(z,e)),y).  [back_rewrite(1070),rewrite([1612(2),1612(6),1612(14),1612(20)])].
        1612 back demodulating 1069.
kept:      1958 mult(mult(ld(x,y),ld(x,e)),mult(x,mult(x,ld(y,x)))) = mult(ld(x,y),mult(x,ld(y,x))).  [back_rewrite(1069),rewrite([1612(2),1777(5),1821(9),1612(6),1616(7),1596(6),662(5),1612(5),1777(8),1821(12),1612(9),1777(12),1821(16),1612(13),1616(14),1596(13),662(12)]),flip(a)].
    new demodulator: 1958.
        1612 back demodulating 1068.
kept:      1959 ld(mult(mult(ld(x,y),ld(x,e)),z),ld(x,y)) != ld(z,x) | ld(ld(x,y),mult(mult(mult(ld(x,y),ld(x,e)),z),ld(z,x))) = e.  [back_rewrite(1068),rewrite([1612(1),1777(4),1821(8),1612(11),1777(14),1821(18)])].
        1612 back demodulating 1067.
kept:      1960 ld(ld(x,y),mult(mult(ld(x,y),ld(x,e)),z)) != ld(x,z) | ld(mult(mult(ld(x,y),ld(x,e)),z),mult(ld(x,y),ld(x,z))) = e.  [back_rewrite(1067),rewrite([1612(2),1777(5),1821(9),1612(10),1777(13),1821(17)])].
        1612 back demodulating 1066.
kept:      1961 mult(ld(x,y),ld(mult(ld(x,e),y),x)) = x.  [back_rewrite(1066),rewrite([1612(8),1616(9),1596(8),49(6)])].
    new demodulator: 1961.
        1612 back demodulating 1064.
kept:      1962 ld(mult(mult(mult(ld(x,y),ld(x,e)),ld(z,e)),mult(z,x)),ld(x,y)) != e | mult(mult(x,ld(y,x)),mult(mult(mult(ld(x,y),ld(x,e)),ld(z,e)),mult(z,x))) = x.  [back_rewrite(1064),rewrite([1612(1),1777(4),1821(8),1612(5),1612(14),1777(17),1821(21),1612(18),1777(21),1821(25),1612(22),1873(27),1596(16),1596(27),1848(31),8(26)])].
        1612 back demodulating 1063.
kept:      1963 ld(mult(mult(x,mult(y,ld(z,y))),ld(y,z)),mult(x,y)) != e | ld(x,mult(mult(x,mult(y,ld(z,y))),ld(y,z))) = y.  [back_rewrite(1063),rewrite([1612(1),1777(4),1821(8),1612(5),1616(6),1596(5),662(4),1612(10),1777(13),1821(17),1612(14),1616(15),1596(14),662(13)])].
        1612 back demodulating 1061.
kept:      1964 ld(x,mult(mult(mult(x,ld(y,z)),mult(ld(z,y),ld(z,e))),z)) != e | ld(mult(mult(x,ld(y,z)),mult(ld(z,y),ld(z,e))),x) = z.  [back_rewrite(1061),rewrite([1612(2),1596(3),1612(3),1777(6),1821(10),1612(13),1596(14),1612(14),1777(17),1821(21)])].
        1612 back demodulating 1060.
kept:      1965 ld(mult(mult(mult(x,ld(y,e)),mult(mult(z,mult(x,ld(y,e))),mult(mult(x,ld(y,e)),mult(y,ld(x,e))))),y),mult(mult(mult(x,ld(y,e)),mult(z,mult(mult(x,ld(y,e)),mult(y,ld(x,e))))),x)) != e | ld(mult(mult(x,ld(y,e)),mult(z,mult(mult(x,ld(y,e)),mult(y,ld(x,e))))),mult(mult(mult(x,ld(y,e)),mult(mult(z,mult(x,ld(y,e))),mult(mult(x,ld(y,e)),mult(y,ld(x,e))))),y)) = x.  [back_rewrite(1060),rewrite([1612(1),1612(4),1612(7),1616(8),662(8),1873(8),1612(18),1873(21),1612(34),1873(37),1612(46),1612(49),1612(52),1616(53),662(53),1873(53)])].
        1612 back demodulating 1059.
kept:      1966 ld(ld(x,y),mult(mult(mult(ld(x,y),ld(x,e)),mult(x,ld(z,e))),z)) != e | ld(mult(mult(ld(x,y),ld(x,e)),mult(x,ld(z,e))),ld(x,y)) = z.  [back_rewrite(1059),rewrite([1612(2),1777(5),1821(9),1612(6),1612(14),1777(17),1821(21),1612(18)])].
        1612 back demodulating 1058.
        1612 back demodulating 1057.
kept:      1967 ld(mult(mult(ld(x,y),ld(x,e)),mult(x,ld(ld(x,y),z))),z) != e | ld(ld(x,y),mult(mult(ld(x,y),ld(x,e)),mult(x,ld(ld(x,y),z)))) = ld(ld(x,y),z).  [back_rewrite(1057),rewrite([1612(1),1777(4),1821(8),1612(13),1777(16),1821(20)])].
        1612 back demodulating 1055.
kept:      1968 mult(ld(x,y),mult(ld(x,e),mult(ld(x,e),mult(y,ld(x,e))))) = mult(ld(x,y),mult(ld(x,e),mult(ld(x,y),ld(x,e)))).  [back_rewrite(1055),rewrite([1612(2),1777(5),1821(9),1625(6),1612(5),1616(6),1850(6),959(3),162(10),162(9),1612(12),1777(15),1821(19),1612(16),1777(19),1821(23),1385(20)])].
        1612 back demodulating 1054.
kept:      1969 ld(mult(x,mult(ld(x,mult(ld(y,z),ld(y,e))),y)),ld(y,z)) != e | mult(mult(y,ld(z,y)),mult(x,mult(ld(x,mult(ld(y,z),ld(y,e))),y))) = y.  [back_rewrite(1054),rewrite([1612(1),1777(4),1821(8),1612(12),1777(15),1821(19),1612(16),1777(19),1821(23),1873(23),1596(14),1596(23),1848(27),8(22)])].
        1612 back demodulating 1053.
        1612 back demodulating 1052.
kept:      1970 ld(mult(mult(ld(x,y),ld(x,e)),z),mult(ld(x,y),ld(x,z))) != e | ld(ld(x,y),mult(mult(ld(x,y),ld(x,e)),z)) = ld(x,z).  [back_rewrite(1052),rewrite([1612(1),1777(4),1821(8),1612(13),1777(16),1821(20)])].
        1612 back demodulating 1051.
kept:      1971 ld(ld(x,y),mult(mult(mult(ld(x,y),ld(x,e)),z),ld(z,x))) != e | ld(mult(mult(ld(x,y),ld(x,e)),z),ld(x,y)) = ld(z,x).  [back_rewrite(1051),rewrite([1612(2),1777(5),1821(9),1612(12),1777(15),1821(19)])].
        1612 back demodulating 1050.
kept:      1972 mult(mult(ld(x,y),ld(x,e)),mult(y,ld(x,e))) = mult(ld(x,y),mult(ld(x,y),ld(x,e))).  [back_rewrite(1050),rewrite([1612(1),1777(4),1821(8),1612(5),1612(10),1777(13),1821(17)])].
    new demodulator: 1972.
        1612 back demodulating 1049.
kept:      1973 mult(mult(ld(x,y),ld(x,e)),mult(mult(ld(x,y),ld(x,e)),mult(x,z))) = mult(ld(x,y),mult(ld(x,e),mult(ld(x,y),z))).  [back_rewrite(1049),rewrite([1612(1),1777(4),1821(8),162(6),209(7),1612(8),1777(11),1821(15),1612(12),1777(15),1821(19)]),flip(a)].
    new demodulator: 1973.
        1612 back demodulating 1048.
kept:      1974 ld(mult(ld(mult(x,y),mult(z,ld(y,ld(x,e)))),x),ld(mult(x,y),z)) != y | ld(ld(mult(x,y),z),mult(mult(ld(mult(x,y),mult(z,ld(y,ld(x,e)))),x),y)) = e.  [back_rewrite(1048),rewrite([1612(3),1616(4),1612(16),1616(17)])].
        1612 back demodulating 1047.
        1612 back demodulating 1046.
        1612 back demodulating 1045.
kept:      1975 ld(mult(mult(ld(x,y),ld(x,e)),mult(x,z)),mult(ld(x,y),z)) != e | ld(ld(x,y),mult(mult(ld(x,y),ld(x,e)),mult(x,z))) = z.  [back_rewrite(1045),rewrite([1612(1),1777(4),1821(8),1612(13),1777(16),1821(20)])].
        1612 back demodulating 1044.
kept:      1976 ld(ld(mult(x,y),z),mult(mult(ld(mult(x,y),mult(z,ld(y,ld(x,e)))),x),y)) != e | ld(mult(ld(mult(x,y),mult(z,ld(y,ld(x,e)))),x),ld(mult(x,y),z)) = y.  [back_rewrite(1044),rewrite([1612(5),1616(6),1612(16),1616(17)])].
        1612 back demodulating 1043.
kept:      1977 ld(mult(x,ld(y,z)),mult(mult(x,mult(ld(y,z),ld(y,e))),y)) != e | ld(mult(x,mult(ld(y,z),ld(y,e))),mult(x,ld(y,z))) = y.  [back_rewrite(1043),rewrite([1612(3),1777(6),1821(10),1612(12),1777(15),1821(19)])].
        1612 back demodulating 1042.
        1612 back demodulating 1041.
        1612 back demodulating 982.
kept:      1978 mult(x,mult(x,mult(y,ld(mult(ld(x,e),y),x)))) = mult(x,mult(x,mult(x,x))).  [back_rewrite(982),rewrite([1612(9),1616(10),1596(9),49(7),46(7)])].
    new demodulator: 1978.
        1612 back demodulating 980.
        1612 back demodulating 963.
kept:      1979 mult(mult(x,mult(y,y)),mult(ld(y,e),mult(ld(y,e),ld(x,y)))) = y.  [back_rewrite(963),rewrite([1612(6),1616(7),1596(6),993(5)])].
    new demodulator: 1979.
        1612 back demodulating 961.
        1612 back demodulating 948.
kept:      1980 mult(mult(x,ld(y,ld(x,e))),mult(x,mult(y,ld(x,e)))) = e.  [back_rewrite(948),rewrite([1612(2),1616(3),1612(5)])].
    new demodulator: 1980.
        1612 back demodulating 947.
kept:      1981 mult(mult(x,mult(y,ld(x,e))),mult(x,ld(y,ld(x,e)))) = e.  [back_rewrite(947),rewrite([1612(1),1612(6),1616(7)])].
    new demodulator: 1981.
        1612 back demodulating 946.
        1612 back demodulating 945.
kept:      1982 ld(ld(x,ld(y,e)),ld(y,e)) = mult(y,mult(x,ld(y,e))).  [back_rewrite(945),rewrite([1612(2),1616(3),1616(6),1612(7)])].
    new demodulator: 1982.
        1612 back demodulating 943.
kept:      1983 mult(mult(x,ld(y,e)),mult(y,mult(y,ld(x,e)))) = mult(x,mult(y,ld(x,e))).  [back_rewrite(943),rewrite([1612(1),1616(5),662(5),1612(4),1616(5),662(5),1612(5),1616(9),662(9),1612(8),1616(12),662(12),1612(11),1616(12),662(12)]),flip(a)].
    new demodulator: 1983.
        1612 back demodulating 942.
        1612 back demodulating 940.
kept:      1984 ld(mult(mult(x,y),z),mult(mult(mult(mult(x,y),mult(z,ld(y,ld(x,e)))),x),y)) != e | ld(mult(mult(mult(x,y),mult(z,ld(y,ld(x,e)))),x),mult(mult(x,y),z)) = y.  [back_rewrite(940),rewrite([1612(5),1616(6),1612(16),1616(17)])].
        1612 back demodulating 939.
kept:      1985 mult(mult(x,y),mult(x,ld(y,ld(x,e)))) = mult(x,mult(y,mult(x,ld(y,ld(x,e))))).  [back_rewrite(939),rewrite([1612(4),1616(5),209(6),1612(9),1616(10)]),flip(a)].
    new demodulator: 1985.
        1612 back demodulating 938.
        1612 back demodulating 937.
kept:      1986 mult(x,mult(x,mult(mult(y,z),ld(mult(x,y),ld(x,e))))) = mult(x,mult(x,mult(y,mult(z,ld(mult(x,y),ld(x,e)))))).  [back_rewrite(937),rewrite([1612(6),1616(7),46(8),1612(11),1616(12)])].
    new demodulator: 1986.
        1612 back demodulating 936.
        1612 back demodulating 934.
kept:      1987 mult(mult(mult(x,ld(y,e)),z),ld(z,mult(y,ld(x,e)))) = e.  [back_rewrite(934),rewrite([1612(1),1616(6),1616(5),662(5),1612(5),1612(10),1612(14)]),xx(a)].
    new demodulator: 1987.
        1612 back demodulating 933.
kept:      1988 mult(mult(x,ld(y,e)),mult(z,mult(mult(x,ld(y,e)),mult(y,ld(x,e))))) != mult(mult(x,ld(y,e)),z) | ld(mult(mult(x,ld(y,e)),z),mult(mult(x,ld(y,e)),mult(z,mult(mult(x,ld(y,e)),mult(y,ld(x,e)))))) = e.  [back_rewrite(933),rewrite([1612(1),1873(4),1612(13),1612(18),1612(22),1873(25)])].
        1612 back demodulating 932.
kept:      1989 ld(x,mult(mult(x,mult(y,ld(z,e))),mult(z,ld(y,e)))) = e.  [back_rewrite(932),rewrite([1612(1),1612(4),1613(8),1616(8),662(8),1612(8),1612(12),1616(16),662(16)]),xx(a)].
    new demodulator: 1989.
        1612 back demodulating 929.
kept:      1990 ld(mult(mult(x,ld(y,e)),z),x) != ld(z,y) | ld(x,mult(mult(x,ld(y,e)),mult(mult(x,ld(y,e)),mult(mult(mult(y,ld(x,e)),z),ld(z,y))))) = e.  [back_rewrite(929),rewrite([1612(1),1616(5),662(5),1612(8),1616(12),662(12),1612(11),1616(15),662(15),1612(14)])].
        1612 back demodulating 928.
kept:      1991 ld(x,mult(mult(x,ld(y,e)),z)) != ld(y,z) | ld(mult(mult(x,ld(y,e)),z),mult(x,ld(y,z))) = e.  [back_rewrite(928),rewrite([1612(1),1616(5),662(5),1612(8),1616(12),662(12)])].
        1612 back demodulating 918.
kept:      1992 ld(mult(x,mult(y,mult(z,ld(y,e)))),mult(x,mult(y,z))) != y | ld(mult(x,mult(y,z)),mult(mult(x,mult(y,mult(z,ld(y,e)))),y)) = e.  [back_rewrite(918),rewrite([1612(1),1612(12)])].
        1612 back demodulating 913.
kept:      1993 ld(mult(mult(x,ld(y,e)),z),x) != ld(z,y) | ld(x,mult(mult(mult(x,ld(y,e)),z),ld(z,y))) = e.  [back_rewrite(913),rewrite([1612(1),1612(8)])].
        1612 back demodulating 912.
        1612 back demodulating 910.
kept:      1994 mult(x,ld(mult(ld(y,e),x),ld(y,mult(ld(y,e),x)))) = mult(ld(y,e),x).  [back_rewrite(910),rewrite([1612(9),1616(10),1596(9)])].
    new demodulator: 1994.
        1612 back demodulating 909.
kept:      1995 mult(ld(x,y),mult(ld(y,x),y)) = y.  [back_rewrite(909),rewrite([1612(6),1616(7),1596(6),662(4),351(3)])].
    new demodulator: 1995.
        1612 back demodulating 908.
        1612 back demodulating 906.
kept:      1996 mult(mult(mult(x,y),mult(x,mult(y,ld(x,e)))),mult(x,mult(ld(y,ld(x,e)),ld(x,e)))) = mult(x,mult(y,ld(x,e))).  [back_rewrite(906),rewrite([1612(2),1612(7),1612(12),1616(13),1875(13),702(13),1612(15)])].
    new demodulator: 1996.
        1612 back demodulating 905.
kept:      1997 mult(mult(x,y),ld(mult(ld(y,x),y),ld(ld(ld(y,x),y),y))) = mult(ld(y,x),y).  [back_rewrite(905),rewrite([1618(4),1612(8),1616(9),1596(8)])].
    new demodulator: 1997.
        1612 back demodulating 904.
        1612 back demodulating 902.
        1612 back demodulating 901.
kept:      1998 mult(x,mult(x,mult(mult(y,z),ld(z,ld(mult(x,mult(x,y)),z))))) = z.  [back_rewrite(901),rewrite([1612(8),1616(9),1596(8),46(8)])].
    new demodulator: 1998.
        1612 back demodulating 900.
kept:      1999 mult(x,ld(ld(y,x),mult(ld(y,e),mult(ld(y,e),x)))) = ld(y,x).  [back_rewrite(900),rewrite([1612(5),1616(6),1596(5),959(3)])].
    new demodulator: 1999.
        1612 back demodulating 899.
kept:      2000 mult(mult(x,ld(y,e)),mult(mult(mult(y,ld(x,e)),ld(z,e)),mult(z,mult(x,ld(y,e))))) = mult(x,ld(y,e)).  [back_rewrite(899),rewrite([1612(1),1612(4),1612(7),1616(13),1616(12),1616(11),662(11),662(10),50(9),1612(4),1612(7),1612(10),1612(13),1612(19)]),xx(a)].
    new demodulator: 2000.
        1612 back demodulating 895.
kept:      2001 ld(mult(ld(x,mult(y,ld(z,e))),mult(z,ld(y,e))),ld(x,e)) != e | mult(mult(z,ld(y,e)),mult(x,mult(ld(x,mult(y,ld(z,e))),mult(z,ld(y,e))))) = mult(z,ld(y,e)).  [back_rewrite(895),rewrite([1612(1),1612(5),1616(11),1612(14),1612(17),1612(21),1612(27)])].
        1612 back demodulating 894.
        1612 back demodulating 893.
        1612 back demodulating 892.
        1612 back demodulating 890.
kept:      2002 mult(mult(ld(mult(mult(x,y),ld(mult(ld(z,e),mult(mult(z,x),y)),z)),z),u),ld(u,ld(z,e))) = mult(ld(z,e),mult(ld(z,e),mult(mult(mult(z,x),y),ld(y,ld(x,e))))).  [back_rewrite(890),rewrite([1612(10),1616(11),1596(10),49(8),1612(12),1616(13),1612(24),1616(25),46(26)])].
    new demodulator: 2002.
        1612 back demodulating 889.
kept:      2003 ld(mult(mult(mult(x,ld(y,e)),ld(z,e)),mult(z,y)),x) != e | mult(mult(y,ld(x,e)),mult(mult(mult(x,ld(y,e)),ld(z,e)),mult(z,y))) = y.  [back_rewrite(889),rewrite([1612(1),1612(4),1612(12),1612(15),1612(18)])].
        1612 back demodulating 886.
kept:      2004 mult(mult(ld(mult(mult(mult(mult(mult(x,y),ld(y,ld(x,ld(z,e)))),u),w),ld(w,ld(mult(mult(mult(x,y),ld(y,ld(x,ld(z,e)))),u),ld(z,e)))),x),y),ld(y,ld(x,e))) = mult(mult(u,w),ld(w,ld(u,ld(ld(y,ld(x,ld(z,e))),ld(y,ld(x,e)))))).  [back_rewrite(886),rewrite([1612(4),1616(5),1616(4),1612(12),1616(13),1616(12),1612(18),1616(19),1616(18),1612(24),1616(25),1612(31),1616(32),1616(31),1612(36),1616(37),1616(36),1616(35),1616(34)])].
    new demodulator: 2004.
        1612 back demodulating 883.
kept:      2005 mult(mult(ld(mult(mult(mult(x,y),z),ld(z,ld(mult(x,y),ld(u,e)))),x),y),ld(y,ld(x,e))) = mult(mult(mult(mult(u,x),y),z),ld(z,ld(y,ld(x,e)))).  [back_rewrite(883),rewrite([1612(6),1616(7),1616(6),1612(12),1616(13),1612(20),1616(21),1616(20)])].
    new demodulator: 2005.
        1612 back demodulating 869.
kept:      2006 ld(mult(mult(x,ld(y,e)),mult(y,z)),mult(x,z)) != e | ld(x,mult(mult(x,ld(y,e)),mult(y,z))) = z.  [back_rewrite(869),rewrite([1612(1),1616(5),662(5),1612(10)])].
        1612 back demodulating 868.
kept:      2007 mult(mult(x,ld(y,e)),mult(z,mult(mult(x,ld(y,e)),mult(y,ld(x,e))))) = mult(mult(x,ld(y,e)),z).  [back_rewrite(868),rewrite([1612(1),1873(4),1612(13)])].
    new demodulator: 2007.
        1612 back demodulating 867.
kept:      2008 mult(mult(x,ld(y,e)),mult(mult(y,ld(x,e)),z)) = z.  [back_rewrite(867),rewrite([1612(1),1612(4)])].
    new demodulator: 2008.
        1612 back demodulating 866.
kept:      2009 ld(x,mult(mult(x,ld(y,ld(z,e))),mult(mult(x,ld(y,ld(z,e))),mult(mult(mult(mult(z,y),ld(x,e)),z),y)))) != e | ld(mult(mult(x,ld(y,ld(z,e))),z),x) = y.  [back_rewrite(866),rewrite([1612(2),1616(6),1616(5),662(6),1612(6),1616(10),1616(9),662(10),1612(10),1612(21),1616(22)])].
        1612 back demodulating 865.
kept:      2010 ld(mult(x,y),mult(mult(x,mult(y,ld(z,e))),z)) != e | ld(mult(x,mult(y,ld(z,e))),mult(x,y)) = z.  [back_rewrite(865),rewrite([1612(2),1616(6),662(6),1612(10)])].
        1612 back demodulating 864.
        1612 back demodulating 863.
        1612 back demodulating 861.
kept:      2011 ld(ld(mult(c2,c1),ld(c1,e)),ld(c3,e)) != mult(c1,mult(c2,mult(c1,ld(c3,e)))).  [back_rewrite(861),rewrite([1612(7),1616(8),1616(11),1612(16)])].
        1612 back demodulating 857.
kept:      2012 mult(mult(x,ld(y,e)),mult(y,ld(x,e))) = e.  [back_rewrite(857),rewrite([1612(1),1612(4)])].
    new demodulator: 2012.
        1612 back demodulating 854.
        1612 back demodulating 848.
kept:      2013 ld(mult(x,y),mult(mult(x,mult(y,ld(x,e))),mult(x,z))) != z | ld(mult(mult(x,mult(y,ld(x,e))),mult(x,z)),mult(mult(x,y),z)) = e.  [back_rewrite(848),rewrite([1612(2),1612(10)])].
        1612 back demodulating 844.
kept:      2014 ld(mult(mult(x,ld(y,e)),mult(y,mult(ld(x,e),z))),z) != e | ld(x,mult(mult(x,ld(y,e)),mult(y,mult(ld(x,e),z)))) = mult(ld(x,e),z).  [back_rewrite(844),rewrite([1612(1),1612(12)])].
        1612 back demodulating 843.
kept:      2015 ld(mult(mult(x,ld(y,e)),z),mult(x,mult(ld(y,e),z))) != e | ld(x,mult(mult(x,ld(y,e)),z)) = mult(ld(y,e),z).  [back_rewrite(843),rewrite([1612(1),1612(12)])].
        1612 back demodulating 842.
kept:      2016 ld(x,mult(mult(mult(x,ld(y,e)),z),mult(ld(z,e),y))) != e | ld(mult(mult(x,ld(y,e)),z),x) = mult(ld(z,e),y).  [back_rewrite(842),rewrite([1612(1),1612(12)])].
        1612 back demodulating 840.
kept:      2017 ld(x,mult(ld(y,e),mult(ld(y,e),mult(mult(y,mult(mult(y,x),ld(z,e))),z)))) != e | ld(mult(ld(y,e),mult(mult(y,x),ld(z,e))),x) = z.  [back_rewrite(840),rewrite([1612(4),674(6),676(11),674(8),1612(19),674(21),676(26)])].
        1612 back demodulating 838.
kept:      2018 mult(x,ld(mult(ld(y,e),x),y)) = mult(y,y).  [back_rewrite(838),rewrite([1612(5),1596(6)])].
    new demodulator: 2018.
        1612 back demodulating 823.
        1612 back demodulating 822.
kept:      2019 ld(mult(mult(x,mult(y,ld(z,e))),z),mult(x,y)) != e | ld(x,mult(mult(x,mult(y,ld(z,e))),z)) = y.  [back_rewrite(822),rewrite([1612(1),1616(5),662(5),1612(4),1616(5),662(5),1612(10),1616(14),662(14),1612(13),1616(14),662(14)])].
        1612 back demodulating 821.
kept:      2020 ld(x,mult(mult(mult(x,ld(y,e)),mult(y,ld(z,e))),z)) != e | ld(mult(mult(x,ld(y,e)),mult(y,ld(z,e))),x) = z.  [back_rewrite(821),rewrite([1612(1),1612(4),1616(8),662(8),1612(12),1612(15),1616(19),662(19)])].
        1612 back demodulating 820.
        1612 back demodulating 819.
        1612 back demodulating 818.
kept:      2021 ld(x,mult(mult(x,ld(y,e)),mult(mult(x,ld(y,e)),mult(mult(mult(y,ld(x,e)),mult(y,ld(z,e))),z)))) != e | ld(mult(mult(x,ld(y,e)),mult(y,ld(z,e))),x) = z.  [back_rewrite(818),rewrite([1612(1),1616(5),662(5),1612(4),1616(8),662(8),1612(7),1612(10),1612(20),1616(24),662(24),1612(23)])].
        1612 back demodulating 817.
        1612 back demodulating 816.
kept:      2022 ld(mult(mult(x,ld(y,e)),mult(y,ld(x,z))),z) != e | ld(x,mult(mult(x,ld(y,e)),mult(y,ld(x,z)))) = ld(x,z).  [back_rewrite(816),rewrite([1612(1),1616(5),662(5),1612(10),1616(14),662(14)])].
        1612 back demodulating 815.
kept:      2023 mult(x,ld(mult(ld(x,e),y),ld(y,e))) = mult(x,mult(ld(y,e),mult(x,ld(y,e)))).  [back_rewrite(815),rewrite([1612(1),162(4),1612(5),1616(6),1612(8),1616(12),662(12),1612(11),1616(15),662(15),1385(14)])].
    new demodulator: 2023.
        1612 back demodulating 814.
kept:      2024 ld(mult(x,mult(ld(x,mult(y,ld(z,e))),z)),y) != e | mult(mult(z,ld(y,e)),mult(x,mult(ld(x,mult(y,ld(z,e))),z))) = z.  [back_rewrite(814),rewrite([1612(1),1616(5),662(5),1612(10),1612(13),1616(17),662(17)])].
        1612 back demodulating 813.
kept:      2025 mult(mult(x,ld(y,ld(x,e))),mult(x,y)) = x.  [back_rewrite(813),rewrite([1612(1),1616(5),662(5),1875(6)])].
    new demodulator: 2025.
        1612 back demodulating 812.
        1612 back demodulating 811.
kept:      2026 ld(mult(mult(x,ld(y,e)),z),mult(x,ld(y,z))) != e | ld(x,mult(mult(x,ld(y,e)),z)) = ld(y,z).  [back_rewrite(811),rewrite([1612(1),1616(5),662(5),1612(10),1616(14),662(14)])].
        1612 back demodulating 810.
kept:      2027 ld(x,mult(mult(x,ld(y,e)),mult(mult(x,ld(y,e)),mult(mult(mult(y,ld(x,e)),z),ld(z,y))))) != e | ld(mult(mult(x,ld(y,e)),z),x) = ld(z,y).  [back_rewrite(810),rewrite([1612(1),1616(5),662(5),1612(4),1616(8),662(8),1612(7),1612(18),1616(22),662(22)])].
        1612 back demodulating 809.
        1612 back demodulating 805.
kept:      2028 ld(mult(mult(x,ld(y,ld(z,e))),z),x) != y | ld(x,mult(mult(x,ld(y,ld(z,e))),mult(mult(x,ld(y,ld(z,e))),mult(mult(mult(mult(z,y),ld(x,e)),z),y)))) = e.  [back_rewrite(805),rewrite([1612(2),1616(6),1616(5),662(6),1612(9),1616(13),1616(12),662(13),1612(13),1616(17),1616(16),662(17),1612(17)])].
        1612 back demodulating 804.
        1612 back demodulating 803.
        1612 back demodulating 802.
        1612 back demodulating 801.
        1612 back demodulating 800.
        1612 back demodulating 799.
kept:      2029 mult(mult(ld(x,y),x),ld(x,ld(y,e))) = ld(x,e).  [back_rewrite(799),rewrite([1612(4),1616(5)])].
    new demodulator: 2029.
        1612 back demodulating 798.
kept:      2030 mult(x,ld(mult(y,x),ld(x,e))) = ld(y,ld(x,e)).  [back_rewrite(798),rewrite([1612(3),1616(4),1616(8)])].
    new demodulator: 2030.
        1612 back demodulating 797.
kept:      2031 mult(x,ld(mult(y,mult(z,x)),ld(y,e))) = ld(mult(y,z),ld(y,e)).  [back_rewrite(797),rewrite([1612(4),1616(5),1616(10)])].
    new demodulator: 2031.
        1612 back demodulating 796.
        1612 back demodulating 786.
kept:      2032 ld(mult(ld(x,e),mult(ld(x,e),mult(mult(x,ld(y,e)),mult(y,z)))),ld(x,z)) != e | mult(ld(x,e),mult(mult(x,ld(y,e)),mult(y,z))) = z.  [back_rewrite(786),rewrite([1612(3),674(7),1612(18),674(22),676(27)])].
        1612 back demodulating 785.
kept:      2033 ld(mult(mult(x,y),ld(y,z)),mult(x,z)) != e | ld(x,mult(mult(x,y),mult(ld(y,e),z))) = z.  [back_rewrite(785),rewrite([1612(3),1596(4),49(2),1612(10),1596(11),49(9)])].
        1612 back demodulating 784.
kept:      2034 mult(ld(mult(x,y),mult(x,ld(z,e))),mult(z,y)) != e | ld(z,mult(mult(z,ld(x,e)),mult(x,y))) = y.  [back_rewrite(784),rewrite([1612(1),1616(7),1616(6),662(6),1612(10)])].
        1612 back demodulating 783.
kept:      2035 ld(x,mult(mult(mult(x,ld(y,z)),ld(z,e)),y)) != e | mult(mult(z,ld(ld(y,z),ld(x,e))),mult(x,mult(mult(z,ld(ld(y,z),ld(x,e))),mult(mult(x,ld(y,z)),ld(z,e))))) = y.  [back_rewrite(783),rewrite([1612(2),1596(3),1612(13),1616(14),1596(13),49(11),1873(15),1616(13),1616(18)])].
        1612 back demodulating 782.
kept:      2036 mult(ld(x,e),mult(mult(mult(x,ld(y,ld(z,e))),z),y)) != e | ld(mult(mult(x,ld(y,ld(z,e))),z),x) = y.  [back_rewrite(782),rewrite([1612(4),1616(5),1612(13),1616(14)])].
        1612 back demodulating 780.
kept:      2037 ld(mult(ld(x,e),y),mult(ld(x,mult(y,ld(z,e))),z)) != e | ld(mult(ld(x,e),mult(y,ld(z,e))),mult(ld(x,e),y)) = z.  [back_rewrite(780),rewrite([1612(4),1612(14)])].
        1612 back demodulating 779.
kept:      2038 ld(ld(x,y),mult(ld(x,e),mult(ld(x,e),mult(mult(x,mult(y,ld(z,e))),z)))) != e | ld(mult(ld(x,e),mult(y,ld(z,e))),mult(ld(x,e),y)) = z.  [back_rewrite(779),rewrite([1612(6),1612(18)])].
        1612 back demodulating 778.
kept:      2039 mult(ld(x,ld(y,e)),mult(mult(y,mult(x,ld(z,e))),z)) != e | ld(mult(y,mult(x,ld(z,e))),mult(y,x)) = z.  [back_rewrite(778),rewrite([1616(3),1612(4),1612(12)])].
        1612 back demodulating 777.
kept:      2040 ld(mult(ld(x,e),mult(y,x)),ld(x,y)) = ld(x,e).  [back_rewrite(777),rewrite([1612(5),1596(6),49(4)])].
    new demodulator: 2040.
        1612 back demodulating 776.
kept:      2041 ld(mult(ld(x,y),x),mult(ld(x,e),y)) = ld(x,e).  [back_rewrite(776),rewrite([1612(3),1596(4),49(2),351(2)])].
    new demodulator: 2041.
        1612 back demodulating 775.
        1612 back demodulating 769.
kept:      2042 mult(ld(x,y),ld(y,ld(x,e))) = mult(ld(x,e),ld(x,e)).  [back_rewrite(769),rewrite([1612(3),1616(4)])].
    new demodulator: 2042.
        1612 back demodulating 768.
        1612 back demodulating 761.
        1612 back demodulating 760.
        1612 back demodulating 728.
kept:      2043 mult(ld(x,e),mult(ld(x,e),mult(mult(mult(x,y),z),ld(z,ld(y,e))))) = mult(mult(ld(x,y),z),ld(z,ld(y,e))).  [back_rewrite(728),rewrite([1612(10),1616(11),46(12),1612(16),1616(17)])].
        1612 back demodulating 719.
kept:      2044 ld(x,e) = mult(ld(x,y),ld(y,e)).  [back_rewrite(719),rewrite([1612(2)]),flip(a)].
        1612 back demodulating 718.
kept:      2045 ld(mult(ld(x,e),mult(ld(x,e),mult(mult(x,ld(y,e)),mult(y,mult(x,z))))),z) != e | mult(ld(x,e),mult(mult(x,ld(y,e)),mult(y,mult(x,z)))) = mult(x,z).  [back_rewrite(718),rewrite([1612(3),674(8),1612(18),674(23),676(28)])].
        1612 back demodulating 717.
kept:      2046 ld(mult(mult(x,y),z),mult(x,mult(y,z))) != e | ld(x,mult(mult(x,y),z)) = mult(y,z).  [back_rewrite(717),rewrite([1612(3),1596(4),49(2),1612(10),1596(11),49(9)])].
        1612 back demodulating 716.
        1612 back demodulating 714.
kept:      2047 ld(mult(mult(x,ld(y,e)),mult(y,mult(ld(x,z),x))),mult(z,x)) != e | ld(x,mult(mult(x,ld(y,e)),mult(y,mult(ld(x,z),x)))) = mult(ld(x,z),x).  [back_rewrite(714),rewrite([1612(1),1612(12)])].
        1612 back demodulating 713.
kept:      2048 ld(mult(mult(x,ld(y,e)),mult(z,y)),mult(x,mult(ld(y,z),y))) != e | ld(x,mult(mult(x,ld(y,e)),mult(z,y))) = mult(ld(y,z),y).  [back_rewrite(713),rewrite([1612(1),1612(12)])].
        1612 back demodulating 712.
kept:      2049 ld(mult(mult(mult(x,y),ld(z,e)),mult(z,x)),mult(x,mult(y,x))) != e | ld(mult(x,y),mult(mult(mult(x,y),ld(z,e)),mult(z,x))) = x.  [back_rewrite(712),rewrite([1612(2),1612(14)])].
        1612 back demodulating 711.
kept:      2050 ld(mult(mult(x,ld(y,ld(z,e))),mult(z,mult(y,z))),mult(x,z)) != e | ld(x,mult(mult(x,ld(y,ld(z,e))),mult(z,mult(y,z)))) = z.  [back_rewrite(711),rewrite([1612(2),1616(3),1612(13),1616(14)])].
        1612 back demodulating 709.
kept:      2051 ld(mult(mult(x,mult(ld(y,e),ld(y,e))),mult(y,mult(y,z))),mult(x,z)) != e | ld(x,mult(mult(x,mult(ld(y,e),ld(y,e))),mult(y,mult(y,z)))) = z.  [back_rewrite(709),rewrite([1612(2),993(3),8(6),1612(15),993(16),8(19)])].
        1612 back demodulating 708.
        1612 back demodulating 707.
kept:      2052 ld(mult(mult(x,ld(mult(y,z),ld(y,e))),mult(y,mult(y,mult(z,u)))),mult(x,u)) != e | ld(x,mult(mult(x,ld(mult(y,z),ld(y,e))),mult(y,mult(y,mult(z,u))))) = u.  [back_rewrite(707),rewrite([1612(3),1616(4),1612(16),1616(17)])].
        1612 back demodulating 703.
        1612 back demodulating 690.
kept:      2053 ld(x,mult(mult(mult(x,ld(y,e)),ld(z,e)),mult(z,y))) != e | mult(mult(z,mult(y,ld(x,e))),mult(x,mult(mult(z,mult(y,ld(x,e))),mult(mult(x,ld(y,e)),ld(z,e))))) = mult(z,y).  [back_rewrite(690),rewrite([1612(1),1612(12),1873(18),1616(16),662(16),1616(20),662(20)])].
        1612 back demodulating 688.
        1612 back demodulating 685.
kept:      2054 mult(x,ld(mult(y,x),ld(y,e))) = mult(ld(y,e),ld(y,e)).  [back_rewrite(685),rewrite([1612(3),1616(4)])].
    new demodulator: 2054.
        1612 back demodulating 681.
        1612 back demodulating 665.
        1612 back demodulating 664.
        1612 back demodulating 657.
kept:      2055 ld(x,mult(mult(mult(x,ld(y,ld(z,e))),y),mult(ld(y,z),y))) != e | ld(mult(mult(x,ld(y,ld(z,e))),y),x) = mult(ld(y,z),y).  [back_rewrite(657),rewrite([1612(2),1616(3),1612(13),1616(14)])].
        1612 back demodulating 656.
kept:      2056 ld(x,mult(mult(mult(x,ld(mult(y,z),ld(z,e))),mult(z,y)),z)) != e | ld(mult(mult(x,ld(mult(y,z),ld(z,e))),mult(z,y)),x) = z.  [back_rewrite(656),rewrite([1612(3),1616(4),1612(14),1616(15)])].
        1612 back demodulating 655.
kept:      2057 ld(x,mult(mult(mult(x,ld(mult(y,z),ld(y,e))),mult(y,y)),z)) != e | ld(mult(mult(x,ld(mult(y,z),ld(y,e))),mult(y,y)),x) = z.  [back_rewrite(655),rewrite([1612(3),1616(4),1612(14),1616(15)])].
        1612 back demodulating 654.
kept:      2058 ld(x,mult(mult(mult(x,ld(mult(y,mult(z,u)),ld(y,e))),mult(y,mult(y,z))),u)) != e | ld(mult(mult(x,ld(mult(y,mult(z,u)),ld(y,e))),mult(y,mult(y,z))),x) = u.  [back_rewrite(654),rewrite([1612(4),1616(5),1612(17),1616(18)])].
        1612 back demodulating 652.
        1612 back demodulating 612.
        1612 back demodulating 590.
kept:      2059 ld(mult(x,y),mult(mult(y,mult(mult(ld(y,x),y),ld(z,e))),z)) != e | ld(mult(y,mult(mult(ld(y,x),y),ld(z,e))),mult(x,y)) = z.  [back_rewrite(590),rewrite([1612(4),1612(14)])].
        1612 back demodulating 589.
kept:      2060 ld(mult(mult(mult(x,ld(y,e)),z),x),mult(mult(x,ld(y,e)),mult(z,x))) != e | ld(mult(mult(x,ld(y,e)),mult(z,mult(x,ld(y,e)))),mult(mult(mult(x,ld(y,e)),z),x)) = y.  [back_rewrite(589),rewrite([1612(1),1612(6),1612(14),1612(17),1612(22)])].
        1612 back demodulating 588.
kept:      2061 ld(mult(x,mult(y,x)),mult(mult(mult(x,y),mult(x,ld(z,e))),z)) != e | ld(mult(mult(x,y),mult(x,ld(z,e))),mult(x,mult(y,x))) = z.  [back_rewrite(588),rewrite([1612(4),1612(13)])].
        1612 back demodulating 586.
        1612 back demodulating 585.
        1612 back demodulating 584.
kept:      2062 ld(x,mult(mult(y,mult(ld(y,x),ld(z,e))),z)) != e | ld(mult(y,mult(ld(y,x),ld(z,e))),x) = z.  [back_rewrite(584),rewrite([1612(2),1612(11)])].
        1612 back demodulating 567.
        1612 back demodulating 559.
kept:      2063 ld(mult(mult(x,mult(y,ld(x,e))),mult(x,z)),mult(mult(x,y),z)) != e | ld(mult(x,y),mult(mult(x,mult(y,ld(x,e))),mult(x,z))) = z.  [back_rewrite(559),rewrite([1612(1),1612(13)])].
        1612 back demodulating 557.
kept:      2064 ld(mult(x,mult(y,z)),mult(mult(x,mult(y,mult(z,ld(y,e)))),y)) != e | ld(mult(x,mult(y,mult(z,ld(y,e)))),mult(x,mult(y,z))) = y.  [back_rewrite(557),rewrite([1612(3),1612(12)])].
        1612 back demodulating 556.
kept:      2065 ld(mult(x,mult(y,mult(x,ld(y,ld(x,e))))),mult(x,mult(y,x))) = mult(x,y).  [back_rewrite(556),rewrite([1612(3),1616(4),1985(6)])].
    new demodulator: 2065.
        1612 back demodulating 555.
kept:      2066 ld(mult(x,mult(y,ld(mult(z,x),ld(z,e)))),mult(x,y)) = mult(z,mult(z,x)).  [back_rewrite(555),rewrite([1612(3),1616(4)])].
    new demodulator: 2066.
        1612 back demodulating 553.
        1612 back demodulating 544.
        1612 back demodulating 538.
kept:      2067 mult(x,mult(x,mult(mult(y,z),ld(z,mult(x,mult(x,y)))))) = mult(x,mult(x,mult(y,mult(x,mult(x,y))))).  [back_rewrite(538),rewrite([1612(7),1596(8),46(7)])].
    new demodulator: 2067.
        1612 back demodulating 536.
kept:      2068 mult(x,mult(ld(y,e),mult(x,ld(y,e)))) = mult(x,mult(ld(y,x),ld(y,e))).  [back_rewrite(536),rewrite([1612(1),1625(4),1612(3),1616(4),1850(4),1612(6),1612(9),1385(12)]),flip(a)].
        1612 back demodulating 534.
        1612 back demodulating 516.
        1612 back demodulating 507.
        1612 back demodulating 492.
kept:      2069 ld(x,y) != mult(y,ld(x,e)) | mult(mult(x,ld(y,x)),mult(y,ld(x,e))) = x.  [back_rewrite(492),rewrite([1612(1),1612(6),1625(9),1612(8)]),flip(a)].
        1612 back demodulating 490.
kept:      2070 ld(x,mult(y,mult(x,ld(y,e)))) != e | mult(mult(y,ld(x,y)),mult(x,ld(y,e))) = y.  [back_rewrite(490),rewrite([1612(1),1612(8),1625(11),1612(10)])].
        1612 back demodulating 484.
kept:      2071 mult(ld(x,ld(y,z)),x) = mult(ld(y,mult(ld(x,mult(z,ld(y,e))),x)),y).  [back_rewrite(484),rewrite([1612(1)]),flip(a)].
        1612 back demodulating 471.
kept:      2072 ld(x,mult(mult(x,ld(y,e)),mult(y,mult(ld(z,u),z)))) = mult(ld(z,ld(x,mult(mult(x,ld(y,e)),mult(y,u)))),z).  [back_rewrite(471),rewrite([1612(1),1612(9)])].
        1612 back demodulating 470.
kept:      2073 ld(mult(x,y),mult(x,mult(y,ld(z,u)))) = mult(ld(z,ld(mult(x,y),mult(x,mult(y,mult(u,ld(z,e)))))),z).  [back_rewrite(470),rewrite([1612(2)]),flip(a)].
        1612 back demodulating 469.
kept:      2074 mult(ld(x,ld(mult(y,mult(z,ld(x,ld(u,x)))),mult(y,mult(mult(z,ld(x,ld(u,x))),u)))),x) = ld(mult(y,mult(z,ld(x,ld(u,x)))),mult(y,z)).  [back_rewrite(469),rewrite([1612(3),1616(4),1596(3),1612(7),1616(8),1596(7),1612(15),1616(16),1596(15)])].
    new demodulator: 2074.
        1612 back demodulating 468.
kept:      2075 mult(ld(x,ld(mult(mult(y,ld(mult(ld(x,z),x),ld(u,e))),u),mult(mult(y,ld(mult(ld(x,z),x),ld(u,e))),mult(u,z)))),x) = ld(mult(mult(y,ld(mult(ld(x,z),x),ld(u,e))),u),y).  [back_rewrite(468),rewrite([1612(4),1616(5),1612(11),1616(12),1612(22),1616(23)])].
    new demodulator: 2075.
        1612 back demodulating 467.
kept:      2076 ld(mult(x,mult(y,ld(z,e))),mult(x,mult(mult(y,ld(z,e)),mult(ld(u,z),u)))) = mult(ld(u,ld(mult(x,mult(y,ld(z,e))),mult(x,y))),u).  [back_rewrite(467),rewrite([1612(1),1612(5),1612(13)])].
        1612 back demodulating 466.
kept:      2077 ld(mult(mult(x,ld(y,ld(z,e))),z),mult(mult(x,ld(y,ld(z,e))),mult(z,mult(ld(u,y),u)))) = mult(ld(u,ld(mult(mult(x,ld(y,ld(z,e))),z),x)),u).  [back_rewrite(466),rewrite([1612(2),1616(3),1612(7),1616(8),1612(16),1616(17)])].
        1612 back demodulating 454.
kept:      2078 mult(ld(x,mult(mult(mult(y,z),ld(z,u)),ld(u,e))),x) = mult(mult(mult(mult(ld(x,y),x),z),ld(z,u)),ld(u,e)).  [back_rewrite(454),rewrite([1612(6),1612(12)]),flip(a)].
    new demodulator: 2078.
        1612 back demodulating 451.
kept:      2079 mult(ld(x,mult(mult(mult(y,mult(z,ld(u,e))),u),ld(z,e))),x) = mult(mult(mult(mult(ld(x,y),x),mult(z,ld(u,e))),u),ld(z,e)).  [back_rewrite(451),rewrite([1612(3),1612(8),1612(11),1612(16)]),flip(a)].
    new demodulator: 2079.
        1612 back demodulating 441.
kept:      2080 mult(ld(x,mult(mult(mult(y,mult(z,mult(u,z))),w),ld(mult(u,mult(z,w)),ld(z,e)))),x) = mult(mult(mult(mult(ld(x,y),x),mult(z,mult(u,z))),w),ld(mult(u,mult(z,w)),ld(z,e))).  [back_rewrite(441),rewrite([1612(10),1616(11),1612(20),1616(21)]),flip(a)].
    new demodulator: 2080.
        1612 back demodulating 432.
kept:      2081 mult(ld(x,mult(mult(mult(y,mult(z,mult(z,u))),w),ld(mult(z,mult(u,w)),ld(z,e)))),x) = mult(mult(mult(mult(ld(x,y),x),mult(z,mult(z,u))),w),ld(mult(z,mult(u,w)),ld(z,e))).  [back_rewrite(432),rewrite([1612(10),1616(11),1612(20),1616(21)]),flip(a)].
    new demodulator: 2081.
        1612 back demodulating 431.
kept:      2082 mult(mult(mult(ld(x,y),x),z),ld(x,ld(mult(ld(z,y),z),x))) = z.  [back_rewrite(431),rewrite([1612(8),1616(9),1596(8)])].
    new demodulator: 2082.
        1612 back demodulating 430.
kept:      2083 mult(mult(x,mult(y,mult(ld(z,u),z))),ld(z,ld(ld(mult(x,y),mult(x,mult(y,u))),z))) = mult(x,y).  [back_rewrite(430),rewrite([1612(11),1616(12),1596(11)])].
    new demodulator: 2083.
        1612 back demodulating 429.
kept:      2084 mult(mult(ld(mult(x,y),mult(x,mult(y,z))),u),ld(mult(x,mult(y,mult(ld(u,z),u))),mult(x,y))) = u.  [back_rewrite(429),rewrite([1612(12),1596(13)])].
    new demodulator: 2084.
        1612 back demodulating 421.
kept:      2085 mult(ld(x,mult(mult(mult(y,mult(z,z)),u),ld(mult(z,u),ld(z,e)))),x) = mult(mult(mult(mult(ld(x,y),x),mult(z,z)),u),ld(mult(z,u),ld(z,e))).  [back_rewrite(421),rewrite([1612(8),1616(9),1612(16),1616(17)]),flip(a)].
    new demodulator: 2085.
        1612 back demodulating 403.
kept:      2086 mult(ld(x,mult(mult(mult(y,mult(z,u)),z),ld(mult(u,z),ld(z,e)))),x) = mult(mult(mult(mult(ld(x,y),x),mult(z,u)),z),ld(mult(u,z),ld(z,e))).  [back_rewrite(403),rewrite([1612(8),1616(9),1612(16),1616(17)]),flip(a)].
    new demodulator: 2086.
        1612 back demodulating 394.
        1612 back demodulating 376.
kept:      2087 mult(ld(x,mult(mult(mult(y,z),mult(ld(z,u),z)),ld(z,ld(u,e)))),x) = mult(mult(mult(mult(ld(x,y),x),z),mult(ld(z,u),z)),ld(z,ld(u,e))).  [back_rewrite(376),rewrite([1612(8),1616(9),1612(16),1616(17)]),flip(a)].
    new demodulator: 2087.
        1612 back demodulating 352.
kept:      2088 mult(mult(x,y),ld(y,ld(x,y))) = y.  [back_rewrite(352),rewrite([1612(4),1616(5),1596(4)])].
    new demodulator: 2088.
        1612 back demodulating 343.
        1612 back demodulating 341.
        1612 back demodulating 340.
        1612 back demodulating 339.
        1612 back demodulating 338.
        1612 back demodulating 326.
        1612 back demodulating 325.
kept:      2089 ld(x,mult(mult(mult(x,ld(y,e)),z),ld(z,y))) != e | ld(mult(mult(x,ld(y,e)),z),x) = ld(z,y).  [back_rewrite(325),rewrite([1612(1),1612(10)])].
        1612 back demodulating 282.
        1612 back demodulating 253.
        1612 back demodulating 221.
kept:      2090 mult(mult(x,ld(y,e)),mult(mult(x,ld(y,e)),mult(y,z))) = mult(x,mult(ld(y,e),mult(x,z))).  [back_rewrite(221),rewrite([1612(1),162(4),209(5),1612(6),1612(9)]),flip(a)].
    new demodulator: 2090.
        1612 back demodulating 220.
kept:      2091 mult(x,mult(x,mult(mult(y,z),ld(z,e)))) = mult(x,mult(x,y)).  [back_rewrite(220),rewrite([1612(4),46(6)])].
    new demodulator: 2091.
        1612 back demodulating 168.
kept:      2092 mult(mult(x,ld(y,e)),mult(y,mult(mult(x,ld(y,e)),z))) = mult(x,mult(x,mult(ld(y,e),z))).  [back_rewrite(168),rewrite([1612(1),46(5),1612(6),1612(9)]),flip(a)].
    new demodulator: 2092.
        1612 back demodulating 167.
kept:      2093 mult(mult(x,mult(y,mult(x,z))),ld(z,e)) = mult(x,mult(y,x)).  [back_rewrite(167),rewrite([1612(4)])].
    new demodulator: 2093.
        1612 back demodulating 138.
kept:      2094 ld(mult(x,y),mult(x,mult(y,ld(z,mult(mult(z,ld(u,e)),mult(u,w)))))) = ld(z,mult(mult(z,ld(u,e)),mult(u,ld(mult(x,y),mult(x,mult(y,w)))))).  [back_rewrite(138),rewrite([1612(2),1612(11)])].
        1612 back demodulating 131.
kept:      2095 ld(mult(x,y),mult(x,mult(y,mult(mult(mult(z,mult(u,ld(w,e))),w),ld(u,e))))) = mult(mult(mult(ld(mult(x,y),mult(x,mult(y,z))),mult(u,ld(w,e))),w),ld(u,e)).  [back_rewrite(131),rewrite([1612(5),1612(10),1612(14),1612(19)]),flip(a)].
    new demodulator: 2095.
        1612 back demodulating 127.
kept:      2096 ld(mult(x,y),mult(x,mult(y,mult(mult(mult(z,u),ld(u,w)),ld(w,e))))) = mult(mult(mult(ld(mult(x,y),mult(x,mult(y,z))),u),ld(u,w)),ld(w,e)).  [back_rewrite(127),rewrite([1612(8),1612(15)]),flip(a)].
    new demodulator: 2096.
        1612 back demodulating 73.
kept:      2097 mult(mult(x,ld(y,ld(x,e))),y) != e | ld(x,y) = mult(y,ld(x,e)).  [back_rewrite(73),rewrite([1612(1),1875(5),1612(8)]),flip(b)].
        1612 back demodulating 69.
kept:      2098 ld(x,y) != mult(y,ld(x,e)) | mult(mult(x,ld(y,ld(x,e))),y) = e.  [back_rewrite(69),rewrite([1612(1),1612(6),1875(10)]),flip(a)].
        1612 back demodulating 65.
        1612 back demodulating 64.
        1612 back demodulating 63.
        1612 back demodulating 60.
        1612 back demodulating 59.
kept:      2099 ld(x,mult(mult(mult(x,ld(y,ld(z,e))),z),y)) != e | ld(mult(mult(x,ld(y,ld(z,e))),z),x) = y.  [back_rewrite(59),rewrite([1612(2),1616(3),1612(11),1616(12)])].
        1612 back demodulating 58.
        1612 back demodulating 54.
        1612 back demodulating 53.
        1612 back demodulating 52.
        1612 back demodulating 51.
        1612 back demodulating 48.

============================== PROOF =================================

% Proof 1 at 0.18 (+ 0.03) seconds.
% Length of proof is 58.
% Level of proof is 17.
% Maximum clause weight is 28.000.
% Given clauses 95.

1 a(v0,v1,v2) = e -> l(v2,v1,v0) = v2 # label(non_clause).  [assumption].
6 rd(mult(v0,mult(v1,v0)),v2) = mult(e,mult(v0,mult(e,mult(v1,rd(v0,v2))))) # label(non_clause) # label(goal).  [goal].
7 mult(e,x) = x.  [assumption].
8 mult(x,e) = x.  [assumption].
9 ld(x,mult(x,y)) = y.  [assumption].
10 mult(x,ld(x,y)) = y.  [assumption].
11 rd(mult(x,y),y) = x.  [assumption].
12 mult(rd(x,y),y) = x.  [assumption].
13 ld(mult(x,mult(y,z)),mult(mult(x,y),z)) = a(x,y,z).  [assumption].
14 a(x,y,z) = ld(mult(x,mult(y,z)),mult(mult(x,y),z)).  [copy(13),flip(a)].
17 ld(mult(x,y),mult(x,mult(y,z))) = l(z,y,x).  [assumption].
18 l(x,y,z) = ld(mult(z,y),mult(z,mult(y,x))).  [copy(17),flip(a)].
23 a(x,y,z) != e | l(z,y,x) = z.  [clausify(1)].
24 ld(mult(x,mult(y,z)),mult(mult(x,y),z)) != e | ld(mult(x,y),mult(x,mult(y,z))) = z.  [copy(23),rewrite([14(1),18(8)])].
45 mult(mult(mult(x,y),x),z) = mult(x,mult(y,mult(x,z))).  [assumption].
46 mult(mult(x,mult(x,y)),z) = mult(x,mult(x,mult(y,z))).  [assumption].
47 rd(mult(c1,mult(c2,c1)),c3) != mult(e,mult(c1,mult(e,mult(c2,rd(c1,c3))))).  [deny(6)].
48 rd(mult(c1,mult(c2,c1)),c3) != mult(c1,mult(c2,rd(c1,c3))).  [copy(47),rewrite([7(16),7(16)])].
49 ld(e,x) = x.  [para(7(a,1),9(a,1,2))].
50 ld(x,x) = e.  [para(8(a,1),9(a,1,2))].
51 rd(x,x) = e.  [para(7(a,1),11(a,1,1))].
53 rd(x,ld(y,x)) = y.  [para(10(a,1),11(a,1,1))].
58 ld(mult(x,y),mult(mult(x,rd(y,z)),z)) != e | ld(mult(x,rd(y,z)),mult(x,y)) = z.  [para(12(a,1),24(a,1,1,2)),rewrite([12(11)])].
161 mult(mult(x,x),y) = mult(x,mult(x,y)).  [para(7(a,1),45(a,2,2)),rewrite([8(2)])].
162 mult(mult(x,y),x) = mult(x,mult(y,x)).  [para(45(a,1),8(a,1)),rewrite([8(2)]),flip(a)].
165 mult(x,mult(ld(x,y),mult(x,z))) = mult(mult(y,x),z).  [para(10(a,1),45(a,1,1,1)),flip(a)].
168 mult(mult(x,rd(x,y)),z) = mult(rd(x,y),mult(y,mult(rd(x,y),z))).  [para(12(a,1),45(a,1,1,1))].
209 mult(mult(x,mult(y,x)),z) = mult(x,mult(y,mult(x,z))).  [back_rewrite(45),rewrite([162(2)])].
251 ld(mult(x,x),mult(x,mult(x,y))) = y.  [para(161(a,1),9(a,1,2))].
279 ld(mult(x,y),mult(x,mult(y,x))) = x.  [para(162(a,1),9(a,1,2))].
280 mult(x,mult(ld(x,y),x)) = mult(y,x).  [para(10(a,1),162(a,1,1)),flip(a)].
313 ld(mult(x,x),mult(x,y)) = ld(x,y).  [para(10(a,1),251(a,1,2,2))].
343 ld(mult(x,rd(y,x)),mult(x,y)) = x.  [para(12(a,1),279(a,1,2,2))].
351 ld(x,mult(y,x)) = mult(ld(x,y),x).  [para(280(a,1),9(a,1,2))].
391 mult(x,mult(mult(ld(x,y),x),x)) = mult(mult(y,x),x).  [para(280(a,1),162(a,1,1)),flip(a)].
519 ld(mult(x,x),y) = ld(x,ld(x,y)).  [para(10(a,1),313(a,1,2))].
551 ld(mult(x,rd(e,x)),x) = x.  [para(8(a,1),343(a,1,2))].
564 mult(x,rd(e,x)) = e.  [para(551(a,1),53(a,1,2)),rewrite([51(1)]),flip(a)].
567 rd(e,x) = ld(x,e).  [para(564(a,1),9(a,1,2)),flip(a)].
575 mult(ld(x,e),x) = e.  [para(53(a,1),564(a,1,2))].
604 mult(ld(x,e),mult(ld(x,e),mult(x,y))) = mult(ld(x,e),y).  [para(575(a,1),46(a,1,1,2)),rewrite([8(4)]),flip(a)].
609 mult(mult(ld(x,e),rd(x,y)),y) != e | ld(mult(ld(x,e),rd(x,y)),e) = y.  [para(575(a,1),58(a,1,1)),rewrite([49(7),575(14)])].
617 mult(ld(x,e),mult(x,x)) = x.  [para(351(a,1),279(a,1)),rewrite([519(2),50(1)])].
640 mult(ld(x,e),mult(x,y)) = y.  [para(617(a,1),46(a,1,1,2)),rewrite([575(3),7(2),161(6),604(8)]),flip(a)].
663 ld(x,y) = mult(ld(x,e),y).  [para(10(a,1),640(a,1,2)),flip(a)].
664 rd(x,mult(y,x)) = ld(y,e).  [para(640(a,1),11(a,1,1))].
674 mult(mult(ld(x,e),y),z) = mult(ld(x,e),mult(ld(x,e),mult(mult(x,y),z))).  [para(640(a,1),46(a,1,1,2))].
696 mult(ld(x,e),mult(ld(x,e),mult(rd(x,y),mult(y,x)))) != e | ld(mult(ld(x,e),rd(x,y)),e) = y.  [back_rewrite(609),rewrite([674(5),168(7),12(7)])].
796 rd(x,y) = ld(rd(y,x),e).  [para(12(a,1),664(a,1,2))].
867 mult(rd(x,y),mult(rd(y,x),z)) = z.  [para(796(a,2),640(a,1,1))].
954 mult(mult(x,y),y) = mult(x,mult(y,y)).  [para(519(a,1),280(a,1,2,1)),rewrite([161(6),165(5),391(4)])].
1173 mult(rd(x,y),mult(y,y)) = mult(x,y).  [para(12(a,1),954(a,1,1)),flip(a)].
1311 mult(rd(x,y),mult(y,x)) = mult(x,x).  [para(1173(a,1),867(a,1,2))].
1318 ld(mult(ld(x,e),rd(x,y)),e) = y.  [back_rewrite(696),rewrite([1311(7),640(6),575(3)]),xx(a)].
1586 ld(ld(x,rd(x,y)),e) = y.  [para(663(a,2),1318(a,1,1))].
1595 ld(x,rd(x,y)) = ld(y,e).  [para(1586(a,1),53(a,1,2)),rewrite([567(2)]),flip(a)].
1612 rd(x,y) = mult(x,ld(y,e)).  [para(1595(a,1),10(a,1,2)),flip(a)].
2100 $F.  [back_rewrite(48),rewrite([1612(7),209(9),1612(14)]),xx(a)].

============================== end of proof ==========================

============================== STATISTICS ============================

Given=95. Generated=5049. Kept=2076. proofs=1.
Usable=33. Sos=338. Demods=371. Limbo=488, Disabled=1242. Hints=0.
Kept_by_rule=0, Deleted_by_rule=45.
Forward_subsumed=2927. Back_subsumed=28.
Sos_limit_deleted=0. Sos_displaced=0. Sos_removed=0.
New_demodulators=1006 (2 lex), Back_demodulated=1189. Back_unit_deleted=0.
Demod_attempts=96159. Demod_rewrites=13691.
Res_instance_prunes=0. Para_instance_prunes=0. Basic_paramod_prunes=0.
Nonunit_fsub_feature_tests=29373. Nonunit_bsub_feature_tests=11365.
Megabytes=5.77.
User_CPU=0.18, System_CPU=0.03, Wall_clock=0.

============================== end of statistics =====================

============================== end of search =========================

THEOREM PROVED

Exiting with 1 proof.

Process 64518 exit (max_proofs) Mon Aug 31 19:28:51 2026
