Here is the input problem:
  Axiom 1 (flattening): op3 = op(sk_b, sk_c).
  Axiom 2 (flattening): op2 = op(sk_c, sk_a).
  Axiom 3 (ax2): ldiv(X, op(X, Y)) = Y.
  Axiom 4 (ax3): rdiv(op(X, Y), Y) = X.
  Axiom 5 (ax1): op(X, ldiv(X, Y)) = Y.
  Axiom 6 (flattening): op4 = op(sk_b, op(sk_c, sk_a)).
  Axiom 7 (flattening): op5 = op(sk_a, op(sk_b, sk_c)).
  Axiom 8 (ax4): op(rdiv(X, Y), Y) = X.
  Axiom 9 (flattening): op6 = op(sk_a, op(sk_b, op(sk_c, sk_a))).
  Axiom 10 (ax5): op(X, op(Y, op(Z, Z))) = op(op(X, op(Y, Z)), Z).
  Axiom 11 (flattening): op7 = op(op(sk_a, op(sk_b, sk_c)), sk_a).
  Goal 1 (goal): op(sk_a, op(sk_b, op(sk_c, sk_a))) = op(op(sk_a, op(sk_b, sk_c)), sk_a).

(13.0) 1. op(sk_b, sk_c) -> op3
(13.0) 2. op(sk_c, sk_a) -> op2
(19.142859) 3. ldiv(X, op(X, Y)) -> Y
(19.142859) 4. rdiv(op(X, Y), Y) -> X
(19.142859) 5. op(X, ldiv(X, Y)) -> Y
(13.0) 6. op(sk_b, op2) -> op4
(13.0) 7. op(sk_a, op3) -> op5
(19.142859) 8. op(rdiv(X, Y), Y) -> X
(13.0) 9. op(sk_a, op4) -> op6
(32.14286) 10. op(op(X, op(Y, Z)), Z) -> op(X, op(Y, op(Z, Z)))
(13.0) 11. op(op5, sk_a) -> op7
(15.0) 12. ldiv(sk_b, op3) -> sk_c
(15.0) 13. ldiv(sk_c, op2) -> sk_a
(15.0) 14. rdiv(op3, sk_c) -> sk_b
(15.0) 15. rdiv(op2, sk_a) -> sk_c
(15.0) 16. ldiv(sk_b, op4) -> op2
(15.0) 17. rdiv(op4, op2) -> sk_b
(15.0) 18. ldiv(sk_a, op5) -> op3
(15.0) 19. rdiv(op5, op3) -> sk_a
(15.0) 20. ldiv(sk_a, op6) -> op4
(15.0) 21. rdiv(op6, op4) -> sk_a
(15.0) 22. ldiv(op5, op7) -> sk_a
(15.0) 23. rdiv(op7, sk_a) -> op5
(21.142859) 24. rdiv(X, ldiv(Y, X)) -> Y
(21.142859) 25. ldiv(rdiv(X, Y), X) -> Y
(34.285713) 26. op(X, op(sk_b, op(sk_c, sk_c))) -> op(op(X, op3), sk_c)
(34.285713) 27. op(X, op(sk_c, op(sk_a, sk_a))) -> op(op(X, op2), sk_a)
(34.285713) 28. op(X, op(sk_b, op(op2, op2))) -> op(op(X, op4), op2)
(34.285713) 29. op(X, op(sk_a, op(op3, op3))) -> op(op(X, op5), op3)
(34.285713) 30. op(X, op(sk_a, op(op4, op4))) -> op(op(X, op6), op4)
(34.285713) 31. op(X, op(op5, op(sk_a, sk_a))) -> op(op(X, op7), sk_a)
(35.857143) 32. ldiv(X, op(op(X, op3), sk_c)) -> op(sk_b, op(sk_c, sk_c))
(31.0) 33. op(sk_b, op(sk_c, sk_c)) -> ldiv(sk_a, op(op5, sk_c))
(35.857143) 34. ldiv(X, op(op(X, op2), sk_a)) -> op(sk_c, op(sk_a, sk_a))
(31.0) 35. op(sk_c, op(sk_a, sk_a)) -> ldiv(sk_b, op(op4, sk_a))
(35.857143) 36. ldiv(X, op(op(X, op4), op2)) -> op(sk_b, op(op2, op2))
(31.0) 37. op(sk_b, op(op2, op2)) -> ldiv(sk_a, op(op6, op2))
(35.857143) 38. ldiv(X, op(op(X, op5), op3)) -> op(sk_a, op(op3, op3))
(35.857143) 39. ldiv(X, op(op(X, op6), op4)) -> op(sk_a, op(op4, op4))
(35.857143) 40. ldiv(X, op(op(X, op7), sk_a)) -> op(op5, op(sk_a, sk_a))
(37.857143) 41. ldiv(rdiv(X, op3), op(X, sk_c)) -> ldiv(sk_a, op(op5, sk_c))
(33.0) 42. ldiv(rdiv(sk_b, op3), op3) -> ldiv(sk_a, op(op5, sk_c))
(37.857143) 43. ldiv(rdiv(X, op2), op(X, sk_a)) -> ldiv(sk_b, op(op4, sk_a))
(33.0) 44. ldiv(rdiv(sk_c, op2), op2) -> ldiv(sk_b, op(op4, sk_a))
(33.0) 45. ldiv(rdiv(op5, op2), op7) -> ldiv(sk_b, op(op4, sk_a))
(37.857143) 46. ldiv(rdiv(X, op4), op(X, op2)) -> ldiv(sk_a, op(op6, op2))
(33.0) 47. ldiv(rdiv(sk_b, op4), op4) -> ldiv(sk_a, op(op6, op2))
(37.857143) 48. ldiv(rdiv(X, op5), op(X, op3)) -> op(sk_a, op(op3, op3))
(33.0) 49. op(sk_a, op(op3, op3)) -> ldiv(rdiv(sk_a, op5), op5)
(37.857143) 50. ldiv(rdiv(X, op6), op(X, op4)) -> op(sk_a, op(op4, op4))
(33.0) 51. op(sk_a, op(op4, op4)) -> ldiv(rdiv(sk_a, op6), op6)
(37.857143) 52. ldiv(rdiv(X, op7), op(X, sk_a)) -> op(op5, op(sk_a, sk_a))
(33.0) 53. op(op5, op(sk_a, sk_a)) -> ldiv(rdiv(sk_c, op7), op2)
(33.0) 54. op(op5, op(sk_a, sk_a)) -> ldiv(rdiv(op5, op7), op7)
(35.0) 55. ldiv(rdiv(sk_c, op7), op2) -> ldiv(rdiv(op5, op7), op7)
(39.0) 56. ldiv(sk_b, ldiv(sk_a, op(op5, sk_c))) -> op(sk_c, sk_c)
(39.0) 57. ldiv(sk_c, ldiv(sk_b, op(op4, sk_a))) -> op(sk_a, sk_a)
(39.0) 58. ldiv(sk_b, ldiv(sk_a, op(op6, op2))) -> op(op2, op2)
(39.714287) 59. rdiv(op(X, op(Y, op(Z, Z))), Z) -> op(X, op(Y, Z))
(39.714287) 60. op(X, op(rdiv(Y, Z), op(Z, Z))) -> op(op(X, Y), Z)
(37.285713) 61. op(rdiv(X, Y), op(Y, Y)) -> ldiv(?, op(op(?, X), Y))
(37.285713) 62. ldiv(X, op(op(X, Y), Z)) ~> ldiv(?, op(op(?, Y), Z))
(38.285713) 63. ldiv(?, op(op(?, sk_c), X)) -> ldiv(sk_b, op(op3, X))
(38.285713) 64. ldiv(?, op(op(?, sk_a), X)) -> ldiv(sk_c, op(op2, X))
(38.285713) 65. ldiv(?, op(op(?, op2), X)) -> ldiv(sk_b, op(op4, X))
(38.285713) 66. ldiv(?, op(op(?, op3), X)) -> ldiv(sk_a, op(op5, X))
(38.285713) 67. ldiv(?, op(op(?, op4), X)) -> ldiv(sk_a, op(op6, X))
(38.285713) 68. ldiv(?, op(op(?, sk_a), X)) -> ldiv(op5, op(op7, X))
(32.285713) 69. ldiv(sk_c, op(op2, X)) -> ldiv(op5, op(op7, X))
(39.285713) 70. ldiv(rdiv(X, Y), op(X, Z)) -> ldiv(?, op(op(?, Y), Z))
(39.857143) 71. ldiv(rdiv(rdiv(X, sk_c), op3), X) -> ldiv(sk_a, op(op5, sk_c))
(39.857143) 72. ldiv(rdiv(rdiv(X, sk_a), op2), X) -> ldiv(sk_b, op(op4, sk_a))
(39.857143) 73. ldiv(rdiv(rdiv(X, op2), op4), X) -> ldiv(sk_a, op(op6, op2))
(39.857143) 74. ldiv(rdiv(rdiv(X, op3), op5), X) -> ldiv(rdiv(sk_a, op5), op5)
(39.857143) 75. ldiv(rdiv(rdiv(X, op4), op6), X) -> ldiv(rdiv(sk_a, op6), op6)
(39.857143) 76. ldiv(rdiv(rdiv(X, sk_a), op7), X) -> ldiv(rdiv(op5, op7), op7)
(40.285713) 77. op(X, ldiv(sk_a, op(op5, sk_c))) -> op(op(X, op3), sk_c)
(40.285713) 78. op(X, ldiv(sk_b, op(op4, sk_a))) -> op(op(X, op2), sk_a)
(40.285713) 79. op(X, ldiv(sk_a, op(op6, op2))) -> op(op(X, op4), op2)
(40.285713) 80. op(?, ldiv(sk_b, op(op3, X))) -> op(op(?, sk_c), X)
(40.285713) 81. op(?, ldiv(op5, op(op7, X))) -> op(op(?, sk_a), X)
(40.285713) 82. op(?, ldiv(sk_b, op(op4, X))) -> op(op(?, op2), X)
(40.285713) 83. op(?, ldiv(sk_a, op(op5, X))) -> op(op(?, op3), X)
(35.0) 84. op(op(?, op3), sk_a) -> op(?, ldiv(sk_a, op7))
(40.285713) 85. op(?, ldiv(sk_a, op(op6, X))) -> op(op(?, op4), X)
(40.285713) 86. ldiv(op5, op(op7, ldiv(op2, X))) -> ldiv(sk_c, X)
(36.285713) 87. op(op5, ldiv(sk_c, X)) -> op(op7, ldiv(op2, X))
(35.0) 88. op(op7, ldiv(op2, op2)) -> op7
(31.0) 89. ldiv(op2, op2) -> ldiv(op7, op7)
(39.0) 90. op(op2, ldiv(op7, op7)) -> op2
(39.0) 91. rdiv(op2, ldiv(op7, op7)) -> op2
(40.285713) 92. op(sk_c, ldiv(op5, op(op7, X))) -> op(op2, X)
(36.285713) 93. op(sk_c, ldiv(op5, X)) -> op(op2, ldiv(op7, X))
(40.285713) 94. ldiv(?, op(op(?, X), sk_c)) -> ldiv(rdiv(sk_b, X), op3)
(35.0) 95. ldiv(rdiv(sk_b, sk_c), op3) -> ldiv(sk_b, op(op3, sk_c))
(35.0) 96. ldiv(rdiv(sk_b, sk_a), op3) -> ldiv(op5, op(op7, sk_c))
(35.0) 97. ldiv(rdiv(sk_b, op2), op3) -> ldiv(sk_b, op(op4, sk_c))
(35.0) 98. ldiv(rdiv(sk_b, op4), op3) -> ldiv(sk_a, op(op6, sk_c))
(40.285713) 99. ldiv(?, op(op(?, X), sk_a)) -> ldiv(rdiv(sk_c, X), op2)
(33.0) 100. ldiv(rdiv(sk_c, op3), op2) -> ldiv(sk_a, op7)
(35.0) 101. ldiv(rdiv(sk_c, sk_c), op2) -> ldiv(sk_b, op(op3, sk_a))
(35.0) 102. ldiv(rdiv(sk_c, sk_a), op2) -> ldiv(op5, op(op7, sk_a))
(35.0) 103. ldiv(rdiv(sk_c, op4), op2) -> ldiv(sk_a, op(op6, sk_a))
(35.0) 104. rdiv(op2, ldiv(sk_a, op7)) -> rdiv(sk_c, op3)
(40.285713) 105. ldiv(?, op(op(?, X), op2)) -> ldiv(rdiv(sk_b, X), op4)
(35.0) 106. ldiv(rdiv(sk_b, sk_c), op4) -> ldiv(sk_b, op(op3, op2))
(35.0) 107. ldiv(rdiv(sk_b, sk_a), op4) -> ldiv(op5, op(op7, op2))
(35.0) 108. ldiv(rdiv(sk_b, op2), op4) -> ldiv(sk_b, op(op4, op2))
(35.0) 109. ldiv(rdiv(sk_b, op3), op4) -> ldiv(sk_a, op(op5, op2))
(40.285713) 110. ldiv(?, op(op(?, X), op3)) -> ldiv(rdiv(sk_a, X), op5)
(35.0) 111. ldiv(rdiv(sk_a, sk_c), op5) -> ldiv(sk_b, op(op3, op3))
(35.0) 112. ldiv(rdiv(sk_a, sk_a), op5) -> ldiv(op5, op(op7, op3))
(35.0) 113. ldiv(rdiv(sk_a, op2), op5) -> ldiv(sk_b, op(op4, op3))
(35.0) 114. ldiv(rdiv(sk_a, op3), op5) -> ldiv(sk_a, op(op5, op3))
(35.0) 115. ldiv(rdiv(sk_a, op4), op5) -> ldiv(sk_a, op(op6, op3))
(40.285713) 116. ldiv(?, op(op(?, X), op4)) -> ldiv(rdiv(sk_a, X), op6)
(35.0) 117. ldiv(rdiv(sk_a, sk_c), op6) -> ldiv(sk_b, op(op3, op4))
(35.0) 118. ldiv(rdiv(sk_a, sk_a), op6) -> ldiv(op5, op(op7, op4))
(35.0) 119. ldiv(rdiv(sk_a, op2), op6) -> ldiv(sk_b, op(op4, op4))
(35.0) 120. ldiv(rdiv(sk_a, op3), op6) -> ldiv(sk_a, op(op5, op4))
(35.0) 121. ldiv(rdiv(sk_a, op4), op6) -> ldiv(sk_a, op(op6, op4))
(40.285713) 122. ldiv(?, op(op(?, X), sk_a)) -> ldiv(rdiv(op5, X), op7)
(34.285713) 123. ldiv(rdiv(sk_c, X), op2) -> ldiv(rdiv(op5, X), op7)
(35.0) 124. ldiv(rdiv(op5, sk_c), op7) -> ldiv(sk_b, op(op3, sk_a))
(35.0) 125. ldiv(rdiv(op5, sk_a), op7) -> ldiv(op5, op(op7, sk_a))
(35.0) 126. ldiv(rdiv(op5, op4), op7) -> ldiv(sk_a, op(op6, sk_a))
(41.0) 127. rdiv(op3, ldiv(sk_a, op(op5, sk_c))) -> rdiv(sk_b, op3)
(41.0) 128. rdiv(op2, ldiv(sk_b, op(op4, sk_a))) -> rdiv(sk_c, op2)
(41.0) 129. rdiv(op7, ldiv(sk_b, op(op4, sk_a))) -> rdiv(op5, op2)
(41.0) 130. rdiv(op4, ldiv(sk_a, op(op6, op2))) -> rdiv(sk_b, op4)
(41.0) 131. ldiv(sk_a, ldiv(rdiv(sk_a, op5), op5)) -> op(op3, op3)
(41.0) 132. ldiv(sk_a, ldiv(rdiv(sk_a, op6), op6)) -> op(op4, op4)
(41.0) 133. ldiv(op5, ldiv(rdiv(op5, op7), op7)) -> op(sk_a, sk_a)
(41.0) 134. op(rdiv(sk_c, op3), ldiv(sk_a, op7)) -> op2
(41.285713) 135. ldiv(rdiv(rdiv(X, Y), Z), X) -> ldiv(?, op(op(?, Z), Y))
(41.714287) 136. op(X, op(rdiv(Y, op(Z, Z)), Z)) -> rdiv(op(X, Y), Z)
(39.285713) 137. op(rdiv(X, op(Y, Y)), Y) -> ldiv(?, rdiv(op(?, X), Y))
(39.285713) 138. ldiv(X, rdiv(op(X, Y), Z)) ~> ldiv(?, rdiv(op(?, Y), Z))
(22.714287) 139. ldiv(X, X) ~> ldiv(?, ?)
(30.285713) 140. op(X, ldiv(?, ?)) -> X
(30.285713) 141. rdiv(X, ldiv(?, ?)) -> X
(36.0) 142. ldiv(X, rdiv(X, Y)) ~> ldiv(?, rdiv(?, Y))
(37.0) 143. ldiv(?, rdiv(?, sk_c)) -> ldiv(op3, sk_b)
(37.0) 144. ldiv(?, rdiv(?, sk_a)) -> ldiv(op2, sk_c)
(37.0) 145. ldiv(?, rdiv(?, op2)) -> ldiv(op4, sk_b)
(37.0) 146. ldiv(?, rdiv(?, op3)) -> ldiv(op5, sk_a)
(37.0) 147. ldiv(?, rdiv(?, op4)) -> ldiv(op6, sk_a)
(37.0) 148. ldiv(?, rdiv(?, sk_a)) -> ldiv(op7, op5)
(31.0) 149. ldiv(op2, sk_c) -> ldiv(op7, op5)
(38.0) 150. ldiv(op(X, Y), X) -> ldiv(?, rdiv(?, Y))
(35.0) 151. op(op2, ldiv(op7, op5)) -> sk_c
(37.0) 152. rdiv(sk_c, ldiv(op7, op5)) -> op2
(39.0) 153. op(?, ldiv(op3, sk_b)) -> rdiv(?, sk_c)
(39.0) 154. op(?, ldiv(op7, op5)) -> rdiv(?, sk_a)
(39.0) 155. op(?, ldiv(op4, sk_b)) -> rdiv(?, op2)
(39.0) 156. op(?, ldiv(op5, sk_a)) -> rdiv(?, op3)
(39.0) 157. op(?, ldiv(op6, sk_a)) -> rdiv(?, op4)
(40.285713) 158. ldiv(?, rdiv(op(?, sk_c), X)) -> ldiv(sk_b, rdiv(op3, X))
(40.285713) 159. ldiv(?, rdiv(op(?, sk_a), X)) -> ldiv(sk_c, rdiv(op2, X))
(40.285713) 160. ldiv(?, rdiv(op(?, op2), X)) -> ldiv(sk_b, rdiv(op4, X))
(40.285713) 161. ldiv(?, rdiv(op(?, op3), X)) -> ldiv(sk_a, rdiv(op5, X))
(40.285713) 162. ldiv(?, rdiv(op(?, op4), X)) -> ldiv(sk_a, rdiv(op6, X))
(40.285713) 163. ldiv(?, rdiv(op(?, sk_a), X)) -> ldiv(op5, rdiv(op7, X))
(34.285713) 164. ldiv(sk_c, rdiv(op2, X)) -> ldiv(op5, rdiv(op7, X))
(41.285713) 165. ldiv(rdiv(X, Y), rdiv(X, Z)) -> ldiv(?, rdiv(op(?, Y), Z))
(42.14286) 166. op(X, op(Y, op(ldiv(Y, Z), ldiv(Y, Z)))) -> op(op(X, Z), ldiv(Y, Z))
(42.285713) 167. op(X, ldiv(rdiv(sk_a, op5), op5)) -> op(op(X, op5), op3)
(42.285713) 168. op(X, ldiv(rdiv(sk_a, op6), op6)) -> op(op(X, op6), op4)
(42.285713) 169. op(X, ldiv(rdiv(op5, op7), op7)) -> op(op(X, op7), sk_a)
(42.285713) 170. rdiv(X, ldiv(sk_a, op(op5, sk_c))) -> rdiv(rdiv(X, sk_c), op3)
(42.285713) 171. rdiv(X, ldiv(sk_b, op(op4, sk_a))) -> rdiv(rdiv(X, sk_a), op2)
(42.285713) 172. rdiv(X, ldiv(sk_a, op(op6, op2))) -> rdiv(rdiv(X, op2), op4)
(42.285713) 173. rdiv(X, ldiv(rdiv(sk_a, op5), op5)) -> rdiv(rdiv(X, op3), op5)
(42.285713) 174. rdiv(X, ldiv(rdiv(sk_a, op6), op6)) -> rdiv(rdiv(X, op4), op6)
(42.285713) 175. rdiv(X, ldiv(rdiv(op5, op7), op7)) -> rdiv(rdiv(X, sk_a), op7)
(42.285713) 176. op(op(?, sk_c), ldiv(op3, X)) -> op(?, ldiv(sk_b, X))
(42.285713) 177. op(op(?, sk_a), ldiv(op7, X)) -> op(?, ldiv(op5, X))
(42.285713) 178. op(op(?, op2), ldiv(op4, X)) -> op(?, ldiv(sk_b, X))
(42.285713) 179. op(op(?, op3), ldiv(op5, X)) -> op(?, ldiv(sk_a, X))
(42.285713) 180. op(op(?, op4), ldiv(op6, X)) -> op(?, ldiv(sk_a, X))
(42.285713) 181. op(?, ldiv(rdiv(sk_b, X), op3)) -> op(op(?, X), sk_c)
(42.285713) 182. ldiv(rdiv(sk_b, ldiv(?, X)), op3) -> ldiv(?, op(X, sk_c))
(42.285713) 183. ldiv(rdiv(sk_b, op(X, sk_c)), op3) -> op(X, op(sk_c, sk_c))
(42.285713) 184. op(?, ldiv(rdiv(op5, X), op7)) -> op(op(?, X), sk_a)
(42.285713) 185. ldiv(rdiv(op5, ldiv(?, X)), op7) -> ldiv(?, op(X, sk_a))
(42.285713) 186. ldiv(rdiv(op5, op(X, sk_a)), op7) -> op(X, op(sk_a, sk_a))
(42.285713) 187. op(?, ldiv(rdiv(sk_b, X), op4)) -> op(op(?, X), op2)
(42.285713) 188. ldiv(rdiv(sk_b, ldiv(?, X)), op4) -> ldiv(?, op(X, op2))
(42.285713) 189. ldiv(rdiv(sk_b, op(X, op2)), op4) -> op(X, op(op2, op2))
(42.285713) 190. op(?, ldiv(rdiv(sk_a, X), op5)) -> op(op(?, X), op3)
(42.285713) 191. ldiv(rdiv(sk_a, ldiv(?, X)), op5) -> ldiv(?, op(X, op3))
(42.285713) 192. ldiv(rdiv(sk_a, op(X, op3)), op5) -> op(X, op(op3, op3))
(42.285713) 193. op(?, ldiv(rdiv(sk_a, X), op6)) -> op(op(?, X), op4)
(42.285713) 194. ldiv(rdiv(sk_a, ldiv(?, X)), op6) -> ldiv(?, op(X, op4))
(42.285713) 195. ldiv(rdiv(sk_a, op(X, op4)), op6) -> op(X, op(op4, op4))
(42.285713) 196. ldiv(rdiv(op5, ldiv(X, sk_c)), op7) -> ldiv(X, op2)
(38.285713) 197. rdiv(op5, ldiv(X, sk_c)) -> rdiv(op7, ldiv(X, op2))
(42.285713) 198. rdiv(op2, ldiv(rdiv(op5, X), op7)) -> rdiv(sk_c, X)
(38.285713) 199. rdiv(sk_c, ldiv(X, op5)) -> rdiv(op2, ldiv(X, op7))
(42.285713) 200. op(?, ldiv(sk_b, rdiv(op3, X))) -> rdiv(op(?, sk_c), X)
(42.285713) 201. op(?, ldiv(op5, rdiv(op7, X))) -> rdiv(op(?, sk_a), X)
(42.285713) 202. op(?, ldiv(sk_b, rdiv(op4, X))) -> rdiv(op(?, op2), X)
(42.285713) 203. op(?, ldiv(sk_a, rdiv(op5, X))) -> rdiv(op(?, op3), X)
(42.285713) 204. op(?, ldiv(sk_a, rdiv(op6, X))) -> rdiv(op(?, op4), X)
(42.285713) 205. op(op2, ldiv(?, rdiv(?, X))) -> rdiv(op2, X)
(38.285713) 206. op(op2, ldiv(?, X)) -> rdiv(op2, ldiv(X, ?))
(39.0) 207. op(op2, ldiv(op3, sk_b)) -> rdiv(op2, sk_c)
(39.0) 208. op(op2, ldiv(op4, sk_b)) -> rdiv(op2, op2)
(39.0) 209. op(op2, ldiv(op5, sk_a)) -> rdiv(op2, op3)
(39.0) 210. op(op2, ldiv(op6, sk_a)) -> rdiv(op2, op4)
(42.285713) 211. ldiv(op5, rdiv(op7, ldiv(X, op2))) -> ldiv(sk_c, X)
(38.285713) 212. op(op5, ldiv(sk_c, X)) -> rdiv(op7, ldiv(X, op2))
(40.285713) 213. op(op7, ldiv(op2, X)) -> rdiv(op7, ldiv(X, op2))
(42.285713) 214. ldiv(?, rdiv(op(?, X), sk_c)) -> ldiv(rdiv(op3, X), sk_b)
(37.0) 215. ldiv(rdiv(op3, sk_a), sk_b) -> ldiv(op5, rdiv(op7, sk_c))
(37.0) 216. ldiv(rdiv(op3, op2), sk_b) -> ldiv(sk_b, rdiv(op4, sk_c))
(37.0) 217. ldiv(rdiv(op3, op3), sk_b) -> ldiv(sk_a, rdiv(op5, sk_c))
(37.0) 218. ldiv(rdiv(op3, op4), sk_b) -> ldiv(sk_a, rdiv(op6, sk_c))
(42.285713) 219. ldiv(?, rdiv(op(?, X), sk_a)) -> ldiv(rdiv(op2, X), sk_c)
(37.0) 220. ldiv(rdiv(op2, sk_c), sk_c) -> ldiv(sk_b, rdiv(op3, sk_a))
(37.0) 221. ldiv(rdiv(op2, op2), sk_c) -> ldiv(sk_b, rdiv(op4, sk_a))
(37.0) 222. ldiv(rdiv(op2, op3), sk_c) -> ldiv(sk_a, rdiv(op5, sk_a))
(37.0) 223. ldiv(rdiv(op2, op4), sk_c) -> ldiv(sk_a, rdiv(op6, sk_a))
(42.285713) 224. ldiv(?, rdiv(op(?, X), op2)) -> ldiv(rdiv(op4, X), sk_b)
(37.0) 225. ldiv(rdiv(op4, sk_c), sk_b) -> ldiv(sk_b, rdiv(op3, op2))
(37.0) 226. ldiv(rdiv(op4, sk_a), sk_b) -> ldiv(op5, rdiv(op7, op2))
(37.0) 227. ldiv(rdiv(op4, op3), sk_b) -> ldiv(sk_a, rdiv(op5, op2))
(37.0) 228. ldiv(rdiv(op4, op4), sk_b) -> ldiv(sk_a, rdiv(op6, op2))
(42.285713) 229. ldiv(?, rdiv(op(?, X), op3)) -> ldiv(rdiv(op5, X), sk_a)
(37.0) 230. ldiv(rdiv(op5, sk_c), sk_a) -> ldiv(sk_b, rdiv(op3, op3))
(37.0) 231. ldiv(rdiv(op5, sk_a), sk_a) -> ldiv(op5, rdiv(op7, op3))
(37.0) 232. ldiv(rdiv(op5, op2), sk_a) -> ldiv(sk_b, rdiv(op4, op3))
(37.0) 233. ldiv(rdiv(op5, op4), sk_a) -> ldiv(sk_a, rdiv(op6, op3))
(42.285713) 234. ldiv(?, rdiv(op(?, X), op4)) -> ldiv(rdiv(op6, X), sk_a)
(37.0) 235. ldiv(rdiv(op6, sk_c), sk_a) -> ldiv(sk_b, rdiv(op3, op4))
(37.0) 236. ldiv(rdiv(op6, sk_a), sk_a) -> ldiv(op5, rdiv(op7, op4))
(37.0) 237. ldiv(rdiv(op6, op2), sk_a) -> ldiv(sk_b, rdiv(op4, op4))
(37.0) 238. ldiv(rdiv(op6, op3), sk_a) -> ldiv(sk_a, rdiv(op5, op4))
(42.285713) 239. ldiv(?, rdiv(op(?, X), sk_a)) -> ldiv(rdiv(op7, X), op5)
(36.285713) 240. ldiv(rdiv(op2, X), sk_c) -> ldiv(rdiv(op7, X), op5)
(37.0) 241. ldiv(rdiv(op7, sk_c), op5) -> ldiv(sk_b, rdiv(op3, sk_a))
(37.0) 242. ldiv(rdiv(op7, op2), op5) -> ldiv(sk_b, rdiv(op4, sk_a))
(37.0) 243. ldiv(rdiv(op7, op3), op5) -> ldiv(sk_a, rdiv(op5, sk_a))
(37.0) 244. ldiv(rdiv(op7, op4), op5) -> ldiv(sk_a, rdiv(op6, sk_a))
(43.0) 245. op(ldiv(sk_a, op(op5, sk_c)), sk_c) -> op(sk_b, op(sk_c, op(sk_c, sk_c)))
(43.0) 246. op(ldiv(sk_b, op(op4, sk_a)), sk_a) -> op(sk_c, op(sk_a, op(sk_a, sk_a)))
(43.0) 247. op(ldiv(sk_a, op(op6, op2)), op2) -> op(sk_b, op(op2, op(op2, op2)))
(43.0) 248. rdiv(op(?, ldiv(sk_a, op7)), sk_a) -> op(?, op3)
(43.0) 249. rdiv(op3, ldiv(sk_b, op(op3, sk_c))) -> rdiv(sk_b, sk_c)
(43.0) 250. rdiv(op3, ldiv(op5, op(op7, sk_c))) -> rdiv(sk_b, sk_a)
(43.0) 251. rdiv(op3, ldiv(sk_b, op(op4, sk_c))) -> rdiv(sk_b, op2)
(43.0) 252. rdiv(op3, ldiv(sk_a, op(op6, sk_c))) -> rdiv(sk_b, op4)
(43.0) 253. rdiv(op2, ldiv(sk_b, op(op3, sk_a))) -> rdiv(sk_c, sk_c)
(43.0) 254. rdiv(op2, ldiv(op5, op(op7, sk_a))) -> rdiv(sk_c, sk_a)
(43.0) 255. rdiv(op2, ldiv(sk_a, op(op6, sk_a))) -> rdiv(sk_c, op4)
(43.0) 256. rdiv(op4, ldiv(sk_b, op(op3, op2))) -> rdiv(sk_b, sk_c)
(43.0) 257. rdiv(op4, ldiv(op5, op(op7, op2))) -> rdiv(sk_b, sk_a)
(43.0) 258. rdiv(op4, ldiv(sk_b, op(op4, op2))) -> rdiv(sk_b, op2)
(43.0) 259. rdiv(op4, ldiv(sk_a, op(op5, op2))) -> rdiv(sk_b, op3)
(43.0) 260. rdiv(op5, ldiv(sk_b, op(op3, op3))) -> rdiv(sk_a, sk_c)
(43.0) 261. rdiv(op5, ldiv(op5, op(op7, op3))) -> rdiv(sk_a, sk_a)
(43.0) 262. rdiv(op5, ldiv(sk_b, op(op4, op3))) -> rdiv(sk_a, op2)
(43.0) 263. rdiv(op5, ldiv(sk_a, op(op5, op3))) -> rdiv(sk_a, op3)
(43.0) 264. rdiv(op5, ldiv(sk_a, op(op6, op3))) -> rdiv(sk_a, op4)
(43.0) 265. rdiv(op6, ldiv(sk_b, op(op3, op4))) -> rdiv(sk_a, sk_c)
(43.0) 266. rdiv(op6, ldiv(op5, op(op7, op4))) -> rdiv(sk_a, sk_a)
(43.0) 267. rdiv(op6, ldiv(sk_b, op(op4, op4))) -> rdiv(sk_a, op2)
(43.0) 268. rdiv(op6, ldiv(sk_a, op(op5, op4))) -> rdiv(sk_a, op3)
(43.0) 269. rdiv(op6, ldiv(sk_a, op(op6, op4))) -> rdiv(sk_a, op4)
(43.0) 270. rdiv(op7, ldiv(sk_b, op(op3, sk_a))) -> rdiv(op5, sk_c)
(43.0) 271. rdiv(op7, ldiv(op5, op(op7, sk_a))) -> rdiv(op5, sk_a)
(43.0) 272. rdiv(op7, ldiv(sk_a, op(op6, sk_a))) -> rdiv(op5, op4)
(43.285713) 273. ldiv(rdiv(op(X, Y), Z), X) -> ldiv(?, rdiv(op(?, Z), Y))
(43.571426) 274. ldiv(sk_c, op(op(op2, X), Y)) -> ldiv(op5, op(op(op7, X), Y))
(43.571426) 275. ldiv(sk_c, rdiv(op(op2, X), Y)) -> ldiv(op5, rdiv(op(op7, X), Y))
(43.571426) 276. op(X, ldiv(?, rdiv(?, Y))) -> rdiv(X, Y)
(38.285713) 277. op(X, ldiv(op3, sk_b)) -> rdiv(X, sk_c)
(38.285713) 278. op(X, ldiv(op7, op5)) -> rdiv(X, sk_a)
(38.285713) 279. op(X, ldiv(op4, sk_b)) -> rdiv(X, op2)
(38.285713) 280. op(X, ldiv(op5, sk_a)) -> rdiv(X, op3)
(38.285713) 281. op(X, ldiv(op6, sk_a)) -> rdiv(X, op4)
(39.57143) 282. op(X, ldiv(?, Y)) -> rdiv(X, ldiv(Y, ?))
(41.0) 283. op(op2, ldiv(op7, sk_a)) -> rdiv(sk_c, op3)
(43.0) 284. ldiv(op2, rdiv(sk_c, op3)) -> ldiv(op7, sk_a)
(43.571426) 285. ldiv(?, rdiv(?, ldiv(X, Y))) -> ldiv(Y, X)
(38.857143) 286. op(X, ldiv(Y, Z)) -> rdiv(X, ldiv(Z, Y))
(40.285713) 287. ldiv(op(op2, X), sk_c) -> ldiv(op(op7, X), op5)
(40.285713) 288. ldiv(op2, rdiv(sk_c, X)) -> ldiv(op7, rdiv(op5, X))
(40.285713) 289. rdiv(X, ldiv(op3, sk_b)) -> op(X, sk_c)
(40.285713) 290. rdiv(X, ldiv(op7, op5)) -> op(X, sk_a)
(40.285713) 291. rdiv(X, ldiv(op4, sk_b)) -> op(X, op2)
(40.285713) 292. rdiv(X, ldiv(op5, sk_a)) -> op(X, op3)
(40.285713) 293. rdiv(X, ldiv(op6, sk_a)) -> op(X, op4)
(41.0) 294. ldiv(op(op5, sk_c), sk_a) -> ldiv(op3, rdiv(sk_b, op3))
(41.0) 295. ldiv(op(op4, sk_a), sk_b) -> ldiv(op7, rdiv(op5, op2))
(41.0) 296. ldiv(op(op6, op2), sk_a) -> ldiv(op4, rdiv(sk_b, op4))
(41.0) 297. ldiv(op(op3, sk_c), sk_b) -> ldiv(op3, rdiv(sk_b, sk_c))
(41.0) 298. ldiv(op(op7, sk_c), op5) -> ldiv(op3, rdiv(sk_b, sk_a))
(41.0) 299. ldiv(op(op4, sk_c), sk_b) -> ldiv(op3, rdiv(sk_b, op2))
(41.0) 300. ldiv(op(op6, sk_c), sk_a) -> ldiv(op3, rdiv(sk_b, op4))
(41.0) 301. ldiv(op(op3, sk_a), sk_b) -> ldiv(op7, rdiv(op5, sk_c))
(41.0) 302. ldiv(op(op7, sk_a), op5) -> ldiv(op7, rdiv(op5, sk_a))
(41.0) 303. ldiv(op(op6, sk_a), sk_a) -> ldiv(op7, rdiv(op5, op4))
(41.0) 304. ldiv(op(op3, op2), sk_b) -> ldiv(op4, rdiv(sk_b, sk_c))
(41.0) 305. ldiv(op(op7, op2), op5) -> ldiv(op4, rdiv(sk_b, sk_a))
(41.0) 306. ldiv(op(op4, op2), sk_b) -> ldiv(op4, rdiv(sk_b, op2))
(41.0) 307. ldiv(op(op5, op2), sk_a) -> ldiv(op4, rdiv(sk_b, op3))
(41.0) 308. ldiv(op(op3, op3), sk_b) -> ldiv(op5, rdiv(sk_a, sk_c))
(41.0) 309. ldiv(op(op7, op3), op5) -> ldiv(op5, rdiv(sk_a, sk_a))
(41.0) 310. ldiv(op(op4, op3), sk_b) -> ldiv(op5, rdiv(sk_a, op2))
(41.0) 311. ldiv(op(op5, op3), sk_a) -> ldiv(op5, rdiv(sk_a, op3))
(41.0) 312. ldiv(op(op6, op3), sk_a) -> ldiv(op5, rdiv(sk_a, op4))
(41.0) 313. ldiv(op(op3, op4), sk_b) -> ldiv(op6, rdiv(sk_a, sk_c))
(41.0) 314. ldiv(op(op7, op4), op5) -> ldiv(op6, rdiv(sk_a, sk_a))
(41.0) 315. ldiv(op(op4, op4), sk_b) -> ldiv(op6, rdiv(sk_a, op2))
(41.0) 316. ldiv(op(op5, op4), sk_a) -> ldiv(op6, rdiv(sk_a, op3))
(41.0) 317. ldiv(op(op6, op4), sk_a) -> ldiv(op6, rdiv(sk_a, op4))
(51.0) 318. op(X, op(Y, rdiv(ldiv(Y, Z), ldiv(Z, Y)))) -> rdiv(op(X, Z), ldiv(Z, Y))
(44.285713) 319. rdiv(op(?, sk_a), ldiv(X, op2)) -> rdiv(?, ldiv(X, sk_c))
(44.285713) 320. rdiv(op7, ldiv(op(sk_c, X), op2)) -> op(op5, X)
(40.285713) 321. ldiv(op(sk_c, X), op2) -> ldiv(op(op5, X), op7)
(40.285713) 322. ldiv(op2, op(sk_c, X)) -> ldiv(op7, op(op5, X))
(44.285713) 323. rdiv(op2, ldiv(op(op5, X), op7)) -> op(sk_c, X)
(44.285713) 324. op(rdiv(?, ldiv(sk_b, X)), sk_c) -> rdiv(?, ldiv(op3, X))
(39.0) 325. op(rdiv(?, op2), sk_c) -> rdiv(?, ldiv(op3, op4))
(44.285713) 326. rdiv(op3, ldiv(?, op(X, sk_c))) -> rdiv(sk_b, ldiv(?, X))
(44.285713) 327. rdiv(op3, op(X, op(sk_c, sk_c))) -> rdiv(sk_b, op(X, sk_c))
(44.285713) 328. op(rdiv(?, ldiv(op5, X)), sk_a) -> rdiv(?, ldiv(op7, X))
(44.285713) 329. rdiv(op7, ldiv(?, op(X, sk_a))) -> rdiv(op5, ldiv(?, X))
(44.285713) 330. rdiv(op7, op(X, op(sk_a, sk_a))) -> rdiv(op5, op(X, sk_a))
(44.285713) 331. op(rdiv(?, ldiv(sk_b, X)), op2) -> rdiv(?, ldiv(op4, X))
(39.0) 332. op(rdiv(?, sk_c), op2) -> rdiv(?, ldiv(op4, op3))
(44.285713) 333. rdiv(op4, ldiv(?, op(X, op2))) -> rdiv(sk_b, ldiv(?, X))
(44.285713) 334. rdiv(op4, op(X, op(op2, op2))) -> rdiv(sk_b, op(X, op2))
(44.285713) 335. op(rdiv(?, ldiv(sk_a, X)), op3) -> rdiv(?, ldiv(op5, X))
(39.0) 336. op(rdiv(?, op4), op3) -> rdiv(?, ldiv(op5, op6))
(44.285713) 337. rdiv(op5, ldiv(?, op(X, op3))) -> rdiv(sk_a, ldiv(?, X))
(44.285713) 338. rdiv(op5, op(X, op(op3, op3))) -> rdiv(sk_a, op(X, op3))
(44.285713) 339. op(rdiv(?, ldiv(sk_a, X)), op4) -> rdiv(?, ldiv(op6, X))
(39.0) 340. op(rdiv(?, op3), op4) -> rdiv(?, ldiv(op6, op5))
(44.285713) 341. rdiv(op6, ldiv(?, op(X, op4))) -> rdiv(sk_a, ldiv(?, X))
(44.285713) 342. rdiv(op6, op(X, op(op4, op4))) -> rdiv(sk_a, op(X, op4))
(44.285713) 343. rdiv(op(?, sk_c), ldiv(X, op3)) -> rdiv(?, ldiv(X, sk_b))
(44.285713) 344. rdiv(op(?, sk_a), ldiv(X, op7)) -> rdiv(?, ldiv(X, op5))
(44.285713) 345. rdiv(op(?, op2), ldiv(X, op4)) -> rdiv(?, ldiv(X, sk_b))
(44.285713) 346. rdiv(op(?, op3), ldiv(X, op5)) -> rdiv(?, ldiv(X, sk_a))
(44.285713) 347. rdiv(op(?, op4), ldiv(X, op6)) -> rdiv(?, ldiv(X, sk_a))
(44.285713) 348. rdiv(?, ldiv(sk_b, rdiv(op3, X))) -> rdiv(op(?, X), sk_c)
(44.285713) 349. ldiv(rdiv(op3, ldiv(?, X)), sk_b) -> ldiv(?, rdiv(X, sk_c))
(44.285713) 350. rdiv(?, ldiv(op5, rdiv(op7, X))) -> rdiv(op(?, X), sk_a)
(44.285713) 351. ldiv(rdiv(op7, ldiv(?, X)), op5) -> ldiv(?, rdiv(X, sk_a))
(44.285713) 352. rdiv(?, ldiv(sk_b, rdiv(op4, X))) -> rdiv(op(?, X), op2)
(44.285713) 353. ldiv(rdiv(op4, ldiv(?, X)), sk_b) -> ldiv(?, rdiv(X, op2))
(44.285713) 354. rdiv(?, ldiv(sk_a, rdiv(op5, X))) -> rdiv(op(?, X), op3)
(44.285713) 355. ldiv(rdiv(op5, ldiv(?, X)), sk_a) -> ldiv(?, rdiv(X, op3))
(44.285713) 356. rdiv(?, ldiv(sk_a, rdiv(op6, X))) -> rdiv(op(?, X), op4)
(44.285713) 357. ldiv(rdiv(op6, ldiv(?, X)), sk_a) -> ldiv(?, rdiv(X, op4))
(44.285713) 358. ldiv(rdiv(op7, ldiv(X, op2)), op5) -> ldiv(X, sk_c)
(44.285713) 359. rdiv(?, ldiv(?, rdiv(?, X))) -> op(?, X)
(44.85714) 360. rdiv(X, ldiv(op(op(?, Y), Z), ?)) -> op(op(X, Y), Z)
(36.285713) 361. op(op(X, op3), sk_a) -> rdiv(X, ldiv(op7, sk_a))
(40.857143) 362. op(rdiv(X, ldiv(Y, ?)), Z) -> rdiv(X, ldiv(op(Y, Z), ?))
(41.285713) 363. ldiv(op(op(X, Y), Z), X) ~> ldiv(op(op(?, Y), Z), ?)
(41.571426) 364. rdiv(X, ldiv(?, rdiv(?, Y))) -> op(X, Y)
(42.285713) 365. ldiv(op(op(?, sk_c), X), ?) -> ldiv(op(op3, X), sk_b)
(42.285713) 366. ldiv(op(op(?, sk_a), X), ?) -> ldiv(op(op7, X), op5)
(42.285713) 367. ldiv(op(op(?, op2), X), ?) -> ldiv(op(op4, X), sk_b)
(42.285713) 368. ldiv(op(op(?, op3), X), ?) -> ldiv(op(op5, X), sk_a)
(42.285713) 369. ldiv(op(op(?, op4), X), ?) -> ldiv(op(op6, X), sk_a)
(43.571426) 370. ldiv(op(op(?, X), Y), ?) -> ldiv(op(?, Y), rdiv(?, X))
(43.285713) 371. ldiv(op(X, Y), rdiv(X, Z)) ~> ldiv(op(?, Y), rdiv(?, Z))
(43.0) 372. ldiv(op(?, sk_a), rdiv(?, op3)) -> ldiv(op7, sk_a)
(43.571426) 373. rdiv(op(X, sk_c), ldiv(Y, op3)) -> rdiv(X, ldiv(Y, sk_b))
(43.571426) 374. rdiv(op(X, sk_a), ldiv(Y, op7)) -> rdiv(X, ldiv(Y, op5))
(43.571426) 375. rdiv(op(X, op2), ldiv(Y, op4)) -> rdiv(X, ldiv(Y, sk_b))
(43.571426) 376. rdiv(op(X, op3), ldiv(Y, op5)) -> rdiv(X, ldiv(Y, sk_a))
(43.571426) 377. rdiv(op(X, op4), ldiv(Y, op6)) -> rdiv(X, ldiv(Y, sk_a))
(43.571426) 378. rdiv(X, ldiv(op(op3, Y), sk_b)) -> op(op(X, sk_c), Y)
(43.571426) 379. rdiv(X, ldiv(op(op7, Y), op5)) -> op(op(X, sk_a), Y)
(43.571426) 380. rdiv(X, ldiv(op(op4, Y), sk_b)) -> op(op(X, op2), Y)
(43.571426) 381. rdiv(X, ldiv(op(op5, Y), sk_a)) -> op(op(X, op3), Y)
(43.571426) 382. rdiv(X, ldiv(op(op6, Y), sk_a)) -> op(op(X, op4), Y)
(44.285713) 383. rdiv(rdiv(X, ldiv(op7, sk_a)), sk_a) -> op(X, op3)
(44.285713) 384. rdiv(rdiv(X, op3), ldiv(op7, sk_a)) -> op(X, sk_a)
(44.285713) 385. ldiv(op(?, X), rdiv(?, sk_c)) -> ldiv(op(op3, X), sk_b)
(44.285713) 386. ldiv(op(?, X), rdiv(?, sk_a)) -> ldiv(op(op7, X), op5)
(44.285713) 387. ldiv(op(?, X), rdiv(?, op2)) -> ldiv(op(op4, X), sk_b)
(44.285713) 388. ldiv(op(?, X), rdiv(?, op3)) -> ldiv(op(op5, X), sk_a)
(44.285713) 389. ldiv(op(?, X), rdiv(?, op4)) -> ldiv(op(op6, X), sk_a)
(44.285713) 390. ldiv(op(?, sk_c), rdiv(?, X)) -> ldiv(op3, rdiv(sk_b, X))
(44.285713) 391. ldiv(op(?, sk_a), rdiv(?, X)) -> ldiv(op7, rdiv(op5, X))
(44.285713) 392. ldiv(op(?, op2), rdiv(?, X)) -> ldiv(op4, rdiv(sk_b, X))
(44.285713) 393. ldiv(op(?, op3), rdiv(?, X)) -> ldiv(op5, rdiv(sk_a, X))
(44.285713) 394. ldiv(op(?, op4), rdiv(?, X)) -> ldiv(op6, rdiv(sk_a, X))
(44.85714) 395. ldiv(?, op(rdiv(?, ldiv(X, Y)), Z)) -> ldiv(Y, op(X, Z))
(40.285713) 396. ldiv(?, op(rdiv(?, sk_c), X)) -> ldiv(op3, op(sk_b, X))
(40.285713) 397. ldiv(?, op(rdiv(?, sk_a), X)) -> ldiv(op7, op(op5, X))
(40.285713) 398. ldiv(?, op(rdiv(?, op2), X)) -> ldiv(op4, op(sk_b, X))
(40.285713) 399. ldiv(?, op(rdiv(?, op3), X)) -> ldiv(op5, op(sk_a, X))
(40.285713) 400. ldiv(?, op(rdiv(?, op4), X)) -> ldiv(op6, op(sk_a, X))
(40.857143) 401. op(rdiv(?, ldiv(X, Y)), Z) -> rdiv(?, ldiv(op(X, Z), Y))
(41.285713) 402. ldiv(op(X, Y), op(X, Z)) -> ldiv(?, op(rdiv(?, Y), Z))
(41.285713) 403. ldiv(X, op(rdiv(X, Y), Z)) ~> ldiv(?, op(rdiv(?, Y), Z))
(42.285713) 404. rdiv(?, ldiv(op(sk_b, X), op3)) -> op(rdiv(?, sk_c), X)
(42.285713) 405. rdiv(?, ldiv(op(op5, X), op7)) -> op(rdiv(?, sk_a), X)
(42.285713) 406. rdiv(?, ldiv(op(sk_b, X), op4)) -> op(rdiv(?, op2), X)
(42.285713) 407. rdiv(?, ldiv(op(sk_a, X), op5)) -> op(rdiv(?, op3), X)
(42.285713) 408. rdiv(?, ldiv(op(sk_a, X), op6)) -> op(rdiv(?, op4), X)
(42.285713) 409. ldiv(?, op(rdiv(?, X), sk_c)) -> ldiv(op(sk_b, X), op3)
(37.0) 410. ldiv(op(sk_b, sk_a), op3) -> ldiv(op7, op(op5, sk_c))
(37.0) 411. ldiv(op(sk_b, op3), op3) -> ldiv(op5, op(sk_a, sk_c))
(37.0) 412. ldiv(op(sk_b, op4), op3) -> ldiv(op6, op(sk_a, sk_c))
(41.0) 413. ldiv(op(op5, sk_c), op7) -> ldiv(op3, op(sk_b, sk_a))
(41.0) 414. ldiv(op(sk_a, sk_c), op5) -> ldiv(op3, op(sk_b, op3))
(41.0) 415. ldiv(op(sk_a, sk_c), op6) -> ldiv(op3, op(sk_b, op4))
(42.285713) 416. ldiv(?, op(rdiv(?, X), sk_a)) -> ldiv(op(op5, X), op7)
(37.0) 417. ldiv(op(op5, op2), op7) -> ldiv(op4, op(sk_b, sk_a))
(37.0) 418. ldiv(op(op5, op3), op7) -> ldiv(op5, op(sk_a, sk_a))
(37.0) 419. ldiv(op(op5, op4), op7) -> ldiv(op6, op(sk_a, sk_a))
(41.0) 420. ldiv(op(sk_b, sk_a), op4) -> ldiv(op7, op(op5, op2))
(41.0) 421. ldiv(op(sk_a, sk_a), op5) -> ldiv(op7, op(op5, op3))
(41.0) 422. ldiv(op(sk_a, sk_a), op6) -> ldiv(op7, op(op5, op4))
(42.285713) 423. ldiv(?, op(rdiv(?, X), op2)) -> ldiv(op(sk_b, X), op4)
(37.0) 424. ldiv(op(sk_b, op3), op4) -> ldiv(op5, op(sk_a, op2))
(37.0) 425. ldiv(op(sk_b, op4), op4) -> ldiv(op6, op(sk_a, op2))
(41.0) 426. ldiv(op(sk_a, op2), op5) -> ldiv(op4, op(sk_b, op3))
(41.0) 427. ldiv(op(sk_a, op2), op6) -> ldiv(op4, op(sk_b, op4))
(42.285713) 428. ldiv(?, op(rdiv(?, X), op3)) -> ldiv(op(sk_a, X), op5)
(42.285713) 429. ldiv(?, op(rdiv(?, X), op4)) -> ldiv(op(sk_a, X), op6)
(43.0) 430. rdiv(rdiv(?, sk_a), op3) -> rdiv(?, ldiv(sk_a, op7))
(43.285713) 431. ldiv(op(rdiv(X, Y), Z), X) -> ldiv(?, op(rdiv(?, Z), Y))
(43.571426) 432. ldiv(op(op2, X), op(sk_c, Y)) -> ldiv(op(op7, X), op(op5, Y))
(43.571426) 433. ldiv(rdiv(sk_b, ldiv(X, Y)), op3) -> ldiv(X, op(Y, sk_c))
(43.571426) 434. ldiv(rdiv(op5, ldiv(X, Y)), op7) -> ldiv(X, op(Y, sk_a))
(43.571426) 435. ldiv(rdiv(sk_b, ldiv(X, Y)), op4) -> ldiv(X, op(Y, op2))
(43.571426) 436. ldiv(rdiv(sk_a, ldiv(X, Y)), op5) -> ldiv(X, op(Y, op3))
(43.571426) 437. ldiv(rdiv(sk_a, ldiv(X, Y)), op6) -> ldiv(X, op(Y, op4))
(44.285713) 438. ldiv(op(op5, sk_c), op(sk_a, X)) -> ldiv(op3, op(rdiv(sk_b, op3), X))
(44.285713) 439. ldiv(op(op4, sk_a), op(sk_b, X)) -> ldiv(op2, op(rdiv(sk_c, op2), X))
(44.285713) 440. ldiv(op2, op(rdiv(sk_c, op2), X)) -> ldiv(op7, op(rdiv(op5, op2), X))
(44.285713) 441. ldiv(op(op6, op2), op(sk_a, X)) -> ldiv(op4, op(rdiv(sk_b, op4), X))
(44.285713) 442. ldiv(op2, op(rdiv(sk_c, op3), X)) -> ldiv(op7, op(sk_a, X))
(44.285713) 443. rdiv(rdiv(?, sk_c), ldiv(X, sk_b)) -> rdiv(?, ldiv(X, op3))
(44.285713) 444. ldiv(op(rdiv(?, sk_c), X), ?) -> ldiv(op(sk_b, X), op3)
(44.285713) 445. rdiv(rdiv(?, sk_a), ldiv(X, op5)) -> rdiv(?, ldiv(X, op7))
(44.285713) 446. ldiv(op(rdiv(?, sk_a), X), ?) -> ldiv(op(op5, X), op7)
(44.285713) 447. rdiv(rdiv(?, op2), ldiv(X, sk_b)) -> rdiv(?, ldiv(X, op4))
(44.285713) 448. ldiv(op(rdiv(?, op2), X), ?) -> ldiv(op(sk_b, X), op4)
(44.285713) 449. rdiv(rdiv(?, op3), ldiv(X, sk_a)) -> rdiv(?, ldiv(X, op5))
(44.285713) 450. ldiv(op(rdiv(?, op3), X), ?) -> ldiv(op(sk_a, X), op5)
(44.285713) 451. rdiv(rdiv(?, op4), ldiv(X, sk_a)) -> rdiv(?, ldiv(X, op6))
(44.285713) 452. ldiv(op(rdiv(?, op4), X), ?) -> ldiv(op(sk_a, X), op6)
(44.285713) 453. rdiv(?, ldiv(op3, op(sk_b, X))) -> op(rdiv(?, X), sk_c)
(44.285713) 454. rdiv(?, ldiv(op7, op(op5, X))) -> op(rdiv(?, X), sk_a)
(44.285713) 455. rdiv(?, ldiv(op4, op(sk_b, X))) -> op(rdiv(?, X), op2)
(44.285713) 456. rdiv(?, ldiv(op5, op(sk_a, X))) -> op(rdiv(?, X), op3)
(44.285713) 457. rdiv(?, ldiv(op6, op(sk_a, X))) -> op(rdiv(?, X), op4)
(46.571426) 458. op(X, rdiv(ldiv(X, Y), ldiv(Y, X))) -> ldiv(?, rdiv(op(?, Y), ldiv(Y, X)))
(39.0) 459. op(op3, rdiv(ldiv(op3, sk_b), sk_c)) -> ldiv(rdiv(op3, sk_b), sk_b)
(39.0) 460. op(op2, rdiv(ldiv(op7, op5), sk_a)) -> ldiv(sk_b, rdiv(op3, sk_a))
(39.0) 461. op(op4, rdiv(ldiv(op4, sk_b), op2)) -> ldiv(rdiv(op4, sk_b), sk_b)
(39.0) 462. op(op5, rdiv(ldiv(op5, sk_a), op3)) -> ldiv(op5, rdiv(op7, op3))
(39.0) 463. op(op6, rdiv(ldiv(op6, sk_a), op4)) -> ldiv(op5, rdiv(op7, op4))
(39.0) 464. op(op7, rdiv(ldiv(op7, op5), sk_a)) -> ldiv(rdiv(op7, op5), op5)
(41.0) 465. ldiv(op3, ldiv(rdiv(op3, sk_b), sk_b)) -> rdiv(ldiv(op3, sk_b), sk_c)
(41.0) 466. ldiv(op2, ldiv(sk_b, rdiv(op3, sk_a))) -> rdiv(ldiv(op7, op5), sk_a)
(41.0) 467. ldiv(op4, ldiv(rdiv(op4, sk_b), sk_b)) -> rdiv(ldiv(op4, sk_b), op2)
(41.0) 468. ldiv(op5, ldiv(op5, rdiv(op7, op3))) -> rdiv(ldiv(op5, sk_a), op3)
(41.0) 469. ldiv(op6, ldiv(op5, rdiv(op7, op4))) -> rdiv(ldiv(op6, sk_a), op4)
(41.0) 470. ldiv(op7, ldiv(rdiv(op7, op5), op5)) -> rdiv(ldiv(op7, op5), sk_a)
(45.0) 471. rdiv(ldiv(sk_a, op(op5, sk_c)), op(sk_c, sk_c)) -> sk_b
(45.0) 472. rdiv(ldiv(sk_b, op(op4, sk_a)), op(sk_a, sk_a)) -> sk_c
(45.0) 473. rdiv(ldiv(sk_a, op(op6, op2)), op(op2, op2)) -> sk_b
(45.0) 474. op(ldiv(rdiv(sk_a, op5), op5), op3) -> op(sk_a, op(op3, op(op3, op3)))
(45.0) 475. op(ldiv(rdiv(sk_a, op6), op6), op4) -> op(sk_a, op(op4, op(op4, op4)))
(45.0) 476. op(ldiv(rdiv(op5, op7), op7), sk_a) -> op(op5, op(sk_a, op(sk_a, sk_a)))
(45.0) 477. ldiv(rdiv(rdiv(sk_c, op3), op5), op2) -> ldiv(rdiv(sk_a, op5), op7)
(45.0) 478. rdiv(sk_b, ldiv(op5, rdiv(op7, sk_c))) -> rdiv(op3, sk_a)
(45.0) 479. rdiv(sk_b, ldiv(sk_b, rdiv(op4, sk_c))) -> rdiv(op3, op2)
(45.0) 480. rdiv(sk_b, ldiv(sk_a, rdiv(op5, sk_c))) -> rdiv(op3, op3)
(45.0) 481. rdiv(sk_b, ldiv(sk_a, rdiv(op6, sk_c))) -> rdiv(op3, op4)
(45.0) 482. rdiv(sk_c, ldiv(sk_b, rdiv(op3, sk_a))) -> rdiv(op2, sk_c)
(45.0) 483. rdiv(sk_c, ldiv(sk_b, rdiv(op4, sk_a))) -> rdiv(op2, op2)
(45.0) 484. rdiv(sk_c, ldiv(sk_a, rdiv(op5, sk_a))) -> rdiv(op2, op3)
(45.0) 485. rdiv(sk_c, ldiv(sk_a, rdiv(op6, sk_a))) -> rdiv(op2, op4)
(45.0) 486. rdiv(sk_b, ldiv(sk_b, rdiv(op3, op2))) -> rdiv(op4, sk_c)
(45.0) 487. rdiv(sk_b, ldiv(op5, rdiv(op7, op2))) -> rdiv(op4, sk_a)
(45.0) 488. rdiv(sk_b, ldiv(sk_a, rdiv(op5, op2))) -> rdiv(op4, op3)
(45.0) 489. rdiv(sk_b, ldiv(sk_a, rdiv(op6, op2))) -> rdiv(op4, op4)
(45.0) 490. rdiv(sk_a, ldiv(sk_b, rdiv(op3, op3))) -> rdiv(op5, sk_c)
(45.0) 491. rdiv(sk_a, ldiv(op5, rdiv(op7, op3))) -> rdiv(op5, sk_a)
(45.0) 492. rdiv(sk_a, ldiv(sk_b, rdiv(op4, op3))) -> rdiv(op5, op2)
(45.0) 493. rdiv(sk_a, ldiv(sk_a, rdiv(op6, op3))) -> rdiv(op5, op4)
(45.0) 494. rdiv(sk_a, ldiv(sk_b, rdiv(op3, op4))) -> rdiv(op6, sk_c)
(45.0) 495. rdiv(sk_a, ldiv(op5, rdiv(op7, op4))) -> rdiv(op6, sk_a)
(45.0) 496. rdiv(sk_a, ldiv(sk_b, rdiv(op4, op4))) -> rdiv(op6, op2)
(45.0) 497. rdiv(sk_a, ldiv(sk_a, rdiv(op5, op4))) -> rdiv(op6, op3)
(45.0) 498. rdiv(op5, ldiv(sk_b, rdiv(op3, sk_a))) -> rdiv(op7, sk_c)
(45.0) 499. rdiv(op5, ldiv(sk_b, rdiv(op4, sk_a))) -> rdiv(op7, op2)
(45.0) 500. rdiv(op5, ldiv(sk_a, rdiv(op5, sk_a))) -> rdiv(op7, op3)
(45.0) 501. rdiv(op5, ldiv(sk_a, rdiv(op6, sk_a))) -> rdiv(op7, op4)
(45.0) 502. ldiv(op3, ldiv(sk_a, op(op5, sk_c))) -> ldiv(?, ldiv(rdiv(sk_b, ?), op3))
(45.0) 503. rdiv(op7, ldiv(op3, op(sk_b, sk_a))) -> op(op5, sk_c)
(45.0) 504. rdiv(op5, ldiv(op3, op(sk_b, op3))) -> op(sk_a, sk_c)
(45.0) 505. rdiv(op6, ldiv(op3, op(sk_b, op4))) -> op(sk_a, sk_c)
(45.0) 506. ldiv(op7, ldiv(rdiv(op5, op7), op7)) -> ldiv(?, ldiv(rdiv(op5, ?), op7))
(45.0) 507. rdiv(op3, ldiv(op7, op(op5, sk_c))) -> op(sk_b, sk_a)
(45.0) 508. rdiv(op4, ldiv(op7, op(op5, op2))) -> op(sk_b, sk_a)
(45.0) 509. rdiv(op5, ldiv(op7, op(op5, op3))) -> op(sk_a, sk_a)
(45.0) 510. rdiv(op6, ldiv(op7, op(op5, op4))) -> op(sk_a, sk_a)
(45.0) 511. ldiv(op4, ldiv(sk_a, op(op6, op2))) -> ldiv(?, ldiv(rdiv(sk_b, ?), op4))
(45.0) 512. rdiv(op7, ldiv(op4, op(sk_b, sk_a))) -> op(op5, op2)
(45.0) 513. rdiv(op5, ldiv(op4, op(sk_b, op3))) -> op(sk_a, op2)
(45.0) 514. rdiv(op6, ldiv(op4, op(sk_b, op4))) -> op(sk_a, op2)
(45.0) 515. ldiv(op5, ldiv(rdiv(sk_a, op5), op5)) -> ldiv(?, ldiv(rdiv(sk_a, ?), op5))
(45.0) 516. rdiv(op3, ldiv(op5, op(sk_a, sk_c))) -> op(sk_b, op3)
(45.0) 517. rdiv(op7, ldiv(op5, op(sk_a, sk_a))) -> op(op5, op3)
(45.0) 518. rdiv(op4, ldiv(op5, op(sk_a, op2))) -> op(sk_b, op3)
(45.0) 519. ldiv(op6, ldiv(rdiv(sk_a, op6), op6)) -> ldiv(?, ldiv(rdiv(sk_a, ?), op6))
(45.0) 520. rdiv(op3, ldiv(op6, op(sk_a, sk_c))) -> op(sk_b, op4)
(45.0) 521. rdiv(op7, ldiv(op6, op(sk_a, sk_a))) -> op(op5, op4)
(45.0) 522. rdiv(op4, ldiv(op6, op(sk_a, op2))) -> op(sk_b, op4)
(45.0) 523. ldiv(op3, op(rdiv(sk_b, op3), op4)) -> ldiv(op(op5, sk_c), op6)
(45.0) 524. ldiv(op7, op(rdiv(op5, op2), sk_c)) -> ldiv(op(op4, sk_a), op3)
(45.0) 525. ldiv(op4, op(rdiv(sk_b, op4), op3)) -> ldiv(op(op6, op2), op5)
(45.285713) 526. op(rdiv(X, op(Y, Z)), op(Y, op(Z, Z))) -> op(X, Z)
(41.714287) 527. rdiv(op(X, Y), op(Z, op(Y, Y))) -> rdiv(X, op(Z, Y))
(38.14286) 528. rdiv(rdiv(X, Y), op(Z, Y)) -> rdiv(X, op(Z, op(Y, Y)))
(38.285713) 529. rdiv(op2, op(X, op(sk_a, sk_a))) -> rdiv(sk_c, op(X, sk_a))
(44.85714) 530. rdiv(X, ldiv(?, rdiv(op(?, Y), Z))) -> rdiv(op(X, Z), Y)
(40.857143) 531. rdiv(op(X, Y), ldiv(?, Z)) -> rdiv(X, ldiv(?, rdiv(Z, Y)))
(41.571426) 532. rdiv(X, ldiv(sk_b, rdiv(op3, Y))) -> rdiv(op(X, Y), sk_c)
(41.571426) 533. rdiv(X, ldiv(op5, rdiv(op7, Y))) -> rdiv(op(X, Y), sk_a)
(41.571426) 534. rdiv(X, ldiv(sk_b, rdiv(op4, Y))) -> rdiv(op(X, Y), op2)
(41.571426) 535. rdiv(X, ldiv(sk_a, rdiv(op5, Y))) -> rdiv(op(X, Y), op3)
(41.571426) 536. rdiv(X, ldiv(sk_a, rdiv(op6, Y))) -> rdiv(op(X, Y), op4)
(42.285713) 537. rdiv(sk_b, ldiv(?, rdiv(X, sk_c))) -> rdiv(op3, ldiv(?, X))
(42.285713) 538. rdiv(sk_c, ldiv(?, rdiv(X, sk_a))) -> rdiv(op2, ldiv(?, X))
(42.285713) 539. rdiv(sk_b, ldiv(?, rdiv(X, op2))) -> rdiv(op4, ldiv(?, X))
(42.285713) 540. rdiv(sk_a, ldiv(?, rdiv(X, op3))) -> rdiv(op5, ldiv(?, X))
(42.285713) 541. rdiv(sk_a, ldiv(?, rdiv(X, op4))) -> rdiv(op6, ldiv(?, X))
(42.285713) 542. rdiv(op5, ldiv(?, rdiv(X, sk_a))) -> rdiv(op7, ldiv(?, X))
(42.285713) 543. ldiv(sk_b, rdiv(op3, ldiv(?, X))) -> ldiv(rdiv(X, sk_c), ?)
(42.285713) 544. ldiv(op5, rdiv(op7, ldiv(?, X))) -> ldiv(rdiv(X, sk_a), ?)
(42.285713) 545. ldiv(sk_b, rdiv(op4, ldiv(?, X))) -> ldiv(rdiv(X, op2), ?)
(42.285713) 546. ldiv(sk_a, rdiv(op5, ldiv(?, X))) -> ldiv(rdiv(X, op3), ?)
(42.285713) 547. ldiv(sk_a, rdiv(op6, ldiv(?, X))) -> ldiv(rdiv(X, op4), ?)
(42.857143) 548. rdiv(rdiv(X, ldiv(Y, ?)), Z) -> rdiv(X, ldiv(rdiv(Y, Z), ?))
(43.571426) 549. rdiv(X, ldiv(rdiv(op3, Y), sk_b)) -> rdiv(op(X, sk_c), Y)
(43.571426) 550. rdiv(X, ldiv(rdiv(op7, Y), op5)) -> rdiv(op(X, sk_a), Y)
(43.571426) 551. rdiv(X, ldiv(rdiv(op4, Y), sk_b)) -> rdiv(op(X, op2), Y)
(43.571426) 552. rdiv(X, ldiv(rdiv(op5, Y), sk_a)) -> rdiv(op(X, op3), Y)
(43.571426) 553. rdiv(X, ldiv(rdiv(op6, Y), sk_a)) -> rdiv(op(X, op4), Y)
(43.571426) 554. rdiv(rdiv(X, ldiv(op3, Y)), sk_c) -> rdiv(X, ldiv(sk_b, Y))
(43.571426) 555. rdiv(rdiv(X, ldiv(op7, Y)), sk_a) -> rdiv(X, ldiv(op5, Y))
(43.571426) 556. rdiv(rdiv(X, ldiv(op4, Y)), op2) -> rdiv(X, ldiv(sk_b, Y))
(43.571426) 557. rdiv(rdiv(X, ldiv(op5, Y)), op3) -> rdiv(X, ldiv(sk_a, Y))
(38.285713) 558. rdiv(rdiv(X, sk_a), op3) -> rdiv(X, ldiv(sk_a, op7))
(43.571426) 559. rdiv(rdiv(X, ldiv(op6, Y)), op4) -> rdiv(X, ldiv(sk_a, Y))
(44.285713) 560. rdiv(op2, ldiv(?, op(X, sk_a))) -> rdiv(sk_c, ldiv(?, X))
(45.0) 561. rdiv(op2, ldiv(op3, op(sk_b, sk_a))) -> op(sk_c, sk_c)
(45.0) 562. rdiv(op2, ldiv(op4, op(sk_b, sk_a))) -> op(sk_c, op2)
(45.0) 563. rdiv(op2, ldiv(op5, op(sk_a, sk_a))) -> op(sk_c, op3)
(45.0) 564. rdiv(op2, ldiv(op6, op(sk_a, sk_a))) -> op(sk_c, op4)
(45.571426) 565. ldiv(op(?, X), rdiv(?, Y)) -> ldiv(?, rdiv(rdiv(?, X), Y))
(45.285713) 566. ldiv(X, rdiv(rdiv(X, Y), Z)) ~> ldiv(?, rdiv(rdiv(?, Y), Z))
(53.571426) 567. ldiv(op(op(?, X), Y), op(?, sk_a)) -> ldiv(op(op(sk_c, X), Y), op2)
(45.571426) 568. rdiv(rdiv(X, sk_c), ldiv(Y, sk_b)) -> rdiv(X, ldiv(Y, op3))
(44.285713) 569. op(rdiv(X, sk_c), op2) -> rdiv(X, ldiv(op4, op3))
(45.571426) 570. rdiv(rdiv(X, sk_a), ldiv(Y, op5)) -> rdiv(X, ldiv(Y, op7))
(45.571426) 571. rdiv(op(X, sk_a), ldiv(Y, op2)) -> rdiv(X, ldiv(Y, sk_c))
(45.571426) 572. rdiv(rdiv(X, op2), ldiv(Y, sk_b)) -> rdiv(X, ldiv(Y, op4))
(44.285713) 573. op(rdiv(X, op2), sk_c) -> rdiv(X, ldiv(op3, op4))
(45.571426) 574. rdiv(rdiv(X, op3), ldiv(Y, sk_a)) -> rdiv(X, ldiv(Y, op5))
(44.285713) 575. op(rdiv(X, op3), op4) -> rdiv(X, ldiv(op6, op5))
(45.571426) 576. rdiv(rdiv(X, op4), ldiv(Y, sk_a)) -> rdiv(X, ldiv(Y, op6))
(40.285713) 577. op(rdiv(X, op4), op3) -> rdiv(X, ldiv(op5, op6))
(45.571426) 578. ldiv(op2, op(rdiv(sk_c, X), Y)) -> ldiv(op7, op(rdiv(op5, X), Y))
(45.571426) 579. ldiv(rdiv(op2, X), op(sk_c, Y)) -> ldiv(rdiv(op7, X), op(op5, Y))
(45.571426) 580. rdiv(op3, ldiv(X, op(Y, sk_c))) -> rdiv(sk_b, ldiv(X, Y))
(45.571426) 581. rdiv(op7, ldiv(X, op(Y, sk_a))) -> rdiv(op5, ldiv(X, Y))
(45.571426) 582. rdiv(op4, ldiv(X, op(Y, op2))) -> rdiv(sk_b, ldiv(X, Y))
(45.571426) 583. rdiv(op5, ldiv(X, op(Y, op3))) -> rdiv(sk_a, ldiv(X, Y))
(45.571426) 584. rdiv(op6, ldiv(X, op(Y, op4))) -> rdiv(sk_a, ldiv(X, Y))
(45.571426) 585. rdiv(op2, ldiv(X, op(Y, sk_a))) -> rdiv(sk_c, ldiv(X, Y))
(45.571426) 586. rdiv(rdiv(X, ldiv(op2, Y)), sk_a) -> rdiv(X, ldiv(sk_c, Y))
(45.571426) 587. rdiv(X, ldiv(sk_b, op(op3, Y))) -> rdiv(rdiv(X, Y), sk_c)
(45.571426) 588. rdiv(X, ldiv(op5, op(op7, Y))) -> rdiv(rdiv(X, Y), sk_a)
(45.571426) 589. rdiv(X, ldiv(sk_b, op(op4, Y))) -> rdiv(rdiv(X, Y), op2)
(45.571426) 590. rdiv(X, ldiv(sk_a, op(op5, Y))) -> rdiv(rdiv(X, Y), op3)
(45.571426) 591. rdiv(X, ldiv(sk_a, op(op6, Y))) -> rdiv(rdiv(X, Y), op4)
(45.571426) 592. op(rdiv(X, ldiv(sk_b, Y)), sk_c) -> rdiv(X, ldiv(op3, Y))
(45.571426) 593. op(rdiv(X, ldiv(op5, Y)), sk_a) -> rdiv(X, ldiv(op7, Y))
(45.571426) 594. op(rdiv(X, ldiv(sk_b, Y)), op2) -> rdiv(X, ldiv(op4, Y))
(45.571426) 595. op(rdiv(X, ldiv(sk_a, Y)), op3) -> rdiv(X, ldiv(op5, Y))
(45.571426) 596. op(rdiv(X, ldiv(sk_a, Y)), op4) -> rdiv(X, ldiv(op6, Y))
(46.285713) 597. ldiv(op3, rdiv(sk_b, ldiv(?, X))) -> ldiv(op(X, sk_c), ?)
(46.285713) 598. ldiv(op7, rdiv(op5, ldiv(?, X))) -> ldiv(op(X, sk_a), ?)
(46.285713) 599. ldiv(op4, rdiv(sk_b, ldiv(?, X))) -> ldiv(op(X, op2), ?)
(46.285713) 600. ldiv(op5, rdiv(sk_a, ldiv(?, X))) -> ldiv(op(X, op3), ?)
(46.285713) 601. ldiv(op6, rdiv(sk_a, ldiv(?, X))) -> ldiv(op(X, op4), ?)
(46.285713) 602. ldiv(?, rdiv(rdiv(?, X), sk_a)) -> ldiv(op(op7, X), op5)
(46.285713) 603. ldiv(?, rdiv(rdiv(?, X), sk_c)) -> ldiv(op(op3, X), sk_b)
(46.285713) 604. ldiv(?, rdiv(rdiv(?, X), op2)) -> ldiv(op(op4, X), sk_b)
(46.285713) 605. ldiv(?, rdiv(rdiv(?, X), op3)) -> ldiv(op(op5, X), sk_a)
(46.285713) 606. ldiv(?, rdiv(rdiv(?, X), op4)) -> ldiv(op(op6, X), sk_a)
(46.285713) 607. ldiv(rdiv(op3, ldiv(X, ?)), sk_b) -> ldiv(X, rdiv(?, sk_c))
(46.285713) 608. ldiv(rdiv(op7, ldiv(X, ?)), op5) -> ldiv(X, rdiv(?, sk_a))
(46.285713) 609. ldiv(rdiv(op4, ldiv(X, ?)), sk_b) -> ldiv(X, rdiv(?, op2))
(46.285713) 610. ldiv(rdiv(op5, ldiv(X, ?)), sk_a) -> ldiv(X, rdiv(?, op3))
(46.285713) 611. ldiv(rdiv(op6, ldiv(X, ?)), sk_a) -> ldiv(X, rdiv(?, op4))
(46.285713) 612. ldiv(op3, rdiv(sk_b, ldiv(X, ?))) -> ldiv(op(?, sk_c), X)
(46.285713) 613. ldiv(op7, rdiv(op5, ldiv(X, ?))) -> ldiv(op(?, sk_a), X)
(46.285713) 614. ldiv(op4, rdiv(sk_b, ldiv(X, ?))) -> ldiv(op(?, op2), X)
(46.285713) 615. ldiv(op5, rdiv(sk_a, ldiv(X, ?))) -> ldiv(op(?, op3), X)
(46.285713) 616. ldiv(op6, rdiv(sk_a, ldiv(X, ?))) -> ldiv(op(?, op4), X)
(46.285713) 617. ldiv(op(op3, sk_c), op(sk_b, X)) -> ldiv(op3, op(rdiv(sk_b, sk_c), X))
(46.285713) 618. ldiv(op(op7, sk_c), op(op5, X)) -> ldiv(op3, op(rdiv(sk_b, sk_a), X))
(46.285713) 619. ldiv(op(op4, sk_c), op(sk_b, X)) -> ldiv(op3, op(rdiv(sk_b, op2), X))
(46.285713) 620. ldiv(op(op6, sk_c), op(sk_a, X)) -> ldiv(op3, op(rdiv(sk_b, op4), X))
(46.285713) 621. ldiv(op(op3, sk_a), op(sk_b, X)) -> ldiv(op7, op(rdiv(op5, sk_c), X))
(46.285713) 622. ldiv(op(op7, sk_a), op(op5, X)) -> ldiv(op7, op(rdiv(op5, sk_a), X))
(46.285713) 623. ldiv(op(op6, sk_a), op(sk_a, X)) -> ldiv(op7, op(rdiv(op5, op4), X))
(46.285713) 624. ldiv(op(op3, op2), op(sk_b, X)) -> ldiv(op4, op(rdiv(sk_b, sk_c), X))
(46.285713) 625. ldiv(op(op7, op2), op(op5, X)) -> ldiv(op4, op(rdiv(sk_b, sk_a), X))
(46.285713) 626. ldiv(op(op4, op2), op(sk_b, X)) -> ldiv(op4, op(rdiv(sk_b, op2), X))
(46.285713) 627. ldiv(op(op5, op2), op(sk_a, X)) -> ldiv(op4, op(rdiv(sk_b, op3), X))
(46.285713) 628. ldiv(op(op3, op3), op(sk_b, X)) -> ldiv(op5, op(rdiv(sk_a, sk_c), X))
(46.285713) 629. ldiv(op(op7, op3), op(op5, X)) -> ldiv(op5, op(rdiv(sk_a, sk_a), X))
(46.285713) 630. ldiv(op(op4, op3), op(sk_b, X)) -> ldiv(op5, op(rdiv(sk_a, op2), X))
(46.285713) 631. ldiv(op(op5, op3), op(sk_a, X)) -> ldiv(op5, op(rdiv(sk_a, op3), X))
(46.285713) 632. ldiv(op(op6, op3), op(sk_a, X)) -> ldiv(op5, op(rdiv(sk_a, op4), X))
(46.285713) 633. ldiv(op(op3, op4), op(sk_b, X)) -> ldiv(op6, op(rdiv(sk_a, sk_c), X))
(46.285713) 634. ldiv(op(op7, op4), op(op5, X)) -> ldiv(op6, op(rdiv(sk_a, sk_a), X))
(46.285713) 635. ldiv(op(op4, op4), op(sk_b, X)) -> ldiv(op6, op(rdiv(sk_a, op2), X))
(46.285713) 636. ldiv(op(op5, op4), op(sk_a, X)) -> ldiv(op6, op(rdiv(sk_a, op3), X))
(46.285713) 637. ldiv(op(op6, op4), op(sk_a, X)) -> ldiv(op6, op(rdiv(sk_a, op4), X))
(46.285713) 638. rdiv(rdiv(?, sk_a), ldiv(X, sk_c)) -> rdiv(?, ldiv(X, op2))
(46.285713) 639. rdiv(op2, ldiv(op(sk_a, X), op7)) -> op(rdiv(sk_c, op3), X)
(46.285713) 640. rdiv(?, ldiv(rdiv(sk_b, X), op3)) -> rdiv(rdiv(?, sk_c), X)
(46.285713) 641. rdiv(?, ldiv(rdiv(op5, X), op7)) -> rdiv(rdiv(?, sk_a), X)
(46.285713) 642. rdiv(?, ldiv(rdiv(sk_b, X), op4)) -> rdiv(rdiv(?, op2), X)
(46.285713) 643. rdiv(?, ldiv(rdiv(sk_a, X), op5)) -> rdiv(rdiv(?, op3), X)
(46.285713) 644. rdiv(?, ldiv(rdiv(sk_a, X), op6)) -> rdiv(rdiv(?, op4), X)
(46.285713) 645. ldiv(rdiv(op(sk_c, X), sk_c), op2) -> ldiv(sk_b, op(rdiv(op3, X), sk_a))
(46.285713) 646. ldiv(rdiv(op(sk_c, X), sk_a), op2) -> ldiv(op5, op(rdiv(op7, X), sk_a))
(46.285713) 647. ldiv(rdiv(op(sk_c, X), op2), op2) -> ldiv(sk_b, op(rdiv(op4, X), sk_a))
(46.285713) 648. ldiv(rdiv(op(sk_c, X), op3), op2) -> ldiv(sk_a, op(rdiv(op5, X), sk_a))
(46.285713) 649. ldiv(rdiv(op(sk_c, X), op4), op2) -> ldiv(sk_a, op(rdiv(op6, X), sk_a))
(46.285713) 650. ldiv(rdiv(op3, ldiv(?, X)), op4) -> ldiv(?, rdiv(X, ldiv(op4, op3)))
(46.285713) 651. ldiv(rdiv(op4, ldiv(?, X)), op3) -> ldiv(?, rdiv(X, ldiv(op3, op4)))
(46.285713) 652. ldiv(rdiv(op5, ldiv(?, X)), op6) -> ldiv(?, rdiv(X, ldiv(op6, op5)))
(46.285713) 653. ldiv(rdiv(op6, ldiv(?, X)), op5) -> ldiv(?, rdiv(X, ldiv(op5, op6)))
(46.285713) 654. ldiv(rdiv(X, ldiv(sk_a, op7)), ?) -> ldiv(sk_a, rdiv(op7, ldiv(?, X)))
(46.285713) 655. ldiv(?, rdiv(rdiv(?, sk_c), X)) -> ldiv(op3, rdiv(sk_b, X))
(46.285713) 656. ldiv(?, rdiv(rdiv(?, sk_a), X)) -> ldiv(op7, rdiv(op5, X))
(46.285713) 657. ldiv(?, rdiv(rdiv(?, op2), X)) -> ldiv(op4, rdiv(sk_b, X))
(46.285713) 658. ldiv(?, rdiv(rdiv(?, op3), X)) -> ldiv(op5, rdiv(sk_a, X))
(46.285713) 659. ldiv(?, rdiv(rdiv(?, op4), X)) -> ldiv(op6, rdiv(sk_a, X))
(46.285713) 660. ldiv(op3, rdiv(sk_b, ldiv(X, op3))) -> ldiv(op(op3, sk_c), X)
(46.285713) 661. ldiv(op3, rdiv(sk_b, ldiv(X, op7))) -> ldiv(op(op7, sk_c), X)
(46.285713) 662. ldiv(op3, rdiv(sk_b, ldiv(X, op4))) -> ldiv(op(op4, sk_c), X)
(46.285713) 663. ldiv(op3, rdiv(sk_b, ldiv(X, op6))) -> ldiv(op(op6, sk_c), X)
(46.285713) 664. ldiv(op7, rdiv(op5, ldiv(X, op3))) -> ldiv(op(op3, sk_a), X)
(46.285713) 665. ldiv(op7, rdiv(op5, ldiv(X, op7))) -> ldiv(op(op7, sk_a), X)
(46.285713) 666. ldiv(op7, rdiv(op5, ldiv(X, op6))) -> ldiv(op(op6, sk_a), X)
(46.285713) 667. ldiv(op4, rdiv(sk_b, ldiv(X, op3))) -> ldiv(op(op3, op2), X)
(46.285713) 668. ldiv(op4, rdiv(sk_b, ldiv(X, op7))) -> ldiv(op(op7, op2), X)
(46.285713) 669. ldiv(op4, rdiv(sk_b, ldiv(X, op4))) -> ldiv(op(op4, op2), X)
(46.285713) 670. ldiv(op4, rdiv(sk_b, ldiv(X, op5))) -> ldiv(op(op5, op2), X)
(46.285713) 671. ldiv(op5, rdiv(sk_a, ldiv(X, op3))) -> ldiv(op(op3, op3), X)
(46.285713) 672. ldiv(op5, rdiv(sk_a, ldiv(X, op7))) -> ldiv(op(op7, op3), X)
(46.285713) 673. ldiv(op5, rdiv(sk_a, ldiv(X, op4))) -> ldiv(op(op4, op3), X)
(46.285713) 674. ldiv(op5, rdiv(sk_a, ldiv(X, op5))) -> ldiv(op(op5, op3), X)
(46.285713) 675. ldiv(op5, rdiv(sk_a, ldiv(X, op6))) -> ldiv(op(op6, op3), X)
(46.285713) 676. ldiv(op6, rdiv(sk_a, ldiv(X, op3))) -> ldiv(op(op3, op4), X)
(46.285713) 677. ldiv(op6, rdiv(sk_a, ldiv(X, op7))) -> ldiv(op(op7, op4), X)
(46.285713) 678. ldiv(op6, rdiv(sk_a, ldiv(X, op4))) -> ldiv(op(op4, op4), X)
(46.285713) 679. ldiv(op6, rdiv(sk_a, ldiv(X, op5))) -> ldiv(op(op5, op4), X)
(46.285713) 680. ldiv(op6, rdiv(sk_a, ldiv(X, op6))) -> ldiv(op(op6, op4), X)
(46.428574) 681. rdiv(op(X, Y), ldiv(Z, op(?, Y))) -> rdiv(X, ldiv(Z, ?))
(42.857143) 682. rdiv(rdiv(X, Y), ldiv(Z, ?)) -> rdiv(X, ldiv(Z, op(?, Y)))
(43.571426) 683. rdiv(sk_b, ldiv(X, rdiv(Y, sk_c))) -> rdiv(op3, ldiv(X, Y))
(43.571426) 684. rdiv(sk_c, ldiv(X, rdiv(Y, sk_a))) -> rdiv(op2, ldiv(X, Y))
(43.571426) 685. rdiv(sk_b, ldiv(X, rdiv(Y, op2))) -> rdiv(op4, ldiv(X, Y))
(43.571426) 686. rdiv(sk_a, ldiv(X, rdiv(Y, op3))) -> rdiv(op5, ldiv(X, Y))
(43.571426) 687. rdiv(sk_a, ldiv(X, rdiv(Y, op4))) -> rdiv(op6, ldiv(X, Y))
(43.571426) 688. rdiv(op5, ldiv(X, rdiv(Y, sk_a))) -> rdiv(op7, ldiv(X, Y))
(44.14286) 689. rdiv(op(X, Y), ldiv(Z, W)) -> rdiv(X, ldiv(Z, rdiv(W, Y)))
(45.571426) 690. ldiv(rdiv(op3, ldiv(X, Y)), sk_b) -> ldiv(X, rdiv(Y, sk_c))
(45.571426) 691. ldiv(sk_b, rdiv(op3, ldiv(X, Y))) -> ldiv(rdiv(Y, sk_c), X)
(45.571426) 692. ldiv(rdiv(op7, ldiv(X, Y)), op5) -> ldiv(X, rdiv(Y, sk_a))
(45.571426) 693. ldiv(op5, rdiv(op7, ldiv(X, Y))) -> ldiv(rdiv(Y, sk_a), X)
(45.571426) 694. ldiv(rdiv(op4, ldiv(X, Y)), sk_b) -> ldiv(X, rdiv(Y, op2))
(45.571426) 695. ldiv(sk_b, rdiv(op4, ldiv(X, Y))) -> ldiv(rdiv(Y, op2), X)
(45.571426) 696. ldiv(rdiv(op5, ldiv(X, Y)), sk_a) -> ldiv(X, rdiv(Y, op3))
(45.571426) 697. ldiv(sk_a, rdiv(op5, ldiv(X, Y))) -> ldiv(rdiv(Y, op3), X)
(45.571426) 698. ldiv(rdiv(op6, ldiv(X, Y)), sk_a) -> ldiv(X, rdiv(Y, op4))
(45.571426) 699. ldiv(sk_a, rdiv(op6, ldiv(X, Y))) -> ldiv(rdiv(Y, op4), X)
(46.14286) 700. rdiv(rdiv(X, ldiv(Y, Z)), W) -> rdiv(X, ldiv(rdiv(Y, W), Z))
(46.85714) 701. rdiv(ldiv(?, rdiv(op(?, X), Y)), Y) -> rdiv(X, op(Y, Y))
(34.0) 702. rdiv(X, op(X, X)) = rdiv(ldiv(?, ?), X)
(41.571426) 703. rdiv(ldiv(sk_b, rdiv(op3, X)), X) -> rdiv(sk_c, op(X, X))
(41.571426) 704. rdiv(ldiv(op5, rdiv(op7, X)), X) -> rdiv(sk_a, op(X, X))
(41.571426) 705. rdiv(ldiv(sk_b, rdiv(op4, X)), X) -> rdiv(op2, op(X, X))
(41.571426) 706. rdiv(ldiv(sk_a, rdiv(op5, X)), X) -> rdiv(op3, op(X, X))
(41.571426) 707. rdiv(ldiv(sk_a, rdiv(op6, X)), X) -> rdiv(op4, op(X, X))
(41.571426) 708. ldiv(rdiv(ldiv(?, ?), X), X) -> op(X, X)
(42.857143) 709. rdiv(ldiv(?, rdiv(X, Y)), Y) -> rdiv(ldiv(?, X), op(Y, Y))
(44.285713) 710. rdiv(ldiv(rdiv(op3, X), sk_b), sk_c) -> rdiv(X, op(sk_c, sk_c))
(44.285713) 711. rdiv(ldiv(rdiv(op7, X), op5), sk_a) -> rdiv(X, op(sk_a, sk_a))
(44.285713) 712. rdiv(ldiv(rdiv(op4, X), sk_b), op2) -> rdiv(X, op(op2, op2))
(44.285713) 713. rdiv(ldiv(rdiv(op5, X), sk_a), op3) -> rdiv(X, op(op3, op3))
(44.285713) 714. rdiv(ldiv(rdiv(op6, X), sk_a), op4) -> rdiv(X, op(op4, op4))
(45.0) 715. rdiv(ldiv(sk_a, op7), op(sk_a, sk_a)) -> rdiv(op3, sk_a)
(45.0) 716. rdiv(ldiv(?, op3), op(sk_c, sk_c)) -> rdiv(ldiv(?, sk_b), sk_c)
(45.0) 717. rdiv(ldiv(?, op2), op(sk_a, sk_a)) -> rdiv(ldiv(?, sk_c), sk_a)
(45.0) 718. rdiv(ldiv(?, op4), op(op2, op2)) -> rdiv(ldiv(?, sk_b), op2)
(45.0) 719. rdiv(ldiv(?, op5), op(op3, op3)) -> rdiv(ldiv(?, sk_a), op3)
(45.0) 720. rdiv(ldiv(?, op6), op(op4, op4)) -> rdiv(ldiv(?, sk_a), op4)
(45.0) 721. rdiv(ldiv(?, op7), op(sk_a, sk_a)) -> rdiv(ldiv(?, op5), sk_a)
(45.0) 722. rdiv(ldiv(sk_b, op(op3, op3)), op(op3, op3)) -> rdiv(sk_c, op3)
(45.0) 723. rdiv(ldiv(sk_b, op(op4, op4)), op(op4, op4)) -> rdiv(op2, op4)
(45.285713) 724. rdiv(X, op(op(X, X), X)) = rdiv(ldiv(?, ?), op(X, X))
(46.285713) 725. rdiv(ldiv(X, op3), op(sk_c, sk_c)) -> rdiv(ldiv(X, sk_b), sk_c)
(46.285713) 726. rdiv(ldiv(X, op7), op(sk_a, sk_a)) -> rdiv(ldiv(X, op5), sk_a)
(46.285713) 727. rdiv(ldiv(X, op4), op(op2, op2)) -> rdiv(ldiv(X, sk_b), op2)
(46.285713) 728. rdiv(ldiv(X, op5), op(op3, op3)) -> rdiv(ldiv(X, sk_a), op3)
(46.285713) 729. rdiv(ldiv(X, op6), op(op4, op4)) -> rdiv(ldiv(X, sk_a), op4)
(46.85714) 730. rdiv(X, ldiv(?, op(op(?, Y), Z))) -> rdiv(rdiv(X, Z), Y)
(41.571426) 731. rdiv(X, ldiv(rdiv(sk_b, Y), op3)) -> rdiv(rdiv(X, sk_c), Y)
(41.571426) 732. rdiv(X, ldiv(rdiv(op5, Y), op7)) -> rdiv(rdiv(X, sk_a), Y)
(41.571426) 733. rdiv(X, ldiv(rdiv(sk_b, Y), op4)) -> rdiv(rdiv(X, op2), Y)
(41.571426) 734. rdiv(X, ldiv(rdiv(sk_a, Y), op5)) -> rdiv(rdiv(X, op3), Y)
(41.571426) 735. rdiv(X, ldiv(rdiv(sk_a, Y), op6)) -> rdiv(rdiv(X, op4), Y)
(42.857143) 736. rdiv(rdiv(X, Y), ldiv(?, Z)) -> rdiv(X, ldiv(?, op(Z, Y)))
(44.14286) 737. rdiv(rdiv(X, Y), ldiv(Z, W)) -> rdiv(X, ldiv(Z, op(W, Y)))
(44.285713) 738. ldiv(rdiv(rdiv(sk_c, op3), X), op2) -> ldiv(rdiv(sk_a, X), op7)
(46.285713) 739. ldiv(rdiv(rdiv(sk_c, sk_c), X), op2) -> ldiv(rdiv(sk_b, X), op(op3, sk_a))
(46.285713) 740. ldiv(rdiv(op3, sk_a), rdiv(sk_b, X)) -> ldiv(sk_c, rdiv(rdiv(op2, sk_c), X))
(46.285713) 741. ldiv(rdiv(rdiv(sk_c, sk_a), X), op2) -> ldiv(rdiv(op5, X), op(op7, sk_a))
(46.285713) 742. ldiv(rdiv(rdiv(sk_c, op2), X), op2) -> ldiv(rdiv(sk_b, X), op(op4, sk_a))
(46.285713) 743. ldiv(rdiv(op4, sk_a), rdiv(sk_b, X)) -> ldiv(sk_c, rdiv(rdiv(op2, op2), X))
(46.285713) 744. ldiv(rdiv(op5, sk_a), rdiv(sk_a, X)) -> ldiv(sk_c, rdiv(rdiv(op2, op3), X))
(46.285713) 745. ldiv(rdiv(rdiv(sk_c, op4), X), op2) -> ldiv(rdiv(sk_a, X), op(op6, sk_a))
(46.285713) 746. ldiv(rdiv(op6, sk_a), rdiv(sk_a, X)) -> ldiv(sk_c, rdiv(rdiv(op2, op4), X))
(46.285713) 747. rdiv(op2, ldiv(rdiv(sk_a, X), op7)) -> rdiv(rdiv(sk_c, op3), X)
(46.285713) 748. ldiv(op(rdiv(sk_c, op3), X), op2) -> ldiv(op(sk_a, X), op7)
(47.0) 749. ldiv(rdiv(sk_b, op3), op(op3, sk_a)) -> ldiv(sk_a, op(op(op5, sk_c), sk_a))
(47.0) 750. ldiv(rdiv(op(op5, sk_c), sk_a), sk_a) -> ldiv(sk_c, rdiv(rdiv(op2, sk_c), op3))
(47.0) 751. ldiv(rdiv(op5, op2), op(op7, sk_a)) -> ldiv(sk_b, op(op(op4, sk_a), sk_a))
(47.0) 752. ldiv(rdiv(sk_b, op4), op(op4, sk_a)) -> ldiv(sk_a, op(op(op6, op2), sk_a))
(47.0) 753. ldiv(rdiv(op(op6, op2), sk_a), sk_a) -> ldiv(sk_c, rdiv(rdiv(op2, op2), op4))
(47.0) 754. rdiv(rdiv(?, ldiv(op3, op4)), sk_c) -> rdiv(?, op2)
(47.0) 755. rdiv(rdiv(?, ldiv(op4, op3)), op2) -> rdiv(?, sk_c)
(47.0) 756. rdiv(rdiv(?, ldiv(op5, op6)), op3) -> rdiv(?, op4)
(47.0) 757. rdiv(rdiv(?, ldiv(op6, op5)), op4) -> rdiv(?, op3)
(47.0) 758. ldiv(ldiv(sk_a, op(op5, sk_c)), op3) -> ldiv(?, ldiv(rdiv(op3, ?), sk_b))
(47.0) 759. ldiv(ldiv(rdiv(op5, op7), op7), op7) -> ldiv(?, ldiv(rdiv(op7, ?), op5))
(47.0) 760. ldiv(ldiv(sk_a, op(op6, op2)), op4) -> ldiv(?, ldiv(rdiv(op4, ?), sk_b))
(47.0) 761. ldiv(ldiv(rdiv(sk_a, op5), op5), op5) -> ldiv(?, ldiv(rdiv(op5, ?), sk_a))
(47.0) 762. ldiv(ldiv(rdiv(sk_a, op6), op6), op6) -> ldiv(?, ldiv(rdiv(op6, ?), sk_a))
(47.0) 763. ldiv(rdiv(sk_c, op3), op(op2, sk_c)) -> ldiv(sk_a, op(op7, sk_c))
(47.0) 764. ldiv(rdiv(sk_c, op3), op(op2, sk_a)) -> ldiv(sk_a, op(op7, sk_a))
(47.0) 765. ldiv(rdiv(sk_c, op3), op(op2, op2)) -> ldiv(sk_a, op(op7, op2))
(47.0) 766. ldiv(rdiv(sk_c, op3), op(op2, op3)) -> ldiv(sk_a, op(op7, op3))
(47.0) 767. ldiv(rdiv(sk_c, op3), op(op2, op4)) -> ldiv(sk_a, op(op7, op4))
(47.0) 768. ldiv(op2, ldiv(sk_b, op(op3, op2))) -> ldiv(op7, ldiv(rdiv(sk_b, op5), op4))
(47.0) 769. ldiv(op7, rdiv(op5, ldiv(op3, op4))) -> ldiv(op(op4, sk_a), op3)
(47.0) 770. ldiv(op4, rdiv(sk_b, ldiv(op5, op6))) -> ldiv(op(op6, op2), op5)
(47.0) 771. ldiv(op3, rdiv(sk_b, ldiv(op6, op5))) -> ldiv(op(op5, sk_c), op6)
(47.0) 772. ldiv(sk_c, ldiv(sk_b, rdiv(op3, sk_a))) -> ldiv(op5, ldiv(rdiv(op7, op5), op5))
(47.0) 773. ldiv(sk_a, rdiv(op7, ldiv(?, op2))) -> ldiv(rdiv(sk_c, op3), ?)
(47.0) 774. rdiv(sk_c, op(op(sk_c, sk_c), sk_c)) -> rdiv(ldiv(op3, sk_b), sk_c)
(47.0) 775. rdiv(sk_a, op(op(sk_a, sk_a), sk_a)) -> rdiv(ldiv(op7, op5), sk_a)
(47.0) 776. rdiv(op2, op(op(op2, op2), op2)) -> rdiv(ldiv(op4, sk_b), op2)
(47.0) 777. rdiv(op3, op(op(op3, op3), op3)) -> rdiv(ldiv(op5, sk_a), op3)
(47.0) 778. rdiv(op4, op(op(op4, op4), op4)) -> rdiv(ldiv(op6, sk_a), op4)
(47.0) 779. ldiv(rdiv(op3, sk_a), ldiv(sk_a, op7)) -> op(sk_a, sk_a)
(47.142853) 780. ldiv(rdiv(X, op(X, X)), ldiv(?, ?)) -> X
(47.285713) 781. op(rdiv(X, op(Y, op(Z, Z))), op(Y, Z)) -> rdiv(X, Z)
(55.571426) 782. ldiv(op(op(?, X), Y), rdiv(?, sk_a)) -> ldiv(op(op(op2, X), Y), sk_c)
(47.571426) 783. op(rdiv(X, ldiv(op7, sk_a)), Y) -> rdiv(X, ldiv(op(op7, Y), sk_a))
(47.571426) 784. ldiv(sk_c, op(rdiv(op2, X), Y)) -> ldiv(op5, op(rdiv(op7, X), Y))
(47.571426) 785. ldiv(op3, rdiv(sk_b, ldiv(X, Y))) -> ldiv(op(Y, sk_c), X)
(47.571426) 786. ldiv(op7, rdiv(op5, ldiv(X, Y))) -> ldiv(op(Y, sk_a), X)
(47.571426) 787. ldiv(op4, rdiv(sk_b, ldiv(X, Y))) -> ldiv(op(Y, op2), X)
(47.571426) 788. ldiv(op5, rdiv(sk_a, ldiv(X, Y))) -> ldiv(op(Y, op3), X)
(47.571426) 789. ldiv(rdiv(sk_a, ldiv(X, Y)), op7) -> ldiv(X, rdiv(Y, ldiv(op7, sk_a)))
(47.571426) 790. ldiv(op6, rdiv(sk_a, ldiv(X, Y))) -> ldiv(op(Y, op4), X)
(47.571426) 791. ldiv(op2, op(op(sk_c, X), Y)) -> ldiv(op7, op(op(op5, X), Y))
(47.571426) 792. op(rdiv(X, ldiv(sk_c, Y)), sk_a) -> rdiv(X, ldiv(op2, Y))
(47.571426) 793. rdiv(X, ldiv(op3, op(sk_b, Y))) -> op(rdiv(X, Y), sk_c)
(47.571426) 794. rdiv(X, ldiv(op3, rdiv(sk_b, Y))) -> op(op(X, Y), sk_c)
(47.571426) 795. rdiv(X, ldiv(op7, op(op5, Y))) -> op(rdiv(X, Y), sk_a)
(47.571426) 796. rdiv(X, ldiv(op7, rdiv(op5, Y))) -> op(op(X, Y), sk_a)
(47.571426) 797. rdiv(X, ldiv(op4, op(sk_b, Y))) -> op(rdiv(X, Y), op2)
(47.571426) 798. rdiv(X, ldiv(op4, rdiv(sk_b, Y))) -> op(op(X, Y), op2)
(47.571426) 799. rdiv(X, ldiv(op5, op(sk_a, Y))) -> op(rdiv(X, Y), op3)
(47.571426) 800. rdiv(X, ldiv(op5, rdiv(sk_a, Y))) -> op(op(X, Y), op3)
(47.571426) 801. rdiv(X, ldiv(op6, op(sk_a, Y))) -> op(rdiv(X, Y), op4)
(47.571426) 802. rdiv(X, ldiv(op6, rdiv(sk_a, Y))) -> op(op(X, Y), op4)
(47.571426) 803. ldiv(rdiv(op3, ldiv(X, Y)), op4) -> ldiv(X, rdiv(Y, ldiv(op4, op3)))
(47.571426) 804. ldiv(rdiv(op4, ldiv(X, Y)), op3) -> ldiv(X, rdiv(Y, ldiv(op3, op4)))
(47.571426) 805. ldiv(rdiv(op5, ldiv(X, Y)), op6) -> ldiv(X, rdiv(Y, ldiv(op6, op5)))
(47.571426) 806. ldiv(rdiv(op6, ldiv(X, Y)), op5) -> ldiv(X, rdiv(Y, ldiv(op5, op6)))
(47.571426) 807. ldiv(X, rdiv(ldiv(?, ?), X)) -> ldiv(?, rdiv(?, op(X, X)))
(48.142857) 808. op(op(ldiv(?, ?), X), op(ldiv(?, ?), X)) -> op(ldiv(?, ?), op(X, X))
(48.14286) 809. op(rdiv(X, ldiv(Y, Z)), W) -> rdiv(X, ldiv(op(Y, W), Z))
(48.285713) 810. ldiv(op(op(sk_c, sk_c), X), op2) -> ldiv(op(op3, X), op(sk_b, sk_a))
(48.285713) 811. ldiv(op(op(op2, sk_c), X), sk_c) -> ldiv(op(op3, X), rdiv(sk_b, sk_a))
(48.285713) 812. ldiv(op(op(op2, sk_a), X), sk_c) -> ldiv(op(op7, X), rdiv(op5, sk_a))
(48.285713) 813. ldiv(op(op(sk_c, op2), X), op2) -> ldiv(op(op4, X), op(sk_b, sk_a))
(48.285713) 814. ldiv(op(op(op2, op2), X), sk_c) -> ldiv(op(op4, X), rdiv(sk_b, sk_a))
(48.285713) 815. ldiv(op(op(sk_c, op3), X), op2) -> ldiv(op(op5, X), op(sk_a, sk_a))
(48.285713) 816. ldiv(op(op(op2, op3), X), sk_c) -> ldiv(op(op5, X), rdiv(sk_a, sk_a))
(48.285713) 817. ldiv(op(op(sk_c, op4), X), op2) -> ldiv(op(op6, X), op(sk_a, sk_a))
(48.285713) 818. ldiv(op(op(op2, op4), X), sk_c) -> ldiv(op(op6, X), rdiv(sk_a, sk_a))
(48.285713) 819. ldiv(rdiv(op7, sk_c), op(op5, X)) -> ldiv(sk_b, op(rdiv(op3, sk_a), X))
(48.285713) 820. ldiv(rdiv(op4, sk_c), op(sk_b, X)) -> ldiv(sk_b, op(rdiv(op3, op2), X))
(48.285713) 821. ldiv(rdiv(op5, sk_c), op(sk_a, X)) -> ldiv(sk_b, op(rdiv(op3, op3), X))
(48.285713) 822. ldiv(rdiv(op6, sk_c), op(sk_a, X)) -> ldiv(sk_b, op(rdiv(op3, op4), X))
(48.285713) 823. ldiv(rdiv(op3, sk_a), op(sk_b, X)) -> ldiv(op5, op(rdiv(op7, sk_c), X))
(48.285713) 824. ldiv(rdiv(op4, sk_a), op(sk_b, X)) -> ldiv(op5, op(rdiv(op7, op2), X))
(48.285713) 825. ldiv(rdiv(op5, sk_a), op(sk_a, X)) -> ldiv(op5, op(rdiv(op7, op3), X))
(48.285713) 826. ldiv(rdiv(op6, sk_a), op(sk_a, X)) -> ldiv(op5, op(rdiv(op7, op4), X))
(48.285713) 827. ldiv(rdiv(op3, op2), op(sk_b, X)) -> ldiv(sk_b, op(rdiv(op4, sk_c), X))
(48.285713) 828. ldiv(rdiv(op7, op2), op(op5, X)) -> ldiv(sk_b, op(rdiv(op4, sk_a), X))
(48.285713) 829. ldiv(rdiv(op5, op2), op(sk_a, X)) -> ldiv(sk_b, op(rdiv(op4, op3), X))
(48.285713) 830. ldiv(rdiv(op6, op2), op(sk_a, X)) -> ldiv(sk_b, op(rdiv(op4, op4), X))
(48.285713) 831. ldiv(rdiv(op3, op3), op(sk_b, X)) -> ldiv(sk_a, op(rdiv(op5, sk_c), X))
(48.285713) 832. ldiv(rdiv(op7, op3), op(op5, X)) -> ldiv(sk_a, op(rdiv(op5, sk_a), X))
(48.285713) 833. ldiv(rdiv(op4, op3), op(sk_b, X)) -> ldiv(sk_a, op(rdiv(op5, op2), X))
(48.285713) 834. ldiv(rdiv(op6, op3), op(sk_a, X)) -> ldiv(sk_a, op(rdiv(op5, op4), X))
(48.285713) 835. ldiv(rdiv(op3, op4), op(sk_b, X)) -> ldiv(sk_a, op(rdiv(op6, sk_c), X))
(48.285713) 836. ldiv(rdiv(op7, op4), op(op5, X)) -> ldiv(sk_a, op(rdiv(op6, sk_a), X))
(48.285713) 837. ldiv(rdiv(op4, op4), op(sk_b, X)) -> ldiv(sk_a, op(rdiv(op6, op2), X))
(48.285713) 838. ldiv(rdiv(op5, op4), op(sk_a, X)) -> ldiv(sk_a, op(rdiv(op6, op3), X))
(48.285713) 839. ldiv(op(op5, sk_c), op(op7, X)) -> ldiv(op3, op(op(sk_b, sk_a), X))
(48.285713) 840. ldiv(op(sk_a, sk_c), op(op5, X)) -> ldiv(op3, op(op(sk_b, op3), X))
(48.285713) 841. ldiv(op(sk_a, sk_c), op(op6, X)) -> ldiv(op3, op(op(sk_b, op4), X))
(48.285713) 842. ldiv(op(sk_b, sk_a), op(op4, X)) -> ldiv(op7, op(op(op5, op2), X))
(48.285713) 843. ldiv(op(sk_a, sk_a), op(op5, X)) -> ldiv(op7, op(op(op5, op3), X))
(48.285713) 844. ldiv(op(sk_a, sk_a), op(op6, X)) -> ldiv(op7, op(op(op5, op4), X))
(48.285713) 845. ldiv(op(sk_a, op2), op(op5, X)) -> ldiv(op4, op(op(sk_b, op3), X))
(48.285713) 846. ldiv(op(sk_a, op2), op(op6, X)) -> ldiv(op4, op(op(sk_b, op4), X))
(48.285713) 847. ldiv(rdiv(sk_c, X), op(op2, sk_c)) -> ldiv(rdiv(op5, X), op(op7, sk_c))
(48.285713) 848. ldiv(op(op(sk_b, sk_a), X), op3) -> ldiv(op(op7, X), op(op5, sk_c))
(48.285713) 849. ldiv(op(op(sk_b, op3), X), op3) -> ldiv(op(op5, X), op(sk_a, sk_c))
(48.285713) 850. ldiv(op(op(sk_b, op4), X), op3) -> ldiv(op(op6, X), op(sk_a, sk_c))
(48.285713) 851. ldiv(rdiv(sk_c, X), op(op2, sk_a)) -> ldiv(rdiv(op5, X), op(op7, sk_a))
(48.285713) 852. ldiv(op(op(op5, sk_c), X), op7) -> ldiv(op(op3, X), op(sk_b, sk_a))
(48.285713) 853. ldiv(op(op(op5, op2), X), op7) -> ldiv(op(op4, X), op(sk_b, sk_a))
(48.285713) 854. ldiv(op(op(op5, op3), X), op7) -> ldiv(op(op5, X), op(sk_a, sk_a))
(48.285713) 855. ldiv(op(op(op5, op4), X), op7) -> ldiv(op(op6, X), op(sk_a, sk_a))
(48.285713) 856. ldiv(rdiv(sk_c, X), op(op2, op2)) -> ldiv(rdiv(op5, X), op(op7, op2))
(48.285713) 857. ldiv(op(op(sk_b, sk_a), X), op4) -> ldiv(op(op7, X), op(op5, op2))
(48.285713) 858. ldiv(op(op(sk_b, op3), X), op4) -> ldiv(op(op5, X), op(sk_a, op2))
(48.285713) 859. ldiv(op(op(sk_b, op4), X), op4) -> ldiv(op(op6, X), op(sk_a, op2))
(48.285713) 860. ldiv(rdiv(sk_c, X), op(op2, op3)) -> ldiv(rdiv(op5, X), op(op7, op3))
(48.285713) 861. ldiv(op(op(sk_a, sk_c), X), op5) -> ldiv(op(op3, X), op(sk_b, op3))
(48.285713) 862. ldiv(op(op(sk_a, sk_a), X), op5) -> ldiv(op(op7, X), op(op5, op3))
(48.285713) 863. ldiv(op(op(sk_a, op2), X), op5) -> ldiv(op(op4, X), op(sk_b, op3))
(48.285713) 864. ldiv(rdiv(sk_c, X), op(op2, op4)) -> ldiv(rdiv(op5, X), op(op7, op4))
(48.285713) 865. ldiv(op(op(sk_a, sk_c), X), op6) -> ldiv(op(op3, X), op(sk_b, op4))
(48.285713) 866. ldiv(op(op(sk_a, sk_a), X), op6) -> ldiv(op(op7, X), op(op5, op4))
(48.285713) 867. ldiv(op(op(sk_a, op2), X), op6) -> ldiv(op(op4, X), op(sk_b, op4))
(48.285713) 868. ldiv(op2, rdiv(rdiv(sk_c, op3), X)) -> ldiv(op7, rdiv(sk_a, X))
(48.285713) 869. ldiv(rdiv(op(op2, X), sk_c), sk_c) -> ldiv(sk_b, rdiv(rdiv(op3, X), sk_a))
(48.285713) 870. ldiv(rdiv(op(sk_b, X), sk_c), op3) -> ldiv(sk_b, op(rdiv(op3, X), sk_c))
(48.285713) 871. ldiv(rdiv(op(op5, X), sk_c), op7) -> ldiv(sk_b, op(rdiv(op3, X), sk_a))
(48.285713) 872. ldiv(rdiv(op(sk_b, X), sk_c), op4) -> ldiv(sk_b, op(rdiv(op3, X), op2))
(48.285713) 873. ldiv(rdiv(op(sk_a, X), sk_c), op5) -> ldiv(sk_b, op(rdiv(op3, X), op3))
(48.285713) 874. ldiv(rdiv(op(sk_a, X), sk_c), op6) -> ldiv(sk_b, op(rdiv(op3, X), op4))
(48.285713) 875. ldiv(rdiv(op(op2, X), sk_a), sk_c) -> ldiv(op5, rdiv(rdiv(op7, X), sk_a))
(48.285713) 876. ldiv(rdiv(op(sk_b, X), sk_a), op3) -> ldiv(op5, op(rdiv(op7, X), sk_c))
(48.285713) 877. ldiv(rdiv(op(op5, X), sk_a), op7) -> ldiv(op5, op(rdiv(op7, X), sk_a))
(48.285713) 878. ldiv(rdiv(op(sk_b, X), sk_a), op4) -> ldiv(op5, op(rdiv(op7, X), op2))
(48.285713) 879. ldiv(rdiv(op(sk_a, X), sk_a), op5) -> ldiv(op5, op(rdiv(op7, X), op3))
(48.285713) 880. ldiv(rdiv(op(sk_a, X), sk_a), op6) -> ldiv(op5, op(rdiv(op7, X), op4))
(48.285713) 881. ldiv(rdiv(op(op2, X), op2), sk_c) -> ldiv(sk_b, rdiv(rdiv(op4, X), sk_a))
(48.285713) 882. ldiv(rdiv(op(sk_b, X), op2), op3) -> ldiv(sk_b, op(rdiv(op4, X), sk_c))
(48.285713) 883. ldiv(rdiv(op(op5, X), op2), op7) -> ldiv(sk_b, op(rdiv(op4, X), sk_a))
(48.285713) 884. ldiv(rdiv(op(sk_b, X), op2), op4) -> ldiv(sk_b, op(rdiv(op4, X), op2))
(48.285713) 885. ldiv(rdiv(op(sk_a, X), op2), op5) -> ldiv(sk_b, op(rdiv(op4, X), op3))
(48.285713) 886. ldiv(rdiv(op(sk_a, X), op2), op6) -> ldiv(sk_b, op(rdiv(op4, X), op4))
(48.285713) 887. ldiv(rdiv(op(op2, X), op3), sk_c) -> ldiv(sk_a, rdiv(rdiv(op5, X), sk_a))
(48.285713) 888. ldiv(rdiv(op(sk_b, X), op3), op3) -> ldiv(sk_a, op(rdiv(op5, X), sk_c))
(48.285713) 889. ldiv(rdiv(op(op5, X), op3), op7) -> ldiv(sk_a, op(rdiv(op5, X), sk_a))
(48.285713) 890. ldiv(rdiv(op(sk_b, X), op3), op4) -> ldiv(sk_a, op(rdiv(op5, X), op2))
(48.285713) 891. ldiv(rdiv(op(sk_a, X), op3), op5) -> ldiv(sk_a, op(rdiv(op5, X), op3))
(48.285713) 892. ldiv(rdiv(op(sk_a, X), op3), op6) -> ldiv(sk_a, op(rdiv(op5, X), op4))
(48.285713) 893. ldiv(rdiv(op(op2, X), op4), sk_c) -> ldiv(sk_a, rdiv(rdiv(op6, X), sk_a))
(48.285713) 894. ldiv(rdiv(op(sk_b, X), op4), op3) -> ldiv(sk_a, op(rdiv(op6, X), sk_c))
(48.285713) 895. ldiv(rdiv(op(op5, X), op4), op7) -> ldiv(sk_a, op(rdiv(op6, X), sk_a))
(48.285713) 896. ldiv(rdiv(op(sk_b, X), op4), op4) -> ldiv(sk_a, op(rdiv(op6, X), op2))
(48.285713) 897. ldiv(rdiv(op(sk_a, X), op4), op5) -> ldiv(sk_a, op(rdiv(op6, X), op3))
(48.285713) 898. ldiv(rdiv(op(sk_a, X), op4), op6) -> ldiv(sk_a, op(rdiv(op6, X), op4))
(48.285713) 899. ldiv(rdiv(op7, ldiv(?, X)), sk_a) -> ldiv(?, rdiv(X, ldiv(sk_a, op7)))
(48.285713) 900. ldiv(rdiv(op(sk_c, sk_c), X), op2) -> ldiv(rdiv(op3, X), op(sk_b, sk_a))
(48.285713) 901. ldiv(rdiv(op(op2, sk_c), X), sk_c) -> ldiv(rdiv(op3, X), rdiv(sk_b, sk_a))
(48.285713) 902. ldiv(rdiv(op(op5, sk_c), X), op7) -> ldiv(rdiv(op3, X), op(sk_b, sk_a))
(48.285713) 903. ldiv(rdiv(op(sk_a, sk_c), X), op5) -> ldiv(rdiv(op3, X), op(sk_b, op3))
(48.285713) 904. ldiv(rdiv(op(sk_a, sk_c), X), op6) -> ldiv(rdiv(op3, X), op(sk_b, op4))
(48.285713) 905. ldiv(rdiv(op(op2, sk_a), X), sk_c) -> ldiv(rdiv(op7, X), rdiv(op5, sk_a))
(48.285713) 906. ldiv(rdiv(op(sk_b, sk_a), X), op3) -> ldiv(rdiv(op7, X), op(op5, sk_c))
(48.285713) 907. ldiv(rdiv(op(sk_b, sk_a), X), op4) -> ldiv(rdiv(op7, X), op(op5, op2))
(48.285713) 908. ldiv(rdiv(op(sk_a, sk_a), X), op5) -> ldiv(rdiv(op7, X), op(op5, op3))
(48.285713) 909. ldiv(rdiv(op(sk_a, sk_a), X), op6) -> ldiv(rdiv(op7, X), op(op5, op4))
(48.285713) 910. ldiv(rdiv(op(sk_c, op2), X), op2) -> ldiv(rdiv(op4, X), op(sk_b, sk_a))
(48.285713) 911. ldiv(rdiv(op(op2, op2), X), sk_c) -> ldiv(rdiv(op4, X), rdiv(sk_b, sk_a))
(48.285713) 912. ldiv(rdiv(op(op5, op2), X), op7) -> ldiv(rdiv(op4, X), op(sk_b, sk_a))
(48.285713) 913. ldiv(rdiv(op(sk_a, op2), X), op5) -> ldiv(rdiv(op4, X), op(sk_b, op3))
(48.285713) 914. ldiv(rdiv(op(sk_a, op2), X), op6) -> ldiv(rdiv(op4, X), op(sk_b, op4))
(48.285713) 915. ldiv(rdiv(op(sk_c, op3), X), op2) -> ldiv(rdiv(op5, X), op(sk_a, sk_a))
(48.285713) 916. ldiv(rdiv(op(op2, op3), X), sk_c) -> ldiv(rdiv(op5, X), rdiv(sk_a, sk_a))
(48.285713) 917. ldiv(rdiv(op(sk_b, op3), X), op3) -> ldiv(rdiv(op5, X), op(sk_a, sk_c))
(48.285713) 918. ldiv(rdiv(op(op5, op3), X), op7) -> ldiv(rdiv(op5, X), op(sk_a, sk_a))
(48.285713) 919. ldiv(rdiv(op(sk_b, op3), X), op4) -> ldiv(rdiv(op5, X), op(sk_a, op2))
(48.285713) 920. ldiv(rdiv(op(sk_c, op4), X), op2) -> ldiv(rdiv(op6, X), op(sk_a, sk_a))
(48.285713) 921. ldiv(rdiv(op(op2, op4), X), sk_c) -> ldiv(rdiv(op6, X), rdiv(sk_a, sk_a))
(48.285713) 922. ldiv(rdiv(op(sk_b, op4), X), op3) -> ldiv(rdiv(op6, X), op(sk_a, sk_c))
(48.285713) 923. ldiv(rdiv(op(op5, op4), X), op7) -> ldiv(rdiv(op6, X), op(sk_a, sk_a))
(48.285713) 924. ldiv(rdiv(op(sk_b, op4), X), op4) -> ldiv(rdiv(op6, X), op(sk_a, op2))
(48.285713) 925. ldiv(rdiv(op7, ldiv(?, X)), op6) -> ldiv(?, rdiv(X, ldiv(op6, op7)))
(48.285713) 926. ldiv(rdiv(op6, ldiv(?, X)), op7) -> ldiv(?, rdiv(X, ldiv(op7, op6)))
(48.285713) 927. ldiv(rdiv(op7, ldiv(X, op2)), sk_a) -> ldiv(X, rdiv(sk_c, op3))
(48.285713) 928. ldiv(rdiv(op2, X), rdiv(sk_c, op3)) -> ldiv(rdiv(op7, X), sk_a)
(48.285713) 929. ldiv(sk_a, rdiv(op7, ldiv(X, op2))) -> ldiv(rdiv(sk_c, op3), X)
(48.285713) 930. ldiv(rdiv(sk_c, op3), rdiv(op2, X)) -> ldiv(sk_a, rdiv(op7, X))
(48.285713) 931. rdiv(ldiv(X, op2), op(sk_a, sk_a)) -> rdiv(ldiv(X, sk_c), sk_a)
(48.285713) 932. ldiv(rdiv(rdiv(op2, sk_c), X), sk_c) -> ldiv(rdiv(sk_b, X), rdiv(op3, sk_a))
(48.285713) 933. ldiv(rdiv(rdiv(sk_b, sk_c), X), op3) -> ldiv(rdiv(sk_b, X), op(op3, sk_c))
(48.285713) 934. ldiv(rdiv(rdiv(op5, sk_c), X), op7) -> ldiv(rdiv(sk_b, X), op(op3, sk_a))
(48.285713) 935. ldiv(rdiv(rdiv(sk_b, sk_c), X), op4) -> ldiv(rdiv(sk_b, X), op(op3, op2))
(48.285713) 936. ldiv(rdiv(rdiv(sk_a, sk_c), X), op5) -> ldiv(rdiv(sk_b, X), op(op3, op3))
(48.285713) 937. ldiv(rdiv(rdiv(sk_a, sk_c), X), op6) -> ldiv(rdiv(sk_b, X), op(op3, op4))
(48.285713) 938. ldiv(rdiv(rdiv(sk_b, sk_a), X), op3) -> ldiv(rdiv(op5, X), op(op7, sk_c))
(48.285713) 939. ldiv(rdiv(rdiv(op5, sk_a), X), op7) -> ldiv(rdiv(op5, X), op(op7, sk_a))
(48.285713) 940. ldiv(rdiv(rdiv(sk_b, sk_a), X), op4) -> ldiv(rdiv(op5, X), op(op7, op2))
(48.285713) 941. ldiv(rdiv(rdiv(sk_a, sk_a), X), op5) -> ldiv(rdiv(op5, X), op(op7, op3))
(48.285713) 942. ldiv(rdiv(rdiv(sk_a, sk_a), X), op6) -> ldiv(rdiv(op5, X), op(op7, op4))
(48.285713) 943. ldiv(rdiv(rdiv(op2, op2), X), sk_c) -> ldiv(rdiv(sk_b, X), rdiv(op4, sk_a))
(48.285713) 944. ldiv(rdiv(rdiv(sk_b, op2), X), op3) -> ldiv(rdiv(sk_b, X), op(op4, sk_c))
(48.285713) 945. ldiv(rdiv(rdiv(op5, op2), X), op7) -> ldiv(rdiv(sk_b, X), op(op4, sk_a))
(48.285713) 946. ldiv(rdiv(rdiv(sk_b, op2), X), op4) -> ldiv(rdiv(sk_b, X), op(op4, op2))
(48.285713) 947. ldiv(rdiv(rdiv(sk_a, op2), X), op5) -> ldiv(rdiv(sk_b, X), op(op4, op3))
(48.285713) 948. ldiv(rdiv(rdiv(sk_a, op2), X), op6) -> ldiv(rdiv(sk_b, X), op(op4, op4))
(48.285713) 949. ldiv(rdiv(rdiv(op2, op3), X), sk_c) -> ldiv(rdiv(sk_a, X), rdiv(op5, sk_a))
(48.285713) 950. ldiv(rdiv(rdiv(sk_b, op3), X), op3) -> ldiv(rdiv(sk_a, X), op(op5, sk_c))
(48.285713) 951. ldiv(rdiv(rdiv(sk_b, op3), X), op4) -> ldiv(rdiv(sk_a, X), op(op5, op2))
(48.285713) 952. ldiv(rdiv(rdiv(sk_a, op3), X), op5) -> ldiv(rdiv(sk_a, X), op(op5, op3))
(48.285713) 953. ldiv(rdiv(rdiv(sk_a, op3), X), op6) -> ldiv(rdiv(sk_a, X), op(op5, op4))
(48.285713) 954. ldiv(rdiv(rdiv(op2, op4), X), sk_c) -> ldiv(rdiv(sk_a, X), rdiv(op6, sk_a))
(48.285713) 955. ldiv(rdiv(rdiv(sk_b, op4), X), op3) -> ldiv(rdiv(sk_a, X), op(op6, sk_c))
(48.285713) 956. ldiv(rdiv(rdiv(op5, op4), X), op7) -> ldiv(rdiv(sk_a, X), op(op6, sk_a))
(48.285713) 957. ldiv(rdiv(rdiv(sk_b, op4), X), op4) -> ldiv(rdiv(sk_a, X), op(op6, op2))
(48.285713) 958. ldiv(rdiv(rdiv(sk_a, op4), X), op5) -> ldiv(rdiv(sk_a, X), op(op6, op3))
(48.285713) 959. ldiv(rdiv(rdiv(sk_a, op4), X), op6) -> ldiv(rdiv(sk_a, X), op(op6, op4))
(48.285713) 960. ldiv(op(rdiv(sk_c, sk_c), X), op2) -> ldiv(op(sk_b, X), op(op3, sk_a))
(48.285713) 961. ldiv(op(rdiv(sk_c, sk_a), X), op2) -> ldiv(op(op5, X), op(op7, sk_a))
(48.285713) 962. ldiv(op(rdiv(sk_c, op2), X), op2) -> ldiv(op(sk_b, X), op(op4, sk_a))
(48.285713) 963. ldiv(op(rdiv(sk_c, op4), X), op2) -> ldiv(op(sk_a, X), op(op6, sk_a))
(48.285713) 964. rdiv(X, ldiv(ldiv(op5, sk_a), sk_a)) -> ldiv(rdiv(op7, X), sk_a)
(48.285713) 965. rdiv(sk_c, ldiv(op(sk_b, X), op3)) -> op(rdiv(sk_c, sk_c), X)
(48.285713) 966. rdiv(sk_c, ldiv(op(op5, X), op7)) -> op(rdiv(sk_c, sk_a), X)
(48.285713) 967. rdiv(sk_c, ldiv(op(sk_b, X), op4)) -> op(rdiv(sk_c, op2), X)
(48.285713) 968. rdiv(sk_c, ldiv(op(sk_a, X), op6)) -> op(rdiv(sk_c, op4), X)
(48.285717) 969. op(X, op(sk_b, op(op(sk_c, sk_c), op(sk_c, sk_c)))) -> op(op(op(X, op3), sk_c), op(sk_c, sk_c))
(48.285717) 970. op(X, op(sk_c, op(op(sk_a, sk_a), op(sk_a, sk_a)))) -> op(op(op(X, op2), sk_a), op(sk_a, sk_a))
(48.285717) 971. op(X, op(sk_b, op(op(op2, op2), op(op2, op2)))) -> op(op(op(X, op4), op2), op(op2, op2))
(48.285717) 972. op(X, op(sk_a, op(op(op3, op3), op(op3, op3)))) -> op(op(op(X, op5), op3), op(op3, op3))
(48.285717) 973. op(X, op(sk_a, op(op(op4, op4), op(op4, op4)))) -> op(op(op(X, op6), op4), op(op4, op4))
(48.285717) 974. op(X, op(op5, op(op(sk_a, sk_a), op(sk_a, sk_a)))) -> op(op(op(X, op7), sk_a), op(sk_a, sk_a))
(49.571426) 975. rdiv(?, ldiv(?, op(rdiv(?, X), Y))) -> op(rdiv(?, Y), X)
(48.428574) 976. rdiv(X, ldiv(?, rdiv(Y, ldiv(X, Z)))) -> rdiv(Z, ldiv(?, Y))
(44.857143) 977. ldiv(rdiv(X, ldiv(?, Y)), Z) -> ldiv(?, rdiv(Y, ldiv(Z, X)))
(44.857143) 978. ldiv(rdiv(X, ldiv(Y, Z)), ?) -> ldiv(Y, rdiv(Z, ldiv(?, X)))
(48.14286) 979. ldiv(rdiv(X, ldiv(Y, Z)), W) -> ldiv(Y, rdiv(Z, ldiv(W, X)))
(48.428574) 980. rdiv(X, ldiv(Y, rdiv(?, ldiv(X, Z)))) -> rdiv(Z, ldiv(Y, ?))
(48.571426) 981. op(rdiv(X, Y), op(Y, op(Y, Y))) = op(ldiv(?, op(op(?, X), Y)), Y)
(48.428574) 982. op(rdiv(sk_c, X), op(X, op(X, X))) -> op(ldiv(sk_b, op(op3, X)), X)
(47.142857) 983. rdiv(ldiv(sk_b, op(op3, X)), op(X, X)) -> rdiv(sk_c, X)
(48.428574) 984. op(rdiv(sk_a, X), op(X, op(X, X))) -> op(ldiv(op5, op(op7, X)), X)
(47.142857) 985. rdiv(ldiv(op5, op(op7, X)), op(X, X)) -> rdiv(sk_a, X)
(48.428574) 986. op(rdiv(op2, X), op(X, op(X, X))) -> op(ldiv(sk_b, op(op4, X)), X)
(47.142857) 987. rdiv(ldiv(sk_b, op(op4, X)), op(X, X)) -> rdiv(op2, X)
(48.428574) 988. op(rdiv(op3, X), op(X, op(X, X))) -> op(ldiv(sk_a, op(op5, X)), X)
(47.142857) 989. rdiv(ldiv(sk_a, op(op5, X)), op(X, X)) -> rdiv(op3, X)
(48.428574) 990. op(rdiv(op4, X), op(X, op(X, X))) -> op(ldiv(sk_a, op(op6, X)), X)
(47.142857) 991. rdiv(ldiv(sk_a, op(op6, X)), op(X, X)) -> rdiv(op4, X)
(48.571426) 992. ldiv(X, op(op(op(X, Y), Z), W)) ~> ldiv(?, op(op(op(?, Y), Z), W))
(48.571426) 993. ldiv(X, rdiv(op(op(X, Y), Z), W)) ~> ldiv(?, rdiv(op(op(?, Y), Z), W))
(48.571426) 994. ldiv(X, op(rdiv(op(X, Y), Z), W)) ~> ldiv(?, op(rdiv(op(?, Y), Z), W))
(48.85714) 995. rdiv(X, ldiv(?, op(rdiv(?, Y), Z))) -> op(rdiv(X, Z), Y)
(43.571426) 996. rdiv(X, ldiv(op(sk_b, Y), op3)) -> op(rdiv(X, sk_c), Y)
(43.571426) 997. rdiv(X, ldiv(op(op5, Y), op7)) -> op(rdiv(X, sk_a), Y)
(43.571426) 998. rdiv(X, ldiv(op(sk_b, Y), op4)) -> op(rdiv(X, op2), Y)
(43.571426) 999. rdiv(X, ldiv(op(sk_a, Y), op5)) -> op(rdiv(X, op3), Y)
(43.571426) 1000. rdiv(X, ldiv(op(sk_a, Y), op6)) -> op(rdiv(X, op4), Y)
(48.285713) 1001. ldiv(op(rdiv(op2, sk_c), X), sk_c) -> ldiv(op(sk_b, X), rdiv(op3, sk_a))
(48.285713) 1002. ldiv(op(rdiv(sk_b, sk_c), X), op3) -> ldiv(op(sk_b, X), op(op3, sk_c))
(48.285713) 1003. ldiv(op(rdiv(op5, sk_c), X), op7) -> ldiv(op(sk_b, X), op(op3, sk_a))
(48.285713) 1004. ldiv(op(rdiv(sk_b, sk_c), X), op4) -> ldiv(op(sk_b, X), op(op3, op2))
(48.285713) 1005. ldiv(op(rdiv(sk_a, sk_c), X), op5) -> ldiv(op(sk_b, X), op(op3, op3))
(48.285713) 1006. ldiv(op(rdiv(sk_a, sk_c), X), op6) -> ldiv(op(sk_b, X), op(op3, op4))
(48.285713) 1007. ldiv(op(rdiv(sk_b, sk_a), X), op3) -> ldiv(op(op5, X), op(op7, sk_c))
(48.285713) 1008. ldiv(op(rdiv(op5, sk_a), X), op7) -> ldiv(op(op5, X), op(op7, sk_a))
(48.285713) 1009. ldiv(op(rdiv(sk_b, sk_a), X), op4) -> ldiv(op(op5, X), op(op7, op2))
(48.285713) 1010. ldiv(op(rdiv(sk_a, sk_a), X), op5) -> ldiv(op(op5, X), op(op7, op3))
(48.285713) 1011. ldiv(op(rdiv(sk_a, sk_a), X), op6) -> ldiv(op(op5, X), op(op7, op4))
(48.285713) 1012. ldiv(op(rdiv(op2, op2), X), sk_c) -> ldiv(op(sk_b, X), rdiv(op4, sk_a))
(48.285713) 1013. ldiv(op(rdiv(sk_b, op2), X), op3) -> ldiv(op(sk_b, X), op(op4, sk_c))
(48.285713) 1014. ldiv(op(rdiv(op5, op2), X), op7) -> ldiv(op(sk_b, X), op(op4, sk_a))
(48.285713) 1015. ldiv(op(rdiv(sk_b, op2), X), op4) -> ldiv(op(sk_b, X), op(op4, op2))
(48.285713) 1016. ldiv(op(rdiv(sk_a, op2), X), op5) -> ldiv(op(sk_b, X), op(op4, op3))
(48.285713) 1017. ldiv(op(rdiv(sk_a, op2), X), op6) -> ldiv(op(sk_b, X), op(op4, op4))
(48.285713) 1018. ldiv(op(rdiv(op2, op3), X), sk_c) -> ldiv(op(sk_a, X), rdiv(op5, sk_a))
(48.285713) 1019. ldiv(op(rdiv(sk_b, op3), X), op3) -> ldiv(op(sk_a, X), op(op5, sk_c))
(48.285713) 1020. ldiv(op(rdiv(sk_b, op3), X), op4) -> ldiv(op(sk_a, X), op(op5, op2))
(48.285713) 1021. ldiv(op(rdiv(sk_a, op3), X), op5) -> ldiv(op(sk_a, X), op(op5, op3))
(48.285713) 1022. ldiv(op(rdiv(sk_a, op3), X), op6) -> ldiv(op(sk_a, X), op(op5, op4))
(48.285713) 1023. ldiv(op(rdiv(op2, op4), X), sk_c) -> ldiv(op(sk_a, X), rdiv(op6, sk_a))
(48.285713) 1024. ldiv(op(rdiv(sk_b, op4), X), op3) -> ldiv(op(sk_a, X), op(op6, sk_c))
(48.285713) 1025. ldiv(op(rdiv(op5, op4), X), op7) -> ldiv(op(sk_a, X), op(op6, sk_a))
(48.285713) 1026. ldiv(op(rdiv(sk_b, op4), X), op4) -> ldiv(op(sk_a, X), op(op6, op2))
(48.285713) 1027. ldiv(op(rdiv(sk_a, op4), X), op5) -> ldiv(op(sk_a, X), op(op6, op3))
(48.285713) 1028. ldiv(op(rdiv(sk_a, op4), X), op6) -> ldiv(op(sk_a, X), op(op6, op4))
(48.85714) 1029. op(X, rdiv(ldiv(?, ?), op(Y, Y))) -> ldiv(?, rdiv(op(?, rdiv(X, Y)), Y))
(49.0) 1030. ldiv(rdiv(sk_b, op3), rdiv(op3, sk_a)) -> ldiv(sk_a, rdiv(op(op5, sk_c), sk_a))
(49.0) 1031. ldiv(rdiv(sk_b, op4), rdiv(op4, sk_a)) -> ldiv(sk_a, rdiv(op(op6, op2), sk_a))
(49.0) 1032. ldiv(rdiv(sk_b, op3), op(op3, sk_c)) -> ldiv(sk_a, op(op(op5, sk_c), sk_c))
(49.0) 1033. ldiv(rdiv(op5, op2), op(op7, sk_c)) -> ldiv(sk_b, op(op(op4, sk_a), sk_c))
(49.0) 1034. ldiv(rdiv(sk_b, op4), op(op4, sk_c)) -> ldiv(sk_a, op(op(op6, op2), sk_c))
(49.0) 1035. ldiv(rdiv(sk_b, sk_c), op(op3, sk_c)) -> ldiv(sk_b, op(op(op3, sk_c), sk_c))
(49.0) 1036. ldiv(rdiv(sk_b, sk_a), op(op3, sk_c)) -> ldiv(op5, op(op(op7, sk_c), sk_c))
(49.0) 1037. ldiv(rdiv(sk_b, op2), op(op3, sk_c)) -> ldiv(sk_b, op(op(op4, sk_c), sk_c))
(49.0) 1038. ldiv(rdiv(sk_b, op4), op(op3, sk_c)) -> ldiv(sk_a, op(op(op6, sk_c), sk_c))
(49.0) 1039. ldiv(rdiv(op5, sk_c), op(op7, sk_c)) -> ldiv(sk_b, op(op(op3, sk_a), sk_c))
(49.0) 1040. ldiv(rdiv(op5, sk_a), op(op7, sk_c)) -> ldiv(op5, op(op(op7, sk_a), sk_c))
(49.0) 1041. ldiv(rdiv(op5, op4), op(op7, sk_c)) -> ldiv(sk_a, op(op(op6, sk_a), sk_c))
(49.0) 1042. ldiv(rdiv(sk_b, sk_c), op(op4, sk_c)) -> ldiv(sk_b, op(op(op3, op2), sk_c))
(49.0) 1043. ldiv(rdiv(sk_b, sk_a), op(op4, sk_c)) -> ldiv(op5, op(op(op7, op2), sk_c))
(49.0) 1044. ldiv(rdiv(sk_b, op2), op(op4, sk_c)) -> ldiv(sk_b, op(op(op4, op2), sk_c))
(49.0) 1045. ldiv(rdiv(sk_b, op3), op(op4, sk_c)) -> ldiv(sk_a, op(op(op5, op2), sk_c))
(49.0) 1046. ldiv(rdiv(sk_a, sk_c), op(op5, sk_c)) -> ldiv(sk_b, op(op(op3, op3), sk_c))
(49.0) 1047. ldiv(rdiv(sk_a, sk_a), op(op5, sk_c)) -> ldiv(op5, op(op(op7, op3), sk_c))
(49.0) 1048. ldiv(rdiv(sk_a, op2), op(op5, sk_c)) -> ldiv(sk_b, op(op(op4, op3), sk_c))
(49.0) 1049. ldiv(rdiv(sk_a, op3), op(op5, sk_c)) -> ldiv(sk_a, op(op(op5, op3), sk_c))
(49.0) 1050. ldiv(rdiv(sk_a, op4), op(op5, sk_c)) -> ldiv(sk_a, op(op(op6, op3), sk_c))
(49.0) 1051. ldiv(rdiv(sk_a, sk_c), op(op6, sk_c)) -> ldiv(sk_b, op(op(op3, op4), sk_c))
(49.0) 1052. ldiv(rdiv(sk_a, sk_a), op(op6, sk_c)) -> ldiv(op5, op(op(op7, op4), sk_c))
(49.0) 1053. ldiv(rdiv(sk_a, op2), op(op6, sk_c)) -> ldiv(sk_b, op(op(op4, op4), sk_c))
(49.0) 1054. ldiv(rdiv(sk_a, op3), op(op6, sk_c)) -> ldiv(sk_a, op(op(op5, op4), sk_c))
(49.0) 1055. ldiv(rdiv(sk_a, op4), op(op6, sk_c)) -> ldiv(sk_a, op(op(op6, op4), sk_c))
(49.0) 1056. ldiv(op(sk_b, sk_a), op(op3, sk_c)) -> ldiv(op7, op(op(op5, sk_c), sk_c))
(49.0) 1057. ldiv(op(sk_b, op3), op(op3, sk_c)) -> ldiv(op5, op(op(sk_a, sk_c), sk_c))
(49.0) 1058. ldiv(op(sk_b, op4), op(op3, sk_c)) -> ldiv(op6, op(op(sk_a, sk_c), sk_c))
(49.0) 1059. ldiv(op(op5, op2), op(op7, sk_c)) -> ldiv(op4, op(op(sk_b, sk_a), sk_c))
(49.0) 1060. ldiv(op(op5, op3), op(op7, sk_c)) -> ldiv(op5, op(op(sk_a, sk_a), sk_c))
(49.0) 1061. ldiv(op(op5, op4), op(op7, sk_c)) -> ldiv(op6, op(op(sk_a, sk_a), sk_c))
(49.0) 1062. ldiv(op(sk_b, op3), op(op4, sk_c)) -> ldiv(op5, op(op(sk_a, op2), sk_c))
(49.0) 1063. ldiv(op(sk_b, op4), op(op4, sk_c)) -> ldiv(op6, op(op(sk_a, op2), sk_c))
(49.0) 1064. ldiv(rdiv(sk_b, sk_c), op(op3, sk_a)) -> ldiv(sk_b, op(op(op3, sk_c), sk_a))
(49.0) 1065. ldiv(rdiv(sk_b, sk_a), op(op3, sk_a)) -> ldiv(op5, op(op(op7, sk_c), sk_a))
(49.0) 1066. ldiv(rdiv(sk_b, op2), op(op3, sk_a)) -> ldiv(sk_b, op(op(op4, sk_c), sk_a))
(49.0) 1067. ldiv(rdiv(sk_b, op4), op(op3, sk_a)) -> ldiv(sk_a, op(op(op6, sk_c), sk_a))
(49.0) 1068. ldiv(rdiv(op5, sk_c), op(op7, sk_a)) -> ldiv(sk_b, op(op(op3, sk_a), sk_a))
(49.0) 1069. ldiv(rdiv(op5, sk_a), op(op7, sk_a)) -> ldiv(op5, op(op(op7, sk_a), sk_a))
(49.0) 1070. ldiv(rdiv(op5, op4), op(op7, sk_a)) -> ldiv(sk_a, op(op(op6, sk_a), sk_a))
(49.0) 1071. ldiv(rdiv(sk_b, sk_c), op(op4, sk_a)) -> ldiv(sk_b, op(op(op3, op2), sk_a))
(49.0) 1072. ldiv(rdiv(sk_b, sk_a), op(op4, sk_a)) -> ldiv(op5, op(op(op7, op2), sk_a))
(49.0) 1073. ldiv(rdiv(sk_b, op2), op(op4, sk_a)) -> ldiv(sk_b, op(op(op4, op2), sk_a))
(49.0) 1074. ldiv(rdiv(sk_b, op3), op(op4, sk_a)) -> ldiv(sk_a, op(op(op5, op2), sk_a))
(49.0) 1075. ldiv(rdiv(sk_a, sk_c), op(op6, sk_a)) -> ldiv(sk_b, op(op(op3, op4), sk_a))
(49.0) 1076. ldiv(rdiv(sk_a, sk_a), op(op6, sk_a)) -> ldiv(op5, op(op(op7, op4), sk_a))
(49.0) 1077. ldiv(rdiv(sk_a, op2), op(op6, sk_a)) -> ldiv(sk_b, op(op(op4, op4), sk_a))
(49.0) 1078. ldiv(rdiv(sk_a, op3), op(op6, sk_a)) -> ldiv(sk_a, op(op(op5, op4), sk_a))
(49.0) 1079. ldiv(rdiv(sk_a, op4), op(op6, sk_a)) -> ldiv(sk_a, op(op(op6, op4), sk_a))
(49.0) 1080. ldiv(op(sk_b, sk_a), op(op3, sk_a)) -> ldiv(op7, op(op(op5, sk_c), sk_a))
(49.0) 1081. ldiv(op(sk_b, op3), op(op3, sk_a)) -> ldiv(op5, op(op(sk_a, sk_c), sk_a))
(49.0) 1082. ldiv(op(sk_b, op4), op(op3, sk_a)) -> ldiv(op6, op(op(sk_a, sk_c), sk_a))
(49.0) 1083. ldiv(op(op5, op2), op(op7, sk_a)) -> ldiv(op4, op(op(sk_b, sk_a), sk_a))
(49.0) 1084. ldiv(op(op5, op3), op(op7, sk_a)) -> ldiv(op5, op(op(sk_a, sk_a), sk_a))
(49.0) 1085. ldiv(op(op5, op4), op(op7, sk_a)) -> ldiv(op6, op(op(sk_a, sk_a), sk_a))
(49.0) 1086. ldiv(op(sk_b, op3), op(op4, sk_a)) -> ldiv(op5, op(op(sk_a, op2), sk_a))
(49.0) 1087. ldiv(op(sk_b, op4), op(op4, sk_a)) -> ldiv(op6, op(op(sk_a, op2), sk_a))
(49.0) 1088. ldiv(rdiv(sk_b, op3), op(op3, op2)) -> ldiv(sk_a, op(op(op5, sk_c), op2))
(49.0) 1089. ldiv(rdiv(op5, op2), op(op7, op2)) -> ldiv(sk_b, op(op(op4, sk_a), op2))
(49.0) 1090. ldiv(rdiv(sk_b, op4), op(op4, op2)) -> ldiv(sk_a, op(op(op6, op2), op2))
(49.0) 1091. ldiv(rdiv(sk_b, sk_c), op(op3, op2)) -> ldiv(sk_b, op(op(op3, sk_c), op2))
(49.0) 1092. ldiv(rdiv(sk_b, sk_a), op(op3, op2)) -> ldiv(op5, op(op(op7, sk_c), op2))
(49.0) 1093. ldiv(rdiv(sk_b, op2), op(op3, op2)) -> ldiv(sk_b, op(op(op4, sk_c), op2))
(49.0) 1094. ldiv(rdiv(sk_b, op4), op(op3, op2)) -> ldiv(sk_a, op(op(op6, sk_c), op2))
(49.0) 1095. ldiv(rdiv(op5, sk_c), op(op7, op2)) -> ldiv(sk_b, op(op(op3, sk_a), op2))
(49.0) 1096. ldiv(rdiv(op5, sk_a), op(op7, op2)) -> ldiv(op5, op(op(op7, sk_a), op2))
(49.0) 1097. ldiv(rdiv(op5, op4), op(op7, op2)) -> ldiv(sk_a, op(op(op6, sk_a), op2))
(49.0) 1098. ldiv(rdiv(sk_b, sk_c), op(op4, op2)) -> ldiv(sk_b, op(op(op3, op2), op2))
(49.0) 1099. ldiv(rdiv(sk_b, sk_a), op(op4, op2)) -> ldiv(op5, op(op(op7, op2), op2))
(49.0) 1100. ldiv(rdiv(sk_b, op2), op(op4, op2)) -> ldiv(sk_b, op(op(op4, op2), op2))
(49.0) 1101. ldiv(rdiv(sk_b, op3), op(op4, op2)) -> ldiv(sk_a, op(op(op5, op2), op2))
(49.0) 1102. ldiv(rdiv(sk_a, sk_c), op(op5, op2)) -> ldiv(sk_b, op(op(op3, op3), op2))
(49.0) 1103. ldiv(rdiv(sk_a, sk_a), op(op5, op2)) -> ldiv(op5, op(op(op7, op3), op2))
(49.0) 1104. ldiv(rdiv(sk_a, op2), op(op5, op2)) -> ldiv(sk_b, op(op(op4, op3), op2))
(49.0) 1105. ldiv(rdiv(sk_a, op3), op(op5, op2)) -> ldiv(sk_a, op(op(op5, op3), op2))
(49.0) 1106. ldiv(rdiv(sk_a, op4), op(op5, op2)) -> ldiv(sk_a, op(op(op6, op3), op2))
(49.0) 1107. ldiv(rdiv(sk_a, sk_c), op(op6, op2)) -> ldiv(sk_b, op(op(op3, op4), op2))
(49.0) 1108. ldiv(rdiv(sk_a, sk_a), op(op6, op2)) -> ldiv(op5, op(op(op7, op4), op2))
(49.0) 1109. ldiv(rdiv(sk_a, op2), op(op6, op2)) -> ldiv(sk_b, op(op(op4, op4), op2))
(49.0) 1110. ldiv(rdiv(sk_a, op3), op(op6, op2)) -> ldiv(sk_a, op(op(op5, op4), op2))
(49.0) 1111. ldiv(rdiv(sk_a, op4), op(op6, op2)) -> ldiv(sk_a, op(op(op6, op4), op2))
(49.0) 1112. ldiv(op(sk_b, sk_a), op(op3, op2)) -> ldiv(op7, op(op(op5, sk_c), op2))
(49.0) 1113. ldiv(op(sk_b, op3), op(op3, op2)) -> ldiv(op5, op(op(sk_a, sk_c), op2))
(49.0) 1114. ldiv(op(sk_b, op4), op(op3, op2)) -> ldiv(op6, op(op(sk_a, sk_c), op2))
(49.0) 1115. ldiv(op(op5, op2), op(op7, op2)) -> ldiv(op4, op(op(sk_b, sk_a), op2))
(49.0) 1116. ldiv(op(op5, op3), op(op7, op2)) -> ldiv(op5, op(op(sk_a, sk_a), op2))
(49.0) 1117. ldiv(op(op5, op4), op(op7, op2)) -> ldiv(op6, op(op(sk_a, sk_a), op2))
(49.0) 1118. ldiv(op(sk_b, op3), op(op4, op2)) -> ldiv(op5, op(op(sk_a, op2), op2))
(49.0) 1119. ldiv(op(sk_b, op4), op(op4, op2)) -> ldiv(op6, op(op(sk_a, op2), op2))
(49.0) 1120. ldiv(rdiv(sk_b, op3), op(op3, op3)) -> ldiv(sk_a, op(op(op5, sk_c), op3))
(49.0) 1121. ldiv(rdiv(op5, op2), op(op7, op3)) -> ldiv(sk_b, op(op(op4, sk_a), op3))
(49.0) 1122. ldiv(rdiv(sk_b, op4), op(op4, op3)) -> ldiv(sk_a, op(op(op6, op2), op3))
(49.0) 1123. ldiv(rdiv(sk_b, sk_c), op(op3, op3)) -> ldiv(sk_b, op(op(op3, sk_c), op3))
(49.0) 1124. ldiv(rdiv(sk_b, sk_a), op(op3, op3)) -> ldiv(op5, op(op(op7, sk_c), op3))
(49.0) 1125. ldiv(rdiv(sk_b, op2), op(op3, op3)) -> ldiv(sk_b, op(op(op4, sk_c), op3))
(49.0) 1126. ldiv(rdiv(sk_b, op4), op(op3, op3)) -> ldiv(sk_a, op(op(op6, sk_c), op3))
(49.0) 1127. ldiv(rdiv(op5, sk_c), op(op7, op3)) -> ldiv(sk_b, op(op(op3, sk_a), op3))
(49.0) 1128. ldiv(rdiv(op5, sk_a), op(op7, op3)) -> ldiv(op5, op(op(op7, sk_a), op3))
(49.0) 1129. ldiv(rdiv(op5, op4), op(op7, op3)) -> ldiv(sk_a, op(op(op6, sk_a), op3))
(49.0) 1130. ldiv(rdiv(sk_b, sk_c), op(op4, op3)) -> ldiv(sk_b, op(op(op3, op2), op3))
(49.0) 1131. ldiv(rdiv(sk_b, sk_a), op(op4, op3)) -> ldiv(op5, op(op(op7, op2), op3))
(49.0) 1132. ldiv(rdiv(sk_b, op2), op(op4, op3)) -> ldiv(sk_b, op(op(op4, op2), op3))
(49.0) 1133. ldiv(rdiv(sk_b, op3), op(op4, op3)) -> ldiv(sk_a, op(op(op5, op2), op3))
(49.0) 1134. ldiv(rdiv(sk_a, sk_c), op(op5, op3)) -> ldiv(sk_b, op(op(op3, op3), op3))
(49.0) 1135. ldiv(rdiv(sk_a, sk_a), op(op5, op3)) -> ldiv(op5, op(op(op7, op3), op3))
(49.0) 1136. ldiv(rdiv(sk_a, op2), op(op5, op3)) -> ldiv(sk_b, op(op(op4, op3), op3))
(49.0) 1137. ldiv(rdiv(sk_a, op3), op(op5, op3)) -> ldiv(sk_a, op(op(op5, op3), op3))
(49.0) 1138. ldiv(rdiv(sk_a, op4), op(op5, op3)) -> ldiv(sk_a, op(op(op6, op3), op3))
(49.0) 1139. ldiv(rdiv(sk_a, sk_c), op(op6, op3)) -> ldiv(sk_b, op(op(op3, op4), op3))
(49.0) 1140. ldiv(rdiv(sk_a, sk_a), op(op6, op3)) -> ldiv(op5, op(op(op7, op4), op3))
(49.0) 1141. ldiv(rdiv(sk_a, op2), op(op6, op3)) -> ldiv(sk_b, op(op(op4, op4), op3))
(49.0) 1142. ldiv(rdiv(sk_a, op3), op(op6, op3)) -> ldiv(sk_a, op(op(op5, op4), op3))
(49.0) 1143. ldiv(rdiv(sk_a, op4), op(op6, op3)) -> ldiv(sk_a, op(op(op6, op4), op3))
(49.0) 1144. ldiv(op(sk_b, sk_a), op(op3, op3)) -> ldiv(op7, op(op(op5, sk_c), op3))
(49.0) 1145. ldiv(op(sk_b, op3), op(op3, op3)) -> ldiv(op5, op(op(sk_a, sk_c), op3))
(49.0) 1146. ldiv(op(sk_b, op4), op(op3, op3)) -> ldiv(op6, op(op(sk_a, sk_c), op3))
(49.0) 1147. ldiv(op(op5, op2), op(op7, op3)) -> ldiv(op4, op(op(sk_b, sk_a), op3))
(49.0) 1148. ldiv(op(op5, op3), op(op7, op3)) -> ldiv(op5, op(op(sk_a, sk_a), op3))
(49.0) 1149. ldiv(op(op5, op4), op(op7, op3)) -> ldiv(op6, op(op(sk_a, sk_a), op3))
(49.0) 1150. ldiv(op(sk_b, op3), op(op4, op3)) -> ldiv(op5, op(op(sk_a, op2), op3))
(49.0) 1151. ldiv(op(sk_b, op4), op(op4, op3)) -> ldiv(op6, op(op(sk_a, op2), op3))
(49.0) 1152. ldiv(rdiv(sk_b, op3), op(op3, op4)) -> ldiv(sk_a, op(op(op5, sk_c), op4))
(49.0) 1153. ldiv(rdiv(op5, op2), op(op7, op4)) -> ldiv(sk_b, op(op(op4, sk_a), op4))
(49.0) 1154. ldiv(rdiv(sk_b, op4), op(op4, op4)) -> ldiv(sk_a, op(op(op6, op2), op4))
(49.0) 1155. ldiv(rdiv(sk_b, sk_c), op(op3, op4)) -> ldiv(sk_b, op(op(op3, sk_c), op4))
(49.0) 1156. ldiv(rdiv(sk_b, sk_a), op(op3, op4)) -> ldiv(op5, op(op(op7, sk_c), op4))
(49.0) 1157. ldiv(rdiv(sk_b, op2), op(op3, op4)) -> ldiv(sk_b, op(op(op4, sk_c), op4))
(49.0) 1158. ldiv(rdiv(sk_b, op4), op(op3, op4)) -> ldiv(sk_a, op(op(op6, sk_c), op4))
(49.0) 1159. ldiv(rdiv(op5, sk_c), op(op7, op4)) -> ldiv(sk_b, op(op(op3, sk_a), op4))
(49.0) 1160. ldiv(rdiv(op5, sk_a), op(op7, op4)) -> ldiv(op5, op(op(op7, sk_a), op4))
(49.0) 1161. ldiv(rdiv(op5, op4), op(op7, op4)) -> ldiv(sk_a, op(op(op6, sk_a), op4))
(49.0) 1162. ldiv(rdiv(sk_b, sk_c), op(op4, op4)) -> ldiv(sk_b, op(op(op3, op2), op4))
(49.0) 1163. ldiv(rdiv(sk_b, sk_a), op(op4, op4)) -> ldiv(op5, op(op(op7, op2), op4))
(49.0) 1164. ldiv(rdiv(sk_b, op2), op(op4, op4)) -> ldiv(sk_b, op(op(op4, op2), op4))
(49.0) 1165. ldiv(rdiv(sk_b, op3), op(op4, op4)) -> ldiv(sk_a, op(op(op5, op2), op4))
(49.0) 1166. ldiv(rdiv(sk_a, sk_c), op(op5, op4)) -> ldiv(sk_b, op(op(op3, op3), op4))
(49.0) 1167. ldiv(rdiv(sk_a, sk_a), op(op5, op4)) -> ldiv(op5, op(op(op7, op3), op4))
(49.0) 1168. ldiv(rdiv(sk_a, op2), op(op5, op4)) -> ldiv(sk_b, op(op(op4, op3), op4))
(49.0) 1169. ldiv(rdiv(sk_a, op3), op(op5, op4)) -> ldiv(sk_a, op(op(op5, op3), op4))
(49.0) 1170. ldiv(rdiv(sk_a, op4), op(op5, op4)) -> ldiv(sk_a, op(op(op6, op3), op4))
(49.0) 1171. ldiv(rdiv(sk_a, sk_c), op(op6, op4)) -> ldiv(sk_b, op(op(op3, op4), op4))
(49.0) 1172. ldiv(rdiv(sk_a, sk_a), op(op6, op4)) -> ldiv(op5, op(op(op7, op4), op4))
(49.0) 1173. ldiv(rdiv(sk_a, op2), op(op6, op4)) -> ldiv(sk_b, op(op(op4, op4), op4))
(49.0) 1174. ldiv(rdiv(sk_a, op3), op(op6, op4)) -> ldiv(sk_a, op(op(op5, op4), op4))
(49.0) 1175. ldiv(rdiv(sk_a, op4), op(op6, op4)) -> ldiv(sk_a, op(op(op6, op4), op4))
(49.0) 1176. ldiv(op(sk_b, sk_a), op(op3, op4)) -> ldiv(op7, op(op(op5, sk_c), op4))
(49.0) 1177. ldiv(op(sk_b, op3), op(op3, op4)) -> ldiv(op5, op(op(sk_a, sk_c), op4))
(49.0) 1178. ldiv(op(sk_b, op4), op(op3, op4)) -> ldiv(op6, op(op(sk_a, sk_c), op4))
(49.0) 1179. ldiv(op(op5, op2), op(op7, op4)) -> ldiv(op4, op(op(sk_b, sk_a), op4))
(49.0) 1180. ldiv(op(op5, op3), op(op7, op4)) -> ldiv(op5, op(op(sk_a, sk_a), op4))
(49.0) 1181. ldiv(op(op5, op4), op(op7, op4)) -> ldiv(op6, op(op(sk_a, sk_a), op4))
(49.0) 1182. ldiv(op(sk_b, op3), op(op4, op4)) -> ldiv(op5, op(op(sk_a, op2), op4))
(49.0) 1183. ldiv(op(sk_b, op4), op(op4, op4)) -> ldiv(op6, op(op(sk_a, op2), op4))
(49.0) 1184. ldiv(op2, ldiv(sk_b, op(op3, op3))) -> ldiv(op7, ldiv(rdiv(sk_a, op5), op5))
(49.0) 1185. ldiv(ldiv(rdiv(sk_b, ?), op3), ?) -> ldiv(?, ldiv(rdiv(op3, ?), sk_b))
(49.0) 1186. ldiv(ldiv(rdiv(op5, ?), op7), ?) -> ldiv(?, ldiv(rdiv(op7, ?), op5))
(49.0) 1187. ldiv(ldiv(rdiv(sk_b, ?), op4), ?) -> ldiv(?, ldiv(rdiv(op4, ?), sk_b))
(49.0) 1188. ldiv(ldiv(rdiv(sk_a, ?), op5), ?) -> ldiv(?, ldiv(rdiv(op5, ?), sk_a))
(49.0) 1189. ldiv(ldiv(rdiv(sk_a, ?), op6), ?) -> ldiv(?, ldiv(rdiv(op6, ?), sk_a))
(49.0) 1190. ldiv(ldiv(sk_a, op(op5, sk_c)), sk_b) -> ldiv(?, rdiv(?, op(sk_c, sk_c)))
(49.0) 1191. ldiv(ldiv(sk_b, op(op4, sk_a)), sk_c) -> ldiv(?, rdiv(?, op(sk_a, sk_a)))
(49.0) 1192. ldiv(ldiv(sk_a, op(op6, op2)), sk_b) -> ldiv(?, rdiv(?, op(op2, op2)))
(49.0) 1193. rdiv(ldiv(op5, op(sk_a, sk_a)), op(sk_a, sk_a)) -> rdiv(ldiv(op5, sk_a), sk_a)
(49.0) 1194. rdiv(ldiv(op6, op(sk_a, sk_a)), op(sk_a, sk_a)) -> rdiv(ldiv(op6, sk_a), sk_a)
(49.0) 1195. ldiv(op(op2, sk_c), rdiv(sk_c, op3)) -> ldiv(op(op7, sk_c), sk_a)
(49.0) 1196. ldiv(op(op2, sk_a), rdiv(sk_c, op3)) -> ldiv(op(op7, sk_a), sk_a)
(49.0) 1197. ldiv(op(op2, op2), rdiv(sk_c, op3)) -> ldiv(op(op7, op2), sk_a)
(49.0) 1198. ldiv(op(op2, op3), rdiv(sk_c, op3)) -> ldiv(op(op7, op3), sk_a)
(49.0) 1199. ldiv(op(op2, op4), rdiv(sk_c, op3)) -> ldiv(op(op7, op4), sk_a)
(49.0) 1200. ldiv(sk_c, ldiv(sk_b, op(op3, op2))) -> ldiv(op5, ldiv(rdiv(sk_b, op5), op4))
(49.0) 1201. ldiv(rdiv(ldiv(op3, sk_b), sk_c), sk_c) -> op(op(sk_c, sk_c), sk_c)
(49.0) 1202. ldiv(rdiv(ldiv(op7, op5), sk_a), sk_a) -> op(op(sk_a, sk_a), sk_a)
(49.0) 1203. ldiv(rdiv(ldiv(op4, sk_b), op2), op2) -> op(op(op2, op2), op2)
(49.0) 1204. ldiv(rdiv(ldiv(op5, sk_a), op3), op3) -> op(op(op3, op3), op3)
(49.0) 1205. ldiv(rdiv(ldiv(op6, sk_a), op4), op4) -> op(op(op4, op4), op4)
(49.0) 1206. rdiv(op3, ldiv(sk_c, ldiv(?, ?))) -> ldiv(sk_a, op(op5, sk_c))
(49.0) 1207. rdiv(op2, ldiv(sk_a, ldiv(?, ?))) -> ldiv(sk_b, op(op4, sk_a))
(49.0) 1208. rdiv(op4, ldiv(op2, ldiv(?, ?))) -> ldiv(sk_a, op(op6, op2))
(49.0) 1209. rdiv(op5, ldiv(op3, ldiv(?, ?))) -> ldiv(rdiv(sk_a, op5), op5)
(49.0) 1210. rdiv(op6, ldiv(op4, ldiv(?, ?))) -> ldiv(rdiv(sk_a, op6), op6)
(49.0) 1211. rdiv(op7, ldiv(sk_a, ldiv(?, ?))) -> ldiv(rdiv(op5, op7), op7)
(49.142857) 1212. ldiv(op(op(X, op3), sk_c), op(X, Y)) -> ldiv(op3, op(rdiv(sk_b, op3), Y))
(49.142857) 1213. ldiv(op(op(X, op2), sk_a), op(X, Y)) -> ldiv(op7, op(rdiv(op5, op2), Y))
(49.142857) 1214. ldiv(op(op(X, op4), op2), op(X, Y)) -> ldiv(op4, op(rdiv(sk_b, op4), Y))
(49.142857) 1215. ldiv(op(op(X, op5), op3), op(X, Y)) -> ldiv(op5, op(rdiv(sk_a, op5), Y))
(45.0) 1216. ldiv(op(op(sk_b, op5), op3), op3) -> ldiv(op5, op(rdiv(sk_a, op5), sk_c))
(45.0) 1217. ldiv(op(op(sk_c, op5), op3), op2) -> ldiv(op5, op(rdiv(sk_a, op5), sk_a))
(45.0) 1218. ldiv(op(op(sk_b, op5), op3), op4) -> ldiv(op5, op(rdiv(sk_a, op5), op2))
(45.0) 1219. ldiv(op(op(sk_a, op5), op3), op5) -> ldiv(op5, op(rdiv(sk_a, op5), op3))
(45.0) 1220. ldiv(op(op(sk_a, op5), op3), op6) -> ldiv(op5, op(rdiv(sk_a, op5), op4))
(45.0) 1221. ldiv(op(op(op5, op5), op3), op7) -> ldiv(op5, op(rdiv(sk_a, op5), sk_a))
(49.142857) 1222. ldiv(op(op(X, op6), op4), op(X, Y)) -> ldiv(op6, op(rdiv(sk_a, op6), Y))
(45.0) 1223. ldiv(op(op(sk_b, op6), op4), op3) -> ldiv(op6, op(rdiv(sk_a, op6), sk_c))
(45.0) 1224. ldiv(op(op(sk_c, op6), op4), op2) -> ldiv(op6, op(rdiv(sk_a, op6), sk_a))
(45.0) 1225. ldiv(op(op(sk_b, op6), op4), op4) -> ldiv(op6, op(rdiv(sk_a, op6), op2))
(45.0) 1226. ldiv(op(op(sk_a, op6), op4), op5) -> ldiv(op6, op(rdiv(sk_a, op6), op3))
(45.0) 1227. ldiv(op(op(sk_a, op6), op4), op6) -> ldiv(op6, op(rdiv(sk_a, op6), op4))
(45.0) 1228. ldiv(op(op(op5, op6), op4), op7) -> ldiv(op6, op(rdiv(sk_a, op6), sk_a))
(49.142857) 1229. ldiv(op(op(X, op7), sk_a), op(X, Y)) -> ldiv(op7, op(rdiv(op5, op7), Y))
(45.0) 1230. ldiv(op(op(sk_b, op7), sk_a), op3) -> ldiv(op7, op(rdiv(op5, op7), sk_c))
(45.0) 1231. ldiv(op(op(sk_c, op7), sk_a), op2) -> ldiv(op7, op(rdiv(op5, op7), sk_a))
(45.0) 1232. ldiv(op(op(sk_b, op7), sk_a), op4) -> ldiv(op7, op(rdiv(op5, op7), op2))
(45.0) 1233. ldiv(op(op(sk_a, op7), sk_a), op5) -> ldiv(op7, op(rdiv(op5, op7), op3))
(45.0) 1234. ldiv(op(op(sk_a, op7), sk_a), op6) -> ldiv(op7, op(rdiv(op5, op7), op4))
(45.0) 1235. ldiv(op(op(op5, op7), sk_a), op7) -> ldiv(op7, op(rdiv(op5, op7), sk_a))
(49.142857) 1236. ldiv(op(X, sk_c), op(rdiv(X, op3), Y)) -> ldiv(op3, op(rdiv(sk_b, op3), Y))
(49.142857) 1237. ldiv(op(X, sk_a), op(rdiv(X, op2), Y)) -> ldiv(op7, op(rdiv(op5, op2), Y))
(49.142857) 1238. ldiv(op(X, op2), op(rdiv(X, op4), Y)) -> ldiv(op4, op(rdiv(sk_b, op4), Y))
(49.142857) 1239. ldiv(op(X, op3), op(rdiv(X, op5), Y)) -> ldiv(op5, op(rdiv(sk_a, op5), Y))
(49.142857) 1240. ldiv(op(X, op4), op(rdiv(X, op6), Y)) -> ldiv(op6, op(rdiv(sk_a, op6), Y))
(49.142857) 1241. ldiv(op(X, sk_a), op(rdiv(X, op7), Y)) -> ldiv(op7, op(rdiv(op5, op7), Y))
(49.571426) 1242. ldiv(?, op(op(op(?, sk_c), X), Y)) -> ldiv(sk_b, op(op(op3, X), Y))
(49.571426) 1243. ldiv(?, op(op(op(?, sk_a), X), Y)) -> ldiv(op5, op(op(op7, X), Y))
(49.571426) 1244. ldiv(?, op(op(op(?, op2), X), Y)) -> ldiv(sk_b, op(op(op4, X), Y))
(49.571426) 1245. ldiv(?, op(op(op(?, op3), X), Y)) -> ldiv(sk_a, op(op(op5, X), Y))
(49.571426) 1246. ldiv(?, op(op(op(?, op4), X), Y)) -> ldiv(sk_a, op(op(op6, X), Y))
(49.571426) 1247. ldiv(?, rdiv(op(op(?, sk_c), X), Y)) -> ldiv(sk_b, rdiv(op(op3, X), Y))
(49.571426) 1248. ldiv(?, rdiv(op(op(?, sk_a), X), Y)) -> ldiv(op5, rdiv(op(op7, X), Y))
(49.571426) 1249. ldiv(?, rdiv(op(op(?, op2), X), Y)) -> ldiv(sk_b, rdiv(op(op4, X), Y))
(49.571426) 1250. ldiv(?, rdiv(op(op(?, op3), X), Y)) -> ldiv(sk_a, rdiv(op(op5, X), Y))
(49.571426) 1251. ldiv(?, rdiv(op(op(?, op4), X), Y)) -> ldiv(sk_a, rdiv(op(op6, X), Y))
(49.571426) 1252. ldiv(sk_c, rdiv(rdiv(op2, X), Y)) -> ldiv(op5, rdiv(rdiv(op7, X), Y))
(49.571426) 1253. ldiv(op(op(op2, X), Y), sk_c) -> ldiv(op(op(op7, X), Y), op5)
(49.571426) 1254. ldiv(rdiv(op(op2, X), Y), sk_c) -> ldiv(rdiv(op(op7, X), Y), op5)
(49.571426) 1255. ldiv(op(op(?, sk_c), X), op(?, Y)) -> ldiv(op(op3, X), op(sk_b, Y))
(49.571426) 1256. ldiv(op(op(?, sk_a), X), op(?, Y)) -> ldiv(op(op7, X), op(op5, Y))
(49.571426) 1257. ldiv(op(op(?, op2), X), op(?, Y)) -> ldiv(op(op4, X), op(sk_b, Y))
(49.571426) 1258. ldiv(op(op(?, op3), X), op(?, Y)) -> ldiv(op(op5, X), op(sk_a, Y))
(49.571426) 1259. ldiv(op(op(?, op4), X), op(?, Y)) -> ldiv(op(op6, X), op(sk_a, Y))
(49.571426) 1260. ldiv(op(op2, X), rdiv(sk_c, Y)) -> ldiv(op(op7, X), rdiv(op5, Y))
(49.571426) 1261. ldiv(op(sk_c, X), op(op2, Y)) -> ldiv(op(op5, X), op(op7, Y))
(49.571426) 1262. ldiv(op2, rdiv(rdiv(sk_c, X), Y)) -> ldiv(op7, rdiv(rdiv(op5, X), Y))
(49.571426) 1263. ldiv(op(rdiv(sk_c, X), Y), op2) -> ldiv(op(rdiv(op5, X), Y), op7)
(49.571426) 1264. ldiv(rdiv(op2, X), rdiv(sk_c, Y)) -> ldiv(rdiv(op7, X), rdiv(op5, Y))
(49.571426) 1265. ldiv(op(sk_c, X), rdiv(op2, Y)) -> ldiv(op(op5, X), rdiv(op7, Y))
(49.571426) 1266. rdiv(ldiv(op3, rdiv(sk_b, X)), X) -> rdiv(ldiv(op3, sk_b), op(X, X))
(49.571426) 1267. rdiv(ldiv(op7, rdiv(op5, X)), X) -> rdiv(ldiv(op7, op5), op(X, X))
(49.571426) 1268. rdiv(ldiv(op4, rdiv(sk_b, X)), X) -> rdiv(ldiv(op4, sk_b), op(X, X))
(49.571426) 1269. rdiv(ldiv(op5, rdiv(sk_a, X)), X) -> rdiv(ldiv(op5, sk_a), op(X, X))
(49.571426) 1270. rdiv(ldiv(op6, rdiv(sk_a, X)), X) -> rdiv(ldiv(op6, sk_a), op(X, X))
(49.571426) 1271. rdiv(ldiv(X, rdiv(Y, sk_c)), sk_c) -> rdiv(ldiv(X, Y), op(sk_c, sk_c))
(49.571426) 1272. rdiv(ldiv(X, rdiv(Y, sk_a)), sk_a) -> rdiv(ldiv(X, Y), op(sk_a, sk_a))
(49.571426) 1273. rdiv(ldiv(X, rdiv(Y, op2)), op2) -> rdiv(ldiv(X, Y), op(op2, op2))
(49.571426) 1274. rdiv(ldiv(X, rdiv(Y, op3)), op3) -> rdiv(ldiv(X, Y), op(op3, op3))
(49.571426) 1275. rdiv(ldiv(X, rdiv(Y, op4)), op4) -> rdiv(ldiv(X, Y), op(op4, op4))
(49.571426) 1276. ldiv(op(rdiv(op2, X), Y), sk_c) -> ldiv(op(rdiv(op7, X), Y), op5)
(49.571426) 1277. ldiv(op2, rdiv(op(sk_c, X), Y)) -> ldiv(op7, rdiv(op(op5, X), Y))
(49.571426) 1278. ldiv(op(op(sk_c, X), Y), op2) -> ldiv(op(op(op5, X), Y), op7)
(49.571426) 1279. ldiv(rdiv(sk_c, X), ldiv(sk_b, op(op3, X))) -> op(X, X)
(47.571426) 1280. rdiv(ldiv(X, sk_c), ldiv(sk_c, X)) -> ldiv(X, ldiv(rdiv(X, sk_c), sk_c))
(49.571426) 1281. ldiv(rdiv(sk_a, X), ldiv(op5, op(op7, X))) -> op(X, X)
(47.571426) 1282. rdiv(ldiv(X, sk_a), ldiv(sk_a, X)) -> ldiv(X, ldiv(rdiv(X, sk_a), sk_a))
(49.571426) 1283. ldiv(rdiv(op2, X), ldiv(sk_b, op(op4, X))) -> op(X, X)
(47.571426) 1284. rdiv(ldiv(X, op2), ldiv(op2, X)) -> ldiv(X, ldiv(rdiv(X, op2), op2))
(49.571426) 1285. ldiv(rdiv(op3, X), ldiv(sk_a, op(op5, X))) -> op(X, X)
(47.571426) 1286. rdiv(ldiv(X, op3), ldiv(op3, X)) -> ldiv(X, ldiv(rdiv(X, op3), op3))
(49.571426) 1287. ldiv(rdiv(op4, X), ldiv(sk_a, op(op6, X))) -> op(X, X)
(47.571426) 1288. rdiv(ldiv(X, op4), ldiv(op4, X)) -> ldiv(X, ldiv(rdiv(X, op4), op4))
(49.571426) 1289. ldiv(?, op(rdiv(op(?, sk_c), X), Y)) -> ldiv(sk_b, op(rdiv(op3, X), Y))
(49.571426) 1290. ldiv(?, op(rdiv(op(?, sk_a), X), Y)) -> ldiv(op5, op(rdiv(op7, X), Y))
(49.571426) 1291. ldiv(?, op(rdiv(op(?, op2), X), Y)) -> ldiv(sk_b, op(rdiv(op4, X), Y))
(49.571426) 1292. ldiv(?, op(rdiv(op(?, op3), X), Y)) -> ldiv(sk_a, op(rdiv(op5, X), Y))
(49.571426) 1293. ldiv(?, op(rdiv(op(?, op4), X), Y)) -> ldiv(sk_a, op(rdiv(op6, X), Y))
(49.714287) 1294. rdiv(X, ldiv(Y, rdiv(Z, ldiv(X, W)))) -> rdiv(W, ldiv(Y, Z))
(49.857143) 1295. ldiv(ldiv(rdiv(op7, X), sk_a), X) -> ldiv(ldiv(op5, sk_a), sk_a)
(49.857143) 1296. ldiv(X, ldiv(rdiv(op7, X), sk_a)) -> ldiv(sk_a, ldiv(op5, sk_a))
(50.0) 1297. op(rdiv(X, op(op(X, X), X)), X) -> ldiv(?, rdiv(?, X))
(47.285713) 1298. rdiv(X, op(op(X, X), X)) = rdiv(ldiv(?, rdiv(?, X)), X)
(50.285713) 1299. ldiv(op(op5, sk_c), rdiv(sk_a, X)) -> ldiv(op3, rdiv(rdiv(sk_b, op3), X))
(50.285713) 1300. ldiv(op(op4, sk_a), rdiv(sk_b, X)) -> ldiv(op7, rdiv(rdiv(op5, op2), X))
(50.285713) 1301. ldiv(op(op6, op2), rdiv(sk_a, X)) -> ldiv(op4, rdiv(rdiv(sk_b, op4), X))
(50.285713) 1302. ldiv(op(sk_b, sk_a), op(op3, X)) -> ldiv(op7, op(op(op5, sk_c), X))
(50.285713) 1303. ldiv(op(sk_b, op3), op(op3, X)) -> ldiv(op5, op(op(sk_a, sk_c), X))
(50.285713) 1304. ldiv(op(sk_b, op4), op(op3, X)) -> ldiv(op6, op(op(sk_a, sk_c), X))
(50.285713) 1305. ldiv(op(op5, op2), op(op7, X)) -> ldiv(op4, op(op(sk_b, sk_a), X))
(50.285713) 1306. ldiv(op(op5, op3), op(op7, X)) -> ldiv(op5, op(op(sk_a, sk_a), X))
(50.285713) 1307. ldiv(op(op5, op4), op(op7, X)) -> ldiv(op6, op(op(sk_a, sk_a), X))
(50.285713) 1308. ldiv(op(sk_b, op3), op(op4, X)) -> ldiv(op5, op(op(sk_a, op2), X))
(50.285713) 1309. ldiv(op(sk_b, op4), op(op4, X)) -> ldiv(op6, op(op(sk_a, op2), X))
(50.285713) 1310. ldiv(rdiv(rdiv(sk_c, X), sk_c), op2) -> ldiv(sk_b, op(op(op3, X), sk_a))
(50.285713) 1311. ldiv(rdiv(op(op3, X), sk_a), sk_b) -> ldiv(op5, rdiv(rdiv(op7, X), sk_c))
(50.285713) 1312. ldiv(rdiv(rdiv(op2, X), sk_c), sk_c) -> ldiv(sk_b, rdiv(op(op3, X), sk_a))
(50.285713) 1313. ldiv(rdiv(rdiv(sk_b, X), sk_c), op3) -> ldiv(sk_b, op(op(op3, X), sk_c))
(50.285713) 1314. ldiv(rdiv(rdiv(op5, X), sk_c), op7) -> ldiv(sk_b, op(op(op3, X), sk_a))
(50.285713) 1315. ldiv(rdiv(rdiv(sk_b, X), sk_c), op4) -> ldiv(sk_b, op(op(op3, X), op2))
(50.285713) 1316. ldiv(rdiv(rdiv(sk_a, X), sk_c), op5) -> ldiv(sk_b, op(op(op3, X), op3))
(50.285713) 1317. ldiv(rdiv(rdiv(sk_a, X), sk_c), op6) -> ldiv(sk_b, op(op(op3, X), op4))
(50.285713) 1318. ldiv(rdiv(rdiv(sk_c, X), sk_a), op2) -> ldiv(op5, op(op(op7, X), sk_a))
(50.285713) 1319. ldiv(rdiv(op(op7, X), sk_a), op5) -> ldiv(op5, rdiv(rdiv(op7, X), sk_a))
(50.285713) 1320. ldiv(rdiv(rdiv(op2, X), sk_a), sk_c) -> ldiv(op5, rdiv(op(op7, X), sk_a))
(50.285713) 1321. ldiv(rdiv(rdiv(sk_b, X), sk_a), op3) -> ldiv(op5, op(op(op7, X), sk_c))
(50.285713) 1322. ldiv(rdiv(rdiv(op5, X), sk_a), op7) -> ldiv(op5, op(op(op7, X), sk_a))
(50.285713) 1323. ldiv(rdiv(rdiv(sk_b, X), sk_a), op4) -> ldiv(op5, op(op(op7, X), op2))
(50.285713) 1324. ldiv(rdiv(rdiv(sk_a, X), sk_a), op5) -> ldiv(op5, op(op(op7, X), op3))
(50.285713) 1325. ldiv(rdiv(rdiv(sk_a, X), sk_a), op6) -> ldiv(op5, op(op(op7, X), op4))
(50.285713) 1326. ldiv(rdiv(rdiv(sk_c, X), op2), op2) -> ldiv(sk_b, op(op(op4, X), sk_a))
(50.285713) 1327. ldiv(rdiv(op(op4, X), sk_a), sk_b) -> ldiv(op5, rdiv(rdiv(op7, X), op2))
(50.285713) 1328. ldiv(rdiv(rdiv(op2, X), op2), sk_c) -> ldiv(sk_b, rdiv(op(op4, X), sk_a))
(50.285713) 1329. ldiv(rdiv(rdiv(sk_b, X), op2), op3) -> ldiv(sk_b, op(op(op4, X), sk_c))
(50.285713) 1330. ldiv(rdiv(rdiv(op5, X), op2), op7) -> ldiv(sk_b, op(op(op4, X), sk_a))
(50.285713) 1331. ldiv(rdiv(rdiv(sk_b, X), op2), op4) -> ldiv(sk_b, op(op(op4, X), op2))
(50.285713) 1332. ldiv(rdiv(rdiv(sk_a, X), op2), op5) -> ldiv(sk_b, op(op(op4, X), op3))
(50.285713) 1333. ldiv(rdiv(rdiv(sk_a, X), op2), op6) -> ldiv(sk_b, op(op(op4, X), op4))
(50.285713) 1334. ldiv(rdiv(rdiv(sk_c, X), op3), op2) -> ldiv(sk_a, op(op(op5, X), sk_a))
(50.285713) 1335. ldiv(rdiv(op(op5, X), sk_a), sk_a) -> ldiv(op5, rdiv(rdiv(op7, X), op3))
(50.285713) 1336. ldiv(rdiv(rdiv(op2, X), op3), sk_c) -> ldiv(sk_a, rdiv(op(op5, X), sk_a))
(50.285713) 1337. ldiv(rdiv(rdiv(sk_b, X), op3), op3) -> ldiv(sk_a, op(op(op5, X), sk_c))
(50.285713) 1338. ldiv(rdiv(rdiv(op5, X), op3), op7) -> ldiv(sk_a, op(op(op5, X), sk_a))
(50.285713) 1339. ldiv(rdiv(rdiv(sk_b, X), op3), op4) -> ldiv(sk_a, op(op(op5, X), op2))
(50.285713) 1340. ldiv(rdiv(rdiv(sk_a, X), op3), op5) -> ldiv(sk_a, op(op(op5, X), op3))
(50.285713) 1341. ldiv(rdiv(rdiv(sk_a, X), op3), op6) -> ldiv(sk_a, op(op(op5, X), op4))
(50.285713) 1342. ldiv(rdiv(rdiv(sk_c, X), op4), op2) -> ldiv(sk_a, op(op(op6, X), sk_a))
(50.285713) 1343. ldiv(rdiv(op(op6, X), sk_a), sk_a) -> ldiv(op5, rdiv(rdiv(op7, X), op4))
(50.285713) 1344. ldiv(rdiv(rdiv(op2, X), op4), sk_c) -> ldiv(sk_a, rdiv(op(op6, X), sk_a))
(50.285713) 1345. ldiv(rdiv(rdiv(sk_b, X), op4), op3) -> ldiv(sk_a, op(op(op6, X), sk_c))
(50.285713) 1346. ldiv(rdiv(rdiv(op5, X), op4), op7) -> ldiv(sk_a, op(op(op6, X), sk_a))
(50.285713) 1347. ldiv(rdiv(rdiv(sk_b, X), op4), op4) -> ldiv(sk_a, op(op(op6, X), op2))
(50.285713) 1348. ldiv(rdiv(rdiv(sk_a, X), op4), op5) -> ldiv(sk_a, op(op(op6, X), op3))
(50.285713) 1349. ldiv(rdiv(rdiv(sk_a, X), op4), op6) -> ldiv(sk_a, op(op(op6, X), op4))
(50.285713) 1350. ldiv(op(op3, sk_c), rdiv(sk_b, X)) -> ldiv(op3, rdiv(rdiv(sk_b, sk_c), X))
(50.285713) 1351. ldiv(op(op7, sk_c), rdiv(op5, X)) -> ldiv(op3, rdiv(rdiv(sk_b, sk_a), X))
(50.285713) 1352. ldiv(op(op4, sk_c), rdiv(sk_b, X)) -> ldiv(op3, rdiv(rdiv(sk_b, op2), X))
(50.285713) 1353. ldiv(op(op6, sk_c), rdiv(sk_a, X)) -> ldiv(op3, rdiv(rdiv(sk_b, op4), X))
(50.285713) 1354. ldiv(op(op3, sk_a), rdiv(sk_b, X)) -> ldiv(op7, rdiv(rdiv(op5, sk_c), X))
(50.285713) 1355. ldiv(op(op7, sk_a), rdiv(op5, X)) -> ldiv(op7, rdiv(rdiv(op5, sk_a), X))
(50.285713) 1356. ldiv(op(op6, sk_a), rdiv(sk_a, X)) -> ldiv(op7, rdiv(rdiv(op5, op4), X))
(50.285713) 1357. ldiv(op(op3, op2), rdiv(sk_b, X)) -> ldiv(op4, rdiv(rdiv(sk_b, sk_c), X))
(50.285713) 1358. ldiv(op(op7, op2), rdiv(op5, X)) -> ldiv(op4, rdiv(rdiv(sk_b, sk_a), X))
(50.285713) 1359. ldiv(op(op4, op2), rdiv(sk_b, X)) -> ldiv(op4, rdiv(rdiv(sk_b, op2), X))
(50.285713) 1360. ldiv(op(op5, op2), rdiv(sk_a, X)) -> ldiv(op4, rdiv(rdiv(sk_b, op3), X))
(50.285713) 1361. ldiv(op(op3, op3), rdiv(sk_b, X)) -> ldiv(op5, rdiv(rdiv(sk_a, sk_c), X))
(50.285713) 1362. ldiv(op(op7, op3), rdiv(op5, X)) -> ldiv(op5, rdiv(rdiv(sk_a, sk_a), X))
(50.285713) 1363. ldiv(op(op4, op3), rdiv(sk_b, X)) -> ldiv(op5, rdiv(rdiv(sk_a, op2), X))
(50.285713) 1364. ldiv(op(op5, op3), rdiv(sk_a, X)) -> ldiv(op5, rdiv(rdiv(sk_a, op3), X))
(50.285713) 1365. ldiv(op(op6, op3), rdiv(sk_a, X)) -> ldiv(op5, rdiv(rdiv(sk_a, op4), X))
(50.285713) 1366. ldiv(op(op3, op4), rdiv(sk_b, X)) -> ldiv(op6, rdiv(rdiv(sk_a, sk_c), X))
(50.285713) 1367. ldiv(op(op7, op4), rdiv(op5, X)) -> ldiv(op6, rdiv(rdiv(sk_a, sk_a), X))
(50.285713) 1368. ldiv(op(op4, op4), rdiv(sk_b, X)) -> ldiv(op6, rdiv(rdiv(sk_a, op2), X))
(50.285713) 1369. ldiv(op(op5, op4), rdiv(sk_a, X)) -> ldiv(op6, rdiv(rdiv(sk_a, op3), X))
(50.285713) 1370. ldiv(op(op6, op4), rdiv(sk_a, X)) -> ldiv(op6, rdiv(rdiv(sk_a, op4), X))
(58.285717) 1371. ldiv(rdiv(rdiv(?, X), sk_c), op(?, sk_a)) -> ldiv(sk_b, op(op(op3, X), sk_a))
(50.285713) 1372. ldiv(op(rdiv(op3, X), sk_a), sk_b) -> ldiv(op7, rdiv(op(op5, X), sk_c))
(58.285717) 1373. ldiv(rdiv(rdiv(?, X), sk_a), op(?, sk_a)) -> ldiv(op5, op(op(op7, X), sk_a))
(50.285713) 1374. ldiv(op(rdiv(op7, X), sk_a), op5) -> ldiv(op7, rdiv(op(op5, X), sk_a))
(58.285717) 1375. ldiv(rdiv(rdiv(?, X), op2), op(?, sk_a)) -> ldiv(sk_b, op(op(op4, X), sk_a))
(50.285713) 1376. ldiv(op(rdiv(op4, X), sk_a), sk_b) -> ldiv(op7, rdiv(op(op5, X), op2))
(58.285717) 1377. ldiv(rdiv(rdiv(?, X), op3), op(?, sk_a)) -> ldiv(sk_a, op(op(op5, X), sk_a))
(50.285713) 1378. ldiv(op(rdiv(op5, X), sk_a), sk_a) -> ldiv(op7, rdiv(op(op5, X), op3))
(58.285717) 1379. ldiv(rdiv(rdiv(?, X), op4), op(?, sk_a)) -> ldiv(sk_a, op(op(op6, X), sk_a))
(50.285713) 1380. ldiv(op(rdiv(op6, X), sk_a), sk_a) -> ldiv(op7, rdiv(op(op5, X), op4))
(50.285713) 1381. ldiv(op(op5, op2), rdiv(op7, X)) -> ldiv(op4, rdiv(op(sk_b, sk_a), X))
(50.285713) 1382. ldiv(op(op5, op3), rdiv(op7, X)) -> ldiv(op5, rdiv(op(sk_a, sk_a), X))
(50.285713) 1383. ldiv(op(op5, op4), rdiv(op7, X)) -> ldiv(op6, rdiv(op(sk_a, sk_a), X))
(50.285713) 1384. ldiv(rdiv(sk_c, X), rdiv(op2, sk_c)) -> ldiv(rdiv(op5, X), rdiv(op7, sk_c))
(50.285713) 1385. ldiv(op(op(op3, sk_c), X), sk_b) -> ldiv(op(op3, X), rdiv(sk_b, sk_c))
(50.285713) 1386. ldiv(op(op(op3, sk_a), X), sk_b) -> ldiv(op(op7, X), rdiv(op5, sk_c))
(50.285713) 1387. ldiv(op(op(op3, op2), X), sk_b) -> ldiv(op(op4, X), rdiv(sk_b, sk_c))
(50.285713) 1388. ldiv(op(op(op3, op3), X), sk_b) -> ldiv(op(op5, X), rdiv(sk_a, sk_c))
(50.285713) 1389. ldiv(op(op(op3, op4), X), sk_b) -> ldiv(op(op6, X), rdiv(sk_a, sk_c))
(50.285713) 1390. ldiv(rdiv(op(op3, X), sk_c), sk_b) -> ldiv(sk_b, rdiv(rdiv(op3, X), sk_c))
(50.285713) 1391. ldiv(rdiv(op(op3, X), op2), sk_b) -> ldiv(sk_b, rdiv(rdiv(op4, X), sk_c))
(50.285713) 1392. ldiv(rdiv(op(op3, X), op3), sk_b) -> ldiv(sk_a, rdiv(rdiv(op5, X), sk_c))
(50.285713) 1393. ldiv(rdiv(op(op3, X), op4), sk_b) -> ldiv(sk_a, rdiv(rdiv(op6, X), sk_c))
(50.285713) 1394. ldiv(rdiv(op(op3, sk_c), X), sk_b) -> ldiv(rdiv(op3, X), rdiv(sk_b, sk_c))
(50.285713) 1395. ldiv(rdiv(op(op3, sk_a), X), sk_b) -> ldiv(rdiv(op7, X), rdiv(op5, sk_c))
(50.285713) 1396. ldiv(rdiv(op(op3, op2), X), sk_b) -> ldiv(rdiv(op4, X), rdiv(sk_b, sk_c))
(50.285713) 1397. ldiv(rdiv(op(op3, op3), X), sk_b) -> ldiv(rdiv(op5, X), rdiv(sk_a, sk_c))
(50.285713) 1398. ldiv(rdiv(op(op3, op4), X), sk_b) -> ldiv(rdiv(op6, X), rdiv(sk_a, sk_c))
(50.285713) 1399. ldiv(rdiv(rdiv(op3, X), sk_c), sk_b) -> ldiv(sk_b, rdiv(op(op3, X), sk_c))
(50.285713) 1400. ldiv(rdiv(rdiv(op3, X), sk_a), sk_b) -> ldiv(op5, rdiv(op(op7, X), sk_c))
(50.285713) 1401. ldiv(rdiv(rdiv(op3, X), op2), sk_b) -> ldiv(sk_b, rdiv(op(op4, X), sk_c))
(50.285713) 1402. ldiv(rdiv(rdiv(op3, X), op3), sk_b) -> ldiv(sk_a, rdiv(op(op5, X), sk_c))
(50.285713) 1403. ldiv(rdiv(rdiv(op3, X), op4), sk_b) -> ldiv(sk_a, rdiv(op(op6, X), sk_c))
(50.285713) 1404. ldiv(rdiv(op(op7, X), sk_c), op5) -> ldiv(sk_b, rdiv(rdiv(op3, X), sk_a))
(50.285713) 1405. ldiv(rdiv(rdiv(op7, X), sk_c), op5) -> ldiv(sk_b, rdiv(op(op3, X), sk_a))
(50.285713) 1406. ldiv(rdiv(sk_c, sk_c), rdiv(op2, X)) -> ldiv(rdiv(op5, sk_c), rdiv(op7, X))
(50.285713) 1407. ldiv(rdiv(sk_b, sk_c), op(op3, X)) -> ldiv(sk_b, op(op(op3, sk_c), X))
(50.285713) 1408. ldiv(rdiv(op5, sk_c), op(op7, X)) -> ldiv(sk_b, op(op(op3, sk_a), X))
(50.285713) 1409. ldiv(rdiv(sk_b, sk_c), op(op4, X)) -> ldiv(sk_b, op(op(op3, op2), X))
(50.285713) 1410. ldiv(rdiv(sk_a, sk_c), op(op5, X)) -> ldiv(sk_b, op(op(op3, op3), X))
(50.285713) 1411. ldiv(rdiv(sk_a, sk_c), op(op6, X)) -> ldiv(sk_b, op(op(op3, op4), X))
(50.285713) 1412. ldiv(rdiv(rdiv(op4, X), sk_c), sk_b) -> ldiv(sk_b, rdiv(op(op3, X), op2))
(50.285713) 1413. ldiv(rdiv(rdiv(op5, X), sk_c), sk_a) -> ldiv(sk_b, rdiv(op(op3, X), op3))
(50.285713) 1414. ldiv(rdiv(rdiv(op6, X), sk_c), sk_a) -> ldiv(sk_b, rdiv(op(op3, X), op4))
(50.285713) 1415. ldiv(rdiv(sk_b, sk_c), rdiv(op3, X)) -> ldiv(sk_b, rdiv(op(op3, sk_c), X))
(50.285713) 1416. ldiv(rdiv(op5, sk_c), rdiv(op7, X)) -> ldiv(sk_b, rdiv(op(op3, sk_a), X))
(50.285713) 1417. ldiv(rdiv(sk_b, sk_c), rdiv(op4, X)) -> ldiv(sk_b, rdiv(op(op3, op2), X))
(50.285713) 1418. ldiv(rdiv(sk_a, sk_c), rdiv(op5, X)) -> ldiv(sk_b, rdiv(op(op3, op3), X))
(50.285713) 1419. ldiv(rdiv(sk_a, sk_c), rdiv(op6, X)) -> ldiv(sk_b, rdiv(op(op3, op4), X))
(50.285713) 1420. ldiv(rdiv(op(op4, X), sk_c), sk_b) -> ldiv(sk_b, rdiv(rdiv(op3, X), op2))
(50.285713) 1421. ldiv(rdiv(op(op5, X), sk_c), sk_a) -> ldiv(sk_b, rdiv(rdiv(op3, X), op3))
(50.285713) 1422. ldiv(rdiv(op(op6, X), sk_c), sk_a) -> ldiv(sk_b, rdiv(rdiv(op3, X), op4))
(50.285713) 1423. ldiv(op(op(op7, sk_c), X), op5) -> ldiv(op(op3, X), rdiv(sk_b, sk_a))
(50.285713) 1424. ldiv(op(op(op7, sk_a), X), op5) -> ldiv(op(op7, X), rdiv(op5, sk_a))
(50.285713) 1425. ldiv(op(op(op7, op2), X), op5) -> ldiv(op(op4, X), rdiv(sk_b, sk_a))
(50.285713) 1426. ldiv(op(op(op7, op3), X), op5) -> ldiv(op(op5, X), rdiv(sk_a, sk_a))
(50.285713) 1427. ldiv(op(op(op7, op4), X), op5) -> ldiv(op(op6, X), rdiv(sk_a, sk_a))
(50.285713) 1428. ldiv(rdiv(op(op7, X), op2), op5) -> ldiv(sk_b, rdiv(rdiv(op4, X), sk_a))
(50.285713) 1429. ldiv(rdiv(op(op7, X), op3), op5) -> ldiv(sk_a, rdiv(rdiv(op5, X), sk_a))
(50.285713) 1430. ldiv(rdiv(op(op7, X), op4), op5) -> ldiv(sk_a, rdiv(rdiv(op6, X), sk_a))
(50.285713) 1431. ldiv(rdiv(op(op7, sk_c), X), op5) -> ldiv(rdiv(op3, X), rdiv(sk_b, sk_a))
(50.285713) 1432. ldiv(rdiv(op(op7, sk_a), X), op5) -> ldiv(rdiv(op7, X), rdiv(op5, sk_a))
(50.285713) 1433. ldiv(rdiv(op(op7, op2), X), op5) -> ldiv(rdiv(op4, X), rdiv(sk_b, sk_a))
(50.285713) 1434. ldiv(rdiv(op(op7, op3), X), op5) -> ldiv(rdiv(op5, X), rdiv(sk_a, sk_a))
(50.285713) 1435. ldiv(rdiv(op(op7, op4), X), op5) -> ldiv(rdiv(op6, X), rdiv(sk_a, sk_a))
(50.285713) 1436. ldiv(rdiv(rdiv(op7, X), sk_a), op5) -> ldiv(op5, rdiv(op(op7, X), sk_a))
(50.285713) 1437. ldiv(rdiv(rdiv(op7, X), op2), op5) -> ldiv(sk_b, rdiv(op(op4, X), sk_a))
(50.285713) 1438. ldiv(rdiv(rdiv(op7, X), op3), op5) -> ldiv(sk_a, rdiv(op(op5, X), sk_a))
(50.285713) 1439. ldiv(rdiv(rdiv(op7, X), op4), op5) -> ldiv(sk_a, rdiv(op(op6, X), sk_a))
(50.285713) 1440. ldiv(rdiv(sk_c, sk_a), rdiv(op2, X)) -> ldiv(rdiv(op5, sk_a), rdiv(op7, X))
(50.285713) 1441. ldiv(rdiv(sk_b, sk_a), op(op3, X)) -> ldiv(op5, op(op(op7, sk_c), X))
(50.285713) 1442. ldiv(rdiv(op5, sk_a), op(op7, X)) -> ldiv(op5, op(op(op7, sk_a), X))
(50.285713) 1443. ldiv(rdiv(sk_b, sk_a), op(op4, X)) -> ldiv(op5, op(op(op7, op2), X))
(50.285713) 1444. ldiv(rdiv(sk_a, sk_a), op(op5, X)) -> ldiv(op5, op(op(op7, op3), X))
(50.285713) 1445. ldiv(rdiv(sk_a, sk_a), op(op6, X)) -> ldiv(op5, op(op(op7, op4), X))
(50.285713) 1446. ldiv(rdiv(rdiv(op4, X), sk_a), sk_b) -> ldiv(op5, rdiv(op(op7, X), op2))
(50.285713) 1447. ldiv(rdiv(rdiv(op5, X), sk_a), sk_a) -> ldiv(op5, rdiv(op(op7, X), op3))
(50.285713) 1448. ldiv(rdiv(rdiv(op6, X), sk_a), sk_a) -> ldiv(op5, rdiv(op(op7, X), op4))
(50.285713) 1449. ldiv(rdiv(sk_b, sk_a), rdiv(op3, X)) -> ldiv(op5, rdiv(op(op7, sk_c), X))
(50.285713) 1450. ldiv(rdiv(op5, sk_a), rdiv(op7, X)) -> ldiv(op5, rdiv(op(op7, sk_a), X))
(50.285713) 1451. ldiv(rdiv(sk_b, sk_a), rdiv(op4, X)) -> ldiv(op5, rdiv(op(op7, op2), X))
(50.285713) 1452. ldiv(rdiv(sk_a, sk_a), rdiv(op5, X)) -> ldiv(op5, rdiv(op(op7, op3), X))
(50.285713) 1453. ldiv(rdiv(sk_a, sk_a), rdiv(op6, X)) -> ldiv(op5, rdiv(op(op7, op4), X))
(50.285713) 1454. ldiv(rdiv(sk_c, X), rdiv(op2, op2)) -> ldiv(rdiv(op5, X), rdiv(op7, op2))
(50.285713) 1455. ldiv(op(op(op4, sk_c), X), sk_b) -> ldiv(op(op3, X), rdiv(sk_b, op2))
(50.285713) 1456. ldiv(op(op(op4, sk_a), X), sk_b) -> ldiv(op(op7, X), rdiv(op5, op2))
(50.285713) 1457. ldiv(op(op(op4, op2), X), sk_b) -> ldiv(op(op4, X), rdiv(sk_b, op2))
(50.285713) 1458. ldiv(op(op(op4, op3), X), sk_b) -> ldiv(op(op5, X), rdiv(sk_a, op2))
(50.285713) 1459. ldiv(op(op(op4, op4), X), sk_b) -> ldiv(op(op6, X), rdiv(sk_a, op2))
(50.285713) 1460. ldiv(rdiv(op(op4, X), op2), sk_b) -> ldiv(sk_b, rdiv(rdiv(op4, X), op2))
(50.285713) 1461. ldiv(rdiv(op(op4, X), op3), sk_b) -> ldiv(sk_a, rdiv(rdiv(op5, X), op2))
(50.285713) 1462. ldiv(rdiv(op(op4, X), op4), sk_b) -> ldiv(sk_a, rdiv(rdiv(op6, X), op2))
(50.285713) 1463. ldiv(rdiv(op(op4, sk_c), X), sk_b) -> ldiv(rdiv(op3, X), rdiv(sk_b, op2))
(50.285713) 1464. ldiv(rdiv(op(op4, sk_a), X), sk_b) -> ldiv(rdiv(op7, X), rdiv(op5, op2))
(50.285713) 1465. ldiv(rdiv(op(op4, op2), X), sk_b) -> ldiv(rdiv(op4, X), rdiv(sk_b, op2))
(50.285713) 1466. ldiv(rdiv(op(op4, op3), X), sk_b) -> ldiv(rdiv(op5, X), rdiv(sk_a, op2))
(50.285713) 1467. ldiv(rdiv(op(op4, op4), X), sk_b) -> ldiv(rdiv(op6, X), rdiv(sk_a, op2))
(50.285713) 1468. ldiv(rdiv(rdiv(op4, X), op2), sk_b) -> ldiv(sk_b, rdiv(op(op4, X), op2))
(50.285713) 1469. ldiv(rdiv(rdiv(op4, X), op3), sk_b) -> ldiv(sk_a, rdiv(op(op5, X), op2))
(50.285713) 1470. ldiv(rdiv(rdiv(op4, X), op4), sk_b) -> ldiv(sk_a, rdiv(op(op6, X), op2))
(50.285713) 1471. ldiv(rdiv(sk_c, op2), rdiv(op2, X)) -> ldiv(rdiv(op5, op2), rdiv(op7, X))
(50.285713) 1472. ldiv(rdiv(sk_b, op2), op(op3, X)) -> ldiv(sk_b, op(op(op4, sk_c), X))
(50.285713) 1473. ldiv(rdiv(op5, op2), op(op7, X)) -> ldiv(sk_b, op(op(op4, sk_a), X))
(50.285713) 1474. ldiv(rdiv(sk_b, op2), op(op4, X)) -> ldiv(sk_b, op(op(op4, op2), X))
(50.285713) 1475. ldiv(rdiv(sk_a, op2), op(op5, X)) -> ldiv(sk_b, op(op(op4, op3), X))
(50.285713) 1476. ldiv(rdiv(sk_a, op2), op(op6, X)) -> ldiv(sk_b, op(op(op4, op4), X))
(50.285713) 1477. ldiv(rdiv(rdiv(op5, X), op2), sk_a) -> ldiv(sk_b, rdiv(op(op4, X), op3))
(50.285713) 1478. ldiv(rdiv(rdiv(op6, X), op2), sk_a) -> ldiv(sk_b, rdiv(op(op4, X), op4))
(50.285713) 1479. ldiv(rdiv(sk_b, op2), rdiv(op3, X)) -> ldiv(sk_b, rdiv(op(op4, sk_c), X))
(50.285713) 1480. ldiv(rdiv(op5, op2), rdiv(op7, X)) -> ldiv(sk_b, rdiv(op(op4, sk_a), X))
(50.285713) 1481. ldiv(rdiv(sk_b, op2), rdiv(op4, X)) -> ldiv(sk_b, rdiv(op(op4, op2), X))
(50.285713) 1482. ldiv(rdiv(sk_a, op2), rdiv(op5, X)) -> ldiv(sk_b, rdiv(op(op4, op3), X))
(50.285713) 1483. ldiv(rdiv(sk_a, op2), rdiv(op6, X)) -> ldiv(sk_b, rdiv(op(op4, op4), X))
(50.285713) 1484. ldiv(rdiv(op(op5, X), op2), sk_a) -> ldiv(sk_b, rdiv(rdiv(op4, X), op3))
(50.285713) 1485. ldiv(rdiv(op(op6, X), op2), sk_a) -> ldiv(sk_b, rdiv(rdiv(op4, X), op4))
(50.285713) 1486. ldiv(rdiv(sk_c, X), rdiv(op2, op3)) -> ldiv(rdiv(op5, X), rdiv(op7, op3))
(50.285713) 1487. ldiv(op(op(op5, sk_c), X), sk_a) -> ldiv(op(op3, X), rdiv(sk_b, op3))
(50.285713) 1488. ldiv(op(op(op5, op2), X), sk_a) -> ldiv(op(op4, X), rdiv(sk_b, op3))
(50.285713) 1489. ldiv(op(op(op5, op3), X), sk_a) -> ldiv(op(op5, X), rdiv(sk_a, op3))
(50.285713) 1490. ldiv(op(op(op5, op4), X), sk_a) -> ldiv(op(op6, X), rdiv(sk_a, op3))
(50.285713) 1491. ldiv(rdiv(op(op5, X), op3), sk_a) -> ldiv(sk_a, rdiv(rdiv(op5, X), op3))
(50.285713) 1492. ldiv(rdiv(op(op5, X), op4), sk_a) -> ldiv(sk_a, rdiv(rdiv(op6, X), op3))
(50.285713) 1493. ldiv(rdiv(op(op5, sk_c), X), sk_a) -> ldiv(rdiv(op3, X), rdiv(sk_b, op3))
(50.285713) 1494. ldiv(rdiv(op(op5, op2), X), sk_a) -> ldiv(rdiv(op4, X), rdiv(sk_b, op3))
(50.285713) 1495. ldiv(rdiv(op(op5, op3), X), sk_a) -> ldiv(rdiv(op5, X), rdiv(sk_a, op3))
(50.285713) 1496. ldiv(rdiv(op(op5, op4), X), sk_a) -> ldiv(rdiv(op6, X), rdiv(sk_a, op3))
(50.285713) 1497. ldiv(rdiv(rdiv(op5, X), op3), sk_a) -> ldiv(sk_a, rdiv(op(op5, X), op3))
(50.285713) 1498. ldiv(rdiv(rdiv(op5, X), op4), sk_a) -> ldiv(sk_a, rdiv(op(op6, X), op3))
(50.285713) 1499. ldiv(rdiv(sk_c, op3), op(op2, X)) -> ldiv(sk_a, op(op7, X))
(50.285713) 1500. ldiv(rdiv(sk_b, op3), op(op3, X)) -> ldiv(sk_a, op(op(op5, sk_c), X))
(50.285713) 1501. ldiv(rdiv(sk_b, op3), op(op4, X)) -> ldiv(sk_a, op(op(op5, op2), X))
(50.285713) 1502. ldiv(rdiv(sk_a, op3), op(op5, X)) -> ldiv(sk_a, op(op(op5, op3), X))
(50.285713) 1503. ldiv(rdiv(sk_a, op3), op(op6, X)) -> ldiv(sk_a, op(op(op5, op4), X))
(50.285713) 1504. ldiv(rdiv(rdiv(op6, X), op3), sk_a) -> ldiv(sk_a, rdiv(op(op5, X), op4))
(50.285713) 1505. ldiv(rdiv(sk_b, op3), rdiv(op3, X)) -> ldiv(sk_a, rdiv(op(op5, sk_c), X))
(50.285713) 1506. ldiv(rdiv(sk_b, op3), rdiv(op4, X)) -> ldiv(sk_a, rdiv(op(op5, op2), X))
(50.285713) 1507. ldiv(rdiv(sk_a, op3), rdiv(op5, X)) -> ldiv(sk_a, rdiv(op(op5, op3), X))
(50.285713) 1508. ldiv(rdiv(sk_a, op3), rdiv(op6, X)) -> ldiv(sk_a, rdiv(op(op5, op4), X))
(50.285713) 1509. ldiv(rdiv(op(op6, X), op3), sk_a) -> ldiv(sk_a, rdiv(rdiv(op5, X), op4))
(50.285713) 1510. ldiv(rdiv(sk_c, X), rdiv(op2, op4)) -> ldiv(rdiv(op5, X), rdiv(op7, op4))
(50.285713) 1511. ldiv(op(op(op6, sk_c), X), sk_a) -> ldiv(op(op3, X), rdiv(sk_b, op4))
(50.285713) 1512. ldiv(op(op(op6, sk_a), X), sk_a) -> ldiv(op(op7, X), rdiv(op5, op4))
(50.285713) 1513. ldiv(op(op(op6, op2), X), sk_a) -> ldiv(op(op4, X), rdiv(sk_b, op4))
(50.285713) 1514. ldiv(op(op(op6, op3), X), sk_a) -> ldiv(op(op5, X), rdiv(sk_a, op4))
(50.285713) 1515. ldiv(op(op(op6, op4), X), sk_a) -> ldiv(op(op6, X), rdiv(sk_a, op4))
(50.285713) 1516. ldiv(rdiv(op(op6, X), op4), sk_a) -> ldiv(sk_a, rdiv(rdiv(op6, X), op4))
(50.285713) 1517. ldiv(rdiv(op(op6, sk_c), X), sk_a) -> ldiv(rdiv(op3, X), rdiv(sk_b, op4))
(50.285713) 1518. ldiv(rdiv(op(op6, sk_a), X), sk_a) -> ldiv(rdiv(op7, X), rdiv(op5, op4))
(50.285713) 1519. ldiv(rdiv(op(op6, op2), X), sk_a) -> ldiv(rdiv(op4, X), rdiv(sk_b, op4))
(50.285713) 1520. ldiv(rdiv(op(op6, op3), X), sk_a) -> ldiv(rdiv(op5, X), rdiv(sk_a, op4))
(50.285713) 1521. ldiv(rdiv(op(op6, op4), X), sk_a) -> ldiv(rdiv(op6, X), rdiv(sk_a, op4))
(50.285713) 1522. ldiv(rdiv(rdiv(op6, X), op4), sk_a) -> ldiv(sk_a, rdiv(op(op6, X), op4))
(50.285713) 1523. ldiv(rdiv(sk_c, op4), rdiv(op2, X)) -> ldiv(rdiv(op5, op4), rdiv(op7, X))
(50.285713) 1524. ldiv(rdiv(sk_b, op4), op(op3, X)) -> ldiv(sk_a, op(op(op6, sk_c), X))
(50.285713) 1525. ldiv(rdiv(op5, op4), op(op7, X)) -> ldiv(sk_a, op(op(op6, sk_a), X))
(50.285713) 1526. ldiv(rdiv(sk_b, op4), op(op4, X)) -> ldiv(sk_a, op(op(op6, op2), X))
(50.285713) 1527. ldiv(rdiv(sk_a, op4), op(op5, X)) -> ldiv(sk_a, op(op(op6, op3), X))
(50.285713) 1528. ldiv(rdiv(sk_a, op4), op(op6, X)) -> ldiv(sk_a, op(op(op6, op4), X))
(50.285713) 1529. ldiv(rdiv(sk_b, op4), rdiv(op3, X)) -> ldiv(sk_a, rdiv(op(op6, sk_c), X))
(50.285713) 1530. ldiv(rdiv(op5, op4), rdiv(op7, X)) -> ldiv(sk_a, rdiv(op(op6, sk_a), X))
(50.285713) 1531. ldiv(rdiv(sk_b, op4), rdiv(op4, X)) -> ldiv(sk_a, rdiv(op(op6, op2), X))
(50.285713) 1532. ldiv(rdiv(sk_a, op4), rdiv(op5, X)) -> ldiv(sk_a, rdiv(op(op6, op3), X))
(50.285713) 1533. ldiv(rdiv(sk_a, op4), rdiv(op6, X)) -> ldiv(sk_a, rdiv(op(op6, op4), X))
(50.285713) 1534. ldiv(rdiv(rdiv(op7, sk_c), X), op5) -> ldiv(rdiv(sk_b, X), rdiv(op3, sk_a))
(50.285713) 1535. ldiv(rdiv(op3, sk_a), rdiv(sk_b, X)) -> ldiv(op5, rdiv(rdiv(op7, sk_c), X))
(50.285713) 1536. ldiv(rdiv(rdiv(op4, sk_c), X), sk_b) -> ldiv(rdiv(sk_b, X), rdiv(op3, op2))
(50.285713) 1537. ldiv(rdiv(op3, op2), rdiv(sk_b, X)) -> ldiv(sk_b, rdiv(rdiv(op4, sk_c), X))
(50.285713) 1538. ldiv(rdiv(rdiv(op5, sk_c), X), sk_a) -> ldiv(rdiv(sk_b, X), rdiv(op3, op3))
(50.285713) 1539. ldiv(rdiv(op3, op3), rdiv(sk_b, X)) -> ldiv(sk_a, rdiv(rdiv(op5, sk_c), X))
(50.285713) 1540. ldiv(rdiv(rdiv(op6, sk_c), X), sk_a) -> ldiv(rdiv(sk_b, X), rdiv(op3, op4))
(50.285713) 1541. ldiv(rdiv(op3, op4), rdiv(sk_b, X)) -> ldiv(sk_a, rdiv(rdiv(op6, sk_c), X))
(50.285713) 1542. ldiv(rdiv(rdiv(op3, sk_a), X), sk_b) -> ldiv(rdiv(op5, X), rdiv(op7, sk_c))
(50.285713) 1543. ldiv(rdiv(op7, sk_c), rdiv(op5, X)) -> ldiv(sk_b, rdiv(rdiv(op3, sk_a), X))
(50.285713) 1544. ldiv(rdiv(rdiv(op4, sk_a), X), sk_b) -> ldiv(rdiv(op5, X), rdiv(op7, op2))
(50.285713) 1545. ldiv(rdiv(op7, op2), rdiv(op5, X)) -> ldiv(sk_b, rdiv(rdiv(op4, sk_a), X))
(50.285713) 1546. ldiv(rdiv(rdiv(op5, sk_a), X), sk_a) -> ldiv(rdiv(op5, X), rdiv(op7, op3))
(50.285713) 1547. ldiv(rdiv(op7, op3), rdiv(op5, X)) -> ldiv(sk_a, rdiv(rdiv(op5, sk_a), X))
(50.285713) 1548. ldiv(rdiv(rdiv(op6, sk_a), X), sk_a) -> ldiv(rdiv(op5, X), rdiv(op7, op4))
(50.285713) 1549. ldiv(rdiv(op7, op4), rdiv(op5, X)) -> ldiv(sk_a, rdiv(rdiv(op6, sk_a), X))
(50.285713) 1550. ldiv(rdiv(rdiv(op3, op2), X), sk_b) -> ldiv(rdiv(sk_b, X), rdiv(op4, sk_c))
(50.285713) 1551. ldiv(rdiv(op4, sk_c), rdiv(sk_b, X)) -> ldiv(sk_b, rdiv(rdiv(op3, op2), X))
(50.285713) 1552. ldiv(rdiv(rdiv(op7, op2), X), op5) -> ldiv(rdiv(sk_b, X), rdiv(op4, sk_a))
(50.285713) 1553. ldiv(rdiv(op4, sk_a), rdiv(sk_b, X)) -> ldiv(op5, rdiv(rdiv(op7, op2), X))
(50.285713) 1554. ldiv(rdiv(rdiv(op5, op2), X), sk_a) -> ldiv(rdiv(sk_b, X), rdiv(op4, op3))
(50.285713) 1555. ldiv(rdiv(op4, op3), rdiv(sk_b, X)) -> ldiv(sk_a, rdiv(rdiv(op5, op2), X))
(50.285713) 1556. ldiv(rdiv(rdiv(op6, op2), X), sk_a) -> ldiv(rdiv(sk_b, X), rdiv(op4, op4))
(50.285713) 1557. ldiv(rdiv(op4, op4), rdiv(sk_b, X)) -> ldiv(sk_a, rdiv(rdiv(op6, op2), X))
(50.285713) 1558. ldiv(rdiv(rdiv(op3, op3), X), sk_b) -> ldiv(rdiv(sk_a, X), rdiv(op5, sk_c))
(50.285713) 1559. ldiv(rdiv(op5, sk_c), rdiv(sk_a, X)) -> ldiv(sk_b, rdiv(rdiv(op3, op3), X))
(50.285713) 1560. ldiv(rdiv(rdiv(op7, op3), X), op5) -> ldiv(rdiv(sk_a, X), rdiv(op5, sk_a))
(50.285713) 1561. ldiv(rdiv(op5, sk_a), rdiv(sk_a, X)) -> ldiv(op5, rdiv(rdiv(op7, op3), X))
(50.285713) 1562. ldiv(rdiv(rdiv(op4, op3), X), sk_b) -> ldiv(rdiv(sk_a, X), rdiv(op5, op2))
(50.285713) 1563. ldiv(rdiv(op5, op2), rdiv(sk_a, X)) -> ldiv(sk_b, rdiv(rdiv(op4, op3), X))
(50.285713) 1564. ldiv(rdiv(rdiv(op6, op3), X), sk_a) -> ldiv(rdiv(sk_a, X), rdiv(op5, op4))
(50.285713) 1565. ldiv(rdiv(op5, op4), rdiv(sk_a, X)) -> ldiv(sk_a, rdiv(rdiv(op6, op3), X))
(50.285713) 1566. ldiv(rdiv(rdiv(op3, op4), X), sk_b) -> ldiv(rdiv(sk_a, X), rdiv(op6, sk_c))
(50.285713) 1567. ldiv(rdiv(op6, sk_c), rdiv(sk_a, X)) -> ldiv(sk_b, rdiv(rdiv(op3, op4), X))
(50.285713) 1568. ldiv(rdiv(rdiv(op7, op4), X), op5) -> ldiv(rdiv(sk_a, X), rdiv(op6, sk_a))
(50.285713) 1569. ldiv(rdiv(op6, sk_a), rdiv(sk_a, X)) -> ldiv(op5, rdiv(rdiv(op7, op4), X))
(50.285713) 1570. ldiv(rdiv(rdiv(op4, op4), X), sk_b) -> ldiv(rdiv(sk_a, X), rdiv(op6, op2))
(50.285713) 1571. ldiv(rdiv(op6, op2), rdiv(sk_a, X)) -> ldiv(sk_b, rdiv(rdiv(op4, op4), X))
(50.285713) 1572. ldiv(rdiv(rdiv(op5, op4), X), sk_a) -> ldiv(rdiv(sk_a, X), rdiv(op6, op3))
(50.285713) 1573. ldiv(rdiv(op6, op3), rdiv(sk_a, X)) -> ldiv(sk_a, rdiv(rdiv(op5, op4), X))
(50.285713) 1574. ldiv(op(rdiv(op3, sk_a), X), sk_b) -> ldiv(op(op5, X), rdiv(op7, sk_c))
(50.285713) 1575. ldiv(op(rdiv(op3, op2), X), sk_b) -> ldiv(op(sk_b, X), rdiv(op4, sk_c))
(50.285713) 1576. ldiv(op(rdiv(op3, op3), X), sk_b) -> ldiv(op(sk_a, X), rdiv(op5, sk_c))
(50.285713) 1577. ldiv(op(rdiv(op3, op4), X), sk_b) -> ldiv(op(sk_a, X), rdiv(op6, sk_c))
(50.285713) 1578. ldiv(op(rdiv(op7, sk_c), X), op5) -> ldiv(op(sk_b, X), rdiv(op3, sk_a))
(50.285713) 1579. ldiv(op(rdiv(op7, op2), X), op5) -> ldiv(op(sk_b, X), rdiv(op4, sk_a))
(50.285713) 1580. ldiv(op(rdiv(op7, op3), X), op5) -> ldiv(op(sk_a, X), rdiv(op5, sk_a))
(50.285713) 1581. ldiv(op(rdiv(op7, op4), X), op5) -> ldiv(op(sk_a, X), rdiv(op6, sk_a))
(50.285713) 1582. ldiv(op(rdiv(op4, sk_c), X), sk_b) -> ldiv(op(sk_b, X), rdiv(op3, op2))
(50.285713) 1583. ldiv(op(rdiv(op4, sk_a), X), sk_b) -> ldiv(op(op5, X), rdiv(op7, op2))
(50.285713) 1584. ldiv(op(rdiv(op4, op3), X), sk_b) -> ldiv(op(sk_a, X), rdiv(op5, op2))
(50.285713) 1585. ldiv(op(rdiv(op4, op4), X), sk_b) -> ldiv(op(sk_a, X), rdiv(op6, op2))
(50.285713) 1586. ldiv(op(rdiv(op5, sk_c), X), sk_a) -> ldiv(op(sk_b, X), rdiv(op3, op3))
(50.285713) 1587. ldiv(op(rdiv(op5, sk_a), X), sk_a) -> ldiv(op(op5, X), rdiv(op7, op3))
(50.285713) 1588. ldiv(op(rdiv(op5, op2), X), sk_a) -> ldiv(op(sk_b, X), rdiv(op4, op3))
(50.285713) 1589. ldiv(op(rdiv(op5, op4), X), sk_a) -> ldiv(op(sk_a, X), rdiv(op6, op3))
(50.285713) 1590. ldiv(op(rdiv(op6, sk_c), X), sk_a) -> ldiv(op(sk_b, X), rdiv(op3, op4))
(50.285713) 1591. ldiv(op(rdiv(op6, sk_a), X), sk_a) -> ldiv(op(op5, X), rdiv(op7, op4))
(50.285713) 1592. ldiv(op(rdiv(op6, op2), X), sk_a) -> ldiv(op(sk_b, X), rdiv(op4, op4))
(50.285713) 1593. ldiv(op(rdiv(op6, op3), X), sk_a) -> ldiv(op(sk_a, X), rdiv(op5, op4))
(50.285713) 1594. ldiv(op(op5, sk_c), rdiv(op7, X)) -> ldiv(op3, rdiv(op(sk_b, sk_a), X))
(50.285713) 1595. ldiv(op(sk_a, sk_c), rdiv(op5, X)) -> ldiv(op3, rdiv(op(sk_b, op3), X))
(50.285713) 1596. ldiv(op(sk_a, sk_c), rdiv(op6, X)) -> ldiv(op3, rdiv(op(sk_b, op4), X))
(50.285713) 1597. ldiv(op(sk_b, sk_a), rdiv(op4, X)) -> ldiv(op7, rdiv(op(op5, op2), X))
(50.285713) 1598. ldiv(op(sk_a, sk_a), rdiv(op5, X)) -> ldiv(op7, rdiv(op(op5, op3), X))
(50.285713) 1599. ldiv(op(sk_a, sk_a), rdiv(op6, X)) -> ldiv(op7, rdiv(op(op5, op4), X))
(50.285713) 1600. ldiv(op(sk_a, op2), rdiv(op5, X)) -> ldiv(op4, rdiv(op(sk_b, op3), X))
(50.285713) 1601. ldiv(op(sk_a, op2), rdiv(op6, X)) -> ldiv(op4, rdiv(op(sk_b, op4), X))
(50.285713) 1602. ldiv(op(rdiv(op3, X), sk_c), sk_b) -> ldiv(op3, rdiv(op(sk_b, X), sk_c))
(50.285713) 1603. ldiv(op(rdiv(op3, X), op2), sk_b) -> ldiv(op4, rdiv(op(sk_b, X), sk_c))
(50.285713) 1604. ldiv(op(rdiv(op3, X), op3), sk_b) -> ldiv(op5, rdiv(op(sk_a, X), sk_c))
(50.285713) 1605. ldiv(op(rdiv(op3, X), op4), sk_b) -> ldiv(op6, rdiv(op(sk_a, X), sk_c))
(50.285713) 1606. ldiv(op(rdiv(op7, X), sk_c), op5) -> ldiv(op3, rdiv(op(sk_b, X), sk_a))
(50.285713) 1607. ldiv(op(rdiv(op7, X), op2), op5) -> ldiv(op4, rdiv(op(sk_b, X), sk_a))
(50.285713) 1608. ldiv(op(rdiv(op7, X), op3), op5) -> ldiv(op5, rdiv(op(sk_a, X), sk_a))
(50.285713) 1609. ldiv(op(rdiv(op7, X), op4), op5) -> ldiv(op6, rdiv(op(sk_a, X), sk_a))
(50.285713) 1610. ldiv(op(rdiv(op4, X), sk_c), sk_b) -> ldiv(op3, rdiv(op(sk_b, X), op2))
(50.285713) 1611. ldiv(op(rdiv(op4, X), op2), sk_b) -> ldiv(op4, rdiv(op(sk_b, X), op2))
(50.285713) 1612. ldiv(op(rdiv(op4, X), op3), sk_b) -> ldiv(op5, rdiv(op(sk_a, X), op2))
(50.285713) 1613. ldiv(op(rdiv(op4, X), op4), sk_b) -> ldiv(op6, rdiv(op(sk_a, X), op2))
(50.285713) 1614. ldiv(op(rdiv(op5, X), sk_c), sk_a) -> ldiv(op3, rdiv(op(sk_b, X), op3))
(50.285713) 1615. ldiv(op(rdiv(op5, X), op2), sk_a) -> ldiv(op4, rdiv(op(sk_b, X), op3))
(50.285713) 1616. ldiv(op(rdiv(op5, X), op3), sk_a) -> ldiv(op5, rdiv(op(sk_a, X), op3))
(50.285713) 1617. ldiv(op(rdiv(op5, X), op4), sk_a) -> ldiv(op6, rdiv(op(sk_a, X), op3))
(50.285713) 1618. ldiv(op(rdiv(op6, X), sk_c), sk_a) -> ldiv(op3, rdiv(op(sk_b, X), op4))
(50.285713) 1619. ldiv(op(rdiv(op6, X), op2), sk_a) -> ldiv(op4, rdiv(op(sk_b, X), op4))
(50.285713) 1620. ldiv(op(rdiv(op6, X), op3), sk_a) -> ldiv(op5, rdiv(op(sk_a, X), op4))
(50.285713) 1621. ldiv(op(rdiv(op6, X), op4), sk_a) -> ldiv(op6, rdiv(op(sk_a, X), op4))
(50.285713) 1622. ldiv(op(sk_b, sk_a), rdiv(op3, X)) -> ldiv(op7, rdiv(op(op5, sk_c), X))
(50.285713) 1623. ldiv(op(sk_b, op3), rdiv(op3, X)) -> ldiv(op5, rdiv(op(sk_a, sk_c), X))
(50.285713) 1624. ldiv(op(sk_b, op4), rdiv(op3, X)) -> ldiv(op6, rdiv(op(sk_a, sk_c), X))
(50.285713) 1625. ldiv(op(sk_b, op3), rdiv(op4, X)) -> ldiv(op5, rdiv(op(sk_a, op2), X))
(50.285713) 1626. ldiv(op(sk_b, op4), rdiv(op4, X)) -> ldiv(op6, rdiv(op(sk_a, op2), X))
(50.42857) 1627. ldiv(rdiv(X, Y), ldiv(?, op(op(?, X), Y))) -> op(Y, Y)
(40.14286) 1628. rdiv(ldiv(X, Y), ldiv(Y, X)) -> ldiv(X, ldiv(rdiv(X, Y), Y))
  (simplifying rules with respect to one another...)
  (delete rule 26)
  (delete rule 27)
  (delete rule 28)
  (delete rule 29)
  (delete rule 30)
  (delete rule 31)
  (delete rule 32)
  (delete rule 34)
  (delete rule 36)
  (delete rule 38)
  (delete rule 39)
  (delete rule 40)
  (delete rule 41)
  (delete rule 43)
  (delete rule 44)
  (delete rule 46)
  (delete rule 48)
  (delete rule 50)
  (delete rule 52)
  (delete rule 53)
  (delete rule 55)
  (delete rule 60)
  (delete rule 64)
  (delete rule 71)
  (delete rule 72)
  (delete rule 73)
  (delete rule 74)
  (delete rule 75)
  (delete rule 76)
  (delete rule 77)
  (delete rule 78)
  (delete rule 79)
  (delete rule 80)
  (delete rule 81)
  (delete rule 82)
  (delete rule 83)
  (delete rule 84)
  (delete rule 85)
  (delete rule 86)
  (delete rule 87)
  (delete rule 88)
  (delete rule 89)
  (delete rule 90)
  (delete rule 91)
  (delete rule 92)
  (delete rule 93)
  (delete rule 99)
  (delete rule 100)
  (delete rule 101)
  (delete rule 102)
  (delete rule 103)
  (delete rule 127)
  (delete rule 128)
  (delete rule 129)
  (delete rule 130)
  (delete rule 134)
  (delete rule 136)
  (delete rule 144)
  (delete rule 151)
  (delete rule 152)
  (delete rule 153)
  (delete rule 154)
  (delete rule 155)
  (delete rule 156)
  (delete rule 157)
  (delete rule 159)
  (delete rule 166)
  (delete rule 167)
  (delete rule 168)
  (delete rule 169)
  (delete rule 170)
  (delete rule 171)
  (delete rule 172)
  (delete rule 173)
  (delete rule 174)
  (delete rule 175)
  (delete rule 176)
  (delete rule 177)
  (delete rule 178)
  (delete rule 179)
  (delete rule 180)
  (delete rule 181)
  (delete rule 182)
  (delete rule 184)
  (delete rule 185)
  (delete rule 187)
  (delete rule 188)
  (delete rule 190)
  (delete rule 191)
  (delete rule 193)
  (delete rule 194)
  (delete rule 196)
  (delete rule 198)
  (delete rule 200)
  (delete rule 201)
  (delete rule 202)
  (delete rule 203)
  (delete rule 204)
  (delete rule 205)
  (delete rule 206)
  (delete rule 207)
  (delete rule 208)
  (delete rule 209)
  (delete rule 210)
  (delete rule 211)
  (delete rule 212)
  (delete rule 213)
  (delete rule 219)
  (delete rule 220)
  (delete rule 221)
  (delete rule 222)
  (delete rule 223)
  (delete rule 248)
  (delete rule 249)
  (delete rule 250)
  (delete rule 251)
  (delete rule 252)
  (delete rule 253)
  (delete rule 254)
  (delete rule 255)
  (delete rule 256)
  (delete rule 257)
  (delete rule 258)
  (delete rule 259)
  (delete rule 260)
  (delete rule 261)
  (delete rule 262)
  (delete rule 263)
  (delete rule 264)
  (delete rule 265)
  (delete rule 266)
  (delete rule 267)
  (delete rule 268)
  (delete rule 269)
  (delete rule 270)
  (delete rule 271)
  (delete rule 272)
  (delete rule 276)
  (delete rule 277)
  (delete rule 278)
  (delete rule 279)
  (delete rule 280)
  (delete rule 281)
  (delete rule 282)
  (delete rule 283)
  (delete rule 284)
  (delete rule 318)
  (delete rule 319)
  (delete rule 320)
  (delete rule 323)
  (delete rule 324)
  (delete rule 325)
  (delete rule 326)
  (delete rule 328)
  (delete rule 329)
  (delete rule 331)
  (delete rule 332)
  (delete rule 333)
  (delete rule 335)
  (delete rule 336)
  (delete rule 337)
  (delete rule 339)
  (delete rule 340)
  (delete rule 341)
  (delete rule 343)
  (delete rule 344)
  (delete rule 345)
  (delete rule 346)
  (delete rule 347)
  (delete rule 348)
  (delete rule 349)
  (delete rule 350)
  (delete rule 351)
  (delete rule 352)
  (delete rule 353)
  (delete rule 354)
  (delete rule 355)
  (delete rule 356)
  (delete rule 357)
  (delete rule 358)
  (delete rule 359)
  (delete rule 360)
(44.85714) 1629. rdiv(X, ldiv(?, rdiv(rdiv(?, Y), Z))) -> op(op(X, Z), Y)
  (delete rule 362)
  (delete rule 365)
  (delete rule 366)
  (delete rule 367)
  (delete rule 368)
  (delete rule 369)
  (delete rule 370)
(43.571426) 1630. ldiv(op(op(?, X), Y), ?) -> ldiv(?, rdiv(rdiv(?, Y), X))
  (delete rule 372)
  (delete rule 373)
  (delete rule 374)
  (delete rule 375)
  (delete rule 376)
  (delete rule 377)
  (delete rule 383)
  (delete rule 384)
  (delete rule 385)
  (delete rule 386)
  (delete rule 387)
  (delete rule 388)
  (delete rule 389)
  (delete rule 390)
  (delete rule 391)
  (delete rule 392)
  (delete rule 393)
  (delete rule 394)
  (delete rule 395)
  (delete rule 401)
  (delete rule 404)
  (delete rule 405)
  (delete rule 406)
  (delete rule 407)
  (delete rule 408)
  (delete rule 430)
  (delete rule 433)
  (delete rule 434)
  (delete rule 435)
  (delete rule 436)
  (delete rule 437)
  (delete rule 439)
(44.285713) 1631. ldiv(op(op4, sk_a), op(sk_b, X)) -> ldiv(op7, op(rdiv(op5, op2), X))
  (delete rule 440)
  (delete rule 442)
  (delete rule 443)
  (delete rule 445)
  (delete rule 447)
  (delete rule 449)
  (delete rule 451)
  (delete rule 453)
  (delete rule 454)
  (delete rule 455)
  (delete rule 456)
  (delete rule 457)
  (delete rule 458)
  (delete rule 471)
  (delete rule 472)
  (delete rule 473)
  (delete rule 477)
  (delete rule 478)
  (delete rule 479)
  (delete rule 480)
  (delete rule 481)
  (delete rule 482)
  (delete rule 483)
  (delete rule 484)
  (delete rule 485)
  (delete rule 486)
  (delete rule 487)
  (delete rule 488)
  (delete rule 489)
  (delete rule 490)
  (delete rule 491)
  (delete rule 492)
  (delete rule 493)
  (delete rule 494)
  (delete rule 495)
  (delete rule 496)
  (delete rule 497)
  (delete rule 498)
  (delete rule 499)
  (delete rule 500)
  (delete rule 501)
  (delete rule 503)
  (delete rule 504)
  (delete rule 505)
  (delete rule 507)
  (delete rule 508)
  (delete rule 509)
  (delete rule 510)
  (delete rule 512)
  (delete rule 513)
  (delete rule 514)
  (delete rule 516)
  (delete rule 517)
  (delete rule 518)
  (delete rule 520)
  (delete rule 521)
  (delete rule 522)
  (delete rule 523)
  (delete rule 524)
  (delete rule 525)
  (delete rule 531)
  (delete rule 537)
  (delete rule 538)
  (delete rule 539)
  (delete rule 540)
  (delete rule 541)
  (delete rule 542)
  (delete rule 543)
  (delete rule 544)
  (delete rule 545)
  (delete rule 546)
  (delete rule 547)
  (delete rule 548)
  (delete rule 554)
  (delete rule 555)
  (delete rule 556)
  (delete rule 557)
  (delete rule 559)
  (delete rule 560)
  (delete rule 561)
  (delete rule 562)
  (delete rule 563)
  (delete rule 564)
  (delete rule 567)
(53.571426) 1632. ldiv(op(op(?, X), Y), op(?, sk_a)) -> ldiv(op(op(op5, X), Y), op7)
  (delete rule 568)
  (delete rule 570)
  (delete rule 571)
  (delete rule 572)
  (delete rule 574)
  (delete rule 576)
  (delete rule 586)
  (delete rule 592)
  (delete rule 593)
  (delete rule 594)
  (delete rule 595)
  (delete rule 596)
  (delete rule 597)
  (delete rule 598)
  (delete rule 599)
  (delete rule 600)
  (delete rule 601)
  (delete rule 607)
  (delete rule 608)
  (delete rule 609)
  (delete rule 610)
  (delete rule 611)
  (delete rule 612)
  (delete rule 613)
  (delete rule 614)
  (delete rule 615)
  (delete rule 616)
  (delete rule 640)
  (delete rule 641)
  (delete rule 642)
  (delete rule 643)
  (delete rule 644)
  (delete rule 650)
  (delete rule 651)
  (delete rule 652)
  (delete rule 653)
  (delete rule 654)
  (delete rule 660)
  (delete rule 661)
  (delete rule 662)
  (delete rule 663)
  (delete rule 664)
  (delete rule 665)
  (delete rule 666)
  (delete rule 667)
  (delete rule 668)
  (delete rule 669)
  (delete rule 670)
  (delete rule 671)
  (delete rule 672)
  (delete rule 673)
  (delete rule 674)
  (delete rule 675)
  (delete rule 676)
  (delete rule 677)
  (delete rule 678)
  (delete rule 679)
  (delete rule 680)
  (delete rule 681)
  (delete rule 682)
  (delete rule 690)
  (delete rule 692)
  (delete rule 694)
  (delete rule 696)
  (delete rule 698)
  (delete rule 701)
  (delete rule 715)
  (delete rule 716)
  (delete rule 717)
  (delete rule 718)
  (delete rule 719)
  (delete rule 720)
  (delete rule 721)
  (delete rule 722)
  (delete rule 723)
  (delete rule 736)
  (delete rule 740)
  (delete rule 743)
  (delete rule 744)
  (delete rule 746)
  (delete rule 748)
  (delete rule 749)
  (delete rule 750)
  (delete rule 751)
  (delete rule 752)
  (delete rule 753)
  (delete rule 763)
  (delete rule 764)
  (delete rule 765)
  (delete rule 766)
  (delete rule 767)
  (delete rule 769)
  (delete rule 770)
  (delete rule 771)
  (delete rule 773)
  (delete rule 782)
(55.571426) 1633. ldiv(op(op(?, X), Y), rdiv(?, sk_a)) -> ldiv(op(op(op7, X), Y), op5)
  (delete rule 783)
  (delete rule 789)
  (delete rule 792)
  (delete rule 803)
  (delete rule 804)
  (delete rule 805)
  (delete rule 806)
  (delete rule 810)
  (delete rule 811)
  (delete rule 812)
  (delete rule 813)
  (delete rule 814)
  (delete rule 815)
  (delete rule 816)
  (delete rule 817)
  (delete rule 818)
  (delete rule 868)
  (delete rule 869)
  (delete rule 875)
  (delete rule 881)
  (delete rule 887)
  (delete rule 893)
  (delete rule 899)
  (delete rule 901)
  (delete rule 905)
  (delete rule 911)
  (delete rule 916)
  (delete rule 921)
  (delete rule 925)
  (delete rule 926)
  (delete rule 927)
  (delete rule 928)
  (delete rule 960)
  (delete rule 961)
  (delete rule 962)
  (delete rule 963)
  (delete rule 965)
  (delete rule 966)
  (delete rule 967)
  (delete rule 968)
  (delete rule 975)
  (delete rule 976)
  (delete rule 977)
  (delete rule 978)
  (delete rule 980)
  (delete rule 1001)
  (delete rule 1012)
  (delete rule 1018)
  (delete rule 1023)
  (delete rule 1030)
  (delete rule 1031)
  (delete rule 1032)
  (delete rule 1033)
  (delete rule 1034)
  (delete rule 1035)
  (delete rule 1036)
  (delete rule 1037)
  (delete rule 1038)
  (delete rule 1039)
  (delete rule 1040)
  (delete rule 1041)
  (delete rule 1042)
  (delete rule 1043)
  (delete rule 1044)
  (delete rule 1045)
  (delete rule 1046)
  (delete rule 1047)
  (delete rule 1048)
  (delete rule 1049)
  (delete rule 1050)
  (delete rule 1051)
  (delete rule 1052)
  (delete rule 1053)
  (delete rule 1054)
  (delete rule 1055)
  (delete rule 1056)
  (delete rule 1057)
  (delete rule 1058)
  (delete rule 1059)
  (delete rule 1060)
  (delete rule 1061)
  (delete rule 1062)
  (delete rule 1063)
  (delete rule 1064)
  (delete rule 1065)
  (delete rule 1066)
  (delete rule 1067)
  (delete rule 1068)
  (delete rule 1069)
  (delete rule 1070)
  (delete rule 1071)
  (delete rule 1072)
  (delete rule 1073)
  (delete rule 1074)
  (delete rule 1075)
  (delete rule 1076)
  (delete rule 1077)
  (delete rule 1078)
  (delete rule 1079)
  (delete rule 1080)
  (delete rule 1081)
  (delete rule 1082)
  (delete rule 1083)
  (delete rule 1084)
  (delete rule 1085)
  (delete rule 1086)
  (delete rule 1087)
  (delete rule 1088)
  (delete rule 1089)
  (delete rule 1090)
  (delete rule 1091)
  (delete rule 1092)
  (delete rule 1093)
  (delete rule 1094)
  (delete rule 1095)
  (delete rule 1096)
  (delete rule 1097)
  (delete rule 1098)
  (delete rule 1099)
  (delete rule 1100)
  (delete rule 1101)
  (delete rule 1102)
  (delete rule 1103)
  (delete rule 1104)
  (delete rule 1105)
  (delete rule 1106)
  (delete rule 1107)
  (delete rule 1108)
  (delete rule 1109)
  (delete rule 1110)
  (delete rule 1111)
  (delete rule 1112)
  (delete rule 1113)
  (delete rule 1114)
  (delete rule 1115)
  (delete rule 1116)
  (delete rule 1117)
  (delete rule 1118)
  (delete rule 1119)
  (delete rule 1120)
  (delete rule 1121)
  (delete rule 1122)
  (delete rule 1123)
  (delete rule 1124)
  (delete rule 1125)
  (delete rule 1126)
  (delete rule 1127)
  (delete rule 1128)
  (delete rule 1129)
  (delete rule 1130)
  (delete rule 1131)
  (delete rule 1132)
  (delete rule 1133)
  (delete rule 1134)
  (delete rule 1135)
  (delete rule 1136)
  (delete rule 1137)
  (delete rule 1138)
  (delete rule 1139)
  (delete rule 1140)
  (delete rule 1141)
  (delete rule 1142)
  (delete rule 1143)
  (delete rule 1144)
  (delete rule 1145)
  (delete rule 1146)
  (delete rule 1147)
  (delete rule 1148)
  (delete rule 1149)
  (delete rule 1150)
  (delete rule 1151)
  (delete rule 1152)
  (delete rule 1153)
  (delete rule 1154)
  (delete rule 1155)
  (delete rule 1156)
  (delete rule 1157)
  (delete rule 1158)
  (delete rule 1159)
  (delete rule 1160)
  (delete rule 1161)
  (delete rule 1162)
  (delete rule 1163)
  (delete rule 1164)
  (delete rule 1165)
  (delete rule 1166)
  (delete rule 1167)
  (delete rule 1168)
  (delete rule 1169)
  (delete rule 1170)
  (delete rule 1171)
  (delete rule 1172)
  (delete rule 1173)
  (delete rule 1174)
  (delete rule 1175)
  (delete rule 1176)
  (delete rule 1177)
  (delete rule 1178)
  (delete rule 1179)
  (delete rule 1180)
  (delete rule 1181)
  (delete rule 1182)
  (delete rule 1183)
  (delete rule 1195)
  (delete rule 1196)
  (delete rule 1197)
  (delete rule 1198)
  (delete rule 1199)
  (delete rule 1217)
  (delete rule 1224)
  (delete rule 1231)
  (delete rule 1280)
  (delete rule 1282)
  (delete rule 1284)
  (delete rule 1286)
  (delete rule 1288)
  (delete rule 1406)
(50.285713) 1634. ldiv(rdiv(sk_c, sk_c), rdiv(op2, X)) -> ldiv(sk_b, rdiv(op(op3, sk_a), X))
  (delete rule 1440)
(50.285713) 1635. ldiv(rdiv(sk_c, sk_a), rdiv(op2, X)) -> ldiv(op5, rdiv(op(op7, sk_a), X))
  (delete rule 1471)
(50.285713) 1636. ldiv(rdiv(sk_c, op2), rdiv(op2, X)) -> ldiv(sk_b, rdiv(op(op4, sk_a), X))
  (delete rule 1523)
(50.285713) 1637. ldiv(rdiv(sk_c, op4), rdiv(op2, X)) -> ldiv(sk_a, rdiv(op(op6, sk_a), X))
(47.857143) 1638. ldiv(rdiv(X, sk_c), ldiv(rdiv(sk_b, X), op3)) -> op(sk_c, sk_c)
(47.857143) 1639. ldiv(rdiv(X, op2), ldiv(rdiv(sk_b, X), op4)) -> op(op2, op2)
(47.857143) 1640. ldiv(rdiv(X, op3), ldiv(rdiv(sk_a, X), op5)) -> op(op3, op3)
(47.857143) 1641. ldiv(rdiv(X, op4), ldiv(rdiv(sk_a, X), op6)) -> op(op4, op4)
(47.857143) 1642. ldiv(rdiv(X, sk_a), ldiv(rdiv(op5, X), op7)) -> op(sk_a, sk_a)
(49.857143) 1643. ldiv(rdiv(ldiv(X, sk_b), sk_c), ldiv(X, op3)) -> op(sk_c, sk_c)
(49.857143) 1644. ldiv(rdiv(ldiv(X, sk_b), op2), ldiv(X, op4)) -> op(op2, op2)
(49.857143) 1645. ldiv(rdiv(ldiv(X, sk_a), op3), ldiv(X, op5)) -> op(op3, op3)
(49.857143) 1646. ldiv(rdiv(ldiv(X, sk_a), op4), ldiv(X, op6)) -> op(op4, op4)
(49.857143) 1647. ldiv(rdiv(ldiv(X, op5), sk_a), ldiv(X, op7)) -> op(sk_a, sk_a)
(50.42857) 1648. rdiv(ldiv(?, op(op(?, X), Y)), op(Y, Y)) -> rdiv(X, Y)
(46.428574) 1649. rdiv(ldiv(?, op(X, Y)), op(Y, Y)) -> rdiv(ldiv(?, X), Y)
(49.142857) 1650. rdiv(ldiv(op3, op(sk_b, X)), op(X, X)) -> rdiv(ldiv(op3, sk_b), X)
(49.142857) 1651. rdiv(ldiv(op7, op(op5, X)), op(X, X)) -> rdiv(ldiv(op7, op5), X)
(49.142857) 1652. rdiv(ldiv(op4, op(sk_b, X)), op(X, X)) -> rdiv(ldiv(op4, sk_b), X)
(49.142857) 1653. rdiv(ldiv(op5, op(sk_a, X)), op(X, X)) -> rdiv(ldiv(op5, sk_a), X)
(49.142857) 1654. rdiv(ldiv(op6, op(sk_a, X)), op(X, X)) -> rdiv(ldiv(op6, sk_a), X)
(50.571426) 1655. op(rdiv(X, op(Y, op(Y, Y))), Y) -> ldiv(?, rdiv(op(?, rdiv(X, Y)), Y))
(50.571426) 1656. ldiv(rdiv(op(X, Y), Z), op(X, W)) -> ldiv(?, op(rdiv(op(?, Z), Y), W))
(50.85714) 1657. ldiv(rdiv(rdiv(op(?, X), Y), Z), ?) -> ldiv(?, rdiv(op(op(?, Z), Y), X))
(50.571426) 1658. ldiv(rdiv(X, Y), op(op(X, Z), W)) -> ldiv(?, op(op(op(?, Y), Z), W))
(50.571426) 1659. ldiv(rdiv(X, Y), rdiv(op(X, Z), W)) -> ldiv(?, rdiv(op(op(?, Y), Z), W))
(50.571426) 1660. ldiv(rdiv(X, Y), op(rdiv(X, Z), W)) -> ldiv(?, op(rdiv(op(?, Y), Z), W))
(50.571426) 1661. ldiv(op(op(X, Y), Z), op(X, W)) -> ldiv(?, op(rdiv(rdiv(?, Z), Y), W))
(50.714287) 1662. op(rdiv(X, op(op(X, X), X)), op(X, X)) -> ldiv(?, ?)
(50.85714) 1663. ldiv(rdiv(rdiv(rdiv(?, X), Y), Z), ?) -> ldiv(?, op(op(op(?, Z), Y), X))
(51.0) 1664. ldiv(ldiv(rdiv(sk_a, op5), op5), sk_a) -> ldiv(?, rdiv(?, op(op3, op3)))
(51.0) 1665. ldiv(ldiv(rdiv(sk_a, op6), op6), sk_a) -> ldiv(?, rdiv(?, op(op4, op4)))
(51.0) 1666. ldiv(ldiv(rdiv(op5, op7), op7), op5) -> ldiv(?, rdiv(?, op(sk_a, sk_a)))
(51.0) 1667. op(rdiv(sk_c, op(op(sk_a, sk_a), sk_a)), op(sk_a, sk_a)) -> ldiv(sk_b, rdiv(op4, op(sk_a, sk_a)))
(51.0) 1668. rdiv(rdiv(sk_a, op(sk_a, sk_a)), op3) -> rdiv(ldiv(?, ?), ldiv(sk_a, op7))
(51.0) 1669. ldiv(ldiv(rdiv(op3, ?), sk_b), ?) -> ldiv(?, ldiv(rdiv(sk_b, ?), op3))
(51.0) 1670. ldiv(ldiv(rdiv(op7, ?), op5), ?) -> ldiv(?, ldiv(rdiv(op5, ?), op7))
(51.0) 1671. ldiv(ldiv(rdiv(op4, ?), sk_b), ?) -> ldiv(?, ldiv(rdiv(sk_b, ?), op4))
(51.0) 1672. ldiv(ldiv(rdiv(op5, ?), sk_a), ?) -> ldiv(?, ldiv(rdiv(sk_a, ?), op5))
(51.0) 1673. ldiv(ldiv(rdiv(op6, ?), sk_a), ?) -> ldiv(?, ldiv(rdiv(sk_a, ?), op6))
(51.0) 1674. ldiv(ldiv(rdiv(sk_b, op5), op4), op7) -> ldiv(ldiv(sk_b, op(op3, op2)), op2)
(51.0) 1675. ldiv(ldiv(rdiv(op7, op5), op5), op5) -> ldiv(ldiv(sk_b, rdiv(op3, sk_a)), sk_c)
(51.0) 1676. ldiv(ldiv(rdiv(sk_a, op5), op5), op7) -> ldiv(ldiv(sk_b, op(op3, op3)), op2)
(51.0) 1677. ldiv(ldiv(rdiv(sk_b, op5), op4), op5) -> ldiv(ldiv(sk_b, op(op3, op2)), sk_c)
(51.0) 1678. ldiv(ldiv(sk_a, op(op5, sk_c)), op3) -> ldiv(sk_c, ldiv(?, ?))
(51.0) 1679. ldiv(?, ldiv(rdiv(sk_b, ?), op3)) -> ldiv(ldiv(?, ?), sk_c)
(51.0) 1680. ldiv(ldiv(sk_b, op(op4, sk_a)), op2) -> ldiv(sk_a, ldiv(?, ?))
(51.0) 1681. ldiv(op2, ldiv(sk_b, op(op4, sk_a))) -> ldiv(ldiv(?, ?), sk_a)
(51.0) 1682. ldiv(ldiv(sk_a, op(op6, op2)), op4) -> ldiv(op2, ldiv(?, ?))
(51.0) 1683. ldiv(?, ldiv(rdiv(sk_b, ?), op4)) -> ldiv(ldiv(?, ?), op2)
(51.0) 1684. ldiv(ldiv(rdiv(sk_a, op5), op5), op5) -> ldiv(op3, ldiv(?, ?))
(51.0) 1685. ldiv(?, ldiv(rdiv(sk_a, ?), op5)) -> ldiv(ldiv(?, ?), op3)
(51.0) 1686. ldiv(ldiv(rdiv(sk_a, op6), op6), op6) -> ldiv(op4, ldiv(?, ?))
(51.0) 1687. ldiv(?, ldiv(rdiv(sk_a, ?), op6)) -> ldiv(ldiv(?, ?), op4)
(51.0) 1688. ldiv(ldiv(rdiv(op5, op7), op7), op7) -> ldiv(sk_a, ldiv(?, ?))
(51.0) 1689. ldiv(?, ldiv(rdiv(op5, ?), op7)) -> ldiv(ldiv(?, ?), sk_a)
(51.0) 1690. ldiv(op(rdiv(sk_a, op5), sk_c), op5) -> ldiv(op3, op(op(sk_b, op5), op3))
(51.0) 1691. ldiv(op(rdiv(sk_a, op5), op2), op5) -> ldiv(op4, op(op(sk_b, op5), op3))
(51.0) 1692. ldiv(op(rdiv(sk_a, op5), op3), op5) -> ldiv(op5, op(op(sk_a, op5), op3))
(51.0) 1693. ldiv(op(rdiv(sk_a, op5), op4), op5) -> ldiv(op6, op(op(sk_a, op5), op3))
(51.0) 1694. ldiv(op(rdiv(sk_a, op5), sk_a), op5) -> ldiv(op7, op(op(op5, op5), op3))
(51.0) 1695. ldiv(op(rdiv(sk_a, op6), sk_c), op6) -> ldiv(op3, op(op(sk_b, op6), op4))
(51.0) 1696. ldiv(op(rdiv(sk_a, op6), op2), op6) -> ldiv(op4, op(op(sk_b, op6), op4))
(51.0) 1697. ldiv(op(rdiv(sk_a, op6), op3), op6) -> ldiv(op5, op(op(sk_a, op6), op4))
(51.0) 1698. ldiv(op(rdiv(sk_a, op6), op4), op6) -> ldiv(op6, op(op(sk_a, op6), op4))
(51.0) 1699. ldiv(op(rdiv(sk_a, op6), sk_a), op6) -> ldiv(op7, op(op(op5, op6), op4))
(51.0) 1700. ldiv(op(rdiv(op5, op7), sk_c), op7) -> ldiv(op3, op(op(sk_b, op7), sk_a))
(51.0) 1701. ldiv(op(rdiv(op5, op7), op2), op7) -> ldiv(op4, op(op(sk_b, op7), sk_a))
(51.0) 1702. ldiv(op(rdiv(op5, op7), op3), op7) -> ldiv(op5, op(op(sk_a, op7), sk_a))
(51.0) 1703. ldiv(op(rdiv(op5, op7), op4), op7) -> ldiv(op6, op(op(sk_a, op7), sk_a))
(51.0) 1704. ldiv(op(rdiv(op5, op7), sk_a), op7) -> ldiv(op7, op(op(op5, op7), sk_a))
(51.142857) 1705. ldiv(op(op(rdiv(X, Y), op3), sk_c), X) -> ldiv(op3, op(rdiv(sk_b, op3), Y))
(51.142857) 1706. ldiv(op(op(rdiv(X, Y), op2), sk_a), X) -> ldiv(op7, op(rdiv(op5, op2), Y))
(51.142857) 1707. ldiv(op(op(rdiv(X, Y), op4), op2), X) -> ldiv(op4, op(rdiv(sk_b, op4), Y))
(51.142857) 1708. ldiv(op(op(rdiv(X, Y), op5), op3), X) -> ldiv(op5, op(rdiv(sk_a, op5), Y))
(51.142857) 1709. ldiv(op(op(rdiv(X, Y), op6), op4), X) -> ldiv(op6, op(rdiv(sk_a, op6), Y))
(51.142857) 1710. ldiv(op(op(rdiv(X, Y), op7), sk_a), X) -> ldiv(op7, op(rdiv(op5, op7), Y))
(51.142857) 1711. ldiv(X, op(rdiv(rdiv(X, sk_c), op3), Y)) -> ldiv(op3, op(rdiv(sk_b, op3), Y))
(51.142857) 1712. ldiv(X, op(rdiv(rdiv(X, sk_a), op2), Y)) -> ldiv(op7, op(rdiv(op5, op2), Y))
(51.142857) 1713. ldiv(X, op(rdiv(rdiv(X, op2), op4), Y)) -> ldiv(op4, op(rdiv(sk_b, op4), Y))
(51.142857) 1714. ldiv(X, op(rdiv(rdiv(X, op3), op5), Y)) -> ldiv(op5, op(rdiv(sk_a, op5), Y))
(51.142857) 1715. ldiv(X, op(rdiv(rdiv(X, op4), op6), Y)) -> ldiv(op6, op(rdiv(sk_a, op6), Y))
(51.142857) 1716. ldiv(X, op(rdiv(rdiv(X, sk_a), op7), Y)) -> ldiv(op7, op(rdiv(op5, op7), Y))
(59.57143) 1717. ldiv(op(rdiv(op(?, X), Y), sk_a), ?) -> ldiv(op7, rdiv(op(op5, Y), X))
(51.571426) 1718. rdiv(?, ldiv(op(op(op3, X), Y), sk_b)) -> op(op(op(?, sk_c), X), Y)
(51.571426) 1719. rdiv(?, ldiv(op(op(op7, X), Y), op5)) -> op(op(op(?, sk_a), X), Y)
(51.571426) 1720. rdiv(?, ldiv(op(op(op4, X), Y), sk_b)) -> op(op(op(?, op2), X), Y)
(51.571426) 1721. rdiv(?, ldiv(op(op(op5, X), Y), sk_a)) -> op(op(op(?, op3), X), Y)
(51.571426) 1722. rdiv(?, ldiv(op(op(op6, X), Y), sk_a)) -> op(op(op(?, op4), X), Y)
(51.571426) 1723. rdiv(?, ldiv(rdiv(op(op3, X), Y), sk_b)) -> rdiv(op(op(?, sk_c), X), Y)
(51.571426) 1724. rdiv(?, ldiv(rdiv(op(op7, X), Y), op5)) -> rdiv(op(op(?, sk_a), X), Y)
(51.571426) 1725. rdiv(?, ldiv(rdiv(op(op4, X), Y), sk_b)) -> rdiv(op(op(?, op2), X), Y)
(51.571426) 1726. rdiv(?, ldiv(rdiv(op(op5, X), Y), sk_a)) -> rdiv(op(op(?, op3), X), Y)
(51.571426) 1727. rdiv(?, ldiv(rdiv(op(op6, X), Y), sk_a)) -> rdiv(op(op(?, op4), X), Y)
(51.571426) 1728. ldiv(rdiv(rdiv(op2, X), Y), sk_c) -> ldiv(rdiv(rdiv(op7, X), Y), op5)
(51.571426) 1729. ldiv(op(op3, X), rdiv(sk_b, ldiv(Y, ?))) -> ldiv(op(op(?, sk_c), X), Y)
(51.571426) 1730. ldiv(op(op7, X), rdiv(op5, ldiv(Y, ?))) -> ldiv(op(op(?, sk_a), X), Y)
(51.571426) 1731. ldiv(op(op4, X), rdiv(sk_b, ldiv(Y, ?))) -> ldiv(op(op(?, op2), X), Y)
(51.571426) 1732. ldiv(op(op5, X), rdiv(sk_a, ldiv(Y, ?))) -> ldiv(op(op(?, op3), X), Y)
(51.571426) 1733. ldiv(op(op6, X), rdiv(sk_a, ldiv(Y, ?))) -> ldiv(op(op(?, op4), X), Y)
(51.571426) 1734. ldiv(rdiv(sk_c, X), op(op2, Y)) -> ldiv(rdiv(op5, X), op(op7, Y))
(51.571426) 1735. ldiv(rdiv(rdiv(sk_c, X), Y), op2) -> ldiv(rdiv(rdiv(op5, X), Y), op7)
(51.571426) 1736. ldiv(rdiv(sk_c, X), rdiv(op2, Y)) -> ldiv(rdiv(op5, X), rdiv(op7, Y))
(51.571426) 1737. ldiv(rdiv(op(sk_c, X), Y), op2) -> ldiv(rdiv(op(op5, X), Y), op7)
(51.571426) 1738. rdiv(?, ldiv(op(rdiv(op3, X), Y), sk_b)) -> op(rdiv(op(?, sk_c), X), Y)
(51.571426) 1739. rdiv(?, ldiv(op(rdiv(op7, X), Y), op5)) -> op(rdiv(op(?, sk_a), X), Y)
(51.571426) 1740. rdiv(?, ldiv(op(rdiv(op4, X), Y), sk_b)) -> op(rdiv(op(?, op2), X), Y)
(51.571426) 1741. rdiv(?, ldiv(op(rdiv(op5, X), Y), sk_a)) -> op(rdiv(op(?, op3), X), Y)
(51.571426) 1742. rdiv(?, ldiv(op(rdiv(op6, X), Y), sk_a)) -> op(rdiv(op(?, op4), X), Y)
(51.571426) 1743. ldiv(?, op(rdiv(op(?, X), sk_c), Y)) -> ldiv(rdiv(op3, X), op(sk_b, Y))
(51.571426) 1744. ldiv(?, op(rdiv(op(?, X), Y), sk_c)) -> ldiv(rdiv(op(sk_b, Y), X), op3)
(51.571426) 1745. ldiv(?, op(rdiv(op(?, X), sk_a), Y)) -> ldiv(rdiv(op7, X), op(op5, Y))
(51.571426) 1746. ldiv(?, op(rdiv(op(?, X), Y), sk_a)) -> ldiv(rdiv(op(op5, Y), X), op7)
(51.571426) 1747. ldiv(?, op(rdiv(op(?, X), op2), Y)) -> ldiv(rdiv(op4, X), op(sk_b, Y))
(51.571426) 1748. ldiv(?, op(rdiv(op(?, X), Y), op2)) -> ldiv(rdiv(op(sk_b, Y), X), op4)
(51.571426) 1749. ldiv(?, op(rdiv(op(?, X), op3), Y)) -> ldiv(rdiv(op5, X), op(sk_a, Y))
(51.571426) 1750. ldiv(?, op(rdiv(op(?, X), Y), op3)) -> ldiv(rdiv(op(sk_a, Y), X), op5)
(51.571426) 1751. ldiv(?, op(rdiv(op(?, X), op4), Y)) -> ldiv(rdiv(op6, X), op(sk_a, Y))
(51.571426) 1752. ldiv(?, op(rdiv(op(?, X), Y), op4)) -> ldiv(rdiv(op(sk_a, Y), X), op6)
(51.571426) 1753. ldiv(?, op(op(op(?, X), sk_c), Y)) -> ldiv(rdiv(sk_b, X), op(op3, Y))
(51.571426) 1754. ldiv(?, op(op(op(?, X), sk_a), Y)) -> ldiv(rdiv(op5, X), op(op7, Y))
(51.571426) 1755. ldiv(?, op(op(op(?, X), op2), Y)) -> ldiv(rdiv(sk_b, X), op(op4, Y))
(51.571426) 1756. ldiv(?, op(op(op(?, X), op3), Y)) -> ldiv(rdiv(sk_a, X), op(op5, Y))
(51.571426) 1757. ldiv(?, op(op(op(?, X), op4), Y)) -> ldiv(rdiv(sk_a, X), op(op6, Y))
(51.571426) 1758. ldiv(?, rdiv(op(op(?, X), sk_c), Y)) -> ldiv(rdiv(sk_b, X), rdiv(op3, Y))
(51.571426) 1759. ldiv(?, rdiv(op(op(?, X), sk_a), Y)) -> ldiv(rdiv(op5, X), rdiv(op7, Y))
(51.571426) 1760. ldiv(?, rdiv(op(op(?, X), op2), Y)) -> ldiv(rdiv(sk_b, X), rdiv(op4, Y))
(51.571426) 1761. ldiv(?, rdiv(op(op(?, X), op3), Y)) -> ldiv(rdiv(sk_a, X), rdiv(op5, Y))
(51.571426) 1762. ldiv(?, rdiv(op(op(?, X), op4), Y)) -> ldiv(rdiv(sk_a, X), rdiv(op6, Y))
(51.571426) 1763. ldiv(?, op(rdiv(rdiv(?, X), sk_c), Y)) -> ldiv(op(op3, X), op(sk_b, Y))
(51.571426) 1764. ldiv(?, op(rdiv(rdiv(?, X), Y), sk_c)) -> ldiv(op(op(sk_b, Y), X), op3)
(51.571426) 1765. ldiv(?, op(rdiv(rdiv(?, X), sk_a), Y)) -> ldiv(op(op7, X), op(op5, Y))
(51.571426) 1766. ldiv(?, op(rdiv(rdiv(?, X), Y), sk_a)) -> ldiv(op(op(op5, Y), X), op7)
(51.571426) 1767. ldiv(?, op(rdiv(rdiv(?, X), op2), Y)) -> ldiv(op(op4, X), op(sk_b, Y))
(51.571426) 1768. ldiv(?, op(rdiv(rdiv(?, X), Y), op2)) -> ldiv(op(op(sk_b, Y), X), op4)
(51.571426) 1769. ldiv(?, op(rdiv(rdiv(?, X), op3), Y)) -> ldiv(op(op5, X), op(sk_a, Y))
(51.571426) 1770. ldiv(?, op(rdiv(rdiv(?, X), Y), op3)) -> ldiv(op(op(sk_a, Y), X), op5)
(51.571426) 1771. ldiv(?, op(rdiv(rdiv(?, X), op4), Y)) -> ldiv(op(op6, X), op(sk_a, Y))
(51.571426) 1772. ldiv(?, op(rdiv(rdiv(?, X), Y), op4)) -> ldiv(op(op(sk_a, Y), X), op6)
(51.857143) 1773. ldiv(op(X, sk_c), ldiv(rdiv(sk_a, X), op5)) -> ldiv(op3, ldiv(rdiv(sk_a, sk_b), op5))
(47.0) 1774. ldiv(op(ldiv(?, ?), sk_c), op3) -> ldiv(op3, ldiv(rdiv(sk_a, sk_b), op5))
(51.0) 1775. ldiv(ldiv(rdiv(sk_a, sk_b), op5), op3) -> ldiv(op3, op(ldiv(?, ?), sk_c))
(51.0) 1776. rdiv(sk_b, ldiv(op3, ldiv(?, ?))) -> ldiv(rdiv(sk_a, sk_b), op5)
(51.0) 1777. ldiv(sk_b, ldiv(rdiv(sk_a, sk_b), op5)) -> ldiv(ldiv(?, ?), op3)
(51.857143) 1778. ldiv(op(X, sk_a), ldiv(rdiv(sk_b, X), op4)) -> ldiv(op7, ldiv(rdiv(sk_b, op5), op4))
(47.0) 1779. ldiv(op(ldiv(?, ?), sk_a), op2) -> ldiv(op7, ldiv(rdiv(sk_b, op5), op4))
(51.0) 1780. ldiv(ldiv(sk_b, op(op3, op2)), op2) -> ldiv(op2, op(ldiv(?, ?), sk_a))
(51.0) 1781. rdiv(sk_c, ldiv(op2, ldiv(?, ?))) -> ldiv(sk_b, op(op3, op2))
(51.0) 1782. ldiv(op5, ldiv(rdiv(sk_b, op5), op4)) -> ldiv(ldiv(?, ?), op2)
(51.857143) 1783. ldiv(op(X, op2), ldiv(rdiv(sk_a, X), op6)) -> ldiv(op4, ldiv(rdiv(sk_a, sk_b), op6))
(47.0) 1784. ldiv(op(ldiv(?, ?), op2), op4) -> ldiv(op4, ldiv(rdiv(sk_a, sk_b), op6))
(51.0) 1785. ldiv(ldiv(rdiv(sk_a, sk_b), op6), op4) -> ldiv(op4, op(ldiv(?, ?), op2))
(51.0) 1786. rdiv(sk_b, ldiv(op4, ldiv(?, ?))) -> ldiv(rdiv(sk_a, sk_b), op6)
(51.0) 1787. ldiv(sk_b, ldiv(rdiv(sk_a, sk_b), op6)) -> ldiv(ldiv(?, ?), op4)
(51.857143) 1788. ldiv(ldiv(X, sk_a), ldiv(X, op7)) -> ldiv(ldiv(op5, sk_a), sk_a)
(51.857143) 1789. ldiv(ldiv(X, op7), ldiv(X, sk_a)) -> ldiv(sk_a, ldiv(op5, sk_a))
(52.285713) 1790. ldiv(sk_b, op(ldiv(sk_a, op(op5, sk_c)), X)) -> ldiv(?, op(op(?, op(sk_c, sk_c)), X))
(52.285713) 1791. ldiv(sk_c, op(ldiv(sk_b, op(op4, sk_a)), X)) -> ldiv(?, op(op(?, op(sk_a, sk_a)), X))
(52.285713) 1792. ldiv(sk_b, op(ldiv(sk_a, op(op6, op2)), X)) -> ldiv(?, op(op(?, op(op2, op2)), X))
(52.285713) 1793. ldiv(sk_b, rdiv(ldiv(sk_a, op(op5, sk_c)), X)) -> ldiv(?, rdiv(op(?, op(sk_c, sk_c)), X))
(52.285713) 1794. ldiv(sk_c, rdiv(ldiv(sk_b, op(op4, sk_a)), X)) -> ldiv(?, rdiv(op(?, op(sk_a, sk_a)), X))
(52.285713) 1795. ldiv(sk_b, rdiv(ldiv(sk_a, op(op6, op2)), X)) -> ldiv(?, rdiv(op(?, op(op2, op2)), X))
(52.285713) 1796. ldiv(op(op(op3, X), sk_a), sk_b) -> ldiv(op7, rdiv(rdiv(op5, X), sk_c))
(52.285713) 1797. ldiv(op(op(op7, X), sk_a), op5) -> ldiv(op7, rdiv(rdiv(op5, X), sk_a))
(52.285713) 1798. ldiv(op(op(op4, X), sk_a), sk_b) -> ldiv(op7, rdiv(rdiv(op5, X), op2))
(52.285713) 1799. ldiv(op(op(op5, X), sk_a), sk_a) -> ldiv(op7, rdiv(rdiv(op5, X), op3))
(52.285713) 1800. ldiv(op(op(op6, X), sk_a), sk_a) -> ldiv(op7, rdiv(rdiv(op5, X), op4))
(52.285713) 1801. ldiv(op(op(op3, X), sk_c), sk_b) -> ldiv(op3, rdiv(rdiv(sk_b, X), sk_c))
(52.285713) 1802. ldiv(op(op(op7, X), sk_c), op5) -> ldiv(op3, rdiv(rdiv(sk_b, X), sk_a))
(52.285713) 1803. ldiv(op(op(op4, X), sk_c), sk_b) -> ldiv(op3, rdiv(rdiv(sk_b, X), op2))
(52.285713) 1804. ldiv(op(op(op5, X), sk_c), sk_a) -> ldiv(op3, rdiv(rdiv(sk_b, X), op3))
(52.285713) 1805. ldiv(op(op(op6, X), sk_c), sk_a) -> ldiv(op3, rdiv(rdiv(sk_b, X), op4))
(52.285713) 1806. ldiv(op(op(op3, X), op2), sk_b) -> ldiv(op4, rdiv(rdiv(sk_b, X), sk_c))
(52.285713) 1807. ldiv(op(op(op7, X), op2), op5) -> ldiv(op4, rdiv(rdiv(sk_b, X), sk_a))
(52.285713) 1808. ldiv(op(op(op4, X), op2), sk_b) -> ldiv(op4, rdiv(rdiv(sk_b, X), op2))
(52.285713) 1809. ldiv(op(op(op5, X), op2), sk_a) -> ldiv(op4, rdiv(rdiv(sk_b, X), op3))
(52.285713) 1810. ldiv(op(op(op6, X), op2), sk_a) -> ldiv(op4, rdiv(rdiv(sk_b, X), op4))
(52.285713) 1811. ldiv(op(op(op3, X), op3), sk_b) -> ldiv(op5, rdiv(rdiv(sk_a, X), sk_c))
(52.285713) 1812. ldiv(op(op(op7, X), op3), op5) -> ldiv(op5, rdiv(rdiv(sk_a, X), sk_a))
(52.285713) 1813. ldiv(op(op(op4, X), op3), sk_b) -> ldiv(op5, rdiv(rdiv(sk_a, X), op2))
(52.285713) 1814. ldiv(op(op(op5, X), op3), sk_a) -> ldiv(op5, rdiv(rdiv(sk_a, X), op3))
(52.285713) 1815. ldiv(op(op(op6, X), op3), sk_a) -> ldiv(op5, rdiv(rdiv(sk_a, X), op4))
(52.285713) 1816. ldiv(op(op(op3, X), op4), sk_b) -> ldiv(op6, rdiv(rdiv(sk_a, X), sk_c))
(52.285713) 1817. ldiv(op(op(op7, X), op4), op5) -> ldiv(op6, rdiv(rdiv(sk_a, X), sk_a))
(52.285713) 1818. ldiv(op(op(op4, X), op4), sk_b) -> ldiv(op6, rdiv(rdiv(sk_a, X), op2))
(52.285713) 1819. ldiv(op(op(op5, X), op4), sk_a) -> ldiv(op6, rdiv(rdiv(sk_a, X), op3))
(52.285713) 1820. ldiv(op(op(op6, X), op4), sk_a) -> ldiv(op6, rdiv(rdiv(sk_a, X), op4))
(52.285713) 1821. ldiv(op(rdiv(op5, X), sk_c), op7) -> ldiv(op3, op(op(sk_b, X), sk_a))
(52.285713) 1822. ldiv(op(op(sk_b, X), sk_a), op3) -> ldiv(op7, op(rdiv(op5, X), sk_c))
(52.285713) 1823. ldiv(op(op(sk_b, X), sk_c), op3) -> ldiv(op3, op(rdiv(sk_b, X), sk_c))
(52.285713) 1824. ldiv(op(op(sk_b, X), op2), op3) -> ldiv(op4, op(rdiv(sk_b, X), sk_c))
(52.285713) 1825. ldiv(op(op(sk_b, X), op3), op3) -> ldiv(op5, op(rdiv(sk_a, X), sk_c))
(52.285713) 1826. ldiv(op(op(sk_b, X), op4), op3) -> ldiv(op6, op(rdiv(sk_a, X), sk_c))
(52.285713) 1827. ldiv(op(op(op5, X), sk_c), op7) -> ldiv(op3, op(rdiv(sk_b, X), sk_a))
(52.285713) 1828. ldiv(op(rdiv(sk_b, X), sk_a), op3) -> ldiv(op7, op(op(op5, X), sk_c))
(52.285713) 1829. ldiv(op(rdiv(sk_b, X), sk_c), op3) -> ldiv(op3, op(op(sk_b, X), sk_c))
(52.285713) 1830. ldiv(op(rdiv(sk_b, X), op2), op3) -> ldiv(op4, op(op(sk_b, X), sk_c))
(52.285713) 1831. ldiv(op(rdiv(sk_b, X), op3), op3) -> ldiv(op5, op(op(sk_a, X), sk_c))
(52.285713) 1832. ldiv(op(rdiv(sk_b, X), op4), op3) -> ldiv(op6, op(op(sk_a, X), sk_c))
(52.285713) 1833. ldiv(op(rdiv(op5, X), sk_a), op7) -> ldiv(op7, op(op(op5, X), sk_a))
(52.285713) 1834. ldiv(op(op(op5, X), sk_a), op7) -> ldiv(op7, op(rdiv(op5, X), sk_a))
(52.285713) 1835. ldiv(op(op(op5, X), op2), op7) -> ldiv(op4, op(rdiv(sk_b, X), sk_a))
(52.285713) 1836. ldiv(op(op(op5, X), op3), op7) -> ldiv(op5, op(rdiv(sk_a, X), sk_a))
(52.285713) 1837. ldiv(op(op(op5, X), op4), op7) -> ldiv(op6, op(rdiv(sk_a, X), sk_a))
(52.285713) 1838. ldiv(op(rdiv(op5, X), op2), op7) -> ldiv(op4, op(op(sk_b, X), sk_a))
(52.285713) 1839. ldiv(op(rdiv(op5, X), op3), op7) -> ldiv(op5, op(op(sk_a, X), sk_a))
(52.285713) 1840. ldiv(op(rdiv(op5, X), op4), op7) -> ldiv(op6, op(op(sk_a, X), sk_a))
(52.285713) 1841. ldiv(op(op(sk_b, X), sk_a), op4) -> ldiv(op7, op(rdiv(op5, X), op2))
(52.285713) 1842. ldiv(op(op(sk_b, X), sk_c), op4) -> ldiv(op3, op(rdiv(sk_b, X), op2))
(52.285713) 1843. ldiv(op(op(sk_b, X), op2), op4) -> ldiv(op4, op(rdiv(sk_b, X), op2))
(52.285713) 1844. ldiv(op(op(sk_b, X), op3), op4) -> ldiv(op5, op(rdiv(sk_a, X), op2))
(52.285713) 1845. ldiv(op(op(sk_b, X), op4), op4) -> ldiv(op6, op(rdiv(sk_a, X), op2))
(52.285713) 1846. ldiv(op(rdiv(sk_b, X), sk_a), op4) -> ldiv(op7, op(op(op5, X), op2))
(52.285713) 1847. ldiv(op(rdiv(sk_b, X), sk_c), op4) -> ldiv(op3, op(op(sk_b, X), op2))
(52.285713) 1848. ldiv(op(rdiv(sk_b, X), op2), op4) -> ldiv(op4, op(op(sk_b, X), op2))
(52.285713) 1849. ldiv(op(rdiv(sk_b, X), op3), op4) -> ldiv(op5, op(op(sk_a, X), op2))
(52.285713) 1850. ldiv(op(rdiv(sk_b, X), op4), op4) -> ldiv(op6, op(op(sk_a, X), op2))
(52.285713) 1851. ldiv(op(op(sk_a, X), sk_a), op5) -> ldiv(op7, op(rdiv(op5, X), op3))
(52.285713) 1852. ldiv(op(op(sk_a, X), sk_c), op5) -> ldiv(op3, op(rdiv(sk_b, X), op3))
(52.285713) 1853. ldiv(op(op(sk_a, X), op2), op5) -> ldiv(op4, op(rdiv(sk_b, X), op3))
(52.285713) 1854. ldiv(op(op(sk_a, X), op3), op5) -> ldiv(op5, op(rdiv(sk_a, X), op3))
(52.285713) 1855. ldiv(op(op(sk_a, X), op4), op5) -> ldiv(op6, op(rdiv(sk_a, X), op3))
(52.285713) 1856. ldiv(op(rdiv(sk_a, X), sk_a), op5) -> ldiv(op7, op(op(op5, X), op3))
(52.285713) 1857. ldiv(op(rdiv(sk_a, X), sk_c), op5) -> ldiv(op3, op(op(sk_b, X), op3))
(52.285713) 1858. ldiv(op(rdiv(sk_a, X), op2), op5) -> ldiv(op4, op(op(sk_b, X), op3))
(52.285713) 1859. ldiv(op(rdiv(sk_a, X), op3), op5) -> ldiv(op5, op(op(sk_a, X), op3))
(52.285713) 1860. ldiv(op(rdiv(sk_a, X), op4), op5) -> ldiv(op6, op(op(sk_a, X), op3))
(52.285713) 1861. ldiv(op(op(sk_a, X), sk_a), op6) -> ldiv(op7, op(rdiv(op5, X), op4))
(52.285713) 1862. ldiv(op(op(sk_a, X), sk_c), op6) -> ldiv(op3, op(rdiv(sk_b, X), op4))
(52.285713) 1863. ldiv(op(op(sk_a, X), op2), op6) -> ldiv(op4, op(rdiv(sk_b, X), op4))
(52.285713) 1864. ldiv(op(op(sk_a, X), op3), op6) -> ldiv(op5, op(rdiv(sk_a, X), op4))
(52.285713) 1865. ldiv(op(op(sk_a, X), op4), op6) -> ldiv(op6, op(rdiv(sk_a, X), op4))
(52.285713) 1866. ldiv(op(rdiv(sk_a, X), sk_a), op6) -> ldiv(op7, op(op(op5, X), op4))
(52.285713) 1867. ldiv(op(rdiv(sk_a, X), sk_c), op6) -> ldiv(op3, op(op(sk_b, X), op4))
(52.285713) 1868. ldiv(op(rdiv(sk_a, X), op2), op6) -> ldiv(op4, op(op(sk_b, X), op4))
(52.285713) 1869. ldiv(op(rdiv(sk_a, X), op3), op6) -> ldiv(op5, op(op(sk_a, X), op4))
(52.285713) 1870. ldiv(op(rdiv(sk_a, X), op4), op6) -> ldiv(op6, op(op(sk_a, X), op4))
(52.285717) 1871. ldiv(rdiv(sk_b, X), ldiv(sk_a, op(op5, sk_c))) -> ldiv(?, op(op(?, X), op(sk_c, sk_c)))
(52.285717) 1872. ldiv(rdiv(sk_c, X), ldiv(sk_b, op(op4, sk_a))) -> ldiv(?, op(op(?, X), op(sk_a, sk_a)))
(52.285717) 1873. ldiv(rdiv(sk_b, X), ldiv(sk_a, op(op6, op2))) -> ldiv(?, op(op(?, X), op(op2, op2)))
(60.285717) 1874. rdiv(X, op(sk_b, op(op(sk_c, sk_c), op(sk_c, sk_c)))) -> rdiv(X, ldiv(sk_a, op(op(op5, sk_c), op(sk_c, sk_c))))
(60.285717) 1875. rdiv(X, op(sk_c, op(op(sk_a, sk_a), op(sk_a, sk_a)))) -> rdiv(X, ldiv(sk_b, op(op(op4, sk_a), op(sk_a, sk_a))))
(60.285717) 1876. rdiv(X, op(sk_b, op(op(op2, op2), op(op2, op2)))) -> rdiv(X, ldiv(sk_a, op(op(op6, op2), op(op2, op2))))
(52.285717) 1877. op(rdiv(X, sk_c), op(sk_c, op(sk_c, sk_c))) -> op(ldiv(rdiv(sk_b, X), op3), sk_c)
(52.285717) 1878. op(rdiv(X, op2), op(op2, op(op2, op2))) -> op(ldiv(rdiv(sk_b, X), op4), op2)
(52.285717) 1879. op(rdiv(X, op3), op(op3, op(op3, op3))) -> op(ldiv(rdiv(sk_a, X), op5), op3)
(52.285717) 1880. op(rdiv(X, op4), op(op4, op(op4, op4))) -> op(ldiv(rdiv(sk_a, X), op6), op4)
(52.285717) 1881. op(rdiv(X, sk_a), op(sk_a, op(sk_a, sk_a))) -> op(ldiv(rdiv(op5, X), op7), sk_a)
(52.285717) 1882. rdiv(X, ldiv(ldiv(rdiv(sk_a, sk_b), op5), sk_b)) -> ldiv(rdiv(sk_a, X), op5)
(45.857143) 1883. ldiv(X, ldiv(rdiv(sk_a, X), op5)) -> ldiv(ldiv(?, ?), op3)
(47.857143) 1884. ldiv(ldiv(X, sk_a), ldiv(X, op5)) -> ldiv(ldiv(?, ?), op3)
(47.857143) 1885. ldiv(ldiv(rdiv(sk_a, X), op5), X) -> ldiv(op3, ldiv(?, ?))
(48.285713) 1886. rdiv(X, ldiv(op3, ldiv(?, ?))) -> ldiv(rdiv(sk_a, X), op5)
(49.0) 1887. ldiv(sk_c, ldiv(sk_b, op(op3, op3))) -> ldiv(ldiv(?, ?), op3)
(49.0) 1888. ldiv(sk_a, ldiv(op5, op(op7, op3))) -> ldiv(ldiv(?, ?), op3)
(49.0) 1889. ldiv(op2, ldiv(sk_b, op(op4, op3))) -> ldiv(ldiv(?, ?), op3)
(49.0) 1890. ldiv(op3, ldiv(sk_a, op(op5, op3))) -> ldiv(ldiv(?, ?), op3)
(49.0) 1891. ldiv(op4, ldiv(sk_a, op(op6, op3))) -> ldiv(ldiv(?, ?), op3)
(49.857143) 1892. ldiv(ldiv(rdiv(op5, X), sk_a), X) -> ldiv(ldiv(?, ?), op3)
(49.857143) 1893. ldiv(ldiv(X, op5), ldiv(X, sk_a)) -> ldiv(op3, ldiv(?, ?))
(51.0) 1894. ldiv(ldiv(op5, sk_a), ldiv(?, ?)) -> ldiv(ldiv(?, ?), op3)
(51.0) 1895. ldiv(ldiv(sk_b, rdiv(op3, op3)), sk_c) -> ldiv(ldiv(?, ?), op3)
(51.0) 1896. ldiv(ldiv(op5, rdiv(op7, op3)), sk_a) -> ldiv(ldiv(?, ?), op3)
(51.0) 1897. ldiv(ldiv(sk_b, rdiv(op4, op3)), op2) -> ldiv(ldiv(?, ?), op3)
(51.0) 1898. ldiv(ldiv(sk_a, rdiv(op6, op3)), op4) -> ldiv(ldiv(?, ?), op3)
(51.0) 1899. ldiv(ldiv(sk_b, op(op3, op3)), sk_c) -> ldiv(op3, ldiv(?, ?))
(51.0) 1900. ldiv(ldiv(op5, op(op7, op3)), sk_a) -> ldiv(op3, ldiv(?, ?))
(51.0) 1901. ldiv(ldiv(sk_b, op(op4, op3)), op2) -> ldiv(op3, ldiv(?, ?))
(51.0) 1902. ldiv(ldiv(sk_a, op(op5, op3)), op3) -> ldiv(op3, ldiv(?, ?))
(51.0) 1903. ldiv(ldiv(sk_a, op(op6, op3)), op4) -> ldiv(op3, ldiv(?, ?))
(51.0) 1904. ldiv(?, ldiv(rdiv(op5, ?), sk_a)) -> ldiv(op3, ldiv(?, ?))
(51.0) 1905. rdiv(ldiv(?, ?), ldiv(ldiv(?, ?), op3)) -> ldiv(op5, sk_a)
(51.857143) 1906. ldiv(X, ldiv(rdiv(op5, X), sk_a)) -> ldiv(op3, ldiv(?, ?))
(52.285713) 1907. rdiv(X, ldiv(ldiv(?, ?), op3)) -> ldiv(rdiv(op5, X), sk_a)
(52.285717) 1908. rdiv(X, ldiv(ldiv(sk_b, op(op3, op2)), sk_c)) -> ldiv(rdiv(sk_b, X), op4)
(45.857143) 1909. ldiv(X, ldiv(rdiv(sk_b, X), op4)) -> ldiv(ldiv(?, ?), op2)
(47.857143) 1910. ldiv(ldiv(X, sk_b), ldiv(X, op4)) -> ldiv(ldiv(?, ?), op2)
(47.857143) 1911. ldiv(ldiv(rdiv(sk_b, X), op4), X) -> ldiv(op2, ldiv(?, ?))
(48.285713) 1912. rdiv(X, ldiv(op2, ldiv(?, ?))) -> ldiv(rdiv(sk_b, X), op4)
(47.0) 1913. ldiv(ldiv(sk_b, op(op3, op2)), sk_c) -> ldiv(op2, ldiv(?, ?))
(49.0) 1914. ldiv(sk_a, ldiv(op5, op(op7, op2))) -> ldiv(ldiv(?, ?), op2)
(49.0) 1915. ldiv(op2, ldiv(sk_b, op(op4, op2))) -> ldiv(ldiv(?, ?), op2)
(49.0) 1916. ldiv(op3, ldiv(sk_a, op(op5, op2))) -> ldiv(ldiv(?, ?), op2)
(49.857143) 1917. ldiv(ldiv(rdiv(op4, X), sk_b), X) -> ldiv(ldiv(?, ?), op2)
(49.857143) 1918. ldiv(ldiv(X, op4), ldiv(X, sk_b)) -> ldiv(op2, ldiv(?, ?))
(51.0) 1919. ldiv(ldiv(op4, sk_b), ldiv(?, ?)) -> ldiv(ldiv(?, ?), op2)
(51.0) 1920. ldiv(ldiv(sk_b, rdiv(op3, op2)), sk_c) -> ldiv(ldiv(?, ?), op2)
(51.0) 1921. ldiv(ldiv(op5, rdiv(op7, op2)), sk_a) -> ldiv(ldiv(?, ?), op2)
(51.0) 1922. ldiv(ldiv(sk_a, rdiv(op5, op2)), op3) -> ldiv(ldiv(?, ?), op2)
(51.0) 1923. ldiv(ldiv(sk_a, rdiv(op6, op2)), op4) -> ldiv(ldiv(?, ?), op2)
(51.0) 1924. ldiv(ldiv(op5, op(op7, op2)), sk_a) -> ldiv(op2, ldiv(?, ?))
(51.0) 1925. ldiv(ldiv(sk_b, op(op4, op2)), op2) -> ldiv(op2, ldiv(?, ?))
(51.0) 1926. ldiv(ldiv(sk_a, op(op5, op2)), op3) -> ldiv(op2, ldiv(?, ?))
(51.0) 1927. ldiv(?, ldiv(rdiv(op4, ?), sk_b)) -> ldiv(op2, ldiv(?, ?))
(51.0) 1928. rdiv(ldiv(?, ?), ldiv(ldiv(?, ?), op2)) -> ldiv(op4, sk_b)
(51.857143) 1929. ldiv(X, ldiv(rdiv(op4, X), sk_b)) -> ldiv(op2, ldiv(?, ?))
(52.285713) 1930. rdiv(X, ldiv(ldiv(?, ?), op2)) -> ldiv(rdiv(op4, X), sk_b)
(52.285717) 1931. rdiv(X, ldiv(ldiv(rdiv(sk_a, sk_b), op6), sk_b)) -> ldiv(rdiv(sk_a, X), op6)
(45.857143) 1932. ldiv(X, ldiv(rdiv(sk_a, X), op6)) -> ldiv(ldiv(?, ?), op4)
(47.857143) 1933. ldiv(ldiv(X, sk_a), ldiv(X, op6)) -> ldiv(ldiv(?, ?), op4)
(47.857143) 1934. ldiv(ldiv(rdiv(sk_a, X), op6), X) -> ldiv(op4, ldiv(?, ?))
(48.285713) 1935. rdiv(X, ldiv(op4, ldiv(?, ?))) -> ldiv(rdiv(sk_a, X), op6)
(49.0) 1936. ldiv(sk_c, ldiv(sk_b, op(op3, op4))) -> ldiv(ldiv(?, ?), op4)
(49.0) 1937. ldiv(sk_a, ldiv(op5, op(op7, op4))) -> ldiv(ldiv(?, ?), op4)
(49.0) 1938. ldiv(op2, ldiv(sk_b, op(op4, op4))) -> ldiv(ldiv(?, ?), op4)
(49.0) 1939. ldiv(op3, ldiv(sk_a, op(op5, op4))) -> ldiv(ldiv(?, ?), op4)
(49.0) 1940. ldiv(op4, ldiv(sk_a, op(op6, op4))) -> ldiv(ldiv(?, ?), op4)
(49.857143) 1941. ldiv(ldiv(rdiv(op6, X), sk_a), X) -> ldiv(ldiv(?, ?), op4)
(49.857143) 1942. ldiv(ldiv(X, op6), ldiv(X, sk_a)) -> ldiv(op4, ldiv(?, ?))
(51.0) 1943. ldiv(ldiv(op6, sk_a), ldiv(?, ?)) -> ldiv(ldiv(?, ?), op4)
(51.0) 1944. ldiv(ldiv(sk_b, rdiv(op3, op4)), sk_c) -> ldiv(ldiv(?, ?), op4)
(51.0) 1945. ldiv(ldiv(op5, rdiv(op7, op4)), sk_a) -> ldiv(ldiv(?, ?), op4)
(51.0) 1946. ldiv(ldiv(sk_b, rdiv(op4, op4)), op2) -> ldiv(ldiv(?, ?), op4)
(51.0) 1947. ldiv(ldiv(sk_a, rdiv(op5, op4)), op3) -> ldiv(ldiv(?, ?), op4)
(51.0) 1948. ldiv(ldiv(sk_b, op(op3, op4)), sk_c) -> ldiv(op4, ldiv(?, ?))
(51.0) 1949. ldiv(ldiv(op5, op(op7, op4)), sk_a) -> ldiv(op4, ldiv(?, ?))
(51.0) 1950. ldiv(ldiv(sk_b, op(op4, op4)), op2) -> ldiv(op4, ldiv(?, ?))
(51.0) 1951. ldiv(ldiv(sk_a, op(op5, op4)), op3) -> ldiv(op4, ldiv(?, ?))
(51.0) 1952. ldiv(ldiv(sk_a, op(op6, op4)), op4) -> ldiv(op4, ldiv(?, ?))
(51.0) 1953. ldiv(?, ldiv(rdiv(op6, ?), sk_a)) -> ldiv(op4, ldiv(?, ?))
(51.0) 1954. rdiv(ldiv(?, ?), ldiv(ldiv(?, ?), op4)) -> ldiv(op6, sk_a)
(51.857143) 1955. ldiv(X, ldiv(rdiv(op6, X), sk_a)) -> ldiv(op4, ldiv(?, ?))
(52.285713) 1956. rdiv(X, ldiv(ldiv(?, ?), op4)) -> ldiv(rdiv(op6, X), sk_a)
(52.42857) 1957. ldiv(rdiv(ldiv(?, X), Y), ldiv(?, op(X, Y))) -> op(Y, Y)
(49.0) 1958. ldiv(rdiv(ldiv(?, sk_c), sk_a), ldiv(?, op2)) -> op(sk_a, sk_a)
(52.428574) 1959. ldiv(rdiv(rdiv(rdiv(X, sk_c), Y), Z), X) -> ldiv(rdiv(rdiv(sk_b, Y), Z), op3)
(52.428574) 1960. ldiv(X, rdiv(rdiv(op(X, Y), sk_c), Z)) -> ldiv(rdiv(op3, Y), rdiv(sk_b, Z))
(52.428574) 1961. ldiv(rdiv(X, Y), rdiv(rdiv(X, sk_c), Z)) -> ldiv(rdiv(op3, Y), rdiv(sk_b, Z))
(52.428574) 1962. ldiv(X, op(rdiv(rdiv(X, sk_c), Y), Z)) -> ldiv(op3, op(rdiv(sk_b, Y), Z))
(52.428574) 1963. ldiv(rdiv(rdiv(rdiv(X, sk_a), Y), Z), X) -> ldiv(rdiv(rdiv(op5, Y), Z), op7)
(52.428574) 1964. ldiv(X, rdiv(rdiv(op(X, Y), sk_a), Z)) -> ldiv(rdiv(op7, Y), rdiv(op5, Z))
(52.428574) 1965. ldiv(rdiv(X, Y), rdiv(rdiv(X, sk_a), Z)) -> ldiv(rdiv(op7, Y), rdiv(op5, Z))
(52.428574) 1966. ldiv(X, op(rdiv(rdiv(X, sk_a), Y), Z)) -> ldiv(op7, op(rdiv(op5, Y), Z))
(52.428574) 1967. ldiv(rdiv(rdiv(rdiv(X, op2), Y), Z), X) -> ldiv(rdiv(rdiv(sk_b, Y), Z), op4)
(52.428574) 1968. ldiv(X, rdiv(rdiv(op(X, Y), op2), Z)) -> ldiv(rdiv(op4, Y), rdiv(sk_b, Z))
(52.428574) 1969. ldiv(rdiv(X, Y), rdiv(rdiv(X, op2), Z)) -> ldiv(rdiv(op4, Y), rdiv(sk_b, Z))
(52.428574) 1970. ldiv(X, op(rdiv(rdiv(X, op2), Y), Z)) -> ldiv(op4, op(rdiv(sk_b, Y), Z))
(52.428574) 1971. ldiv(rdiv(rdiv(rdiv(X, op3), Y), Z), X) -> ldiv(rdiv(rdiv(sk_a, Y), Z), op5)
(52.428574) 1972. ldiv(X, rdiv(rdiv(op(X, Y), op3), Z)) -> ldiv(rdiv(op5, Y), rdiv(sk_a, Z))
(52.428574) 1973. ldiv(rdiv(X, Y), rdiv(rdiv(X, op3), Z)) -> ldiv(rdiv(op5, Y), rdiv(sk_a, Z))
(52.428574) 1974. ldiv(X, op(rdiv(rdiv(X, op3), Y), Z)) -> ldiv(op5, op(rdiv(sk_a, Y), Z))
(52.428574) 1975. ldiv(rdiv(rdiv(rdiv(X, op4), Y), Z), X) -> ldiv(rdiv(rdiv(sk_a, Y), Z), op6)
(52.428574) 1976. ldiv(X, rdiv(rdiv(op(X, Y), op4), Z)) -> ldiv(rdiv(op6, Y), rdiv(sk_a, Z))
(52.428574) 1977. ldiv(rdiv(X, Y), rdiv(rdiv(X, op4), Z)) -> ldiv(rdiv(op6, Y), rdiv(sk_a, Z))
(52.428574) 1978. ldiv(X, op(rdiv(rdiv(X, op4), Y), Z)) -> ldiv(op6, op(rdiv(sk_a, Y), Z))
(52.571426) 1979. ldiv(rdiv(op(rdiv(X, Y), Z), W), X) -> ldiv(?, op(rdiv(op(?, W), Z), Y))
(52.571426) 1980. ldiv(rdiv(rdiv(op(X, Y), Z), W), X) -> ldiv(?, rdiv(op(op(?, W), Z), Y))
(52.571426) 1981. ldiv(rdiv(op(X, Y), Z), rdiv(X, W)) -> ldiv(?, rdiv(rdiv(op(?, Z), Y), W))
(52.571426) 1982. ldiv(rdiv(rdiv(X, Y), Z), op(X, W)) -> ldiv(?, op(op(op(?, Z), Y), W))
(52.571426) 1983. ldiv(rdiv(rdiv(rdiv(X, Y), Z), W), X) -> ldiv(?, op(op(op(?, W), Z), Y))
(52.85714) 1984. ldiv(rdiv(op(op(?, X), Y), Z), ?) -> ldiv(?, rdiv(rdiv(op(?, Z), Y), X))
(52.571426) 1985. ldiv(X, rdiv(rdiv(op(X, Y), Z), W)) ~> ldiv(?, rdiv(rdiv(op(?, Y), Z), W))
(52.571426) 1986. ldiv(rdiv(rdiv(X, Y), Z), rdiv(X, W)) -> ldiv(?, rdiv(op(op(?, Z), Y), W))
(52.571426) 1987. ldiv(rdiv(X, Y), rdiv(rdiv(X, Z), W)) -> ldiv(?, rdiv(rdiv(op(?, Y), Z), W))
(52.571426) 1988. ldiv(X, op(rdiv(rdiv(X, Y), Z), W)) ~> ldiv(?, op(rdiv(rdiv(?, Y), Z), W))
(52.571426) 1989. ldiv(op(op(rdiv(X, Y), Z), W), X) -> ldiv(?, op(rdiv(rdiv(?, W), Z), Y))
(52.571426) 1990. ldiv(rdiv(op(op(X, Y), Z), W), X) -> ldiv(?, rdiv(rdiv(op(?, W), Z), Y))
(52.571426) 1991. ldiv(op(op(X, Y), Z), rdiv(X, W)) -> ldiv(?, rdiv(rdiv(rdiv(?, Z), Y), W))
(52.571426) 1992. ldiv(op(X, Y), op(rdiv(X, Z), W)) -> ldiv(?, op(rdiv(rdiv(?, Y), Z), W))
(52.714283) 1993. op(op(X, op(Y, op(Z, op(W, W)))), W) -> op(X, op(op(Y, op(Z, W)), op(W, W)))
(52.85714) 1994. ldiv(rdiv(ldiv(?, ?), op(X, X)), X) -> op(op(X, X), X)
(62.85714) 1995. rdiv(X, ldiv(?, op(op(op(?, Y), Z), sk_c))) -> rdiv(X, ldiv(rdiv(rdiv(sk_b, Z), Y), op3))
(62.85714) 1996. rdiv(X, ldiv(?, op(op(op(?, Y), Z), sk_a))) -> rdiv(X, ldiv(rdiv(rdiv(op5, Z), Y), op7))
(62.85714) 1997. rdiv(X, ldiv(?, op(op(op(?, Y), Z), op2))) -> rdiv(X, ldiv(rdiv(rdiv(sk_b, Z), Y), op4))
(62.85714) 1998. rdiv(X, ldiv(?, op(op(op(?, Y), Z), op3))) -> rdiv(X, ldiv(rdiv(rdiv(sk_a, Z), Y), op5))
(62.85714) 1999. rdiv(X, ldiv(?, op(op(op(?, Y), Z), op4))) -> rdiv(X, ldiv(rdiv(rdiv(sk_a, Z), Y), op6))
(53.0) 2000. rdiv(ldiv(rdiv(op3, sk_b), sk_b), rdiv(ldiv(op3, sk_b), sk_c)) -> op3
(53.0) 2001. rdiv(ldiv(sk_b, rdiv(op3, sk_a)), rdiv(ldiv(op7, op5), sk_a)) -> op2
(53.0) 2002. rdiv(ldiv(rdiv(op4, sk_b), sk_b), rdiv(ldiv(op4, sk_b), op2)) -> op4
(53.0) 2003. rdiv(ldiv(op5, rdiv(op7, op3)), rdiv(ldiv(op5, sk_a), op3)) -> op5
(53.0) 2004. rdiv(ldiv(op5, rdiv(op7, op4)), rdiv(ldiv(op6, sk_a), op4)) -> op6
(53.0) 2005. rdiv(ldiv(rdiv(op7, op5), op5), rdiv(ldiv(op7, op5), sk_a)) -> op7
(53.0) 2006. rdiv(op3, ldiv(?, ldiv(rdiv(op3, ?), sk_b))) -> ldiv(sk_a, op(op5, sk_c))
(47.0) 2007. ldiv(?, ldiv(rdiv(op3, ?), sk_b)) -> ldiv(sk_c, ldiv(?, ?))
(49.0) 2008. rdiv(?, ldiv(ldiv(?, ?), sk_c)) -> ldiv(rdiv(op3, ?), sk_b)
(53.0) 2009. rdiv(op7, ldiv(?, ldiv(rdiv(op7, ?), op5))) -> ldiv(rdiv(op5, op7), op7)
(47.0) 2010. ldiv(?, ldiv(rdiv(op7, ?), op5)) -> ldiv(sk_a, ldiv(?, ?))
(49.0) 2011. rdiv(?, ldiv(ldiv(?, ?), sk_a)) -> ldiv(rdiv(op7, ?), op5)
(53.0) 2012. rdiv(X, rdiv(Y, ldiv(ldiv(rdiv(Z, X), X), Z))) -> rdiv(Z, rdiv(Y, ldiv(X, Z)))
(49.428574) 2013. rdiv(X, ldiv(ldiv(rdiv(Y, Z), Z), Y)) -> ldiv(rdiv(Y, rdiv(X, ldiv(Z, Y))), Z)
(50.285717) 2014. rdiv(sk_c, rdiv(X, ldiv(ldiv(sk_b, sk_c), op3))) -> rdiv(op3, rdiv(X, ldiv(sk_c, op3)))
(48.285717) 2015. rdiv(op3, rdiv(X, ldiv(sk_c, ldiv(sk_b, sk_c)))) -> rdiv(sk_c, X)
(44.285713) 2016. rdiv(X, ldiv(sk_c, ldiv(sk_b, sk_c))) -> ldiv(rdiv(sk_c, X), op3)
(45.857143) 2017. ldiv(ldiv(rdiv(sk_c, X), op3), X) -> ldiv(sk_c, ldiv(sk_b, sk_c))
(45.857143) 2018. ldiv(X, ldiv(rdiv(sk_c, X), op3)) -> ldiv(ldiv(sk_b, sk_c), sk_c)
(47.857143) 2019. ldiv(ldiv(X, op3), ldiv(X, sk_c)) -> ldiv(sk_c, ldiv(sk_b, sk_c))
(47.857143) 2020. ldiv(ldiv(X, sk_c), ldiv(X, op3)) -> ldiv(ldiv(sk_b, sk_c), sk_c)
(49.0) 2021. ldiv(ldiv(rdiv(sk_c, sk_c), op3), op2) -> ldiv(sk_c, op(ldiv(sk_b, sk_c), sk_a))
(49.0) 2022. ldiv(rdiv(ldiv(sk_b, sk_c), sk_a), sk_c) -> ldiv(sk_c, ldiv(rdiv(sk_c, op2), op3))
(49.0) 2023. ldiv(ldiv(rdiv(sk_c, op2), op3), sk_c) -> ldiv(sk_c, rdiv(ldiv(sk_b, sk_c), sk_a))
(49.0) 2024. ldiv(ldiv(sk_c, op3), ldiv(?, ?)) -> ldiv(sk_c, ldiv(sk_b, sk_c))
(49.0) 2025. ldiv(ldiv(?, ?), ldiv(sk_c, op3)) -> ldiv(ldiv(sk_b, sk_c), sk_c)
(49.857143) 2026. ldiv(X, ldiv(rdiv(op3, X), sk_c)) -> ldiv(sk_c, ldiv(sk_b, sk_c))
(49.857143) 2027. ldiv(ldiv(rdiv(op3, X), sk_c), X) -> ldiv(ldiv(sk_b, sk_c), sk_c)
(50.285717) 2028. rdiv(sk_a, rdiv(X, ldiv(ldiv(sk_c, sk_a), op2))) -> rdiv(op2, rdiv(X, ldiv(sk_a, op2)))
(48.285717) 2029. rdiv(op2, rdiv(X, ldiv(sk_a, ldiv(sk_c, sk_a)))) -> rdiv(sk_a, X)
(44.285713) 2030. rdiv(X, ldiv(sk_a, ldiv(sk_c, sk_a))) -> ldiv(rdiv(sk_a, X), op2)
(45.857143) 2031. ldiv(ldiv(rdiv(sk_a, X), op2), X) -> ldiv(sk_a, ldiv(sk_c, sk_a))
(45.857143) 2032. ldiv(X, ldiv(rdiv(sk_a, X), op2)) -> ldiv(ldiv(sk_c, sk_a), sk_a)
(47.857143) 2033. ldiv(ldiv(X, op2), ldiv(X, sk_a)) -> ldiv(sk_a, ldiv(sk_c, sk_a))
(47.857143) 2034. ldiv(ldiv(X, sk_a), ldiv(X, op2)) -> ldiv(ldiv(sk_c, sk_a), sk_a)
(49.0) 2035. ldiv(ldiv(rdiv(sk_a, sk_c), op2), op2) -> ldiv(sk_a, op(ldiv(sk_c, sk_a), sk_a))
(49.0) 2036. ldiv(rdiv(ldiv(sk_c, sk_a), sk_a), sk_a) -> ldiv(sk_c, ldiv(rdiv(sk_a, op2), op2))
(49.0) 2037. ldiv(ldiv(rdiv(sk_a, op2), op2), sk_c) -> ldiv(sk_a, rdiv(ldiv(sk_c, sk_a), sk_a))
(49.0) 2038. ldiv(ldiv(sk_a, op2), ldiv(?, ?)) -> ldiv(sk_a, ldiv(sk_c, sk_a))
(49.0) 2039. ldiv(ldiv(?, ?), ldiv(sk_a, op2)) -> ldiv(ldiv(sk_c, sk_a), sk_a)
(49.857143) 2040. ldiv(X, ldiv(rdiv(op2, X), sk_a)) -> ldiv(sk_a, ldiv(sk_c, sk_a))
(49.857143) 2041. ldiv(ldiv(rdiv(op2, X), sk_a), X) -> ldiv(ldiv(sk_c, sk_a), sk_a)
(50.285717) 2042. rdiv(op2, rdiv(X, ldiv(ldiv(sk_b, op2), op4))) -> rdiv(op4, rdiv(X, ldiv(op2, op4)))
(48.285717) 2043. rdiv(op4, rdiv(X, ldiv(op2, ldiv(sk_b, op2)))) -> rdiv(op2, X)
(44.285713) 2044. rdiv(X, ldiv(op2, ldiv(sk_b, op2))) -> ldiv(rdiv(op2, X), op4)
(45.857143) 2045. ldiv(ldiv(rdiv(op2, X), op4), X) -> ldiv(op2, ldiv(sk_b, op2))
(41.0) 2046. ldiv(ldiv(sk_c, op4), sk_a) -> ldiv(op2, ldiv(sk_b, op2))
(43.0) 2047. ldiv(ldiv(sk_b, op2), op2) -> ldiv(sk_a, ldiv(sk_c, op4))
(45.857143) 2048. ldiv(X, ldiv(rdiv(op2, X), op4)) -> ldiv(sk_a, ldiv(sk_c, op4))
(47.857143) 2049. ldiv(ldiv(X, op4), ldiv(X, op2)) -> ldiv(op2, ldiv(sk_b, op2))
(47.857143) 2050. ldiv(ldiv(X, op2), ldiv(X, op4)) -> ldiv(sk_a, ldiv(sk_c, op4))
(49.0) 2051. ldiv(ldiv(rdiv(op2, sk_c), op4), op2) -> ldiv(op2, op(ldiv(sk_b, op2), sk_a))
(49.0) 2052. ldiv(rdiv(ldiv(sk_b, op2), sk_a), op2) -> ldiv(sk_c, ldiv(rdiv(op2, op2), op4))
(49.0) 2053. ldiv(ldiv(rdiv(op2, op2), op4), sk_c) -> ldiv(op2, rdiv(ldiv(sk_b, op2), sk_a))
(49.0) 2054. ldiv(rdiv(ldiv(sk_b, sk_c), sk_a), op2) -> ldiv(sk_c, ldiv(rdiv(sk_c, op2), op4))
(49.0) 2055. ldiv(ldiv(op2, op4), ldiv(?, ?)) -> ldiv(op2, ldiv(sk_b, op2))
(49.0) 2056. ldiv(ldiv(?, ?), ldiv(op2, op4)) -> ldiv(sk_a, ldiv(sk_c, op4))
(49.857143) 2057. ldiv(X, ldiv(rdiv(op4, X), op2)) -> ldiv(op2, ldiv(sk_b, op2))
(49.857143) 2058. ldiv(ldiv(rdiv(op4, X), op2), X) -> ldiv(sk_a, ldiv(sk_c, op4))
(50.285717) 2059. rdiv(op3, rdiv(X, ldiv(ldiv(sk_a, op3), op5))) -> rdiv(op5, rdiv(X, ldiv(op3, op5)))
(48.285717) 2060. rdiv(op5, rdiv(X, ldiv(op3, ldiv(sk_a, op3)))) -> rdiv(op3, X)
(44.285713) 2061. rdiv(X, ldiv(op3, ldiv(sk_a, op3))) -> ldiv(rdiv(op3, X), op5)
(45.857143) 2062. ldiv(ldiv(rdiv(op3, X), op5), X) -> ldiv(op3, ldiv(sk_a, op3))
(41.0) 2063. ldiv(ldiv(sk_b, op5), sk_c) -> ldiv(op3, ldiv(sk_a, op3))
(43.0) 2064. ldiv(ldiv(sk_a, op3), op3) -> ldiv(sk_c, ldiv(sk_b, op5))
(45.857143) 2065. ldiv(X, ldiv(rdiv(op3, X), op5)) -> ldiv(sk_c, ldiv(sk_b, op5))
(47.0) 2066. ldiv(op3, op(ldiv(sk_a, op3), sk_a)) -> ldiv(ldiv(sk_b, op5), op2)
(47.857143) 2067. ldiv(ldiv(X, op5), ldiv(X, op3)) -> ldiv(op3, ldiv(sk_a, op3))
(47.857143) 2068. ldiv(ldiv(X, op3), ldiv(X, op5)) -> ldiv(sk_c, ldiv(sk_b, op5))
(49.0) 2069. ldiv(rdiv(ldiv(sk_a, op3), sk_a), op3) -> ldiv(sk_c, ldiv(rdiv(op3, op2), op5))
(49.0) 2070. ldiv(ldiv(rdiv(op3, op2), op5), sk_c) -> ldiv(op3, rdiv(ldiv(sk_a, op3), sk_a))
(49.0) 2071. ldiv(rdiv(ldiv(sk_a, sk_b), sk_c), op3) -> ldiv(sk_b, ldiv(rdiv(sk_b, op3), op5))
(49.0) 2072. ldiv(ldiv(op3, op5), ldiv(?, ?)) -> ldiv(op3, ldiv(sk_a, op3))
(49.0) 2073. rdiv(op7, ldiv(ldiv(sk_b, op5), op2)) -> ldiv(rdiv(op3, op5), op5)
(49.0) 2074. ldiv(ldiv(?, ?), ldiv(op3, op5)) -> ldiv(sk_c, ldiv(sk_b, op5))
(49.0) 2075. rdiv(op3, ldiv(op2, ldiv(sk_b, op5))) -> op(ldiv(sk_a, op3), sk_a)
(49.0) 2076. ldiv(op(ldiv(sk_a, op3), sk_a), op3) -> ldiv(op2, ldiv(sk_b, op5))
(49.857143) 2077. ldiv(X, ldiv(rdiv(op5, X), op3)) -> ldiv(op3, ldiv(sk_a, op3))
(49.857143) 2078. ldiv(ldiv(rdiv(op5, X), op3), X) -> ldiv(sk_c, ldiv(sk_b, op5))
(50.285717) 2079. rdiv(op4, rdiv(X, ldiv(ldiv(sk_a, op4), op6))) -> rdiv(op6, rdiv(X, ldiv(op4, op6)))
(48.285717) 2080. rdiv(op6, rdiv(X, ldiv(op4, ldiv(sk_a, op4)))) -> rdiv(op4, X)
(44.285713) 2081. rdiv(X, ldiv(op4, ldiv(sk_a, op4))) -> ldiv(rdiv(op4, X), op6)
(45.857143) 2082. ldiv(ldiv(rdiv(op4, X), op6), X) -> ldiv(op4, ldiv(sk_a, op4))
(41.0) 2083. ldiv(ldiv(sk_b, op6), op2) -> ldiv(op4, ldiv(sk_a, op4))
(43.0) 2084. ldiv(ldiv(sk_a, op4), op4) -> ldiv(op2, ldiv(sk_b, op6))
(45.857143) 2085. ldiv(X, ldiv(rdiv(op4, X), op6)) -> ldiv(op2, ldiv(sk_b, op6))
(47.0) 2086. ldiv(rdiv(ldiv(sk_a, op4), sk_a), op4) -> ldiv(sk_c, ldiv(sk_b, op6))
(47.0) 2087. ldiv(op4, rdiv(ldiv(sk_a, op4), sk_a)) -> ldiv(ldiv(sk_b, op6), sk_c)
(47.857143) 2088. ldiv(ldiv(X, op6), ldiv(X, op4)) -> ldiv(op4, ldiv(sk_a, op4))
(47.857143) 2089. ldiv(ldiv(X, op4), ldiv(X, op6)) -> ldiv(op2, ldiv(sk_b, op6))
(49.0) 2090. ldiv(ldiv(rdiv(op4, sk_c), op6), op2) -> ldiv(op4, op(ldiv(sk_a, op4), sk_a))
(49.0) 2091. ldiv(rdiv(ldiv(sk_a, sk_b), op2), op4) -> ldiv(sk_b, ldiv(rdiv(sk_b, op4), op6))
(49.0) 2092. ldiv(ldiv(op4, op6), ldiv(?, ?)) -> ldiv(op4, ldiv(sk_a, op4))
(49.0) 2093. ldiv(ldiv(?, ?), ldiv(op4, op6)) -> ldiv(op2, ldiv(sk_b, op6))
(49.0) 2094. rdiv(op4, ldiv(sk_c, ldiv(sk_b, op6))) -> rdiv(ldiv(sk_a, op4), sk_a)
(49.857143) 2095. ldiv(X, ldiv(rdiv(op6, X), op4)) -> ldiv(op4, ldiv(sk_a, op4))
(49.857143) 2096. ldiv(ldiv(rdiv(op6, X), op4), X) -> ldiv(op2, ldiv(sk_b, op6))
(50.285717) 2097. rdiv(sk_a, rdiv(X, ldiv(ldiv(op5, sk_a), op7))) -> rdiv(op7, rdiv(X, ldiv(sk_a, op7)))
(48.285717) 2098. rdiv(op7, rdiv(X, ldiv(sk_a, ldiv(op5, sk_a)))) -> rdiv(sk_a, X)
(44.285713) 2099. rdiv(X, ldiv(sk_a, ldiv(op5, sk_a))) -> ldiv(rdiv(sk_a, X), op7)
(45.857143) 2100. ldiv(ldiv(rdiv(sk_a, X), op7), X) -> ldiv(sk_a, ldiv(op5, sk_a))
(45.857143) 2101. ldiv(X, ldiv(rdiv(sk_a, X), op7)) -> ldiv(ldiv(op5, sk_a), sk_a)
(49.0) 2102. ldiv(ldiv(rdiv(sk_a, sk_c), op7), op2) -> ldiv(sk_a, op(ldiv(op5, sk_a), sk_a))
(49.0) 2103. ldiv(rdiv(ldiv(op5, sk_a), sk_a), sk_a) -> ldiv(sk_c, ldiv(rdiv(sk_a, op2), op7))
(49.0) 2104. ldiv(ldiv(rdiv(sk_a, op2), op7), sk_c) -> ldiv(sk_a, rdiv(ldiv(op5, sk_a), sk_a))
(49.0) 2105. ldiv(ldiv(sk_a, op7), ldiv(?, ?)) -> ldiv(sk_a, ldiv(op5, sk_a))
(49.0) 2106. ldiv(ldiv(?, ?), ldiv(sk_a, op7)) -> ldiv(ldiv(op5, sk_a), sk_a)
(50.285717) 2107. rdiv(sk_c, rdiv(X, ldiv(ldiv(sk_b, sk_c), sk_c))) -> rdiv(op3, X)
(46.285713) 2108. rdiv(X, ldiv(ldiv(sk_b, sk_c), sk_c)) -> ldiv(rdiv(op3, X), sk_c)
(49.0) 2109. rdiv(op7, ldiv(ldiv(sk_b, sk_c), op2)) -> ldiv(rdiv(op3, op5), sk_c)
(50.285717) 2110. rdiv(sk_a, rdiv(X, ldiv(ldiv(sk_c, sk_a), sk_a))) -> rdiv(op2, X)
(46.285713) 2111. rdiv(X, ldiv(ldiv(sk_c, sk_a), sk_a)) -> ldiv(rdiv(op2, X), sk_a)
(50.285717) 2112. rdiv(op2, rdiv(X, ldiv(sk_a, ldiv(sk_c, op4)))) -> rdiv(op4, X)
(46.285713) 2113. rdiv(X, ldiv(sk_a, ldiv(sk_c, op4))) -> ldiv(rdiv(op4, X), op2)
(49.0) 2114. ldiv(rdiv(ldiv(sk_c, op4), sk_a), sk_a) -> ldiv(sk_c, ldiv(sk_b, op2))
(49.0) 2115. ldiv(sk_a, rdiv(ldiv(sk_c, op4), sk_a)) -> ldiv(ldiv(sk_b, op2), sk_c)
(50.285717) 2116. rdiv(op3, rdiv(X, ldiv(sk_c, ldiv(sk_b, op5)))) -> rdiv(op5, X)
(46.285713) 2117. rdiv(X, ldiv(sk_c, ldiv(sk_b, op5))) -> ldiv(rdiv(op5, X), op3)
(49.0) 2118. ldiv(rdiv(ldiv(sk_b, op5), sk_c), sk_c) -> ldiv(sk_b, ldiv(sk_a, op3))
(50.285717) 2119. rdiv(op4, rdiv(X, ldiv(op2, ldiv(sk_b, op6)))) -> rdiv(op6, X)
(46.285713) 2120. rdiv(X, ldiv(op2, ldiv(sk_b, op6))) -> ldiv(rdiv(op6, X), op4)
(49.0) 2121. ldiv(rdiv(ldiv(sk_b, op6), op2), op2) -> ldiv(sk_b, ldiv(sk_a, op4))
(51.0) 2122. ldiv(rdiv(ldiv(sk_b, sk_c), sk_c), sk_c) -> ldiv(sk_b, ldiv(rdiv(sk_c, op3), op3))
(51.0) 2123. ldiv(rdiv(ldiv(sk_b, sk_c), sk_a), sk_c) -> ldiv(op5, ldiv(rdiv(sk_c, op7), op3))
(51.0) 2124. ldiv(rdiv(ldiv(sk_b, sk_c), op2), sk_c) -> ldiv(sk_b, ldiv(rdiv(sk_c, op4), op3))
(51.0) 2125. ldiv(rdiv(ldiv(sk_b, sk_c), op3), sk_c) -> ldiv(sk_a, ldiv(rdiv(sk_c, op5), op3))
(51.0) 2126. ldiv(rdiv(ldiv(sk_b, sk_c), op4), sk_c) -> ldiv(sk_a, ldiv(rdiv(sk_c, op6), op3))
(51.0) 2127. ldiv(ldiv(?, ?), ldiv(op3, sk_c)) -> ldiv(sk_c, ldiv(sk_b, sk_c))
(51.0) 2128. ldiv(ldiv(op2, op3), ldiv(op7, op5)) -> ldiv(sk_c, ldiv(sk_b, sk_c))
(51.0) 2129. ldiv(ldiv(op3, sk_c), ldiv(?, ?)) -> ldiv(ldiv(sk_b, sk_c), sk_c)
(51.0) 2130. ldiv(ldiv(op7, op5), ldiv(op2, op3)) -> ldiv(ldiv(sk_b, sk_c), sk_c)
(51.0) 2131. ldiv(op(ldiv(sk_b, sk_c), sk_a), sk_c) -> ldiv(op2, ldiv(rdiv(sk_c, sk_c), op3))
(51.0) 2132. ldiv(rdiv(ldiv(sk_c, sk_a), sk_c), sk_a) -> ldiv(sk_b, ldiv(rdiv(sk_a, op3), op2))
(51.0) 2133. ldiv(rdiv(ldiv(sk_c, sk_a), sk_a), sk_a) -> ldiv(op5, ldiv(rdiv(sk_a, op7), op2))
(51.0) 2134. ldiv(rdiv(ldiv(sk_c, sk_a), op2), sk_a) -> ldiv(sk_b, ldiv(rdiv(sk_a, op4), op2))
(51.0) 2135. ldiv(rdiv(ldiv(sk_c, sk_a), op3), sk_a) -> ldiv(sk_a, ldiv(rdiv(sk_a, op5), op2))
(51.0) 2136. ldiv(rdiv(ldiv(sk_c, sk_a), op4), sk_a) -> ldiv(sk_a, ldiv(rdiv(sk_a, op6), op2))
(51.0) 2137. ldiv(ldiv(?, ?), ldiv(op2, sk_a)) -> ldiv(sk_a, ldiv(sk_c, sk_a))
(51.0) 2138. ldiv(ldiv(op2, sk_a), ldiv(?, ?)) -> ldiv(ldiv(sk_c, sk_a), sk_a)
(51.0) 2139. ldiv(op(ldiv(sk_c, sk_a), sk_a), sk_a) -> ldiv(op2, ldiv(rdiv(sk_a, sk_c), op2))
(51.0) 2140. ldiv(rdiv(ldiv(sk_b, op2), sk_c), op2) -> ldiv(sk_b, ldiv(rdiv(op2, op3), op4))
(51.0) 2141. ldiv(rdiv(ldiv(sk_b, op2), sk_a), op2) -> ldiv(op5, ldiv(rdiv(op2, op7), op4))
(51.0) 2142. ldiv(rdiv(ldiv(sk_b, op2), op2), op2) -> ldiv(sk_b, ldiv(rdiv(op2, op4), op4))
(51.0) 2143. ldiv(rdiv(ldiv(sk_b, op2), op3), op2) -> ldiv(sk_a, ldiv(rdiv(op2, op5), op4))
(51.0) 2144. ldiv(rdiv(ldiv(sk_b, op2), op4), op2) -> ldiv(sk_a, ldiv(rdiv(op2, op6), op4))
(51.0) 2145. ldiv(op(ldiv(sk_b, op2), op3), op2) -> ldiv(op5, ldiv(sk_c, op4))
(51.0) 2146. ldiv(op(ldiv(sk_b, op2), op4), op2) -> ldiv(op6, ldiv(sk_c, op4))
(51.0) 2147. ldiv(ldiv(?, ?), ldiv(op4, op2)) -> ldiv(op2, ldiv(sk_b, op2))
(51.0) 2148. ldiv(ldiv(op4, op2), ldiv(?, ?)) -> ldiv(sk_a, ldiv(sk_c, op4))
(51.0) 2149. ldiv(op(ldiv(sk_b, op2), sk_a), op2) -> ldiv(op2, ldiv(rdiv(op2, sk_c), op4))
(51.0) 2150. ldiv(ldiv(rdiv(sk_c, op2), op4), sk_c) -> ldiv(op2, rdiv(ldiv(sk_b, sk_c), sk_a))
(51.0) 2151. ldiv(rdiv(ldiv(sk_a, op3), sk_c), op3) -> ldiv(sk_b, ldiv(rdiv(op3, op3), op5))
(51.0) 2152. ldiv(rdiv(ldiv(sk_a, op3), sk_a), op3) -> ldiv(op5, ldiv(rdiv(op3, op7), op5))
(51.0) 2153. ldiv(rdiv(ldiv(sk_a, op3), op2), op3) -> ldiv(sk_b, ldiv(rdiv(op3, op4), op5))
(51.0) 2154. ldiv(rdiv(ldiv(sk_a, op3), op3), op3) -> ldiv(sk_a, ldiv(rdiv(op3, op5), op5))
(51.0) 2155. ldiv(rdiv(ldiv(sk_a, op3), op4), op3) -> ldiv(sk_a, ldiv(rdiv(op3, op6), op5))
(51.0) 2156. ldiv(ldiv(?, ?), ldiv(op5, op3)) -> ldiv(op3, ldiv(sk_a, op3))
(51.0) 2157. ldiv(ldiv(op5, op3), ldiv(?, ?)) -> ldiv(sk_c, ldiv(sk_b, op5))
(51.0) 2158. ldiv(ldiv(rdiv(sk_b, op3), op5), sk_b) -> ldiv(op3, rdiv(ldiv(sk_a, sk_b), sk_c))
(51.0) 2159. ldiv(ldiv(rdiv(op3, op5), op5), op7) -> ldiv(ldiv(sk_b, op5), op2)
(51.0) 2160. ldiv(op7, ldiv(rdiv(op3, op5), op5)) -> ldiv(op2, ldiv(sk_b, op5))
(51.0) 2161. ldiv(sk_c, rdiv(ldiv(sk_b, op5), sk_c)) -> ldiv(ldiv(sk_a, op3), sk_b)
(51.0) 2162. ldiv(rdiv(ldiv(sk_a, op4), sk_c), op4) -> ldiv(sk_b, ldiv(rdiv(op4, op3), op6))
(49.0) 2163. ldiv(op5, ldiv(rdiv(op4, op7), op6)) -> ldiv(sk_c, ldiv(sk_b, op6))
(51.0) 2164. ldiv(rdiv(ldiv(sk_a, op4), op2), op4) -> ldiv(sk_b, ldiv(rdiv(op4, op4), op6))
(51.0) 2165. ldiv(rdiv(ldiv(sk_a, op4), op3), op4) -> ldiv(sk_a, ldiv(rdiv(op4, op5), op6))
(51.0) 2166. ldiv(rdiv(ldiv(sk_a, op4), op4), op4) -> ldiv(sk_a, ldiv(rdiv(op4, op6), op6))
(51.0) 2167. ldiv(rdiv(ldiv(sk_b, op6), op2), sk_c) -> ldiv(sk_b, rdiv(ldiv(sk_a, op4), sk_a))
(51.0) 2168. ldiv(rdiv(sk_c, op3), ldiv(sk_b, op6)) -> ldiv(sk_a, ldiv(rdiv(op4, op7), op6))
(51.0) 2169. ldiv(ldiv(?, ?), ldiv(op6, op4)) -> ldiv(op4, ldiv(sk_a, op4))
(51.0) 2170. ldiv(ldiv(op6, op4), ldiv(?, ?)) -> ldiv(op2, ldiv(sk_b, op6))
(51.0) 2171. ldiv(op(ldiv(sk_a, op4), sk_a), op4) -> ldiv(op2, ldiv(rdiv(op4, sk_c), op6))
(51.0) 2172. ldiv(ldiv(rdiv(sk_b, op4), op6), sk_b) -> ldiv(op4, rdiv(ldiv(sk_a, sk_b), op2))
(51.0) 2173. ldiv(op2, rdiv(ldiv(sk_b, op6), op2)) -> ldiv(ldiv(sk_a, op4), sk_b)
(51.0) 2174. ldiv(rdiv(ldiv(op5, sk_a), sk_c), sk_a) -> ldiv(sk_b, ldiv(rdiv(sk_a, op3), op7))
(51.0) 2175. ldiv(rdiv(ldiv(op5, sk_a), sk_a), sk_a) -> ldiv(op5, ldiv(rdiv(sk_a, op7), op7))
(51.0) 2176. ldiv(rdiv(ldiv(op5, sk_a), op2), sk_a) -> ldiv(sk_b, ldiv(rdiv(sk_a, op4), op7))
(51.0) 2177. ldiv(rdiv(ldiv(op5, sk_a), op3), sk_a) -> ldiv(sk_a, ldiv(rdiv(sk_a, op5), op7))
(51.0) 2178. ldiv(rdiv(ldiv(op5, sk_a), op4), sk_a) -> ldiv(sk_a, ldiv(rdiv(sk_a, op6), op7))
(51.0) 2179. ldiv(op(ldiv(op5, sk_a), sk_a), sk_a) -> ldiv(op2, ldiv(rdiv(sk_a, sk_c), op7))
(51.0) 2180. rdiv(op3, ldiv(rdiv(sk_c, op3), ldiv(sk_b, sk_c))) -> sk_b
(45.0) 2181. ldiv(rdiv(sk_c, op3), ldiv(sk_b, sk_c)) -> sk_c
(41.0) 2182. op(rdiv(sk_c, op3), sk_c) -> ldiv(sk_b, sk_c)
(41.0) 2183. rdiv(ldiv(sk_b, sk_c), sk_c) -> rdiv(sk_c, op3)
(45.0) 2184. ldiv(sk_c, ldiv(sk_b, sk_c)) -> ldiv(op5, op(sk_a, sk_c))
(45.0) 2185. ldiv(ldiv(sk_b, sk_c), sk_c) -> ldiv(op3, op(sk_b, op3))
(45.0) 2186. ldiv(op2, ldiv(sk_b, sk_c)) -> ldiv(op7, op(sk_a, sk_c))
(45.0) 2187. ldiv(op(sk_a, sk_c), op7) -> ldiv(ldiv(sk_b, sk_c), op2)
(45.0) 2188. ldiv(rdiv(op3, op5), sk_c) -> op(sk_a, sk_c)
(53.0) 2189. rdiv(op7, ldiv(ldiv(sk_b, sk_c), op2)) -> op(sk_a, sk_c)
(46.285713) 2190. op(rdiv(X, op3), sk_c) -> ldiv(rdiv(op3, X), sk_c)
(46.285713) 2191. op(rdiv(X, sk_c), op3) -> ldiv(rdiv(sk_c, X), op3)
(47.0) 2192. ldiv(ldiv(sk_b, sk_c), rdiv(sk_c, op3)) -> ldiv(op3, sk_b)
(47.0) 2193. rdiv(sk_c, op(sk_a, sk_c)) -> rdiv(op3, op5)
(47.0) 2194. ldiv(rdiv(sk_c, op3), op3) -> op(sk_b, op3)
(49.0) 2195. rdiv(op3, op(sk_b, op3)) -> rdiv(sk_c, op3)
(50.285713) 2196. rdiv(ldiv(sk_b, sk_c), ldiv(X, op3)) -> rdiv(sk_c, ldiv(X, op(sk_b, op3)))
(51.0) 2197. ldiv(rdiv(sk_c, sk_a), ldiv(sk_b, sk_c)) -> ldiv(sk_c, ldiv(rdiv(op3, op2), sk_c))
(51.0) 2198. ldiv(ldiv(rdiv(op3, op2), sk_c), sk_c) -> ldiv(ldiv(sk_b, sk_c), rdiv(sk_c, sk_a))
(51.0) 2199. rdiv(?, ldiv(ldiv(sk_b, sk_c), op2)) -> ldiv(rdiv(op3, rdiv(?, sk_a)), sk_c)
(51.0) 2200. ldiv(rdiv(sk_c, sk_c), ldiv(sk_b, sk_c)) -> ldiv(sk_b, ldiv(rdiv(op3, op3), sk_c))
(51.0) 2201. ldiv(rdiv(sk_c, sk_a), ldiv(sk_b, sk_c)) -> ldiv(op5, ldiv(rdiv(op3, op7), sk_c))
(51.0) 2202. ldiv(rdiv(sk_c, op2), ldiv(sk_b, sk_c)) -> ldiv(sk_b, ldiv(rdiv(op3, op4), sk_c))
(51.0) 2203. ldiv(rdiv(sk_c, op4), ldiv(sk_b, sk_c)) -> ldiv(sk_a, ldiv(rdiv(op3, op6), sk_c))
(51.0) 2204. rdiv(op2, ldiv(rdiv(sk_a, op2), ldiv(sk_c, sk_a))) -> sk_c
(45.0) 2205. ldiv(rdiv(sk_a, op2), ldiv(sk_c, sk_a)) -> sk_a
(41.0) 2206. op(rdiv(sk_a, op2), sk_a) -> ldiv(sk_c, sk_a)
(41.0) 2207. rdiv(ldiv(sk_c, sk_a), sk_a) -> rdiv(sk_a, op2)
(45.0) 2208. ldiv(sk_a, ldiv(sk_c, sk_a)) -> ldiv(op4, op(sk_b, sk_a))
(45.0) 2209. ldiv(ldiv(sk_c, sk_a), sk_a) -> ldiv(op7, op(op5, op2))
(46.285713) 2210. op(rdiv(X, op2), sk_a) -> ldiv(rdiv(op2, X), sk_a)
(46.285713) 2211. op(rdiv(X, sk_a), op2) -> ldiv(rdiv(sk_a, X), op2)
(47.0) 2212. ldiv(ldiv(sk_c, sk_a), rdiv(sk_a, op2)) -> ldiv(op7, op5)
(41.0) 2213. ldiv(rdiv(op2, op4), sk_a) -> op(sk_b, sk_a)
(43.0) 2214. rdiv(sk_a, op(sk_b, sk_a)) -> rdiv(op2, op4)
(47.0) 2215. ldiv(rdiv(sk_a, op2), op2) -> op(sk_c, op2)
(47.0) 2216. ldiv(rdiv(sk_a, op7), op2) -> op(op5, op2)
(49.0) 2217. op(rdiv(op2, op4), op(sk_b, sk_a)) -> sk_a
(49.0) 2218. rdiv(op2, op(sk_c, op2)) -> rdiv(sk_a, op2)
(49.0) 2219. rdiv(op2, op(op5, op2)) -> rdiv(sk_a, op7)
(50.285713) 2220. rdiv(ldiv(sk_c, sk_a), ldiv(X, op2)) -> rdiv(sk_a, ldiv(X, op(sk_c, op2)))
(51.0) 2221. ldiv(ldiv(rdiv(op2, sk_c), sk_a), op2) -> ldiv(ldiv(sk_c, sk_a), op(sk_a, sk_a))
(51.0) 2222. ldiv(rdiv(sk_a, sk_a), ldiv(sk_c, sk_a)) -> ldiv(sk_c, ldiv(rdiv(op2, op2), sk_a))
(51.0) 2223. ldiv(ldiv(rdiv(op2, op2), sk_a), sk_c) -> ldiv(ldiv(sk_c, sk_a), rdiv(sk_a, sk_a))
(51.0) 2224. ldiv(rdiv(sk_a, sk_c), ldiv(sk_c, sk_a)) -> ldiv(sk_b, ldiv(rdiv(op2, op3), sk_a))
(51.0) 2225. ldiv(rdiv(sk_a, sk_a), ldiv(sk_c, sk_a)) -> ldiv(op5, ldiv(rdiv(op2, op7), sk_a))
(51.0) 2226. ldiv(rdiv(sk_a, op3), ldiv(sk_c, sk_a)) -> ldiv(sk_a, ldiv(rdiv(op2, op5), sk_a))
(51.0) 2227. ldiv(rdiv(sk_a, op4), ldiv(sk_c, sk_a)) -> ldiv(sk_a, ldiv(rdiv(op2, op6), sk_a))
(51.0) 2228. ldiv(ldiv(rdiv(op4, sk_c), op2), op2) -> ldiv(sk_a, op(ldiv(sk_c, op4), sk_a))
(51.0) 2229. ldiv(rdiv(ldiv(sk_c, op4), sk_c), sk_a) -> ldiv(sk_b, ldiv(rdiv(op4, op3), op2))
(49.0) 2230. ldiv(op5, ldiv(rdiv(op4, op7), op2)) -> ldiv(sk_c, ldiv(sk_b, op2))
(51.0) 2231. ldiv(rdiv(ldiv(sk_c, op4), op2), sk_a) -> ldiv(sk_b, ldiv(rdiv(op4, op4), op2))
(51.0) 2232. ldiv(rdiv(ldiv(sk_c, op4), op3), sk_a) -> ldiv(sk_a, ldiv(rdiv(op4, op5), op2))
(51.0) 2233. ldiv(rdiv(ldiv(sk_c, op4), op4), sk_a) -> ldiv(sk_a, ldiv(rdiv(op4, op6), op2))
(51.0) 2234. ldiv(rdiv(ldiv(sk_c, sk_b), op2), sk_a) -> ldiv(sk_b, ldiv(rdiv(sk_b, op4), op2))
(51.0) 2235. rdiv(sk_a, ldiv(sk_c, ldiv(sk_b, op2))) -> rdiv(ldiv(sk_c, op4), sk_a)
(51.0) 2236. ldiv(ldiv(rdiv(op5, sk_c), op3), op2) -> ldiv(sk_c, op(ldiv(sk_b, op5), sk_a))
(51.0) 2237. ldiv(rdiv(ldiv(sk_b, op5), sk_a), sk_c) -> ldiv(sk_c, ldiv(rdiv(op5, op2), op3))
(51.0) 2238. ldiv(ldiv(rdiv(op5, op2), op3), sk_c) -> ldiv(sk_c, rdiv(ldiv(sk_b, op5), sk_a))
(51.0) 2239. ldiv(rdiv(ldiv(sk_b, op5), sk_a), sk_c) -> ldiv(op5, ldiv(rdiv(op5, op7), op3))
(51.0) 2240. ldiv(rdiv(ldiv(sk_b, op5), op2), sk_c) -> ldiv(sk_b, ldiv(rdiv(op5, op4), op3))
(51.0) 2241. ldiv(rdiv(ldiv(sk_b, op5), op3), sk_c) -> ldiv(sk_a, ldiv(rdiv(op5, op5), op3))
(51.0) 2242. ldiv(rdiv(ldiv(sk_b, op5), op4), sk_c) -> ldiv(sk_a, ldiv(rdiv(op5, op6), op3))
(51.0) 2243. rdiv(sk_c, ldiv(sk_b, ldiv(sk_a, op3))) -> rdiv(ldiv(sk_b, op5), sk_c)
(51.0) 2244. ldiv(ldiv(rdiv(op6, sk_c), op4), op2) -> ldiv(op2, op(ldiv(sk_b, op6), sk_a))
(51.0) 2245. ldiv(rdiv(ldiv(sk_b, op6), sk_a), op2) -> ldiv(sk_c, ldiv(rdiv(op6, op2), op4))
(51.0) 2246. ldiv(ldiv(rdiv(op6, op2), op4), sk_c) -> ldiv(op2, rdiv(ldiv(sk_b, op6), sk_a))
(51.0) 2247. ldiv(rdiv(ldiv(sk_b, op6), sk_c), op2) -> ldiv(sk_b, ldiv(rdiv(op6, op3), op4))
(51.0) 2248. ldiv(rdiv(ldiv(sk_b, op6), sk_a), op2) -> ldiv(op5, ldiv(rdiv(op6, op7), op4))
(51.0) 2249. ldiv(rdiv(ldiv(sk_b, op6), op3), op2) -> ldiv(sk_a, ldiv(rdiv(op6, op5), op4))
(51.0) 2250. ldiv(rdiv(ldiv(sk_b, op6), op4), op2) -> ldiv(sk_a, ldiv(rdiv(op6, op6), op4))
(51.0) 2251. rdiv(op2, ldiv(sk_b, ldiv(sk_a, op4))) -> rdiv(ldiv(sk_b, op6), op2)
(51.0) 2252. rdiv(op2, ldiv(op7, op(sk_a, sk_c))) -> ldiv(rdiv(sk_c, op2), op4)
(51.0) 2253. ldiv(op2, ldiv(rdiv(sk_c, op2), op4)) -> ldiv(ldiv(sk_b, sk_c), op2)
(51.0) 2254. rdiv(op3, ldiv(op3, ldiv(sk_a, sk_b))) -> ldiv(rdiv(sk_b, op3), op5)
(51.0) 2255. ldiv(op3, ldiv(rdiv(sk_b, op3), op5)) -> ldiv(ldiv(sk_a, sk_b), op3)
(51.0) 2256. ldiv(ldiv(rdiv(op4, op7), op6), op5) -> ldiv(ldiv(sk_b, op6), sk_c)
(51.0) 2257. rdiv(op4, ldiv(op4, ldiv(sk_a, sk_b))) -> ldiv(rdiv(sk_b, op4), op6)
(51.0) 2258. ldiv(op4, ldiv(rdiv(sk_b, op4), op6)) -> ldiv(ldiv(sk_a, sk_b), op4)
(51.0) 2259. ldiv(op(sk_c, sk_c), ldiv(sk_b, sk_c)) -> ldiv(op3, ldiv(rdiv(op3, sk_b), sk_c))
(51.0) 2260. ldiv(op(sk_a, sk_a), ldiv(sk_c, sk_a)) -> ldiv(op7, ldiv(rdiv(op2, op5), sk_a))
(51.0) 2261. ldiv(ldiv(rdiv(op4, op7), op2), op5) -> ldiv(ldiv(sk_b, op2), sk_c)
(51.285713) 2262. rdiv(X, rdiv(Y, ldiv(Z, ldiv(rdiv(X, Z), Z)))) -> rdiv(Z, Y)
(41.571426) 2263. rdiv(ldiv(?, ?), rdiv(X, Y)) -> rdiv(Y, X)
(35.0) 2264. rdiv(ldiv(sk_a, op7), op2) -> sk_b
(29.0) 2265. ldiv(sk_a, op7) -> op4
(31.0) 2266. op(sk_a, op4) -> op7
(25.0) 2267. op6 -> op7

The conjecture is true! Here is a proof.

Axiom 1 (ax2): ldiv(X, op(X, Y)) = Y.
Axiom 2 (ax3): rdiv(op(X, Y), Y) = X.
Axiom 3 (ax1): op(X, ldiv(X, Y)) = Y.
Axiom 4 (ax4): op(rdiv(X, Y), Y) = X.
Axiom 5 (ax5): op(X, op(Y, op(Z, Z))) = op(op(X, op(Y, Z)), Z).

Lemma 6: rdiv(op(X, op(Y, op(Z, Z))), Z) = op(X, op(Y, Z)).
Proof:
  rdiv(op(X, op(Y, op(Z, Z))), Z)
= { by axiom 5 (ax5) }
  rdiv(op(op(X, op(Y, Z)), Z), Z) (peak)
= { by axiom 2 (ax3) }
  op(X, op(Y, Z))

Lemma 7: op(X, op(rdiv(Y, op(Z, Z)), Z)) = rdiv(op(X, Y), Z).
Proof:
  op(X, op(rdiv(Y, op(Z, Z)), Z))
= { by lemma 6 R->L }
  rdiv(op(X, op(rdiv(Y, op(Z, Z)), op(Z, Z))), Z) (peak)
= { by axiom 4 (ax4) }
  rdiv(op(X, Y), Z)

Lemma 8: ldiv(W, rdiv(op(W, Y), Z)) = ldiv(X, rdiv(op(X, Y), Z)).
Proof:
  ldiv(W, rdiv(op(W, Y), Z))
= { by lemma 7 R->L }
  ldiv(W, op(W, op(rdiv(Y, op(Z, Z)), Z))) (peak)
= { by axiom 1 (ax2) }
  op(rdiv(Y, op(Z, Z)), Z)
= { by axiom 1 (ax2) R->L }
  ldiv(X, op(X, op(rdiv(Y, op(Z, Z)), Z))) (peak)
= { by lemma 7 }
  ldiv(X, rdiv(op(X, Y), Z))

Lemma 9: ldiv(Y, Y) = ldiv(X, X).
Proof:
  ldiv(Y, Y)
= { by axiom 2 (ax3) R->L }
  ldiv(Y, rdiv(op(Y, Z), Z)) (peak)
= { by lemma 8 }
  ldiv(X, rdiv(op(X, Z), Z)) (peak)
= { by axiom 2 (ax3) }
  ldiv(X, X)

Lemma 10: op(X, ldiv(Y, Y)) = X.
Proof:
  op(X, ldiv(Y, Y)) (peak)
= { by lemma 9 }
  op(X, ldiv(X, X)) (peak)
= { by axiom 3 (ax1) }
  X

Lemma 11: ldiv(Z, rdiv(Z, Y)) = ldiv(X, rdiv(X, Y)).
Proof:
  ldiv(Z, rdiv(Z, Y))
= { by lemma 10 R->L }
  ldiv(Z, rdiv(op(Z, ldiv(W, W)), Y)) (peak)
= { by lemma 8 }
  ldiv(X, rdiv(op(X, ldiv(W, W)), Y)) (peak)
= { by lemma 10 }
  ldiv(X, rdiv(X, Y))

Lemma 12: ldiv(op(X, Y), X) = ldiv(Z, rdiv(Z, Y)).
Proof:
  ldiv(op(X, Y), X)
= { by axiom 2 (ax3) R->L }
  ldiv(op(X, Y), rdiv(op(X, Y), Y)) (peak)
= { by lemma 11 R->L }
  ldiv(Z, rdiv(Z, Y)) (peak)

Lemma 13: ldiv(rdiv(X, Y), X) = Y.
Proof:
  ldiv(rdiv(X, Y), X)
= { by axiom 4 (ax4) R->L }
  ldiv(rdiv(X, Y), op(rdiv(X, Y), Y)) (peak)
= { by axiom 1 (ax2) }
  Y

Lemma 14: rdiv(X, ldiv(Y, X)) = Y.
Proof:
  rdiv(X, ldiv(Y, X))
= { by axiom 3 (ax1) R->L }
  rdiv(op(Y, ldiv(Y, X)), ldiv(Y, X)) (peak)
= { by axiom 2 (ax3) }
  Y

Lemma 15: ldiv(X, rdiv(X, ldiv(Y, Z))) = ldiv(Z, Y).
Proof:
  ldiv(X, rdiv(X, ldiv(Y, Z))) (peak)
= { by lemma 11 }
  ldiv(Z, rdiv(Z, ldiv(Y, Z))) (peak)
= { by lemma 14 }
  ldiv(Z, Y)

Lemma 16: op(X, ldiv(Y, rdiv(Y, Z))) = rdiv(X, Z).
Proof:
  op(X, ldiv(Y, rdiv(Y, Z))) (peak)
= { by lemma 11 }
  op(X, ldiv(X, rdiv(X, Z))) (peak)
= { by axiom 3 (ax1) }
  rdiv(X, Z)

Lemma 17: op(X, ldiv(Y, Z)) = rdiv(X, ldiv(Z, Y)).
Proof:
  op(X, ldiv(Y, Z))
= { by lemma 15 R->L }
  op(X, ldiv(W, rdiv(W, ldiv(Z, Y)))) (peak)
= { by lemma 16 }
  rdiv(X, ldiv(Z, Y))

Lemma 18: op(rdiv(X, op(Y, Y)), Y) = ldiv(Z, rdiv(op(Z, X), Y)).
Proof:
  op(rdiv(X, op(Y, Y)), Y)
= { by axiom 1 (ax2) R->L }
  ldiv(Z, op(Z, op(rdiv(X, op(Y, Y)), Y))) (peak)
= { by lemma 7 }
  ldiv(Z, rdiv(op(Z, X), Y))

Lemma 19: rdiv(ldiv(X, rdiv(op(X, Y), Z)), Z) = rdiv(Y, op(Z, Z)).
Proof:
  rdiv(ldiv(X, rdiv(op(X, Y), Z)), Z) (peak)
= { by lemma 18 R->L }
  rdiv(op(rdiv(Y, op(Z, Z)), Z), Z) (peak)
= { by axiom 2 (ax3) }
  rdiv(Y, op(Z, Z))

Lemma 20: rdiv(ldiv(Y, Y), X) = rdiv(X, op(X, X)).
Proof:
  rdiv(ldiv(Y, Y), X)
= { by axiom 2 (ax3) R->L }
  rdiv(ldiv(Y, rdiv(op(Y, X), X)), X) (peak)
= { by lemma 19 }
  rdiv(X, op(X, X))

Lemma 21: op(X, op(rdiv(Y, Z), op(Z, Z))) = op(op(X, Y), Z).
Proof:
  op(X, op(rdiv(Y, Z), op(Z, Z)))
= { by axiom 5 (ax5) }
  op(op(X, op(rdiv(Y, Z), Z)), Z) (peak)
= { by axiom 4 (ax4) }
  op(op(X, Y), Z)

Lemma 22: ldiv(W, op(op(W, Y), Z)) = ldiv(X, op(op(X, Y), Z)).
Proof:
  ldiv(W, op(op(W, Y), Z))
= { by lemma 21 R->L }
  ldiv(W, op(W, op(rdiv(Y, Z), op(Z, Z)))) (peak)
= { by axiom 1 (ax2) }
  op(rdiv(Y, Z), op(Z, Z))
= { by axiom 1 (ax2) R->L }
  ldiv(X, op(X, op(rdiv(Y, Z), op(Z, Z)))) (peak)
= { by lemma 21 }
  ldiv(X, op(op(X, Y), Z))

Lemma 23: ldiv(X, op(rdiv(X, ldiv(Y, Z)), W)) = ldiv(Z, op(Y, W)).
Proof:
  ldiv(X, op(rdiv(X, ldiv(Y, Z)), W))
= { by lemma 17 R->L }
  ldiv(X, op(op(X, ldiv(Z, Y)), W)) (peak)
= { by lemma 22 }
  ldiv(Z, op(op(Z, ldiv(Z, Y)), W)) (peak)
= { by axiom 3 (ax1) }
  ldiv(Z, op(Y, W))

Lemma 24: ldiv(op(X, Y), op(X, Z)) = ldiv(W, op(rdiv(W, Y), Z)).
Proof:
  ldiv(op(X, Y), op(X, Z))
= { by lemma 23 R->L }
  ldiv(W, op(rdiv(W, ldiv(X, op(X, Y))), Z)) (peak)
= { by axiom 1 (ax2) }
  ldiv(W, op(rdiv(W, Y), Z))

Lemma 25: ldiv(rdiv(X, Y), op(X, Z)) = ldiv(W, op(op(W, Y), Z)).
Proof:
  ldiv(rdiv(X, Y), op(X, Z))
= { by axiom 4 (ax4) R->L }
  ldiv(rdiv(X, Y), op(op(rdiv(X, Y), Y), Z)) (peak)
= { by lemma 22 R->L }
  ldiv(W, op(op(W, Y), Z)) (peak)

Lemma 26: ldiv(op(rdiv(X, Y), Z), X) = ldiv(W, op(rdiv(W, Z), Y)).
Proof:
  ldiv(op(rdiv(X, Y), Z), X)
= { by axiom 4 (ax4) R->L }
  ldiv(op(rdiv(X, Y), Z), op(rdiv(X, Y), Y)) (peak)
= { by lemma 24 }
  ldiv(W, op(rdiv(W, Z), Y)) (peak)

Lemma 27: ldiv(rdiv(ldiv(X, X), Y), Y) = op(Y, Y).
Proof:
  ldiv(rdiv(ldiv(X, X), Y), Y) (peak)
= { by lemma 20 }
  ldiv(rdiv(Y, op(Y, Y)), Y) (peak)
= { by lemma 13 }
  op(Y, Y)

Lemma 28: op(rdiv(X, Y), op(Y, Y)) = ldiv(Z, op(op(Z, X), Y)).
Proof:
  op(rdiv(X, Y), op(Y, Y))
= { by axiom 1 (ax2) R->L }
  ldiv(Z, op(Z, op(rdiv(X, Y), op(Y, Y)))) (peak)
= { by lemma 21 }
  ldiv(Z, op(op(Z, X), Y))

Lemma 29: rdiv(X, ldiv(op(op(Y, Z), W), Y)) = op(op(X, Z), W).
Proof:
  rdiv(X, ldiv(op(op(Y, Z), W), Y))
= { by lemma 17 R->L }
  op(X, ldiv(Y, op(op(Y, Z), W))) (peak)
= { by lemma 28 R->L }
  op(X, op(rdiv(Z, W), op(W, W))) (peak)
= { by lemma 21 }
  op(op(X, Z), W)

Lemma 30: op(rdiv(X, ldiv(Y, Z)), W) = rdiv(X, ldiv(op(Y, W), Z)).
Proof:
  op(rdiv(X, ldiv(Y, Z)), W)
= { by lemma 17 R->L }
  op(op(X, ldiv(Z, Y)), W)
= { by lemma 29 R->L }
  rdiv(X, ldiv(op(op(Z, ldiv(Z, Y)), W), Z)) (peak)
= { by axiom 3 (ax1) }
  rdiv(X, ldiv(op(Y, W), Z))

Lemma 31: rdiv(X, ldiv(Y, op(rdiv(Y, Z), W))) = op(rdiv(X, W), Z).
Proof:
  rdiv(X, ldiv(Y, op(rdiv(Y, Z), W))) (peak)
= { by lemma 26 R->L }
  rdiv(X, ldiv(op(rdiv(V, W), Z), V))
= { by lemma 30 R->L }
  op(rdiv(X, ldiv(rdiv(V, W), V)), Z) (peak)
= { by lemma 13 }
  op(rdiv(X, W), Z)

Lemma 32: op(rdiv(X, op(Y, Z)), op(Y, op(Z, Z))) = op(X, Z).
Proof:
  op(rdiv(X, op(Y, Z)), op(Y, op(Z, Z)))
= { by axiom 5 (ax5) }
  op(op(rdiv(X, op(Y, Z)), op(Y, Z)), Z) (peak)
= { by axiom 4 (ax4) }
  op(X, Z)

Lemma 33: rdiv(op(X, Y), op(Z, op(Y, Y))) = rdiv(X, op(Z, Y)).
Proof:
  rdiv(op(X, Y), op(Z, op(Y, Y)))
= { by lemma 32 R->L }
  rdiv(op(rdiv(X, op(Z, Y)), op(Z, op(Y, Y))), op(Z, op(Y, Y))) (peak)
= { by axiom 2 (ax3) }
  rdiv(X, op(Z, Y))

Lemma 34: rdiv(rdiv(X, Y), op(Z, Y)) = rdiv(X, op(Z, op(Y, Y))).
Proof:
  rdiv(rdiv(X, Y), op(Z, Y))
= { by lemma 33 R->L }
  rdiv(op(rdiv(X, Y), Y), op(Z, op(Y, Y))) (peak)
= { by axiom 4 (ax4) }
  rdiv(X, op(Z, op(Y, Y)))

Lemma 35: rdiv(X, ldiv(Y, op(op(Y, Z), W))) = rdiv(rdiv(X, W), Z).
Proof:
  rdiv(X, ldiv(Y, op(op(Y, Z), W))) (peak)
= { by lemma 28 R->L }
  rdiv(X, op(rdiv(Z, W), op(W, W)))
= { by lemma 34 R->L }
  rdiv(rdiv(X, W), op(rdiv(Z, W), W)) (peak)
= { by axiom 4 (ax4) }
  rdiv(rdiv(X, W), Z)

Lemma 36: rdiv(X, ldiv(Y, rdiv(op(Y, Z), W))) = rdiv(op(X, W), Z).
Proof:
  rdiv(X, ldiv(Y, rdiv(op(Y, Z), W))) (peak)
= { by lemma 18 R->L }
  rdiv(X, op(rdiv(Z, op(W, W)), W))
= { by lemma 33 R->L }
  rdiv(op(X, W), op(rdiv(Z, op(W, W)), op(W, W))) (peak)
= { by axiom 4 (ax4) }
  rdiv(op(X, W), Z)

Lemma 37: rdiv(op(X, Y), ldiv(Z, W)) = rdiv(X, ldiv(Z, rdiv(W, Y))).
Proof:
  rdiv(op(X, Y), ldiv(Z, W))
= { by lemma 36 R->L }
  rdiv(X, ldiv(Z, rdiv(op(Z, ldiv(Z, W)), Y))) (peak)
= { by axiom 3 (ax1) }
  rdiv(X, ldiv(Z, rdiv(W, Y)))

Lemma 38: rdiv(X, ldiv(Y, rdiv(Y, Z))) = op(X, Z).
Proof:
  rdiv(X, ldiv(Y, rdiv(Y, Z))) (peak)
= { by lemma 12 R->L }
  rdiv(X, ldiv(op(W, Z), W))
= { by lemma 10 R->L }
  rdiv(X, ldiv(op(op(W, Z), ldiv(V, V)), W)) (peak)
= { by lemma 29 }
  op(op(X, Z), ldiv(V, V))
= { by lemma 10 }
  op(X, Z)

Lemma 39: rdiv(rdiv(X, ldiv(Y, Z)), W) = rdiv(X, ldiv(rdiv(Y, W), Z)).
Proof:
  rdiv(rdiv(X, ldiv(Y, Z)), W)
= { by lemma 17 R->L }
  rdiv(op(X, ldiv(Z, Y)), W)
= { by lemma 36 R->L }
  rdiv(X, ldiv(V, rdiv(op(V, W), ldiv(Z, Y)))) (peak)
= { by lemma 37 }
  rdiv(X, ldiv(V, rdiv(V, ldiv(Z, rdiv(Y, W)))))
= { by lemma 38 }
  op(X, ldiv(Z, rdiv(Y, W)))
= { by lemma 17 }
  rdiv(X, ldiv(rdiv(Y, W), Z))

Lemma 40: ldiv(rdiv(X, Y), ldiv(Z, op(op(Z, X), Y))) = op(Y, Y).
Proof:
  ldiv(rdiv(X, Y), ldiv(Z, op(op(Z, X), Y))) (peak)
= { by lemma 28 R->L }
  ldiv(rdiv(X, Y), op(rdiv(X, Y), op(Y, Y))) (peak)
= { by axiom 1 (ax2) }
  op(Y, Y)

Lemma 41: rdiv(ldiv(X, Y), ldiv(Y, X)) = ldiv(X, ldiv(rdiv(X, Y), Y)).
Proof:
  rdiv(ldiv(X, Y), ldiv(Y, X))
= { by lemma 17 R->L }
  op(ldiv(X, Y), ldiv(X, Y))
= { by lemma 40 R->L }
  ldiv(rdiv(Y, ldiv(X, Y)), ldiv(Z, op(op(Z, Y), ldiv(X, Y)))) (peak)
= { by lemma 14 }
  ldiv(X, ldiv(Z, op(op(Z, Y), ldiv(X, Y))))
= { by lemma 17 }
  ldiv(X, ldiv(Z, rdiv(op(Z, Y), ldiv(Y, X))))
= { by lemma 37 }
  ldiv(X, ldiv(Z, rdiv(Z, ldiv(Y, rdiv(X, Y)))))
= { by lemma 15 }
  ldiv(X, ldiv(rdiv(X, Y), Y))

Lemma 42: rdiv(X, rdiv(Y, ldiv(ldiv(rdiv(Z, X), X), Z))) = rdiv(Z, rdiv(Y, ldiv(X, Z))).
Proof:
  rdiv(X, rdiv(Y, ldiv(ldiv(rdiv(Z, X), X), Z)))
= { by lemma 17 R->L }
  rdiv(X, op(Y, ldiv(Z, ldiv(rdiv(Z, X), X))))
= { by lemma 41 R->L }
  rdiv(X, op(Y, rdiv(ldiv(Z, X), ldiv(X, Z))))
= { by lemma 17 R->L }
  rdiv(X, op(Y, op(ldiv(Z, X), ldiv(Z, X))))
= { by axiom 3 (ax1) R->L }
  rdiv(op(Z, ldiv(Z, X)), op(Y, op(ldiv(Z, X), ldiv(Z, X)))) (peak)
= { by lemma 33 }
  rdiv(Z, op(Y, ldiv(Z, X)))
= { by lemma 17 }
  rdiv(Z, rdiv(Y, ldiv(X, Z)))

Lemma 43: rdiv(X, ldiv(ldiv(rdiv(Y, Z), Z), Y)) = ldiv(rdiv(Y, rdiv(X, ldiv(Z, Y))), Z).
Proof:
  rdiv(X, ldiv(ldiv(rdiv(Y, Z), Z), Y))
= { by lemma 13 R->L }
  ldiv(rdiv(Z, rdiv(X, ldiv(ldiv(rdiv(Y, Z), Z), Y))), Z) (peak)
= { by lemma 42 }
  ldiv(rdiv(Y, rdiv(X, ldiv(Z, Y))), Z)

Lemma 44: rdiv(X, rdiv(Y, ldiv(Z, ldiv(rdiv(X, Z), Z)))) = rdiv(Z, Y).
Proof:
  rdiv(X, rdiv(Y, ldiv(Z, ldiv(rdiv(X, Z), Z))))
= { by lemma 14 R->L }
  rdiv(X, rdiv(Y, ldiv(Z, ldiv(rdiv(X, rdiv(X, ldiv(Z, X))), Z))))
= { by lemma 43 R->L }
  rdiv(X, rdiv(Y, ldiv(Z, rdiv(X, ldiv(ldiv(rdiv(X, Z), Z), X)))))
= { by lemma 37 R->L }
  rdiv(X, rdiv(op(Y, ldiv(ldiv(rdiv(X, Z), Z), X)), ldiv(Z, X)))
= { by lemma 42 R->L }
  rdiv(Z, rdiv(op(Y, ldiv(ldiv(rdiv(X, Z), Z), X)), ldiv(ldiv(rdiv(X, Z), Z), X))) (peak)
= { by axiom 2 (ax3) }
  rdiv(Z, Y)

Lemma 45: rdiv(ldiv(X, X), rdiv(Y, Z)) = rdiv(Z, Y).
Proof:
  rdiv(ldiv(X, X), rdiv(Y, Z)) (peak)
= { by lemma 20 }
  rdiv(rdiv(Y, Z), op(rdiv(Y, Z), rdiv(Y, Z)))
= { by axiom 1 (ax2) R->L }
  rdiv(rdiv(Y, Z), op(rdiv(Y, Z), rdiv(Y, ldiv(Z, op(Z, Z)))))
= { by lemma 31 R->L }
  rdiv(rdiv(Y, Z), rdiv(Y, ldiv(W, op(rdiv(W, rdiv(Y, ldiv(Z, op(Z, Z)))), Z)))) (peak)
= { by lemma 24 R->L }
  rdiv(rdiv(Y, Z), rdiv(Y, ldiv(op(Z, rdiv(Y, ldiv(Z, op(Z, Z)))), op(Z, Z))))
= { by lemma 35 R->L }
  rdiv(Y, ldiv(V, op(op(V, rdiv(Y, ldiv(op(Z, rdiv(Y, ldiv(Z, op(Z, Z)))), op(Z, Z)))), Z))) (peak)
= { by lemma 25 R->L }
  rdiv(Y, ldiv(rdiv(Z, rdiv(Y, ldiv(op(Z, rdiv(Y, ldiv(Z, op(Z, Z)))), op(Z, Z)))), op(Z, Z)))
= { by lemma 27 R->L }
  rdiv(Y, ldiv(rdiv(Z, rdiv(Y, ldiv(op(Z, rdiv(Y, ldiv(Z, ldiv(rdiv(ldiv(U, U), Z), Z)))), op(Z, Z)))), op(Z, Z)))
= { by lemma 27 R->L }
  rdiv(Y, ldiv(rdiv(Z, rdiv(Y, ldiv(op(Z, rdiv(Y, ldiv(Z, ldiv(rdiv(ldiv(U, U), Z), Z)))), ldiv(rdiv(ldiv(U, U), Z), Z)))), op(Z, Z)))
= { by lemma 27 R->L }
  rdiv(Y, ldiv(rdiv(Z, rdiv(Y, ldiv(op(Z, rdiv(Y, ldiv(Z, ldiv(rdiv(ldiv(U, U), Z), Z)))), ldiv(rdiv(ldiv(U, U), Z), Z)))), ldiv(rdiv(ldiv(U, U), Z), Z)))
= { by lemma 30 R->L }
  rdiv(Y, ldiv(rdiv(Z, op(rdiv(Y, ldiv(Z, ldiv(rdiv(ldiv(U, U), Z), Z))), rdiv(Y, ldiv(Z, ldiv(rdiv(ldiv(U, U), Z), Z))))), ldiv(rdiv(ldiv(U, U), Z), Z)))
= { by lemma 39 R->L }
  rdiv(rdiv(Y, ldiv(Z, ldiv(rdiv(ldiv(U, U), Z), Z))), op(rdiv(Y, ldiv(Z, ldiv(rdiv(ldiv(U, U), Z), Z))), rdiv(Y, ldiv(Z, ldiv(rdiv(ldiv(U, U), Z), Z))))) (peak)
= { by lemma 20 R->L }
  rdiv(ldiv(U, U), rdiv(Y, ldiv(Z, ldiv(rdiv(ldiv(U, U), Z), Z))))
= { by lemma 44 }
  rdiv(Z, Y)

Lemma 46: rdiv(op(X, Y), ldiv(Z, op(op(Z, W), Y))) = rdiv(X, W).
Proof:
  rdiv(op(X, Y), ldiv(Z, op(op(Z, W), Y))) (peak)
= { by lemma 25 R->L }
  rdiv(op(X, Y), ldiv(rdiv(X, W), op(X, Y))) (peak)
= { by lemma 14 }
  rdiv(X, W)

Lemma 47: rdiv(ldiv(X, op(op(X, op(Y, Z)), W)), op(Z, W)) = Y.
Proof:
  rdiv(ldiv(X, op(op(X, op(Y, Z)), W)), op(Z, W))
= { by lemma 45 R->L }
  rdiv(ldiv(V, V), rdiv(op(Z, W), ldiv(X, op(op(X, op(Y, Z)), W)))) (peak)
= { by lemma 46 }
  rdiv(ldiv(V, V), rdiv(Z, op(Y, Z)))
= { by lemma 45 }
  rdiv(op(Y, Z), Z)
= { by axiom 2 (ax3) }
  Y

Lemma 48: ldiv(X, op(op(X, op(Y, Z)), W)) = op(Y, op(Z, W)).
Proof:
  ldiv(X, op(op(X, op(Y, Z)), W))
= { by axiom 4 (ax4) R->L }
  op(rdiv(ldiv(X, op(op(X, op(Y, Z)), W)), op(Z, W)), op(Z, W)) (peak)
= { by lemma 47 }
  op(Y, op(Z, W))

Lemma 49: op(op(X, op(Y, Z)), W) = op(X, op(Y, op(Z, W))).
Proof:
  op(op(X, op(Y, Z)), W)
= { by axiom 3 (ax1) R->L }
  op(X, ldiv(X, op(op(X, op(Y, Z)), W))) (peak)
= { by lemma 48 }
  op(X, op(Y, op(Z, W)))

Goal 1 (goal): op(sk_a, op(sk_b, op(sk_c, sk_a))) = op(op(sk_a, op(sk_b, sk_c)), sk_a).
Proof:
  op(sk_a, op(sk_b, op(sk_c, sk_a)))
= { by lemma 49 R->L }
  op(op(sk_a, op(sk_b, sk_c)), sk_a) (peak)

RESULT: Unsatisfiable (the axioms are contradictory).
