============================== Prover9 ===============================
Prover9 (64) version 2009-11A, November 2009.
Process 1946 was started by guya on CM-JRV4H50YKP,
Fri Aug 28 11:59:20 2026
The command was "/Users/guya/LADR-2009-11A//bin/prover9 -f /tmp/g.in".
============================== end of head ===========================

============================== INPUT =================================

% Reading from file /tmp/g.in

assign(max_seconds,60).

formulas(assumptions).
0 * x = x.
x * 0 = x.
x * (x \ y) = y.
x \ (x * y) = y.
(x * y) / y = x.
(x / y) * y = x.
(x * y) * z = (x * (y * z)) * a(x,y,z).
x * y = (y * x) * K(x,y).
R(u,x,y) = ((u * x) * y) / (x * y).
L(u,x,y) = (y * x) \ (y * (x * u)).
T(u,x) = x \ (u * x).
K(K(x,y),z) = 1.
K(x,K(y,v)) = 1.
K(a(x,y,z),u) = 1.
K(x,a(u,v,y)) = 1.
a(K(x,y),z,w) = 1.
a(z,K(x,y),w) = 1.
a(z,w,K(x,y)) = 1.
a(a(x,y,z),u,v) = 1.
a(x,a(y,z,w),v) = 1.
a(x,y,a(u,v,w)) = 1.
end_of_list.

formulas(goals).
T(R(x,y,z),u) = R(T(x,u),y,z).
end_of_list.

============================== end of input ==========================

============================== PROCESS NON-CLAUSAL FORMULAS ==========

% Formulas that are not ordinary clauses:
1 T(R(x,y,z),u) = R(T(x,u),y,z) # label(non_clause) # label(goal).  [goal].

============================== end of process non-clausal formulas ===

============================== PROCESS INITIAL CLAUSES ===============

% Clauses before input processing:

formulas(usable).
end_of_list.

formulas(sos).
0 * x = x.  [assumption].
x * 0 = x.  [assumption].
x * (x \ y) = y.  [assumption].
x \ (x * y) = y.  [assumption].
(x * y) / y = x.  [assumption].
(x / y) * y = x.  [assumption].
(x * y) * z = (x * (y * z)) * a(x,y,z).  [assumption].
x * y = (y * x) * K(x,y).  [assumption].
R(x,y,z) = ((x * y) * z) / (y * z).  [assumption].
L(x,y,z) = (z * y) \ (z * (y * x)).  [assumption].
T(x,y) = y \ (x * y).  [assumption].
K(K(x,y),z) = 1.  [assumption].
K(x,K(y,z)) = 1.  [assumption].
K(a(x,y,z),u) = 1.  [assumption].
K(x,a(y,z,u)) = 1.  [assumption].
a(K(x,y),z,u) = 1.  [assumption].
a(x,K(y,z),u) = 1.  [assumption].
a(x,y,K(z,u)) = 1.  [assumption].
a(a(x,y,z),u,w) = 1.  [assumption].
a(x,a(y,z,u),w) = 1.  [assumption].
a(x,y,a(z,u,w)) = 1.  [assumption].
T(R(c1,c2,c3),c4) != R(T(c1,c4),c2,c3).  [deny(1)].
end_of_list.

formulas(demodulators).
end_of_list.

============================== PREDICATE ELIMINATION =================

No predicates eliminated.

============================== end predicate elimination =============

Auto_denials:  (no changes).

Term ordering decisions:
Predicate symbol precedence:  predicate_order([ = ]).
Function symbol precedence:  function_order([ 1, 0, c1, c2, c3, c4, *, K, \, /, T, a, L, R ]).
After inverse_order:  (no changes).
Unfolding symbols: T/2 L/3 R/3.

Auto_inference settings:
  % set(paramodulation).  % (positive equality literals)

Auto_process settings:  (no changes).

kept:      2 0 * x = x.  [assumption].
kept:      3 x * 0 = x.  [assumption].
kept:      4 x * (x \ y) = y.  [assumption].
kept:      5 x \ (x * y) = y.  [assumption].
kept:      6 (x * y) / y = x.  [assumption].
kept:      7 (x / y) * y = x.  [assumption].
           8 (x * y) * z = (x * (y * z)) * a(x,y,z).  [assumption].
kept:      9 (x * (y * z)) * a(x,y,z) = (x * y) * z.  [copy(8),flip(a)].
           10 x * y = (y * x) * K(x,y).  [assumption].
kept:      11 (x * y) * K(y,x) = y * x.  [copy(10),flip(a)].
kept:      12 R(x,y,z) = ((x * y) * z) / (y * z).  [assumption].
kept:      13 L(x,y,z) = (z * y) \ (z * (y * x)).  [assumption].
kept:      14 T(x,y) = y \ (x * y).  [assumption].
kept:      15 K(K(x,y),z) = 1.  [assumption].
kept:      16 K(x,K(y,z)) = 1.  [assumption].
kept:      17 K(a(x,y,z),u) = 1.  [assumption].
kept:      18 K(x,a(y,z,u)) = 1.  [assumption].
kept:      19 a(K(x,y),z,u) = 1.  [assumption].
kept:      20 a(x,K(y,z),u) = 1.  [assumption].
kept:      21 a(x,y,K(z,u)) = 1.  [assumption].
kept:      22 a(a(x,y,z),u,w) = 1.  [assumption].
kept:      23 a(x,a(y,z,u),w) = 1.  [assumption].
kept:      24 a(x,y,a(z,u,w)) = 1.  [assumption].
           25 T(R(c1,c2,c3),c4) != R(T(c1,c4),c2,c3).  [deny(1)].
kept:      26 (((c4 \ (c1 * c4)) * c2) * c3) / (c2 * c3) != c4 \ ((((c1 * c2) * c3) / (c2 * c3)) * c4).  [copy(25),rewrite([12(4),14(11),14(16),12(21)]),flip(a)].

============================== end of process initial clauses ========

============================== CLAUSES FOR SEARCH ====================

% Clauses after input processing:

formulas(usable).
end_of_list.

formulas(sos).
2 0 * x = x.  [assumption].
3 x * 0 = x.  [assumption].
4 x * (x \ y) = y.  [assumption].
5 x \ (x * y) = y.  [assumption].
6 (x * y) / y = x.  [assumption].
7 (x / y) * y = x.  [assumption].
9 (x * (y * z)) * a(x,y,z) = (x * y) * z.  [copy(8),flip(a)].
11 (x * y) * K(y,x) = y * x.  [copy(10),flip(a)].
12 R(x,y,z) = ((x * y) * z) / (y * z).  [assumption].
13 L(x,y,z) = (z * y) \ (z * (y * x)).  [assumption].
14 T(x,y) = y \ (x * y).  [assumption].
15 K(K(x,y),z) = 1.  [assumption].
16 K(x,K(y,z)) = 1.  [assumption].
17 K(a(x,y,z),u) = 1.  [assumption].
18 K(x,a(y,z,u)) = 1.  [assumption].
19 a(K(x,y),z,u) = 1.  [assumption].
20 a(x,K(y,z),u) = 1.  [assumption].
21 a(x,y,K(z,u)) = 1.  [assumption].
22 a(a(x,y,z),u,w) = 1.  [assumption].
23 a(x,a(y,z,u),w) = 1.  [assumption].
24 a(x,y,a(z,u,w)) = 1.  [assumption].
26 (((c4 \ (c1 * c4)) * c2) * c3) / (c2 * c3) != c4 \ ((((c1 * c2) * c3) / (c2 * c3)) * c4).  [copy(25),rewrite([12(4),14(11),14(16),12(21)]),flip(a)].
end_of_list.

formulas(demodulators).
2 0 * x = x.  [assumption].
3 x * 0 = x.  [assumption].
4 x * (x \ y) = y.  [assumption].
5 x \ (x * y) = y.  [assumption].
6 (x * y) / y = x.  [assumption].
7 (x / y) * y = x.  [assumption].
9 (x * (y * z)) * a(x,y,z) = (x * y) * z.  [copy(8),flip(a)].
11 (x * y) * K(y,x) = y * x.  [copy(10),flip(a)].
12 R(x,y,z) = ((x * y) * z) / (y * z).  [assumption].
13 L(x,y,z) = (z * y) \ (z * (y * x)).  [assumption].
14 T(x,y) = y \ (x * y).  [assumption].
15 K(K(x,y),z) = 1.  [assumption].
16 K(x,K(y,z)) = 1.  [assumption].
17 K(a(x,y,z),u) = 1.  [assumption].
18 K(x,a(y,z,u)) = 1.  [assumption].
19 a(K(x,y),z,u) = 1.  [assumption].
20 a(x,K(y,z),u) = 1.  [assumption].
21 a(x,y,K(z,u)) = 1.  [assumption].
22 a(a(x,y,z),u,w) = 1.  [assumption].
23 a(x,a(y,z,u),w) = 1.  [assumption].
24 a(x,y,a(z,u,w)) = 1.  [assumption].
end_of_list.

============================== end of clauses for search =============

============================== SEARCH ================================

% Starting search at 0.00 seconds.

given #1 (I,wt=5): 2 0 * x = x.  [assumption].

given #2 (I,wt=5): 3 x * 0 = x.  [assumption].

given #3 (I,wt=7): 4 x * (x \ y) = y.  [assumption].

given #4 (I,wt=7): 5 x \ (x * y) = y.  [assumption].

given #5 (I,wt=7): 6 (x * y) / y = x.  [assumption].

given #6 (I,wt=7): 7 (x / y) * y = x.  [assumption].

given #7 (I,wt=16): 9 (x * (y * z)) * a(x,y,z) = (x * y) * z.  [copy(8),flip(a)].

given #8 (I,wt=11): 11 (x * y) * K(y,x) = y * x.  [copy(10),flip(a)].

given #9 (I,wt=14): 12 R(x,y,z) = ((x * y) * z) / (y * z).  [assumption].

given #10 (I,wt=14): 13 L(x,y,z) = (z * y) \ (z * (y * x)).  [assumption].

given #11 (I,wt=9): 14 T(x,y) = y \ (x * y).  [assumption].

given #12 (I,wt=7): 15 K(K(x,y),z) = 1.  [assumption].

given #13 (I,wt=7): 16 K(x,K(y,z)) = 1.  [assumption].

given #14 (I,wt=27): 26 (((c4 \ (c1 * c4)) * c2) * c3) / (c2 * c3) != c4 \ ((((c1 * c2) * c3) / (c2 * c3)) * c4).  [copy(25),rewrite([12(4),14(11),14(16),12(21)]),flip(a)].

given #15 (A,wt=5): 27 0 \ x = x.  [para(4(a,1),2(a,1)),flip(a)].

given #16 (T,wt=5): 28 x \ x = 0.  [para(3(a,1),5(a,1,2))].

given #17 (T,wt=5): 29 x / x = 0.  [para(2(a,1),6(a,1,1))].

given #18 (T,wt=5): 30 x / 0 = x.  [para(3(a,1),6(a,1,1))].

given #19 (T,wt=5): 55 K(1,x) = 1.  [para(15(a,1),15(a,1,1))].

given #20 (A,wt=7): 31 x / (y \ x) = y.  [para(4(a,1),6(a,1,1))].

given #21 (T,wt=5): 57 K(x,1) = 1.  [para(15(a,1),16(a,1,2))].

given #22 (T,wt=7): 32 (x / y) \ x = y.  [para(7(a,1),5(a,1,2))].

given #23 (T,wt=7): 46 x * K(x,0) = x.  [para(2(a,1),11(a,1,1)),rewrite([3(5)])].

given #24 (T,wt=5): 62 K(x,0) = 0.  [para(46(a,1),5(a,1,2)),rewrite([28(1)]),flip(a)].

given #25 (A,wt=16): 37 a(x,y,z) = (x * (y * z)) \ ((x * y) * z).  [para(9(a,1),5(a,1,2)),flip(a)].

given #26 (T,wt=3): 66 0 = 1.  [para(62(a,1),15(a,1))].

given #27 (T,wt=5): 67 x * 1 = x.  [back_rewrite(47),rewrite([66(1),55(2)])].

given #28 (T,wt=5): 68 x / 1 = x.  [back_rewrite(30),rewrite([66(1)])].

given #29 (T,wt=5): 69 x / x = 1.  [back_rewrite(29),rewrite([66(2)])].

given #30 (A,wt=33): 38 (x * (y * ((z * (u * w)) \ ((z * u) * w)))) \ ((x * y) * ((z * (u * w)) \ ((z * u) * w))) = 1.  [back_rewrite(24),rewrite([37(1),37(6)])].

given #31 (T,wt=5): 70 x \ x = 1.  [back_rewrite(28),rewrite([66(2)])].

given #32 (T,wt=5): 71 1 \ x = x.  [back_rewrite(27),rewrite([66(1)])].

given #33 (T,wt=5): 72 1 * x = x.  [back_rewrite(2),rewrite([66(1)])].

given #34 (T,wt=11): 49 (x * y) \ (y * x) = K(y,x).  [para(11(a,1),5(a,1,2))].

given #35 (A,wt=33): 39 (x * (((y * (z * u)) \ ((y * z) * u)) * w)) \ ((x * ((y * (z * u)) \ ((y * z) * u))) * w) = 1.  [back_rewrite(23),rewrite([37(1),37(6)])].

given #36 (T,wt=5): 92 K(x,x) = 1.  [para(49(a,1),70(a,1))].

given #37 (T,wt=11): 50 (x * y) / K(x,y) = y * x.  [para(11(a,1),6(a,1,1))].

given #38 (T,wt=11): 73 K(x,y) * z = z * K(x,y).  [back_rewrite(56),rewrite([67(4)])].

given #39 (T,wt=11): 108 K(x,y) \ (z * K(x,y)) = z.  [para(73(a,1),5(a,1,2))].

given #40 (A,wt=33): 40 (((x * (y * z)) \ ((x * y) * z)) * (u * w)) \ ((((x * (y * z)) \ ((x * y) * z)) * u) * w) = 1.  [back_rewrite(22),rewrite([37(1),37(6)])].

given #41 (T,wt=11): 109 x \ (K(y,z) * x) = K(y,z).  [para(73(a,2),5(a,1,2))].

given #42 (T,wt=11): 110 (x * K(y,z)) / x = K(y,z).  [para(73(a,1),6(a,1,1))].

given #43 (T,wt=11): 129 x / K(y,z) = K(y,z) \ x.  [para(7(a,1),108(a,1,2)),flip(a)].

given #44 (T,wt=11): 130 K(x,y) \ (x * y) = y * x.  [para(11(a,1),108(a,1,2))].

given #45 (A,wt=17): 41 (x * (y * K(z,u))) \ ((x * y) * K(z,u)) = 1.  [back_rewrite(21),rewrite([37(2)])].

given #46 (T,wt=11): 148 (K(x,y) \ z) \ z = K(x,y).  [para(4(a,1),109(a,1,2))].

given #47 (T,wt=11): 149 (x * y) / (y * x) = K(x,y).  [para(11(a,1),110(a,1,1))].

given #48 (T,wt=11): 165 x * (y * K(y,x)) = y * x.  [back_rewrite(11),rewrite([150(3)])].

given #49 (T,wt=9): 178 T(x,y) = x * K(x,y).  [back_rewrite(14),rewrite([170(3)])].

given #50 (A,wt=17): 42 (x * (K(y,z) * u)) \ ((x * K(y,z)) * u) = 1.  [back_rewrite(20),rewrite([37(2)])].

given #51 (F,wt=35): 186 ((c1 * (c2 * K(c1,c4))) * c3) / (c2 * c3) != (((c1 * c2) * c3) / (c2 * c3)) * K(((c1 * c2) * c3) / (c2 * c3),c4).  [back_rewrite(177),rewrite([179(7),73(6)])].

given #52 (T,wt=11): 170 x \ (y * x) = y * K(y,x).  [para(165(a,1),5(a,1,2))].

given #53 (T,wt=11): 171 (x * y) / (x * K(x,y)) = y.  [para(165(a,1),6(a,1,1))].

given #54 (T,wt=13): 48 x * K(y \ x,y) = (y \ x) * y.  [para(4(a,1),11(a,1,1))].

given #55 (T,wt=11): 201 K(x \ 1,x) = (x \ 1) * x.  [para(48(a,1),72(a,1)),flip(a)].

given #56 (A,wt=17): 43 (K(x,y) * (z * u)) \ ((K(x,y) * z) * u) = 1.  [back_rewrite(19),rewrite([37(2)])].

given #57 (T,wt=9): 203 K((x \ 1) * x,y) = 1.  [para(201(a,1),15(a,1,1))].

given #58 (T,wt=9): 204 K(x,(y \ 1) * y) = 1.  [para(201(a,1),16(a,1,2))].

given #59 (T,wt=9): 222 K(x * (1 / x),y) = 1.  [para(32(a,1),203(a,1,1,1))].

given #60 (T,wt=9): 223 K(x,y * (1 / y)) = 1.  [para(32(a,1),204(a,1,2,1))].

given #61 (A,wt=15): 44 K(x,(y * (z * u)) \ ((y * z) * u)) = 1.  [back_rewrite(18),rewrite([37(1)])].

given #62 (T,wt=11): 205 K(x,1 / x) = x * (1 / x).  [para(32(a,1),201(a,1,1)),rewrite([32(7)])].

given #63 (T,wt=13): 51 x * K(y,x / y) = y * (x / y).  [para(7(a,1),11(a,1,1))].

given #64 (T,wt=13): 88 x \ ((y \ x) * y) = K(y \ x,y).  [para(4(a,1),49(a,1,1))].

given #65 (T,wt=13): 89 ((x \ y) * x) \ y = K(x,x \ y).  [para(4(a,1),49(a,1,2))].

given #66 (A,wt=15): 45 K((x * (y * z)) \ ((x * y) * z),u) = 1.  [back_rewrite(17),rewrite([37(1)])].

given #67 (T,wt=13): 90 x \ (y * (x / y)) = K(y,x / y).  [para(7(a,1),49(a,1,1))].

given #68 (T,wt=13): 91 (x * (y / x)) \ y = K(y / x,x).  [para(7(a,1),49(a,1,2))].

given #69 (T,wt=13): 131 K(x / y,y) \ x = y * (x / y).  [back_rewrite(107),rewrite([129(3)])].

given #70 (T,wt=13): 132 K(x,x \ y) \ y = (x \ y) * x.  [back_rewrite(106),rewrite([129(3)])].

given #71 (A,wt=31): 74 (x * y) * ((z * (u * w)) \ ((z * u) * w)) = x * (y * ((z * (u * w)) \ ((z * u) * w))).  [para(38(a,1),4(a,1,2)),rewrite([67(9)]),flip(a)].

given #72 (T,wt=13): 166 x / ((y \ x) * y) = K(y,y \ x).  [para(4(a,1),149(a,1,1))].

given #73 (T,wt=13): 167 ((x \ y) * x) / y = K(x \ y,x).  [para(4(a,1),149(a,1,2))].

given #74 (T,wt=13): 168 x / (y * (x / y)) = K(x / y,y).  [para(7(a,1),149(a,1,1))].

given #75 (T,wt=13): 169 (x * (y / x)) / y = K(x,y / x).  [para(7(a,1),149(a,1,2))].

given #76 (A,wt=41): 85 (x * (y * (((z * u) * (K(u,z) * w)) \ ((u * z) * w)))) \ ((x * y) * (((z * u) * (K(u,z) * w)) \ ((u * z) * w))) = 1.  [para(11(a,1),38(a,1,1,2,2,2,1)),rewrite([11(17)])].

given #77 (T,wt=13): 196 (x \ y) \ y = x * K(x,x \ y).  [para(4(a,1),170(a,1,2))].

given #78 (T,wt=13): 197 (x / y) * K(x / y,y) = y \ x.  [para(7(a,1),170(a,1,2)),flip(a)].

given #79 (T,wt=13): 199 x / (y * K(y,y \ x)) = y \ x.  [para(4(a,1),171(a,1,1))].

given #80 (T,wt=13): 344 (x / y) \ (y \ x) = K(x / y,y).  [para(197(a,1),5(a,1,2))].

given #81 (A,wt=37): 87 ((x * y) * (K(y,x) * ((z * (u * w)) \ ((z * u) * w)))) \ (y * (x * ((z * (u * w)) \ ((z * u) * w)))) = 1.  [para(11(a,1),38(a,1,2,1)),rewrite([74(16)])].

given #82 (T,wt=13): 345 K(x / y,y) \ (y \ x) = x / y.  [para(197(a,1),6(a,1,1)),rewrite([129(4)])].

given #83 (T,wt=13): 346 (x \ y) / (y / x) = K(y / x,x).  [para(197(a,1),110(a,1,1))].

given #84 (T,wt=15): 150 (x * y) * K(z,u) = x * (y * K(z,u)).  [para(41(a,1),4(a,1,2)),rewrite([67(5)]),flip(a)].

given #85 (T,wt=11): 427 K(x * K(x,y),y) = K(x,y).  [back_rewrite(191),rewrite([393(5)]),flip(a)].

given #86 (A,wt=31): 93 (x * ((y * (z * u)) \ ((y * z) * u))) * w = x * (((y * (z * u)) \ ((y * z) * u)) * w).  [para(39(a,1),4(a,1,2)),rewrite([67(9)]),flip(a)].

given #87 (F,wt=81): 513 K((c2 * c3) \ ((c1 * (c2 * K(c1,c4))) * c3),c2 * c3) \ ((c2 * c3) \ ((c1 * (c2 * K(c1,c4))) * c3)) != (K((c2 * c3) \ ((c1 * c2) * c3),c2 * c3) \ ((c2 * c3) \ ((c1 * c2) * c3))) * K(K((c2 * c3) \ ((c1 * c2) * c3),c2 * c3) \ ((c2 * c3) \ ((c1 * c2) * c3)),c4).  [back_rewrite(186),rewrite([456(13),456(40),456(63)])].

given #88 (T,wt=11): 450 K(K(x,y) \ x,y) = K(x,y).  [back_rewrite(355),rewrite([446(2),196(3),15(5),67(3),446(3)]),flip(a)].

given #89 (T,wt=11): 562 (K(x,y) \ x) * y = y * x.  [para(450(a,1),165(a,1,2,2)),rewrite([73(4,R),4(4)]),flip(a)].

given #90 (T,wt=11): 566 (K(x,y) \ x) \ (y * x) = y.  [para(562(a,1),5(a,1,2))].

given #91 (T,wt=13): 456 x / y = K(y \ x,y) \ (y \ x).  [back_rewrite(345),rewrite([439(2)]),flip(a)].

given #92 (A,wt=41): 104 (x * ((((y * z) * (K(z,y) * u)) \ ((z * y) * u)) * w)) \ ((x * (((y * z) * (K(z,y) * u)) \ ((z * y) * u))) * w) = 1.  [para(11(a,1),39(a,1,1,2,1,2,1)),rewrite([11(16)])].

given #93 (T,wt=13): 524 (K(x \ y,x) \ (x \ y)) \ y = x.  [back_rewrite(32),rewrite([456(1)])].

given #94 (T,wt=13): 569 (((x \ 1) * x) \ (x \ 1)) * x = 1.  [para(201(a,1),562(a,1,1,1)),rewrite([4(10)])].

given #95 (T,wt=13): 589 (((x \ 1) * x) \ (x \ 1)) \ 1 = x.  [para(201(a,1),566(a,1,1,1)),rewrite([4(9)])].

given #96 (T,wt=15): 179 (x * K(y,z)) * u = x * (K(y,z) * u).  [para(42(a,1),4(a,1,2)),rewrite([67(5)]),flip(a)].

given #97 (A,wt=27): 118 (K(x,y) * z) \ (K(x,y) * (z * u)) = (z * K(x,y)) \ (K(x,y) * (z * u)).  [para(73(a,1),13(a,2,1)),rewrite([13(2)])].

given #98 (F,wt=81): 670 K((c2 * c3) \ ((c1 * c2) * (c3 * K(c1,c4))),c2 * c3) \ ((c2 * c3) \ ((c1 * c2) * (c3 * K(c1,c4)))) != (K((c2 * c3) \ ((c1 * c2) * c3),c2 * c3) \ ((c2 * c3) \ ((c1 * c2) * c3))) * K(K((c2 * c3) \ ((c1 * c2) * c3),c2 * c3) \ ((c2 * c3) \ ((c1 * c2) * c3)),c4).  [back_rewrite(513),rewrite([657(12),73(11),657(29),73(28)])].

given #99 (T,wt=13): 661 (K(x,y) \ 1) * (K(x,y) * z) = z.  [para(569(a,1),179(a,1,1)),rewrite([72(2),73(5,R),4(5),71(5)]),flip(a)].

given #100 (T,wt=13): 715 K(x,y) \ z = (K(x,y) \ 1) * z.  [para(4(a,1),661(a,1,2)),flip(a)].

given #101 (T,wt=13): 716 (K(x,y) \ 1) \ z = K(x,y) * z.  [para(661(a,1),5(a,1,2))].

given #102 (T,wt=11): 798 x * K(x,K(y,z) \ 1) = x.  [para(716(a,1),170(a,1)),rewrite([396(6),67(2)]),flip(a)].

given #103 (A,wt=17): 128 (x * (y * K(z,u))) \ (K(z,u) * (x * y)) = 1.  [para(73(a,2),37(a,2,2)),rewrite([37(2),41(7)]),flip(a)].

given #104 (F,wt=83): 767 (K((c2 * c3) \ ((c1 * c2) * (c3 * K(c1,c4))),c2 * c3) \ 1) * ((c2 * c3) \ ((c1 * c2) * (c3 * K(c1,c4)))) != (K((c2 * c3) \ ((c1 * c2) * c3),c2 * c3) \ ((c2 * c3) \ ((c1 * c2) * c3))) * K(K((c2 * c3) \ ((c1 * c2) * c3),c2 * c3) \ ((c2 * c3) \ ((c1 * c2) * c3)),c4).  [para(715(a,1),670(a,1))].

given #105 (F,wt=83): 768 K((c2 * c3) \ ((c1 * c2) * (c3 * K(c1,c4))),c2 * c3) \ ((c2 * c3) \ ((c1 * c2) * (c3 * K(c1,c4)))) != (K((c2 * c3) \ ((c1 * c2) * c3),c2 * c3) \ 1) * (((c2 * c3) \ ((c1 * c2) * c3)) * K(K((c2 * c3) \ ((c1 * c2) * c3),c2 * c3) \ ((c2 * c3) \ ((c1 * c2) * c3)),c4)).  [para(715(a,1),670(a,2,1)),rewrite([150(82)])].

given #106 (F,wt=81): 816 K((c2 * c3) \ ((c1 * c2) * (c3 * K(c1,c4))),c2 * c3) \ ((c2 * c3) \ ((c1 * c2) * (c3 * K(c1,c4)))) != K((c2 * c3) \ ((c1 * c2) * c3),c2 * c3) \ (((c2 * c3) \ ((c1 * c2) * c3)) * K(K((c2 * c3) \ ((c1 * c2) * c3),c2 * c3) \ ((c2 * c3) \ ((c1 * c2) * c3)),c4)).  [para(715(a,2),768(a,2))].

given #107 (F,wt=83): 769 K((c2 * c3) \ ((c1 * c2) * (c3 * K(c1,c4))),c2 * c3) \ ((c2 * c3) \ ((c1 * c2) * (c3 * K(c1,c4)))) != K((K((c2 * c3) \ ((c1 * c2) * c3),c2 * c3) \ 1) * ((c2 * c3) \ ((c1 * c2) * c3)),c4) * (K((c2 * c3) \ ((c1 * c2) * c3),c2 * c3) \ ((c2 * c3) \ ((c1 * c2) * c3))).  [para(715(a,1),670(a,2,2,1)),rewrite([73(82,R)])].

given #108 (T,wt=9): 801 K(x,K(y,z) \ 1) = 1.  [para(798(a,1),5(a,1,2)),rewrite([70(1)]),flip(a)].

given #109 (T,wt=11): 805 K(K(x,y) * K(z,u),w) = 1.  [para(73(a,1),128(a,1,1)),rewrite([150(4),643(9)])].

given #110 (T,wt=11): 821 K((x \ K(y,z)) * x,u) = 1.  [para(48(a,1),805(a,1,1))].

given #111 (T,wt=13): 718 K(K(x,y) \ 1,K(x,y) * z) = 1.  [para(661(a,1),49(a,1,2)),rewrite([211(6),396(6),67(2),70(1)]),flip(a)].

given #112 (A,wt=31): 133 (((x * (y * z)) \ ((x * y) * z)) * u) * w = ((x * (y * z)) \ ((x * y) * z)) * (u * w).  [para(40(a,1),4(a,1,2)),rewrite([67(9)]),flip(a)].

given #113 (F,wt=83): 817 (K((c2 * c3) \ ((c1 * c2) * (c3 * K(c1,c4))),c2 * c3) \ 1) * ((c2 * c3) \ ((c1 * c2) * (c3 * K(c1,c4)))) != K((c2 * c3) \ ((c1 * c2) * c3),c2 * c3) \ (((c2 * c3) \ ((c1 * c2) * c3)) * K(K((c2 * c3) \ ((c1 * c2) * c3),c2 * c3) \ ((c2 * c3) \ ((c1 * c2) * c3)),c4)).  [para(715(a,1),816(a,1))].

given #114 (F,wt=83): 818 K((c2 * c3) \ ((c1 * c2) * (c3 * K(c1,c4))),c2 * c3) \ ((c2 * c3) \ ((c1 * c2) * (c3 * K(c1,c4)))) != K((c2 * c3) \ ((c1 * c2) * c3),c2 * c3) \ (((c2 * c3) \ ((c1 * c2) * c3)) * K((K((c2 * c3) \ ((c1 * c2) * c3),c2 * c3) \ 1) * ((c2 * c3) \ ((c1 * c2) * c3)),c4)).  [para(715(a,1),816(a,2,2,2,1))].

given #115 (F,wt=85): 813 (K((c2 * c3) \ ((c1 * c2) * (c3 * K(c1,c4))),c2 * c3) \ 1) * ((c2 * c3) \ ((c1 * c2) * (c3 * K(c1,c4)))) != (K((c2 * c3) \ ((c1 * c2) * c3),c2 * c3) \ 1) * (((c2 * c3) \ ((c1 * c2) * c3)) * K(K((c2 * c3) \ ((c1 * c2) * c3),c2 * c3) \ ((c2 * c3) \ ((c1 * c2) * c3)),c4)).  [para(715(a,1),767(a,2,1)),rewrite([150(84)])].

given #116 (F,wt=85): 814 (K((c2 * c3) \ ((c1 * c2) * (c3 * K(c1,c4))),c2 * c3) \ 1) * ((c2 * c3) \ ((c1 * c2) * (c3 * K(c1,c4)))) != K((K((c2 * c3) \ ((c1 * c2) * c3),c2 * c3) \ 1) * ((c2 * c3) \ ((c1 * c2) * c3)),c4) * (K((c2 * c3) \ ((c1 * c2) * c3),c2 * c3) \ ((c2 * c3) \ ((c1 * c2) * c3))).  [para(715(a,1),767(a,2,2,1)),rewrite([73(84,R)])].

given #117 (T,wt=9): 831 K(K(x,y) \ 1,z) = 1.  [para(4(a,1),718(a,1,2))].

given #118 (T,wt=13): 719 (K(x,y) \ 1) * (z * K(x,y)) = z.  [para(73(a,1),661(a,1,2))].

given #119 (T,wt=13): 720 (K(x,y) * z) \ z = K(x,y) \ 1.  [para(661(a,1),170(a,1,2)),rewrite([718(12),67(8)])].

given #120 (T,wt=13): 728 K(x,y) * ((K(x,y) \ 1) * z) = z.  [para(715(a,1),4(a,1,2))].

given #121 (A,wt=41): 143 ((((x * y) * (K(y,x) * z)) \ ((y * x) * z)) * (u * w)) \ (((((x * y) * (K(y,x) * z)) \ ((y * x) * z)) * u) * w) = 1.  [para(11(a,1),40(a,1,1,1,2,1)),rewrite([11(16)])].

given #122 (F,wt=85): 815 K((c2 * c3) \ ((c1 * c2) * (c3 * K(c1,c4))),c2 * c3) \ ((c2 * c3) \ ((c1 * c2) * (c3 * K(c1,c4)))) != (K((c2 * c3) \ ((c1 * c2) * c3),c2 * c3) \ 1) * (((c2 * c3) \ ((c1 * c2) * c3)) * K((K((c2 * c3) \ ((c1 * c2) * c3),c2 * c3) \ 1) * ((c2 * c3) \ ((c1 * c2) * c3)),c4)).  [para(715(a,1),768(a,2,2,2,1))].

given #123 (F,wt=85): 864 (K((c2 * c3) \ ((c1 * c2) * (c3 * K(c1,c4))),c2 * c3) \ 1) * ((c2 * c3) \ ((c1 * c2) * (c3 * K(c1,c4)))) != K((c2 * c3) \ ((c1 * c2) * c3),c2 * c3) \ (((c2 * c3) \ ((c1 * c2) * c3)) * K((K((c2 * c3) \ ((c1 * c2) * c3),c2 * c3) \ 1) * ((c2 * c3) \ ((c1 * c2) * c3)),c4)).  [para(715(a,1),817(a,2,2,2,1))].

given #124 (F,wt=87): 865 (K((c2 * c3) \ ((c1 * c2) * (c3 * K(c1,c4))),c2 * c3) \ 1) * ((c2 * c3) \ ((c1 * c2) * (c3 * K(c1,c4)))) != (K((c2 * c3) \ ((c1 * c2) * c3),c2 * c3) \ 1) * (((c2 * c3) \ ((c1 * c2) * c3)) * K((K((c2 * c3) \ ((c1 * c2) * c3),c2 * c3) \ 1) * ((c2 * c3) \ ((c1 * c2) * c3)),c4)).  [para(715(a,1),813(a,2,2,2,1))].

given #125 (T,wt=13): 738 (K(x,y) \ 1) * (x * y) = y * x.  [para(715(a,1),130(a,1))].

given #126 (T,wt=11): 935 K(x,y) * (z * K(y,x)) = z.  [para(661(a,1),738(a,1,2)),rewrite([927(3),15(4),70(3),72(2),927(5),150(4)]),flip(a)].

given #127 (T,wt=9): 1043 K(x,y) * K(y,x) = 1.  [para(72(a,1),935(a,1,2))].

given #128 (T,wt=11): 936 K(x,y) \ z = z * K(y,x).  [para(715(a,2),738(a,1,2)),rewrite([927(3),15(2),70(3),72(4),927(5)])].

given #129 (A,wt=17): 159 (x * (K(y,z) * u)) \ (x * (u * K(y,z))) = 1.  [para(73(a,2),41(a,1,1,2)),rewrite([150(6)])].

given #130 (F,wt=81): 957 ((c2 * c3) \ ((c1 * c2) * (c3 * K(c1,c4)))) * K(c2 * c3,(c2 * c3) \ ((c1 * c2) * (c3 * K(c1,c4)))) != K(c2 * c3,(c2 * c3) \ ((c1 * c2) * c3)) * (((c2 * c3) \ ((c1 * c2) * c3)) * K(((c2 * c3) \ ((c1 * c2) * c3)) * K(c2 * c3,(c2 * c3) \ ((c1 * c2) * c3)),c4)).  [back_rewrite(865),rewrite([936(19),72(19),73(31),936(46),72(46),936(68),72(68),73(76)])].

given #131 (F,wt=81): 959 ((c2 * c3) \ ((c1 * c2) * (c3 * K(c1,c4)))) * K(c2 * c3,(c2 * c3) \ ((c1 * c2) * (c3 * K(c1,c4)))) != ((c2 * c3) \ ((c1 * c2) * c3)) * (K(c2 * c3,(c2 * c3) \ ((c1 * c2) * c3)) * K(((c2 * c3) \ ((c1 * c2) * c3)) * K(c2 * c3,(c2 * c3) \ ((c1 * c2) * c3)),c4)).  [back_rewrite(814),rewrite([936(19),72(19),73(31),936(46),72(46),73(54),936(79),73(80),150(80)])].

given #132 (T,wt=11): 956 (x * K(y,z)) \ x = K(z,y).  [back_rewrite(866),rewrite([936(6),72(6)])].

given #133 (T,wt=11): 963 (x * K(y,x)) \ (y * x) = y.  [back_rewrite(764),rewrite([936(3),72(3),73(2)])].

given #134 (T,wt=11): 964 K(x * K(y,x),y) = K(x,y).  [back_rewrite(762),rewrite([936(3),72(3),73(2)])].

given #135 (T,wt=11): 965 K(x,y) * (K(y,x) * z) = z.  [back_rewrite(728),rewrite([936(4),72(4)])].

given #136 (A,wt=17): 183 (x * (y * K(z,u))) \ (x * (K(z,u) * y)) = 1.  [para(73(a,1),42(a,1,1,2)),rewrite([179(6)])].

given #137 (T,wt=11): 966 (K(x,y) * z) \ z = K(y,x).  [back_rewrite(720),rewrite([936(6),72(6)])].

given #138 (T,wt=11): 971 K(x,y * K(y,x)) = K(x,y).  [back_rewrite(568),rewrite([936(2),190(5)])].

given #139 (T,wt=11): 972 K(x,y * K(x,y)) = K(x,y).  [back_rewrite(567),rewrite([936(3),393(5),936(3)]),flip(a)].

given #140 (T,wt=11): 1048 K(x,K(y,z) * K(u,w)) = 1.  [para(805(a,1),1043(a,1,2)),rewrite([67(6)])].

given #141 (A,wt=17): 192 (K(x,y) * (z * u)) \ (z * (K(x,y) * u)) = 1.  [back_rewrite(125),rewrite([179(6)])].

given #142 (T,wt=11): 1049 K(x,(y \ K(z,u)) * y) = 1.  [para(821(a,1),1043(a,1,2)),rewrite([67(6)])].

given #143 (T,wt=13): 822 K((x \ 1) * (x * K(y,z)),u) = 1.  [para(201(a,1),805(a,1,1,1)),rewrite([150(5)])].

given #144 (T,wt=13): 823 K(K(x,y) * ((z \ 1) * z),u) = 1.  [para(201(a,1),805(a,1,1,2))].

given #145 (T,wt=13): 827 K((x \ ((y \ 1) * y)) * x,z) = 1.  [para(201(a,1),821(a,1,1,1,2))].

given #146 (A,wt=15): 206 ((x \ 1) * x) * y = y * ((x \ 1) * x).  [para(201(a,1),73(a,1,1)),rewrite([201(7)])].

given #147 (T,wt=13): 962 ((x \ y) * K(x,x \ y)) \ y = x.  [back_rewrite(766),rewrite([936(4),72(4),73(4)])].

given #148 (T,wt=13): 1033 x / y = (y \ x) * K(y,y \ x).  [back_rewrite(456),rewrite([936(5)])].

given #149 (T,wt=13): 1076 K(x,(y \ 1) * (y * K(z,u))) = 1.  [para(201(a,1),1048(a,1,2,1)),rewrite([150(5)])].

given #150 (T,wt=13): 1077 K(x,K(y,z) * ((u \ 1) * u)) = 1.  [para(201(a,1),1048(a,1,2,2))].

given #151 (A,wt=17): 209 x * ((x \ 1) * ((x \ 1) * x)) = (x \ 1) * x.  [para(201(a,1),165(a,1,2,2))].

given #152 (T,wt=13): 1088 K(x,(y \ ((z \ 1) * z)) * y) = 1.  [para(201(a,1),1049(a,1,2,1,2))].

given #153 (T,wt=13): 1090 K((x \ 1) * (K(y,z) * x),u) = 1.  [para(73(a,2),822(a,1,1,2))].

given #154 (T,wt=13): 1092 K((x \ 1) * ((y \ x) * y),z) = 1.  [para(48(a,1),822(a,1,1,2))].

given #155 (T,wt=13): 1141 K(x,(y \ 1) * (K(z,u) * y)) = 1.  [para(73(a,2),1076(a,1,2,2))].

given #156 (A,wt=15): 211 (K(x,y) * z) * u = K(x,y) * (z * u).  [para(43(a,1),4(a,1,2)),rewrite([67(5)]),flip(a)].

given #157 (T,wt=13): 1143 K(x,(y \ 1) * ((z \ y) * z)) = 1.  [para(48(a,1),1076(a,1,2,2))].

given #158 (T,wt=13): 1178 K(((x * K(y,z)) \ 1) * x,u) = 1.  [para(4(a,1),1090(a,1,1,2)),rewrite([936(2)])].

given #159 (T,wt=13): 1183 K(((K(x,y) * z) \ 1) * z,u) = 1.  [para(965(a,1),1090(a,1,1,2))].

given #160 (T,wt=13): 1185 K(((x * y) \ 1) * (y * x),z) = 1.  [para(5(a,1),1092(a,1,1,2,1))].

given #161 (A,wt=17): 221 (x * (K(y,z) * u)) \ (K(y,z) * (x * u)) = 1.  [back_rewrite(127),rewrite([211(6)])].

given #162 (T,wt=13): 1195 K(x,((y * K(z,u)) \ 1) * y) = 1.  [para(4(a,1),1141(a,1,2,2)),rewrite([936(2)])].

given #163 (T,wt=13): 1200 K(x,((K(y,z) * u) \ 1) * u) = 1.  [para(965(a,1),1141(a,1,2,2))].

given #164 (T,wt=13): 1216 K(x,((y * z) \ 1) * (z * y)) = 1.  [para(5(a,1),1143(a,1,2,2,1))].

given #165 (T,wt=13): 1229 K((((x \ y) * x) \ 1) * y,z) = 1.  [para(48(a,1),1178(a,1,1,1,1))].

given #166 (A,wt=15): 229 K(x,(y * z) \ ((y * u) * (u \ z))) = 1.  [para(4(a,1),44(a,1,2,1,2))].

given #167 (T,wt=13): 1264 K(x,(((y \ z) * y) \ 1) * z) = 1.  [para(48(a,1),1195(a,1,2,1,1))].

given #168 (T,wt=13): 1289 K(x,y \ ((y * z) * (z \ 1))) = 1.  [para(67(a,1),229(a,1,2,1))].

given #169 (T,wt=13): 1318 K(x,y \ (z * ((y \ z) \ 1))) = 1.  [para(4(a,1),1289(a,1,2,2,1))].

given #170 (T,wt=13): 1328 K(x \ ((x * y) * (y \ 1)),z) = 1.  [para(1289(a,1),1043(a,1,2)),rewrite([67(8)])].

given #171 (A,wt=15): 230 K(x,(y * ((y \ z) * u)) \ (z * u)) = 1.  [para(4(a,1),44(a,1,2,2,1))].

given #172 (T,wt=13): 1340 K(x \ (y * ((x \ y) \ 1)),z) = 1.  [para(1318(a,1),1043(a,1,2)),rewrite([67(8)])].

given #173 (T,wt=13): 1355 K(x,(y * ((y \ 1) * z)) \ z) = 1.  [para(72(a,1),230(a,1,2,2))].

given #174 (T,wt=13): 1397 K(x,(y * z) \ ((y \ 1) \ z)) = 1.  [para(4(a,1),1355(a,1,2,1,2))].

given #175 (T,wt=13): 1409 K((x * ((x \ 1) * y)) \ y,z) = 1.  [para(1355(a,1),1043(a,1,2)),rewrite([67(8)])].

given #176 (A,wt=15): 231 K(x,(y * (z * ((y * z) \ u))) \ u) = 1.  [para(4(a,1),44(a,1,2,2))].

given #177 (T,wt=13): 1412 K(x,y \ ((z \ 1) \ (z \ y))) = 1.  [para(4(a,1),1397(a,1,2,1))].

given #178 (T,wt=13): 1426 K((x * y) \ ((x \ 1) \ y),z) = 1.  [para(1397(a,1),1043(a,1,2)),rewrite([67(8)])].

given #179 (T,wt=13): 1466 K(x \ ((y \ 1) \ (y \ x)),z) = 1.  [para(1412(a,1),1043(a,1,2)),rewrite([67(8)])].

given #180 (T,wt=15): 248 K((x * y) \ ((x * z) * (z \ y)),u) = 1.  [para(4(a,1),45(a,1,1,1,2))].

given #181 (A,wt=27): 235 ((x * (y * z)) \ ((x * y) * z)) * u = u * ((x * (y * z)) \ ((x * y) * z)).  [para(44(a,1),130(a,1,1)),rewrite([71(8)]),flip(a)].

given #182 (T,wt=15): 249 K((x * ((x \ y) * z)) \ (y * z),u) = 1.  [para(4(a,1),45(a,1,1,2,1))].

given #183 (T,wt=15): 250 K((x * (y * ((x * y) \ z))) \ z,u) = 1.  [para(4(a,1),45(a,1,1,2))].

given #184 (T,wt=15): 392 x * ((x \ y) * K(z,u)) = y * K(z,u).  [para(4(a,1),150(a,1,1)),flip(a)].

given #185 (T,wt=13): 1677 x * (K(y,z) * (x \ K(z,y))) = 1.  [para(1043(a,1),392(a,2)),rewrite([73(4,R)])].

given #186 (A,wt=19): 236 K(x,(y * (z * u)) \ ((y * u) * (z * K(z,u)))) = 1.  [para(165(a,1),44(a,1,2,1,2))].

given #187 (T,wt=13): 1726 K(x,y) * (z \ K(y,x)) = z \ 1.  [para(1677(a,1),5(a,1,2)),flip(a)].

given #188 (T,wt=13): 1738 K(x,(y * z) * (z \ (y \ 1))) = 1.  [para(1677(a,1),229(a,1,2,1)),rewrite([1726(6),71(7)])].

given #189 (T,wt=13): 1739 K((x * y) * (y \ (x \ 1)),z) = 1.  [para(1677(a,1),248(a,1,1,1)),rewrite([1726(6),71(7)])].

given #190 (T,wt=13): 1802 x \ K(y,z) = (x \ 1) * K(y,z).  [para(1726(a,1),5(a,1,2)),rewrite([936(4)]),flip(a)].

given #191 (A,wt=19): 237 K(x,(y * (z * (K(z,y) * u))) \ ((z * y) * u)) = 1.  [para(165(a,1),44(a,1,2,2,1)),rewrite([179(3)])].

given #192 (T,wt=13): 1831 K(x,y * ((z \ y) \ (z \ 1))) = 1.  [para(4(a,1),1738(a,1,2,1))].

given #193 (T,wt=13): 1849 K(x * ((y \ x) \ (y \ 1)),z) = 1.  [para(4(a,1),1739(a,1,1,1))].

given #194 (T,wt=15): 393 (x * y) \ (x * (y * K(z,u))) = K(z,u).  [para(150(a,1),5(a,1,2))].

given #195 (T,wt=15): 399 K(x,y) * (z * u) = z * (u * K(x,y)).  [para(150(a,1),73(a,2))].

given #196 (A,wt=21): 238 K(x,(y * (z * (u * K(u,y * z)))) \ (u * (y * z))) = 1.  [para(165(a,1),44(a,1,2,2))].

given #197 (F,wt=81): 2054 ((c2 * c3) \ ((c1 * c2) * (c3 * K(c1,c4)))) * K(c2 * c3,(c2 * c3) \ ((c1 * c2) * (c3 * K(c1,c4)))) != ((c2 * c3) \ ((c1 * c2) * c3)) * (K(c2 * c3,(c2 * c3) \ ((c1 * c2) * c3)) * K((c2 * c3) \ ((c1 * c2) * c3),c4 * K(c2 * c3,(c2 * c3) \ ((c1 * c2) * c3)))).  [para(399(a,1),957(a,2)),rewrite([2009(65),73(64),73(79,R)])].

given #198 (F,wt=81): 2055 ((c2 * c3) \ ((c1 * c2) * (c3 * K(c1,c4)))) * K(c2 * c3,(c2 * c3) \ ((c1 * c2) * (c3 * K(c1,c4)))) != K(c2 * c3,(c2 * c3) \ ((c1 * c2) * c3)) * (((c2 * c3) \ ((c1 * c2) * c3)) * K((c2 * c3) \ ((c1 * c2) * c3),c4 * K(c2 * c3,(c2 * c3) \ ((c1 * c2) * c3)))).  [para(399(a,2),957(a,1,1,2)),rewrite([73(12),150(12),2009(78),73(77)])].

given #199 (T,wt=15): 402 x * (K(y,z) * u) = x * (u * K(y,z)).  [para(73(a,2),150(a,2,2)),rewrite([150(3)]),flip(a)].

given #200 (T,wt=15): 428 (x * y) \ (x * (K(z,u) * y)) = K(z,u).  [back_rewrite(122),rewrite([393(10)])].

given #201 (T,wt=15): 587 x * (K(y,z) * ((x * K(y,z)) \ u)) = u.  [back_rewrite(471),rewrite([581(13)])].

given #202 (T,wt=15): 641 (x * K(y,z)) \ (x * (K(y,z) * u)) = u.  [para(179(a,1),5(a,1,2))].

given #203 (A,wt=27): 240 (((x * (y * z)) \ ((x * y) * z)) \ u) * ((x * (y * z)) \ ((x * y) * z)) = u.  [para(44(a,1),48(a,1,2)),rewrite([67(2)]),flip(a)].

given #204 (T,wt=15): 645 K(x,y) * (z * u) = z * (K(x,y) * u).  [para(73(a,2),179(a,1,1)),rewrite([211(3)])].

given #205 (T,wt=15): 663 (K(x,y) * z) \ (z * (K(x,y) * u)) = u.  [back_rewrite(121),rewrite([641(12)])].

given #206 (T,wt=11): 2625 x * K(x,K(y,z) * x) = x.  [para(663(a,1),170(a,1)),flip(a)].

given #207 (T,wt=9): 2641 K(x,K(y,z) * x) = 1.  [para(2625(a,1),5(a,1,2)),rewrite([70(1)]),flip(a)].

given #208 (A,wt=19): 254 K((x * (y * z)) \ ((x * z) * (y * K(y,z))),u) = 1.  [para(165(a,1),45(a,1,1,1,2))].

given #209 (T,wt=9): 2644 K(x,x * K(y,z)) = 1.  [para(2625(a,1),956(a,1,1)),rewrite([70(1),2010(4)]),flip(a)].

given #210 (T,wt=9): 2730 K(x,(y \ x) * y) = 1.  [para(48(a,1),2644(a,1,2))].

given #211 (T,wt=9): 2732 K(x * y,y * x) = 1.  [para(5(a,1),2730(a,1,2,1))].

given #212 (T,wt=9): 2737 K((x \ y) * x,y) = 1.  [para(2730(a,1),1043(a,1,2)),rewrite([67(5)])].

given #213 (A,wt=19): 255 K((x * (y * (K(y,x) * z))) \ ((y * x) * z),u) = 1.  [para(165(a,1),45(a,1,1,2,1)),rewrite([179(3)])].

given #214 (T,wt=11): 2652 K(x,((y \ 1) * y) * x) = 1.  [para(201(a,1),2641(a,1,2,1))].

given #215 (T,wt=11): 2731 K(x,x * ((y \ 1) * y)) = 1.  [para(201(a,1),2644(a,1,2,2))].

given #216 (T,wt=11): 2851 K(((x \ 1) * x) * y,y) = 1.  [para(2652(a,1),1043(a,1,2)),rewrite([67(7)])].

given #217 (T,wt=11): 2867 K(x * ((y \ 1) * y),x) = 1.  [para(2731(a,1),1043(a,1,2)),rewrite([67(7)])].

given #218 (A,wt=21): 256 K((x * (y * (z * K(z,x * y)))) \ (z * (x * y)),u) = 1.  [para(165(a,1),45(a,1,1,2))].

given #219 (T,wt=13): 2654 K(x * y,x * (y * K(z,u))) = 1.  [para(399(a,1),2641(a,1,2))].

given #220 (T,wt=13): 2658 K(x * y,x * (K(z,u) * y)) = 1.  [para(645(a,1),2641(a,1,2))].

given #221 (T,wt=13): 2979 K(x * y,x * ((z \ y) * z)) = 1.  [para(48(a,1),2654(a,1,2,2))].

given #222 (T,wt=13): 2986 K(x * (y * K(z,u)),x * y) = 1.  [para(2654(a,1),1043(a,1,2)),rewrite([67(7)])].

given #223 (A,wt=23): 258 ((x * (y * z)) \ ((x * y) * z)) * (x * (y * z)) = (x * y) * z.  [para(45(a,1),48(a,1,2)),rewrite([67(4)]),flip(a)].

given #224 (T,wt=13): 3014 K(x * (K(y,z) * u),x * u) = 1.  [para(2658(a,1),1043(a,1,2)),rewrite([67(7)])].

given #225 (T,wt=13): 3035 K(x,y * ((z \ (y \ x)) * z)) = 1.  [para(4(a,1),2979(a,1,1))].

given #226 (T,wt=13): 3036 K(x * (y * z),x * (z * y)) = 1.  [para(5(a,1),2979(a,1,2,2,1))].

given #227 (T,wt=13): 3051 K(x * ((y \ z) * y),x * z) = 1.  [para(2979(a,1),1043(a,1,2)),rewrite([67(7)])].

given #228 (A,wt=23): 265 x * (y * (z * ((x * (y * z)) \ ((x * y) * z)))) = (x * y) * z.  [para(74(a,1),4(a,1)),rewrite([74(7)])].

given #229 (T,wt=13): 3184 K(x * ((y \ (x \ z)) * y),z) = 1.  [para(3035(a,1),1043(a,1,2)),rewrite([67(7)])].

given #230 (T,wt=15): 678 (K(x,y) * z) \ (K(x,y) * (z * u)) = u.  [para(73(a,1),118(a,2,2)),rewrite([150(11),664(12)])].

given #231 (T,wt=11): 3334 K(x,y * K(z,u)) = K(x,y).  [back_rewrite(2493),rewrite([3327(7),49(3)]),flip(a)].

given #232 (T,wt=11): 3385 K(x,K(y,z) * u) = K(x,u).  [back_rewrite(2233),rewrite([3334(6)])].

given #233 (A,wt=31): 266 x * ((x \ y) * ((z * (u * w)) \ ((z * u) * w))) = y * ((z * (u * w)) \ ((z * u) * w)).  [para(4(a,1),74(a,1,1)),flip(a)].

given #234 (F,wt=67): 3411 ((c2 * c3) \ ((c1 * c2) * (c3 * K(c1,c4)))) * K(c2 * c3,(c2 * c3) \ ((c1 * c2) * (c3 * K(c1,c4)))) != K(c2 * c3,(c2 * c3) \ ((c1 * c2) * c3)) * (((c2 * c3) \ ((c1 * c2) * c3)) * K((c2 * c3) \ ((c1 * c2) * c3),c4)).  [back_rewrite(2055),rewrite([3334(78)])].

given #235 (F,wt=67): 3412 ((c2 * c3) \ ((c1 * c2) * (c3 * K(c1,c4)))) * K(c2 * c3,(c2 * c3) \ ((c1 * c2) * (c3 * K(c1,c4)))) != ((c2 * c3) \ ((c1 * c2) * c3)) * (K(c2 * c3,(c2 * c3) \ ((c1 * c2) * c3)) * K((c2 * c3) \ ((c1 * c2) * c3),c4)).  [back_rewrite(2054),rewrite([3334(78)])].

given #236 (T,wt=11): 3414 K(K(x,y) * z,u) = K(z,u).  [back_rewrite(2010),rewrite([3334(6)])].

given #237 (T,wt=11): 3502 K(x * K(y,z),u) = K(x,u).  [back_rewrite(2009),rewrite([3385(6)])].

given #238 (T,wt=11): 3520 K(x,(y \ z) * y) = K(x,z).  [para(48(a,1),3334(a,1,2))].

given #239 (T,wt=11): 3757 K((x \ y) * x,z) = K(y,z).  [para(48(a,1),3502(a,1,1))].

given #240 (A,wt=31): 267 (x * y) * ((z * u) \ ((z * w) * (w \ u))) = x * (y * ((z * u) \ ((z * w) * (w \ u)))).  [para(4(a,1),74(a,1,2,1,2)),rewrite([4(9)])].

given #241 (T,wt=11): 3768 K(x,y * z) = K(x,z * y).  [para(5(a,1),3520(a,1,2,1))].

given #242 (T,wt=11): 3821 K(x * y,z) = K(y * x,z).  [para(5(a,1),3757(a,1,1,1))].

given #243 (T,wt=13): 3376 K(((x \ 1) * y) * (y \ x),z) = 1.  [back_rewrite(2608),rewrite([3334(10)])].

given #244 (T,wt=13): 3396 K((x * (y * (x \ 1))) \ y,z) = 1.  [back_rewrite(2147),rewrite([3334(10)])].

given #245 (A,wt=31): 268 (x * y) * ((z * ((z \ u) * w)) \ (u * w)) = x * (y * ((z * ((z \ u) * w)) \ (u * w))).  [para(4(a,1),74(a,1,2,2,1)),rewrite([4(12)])].

given #246 (T,wt=13): 3474 K(x,((y \ 1) * z) * (z \ y)) = 1.  [back_rewrite(2610),rewrite([3385(10)])].

given #247 (T,wt=13): 3511 K(x,(y * (z * (y \ 1))) \ z) = 1.  [back_rewrite(1723),rewrite([3385(10)])].

given #248 (T,wt=13): 3522 K(x,y * ((z \ 1) * z)) = K(x,y).  [para(201(a,1),3334(a,1,2,2))].

given #249 (T,wt=13): 3549 K(x,((y \ z) * y) * (z \ 1)) = 1.  [back_rewrite(1835),rewrite([3523(9)])].

given #250 (A,wt=31): 269 (x * y) * ((z * (u * ((z * u) \ w))) \ w) = x * (y * ((z * (u * ((z * u) \ w))) \ w)).  [para(4(a,1),74(a,1,2,2)),rewrite([4(15)])].

given #251 (T,wt=13): 3553 K(x,((y \ 1) * y) * z) = K(x,z).  [para(201(a,1),3385(a,1,2,1))].

given #252 (T,wt=13): 3575 K(x,(y \ x) * ((z \ y) * z)) = 1.  [back_rewrite(3191),rewrite([3555(8)])].

given #253 (T,wt=13): 3576 K(x * y,y * ((z \ x) * z)) = 1.  [back_rewrite(3186),rewrite([3555(7)])].

given #254 (T,wt=13): 3592 K(x,y * (((z \ 1) \ y) \ z)) = 1.  [back_rewrite(1960),rewrite([3555(10)])].

given #255 (A,wt=31): 270 (x * y) \ (x * (y * ((z * (u * w)) \ ((z * u) * w)))) = (z * (u * w)) \ ((z * u) * w).  [para(74(a,1),5(a,1,2))].

given #256 (T,wt=13): 3593 K(x,(y * z) * ((z * y) \ 1)) = 1.  [back_rewrite(1956),rewrite([3555(8)])].

given #257 (T,wt=13): 3595 K(x,y * ((z \ (y \ 1)) * z)) = 1.  [back_rewrite(1219),rewrite([3555(10)])].

given #258 (T,wt=13): 3722 K(((x \ 1) * x) * y,z) = K(y,z).  [para(201(a,1),3414(a,1,1,1))].

given #259 (T,wt=13): 3734 K(((x \ y) * x) * (y \ 1),z) = 1.  [back_rewrite(1851),rewrite([3725(9)])].

given #260 (A,wt=33): 276 (x * (y * ((z * (u * w)) \ ((z * u) * w)))) \ (((z * (u * w)) \ ((z * u) * w)) * (x * y)) = 1.  [para(74(a,1),49(a,1,1)),rewrite([45(22)])].

given #261 (T,wt=13): 3740 K((x \ y) * ((z \ x) * z),y) = 1.  [back_rewrite(3319),rewrite([3726(8)])].

given #262 (T,wt=13): 3741 K(x * ((y \ z) * y),z * x) = 1.  [back_rewrite(3314),rewrite([3726(7)])].

given #263 (T,wt=13): 3752 K(x * (((y \ 1) \ x) \ y),z) = 1.  [back_rewrite(1977),rewrite([3726(10)])].

given #264 (T,wt=13): 3753 K((x * y) * ((y * x) \ 1),z) = 1.  [back_rewrite(1975),rewrite([3726(8)])].

given #265 (A,wt=33): 277 (((x * (y * z)) \ ((x * y) * z)) * (u * w)) \ (u * (w * ((x * (y * z)) \ ((x * y) * z)))) = 1.  [para(74(a,1),49(a,1,2)),rewrite([44(22)])].

given #266 (T,wt=13): 3755 K(x * ((y \ (x \ 1)) * y),z) = 1.  [back_rewrite(1188),rewrite([3726(10)])].

given #267 (T,wt=13): 3758 K(x * ((y \ 1) * y),z) = K(x,z).  [para(201(a,1),3502(a,1,1,2))].

given #268 (T,wt=13): 3774 K(x,y * (((z \ y) * z) \ 1)) = 1.  [para(1264(a,1),3520(a,2)),rewrite([3768(8),4(7),3768(6)])].

given #269 (T,wt=13): 3798 K(x,y * (((z * y) \ 1) * z)) = 1.  [back_rewrite(3550),rewrite([3768(6)])].

given #270 (A,wt=31): 281 ((x * (y * z)) \ ((x * y) * z)) * (u * w) = u * (w * ((x * (y * z)) \ ((x * y) * z))).  [para(74(a,1),130(a,1,2)),rewrite([44(7),71(9)]),flip(a)].

given #271 (T,wt=13): 3799 K(x,y * (z * (y \ (z \ 1)))) = 1.  [back_rewrite(3548),rewrite([3768(6)])].

given #272 (T,wt=13): 3826 K(x * (((y \ x) * y) \ 1),z) = 1.  [para(1229(a,1),3757(a,2)),rewrite([3821(8),4(7),3821(6)])].

given #273 (T,wt=13): 3836 K(x,(y * z) * ((z * y) \ x)) = 1.  [para(3757(a,1),3036(a,1)),rewrite([3768(5)])].

given #274 (T,wt=13): 3837 K(x,y * (((z \ y) * z) \ x)) = 1.  [para(3757(a,1),3051(a,1)),rewrite([3768(5)])].

given #275 (A,wt=35): 284 x * (y * (K(y,x) * ((z * (u * w)) \ ((z * u) * w)))) = y * (x * ((z * (u * w)) \ ((z * u) * w))).  [para(165(a,1),74(a,1,1)),rewrite([74(7),74(15)]),flip(a)].

given #276 (T,wt=13): 3839 K((x * y) * ((y * x) \ z),z) = 1.  [back_rewrite(3784),rewrite([3821(5)])].

given #277 (T,wt=13): 3840 K(x * (((y \ x) * y) \ z),z) = 1.  [back_rewrite(3783),rewrite([3821(5)])].

given #278 (T,wt=13): 3844 K(x * (((y * x) \ 1) * y),z) = 1.  [back_rewrite(3737),rewrite([3821(6)])].

given #279 (T,wt=13): 3845 K(x * (y * (x \ (y \ 1))),z) = 1.  [back_rewrite(3733),rewrite([3821(6)])].

given #280 (A,wt=39): 285 (x * y) * ((z * (u * w)) \ ((z * w) * (u * K(u,w)))) = x * (y * ((z * (u * w)) \ ((z * w) * (u * K(u,w))))).  [para(165(a,1),74(a,1,2,1,2)),rewrite([165(12)])].

given #281 (T,wt=13): 3995 K(x,y * z) * K(z * y,x) = 1.  [para(3768(a,1),1043(a,1,1))].

given #282 (T,wt=13): 3996 K(x * y,z) * K(z,y * x) = 1.  [para(3768(a,1),1043(a,1,2))].

given #283 (T,wt=13): 4016 K(x * y,((z \ y) * z) * x) = 1.  [para(3768(a,1),2979(a,1))].

given #284 (T,wt=13): 4017 K(x * (y * z),(z * y) * x) = 1.  [para(3768(a,1),3036(a,1))].

given #285 (A,wt=39): 286 (x * y) * ((z * (u * (K(u,z) * w))) \ ((u * z) * w)) = x * (y * ((z * (u * (K(u,z) * w))) \ ((u * z) * w))).  [para(165(a,1),74(a,1,2,2,1)),rewrite([179(4),179(12),165(16)])].

given #286 (T,wt=13): 4047 K((x * y) * z,z * (y * x)) = 1.  [para(3821(a,1),3036(a,1))].

given #287 (T,wt=13): 4048 K(((x \ y) * x) * z,z * y) = 1.  [para(3821(a,1),3051(a,1))].

given #288 (T,wt=13): 4054 K(x * (((x * y) \ 1) * y),z) = 1.  [para(170(a,1),3376(a,1,1,2)),rewrite([3821(8),179(7),3726(8)])].

given #289 (T,wt=13): 4055 K(x * ((y \ 1) * (x \ y)),z) = 1.  [para(196(a,1),3376(a,1,1,2)),rewrite([3725(9),3821(6)])].

given #290 (A,wt=43): 287 (x * y) * ((z * (u * (w * K(w,z * u)))) \ (w * (z * u))) = x * (y * ((z * (u * (w * K(w,z * u)))) \ (w * (z * u)))).  [para(165(a,1),74(a,1,2,2)),rewrite([165(20)])].

given #291 (T,wt=13): 4066 K((x \ y) * ((y \ 1) * x),z) = 1.  [para(3376(a,1),3821(a,1)),flip(a)].

given #292 (T,wt=13): 4199 K(x,y * (((y * z) \ 1) * z)) = 1.  [para(170(a,1),3474(a,1,2,2)),rewrite([3768(8),179(7),3555(8)])].

given #293 (T,wt=13): 4201 K(x,y * ((z \ 1) * (y \ z))) = 1.  [para(196(a,1),3474(a,1,2,2)),rewrite([3523(9),3768(6)])].

given #294 (T,wt=13): 4212 K(x,(y \ z) * ((z \ 1) * y)) = 1.  [para(3474(a,1),3768(a,1)),flip(a)].

given #295 (A,wt=31): 288 ((x * (y * z)) \ ((x * y) * z)) \ (u * (w * ((x * (y * z)) \ ((x * y) * z)))) = u * w.  [para(74(a,1),170(a,1,2)),rewrite([44(21),67(16)])].

given #296 (T,wt=13): 4405 K(x,((y \ z) * y) * (z \ x)) = 1.  [para(3575(a,1),3768(a,1)),flip(a)].

given #297 (T,wt=13): 4432 K(x * y,((z \ x) * z) * y) = 1.  [para(3576(a,1),3768(a,1)),flip(a)].

given #298 (T,wt=13): 4627 K(((x \ y) * x) * (y \ z),z) = 1.  [para(3740(a,1),3821(a,1)),flip(a)].

given #299 (T,wt=13): 4655 K(((x \ y) * x) * z,y * z) = 1.  [para(3741(a,1),3821(a,1)),flip(a)].

given #300 (A,wt=55): 298 (x * y) * (((z * (u * w)) \ ((z * u) * w)) * ((v5 * (v6 * v7)) \ ((v5 * v6) * v7))) = x * (y * (((z * (u * w)) \ ((z * u) * w)) * ((v5 * (v6 * v7)) \ ((v5 * v6) * v7)))).  [para(74(a,1),74(a,1,1)),rewrite([74(13),74(12)]),flip(a)].

given #301 (T,wt=13): 5186 K((x * y) * z,(y * x) * z) = 1.  [para(5(a,1),3836(a,1,2,2))].

given #302 (T,wt=15): 722 K(x,x \ 1) * (((x \ 1) * x) * y) = y.  [para(201(a,1),661(a,1,1,1)),rewrite([89(5),201(6)])].

given #303 (T,wt=15): 725 ((x \ 1) * x) * (K(x,x \ 1) * y) = y.  [para(132(a,1),661(a,1,1))].

given #304 (T,wt=15): 742 ((x \ 1) * x) \ y = K(x,x \ 1) * y.  [para(201(a,1),715(a,1,1)),rewrite([201(7),89(9)])].

given #305 (A,wt=39): 300 (x * y) * (((z * u) * (K(u,z) * w)) \ ((u * z) * w)) = x * (y * (((z * u) * (K(u,z) * w)) \ ((u * z) * w))).  [para(85(a,1),4(a,1,2)),rewrite([67(11)]),flip(a)].

given #306 (T,wt=15): 797 K(x,x \ 1) * (y * ((x \ 1) * x)) = y.  [back_rewrite(224),rewrite([742(4),411(8)])].

given #307 (T,wt=15): 871 ((x \ 1) * x) * (y * K(x,x \ 1)) = y.  [para(132(a,1),719(a,1,1))].

given #308 (T,wt=15): 885 (((x \ 1) * x) * y) \ y = K(x,x \ 1).  [para(201(a,1),720(a,1,1,1)),rewrite([201(8),89(10)])].

given #309 (T,wt=15): 950 K(x,y) * (z * (u * K(y,x))) = z * u.  [back_rewrite(876),rewrite([936(3),72(3)])].

given #310 (A,wt=41): 309 (x * (y * (((z * u) * (w * K(u,z))) \ ((u * z) * w)))) \ (x * (y * (((z * u) * (K(u,z) * w)) \ ((u * z) * w)))) = 1.  [para(73(a,1),85(a,1,1,2,2,1,2)),rewrite([300(18)])].

given #311 (T,wt=15): 1055 (x * ((y \ 1) * y)) \ x = K(y,y \ 1).  [para(201(a,1),956(a,1,1,2))].

given #312 (T,wt=15): 1056 (x * (y * K(z,u))) \ (x * y) = K(u,z).  [para(150(a,1),956(a,1,1))].

given #313 (T,wt=15): 1093 K((x \ 1) * (x * ((y \ 1) * y)),z) = 1.  [para(201(a,1),822(a,1,1,2,2))].

given #314 (T,wt=15): 1144 K(x,(y \ 1) * (y * ((z \ 1) * z))) = 1.  [para(201(a,1),1076(a,1,2,2,2))].

given #315 (A,wt=41): 310 (x * (y * (((z * u) * (K(u,z) * w)) \ ((u * z) * w)))) \ ((x * y) * (((z * u) * (w * K(u,z))) \ ((u * z) * w))) = 1.  [para(73(a,1),85(a,1,2,2,1,2))].

given #316 (T,wt=15): 1181 K((x \ 1) * (((y \ 1) * y) * x),z) = 1.  [para(201(a,1),1090(a,1,1,2,1))].

given #317 (T,wt=15): 1198 K(x,(y \ 1) * (((z \ 1) * z) * y)) = 1.  [para(201(a,1),1141(a,1,2,2,1))].

given #318 (T,wt=15): 1202 K(x,y) * (z * ((K(x,y) * z) \ u)) = u.  [para(211(a,1),4(a,1))].

given #319 (T,wt=15): 1203 K(x,y) * (z * (K(y,x) * u)) = z * u.  [para(4(a,1),211(a,1,1)),rewrite([936(4),179(5)]),flip(a)].

given #320 (A,wt=39): 372 ((x \ y) * (x * ((z * (u * w)) \ ((z * u) * w)))) \ (K(x \ y,x) * (y * ((z * (u * w)) \ ((z * u) * w)))) = 1.  [para(48(a,1),87(a,1,1,1)),rewrite([15(5),72(9),74(8)])].

given #321 (T,wt=15): 1287 K(x,y \ ((z * u) * (u \ (z \ y)))) = 1.  [para(4(a,1),229(a,1,2,1))].

given #322 (T,wt=15): 1288 K(x,(y * z) \ (u * ((y \ u) \ z))) = 1.  [para(4(a,1),229(a,1,2,2,1))].

given #323 (T,wt=15): 1354 K(x,(y * ((y \ z) * (z \ u))) \ u) = 1.  [para(4(a,1),230(a,1,2,2))].

given #324 (T,wt=15): 1506 K(x \ ((y * z) * (z \ (y \ x))),u) = 1.  [para(4(a,1),248(a,1,1,1))].

given #325 (A,wt=41): 375 (x * ((y \ 1) * (y * ((z * (u * w)) \ ((z * u) * w))))) \ (((y \ 1) * y) * (x * ((z * (u * w)) \ ((z * u) * w)))) = 1.  [para(203(a,1),87(a,1,1,2,1)),rewrite([72(11),74(10),74(9)])].

given #326 (T,wt=15): 1507 K((x * y) \ (z * ((x \ z) \ y)),u) = 1.  [para(4(a,1),248(a,1,1,2,1))].

given #327 (T,wt=15): 1597 K((x * ((x \ y) * (y \ z))) \ z,u) = 1.  [para(4(a,1),249(a,1,1,2))].

given #328 (T,wt=15): 1654 x \ (y * K(z,u)) = (x \ y) * K(z,u).  [para(392(a,1),5(a,1,2))].

given #329 (T,wt=13): 8410 K(x,(y * z) \ ((z \ 1) \ y)) = 1.  [back_rewrite(1722),rewrite([8100(7),73(7,R),3385(8)])].

given #330 (A,wt=41): 376 (((x \ 1) * x) * (y * ((z * (u * w)) \ ((z * u) * w)))) \ (y * ((x \ 1) * (x * ((z * (u * w)) \ ((z * u) * w))))) = 1.  [para(204(a,1),87(a,1,1,2,1)),rewrite([72(11),74(10),74(19)])].

given #331 (F,wt=63): 8760 ((c2 * c3) \ ((c1 * c2) * c3)) * (K(c2 * c3,(c2 * c3) \ ((c1 * c2) * c3)) * K((c2 * c3) \ ((c1 * c2) * c3),c4)) != K(c1,c4) * (((c2 * c3) \ ((c1 * c2) * c3)) * K(c2 * c3,(c2 * c3) \ ((c1 * c2) * c3))).  [back_rewrite(3412),rewrite([8105(13),73(13,R),8105(29),73(29,R),3385(30),150(27)]),flip(a)].

given #332 (F,wt=63): 8761 K(c2 * c3,(c2 * c3) \ ((c1 * c2) * c3)) * (((c2 * c3) \ ((c1 * c2) * c3)) * K((c2 * c3) \ ((c1 * c2) * c3),c4)) != K(c1,c4) * (((c2 * c3) \ ((c1 * c2) * c3)) * K(c2 * c3,(c2 * c3) \ ((c1 * c2) * c3))).  [back_rewrite(3411),rewrite([8105(13),73(13,R),8105(29),73(29,R),3385(30),150(27)]),flip(a)].

given #333 (F,wt=63): 9015 ((c2 * c3) \ ((c1 * c2) * c3)) * (K(c2 * c3,(c2 * c3) \ ((c1 * c2) * c3)) * K((c2 * c3) \ ((c1 * c2) * c3),c4)) != ((c2 * c3) \ ((c1 * c2) * c3)) * (K(c1,c4) * K(c2 * c3,(c2 * c3) \ ((c1 * c2) * c3))).  [para(399(a,1),8760(a,2)),rewrite([73(61,R)])].

given #334 (F,wt=63): 9016 K(c2 * c3,(c2 * c3) \ ((c1 * c2) * c3)) * (((c2 * c3) \ ((c1 * c2) * c3)) * K((c2 * c3) \ ((c1 * c2) * c3),c4)) != ((c2 * c3) \ ((c1 * c2) * c3)) * (K(c1,c4) * K(c2 * c3,(c2 * c3) \ ((c1 * c2) * c3))).  [para(399(a,1),8761(a,2)),rewrite([73(61,R)])].

given #335 (T,wt=13): 8411 K(x,y \ (((z \ y) \ 1) \ z)) = 1.  [back_rewrite(1720),rewrite([8100(8),73(8,R),3385(9)])].

given #336 (T,wt=13): 8412 K((x * y) \ ((y \ 1) \ x),z) = 1.  [back_rewrite(1719),rewrite([8100(7),73(7,R),3414(8)])].

given #337 (T,wt=13): 8413 K(x \ (((y \ x) \ 1) \ y),z) = 1.  [back_rewrite(1718),rewrite([8100(8),73(8,R),3414(9)])].

given #338 (T,wt=13): 8422 K(x \ (y \ ((y \ 1) \ x)),z) = 1.  [back_rewrite(7868),rewrite([8103(9),3821(10),3722(10)])].

given #339 (A,wt=57): 384 (x * (y * (((z * (u * w)) \ ((z * u) * w)) * ((v5 * (v6 * v7)) \ ((v5 * v6) * v7))))) \ (((z * (u * w)) \ ((z * u) * w)) * (x * (y * ((v5 * (v6 * v7)) \ ((v5 * v6) * v7))))) = 1.  [para(74(a,1),87(a,1,1,1)),rewrite([45(14),72(14),74(13),74(12),74(25)])].

given #340 (T,wt=13): 8425 K(x,y \ (z \ ((z \ 1) \ y))) = 1.  [back_rewrite(7726),rewrite([8103(9),3768(10),3553(10)])].

given #341 (T,wt=13): 8469 K(((x \ 1) * y) \ (x \ y),z) = 1.  [back_rewrite(1525),rewrite([8103(9),3821(10),3722(10)])].

given #342 (T,wt=13): 8471 K(x,((y \ 1) * z) \ (y \ z)) = 1.  [back_rewrite(1308),rewrite([8103(9),3768(10),3553(10)])].

given #343 (T,wt=13): 8476 K(((x \ 1) * (x * y)) \ y,z) = 1.  [back_rewrite(1113),rewrite([8103(9),3821(10),3722(10)])].

given #344 (A,wt=17): 406 x * (y * (z * K(y * z,x))) = (y * z) * x.  [para(150(a,1),165(a,1,2))].

given #345 (T,wt=13): 8477 K(x,((y \ 1) * (y * z)) \ z) = 1.  [back_rewrite(1111),rewrite([8103(9),3768(10),3553(10)])].

given #346 (T,wt=13): 8842 K(x,y \ ((y * (z \ 1)) * z)) = 1.  [back_rewrite(794),rewrite([8105(9),73(9,R),3385(10)])].

given #347 (T,wt=13): 8843 K(x \ ((x * (y \ 1)) * y),z) = 1.  [back_rewrite(791),rewrite([8105(9),73(9,R),3414(10)])].

given #348 (T,wt=13): 8920 K(x,(((y \ 1) * z) * y) \ z) = 1.  [para(5(a,1),8410(a,1,2,2))].

given #349 (A,wt=19): 407 x * (y * (K(y,x) * K(z,u))) = y * (x * K(z,u)).  [para(165(a,1),150(a,1,1)),rewrite([150(3),150(7)]),flip(a)].

given #350 (T,wt=13): 8923 K(x,((y * (z \ 1)) * z) \ y) = 1.  [para(170(a,1),8410(a,1,2,2)),rewrite([1654(9),73(9,R),3385(10)])].

given #351 (T,wt=13): 9025 K((((x \ 1) * y) * x) \ y,z) = 1.  [para(5(a,1),8412(a,1,1,2))].

given #352 (T,wt=13): 9027 K(((x * (y \ 1)) * y) \ x,z) = 1.  [para(170(a,1),8412(a,1,1,2)),rewrite([1654(9),73(9,R),3414(10)])].

given #353 (T,wt=13): 9064 K((x * (y \ 1)) \ (y \ x),z) = 1.  [para(170(a,1),8422(a,1,1,2,2)),rewrite([1654(8),1654(9),73(9,R),3414(10)])].

given #354 (A,wt=19): 409 x * (y * K(z \ (x * y),z)) = (z \ (x * y)) * z.  [para(150(a,1),48(a,1))].

given #355 (T,wt=13): 9174 K(x,(y * (z \ 1)) \ (z \ y)) = 1.  [para(170(a,1),8425(a,1,2,2,2)),rewrite([1654(8),1654(9),73(9,R),3385(10)])].

given #356 (T,wt=13): 9182 K(((x \ 1) * (y * x)) \ y,z) = 1.  [para(170(a,1),8469(a,1,1,2)),rewrite([1654(7),73(7,R),3414(8)])].

given #357 (T,wt=13): 9185 K((((x \ y) \ 1) * y) \ x,z) = 1.  [para(196(a,1),8469(a,1,1,2)),rewrite([1654(8),73(8,R),3414(9)])].

given #358 (T,wt=13): 9216 K(x,((y \ 1) * (z * y)) \ z) = 1.  [para(170(a,1),8471(a,1,2,2)),rewrite([1654(7),73(7,R),3385(8)])].

given #359 (A,wt=19): 411 (x * y) * ((z \ 1) * z) = x * (y * ((z \ 1) * z)).  [para(201(a,1),150(a,1,2)),rewrite([201(8)])].

given #360 (T,wt=13): 9219 K(x,(((y \ z) \ 1) * z) \ y) = 1.  [para(196(a,1),8471(a,1,2,2)),rewrite([1654(8),73(8,R),3385(9)])].

given #361 (T,wt=13): 9400 K(((x * y) * (x \ 1)) \ y,z) = 1.  [para(406(a,1),8476(a,1,1,1)),rewrite([1654(10),73(10,R),3414(11)])].

given #362 (T,wt=13): 9424 K(x,((y * z) * (y \ 1)) \ z) = 1.  [para(406(a,1),8477(a,1,2,1)),rewrite([1654(10),73(10,R),3385(11)])].

given #363 (T,wt=13): 9714 K(((x * y) * (y \ 1)) \ x,z) = 1.  [para(170(a,1),9064(a,1,1,2)),rewrite([1654(7),73(7,R),3414(8)])].

given #364 (A,wt=39): 417 (x * y) * (K(z,u) * ((w * (v5 * v6)) \ ((w * v5) * v6))) = x * (y * (K(z,u) * ((w * (v5 * v6)) \ ((w * v5) * v6)))).  [para(150(a,1),74(a,1,1)),rewrite([74(9),74(8)]),flip(a)].

given #365 (T,wt=13): 9717 K((x * ((y \ x) \ 1)) \ y,z) = 1.  [para(196(a,1),9064(a,1,1,2)),rewrite([1654(8),73(8,R),3414(9)])].

given #366 (T,wt=13): 9909 K(x,((y * z) * (z \ 1)) \ y) = 1.  [para(170(a,1),9174(a,1,2,2)),rewrite([1654(7),73(7,R),3385(8)])].

given #367 (T,wt=13): 9912 K(x,(y * ((z \ y) \ 1)) \ z) = 1.  [para(196(a,1),9174(a,1,2,2)),rewrite([1654(8),73(8,R),3385(9)])].

given #368 (T,wt=15): 2395 (x * (K(y,z) * u)) \ (x * u) = K(z,y).  [para(965(a,1),428(a,1,2,2))].

given #369 (A,wt=39): 419 (x * y) * (((z * (u * w)) \ ((z * u) * w)) * K(v5,v6)) = x * (y * (((z * (u * w)) \ ((z * u) * w)) * K(v5,v6))).  [para(74(a,1),150(a,1,1)),rewrite([150(9),150(8)]),flip(a)].

given #370 (T,wt=15): 2412 K(x,y) * ((z * K(x,y)) \ u) = z \ u.  [para(587(a,1),5(a,1,2)),flip(a)].

given #371 (T,wt=13): 10729 K(x,(y * (z \ 1)) * (y \ z)) = 1.  [back_rewrite(4198),rewrite([10663(8),3523(10)])].

given #372 (T,wt=13): 10730 K((x * (y \ 1)) * (x \ y),z) = 1.  [back_rewrite(4053),rewrite([10663(8),3725(10)])].

given #373 (T,wt=13): 10736 K((x * y) * (x \ (y \ 1)),z) = 1.  [back_rewrite(1982),rewrite([10663(5),1654(6),73(6,R),3726(8)])].

given #374 (A,wt=23): 422 (x * y) * (K(z,u) * K(w,v5)) = x * (y * (K(z,u) * K(w,v5))).  [para(150(a,1),150(a,1,1)),rewrite([150(5),150(4)]),flip(a)].

given #375 (T,wt=13): 10738 K(x,(y * z) * (y \ (z \ 1))) = 1.  [back_rewrite(1965),rewrite([10663(5),1654(6),73(6,R),3555(8)])].

given #376 (T,wt=13): 10742 K((x \ y) \ (y * (x \ 1)),z) = 1.  [back_rewrite(1395),rewrite([10663(8),73(8,R),3414(9)])].

given #377 (T,wt=13): 10743 K(x \ ((y * x) * (y \ 1)),z) = 1.  [back_rewrite(1393),rewrite([10663(7),73(7,R),3414(8)])].

given #378 (T,wt=13): 10744 K(x,(y \ z) \ (z * (y \ 1))) = 1.  [back_rewrite(1343),rewrite([10663(8),73(8,R),3385(9)])].

given #379 (A,wt=37): 430 (x * (y * (((z * (u * w)) \ ((z * u) * w)) * K(y,x)))) \ (y * (x * ((z * (u * w)) \ ((z * u) * w)))) = 1.  [back_rewrite(366),rewrite([419(9)])].

given #380 (T,wt=13): 10745 K(x,y \ ((z * y) * (z \ 1))) = 1.  [back_rewrite(1341),rewrite([10663(7),73(7,R),3385(8)])].

given #381 (T,wt=13): 10747 K(x,y * (z * ((z * y) \ 1))) = 1.  [para(5(a,1),10729(a,1,2,2)),rewrite([3768(6)])].

given #382 (T,wt=13): 10749 K(x,y * (z * ((y * z) \ 1))) = 1.  [para(170(a,1),10729(a,1,2,2)),rewrite([3768(8),179(7),3555(8)])].

given #383 (T,wt=13): 10751 K(x,y * ((y \ z) * (z \ 1))) = 1.  [para(196(a,1),10729(a,1,2,2)),rewrite([3523(9),3768(6)])].

given #384 (A,wt=31): 534 x * (((y * (z * u)) \ ((y * z) * u)) * ((x * ((y * (z * u)) \ ((y * z) * u))) \ w)) = w.  [para(93(a,1),4(a,1))].

given #385 (T,wt=13): 10757 K(x,(y \ z) * (y * (z \ 1))) = 1.  [para(10729(a,1),3768(a,1)),flip(a)].

given #386 (T,wt=13): 10760 K((x \ y) * (x * (y \ 1)),z) = 1.  [para(10729(a,1),3995(a,1,1)),rewrite([72(8)])].

given #387 (T,wt=13): 10766 K(x * (y * ((y * x) \ 1)),z) = 1.  [para(5(a,1),10730(a,1,1,2)),rewrite([3821(6)])].

given #388 (T,wt=13): 10767 K(x * (y * ((x * y) \ 1)),z) = 1.  [para(170(a,1),10730(a,1,1,2)),rewrite([3821(8),179(7),3726(8)])].

given #389 (A,wt=31): 535 (x * ((y * z) \ ((y * u) * (u \ z)))) * w = x * (((y * z) \ ((y * u) * (u \ z))) * w).  [para(4(a,1),93(a,1,1,2,1,2)),rewrite([4(9)])].

given #390 (T,wt=13): 10768 K(x * ((x \ y) * (y \ 1)),z) = 1.  [para(196(a,1),10730(a,1,1,2)),rewrite([3725(9),3821(6)])].

given #391 (T,wt=13): 10779 K(x * (y \ ((y \ x) \ 1)),z) = 1.  [para(4(a,1),10736(a,1,1,1))].

given #392 (T,wt=13): 10781 K(x * ((x \ (y \ 1)) * y),z) = 1.  [para(196(a,1),10736(a,1,1,2)),rewrite([3725(11),3821(6)])].

given #393 (T,wt=13): 10939 K(x,y * (z \ ((z \ y) \ 1))) = 1.  [para(4(a,1),10738(a,1,2,1))].

given #394 (A,wt=31): 536 (x * ((y * ((y \ z) * u)) \ (z * u))) * w = x * (((y * ((y \ z) * u)) \ (z * u)) * w).  [para(4(a,1),93(a,1,1,2,2,1)),rewrite([4(12)])].

given #395 (T,wt=13): 10941 K(x,y * ((y \ (z \ 1)) * z)) = 1.  [para(196(a,1),10738(a,1,2,2)),rewrite([3523(11),3768(6)])].

given #396 (T,wt=13): 10968 K(((x \ 1) \ y) \ (y * x),z) = 1.  [para(196(a,1),10742(a,1,1,2,2)),rewrite([8105(9),73(9,R),3414(10)])].

given #397 (T,wt=13): 10983 K(x \ (((y \ 1) * x) * y),z) = 1.  [para(196(a,1),10743(a,1,1,2,2)),rewrite([8105(9),73(9,R),3414(10)])].

given #398 (T,wt=13): 11010 K(x,((y \ 1) \ z) \ (z * y)) = 1.  [para(196(a,1),10744(a,1,2,2,2)),rewrite([8105(9),73(9,R),3385(10)])].

given #399 (A,wt=31): 537 (x * ((y * (z * ((y * z) \ u))) \ u)) * w = x * (((y * (z * ((y * z) \ u))) \ u) * w).  [para(4(a,1),93(a,1,1,2,2)),rewrite([4(15)])].

given #400 (T,wt=13): 11222 K(x,y \ (((z \ 1) * y) * z)) = 1.  [para(196(a,1),10745(a,1,2,2,2)),rewrite([8105(9),73(9,R),3385(10)])].

given #401 (T,wt=13): 12150 K((((x \ y) \ 1) \ x) \ y,z) = 1.  [para(4(a,1),10968(a,1,1,2))].

given #402 (T,wt=13): 12219 K(x,(((y \ z) \ 1) \ y) \ z) = 1.  [para(4(a,1),11010(a,1,2,2))].

given #403 (T,wt=15): 2485 x * (K(y,z) * (x \ u)) = K(y,z) * u.  [para(4(a,1),645(a,1,2)),flip(a)].

given #404 (A,wt=27): 538 (x * (y * z)) * (((x * (y * z)) \ ((x * y) * z)) * u) = ((x * y) * z) * u.  [para(4(a,1),93(a,1,1)),flip(a)].

given #405 (T,wt=15): 2624 (K(x,y) * z) \ (z * u) = u * K(y,x).  [para(4(a,1),663(a,1,2,2)),rewrite([936(6)])].

given #406 (T,wt=13): 13278 K(x,((y \ 1) \ (y \ z)) \ z) = 1.  [back_rewrite(12566),rewrite([13234(8),73(8,R),3385(9)])].

given #407 (T,wt=13): 13279 K(((x \ 1) \ (x \ y)) \ y,z) = 1.  [back_rewrite(12554),rewrite([13234(8),73(8,R),3414(9)])].

given #408 (T,wt=13): 13283 K(x,((y \ 1) \ z) \ (y * z)) = 1.  [back_rewrite(12220),rewrite([13234(7),73(7,R),3385(8)])].

given #409 (A,wt=31): 539 (x * ((y * (z * u)) \ ((y * z) * u))) \ (x * (((y * (z * u)) \ ((y * z) * u)) * w)) = w.  [para(93(a,1),5(a,1,2))].

given #410 (T,wt=13): 13286 K(((x \ 1) \ y) \ (x * y),z) = 1.  [back_rewrite(12152),rewrite([13234(7),73(7,R),3414(8)])].

given #411 (T,wt=13): 13782 K(x,y \ (z * ((z \ 1) * y))) = 1.  [para(5(a,1),13283(a,1,2,1))].

given #412 (T,wt=13): 13784 K(x,y \ (z * (y * (z \ 1)))) = 1.  [para(170(a,1),13283(a,1,2,1)),rewrite([10663(9),73(9,R),3385(10)])].

given #413 (T,wt=13): 13857 K(x \ (y * ((y \ 1) * x)),z) = 1.  [para(5(a,1),13286(a,1,1,1))].

given #414 (A,wt=47): 540 (x * (((y * (z * u)) \ ((y * z) * u)) * w)) \ (w * (x * ((y * (z * u)) \ ((y * z) * u)))) = K(w,x * ((y * (z * u)) \ ((y * z) * u))).  [para(93(a,1),49(a,1,1))].

given #415 (T,wt=13): 13858 K(x \ (y * (x * (y \ 1))),z) = 1.  [para(170(a,1),13286(a,1,1,1)),rewrite([10663(9),73(9,R),3414(10)])].

given #416 (T,wt=15): 2733 ((x \ y) * x) * y = y * ((x \ y) * x).  [para(2730(a,1),165(a,1,2,2)),rewrite([67(4)])].

given #417 (T,wt=15): 2750 (x * y) * (y * x) = (y * x) * (x * y).  [para(2732(a,1),165(a,1,2,2)),rewrite([67(4)])].

given #418 (T,wt=15): 3006 K(x * y,x * (((z \ 1) * z) * y)) = 1.  [para(201(a,1),2658(a,1,2,2,1))].

given #419 (A,wt=47): 544 x * (((y * (z * u)) \ ((y * z) * u)) * (w * K(w,x * ((y * (z * u)) \ ((y * z) * u))))) = w * (x * ((y * (z * u)) \ ((y * z) * u))).  [para(93(a,1),165(a,1))].

given #420 (T,wt=15): 3155 K(x * (((y \ 1) * y) * z),x * z) = 1.  [para(201(a,1),3014(a,1,1,2,1))].

given #421 (T,wt=15): 3369 K((x * (((x * y) \ z) * y)) \ z,u) = 1.  [back_rewrite(2711),rewrite([3334(10)])].

given #422 (T,wt=15): 3398 K((x * ((y \ (x \ 1)) * y)) \ 1,z) = 1.  [back_rewrite(2144),rewrite([3334(13)])].

given #423 (T,wt=15): 3508 K(x,(y * ((z \ (y \ 1)) * z)) \ 1) = 1.  [back_rewrite(1821),rewrite([3385(13)])].

given #424 (A,wt=39): 546 (x * ((y * (z * (K(z,y) * u))) \ ((z * y) * u))) * w = x * (((y * (z * (K(z,y) * u))) \ ((z * y) * u)) * w).  [para(165(a,1),93(a,1,1,2,2,1)),rewrite([179(3),179(12),165(16)])].

given #425 (T,wt=15): 3510 K(x,(y * (((y * z) \ u) * z)) \ u) = 1.  [back_rewrite(1800),rewrite([3385(10)])].

given #426 (T,wt=15): 3523 K(x,y * (z * K(u,w))) = K(x,y * z).  [para(150(a,1),3334(a,1,2))].

given #427 (T,wt=15): 3555 K(x,y * (K(z,u) * w)) = K(x,y * w).  [para(645(a,1),3385(a,1,2))].

given #428 (T,wt=15): 3725 K(x * (y * K(z,u)),w) = K(x * y,w).  [para(399(a,1),3414(a,1,1))].

given #429 (A,wt=43): 547 (x * ((y * (z * (u * K(u,y * z)))) \ (u * (y * z)))) * w = x * (((y * (z * (u * K(u,y * z)))) \ (u * (y * z))) * w).  [para(165(a,1),93(a,1,1,2,2)),rewrite([165(20)])].

given #430 (T,wt=15): 3726 K(x * (K(y,z) * u),w) = K(x * u,w).  [para(645(a,1),3414(a,1,1))].

given #431 (T,wt=15): 3819 K(x,y * ((((z \ 1) * z) * y) \ 1)) = 1.  [back_rewrite(1269),rewrite([3768(8)])].

given #432 (T,wt=15): 3820 K(x,y * ((y * ((z \ 1) * z)) \ 1)) = 1.  [back_rewrite(1265),rewrite([3768(8)])].

given #433 (T,wt=15): 3871 K(x * ((((y \ 1) * y) * x) \ 1),z) = 1.  [back_rewrite(1234),rewrite([3821(8)])].

given #434 (A,wt=31): 548 x * (((y * (z * u)) \ ((y * z) * u)) * w) = x * (w * ((y * (z * u)) \ ((y * z) * u))).  [para(165(a,1),93(a,2,2)),rewrite([44(12),67(8),93(7)])].

given #435 (T,wt=15): 3872 K(x * ((x * ((y \ 1) * y)) \ 1),z) = 1.  [back_rewrite(1230),rewrite([3821(8)])].

given #436 (T,wt=15): 3982 K(x,y * z) * u = u * K(x,z * y).  [para(3768(a,1),73(a,1,1))].

given #437 (T,wt=15): 3993 K(x,y * z) * (u * K(z * y,x)) = u.  [para(3768(a,1),935(a,1,1))].

given #438 (T,wt=15): 3994 K(x * y,z) * (u * K(z,y * x)) = u.  [para(3768(a,1),935(a,1,2,2))].

given #439 (A,wt=35): 558 (x * (y * ((z * (u * w)) \ ((z * u) * w)))) * v5 = (x * y) * (((z * (u * w)) \ ((z * u) * w)) * v5).  [para(74(a,1),93(a,1,1))].

given #440 (T,wt=15): 3997 x * K(y * z,u) = x * K(z * y,u).  [para(3768(a,1),936(a,1,1)),rewrite([936(3)])].

given #441 (T,wt=15): 3998 x * K(y,z * u) = x * K(y,u * z).  [para(3768(a,1),936(a,2,2)),rewrite([936(3)])].

given #442 (T,wt=15): 4001 K(x,y * z) * (K(z * y,x) * u) = u.  [para(3768(a,1),965(a,1,1))].

given #443 (T,wt=15): 4002 K(x * y,z) * (K(z,y * x) * u) = u.  [para(3768(a,1),965(a,1,2,1))].

given #444 (A,wt=31): 585 ((x * (y * z)) \ ((x * y) * z)) * (u * w) = u * (((x * (y * z)) \ ((x * y) * z)) * w).  [para(562(a,1),93(a,1,1)),rewrite([133(7),44(13),71(9)])].

given #445 (T,wt=13): 18140 K((x * y) * z,(z * x) * y) = 1.  [back_rewrite(5440),rewrite([17986(11)])].

given #446 (T,wt=11): 18155 K(x,y * (x * (y \ 1))) = 1.  [para(206(a,1),18140(a,1,1)),rewrite([3768(9),15525(9),67(2)])].

given #447 (T,wt=11): 18156 K((x * y) * (x \ 1),y) = 1.  [para(206(a,1),18140(a,1,2)),rewrite([15419(9),67(6)])].

given #448 (T,wt=11): 18204 K(x,(y \ 1) * (x * y)) = 1.  [para(196(a,1),18155(a,1,2,2,2)),rewrite([15422(9)])].

given #449 (A,wt=39): 593 (x * (((y * z) * (K(z,y) * u)) \ ((z * y) * u))) * w = x * ((((y * z) * (K(z,y) * u)) \ ((z * y) * u)) * w).  [para(104(a,1),4(a,1,2)),rewrite([67(11)]),flip(a)].

given #450 (T,wt=11): 18210 K(x * (y * (x \ 1)),y) = 1.  [para(18155(a,1),1043(a,1,2)),rewrite([67(7)])].

given #451 (T,wt=11): 18234 K(x * (y \ 1),y \ x) = 1.  [para(4(a,1),18156(a,1,1,1))].

given #452 (T,wt=11): 18236 K((x * y) * (y \ 1),x) = 1.  [para(165(a,1),18156(a,1,1,1)),rewrite([3334(7)])].

given #453 (T,wt=11): 18237 K(x * ((x \ 1) * y),y) = 1.  [para(196(a,1),18156(a,1,1,2)),rewrite([3725(9),3821(5)])].

given #454 (A,wt=17): 649 x * (K(y \ x,y) * z) = ((y \ x) * y) * z.  [para(48(a,1),179(a,1,1)),flip(a)].

given #455 (T,wt=11): 18241 K(x,(y * x) * (y \ 1)) = 1.  [para(18156(a,1),1043(a,1,2)),rewrite([67(7)])].

given #456 (T,wt=11): 18243 K((x \ 1) * (x * y),y) = 1.  [para(18156(a,1),3821(a,1)),flip(a)].

given #457 (T,wt=11): 18246 K(x,(y \ 1) * (y * x)) = 1.  [para(18156(a,1),3995(a,1,2)),rewrite([67(7)])].

given #458 (T,wt=11): 18256 K(x,y * ((x \ y) \ 1)) = 1.  [para(4(a,1),18204(a,1,2,2)),rewrite([3768(5)])].

given #459 (A,wt=19): 650 (x * ((y \ 1) * y)) * z = x * (((y \ 1) * y) * z).  [para(201(a,1),179(a,1,1,2)),rewrite([201(8)])].

given #460 (T,wt=11): 18262 K((x \ 1) * (y * x),y) = 1.  [para(18204(a,1),1043(a,1,2)),rewrite([67(7)])].

given #461 (T,wt=11): 18268 K(x,(x * y) * (y \ 1)) = 1.  [para(18204(a,1),3768(a,1)),flip(a)].

given #462 (T,wt=11): 19027 K(x * y,(y \ 1) \ x) = 1.  [para(196(a,1),18234(a,1,1,2)),rewrite([3725(9)])].

given #463 (T,wt=11): 19028 K(x * ((y \ x) \ 1),y) = 1.  [para(196(a,1),18234(a,1,2)),rewrite([3334(8)])].

given #464 (A,wt=19): 657 (x * (y * K(z,u))) * w = (x * y) * (K(z,u) * w).  [para(150(a,1),179(a,1,1))].

given #465 (T,wt=11): 19032 K(x \ y,y * (x \ 1)) = 1.  [para(18234(a,1),1043(a,1,2)),rewrite([67(7)])].

given #466 (T,wt=11): 19034 K((x \ 1) * y,x \ y) = 1.  [para(18234(a,1),3821(a,1)),flip(a)].

given #467 (T,wt=11): 19037 K(x \ y,(x \ 1) * y) = 1.  [para(18234(a,1),3995(a,1,2)),rewrite([67(7)])].

given #468 (T,wt=11): 19064 K(x * y,(x \ 1) \ y) = 1.  [para(4(a,1),18237(a,1,1,2))].

given #469 (A,wt=19): 778 (((x \ 1) * x) * x) \ 1 = (x \ 1) * K(x,x \ 1).  [back_rewrite(635),rewrite([748(4),742(12),73(12)])].

given #470 (T,wt=11): 19070 K(x,y * ((y \ 1) * x)) = 1.  [para(18237(a,1),1043(a,1,2)),rewrite([67(7)])].

given #471 (T,wt=11): 19926 K(x,((y \ x) \ 1) \ y) = 1.  [para(4(a,1),19027(a,1,1))].

given #472 (T,wt=11): 19932 K((x \ 1) \ y,y * x) = 1.  [para(19027(a,1),1043(a,1,2)),rewrite([67(7)])].

given #473 (T,wt=11): 19943 K((x \ 1) \ y,x * y) = 1.  [para(19027(a,1),3995(a,1,2)),rewrite([67(7)])].

given #474 (A,wt=39): 780 (x * (((y \ 1) * (K(y,y \ 1) * (y * z))) \ z)) * u = x * ((((y \ 1) * (K(y,y \ 1) * (y * z))) \ z) * u).  [back_rewrite(632),rewrite([742(6),73(6),179(8),742(17),73(17),179(19)])].

Low Water (keep): wt=95.000, iters=6669

given #475 (T,wt=11): 20169 K(x,y \ ((y \ 1) \ x)) = 1.  [para(4(a,1),19034(a,1,1))].

given #476 (T,wt=11): 20177 K(x \ ((x \ 1) \ y),y) = 1.  [para(4(a,1),19037(a,1,2))].

given #477 (T,wt=11): 20186 K(x,(y \ 1) \ (y \ x)) = 1.  [para(4(a,1),19064(a,1,1))].

given #478 (T,wt=11): 20288 K(((x \ y) \ 1) \ x,y) = 1.  [para(19926(a,1),1043(a,1,2)),rewrite([67(7)])].

given #479 (A,wt=47): 786 (x * y) * ((((z * u) \ 1) * z) * (u * K(z * u,(z * u) \ 1))) = x * (y * ((((z * u) \ 1) * z) * (u * K(z * u,(z * u) \ 1)))).  [back_rewrite(626),rewrite([742(10),73(10),179(11),73(10),657(12),73(11),742(22),73(22),179(23),73(22),657(24),73(23)])].

Low Water (keep): wt=87.000, iters=6678

given #480 (T,wt=11): 20319 K((x \ 1) \ (x \ y),y) = 1.  [para(4(a,1),19943(a,1,2))].

given #481 (T,wt=13): 18144 K(x * (y * z),(x * y) * z) = 1.  [back_rewrite(5150),rewrite([17986(11)])].

given #482 (T,wt=13): 18145 K((x * y) * z,x * (y * z)) = 1.  [back_rewrite(4393),rewrite([17986(13),3768(7),4(6)])].

given #483 (T,wt=13): 18146 K((x * y) * z,(y * z) * x) = 1.  [back_rewrite(3806),rewrite([17986(11)])].

given #484 (A,wt=21): 807 (x * (y * ((z \ 1) * z))) \ (((z \ 1) * z) * (x * y)) = 1.  [para(201(a,1),128(a,1,1,2,2)),rewrite([201(8)])].

given #485 (T,wt=13): 18147 K(x * y,(y * z) * (z \ x)) = 1.  [para(4(a,1),18140(a,1,1,1))].

given #486 (T,wt=13): 18148 K(x,y * (((z * y) \ x) * z)) = 1.  [para(4(a,1),18140(a,1,1)),rewrite([3768(5)])].

given #487 (T,wt=13): 18149 K(x * ((x \ y) * z),y * z) = 1.  [para(4(a,1),18140(a,1,2,1)),rewrite([3821(5)])].

given #488 (T,wt=13): 18150 K(x * (y * ((x * y) \ z)),z) = 1.  [para(4(a,1),18140(a,1,2)),rewrite([3821(5)])].

given #489 (A,wt=19): 820 K(x,y) * (K(z,u) * w) = w * (K(x,y) * K(z,u)).  [para(805(a,1),130(a,1,1)),rewrite([179(5),71(6)])].

given #490 (T,wt=13): 18152 K((x * y) * z,(z * y) * x) = 1.  [para(165(a,1),18140(a,1,1,1)),rewrite([3523(7)])].

given #491 (T,wt=13): 18153 K((x * y) * z,(x * z) * y) = 1.  [para(165(a,1),18140(a,1,2,1)),rewrite([179(3),2529(4),3414(7)])].

given #492 (T,wt=13): 18154 K((x * y) * z,y * (z * x)) = 1.  [para(165(a,1),18140(a,1,2)),rewrite([657(5),73(4),3725(8)])].

given #493 (T,wt=13): 18168 K(x * (y * z),(z * x) * y) = 1.  [para(18140(a,1),3995(a,1,1)),rewrite([72(7)])].

given #494 (A,wt=31): 833 ((x * (y * z)) \ ((x * y) * z)) * (u * ((((x * (y * z)) \ ((x * y) * z)) * u) \ w)) = w.  [para(133(a,1),4(a,1))].

Low Water (keep): wt=79.000, iters=6915

given #495 (T,wt=13): 21300 K(x * y,(x * z) * (z \ y)) = 1.  [para(4(a,1),18144(a,1,1,2))].

given #496 (T,wt=13): 21301 K(x * (y * z),(x * z) * y) = 1.  [para(165(a,1),18144(a,1,1,2)),rewrite([3523(7)])].

given #497 (T,wt=13): 21302 K(x * (y * z),(y * x) * z) = 1.  [para(165(a,1),18144(a,1,2,1)),rewrite([179(3),15884(7)])].

given #498 (T,wt=13): 21303 K(x * (y * z),z * (x * y)) = 1.  [para(165(a,1),18144(a,1,2)),rewrite([15526(8)])].

given #499 (A,wt=31): 834 (((x * y) \ ((x * z) * (z \ y))) * u) * w = ((x * y) \ ((x * z) * (z \ y))) * (u * w).  [para(4(a,1),133(a,1,1,1,1,2)),rewrite([4(9)])].

Low Water (keep): wt=75.000, iters=6725

NOTE: Back_subsumption disabled, ratio of kept to back_subsumed is 21 (0.00 of 1.87 sec).

given #500 (T,wt=13): 21313 K(x * (y * z),y * (z * x)) = 1.  [para(18144(a,1),3995(a,1,1)),rewrite([72(7)])].

given #501 (T,wt=13): 21333 K(x * y,z * ((z \ x) * y)) = 1.  [para(4(a,1),18145(a,1,1,1))].

given #502 (T,wt=13): 21334 K(x,y * (z * ((y * z) \ x))) = 1.  [para(4(a,1),18145(a,1,1))].

given #503 (T,wt=13): 21335 K((x * y) * (y \ z),x * z) = 1.  [para(4(a,1),18145(a,1,2,2))].

given #504 (A,wt=31): 835 (((x * ((x \ y) * z)) \ (y * z)) * u) * w = ((x * ((x \ y) * z)) \ (y * z)) * (u * w).  [para(4(a,1),133(a,1,1,1,2,1)),rewrite([4(12)])].

Low Water (keep): wt=71.000, iters=6856

given #505 (T,wt=13): 21336 K((x * y) * z,y * (x * z)) = 1.  [para(165(a,1),18145(a,1,1,1)),rewrite([179(5),15459(7)])].

given #506 (T,wt=13): 21337 K((x * y) * z,x * (z * y)) = 1.  [para(165(a,1),18145(a,1,2,2)),rewrite([3725(7)])].

Low Water (keep): wt=63.000, iters=6727

given #507 (T,wt=13): 21360 K((x * y) * (y \ z),z * x) = 1.  [para(4(a,1),18146(a,1,2,1))].

given #508 (T,wt=13): 21361 K(x * (((y * x) \ z) * y),z) = 1.  [para(4(a,1),18146(a,1,2)),rewrite([3821(5)])].

given #509 (A,wt=31): 836 (((x * (y * ((x * y) \ z))) \ z) * u) * w = ((x * (y * ((x * y) \ z))) \ z) * (u * w).  [para(4(a,1),133(a,1,1,1,2)),rewrite([4(15)])].

given #510 (T,wt=13): 21454 K(x,((y \ x) * z) * (z \ y)) = 1.  [para(4(a,1),18147(a,1,1))].

given #511 (T,wt=13): 21455 K(x * y,z * ((y \ z) \ x)) = 1.  [para(4(a,1),18147(a,1,2,1))].

given #512 (T,wt=13): 21457 K(x * y,(z * y) * (z \ x)) = 1.  [para(165(a,1),18147(a,1,2,1)),rewrite([10663(5),3523(7)])].

given #513 (T,wt=13): 21458 K(x * y,z * (y * (z \ x))) = 1.  [para(196(a,1),18147(a,1,2,2)),rewrite([3523(8),3768(5)])].

given #514 (A,wt=31): 837 ((x * (y * z)) \ ((x * y) * z)) * ((((x * (y * z)) \ ((x * y) * z)) \ u) * w) = u * w.  [para(4(a,1),133(a,1,1)),flip(a)].

given #515 (T,wt=13): 21465 K(x * y,(z \ x) * (y * z)) = 1.  [para(18147(a,1),3768(a,1)),flip(a)].

given #516 (T,wt=13): 21470 K((x \ y) * (z * x),y * z) = 1.  [para(18147(a,1),3995(a,1,1)),rewrite([72(7)])].

given #517 (T,wt=13): 21494 K(x,(y \ z) * ((z \ x) * y)) = 1.  [para(4(a,1),18148(a,1,2,2,1,1))].

given #518 (T,wt=13): 21496 K(x,y * (((y * z) \ x) * z)) = 1.  [para(165(a,1),18148(a,1,2,2,1,1)),rewrite([179(6),3555(7)])].

given #519 (A,wt=31): 838 (((x * (y * z)) \ ((x * y) * z)) * u) \ (((x * (y * z)) \ ((x * y) * z)) * (u * w)) = w.  [para(133(a,1),5(a,1,2))].

given #520 (T,wt=13): 21548 K(x * y,z * ((x \ z) \ y)) = 1.  [para(4(a,1),18149(a,1,1,2))].

given #521 (T,wt=13): 21549 K(x * ((x \ y) * (y \ z)),z) = 1.  [para(4(a,1),18149(a,1,2))].

given #522 (T,wt=13): 21551 K(x * (y * (x \ z)),z * y) = 1.  [para(165(a,1),18149(a,1,1,2)),rewrite([3523(8)])].

given #523 (T,wt=13): 21552 K(x * ((x \ y) * z),z * y) = 1.  [para(165(a,1),18149(a,1,2)),rewrite([15526(7)])].

given #524 (A,wt=39): 844 (((x * (y * (K(y,x) * z))) \ ((y * x) * z)) * u) * w = ((x * (y * (K(y,x) * z))) \ ((y * x) * z)) * (u * w).  [para(165(a,1),133(a,1,1,1,2,1)),rewrite([179(3),179(12),165(16)])].

Low Water (keep): wt=59.000, iters=6708

given #525 (T,wt=13): 21553 K((x \ y) * (x * z),y * z) = 1.  [para(196(a,1),18149(a,1,1,2,1)),rewrite([179(5),15884(8)])].

given #526 (T,wt=13): 21566 K(x * y,z * ((z \ y) * x)) = 1.  [para(18149(a,1),3995(a,1,1)),rewrite([72(7)])].

Low Water (keep): wt=55.000, iters=6715

given #527 (T,wt=13): 21589 K(x * (y * ((y * x) \ z)),z) = 1.  [para(165(a,1),18150(a,1,1,2,2,1)),rewrite([179(5),15884(7)])].

given #528 (T,wt=13): 21718 K(x * (((x * y) \ z) * y),z) = 1.  [para(4(a,1),18152(a,1,2)),rewrite([3821(5)])].

given #529 (A,wt=43): 845 (((x * (y * (z * K(z,x * y)))) \ (z * (x * y))) * u) * w = ((x * (y * (z * K(z,x * y)))) \ (z * (x * y))) * (u * w).  [para(165(a,1),133(a,1,1,1,2)),rewrite([165(20)])].

given #530 (T,wt=13): 21748 K(x,y * (z * ((z * y) \ x))) = 1.  [para(4(a,1),18153(a,1,1)),rewrite([3768(5)])].

given #531 (T,wt=13): 21749 K((x * y) * (x \ z),z * y) = 1.  [para(4(a,1),18153(a,1,2,1))].

given #532 (T,wt=13): 21954 K(x,(y * z) * (z \ (y \ x))) = 1.  [para(4(a,1),21300(a,1,1))].

given #533 (T,wt=13): 21956 K(x * y,(z * x) * (z \ y)) = 1.  [para(165(a,1),21300(a,1,2,1)),rewrite([10663(5),3523(7)])].

given #534 (A,wt=35): 930 K(x,y) * (y * (x * ((z * (u * w)) \ ((z * u) * w)))) = x * (y * ((z * (u * w)) \ ((z * u) * w))).  [para(738(a,1),74(a,1,1)),rewrite([74(7),927(10),74(15)]),flip(a)].

given #535 (T,wt=13): 21957 K(x * y,z * (x * (z \ y))) = 1.  [para(196(a,1),21300(a,1,2,2)),rewrite([3523(8),3768(5)])].

given #536 (T,wt=13): 21963 K(x * y,(z \ y) * (x * z)) = 1.  [para(21300(a,1),3768(a,1)),flip(a)].

Low Water (keep): wt=53.000, iters=6698

given #537 (T,wt=13): 21970 K((x \ y) * (z * x),z * y) = 1.  [para(21300(a,1),3995(a,1,1)),rewrite([72(7)])].

given #538 (T,wt=13): 21992 K(x * (y * z),y * (x * z)) = 1.  [para(165(a,1),21301(a,1,2)),rewrite([179(4),73(3),15526(8)])].

given #539 (A,wt=19): 932 K(x,y) * (y * (x * K(z,u))) = x * (y * K(z,u)).  [para(738(a,1),150(a,1,1)),rewrite([150(3),927(6),150(7)]),flip(a)].

Low Water (keep): wt=51.000, iters=6710

given #540 (T,wt=13): 22026 K(x * (y * z),z * (y * x)) = 1.  [para(165(a,1),21302(a,1,2)),rewrite([15526(8)])].

given #541 (T,wt=13): 22416 K(x,y * ((y \ z) * (z \ x))) = 1.  [para(4(a,1),21333(a,1,1))].

given #542 (T,wt=13): 22417 K(x * ((y \ x) \ z),y * z) = 1.  [para(4(a,1),21333(a,1,2,2))].

given #543 (T,wt=13): 22418 K(x * y,(z \ x) * (z * y)) = 1.  [para(196(a,1),21333(a,1,2,2,1)),rewrite([179(6),15459(8)])].

given #544 (A,wt=19): 991 x * (K(y,x) * (y * K(z,u))) = y * (x * K(z,u)).  [back_rewrite(580),rewrite([936(2),179(5)])].

given #545 (T,wt=13): 22494 K((x * y) * (y \ (x \ z)),z) = 1.  [para(4(a,1),21335(a,1,2))].

given #546 (T,wt=13): 22495 K((x * y) * (x \ z),y * z) = 1.  [para(165(a,1),21335(a,1,1,1)),rewrite([10663(4),3725(7)])].

given #547 (T,wt=13): 22497 K(x * (y * (x \ z)),y * z) = 1.  [para(196(a,1),21335(a,1,1,2)),rewrite([3725(8),3821(5)])].

given #548 (T,wt=13): 22867 K(x * ((y \ x) \ z),z * y) = 1.  [para(4(a,1),21360(a,1,1,1))].

Low Water (keep): wt=49.000, iters=6688

given #549 (A,wt=35): 994 x * (K(y,x) * (y * ((z * (u * w)) \ ((z * u) * w)))) = y * (x * ((z * (u * w)) \ ((z * u) * w))).  [back_rewrite(576),rewrite([936(2),179(9)])].

given #550 (T,wt=13): 22868 K(((x \ y) * z) * (z \ x),y) = 1.  [para(4(a,1),21360(a,1,2))].

given #551 (T,wt=13): 22898 K((x \ y) * ((y \ z) * x),z) = 1.  [para(4(a,1),21361(a,1,1,2,1,1))].

given #552 (T,wt=13): 23209 K(x,y * (((z \ x) \ y) \ z)) = 1.  [para(4(a,1),21454(a,1,2,1))].

given #553 (T,wt=13): 23211 K(x,(y * (z \ x)) * (y \ z)) = 1.  [para(165(a,1),21454(a,1,2,1)),rewrite([10663(6),3523(8)])].

given #554 (A,wt=19): 995 K((x * (K(y,x) * (y * z))) \ ((y * x) * z),u) = 1.  [back_rewrite(575),rewrite([936(2),179(4)])].

given #555 (T,wt=13): 23212 K(x,y * ((z \ x) * (y \ z))) = 1.  [para(196(a,1),21454(a,1,2,2)),rewrite([3523(8),3768(5)])].

given #556 (T,wt=13): 23229 K(x * (y \ z),z * (y \ x)) = 1.  [para(196(a,1),21455(a,1,2,2,1)),rewrite([10663(6),3523(8)])].

given #557 (T,wt=13): 23699 K(x,y * ((z \ y) \ (z \ x))) = 1.  [para(4(a,1),21548(a,1,1))].

given #558 (T,wt=13): 23701 K((x \ y) * z,y * (x \ z)) = 1.  [para(196(a,1),21548(a,1,2,2,1)),rewrite([10663(6),3523(8)])].

given #559 (A,wt=19): 997 K(x,(y * (K(z,y) * (z * u))) \ ((z * y) * u)) = 1.  [back_rewrite(572),rewrite([936(2),179(4)])].

given #560 (T,wt=13): 23742 K((x \ y) * (x * (y \ z)),z) = 1.  [para(196(a,1),21549(a,1,1,2,1)),rewrite([179(6),15884(8)])].

given #561 (T,wt=13): 23743 K(x * ((x \ (y \ z)) * y),z) = 1.  [para(196(a,1),21549(a,1,1,2,2)),rewrite([15526(8)])].

given #562 (T,wt=13): 23763 K(x * ((y \ z) * (x \ y)),z) = 1.  [para(4(a,1),21551(a,1,2))].

given #563 (T,wt=13): 23825 K((x \ y) * (x * z),z * y) = 1.  [para(196(a,1),21552(a,1,1,2,1)),rewrite([179(5),15884(8)])].

given #564 (A,wt=28): 1003 R(x,y,z) = ((y * z) \ ((x * y) * z)) * K(y * z,(y * z) \ ((x * y) * z)).  [back_rewrite(525),rewrite([936(12)])].

given #565 (T,wt=13): 24201 K(x * y,(z \ y) * (z * x)) = 1.  [para(21553(a,1),3995(a,1,1)),rewrite([72(7)])].

given #566 (T,wt=13): 24240 K(x,y * ((y \ (z \ x)) * z)) = 1.  [para(4(a,1),21566(a,1,1))].

given #567 (T,wt=13): 24619 K(x,(y \ z) * (y * (z \ x))) = 1.  [para(4(a,1),21748(a,1,2,2,2,1))].

given #568 (T,wt=13): 24662 K((x * (y \ z)) * (x \ y),z) = 1.  [para(4(a,1),21749(a,1,2))].

given #569 (A,wt=45): 1006 (x * ((((y \ z) * (K(y,y \ z) * (y * u))) \ (z * u)) * w)) \ ((x * (((y \ z) * (K(y,y \ z) * (y * u))) \ (z * u))) * w) = 1.  [back_rewrite(520),rewrite([936(4),179(6),936(14),179(16)])].

given #570 (T,wt=13): 24701 K(x,y * (z * (y \ (z \ x)))) = 1.  [para(196(a,1),21954(a,1,2,2)),rewrite([3523(9),3768(5)])].

Low Water (keep): wt=47.000, iters=6680

given #571 (T,wt=13): 24735 K(x,(y * z) * (y \ (z \ x))) = 1.  [para(4(a,1),21956(a,1,1))].

given #572 (T,wt=13): 25115 K(x * ((y \ x) \ (y \ z)),z) = 1.  [para(4(a,1),22417(a,1,2))].

given #573 (T,wt=13): 25117 K(x * (y \ z),(y \ x) * z) = 1.  [para(196(a,1),22417(a,1,1,2,1)),rewrite([10663(4),3725(8)])].

given #574 (A,wt=45): 1009 ((((x \ y) * (K(x,x \ y) * (x * z))) \ (y * z)) * (u * w)) \ (((((x \ y) * (K(x,x \ y) * (x * z))) \ (y * z)) * u) * w) = 1.  [back_rewrite(517),rewrite([936(4),179(6),936(14),179(16)])].

given #575 (T,wt=13): 25266 K(x * (y * (x \ (y \ z))),z) = 1.  [para(196(a,1),22494(a,1,1,2)),rewrite([3725(9),3821(5)])].

given #576 (T,wt=13): 25294 K((x * y) * (x \ (y \ z)),z) = 1.  [para(4(a,1),22495(a,1,2))].

given #577 (T,wt=13): 25378 K(x * (((y \ z) \ x) \ y),z) = 1.  [para(4(a,1),22867(a,1,2))].

given #578 (T,wt=13): 25699 K(x,y * (z \ ((z \ y) \ x))) = 1.  [para(4(a,1),23701(a,1,1))].

given #579 (A,wt=21): 1018 K(x,((y \ z) * (K(y,y \ z) * (y * u))) \ (z * u)) = 1.  [back_rewrite(500),rewrite([936(4),179(6)])].

given #580 (T,wt=13): 25706 K((x \ y) * z,(x \ z) * y) = 1.  [para(23701(a,1),3768(a,1)),flip(a)].

given #581 (T,wt=13): 26128 K(x * (y \ ((y \ x) \ z)),z) = 1.  [para(4(a,1),25117(a,1,2))].

given #582 (T,wt=15): 4021 K(x * y,z) * u = u * K(y * x,z).  [para(3821(a,1),73(a,1,1))].

given #583 (T,wt=15): 4051 K(x * y,z * u) = K(y * x,u * z).  [para(3821(a,1),3768(a,1))].

given #584 (A,wt=21): 1021 K(((x \ y) * (K(x,x \ y) * (x * z))) \ (y * z),u) = 1.  [back_rewrite(493),rewrite([936(4),179(6)])].

given #585 (T,wt=15): 5221 K(x,((y \ 1) * (K(z,u) * y)) \ x) = 1.  [para(73(a,1),3837(a,1,2)),rewrite([1802(2),179(5),73(8,R),3385(9)])].

given #586 (T,wt=15): 5468 K(((x \ 1) * (K(y,z) * x)) \ u,u) = 1.  [para(73(a,1),3840(a,1,1)),rewrite([1802(2),179(5),73(8,R),3414(9)])].

given #587 (T,wt=15): 7710 K(x,y \ (z * ((u \ z) \ (u \ y)))) = 1.  [para(4(a,1),1287(a,1,2,2,1))].

given #588 (T,wt=15): 7853 K(x \ (y * ((z \ y) \ (z \ x))),u) = 1.  [para(4(a,1),1506(a,1,1,2,1))].

given #589 (A,wt=43): 1024 (x * y) * (((z \ u) * (K(z,z \ u) * (z * w))) \ (u * w)) = x * (y * (((z \ u) * (K(z,z \ u) * (z * w))) \ (u * w))).  [back_rewrite(488),rewrite([936(5),179(7),936(14),179(16)])].

given #590 (T,wt=15): 8100 x \ (K(y,z) * u) = (x \ u) * K(y,z).  [para(73(a,2),1654(a,1,2))].

given #591 (T,wt=15): 8142 K(x \ (((y \ x) * z) * (z \ y)),u) = 1.  [back_rewrite(7869),rewrite([8100(8),73(8,R),3414(9)])].

given #592 (T,wt=11): 27096 K(x * (y \ (x \ y)),z) = 1.  [para(170(a,1),8142(a,1,1)),rewrite([3821(8),150(9),3725(10),3821(4)])].

given #593 (T,wt=11): 27113 K(x * ((x * y) \ y),z) = 1.  [para(5(a,1),27096(a,1,1,2,2))].

given #594 (A,wt=21): 1050 (x * (((y \ 1) * y) * z)) \ (x * (z * ((y \ 1) * y))) = 1.  [para(201(a,1),159(a,1,1,2,1)),rewrite([201(8)])].

given #595 (T,wt=11): 27115 K(x * ((y * x) \ y),z) = 1.  [para(170(a,1),27096(a,1,1,2,2)),rewrite([1654(4),73(4,R),3726(6)])].

given #596 (T,wt=11): 27116 K((x \ y) * (y \ x),z) = 1.  [para(196(a,1),27096(a,1,1,2,2)),rewrite([1654(5),3725(7)])].

given #597 (T,wt=11): 27121 K(x,y * (z \ (y \ z))) = 1.  [para(27096(a,1),1043(a,1,2)),rewrite([67(6)])].

given #598 (T,wt=11): 27145 K(x,y * ((y * z) \ z)) = 1.  [para(27113(a,1),1043(a,1,2)),rewrite([67(6)])].

given #599 (A,wt=21): 1051 (x * (K(y,z) * (u * w))) \ (x * (u * (w * K(y,z)))) = 1.  [para(150(a,1),159(a,1,2,2))].

given #600 (T,wt=11): 27254 K(x,y * ((z * y) \ z)) = 1.  [para(27115(a,1),1043(a,1,2)),rewrite([67(6)])].

given #601 (T,wt=11): 27301 K(x,(y \ z) * (z \ y)) = 1.  [para(27116(a,1),1043(a,1,2)),rewrite([67(6)])].

given #602 (T,wt=15): 8144 K((x * y) \ ((y * z) * (z \ x)),u) = 1.  [back_rewrite(7865),rewrite([8100(7),73(7,R),3414(8)])].

given #603 (T,wt=15): 8152 K(x,y \ (((z \ y) * u) * (u \ z))) = 1.  [back_rewrite(7727),rewrite([8100(8),73(8,R),3385(9)])].

given #604 (A,wt=17): 1058 (x * (y * K(z,x * y))) \ (z * (x * y)) = z.  [para(150(a,1),963(a,1,1))].

given #605 (T,wt=15): 8154 K(x,(y * z) \ ((z * u) * (u \ y))) = 1.  [back_rewrite(7723),rewrite([8100(7),73(7,R),3385(8)])].

given #606 (T,wt=15): 8348 K((x * (y * z)) \ ((x * z) * y),u) = 1.  [back_rewrite(2721),rewrite([8100(7),73(7,R),3414(8)])].

Low Water (keep): wt=45.000, iters=6728

given #607 (T,wt=15): 8384 K(x,(y * (z * u)) \ ((y * u) * z)) = 1.  [back_rewrite(2114),rewrite([8100(7),73(7,R),3385(8)])].

given #608 (T,wt=15): 8485 K(((x * y) * z) \ ((y * x) * z),u) = 1.  [back_rewrite(8008),rewrite([8105(7),73(7,R),3414(8)])].

given #609 (A,wt=21): 1063 (x * (y * ((z \ 1) * z))) \ (x * (((z \ 1) * z) * y)) = 1.  [para(201(a,1),183(a,1,1,2,2)),rewrite([201(8)])].

given #610 (T,wt=15): 8497 K(x \ ((y * (z \ (y \ x))) * z),u) = 1.  [back_rewrite(7860),rewrite([8105(9),73(9,R),3414(10)])].

given #611 (T,wt=15): 8499 K(x \ (((y \ z) * y) * (z \ x)),u) = 1.  [back_rewrite(7857),rewrite([8105(8),73(8,R),3414(9)])].

given #612 (T,wt=15): 8506 K(x,((y * z) * u) \ ((z * y) * u)) = 1.  [back_rewrite(7764),rewrite([8105(7),73(7,R),3385(8)])].

given #613 (T,wt=15): 8509 K(x,y \ ((z * (u \ (z \ y))) * u)) = 1.  [back_rewrite(7718),rewrite([8105(9),73(9,R),3385(10)])].

given #614 (A,wt=21): 1081 (((x \ 1) * x) * (y * z)) \ (y * (((x \ 1) * x) * z)) = 1.  [para(201(a,1),192(a,1,1,1)),rewrite([201(8)])].

given #615 (T,wt=15): 8511 K(x,y \ (((z \ u) * z) * (u \ y))) = 1.  [back_rewrite(7715),rewrite([8105(8),73(8,R),3385(9)])].

given #616 (T,wt=15): 8777 K((x * (y * z)) \ ((y * x) * z),u) = 1.  [back_rewrite(2775),rewrite([8105(7),73(7,R),3414(8)])].

given #617 (T,wt=15): 8808 K(x,(y * (z * u)) \ ((z * y) * u)) = 1.  [back_rewrite(1897),rewrite([8105(7),73(7,R),3385(8)])].

given #618 (T,wt=15): 8817 K((x * (y * (x \ z))) \ (z * y),u) = 1.  [back_rewrite(1601),rewrite([8105(8),73(8,R),3414(9)])].

given #619 (A,wt=23): 1091 ((x \ 1) * x) * (K(y,z) * u) = u * ((x \ 1) * (x * K(y,z))).  [para(822(a,1),165(a,1,2,2)),rewrite([67(7),657(12)]),flip(a)].

given #620 (T,wt=15): 8820 K(x,(y * (z * (y \ u))) \ (u * z)) = 1.  [back_rewrite(1360),rewrite([8105(8),73(8,R),3385(9)])].

given #621 (T,wt=15): 8826 K(x \ ((((y * z) \ x) * y) * z),u) = 1.  [back_rewrite(1020),rewrite([8105(10),73(10,R),3414(11)])].

Low Water (keep): wt=43.000, iters=6679

given #622 (T,wt=15): 8827 K((x * y) \ ((x * (z \ y)) * z),u) = 1.  [back_rewrite(1019),rewrite([8105(8),73(8,R),3414(9)])].

given #623 (T,wt=15): 8828 K(x,y \ ((((z * u) \ y) * z) * u)) = 1.  [back_rewrite(1017),rewrite([8105(10),73(10,R),3385(11)])].

given #624 (A,wt=23): 1096 K(x,y) * (((z \ 1) * z) * u) = u * (K(x,y) * ((z \ 1) * z)).  [para(823(a,1),165(a,1,2,2)),rewrite([67(7),650(12)]),flip(a)].

given #625 (T,wt=15): 8829 K(x,(y * z) \ ((y * (u \ z)) * u)) = 1.  [back_rewrite(1016),rewrite([8105(8),73(8,R),3385(9)])].

given #626 (T,wt=15): 8834 K(x,((y * z) * u) \ ((u * y) * z)) = 1.  [back_rewrite(998),rewrite([8105(8),73(8,R),3385(9)])].

given #627 (T,wt=15): 8835 K(((x * y) * z) \ ((z * x) * y),u) = 1.  [back_rewrite(996),rewrite([8105(8),73(8,R),3414(9)])].

given #628 (T,wt=15): 9180 K((((x * y) \ 1) * (y * x)) \ 1,z) = 1.  [para(49(a,1),8469(a,1,1,2)),rewrite([1802(7),73(9,R),3414(10)])].

given #629 (A,wt=31): 1109 (((x \ 1) * x) * y) \ ((y * (x \ 1)) * x) = (y * ((x \ 1) * x)) \ ((y * (x \ 1)) * x).  [para(206(a,2),37(a,2,1)),rewrite([37(3)]),flip(a)].

given #630 (T,wt=15): 9184 K(((((x \ y) * x) \ 1) * y) \ 1,z) = 1.  [para(89(a,1),8469(a,1,1,2)),rewrite([1802(8),73(10,R),3414(11)])].

given #631 (T,wt=15): 9215 K(x,(((y * z) \ 1) * (z * y)) \ 1) = 1.  [para(49(a,1),8471(a,1,2,2)),rewrite([1802(7),73(9,R),3385(10)])].

given #632 (T,wt=15): 9218 K(x,((((y \ z) * y) \ 1) * z) \ 1) = 1.  [para(89(a,1),8471(a,1,2,2)),rewrite([1802(8),73(10,R),3385(11)])].

given #633 (T,wt=15): 9246 K(((x \ 1) * ((y \ x) * y)) \ 1,z) = 1.  [para(48(a,1),8476(a,1,1,1,2)),rewrite([1802(8),73(10,R),3414(11)])].

given #634 (A,wt=39): 1115 ((x \ 1) * x) * (y * ((z * (u * w)) \ ((z * u) * w))) = y * ((x \ 1) * (x * ((z * (u * w)) \ ((z * u) * w)))).  [para(206(a,1),74(a,1,1)),rewrite([74(10),74(9)]),flip(a)].

Low Water (keep): wt=41.000, iters=6693

given #635 (T,wt=15): 9299 K(x,(((y \ z) * u) * y) \ (z * u)) = 1.  [para(406(a,1),230(a,1,2,1)),rewrite([8105(9),73(9,R),3385(10)])].

given #636 (T,wt=15): 9309 K((((x \ y) * z) * x) \ (y * z),u) = 1.  [para(406(a,1),249(a,1,1,1)),rewrite([8105(9),73(9,R),3414(10)])].

given #637 (T,wt=15): 9402 K(x,((y \ 1) * ((z \ y) * z)) \ 1) = 1.  [para(48(a,1),8477(a,1,2,1,2)),rewrite([1802(8),73(10,R),3385(11)])].

given #638 (T,wt=15): 9452 K(x,(((y \ (z \ 1)) * y) * z) \ 1) = 1.  [para(48(a,1),8920(a,1,2,1,1)),rewrite([1802(10),73(12,R),3385(13)])].

given #639 (A,wt=39): 1120 (x * y) * ((((z \ 1) * z) * u) \ ((u * (z \ 1)) * z)) = x * (y * ((u * ((z \ 1) * z)) \ ((u * (z \ 1)) * z))).  [para(206(a,2),74(a,1,2,1))].

given #640 (T,wt=15): 9680 K((((x \ (y \ 1)) * x) * y) \ 1,z) = 1.  [para(48(a,1),9025(a,1,1,1,1)),rewrite([1802(10),73(12,R),3414(13)])].

Low Water (keep): wt=39.000, iters=6698

given #641 (T,wt=15): 9716 K((x * (((y \ x) * y) \ 1)) \ 1,z) = 1.  [para(89(a,1),9064(a,1,1,2)),rewrite([1802(8),73(10,R),3414(11)])].

given #642 (T,wt=15): 9911 K(x,(y * (((z \ y) * z) \ 1)) \ 1) = 1.  [para(89(a,1),9174(a,1,2,2)),rewrite([1802(8),73(10,R),3385(11)])].

given #643 (T,wt=15): 10663 (x * K(y,z)) \ u = (x \ u) * K(z,y).  [para(2412(a,1),5(a,1,2)),rewrite([936(3)]),flip(a)].

given #644 (A,wt=23): 1122 ((x \ 1) * x) * (y * K(z,u)) = y * ((x \ 1) * (x * K(z,u))).  [para(206(a,1),150(a,1,1)),rewrite([150(6),150(5)]),flip(a)].

given #645 (T,wt=13): 29898 K((x \ y) \ ((x \ 1) * y),z) = 1.  [back_rewrite(13860),rewrite([29806(9),73(9,R),3414(10)])].

given #646 (T,wt=13): 29900 K(x,(y \ z) \ ((y \ 1) * z)) = 1.  [back_rewrite(13786),rewrite([29806(9),73(9,R),3385(10)])].

given #647 (T,wt=13): 29901 K((x \ ((x \ 1) \ y)) \ y,z) = 1.  [back_rewrite(13773),rewrite([29806(9),73(9,R),3414(10)])].

given #648 (T,wt=13): 29902 K(x,(y \ ((y \ 1) \ z)) \ z) = 1.  [back_rewrite(13764),rewrite([29806(9),73(9,R),3385(10)])].

given #649 (A,wt=39): 1127 ((x * (y * z)) \ ((x * y) * z)) * (u * ((w \ 1) * w)) = ((w \ 1) * w) * (((x * (y * z)) \ ((x * y) * z)) * u).  [para(206(a,1),93(a,2)),rewrite([74(9),558(10),411(20)]),flip(a)].

given #650 (T,wt=13): 30204 K(x \ ((y \ 1) * (y * x)),z) = 1.  [para(5(a,1),29898(a,1,1,1))].

given #651 (T,wt=13): 30206 K(x \ ((y \ 1) * (x * y)),z) = 1.  [para(170(a,1),29898(a,1,1,1)),rewrite([10663(7),73(7,R),3414(8)])].

given #652 (T,wt=13): 30208 K(x \ (((x \ y) \ 1) * y),z) = 1.  [para(196(a,1),29898(a,1,1,1)),rewrite([10663(8),73(8,R),3414(9)])].

given #653 (T,wt=13): 30220 K(x,y \ ((z \ 1) * (z * y))) = 1.  [para(5(a,1),29900(a,1,2,1))].

given #654 (A,wt=23): 1130 K(x,y) * (z * ((u \ 1) * u)) = ((u \ 1) * u) * (K(x,y) * z).  [para(206(a,1),179(a,2)),rewrite([150(5),657(6),411(12)]),flip(a)].

given #655 (T,wt=13): 30221 K(x,y \ ((z \ 1) * (y * z))) = 1.  [para(170(a,1),29900(a,1,2,1)),rewrite([10663(7),73(7,R),3385(8)])].

given #656 (T,wt=13): 30223 K(x,y \ (((y \ z) \ 1) * z)) = 1.  [para(196(a,1),29900(a,1,2,1)),rewrite([10663(8),73(8,R),3385(9)])].

given #657 (T,wt=15): 10713 K(((x \ y) * z) \ (y * (x \ z)),u) = 1.  [back_rewrite(8016),rewrite([10663(6),8105(8),73(8,R),3414(9)])].

given #658 (T,wt=15): 10715 K(x,((y \ z) * u) \ (z * (y \ u))) = 1.  [back_rewrite(7773),rewrite([10663(6),8105(8),73(8,R),3385(9)])].

given #659 (A,wt=23): 1186 ((x \ 1) * ((y \ x) * y)) * z = z * ((x \ 1) * ((y \ x) * y)).  [para(1092(a,1),165(a,1,2,2)),rewrite([67(7)]),flip(a)].

given #660 (T,wt=15): 10739 K((x * y) \ ((z * x) * (z \ y)),u) = 1.  [back_rewrite(1510),rewrite([10663(5),8105(7),73(7,R),3414(8)])].

given #661 (T,wt=15): 10746 K(x,(y * z) \ ((u * y) * (u \ z))) = 1.  [back_rewrite(1293),rewrite([10663(5),8105(7),73(7,R),3385(8)])].

given #662 (T,wt=15): 12627 K(x,y * z) * u = K(x,z * y) * u.  [para(3768(a,1),2485(a,1,2,1)),rewrite([2485(5)])].

given #663 (T,wt=15): 12628 K(x * y,z) * u = K(y * x,z) * u.  [para(3821(a,1),2485(a,1,2,1)),rewrite([2485(5)])].

given #664 (A,wt=23): 1196 (((x \ 1) * (K(y,z) * x)) \ u) * ((x \ 1) * (K(y,z) * x)) = u.  [para(1141(a,1),48(a,1,2)),rewrite([67(2)]),flip(a)].

given #665 (T,wt=15): 13234 (K(x,y) * z) \ u = (z \ u) * K(y,x).  [para(4(a,1),2624(a,1,2))].

given #666 (T,wt=15): 14831 K((x * ((y \ z) * (x \ y))) \ z,u) = 1.  [para(4(a,1),3369(a,1,1,1,2,1,1))].

given #667 (T,wt=15): 15370 K(x,(y * ((z \ u) * (y \ z))) \ u) = 1.  [para(4(a,1),3510(a,1,2,1,2,1,1))].

given #668 (T,wt=15): 15419 K(x,y * ((z \ u) * z)) = K(x,y * u).  [para(48(a,1),3523(a,1,2,2))].

given #669 (A,wt=19): 1204 (((x \ 1) * x) * y) * z = ((x \ 1) * x) * (y * z).  [para(201(a,1),211(a,1,1,1)),rewrite([201(8)])].

given #670 (T,wt=15): 15525 K(x * ((y \ z) * y),u) = K(x * z,u).  [para(48(a,1),3725(a,1,1,2))].

given #671 (T,wt=15): 19072 K(x * ((x \ 1) * (y * z)),z * y) = 1.  [para(18237(a,1),3768(a,1)),flip(a)].

given #672 (T,wt=15): 19076 K(x * y,z * ((z \ 1) * (y * x))) = 1.  [para(18237(a,1),3995(a,1,1)),rewrite([72(9)])].

given #673 (T,wt=15): 19090 (x * y) * (K(y,x) * z) = (y * x) * z.  [para(5(a,1),649(a,1,2,1,1)),rewrite([5(6)])].

given #674 (A,wt=23): 1217 (((x \ 1) * ((y \ x) * y)) \ z) * ((x \ 1) * ((y \ x) * y)) = z.  [para(1143(a,1),48(a,1,2)),rewrite([67(2)]),flip(a)].

given #675 (T,wt=15): 19636 K(x * y,z * (((y * x) \ z) \ 1)) = 1.  [para(18256(a,1),3821(a,1)),flip(a)].

given #676 (T,wt=15): 19638 K(x * (((y * z) \ x) \ 1),z * y) = 1.  [para(18256(a,1),3995(a,1,2)),rewrite([67(9)])].

given #677 (T,wt=15): 20289 K(x * y,((z \ (y * x)) \ 1) \ z) = 1.  [para(19926(a,1),3821(a,1)),flip(a)].

given #678 (T,wt=15): 20291 K(((x \ (y * z)) \ 1) \ x,z * y) = 1.  [para(19926(a,1),3995(a,1,2)),rewrite([67(9)])].

given #679 (A,wt=23): 1236 (((x * y) \ 1) * (y * x)) * z = z * (((x * y) \ 1) * (y * x)).  [para(1185(a,1),165(a,1,2,2)),rewrite([67(7)]),flip(a)].

given #680 (T,wt=15): 21030 K(x * y,z \ ((z \ 1) \ (y * x))) = 1.  [para(20169(a,1),3821(a,1)),flip(a)].

given #681 (T,wt=15): 21032 K(x \ ((x \ 1) \ (y * z)),z * y) = 1.  [para(20169(a,1),3995(a,1,2)),rewrite([67(9)])].

given #682 (T,wt=15): 21041 K(x * y,(z \ 1) \ (z \ (y * x))) = 1.  [para(20186(a,1),3821(a,1)),flip(a)].

given #683 (T,wt=15): 21043 K((x \ 1) \ (x \ (y * z)),z * y) = 1.  [para(20186(a,1),3995(a,1,2)),rewrite([67(9)])].

given #684 (A,wt=23): 1271 ((((x * y) \ 1) * (y * x)) \ z) * (((x * y) \ 1) * (y * x)) = z.  [para(1216(a,1),48(a,1,2)),rewrite([67(2)]),flip(a)].

given #685 (T,wt=15): 23824 K(x * ((x \ 1) * ((y \ z) * y)),z) = 1.  [para(48(a,1),21552(a,1,2)),rewrite([1802(3),179(6),73(5),48(5),3768(9),4(8)])].

given #686 (T,wt=15): 25033 K(x,y * (z * u)) = K(x,y * (u * z)).  [para(932(a,1),3555(a,1,2,2)),rewrite([15422(5),15422(8)])].

given #687 (T,wt=15): 25035 K(x * (y * z),u) = K(x * (z * y),u).  [para(932(a,1),3726(a,1,1,2)),rewrite([15526(5),15526(8)])].

given #688 (T,wt=15): 26287 K(x,((y \ z) * (y * u)) \ (z * u)) = 1.  [para(645(a,2),1018(a,1,2,1)),rewrite([13234(8),73(8,R),3385(9)])].

given #689 (A,wt=27): 1291 ((x * y) \ ((x * z) * (z \ y))) * u = u * ((x * y) \ ((x * z) * (z \ y))).  [para(229(a,1),165(a,1,2,2)),rewrite([67(7)])].

given #690 (T,wt=15): 26496 K(((x \ y) * (x * z)) \ (y * z),u) = 1.  [para(645(a,2),1021(a,1,1,1)),rewrite([13234(8),73(8,R),3414(9)])].

given #691 (T,wt=15): 26561 K(x,(((y \ (z \ 1)) * y) * z) \ x) = 1.  [para(649(a,1),5221(a,1,2,1))].

given #692 (T,wt=15): 26575 K((((x \ (y \ 1)) * x) * y) \ z,z) = 1.  [para(649(a,1),5468(a,1,1,1))].

given #693 (T,wt=15): 26976 K(x \ (y * (((z \ x) \ y) \ z)),u) = 1.  [back_rewrite(26608),rewrite([26871(8),73(8,R),3414(9)])].

given #694 (A,wt=27): 1294 (((x * y) \ ((x * z) * (z \ y))) \ u) * ((x * y) \ ((x * z) * (z \ y))) = u.  [para(229(a,1),48(a,1,2)),rewrite([67(2)]),flip(a)].

given #695 (T,wt=15): 26983 K(x,y \ (z * (((u \ y) \ z) \ u))) = 1.  [back_rewrite(26582),rewrite([26871(8),73(8,R),3385(9)])].

given #696 (T,wt=15): 27065 K((x * y) \ (z * ((y \ z) \ x)),u) = 1.  [back_rewrite(9638),rewrite([26871(11),8105(9),73(9,R),10667(9),73(7,R),3414(8)])].

given #697 (T,wt=15): 27066 K(x,(y * z) \ (u * ((z \ u) \ y))) = 1.  [back_rewrite(9631),rewrite([26871(11),8105(9),73(9,R),10667(9),73(7,R),3385(8)])].

given #698 (T,wt=15): 27092 K(x \ (((y * z) \ x) * (z * y)),u) = 1.  [para(49(a,1),8142(a,1,1,2,2)),rewrite([73(6,R),8100(7),73(7,R),3414(8)])].

given #699 (A,wt=39): 1297 K(x,(y * (z * ((u * (w * v5)) \ ((u * w) * v5)))) \ (((y * z) * v6) * (v6 \ ((u * (w * v5)) \ ((u * w) * v5))))) = 1.  [para(74(a,1),229(a,1,2,1))].

given #700 (T,wt=15): 27094 K(x \ ((y * (z \ x)) * (y \ z)),u) = 1.  [para(165(a,1),8142(a,1,1,2,1)),rewrite([10663(6),8105(8),73(8,R),3414(9)])].

given #701 (T,wt=15): 27095 K(x \ ((((y * z) \ x) * z) * y),u) = 1.  [para(170(a,1),8142(a,1,1,2,2)),rewrite([8105(7),73(7,R),3414(8)])].

given #702 (T,wt=15): 27098 K(x \ (((y \ x) * (z \ y)) * z),u) = 1.  [para(196(a,1),8142(a,1,1,2,2)),rewrite([8105(8),73(8,R),3414(9)])].

given #703 (T,wt=15): 27283 K(x * ((((y \ z) * y) * x) \ z),u) = 1.  [para(649(a,1),27115(a,1,1,2,1)),rewrite([211(8),3414(9)])].

given #704 (A,wt=23): 1319 (x \ ((x * y) * (y \ 1))) * z = z * (x \ ((x * y) * (y \ 1))).  [para(1289(a,1),165(a,1,2,2)),rewrite([67(7)])].

given #705 (T,wt=15): 27471 K(x,y * ((((z \ u) * z) * y) \ u)) = 1.  [para(649(a,1),27254(a,1,2,2,1)),rewrite([211(8),3385(9)])].

given #706 (T,wt=15): 27489 K((x * y) \ ((z * y) * (z \ x)),u) = 1.  [para(165(a,1),8144(a,1,1,2,1)),rewrite([10663(5),8105(7),73(7,R),3414(8)])].

given #707 (T,wt=15): 27490 K(((x * y) * z) \ ((z * y) * x),u) = 1.  [para(170(a,1),8144(a,1,1,2,2)),rewrite([8105(7),73(7,R),3414(8)])].

given #708 (T,wt=15): 27492 K((x * y) \ ((y * (z \ x)) * z),u) = 1.  [para(196(a,1),8144(a,1,1,2,2)),rewrite([8105(8),73(8,R),3414(9)])].

given #709 (A,wt=23): 1321 ((x \ ((x * y) * (y \ 1))) \ z) * (x \ ((x * y) * (y \ 1))) = z.  [para(1289(a,1),48(a,1,2)),rewrite([67(2)]),flip(a)].

given #710 (T,wt=15): 27544 K(x,y \ (((z * u) \ y) * (u * z))) = 1.  [para(49(a,1),8152(a,1,2,2,2)),rewrite([73(6,R),8100(7),73(7,R),3385(8)])].

given #711 (T,wt=15): 27545 K(x,y \ ((z * (u \ y)) * (z \ u))) = 1.  [para(165(a,1),8152(a,1,2,2,1)),rewrite([10663(6),8105(8),73(8,R),3385(9)])].

given #712 (T,wt=15): 27546 K(x,y \ ((((z * u) \ y) * u) * z)) = 1.  [para(170(a,1),8152(a,1,2,2,2)),rewrite([8105(7),73(7,R),3385(8)])].

given #713 (T,wt=15): 27548 K(x,y \ (((z \ y) * (u \ z)) * u)) = 1.  [para(196(a,1),8152(a,1,2,2,2)),rewrite([8105(8),73(8,R),3385(9)])].

given #714 (A,wt=23): 1332 (x \ (y * ((x \ y) \ 1))) * z = z * (x \ (y * ((x \ y) \ 1))).  [para(1318(a,1),165(a,1,2,2)),rewrite([67(7)])].

given #715 (T,wt=15): 27658 K(x,(y * z) \ ((u * z) * (u \ y))) = 1.  [para(165(a,1),8154(a,1,2,2,1)),rewrite([10663(5),8105(7),73(7,R),3385(8)])].

given #716 (T,wt=15): 27659 K(x,((y * z) * u) \ ((u * z) * y)) = 1.  [para(170(a,1),8154(a,1,2,2,2)),rewrite([8105(7),73(7,R),3385(8)])].

given #717 (T,wt=15): 27661 K(x,(y * z) \ ((z * (u \ y)) * u)) = 1.  [para(196(a,1),8154(a,1,2,2,2)),rewrite([8105(8),73(8,R),3385(9)])].

given #718 (T,wt=15): 27834 K((x * (y * z)) \ (x * (z * y)),u) = 1.  [para(165(a,1),8485(a,1,1,1)),rewrite([3983(7)])].

given #719 (A,wt=23): 1333 ((x \ (y * ((x \ y) \ 1))) \ z) * (x \ (y * ((x \ y) \ 1))) = z.  [para(1318(a,1),48(a,1,2)),rewrite([67(2)]),flip(a)].

given #720 (T,wt=15): 27958 K((x * y) \ (((z \ y) * z) * x),u) = 1.  [para(170(a,1),8499(a,1,1,2,2)),rewrite([8105(7),73(7,R),3414(8)])].

given #721 (T,wt=15): 27961 K(x \ (((y \ (z \ x)) * y) * z),u) = 1.  [para(196(a,1),8499(a,1,1,2,2)),rewrite([8105(8),73(8,R),3414(9)])].

given #722 (T,wt=15): 27978 K(x,(y * (z * u)) \ (y * (u * z))) = 1.  [para(165(a,1),8506(a,1,2,1)),rewrite([3983(7)])].

given #723 (T,wt=15): 28110 K(x,(y * z) \ (((u \ z) * u) * y)) = 1.  [para(170(a,1),8511(a,1,2,2,2)),rewrite([8105(7),73(7,R),3385(8)])].

given #724 (A,wt=37): 1337 K(x,y \ (((z * (u * w)) \ ((z * u) * w)) * (v5 * ((y \ (((z * (u * w)) \ ((z * u) * w)) * v5)) \ 1)))) = 1.  [para(133(a,1),1318(a,1,2,2))].

given #725 (T,wt=15): 28113 K(x,y \ (((z \ (u \ y)) * z) * u)) = 1.  [para(196(a,1),8511(a,1,2,2,2)),rewrite([8105(8),73(8,R),3385(9)])].

given #726 (T,wt=15): 28128 K((x * (y * ((y * x) \ z))) \ z,u) = 1.  [para(4(a,1),8777(a,1,1,2))].

given #727 (T,wt=15): 28130 K((x * (y * z)) \ ((z * x) * y),u) = 1.  [para(165(a,1),8777(a,1,1,1,2)),rewrite([8105(7),73(7,R),3414(8)])].

given #728 (T,wt=15): 28133 K((x * ((y \ z) * y)) \ (z * x),u) = 1.  [para(48(a,1),8777(a,1,1,1,2)),rewrite([150(7),8105(8),73(8,R),3414(9)])].

given #729 (A,wt=19): 1346 (x \ ((x * y) * (y \ 1))) * x = (x * y) * (y \ 1).  [para(1328(a,1),48(a,1,2)),rewrite([67(6)]),flip(a)].

given #730 (T,wt=15): 28157 K(((x * y) * z) \ ((x * z) * y),u) = 1.  [para(406(a,1),8777(a,1,1,1)),rewrite([8105(8),73(8,R),3414(9)])].

given #731 (T,wt=15): 28202 K(x,(y * (z * ((z * y) \ u))) \ u) = 1.  [para(4(a,1),8808(a,1,2,2))].

given #732 (T,wt=15): 28203 K(x,(y * (z * u)) \ ((u * y) * z)) = 1.  [para(165(a,1),8808(a,1,2,1,2)),rewrite([8105(7),73(7,R),3385(8)])].

given #733 (T,wt=15): 28206 K(x,(y * ((z \ u) * z)) \ (u * y)) = 1.  [para(48(a,1),8808(a,1,2,1,2)),rewrite([150(7),8105(8),73(8,R),3385(9)])].

given #734 (A,wt=27): 1359 ((x * ((x \ y) * z)) \ (y * z)) * u = u * ((x * ((x \ y) * z)) \ (y * z)).  [para(230(a,1),165(a,1,2,2)),rewrite([67(7)])].

given #735 (T,wt=15): 28228 K(x,((y * z) * u) \ ((y * u) * z)) = 1.  [para(406(a,1),8808(a,1,2,1)),rewrite([8105(8),73(8,R),3385(9)])].

given #736 (T,wt=15): 28325 K((((x \ y) * x) * (y \ z)) \ z,u) = 1.  [para(649(a,1),8817(a,1,1,1)),rewrite([1654(8),73(8,R),3414(9)])].

given #737 (T,wt=15): 28603 K(x,(((y \ z) * y) * (z \ u)) \ u) = 1.  [para(649(a,1),8820(a,1,2,1)),rewrite([1654(8),73(8,R),3385(9)])].

given #738 (T,wt=15): 28926 K(x,((y * ((z * y) \ u)) * z) \ u) = 1.  [para(4(a,1),8834(a,1,2,2))].

given #739 (A,wt=19): 1361 K(x,(y * ((y \ z) * (u * K(u,z)))) \ (u * z)) = 1.  [para(165(a,1),230(a,1,2,2))].

given #740 (T,wt=15): 28982 K(((x * ((y * x) \ z)) * y) \ z,u) = 1.  [para(4(a,1),8835(a,1,1,2))].

given #741 (T,wt=15): 29105 K(x,y * (((y * (z \ 1)) * z) \ 1)) = 1.  [para(1109(a,2),3474(a,1,2,2)),rewrite([12813(21),19256(22),72(19),16598(18),3768(8)])].

given #742 (T,wt=15): 29106 K(x * (((x * (y \ 1)) * y) \ 1),z) = 1.  [para(1109(a,1),4055(a,1,1,2,2)),rewrite([1204(21),19263(22),72(19),16737(18)])].

given #743 (T,wt=15): 29169 K(x,y * (((y * (z \ 1)) * z) \ x)) = 1.  [para(1109(a,2),21454(a,1,2,2)),rewrite([12813(20),19256(21),72(18),16598(17),3768(7)])].

given #744 (A,wt=27): 1362 (((x * ((x \ y) * z)) \ (y * z)) \ u) * ((x * ((x \ y) * z)) \ (y * z)) = u.  [para(230(a,1),48(a,1,2)),rewrite([67(2)]),flip(a)].

given #745 (T,wt=15): 29200 K(x * (((x * (y \ 1)) * y) \ z),z) = 1.  [para(1109(a,1),22898(a,1,1,1)),rewrite([16756(21),3821(11),1204(10),19263(11),72(8)])].

given #746 (T,wt=15): 29417 K(x,(((y \ z) * (z \ u)) * y) \ u) = 1.  [para(4(a,1),9299(a,1,2,2))].

given #747 (T,wt=15): 29418 K(x,(y * (z * u)) \ ((u * z) * y)) = 1.  [para(49(a,1),9299(a,1,2,1,1,1)),rewrite([211(4),13234(7),73(7,R),3385(8)])].

given #748 (T,wt=15): 29420 K(x,((y * (z \ u)) * z) \ (u * y)) = 1.  [para(165(a,1),9299(a,1,2,1,1)),rewrite([8105(8),73(8,R),3385(9)])].

given #749 (A,wt=19): 1388 (x \ (y * ((x \ y) \ 1))) * x = y * ((x \ y) \ 1).  [para(1340(a,1),48(a,1,2)),rewrite([67(6)]),flip(a)].

given #750 (T,wt=15): 29424 K(x,((y * z) * (y \ u)) \ (u * z)) = 1.  [para(196(a,1),9299(a,1,2,1,1,1)),rewrite([179(4),2529(6),13234(8),73(8,R),3385(9)])].

given #751 (T,wt=15): 29493 K((((x \ y) * (y \ z)) * x) \ z,u) = 1.  [para(4(a,1),9309(a,1,1,2))].

given #752 (T,wt=15): 29494 K((x * (y * z)) \ ((z * y) * x),u) = 1.  [para(49(a,1),9309(a,1,1,1,1,1)),rewrite([211(4),13234(7),73(7,R),3414(8)])].

given #753 (T,wt=15): 29495 K(((x * (y \ z)) * y) \ (z * x),u) = 1.  [para(165(a,1),9309(a,1,1,1,1)),rewrite([8105(8),73(8,R),3414(9)])].

given #754 (A,wt=23): 1399 ((x * ((x \ 1) * y)) \ y) * z = z * ((x * ((x \ 1) * y)) \ y).  [para(1355(a,1),165(a,1,2,2)),rewrite([67(7)])].

given #755 (T,wt=15): 29499 K(((x * y) * (x \ z)) \ (z * y),u) = 1.  [para(196(a,1),9309(a,1,1,1,1,1)),rewrite([179(4),2529(6),13234(8),73(8,R),3414(9)])].

given #756 (T,wt=15): 29914 K(((x * y) * z) \ (y * (z * x)),u) = 1.  [back_rewrite(28983),rewrite([29808(8),73(8,R),3414(9)])].

given #757 (T,wt=15): 29916 K(x,((y * z) * u) \ (z * (u * y))) = 1.  [back_rewrite(28928),rewrite([29808(8),73(8,R),3385(9)])].

given #758 (T,wt=15): 29923 K(x,(((y * z) \ u) * (z * y)) \ u) = 1.  [back_rewrite(25032),rewrite([29808(4),179(8),950(7)])].

given #759 (A,wt=23): 1401 (((x * ((x \ 1) * y)) \ y) \ z) * ((x * ((x \ 1) * y)) \ y) = z.  [para(1355(a,1),48(a,1,2)),rewrite([67(2)]),flip(a)].

given #760 (T,wt=15): 29924 K((((x * y) \ z) * (y * x)) \ z,u) = 1.  [back_rewrite(25031),rewrite([29808(4),179(8),950(7)])].

given #761 (T,wt=15): 29943 K((x * y) \ ((z \ y) * (x * z)),u) = 1.  [back_rewrite(2948),rewrite([29808(9),73(9,R),3414(10)])].

given #762 (T,wt=15): 29944 K(x,(y * z) \ ((u \ z) * (y * u))) = 1.  [back_rewrite(2212),rewrite([29808(9),73(9,R),3385(10)])].

given #763 (T,wt=15): 29968 K((x \ ((x * (y \ 1)) * y)) \ z,z) = 1.  [back_rewrite(29766),rewrite([29819(9),13234(10),201(9),3821(11),19263(11),72(8)])].

given #764 (A,wt=23): 1414 ((x * y) \ ((x \ 1) \ y)) * z = z * ((x * y) \ ((x \ 1) \ y)).  [para(1397(a,1),165(a,1,2,2)),rewrite([67(7)])].

given #765 (T,wt=15): 29969 K(x,(y \ ((y * (z \ 1)) * z)) \ x) = 1.  [back_rewrite(29765),rewrite([29819(9),13234(10),201(9),3768(11),19256(11),72(8)])].

given #766 (T,wt=15): 29978 K(x,(y \ ((y * (z \ 1)) * z)) * x) = 1.  [back_rewrite(29752),rewrite([29819(9),211(10),3385(11)])].

given #767 (T,wt=15): 29988 K((x \ ((x * (y \ 1)) * y)) * z,z) = 1.  [back_rewrite(29741),rewrite([29819(9),211(10),3414(11)])].

given #768 (T,wt=15): 30098 K((x \ ((x * (y \ 1)) * y)) \ 1,z) = 1.  [back_rewrite(29096),rewrite([29819(9),13234(11),201(10),3821(12),19263(12),72(9)])].

given #769 (A,wt=23): 1416 (((x * y) \ ((x \ 1) \ y)) \ z) * ((x * y) \ ((x \ 1) \ y)) = z.  [para(1397(a,1),48(a,1,2)),rewrite([67(2)]),flip(a)].

given #770 (T,wt=15): 30099 K(x,(y \ ((y * (z \ 1)) * z)) \ 1) = 1.  [back_rewrite(29095),rewrite([29819(9),13234(11),201(10),3768(12),19256(12),72(9)])].

given #771 (T,wt=15): 30540 K(x \ (y * (z \ ((z \ y) \ x))),u) = 1.  [para(4(a,1),10713(a,1,1,1))].

given #772 (T,wt=15): 30542 K((x * (y \ z)) \ (z * (y \ x)),u) = 1.  [para(165(a,1),10713(a,1,1,1)),rewrite([1654(6),8105(8),73(8,R),3414(9)])].

given #773 (T,wt=15): 30543 K(((x \ y) * (z * x)) \ (y * z),u) = 1.  [para(170(a,1),10713(a,1,1,2,2)),rewrite([8105(7),73(7,R),3414(8)])].

given #774 (A,wt=19): 1432 ((x * ((x \ 1) * y)) \ y) * (x * ((x \ 1) * y)) = y.  [para(1409(a,1),48(a,1,2)),rewrite([67(2)]),flip(a)].

given #775 (T,wt=15): 30546 K((((x \ y) \ z) * y) \ (z * x),u) = 1.  [para(196(a,1),10713(a,1,1,2,2)),rewrite([8105(8),73(8,R),3414(9)])].

given #776 (T,wt=15): 30589 K(x,y \ (z * (u \ ((u \ z) \ y)))) = 1.  [para(4(a,1),10715(a,1,2,1))].

given #777 (T,wt=15): 30590 K(x,(y * (z \ u)) \ (u * (z \ y))) = 1.  [para(165(a,1),10715(a,1,2,1)),rewrite([1654(6),8105(8),73(8,R),3385(9)])].

given #778 (T,wt=15): 30591 K(x,((y \ z) * (u * y)) \ (z * u)) = 1.  [para(170(a,1),10715(a,1,2,2,2)),rewrite([8105(7),73(7,R),3385(8)])].

given #779 (A,wt=27): 1442 ((x * (y * ((x * y) \ z))) \ z) * u = u * ((x * (y * ((x * y) \ z))) \ z).  [para(231(a,1),165(a,1,2,2)),rewrite([67(7)])].

given #780 (T,wt=15): 30594 K(x,(((y \ z) \ u) * z) \ (u * y)) = 1.  [para(196(a,1),10715(a,1,2,2,2)),rewrite([8105(8),73(8,R),3385(9)])].

given #781 (T,wt=15): 30779 K(x \ ((y * z) * (y \ (z \ x))),u) = 1.  [para(4(a,1),10739(a,1,1,1))].

given #782 (T,wt=15): 30783 K((x * y) \ (((z \ y) * x) * z),u) = 1.  [para(196(a,1),10739(a,1,1,2,2)),rewrite([8105(8),73(8,R),3414(9)])].

given #783 (T,wt=15): 30844 K(x,y \ ((z * u) * (z \ (u \ y)))) = 1.  [para(4(a,1),10746(a,1,2,1))].

given #784 (A,wt=27): 1444 (((x * (y * ((x * y) \ z))) \ z) \ u) * ((x * (y * ((x * y) \ z))) \ z) = u.  [para(231(a,1),48(a,1,2)),rewrite([67(2)]),flip(a)].

given #785 (T,wt=15): 30847 K(x,(y * z) \ (((u \ z) * y) * u)) = 1.  [para(196(a,1),10746(a,1,2,2,2)),rewrite([8105(8),73(8,R),3385(9)])].

given #786 (T,wt=15): 31166 K((((x \ y) * z) * x) \ (z * y),u) = 1.  [back_rewrite(29496),rewrite([31037(7),73(7,R),3414(8)])].

given #787 (T,wt=15): 31167 K(x,(((y \ z) * u) * y) \ (u * z)) = 1.  [back_rewrite(29421),rewrite([31037(7),73(7,R),3385(8)])].

given #788 (T,wt=15): 31247 K(((x \ y) * ((z \ x) * z)) \ y,u) = 1.  [back_rewrite(26471),rewrite([31037(8),73(8,R),3414(9)])].

given #789 (A,wt=23): 1458 (x \ ((y \ 1) \ (y \ x))) * z = z * (x \ ((y \ 1) \ (y \ x))).  [para(1412(a,1),165(a,1,2,2)),rewrite([67(7)])].

given #790 (T,wt=15): 31276 K(x,((y \ z) * ((u \ y) * u)) \ z) = 1.  [back_rewrite(26262),rewrite([31037(8),73(8,R),3385(9)])].

given #791 (T,wt=15): 31326 K((x * ((x \ (y \ z)) * y)) \ z,u) = 1.  [back_rewrite(8079),rewrite([31037(8),73(8,R),3414(9)])].

given #792 (T,wt=15): 31327 K(((x \ y) * (x * (y \ z))) \ z,u) = 1.  [back_rewrite(8078),rewrite([31037(8),73(8,R),3414(9)])].

given #793 (T,wt=15): 31328 K(x,(y * ((y \ (z \ u)) * z)) \ u) = 1.  [back_rewrite(7835),rewrite([31037(8),73(8,R),3385(9)])].

given #794 (A,wt=23): 1459 ((x \ ((y \ 1) \ (y \ x))) \ z) * (x \ ((y \ 1) \ (y \ x))) = z.  [para(1412(a,1),48(a,1,2)),rewrite([67(2)]),flip(a)].

given #795 (T,wt=15): 31329 K(x,((y \ z) * (y * (z \ u))) \ u) = 1.  [back_rewrite(7834),rewrite([31037(8),73(8,R),3385(9)])].

given #796 (T,wt=15): 32228 K(x,(y * z) * u) = K(x,y * (z * u)).  [para(1127(a,2),15419(a,1,2)),rewrite([411(11),411(10),10054(12),9338(7),32179(10),19256(10),72(7)])].

given #797 (T,wt=15): 32242 K(x,y * (z * u)) = K(x,u * (y * z)).  [back_rewrite(18035),rewrite([32228(3),32165(12)])].

given #798 (T,wt=15): 32450 K(x * y,(z \ 1) * (y * (x * z))) = 1.  [back_rewrite(18269),rewrite([32179(7)])].

given #799 (A,wt=19): 1479 ((x * y) \ ((x \ 1) \ y)) * (x * y) = (x \ 1) \ y.  [para(1426(a,1),48(a,1,2)),rewrite([67(5)]),flip(a)].

given #800 (T,wt=13): 41963 K(x * ((x * y) \ 1),y \ 1) = 1.  [para(206(a,2),32450(a,1,2)),rewrite([3768(13),15419(13),67(8)])].

given #801 (T,wt=13): 42003 K(x * ((y * x) \ 1),y \ 1) = 1.  [para(1236(a,2),32450(a,1,2)),rewrite([3768(13),41748(13)])].

given #802 (T,wt=13): 42070 K(x * (y \ 1),(x \ y) \ 1) = 1.  [para(4(a,1),41963(a,1,1,2,1))].

given #803 (T,wt=13): 42072 K(x * ((x * (y \ 1)) \ 1),y) = 1.  [para(196(a,1),41963(a,1,2)),rewrite([3334(11)])].

given #804 (A,wt=19): 1491 (x \ ((y \ 1) \ (y \ x))) * x = (y \ 1) \ (y \ x).  [para(1466(a,1),48(a,1,2)),rewrite([67(6)]),flip(a)].

given #805 (T,wt=13): 42075 K(x \ 1,y * ((y * x) \ 1)) = 1.  [para(41963(a,1),1043(a,1,2)),rewrite([67(9)])].

given #806 (T,wt=13): 42089 K((x * y) \ 1,(y * x) \ 1) = 1.  [para(932(a,1),41963(a,1,1,2,1)),rewrite([29808(6),29808(12),3334(13),3725(11),3414(9)])].

given #807 (T,wt=13): 42102 K((x \ y) * (y \ 1),x \ 1) = 1.  [para(4(a,1),42003(a,1,1,2,1))].

given #808 (T,wt=13): 42104 K(x * (((y \ 1) * x) \ 1),y) = 1.  [para(196(a,1),42003(a,1,2)),rewrite([3334(11)])].

given #809 (A,wt=23): 1511 ((x * y) \ ((x * z) * (z \ y))) * (x * y) = (x * z) * (z \ y).  [para(248(a,1),48(a,1,2)),rewrite([67(5)]),flip(a)].

given #810 (T,wt=13): 42107 K(x \ 1,y * ((x * y) \ 1)) = 1.  [para(42003(a,1),1043(a,1,2)),rewrite([67(9)])].

given #811 (T,wt=13): 42133 K(x * y,(x \ (y \ 1)) \ 1) = 1.  [para(196(a,1),42070(a,1,1,2)),rewrite([3725(11)])].

given #812 (T,wt=13): 42136 K((x \ y) \ 1,x * (y \ 1)) = 1.  [para(42070(a,1),1043(a,1,2)),rewrite([67(9)])].

given #813 (T,wt=13): 42137 K((x \ 1) * y,(y \ x) \ 1) = 1.  [para(42070(a,1),3821(a,1)),flip(a)].

given #814 (A,wt=39): 1543 ((x * (y * (z * K(z,x * y)))) \ (z * (x * y))) * u = u * ((x * (y * (z * K(z,x * y)))) \ (z * (x * y))).  [para(165(a,1),235(a,1,1,2)),rewrite([165(19)])].

given #815 (T,wt=13): 42139 K((x \ y) \ 1,(y \ 1) * x) = 1.  [para(42070(a,1),3995(a,1,2)),rewrite([67(9)])].

given #816 (T,wt=13): 42153 K(x,y * ((y * (x \ 1)) \ 1)) = 1.  [para(42072(a,1),1043(a,1,2)),rewrite([67(9)])].

given #817 (T,wt=13): 42279 K(x * (y \ (x \ 1)),y \ 1) = 1.  [para(196(a,1),42102(a,1,1,2)),rewrite([3821(11),179(8),3726(11)])].

given #818 (T,wt=13): 42280 K(((x \ 1) \ y) * (y \ 1),x) = 1.  [para(196(a,1),42102(a,1,2)),rewrite([3334(11)])].

given #819 (A,wt=19): 1602 K((x * ((x \ y) * (z * K(z,y)))) \ (z * y),u) = 1.  [para(165(a,1),249(a,1,1,2))].

given #820 (T,wt=13): 42283 K(x \ 1,(x \ y) * (y \ 1)) = 1.  [para(42102(a,1),1043(a,1,2)),rewrite([67(9)])].

given #821 (T,wt=13): 42284 K((x \ 1) * (y \ x),y \ 1) = 1.  [para(42102(a,1),3821(a,1)),flip(a)].

given #822 (T,wt=13): 42285 K(x \ 1,(y \ 1) * (x \ y)) = 1.  [para(42102(a,1),3995(a,1,2)),rewrite([67(9)])].

given #823 (T,wt=13): 42293 K(x,y * (((x \ 1) * y) \ 1)) = 1.  [para(42104(a,1),1043(a,1,2)),rewrite([67(9)])].

given #824 (A,wt=23): 1603 ((x * ((x \ y) * z)) \ (y * z)) * (x * ((x \ y) * z)) = y * z.  [para(249(a,1),48(a,1,2)),rewrite([67(3)]),flip(a)].

given #825 (T,wt=13): 42408 K(x,(y \ ((y \ x) \ 1)) \ 1) = 1.  [para(4(a,1),42133(a,1,1))].

given #826 (T,wt=13): 42410 K(x * y,(y \ (x \ 1)) \ 1) = 1.  [para(165(a,1),42133(a,1,1)),rewrite([10663(5),1654(6),73(6,R),13234(8),73(8,R),3385(9)])].

given #827 (T,wt=13): 42413 K((x \ (y \ 1)) \ 1,x * y) = 1.  [para(42133(a,1),1043(a,1,2)),rewrite([67(9)])].

given #828 (T,wt=13): 42417 K((x \ (y \ 1)) \ 1,y * x) = 1.  [para(42133(a,1),3995(a,1,2)),rewrite([67(9)])].

given #829 (A,wt=23): 1636 ((x * (y * ((x * y) \ z))) \ z) * (x * (y * ((x * y) \ z))) = z.  [para(250(a,1),48(a,1,2)),rewrite([67(2)]),flip(a)].

given #830 (T,wt=13): 42453 K(x,(((y \ 1) \ x) \ y) \ 1) = 1.  [para(4(a,1),42137(a,1,1))].

given #831 (T,wt=13): 42478 K((((x \ 1) \ y) \ x) \ 1,y) = 1.  [para(4(a,1),42139(a,1,2))].

given #832 (T,wt=13): 42495 K(x * ((y \ 1) \ (x \ 1)),y) = 1.  [para(196(a,1),42279(a,1,2)),rewrite([3334(11)])].

given #833 (T,wt=13): 42498 K(x \ 1,y * (x \ (y \ 1))) = 1.  [para(42279(a,1),1043(a,1,2)),rewrite([67(9)])].

given #834 (A,wt=19): 1659 x * K(y \ (z \ x),y) = z * ((y \ (z \ x)) * y).  [para(48(a,1),392(a,1,2)),flip(a)].

given #835 (T,wt=13): 42509 K(x,((x \ 1) \ y) * (y \ 1)) = 1.  [para(42280(a,1),1043(a,1,2)),rewrite([67(9)])].

given #836 (T,wt=13): 42513 K((x \ 1) * ((y \ 1) \ x),y) = 1.  [para(42280(a,1),3821(a,1)),flip(a)].

given #837 (T,wt=13): 42515 K(x,(y \ 1) * ((x \ 1) \ y)) = 1.  [para(42280(a,1),3995(a,1,2)),rewrite([67(9)])].

given #838 (T,wt=13): 42604 K(x,((y \ x) \ (y \ 1)) \ 1) = 1.  [para(196(a,1),42408(a,1,2,1,2,1)),rewrite([10663(6),1654(7),73(7,R),13234(9),73(9,R),3385(10)])].

given #839 (A,wt=19): 1660 x * ((x \ y) * ((z \ 1) * z)) = y * ((z \ 1) * z).  [para(201(a,1),392(a,1,2,2)),rewrite([201(9)])].

given #840 (T,wt=13): 42607 K((x \ ((x \ y) \ 1)) \ 1,y) = 1.  [para(42408(a,1),1043(a,1,2)),rewrite([67(9)])].

given #841 (T,wt=13): 42660 K(((x \ y) \ (x \ 1)) \ 1,y) = 1.  [para(4(a,1),42417(a,1,2))].

given #842 (T,wt=13): 42717 K(x,y * ((x \ 1) \ (y \ 1))) = 1.  [para(42495(a,1),1043(a,1,2)),rewrite([67(9)])].

given #843 (T,wt=15): 32451 K(x * y,z * (y * (x * (z \ 1)))) = 1.  [back_rewrite(18213),rewrite([32179(7)])].

given #844 (A,wt=23): 1668 x * ((x \ y) * (K(z,u) * K(w,v5))) = y * (K(z,u) * K(w,v5)).  [para(392(a,1),150(a,1,1)),rewrite([150(4),150(9)]),flip(a)].

given #845 (T,wt=15): 32732 K(x,(y \ z) * (y * u)) = K(x,z * u).  [back_rewrite(19256),rewrite([32228(4)])].

given #846 (T,wt=11): 43161 K(((x * y) \ x) \ 1,y) = 1.  [para(32732(a,1),42139(a,1)),rewrite([72(6)])].

given #847 (T,wt=11): 43176 K((x \ y) \ 1,y \ x) = 1.  [para(4(a,1),43161(a,1,1,1,1))].

given #848 (T,wt=11): 43178 K(((x * y) \ y) \ 1,x) = 1.  [para(165(a,1),43161(a,1,1,1,1)),rewrite([3334(7)])].

given #849 (A,wt=27): 1730 (x * y) * (z \ ((z * u) * (u \ 1))) = x * (y * (z \ ((z * u) * (u \ 1)))).  [para(1677(a,1),74(a,1,2,1,2)),rewrite([67(3),1726(6),1726(11),4(10),67(9),1726(12)])].

given #850 (T,wt=11): 43181 K(x,((y * x) \ y) \ 1) = 1.  [para(43161(a,1),1043(a,1,2)),rewrite([67(7)])].

given #851 (T,wt=11): 43211 K(x \ 1,(y * x) \ y) = 1.  [para(5(a,1),43176(a,1,1,1))].

given #852 (T,wt=11): 43213 K(x \ 1,(x * y) \ y) = 1.  [para(170(a,1),43176(a,1,1,1)),rewrite([10663(4),3502(7)])].

given #853 (T,wt=11): 43214 K(x \ 1,y \ (x \ y)) = 1.  [para(196(a,1),43176(a,1,1,1)),rewrite([10663(5),3502(8)])].

given #854 (A,wt=27): 1731 (x * y) * ((z * ((z \ 1) * u)) \ u) = x * (y * ((z * ((z \ 1) * u)) \ u)).  [para(1677(a,1),74(a,1,2,2,1)),rewrite([1726(5),72(7),1726(11),1726(15),4(14),72(13)])].

given #855 (T,wt=11): 43215 K((x \ (y \ x)) \ 1,y) = 1.  [para(196(a,1),43176(a,1,2)),rewrite([3334(8)])].

given #856 (T,wt=11): 43218 K(x \ y,(y \ x) \ 1) = 1.  [para(43176(a,1),1043(a,1,2)),rewrite([67(7)])].

given #857 (T,wt=11): 43223 K(x,((x * y) \ y) \ 1) = 1.  [para(43178(a,1),1043(a,1,2)),rewrite([67(7)])].

given #858 (T,wt=11): 43445 K(x,(y * (x \ 1)) \ y) = 1.  [para(196(a,1),43211(a,1,1)),rewrite([3502(9)])].

given #859 (A,wt=27): 1733 (x * (y \ ((y * z) * (z \ 1)))) * u = x * ((y \ ((y * z) * (z \ 1))) * u).  [para(1677(a,1),93(a,1,1,2,1,2)),rewrite([67(2),1726(5),1726(11),4(10),67(9),1726(12)])].

given #860 (T,wt=11): 43448 K((x * y) \ x,y \ 1) = 1.  [para(43211(a,1),1043(a,1,2)),rewrite([67(7)])].

given #861 (T,wt=11): 43464 K(x,((x \ 1) * y) \ y) = 1.  [para(196(a,1),43213(a,1,1)),rewrite([3502(9)])].

given #862 (T,wt=11): 43467 K((x * y) \ y,x \ 1) = 1.  [para(43213(a,1),1043(a,1,2)),rewrite([67(7)])].

given #863 (T,wt=11): 43483 K(x,y \ ((x \ 1) \ y)) = 1.  [para(196(a,1),43214(a,1,1)),rewrite([3502(9)])].

given #864 (A,wt=27): 1734 (x * ((y * ((y \ 1) * z)) \ z)) * u = x * (((y * ((y \ 1) * z)) \ z) * u).  [para(1677(a,1),93(a,1,1,2,2,1)),rewrite([1726(4),72(6),1726(11),1726(15),4(14),72(13)])].

given #865 (T,wt=11): 43486 K(x \ (y \ x),y \ 1) = 1.  [para(43214(a,1),1043(a,1,2)),rewrite([67(7)])].

given #866 (T,wt=11): 43705 K(x,(y \ (x \ y)) \ 1) = 1.  [para(43215(a,1),1043(a,1,2)),rewrite([67(7)])].

given #867 (T,wt=11): 43733 K((x * (y \ 1)) \ x,y) = 1.  [para(43445(a,1),1043(a,1,2)),rewrite([67(7)])].

given #868 (T,wt=11): 44109 K(((x \ 1) * y) \ y,x) = 1.  [para(43464(a,1),1043(a,1,2)),rewrite([67(7)])].

given #869 (A,wt=27): 1735 ((x \ ((x * y) * (y \ 1))) * z) * u = (x \ ((x * y) * (y \ 1))) * (z * u).  [para(1677(a,1),133(a,1,1,1,1,2)),rewrite([67(2),1726(5),1726(11),4(10),67(9),1726(12)])].

given #870 (T,wt=11): 44134 K(x \ ((y \ 1) \ x),y) = 1.  [para(43483(a,1),1043(a,1,2)),rewrite([67(7)])].

given #871 (T,wt=15): 32882 K(x * y,z * (x * (y * (z \ 1)))) = 1.  [para(18155(a,1),15525(a,2)),rewrite([32179(9),15525(9)])].

given #872 (T,wt=15): 32917 K((x * y) * z,u) = K(x * (y * z),u).  [para(1127(a,2),15525(a,1,1)),rewrite([411(11),411(10),10054(12),9342(7),32880(10),19263(10),72(7)])].

given #873 (T,wt=15): 32943 K(x * (y * z),u) = K(z * (x * y),u).  [back_rewrite(16998),rewrite([32917(3),32869(12)])].

given #874 (A,wt=27): 1736 (((x * ((x \ 1) * y)) \ y) * z) * u = ((x * ((x \ 1) * y)) \ y) * (z * u).  [para(1677(a,1),133(a,1,1,1,2,1)),rewrite([1726(4),72(6),1726(11),1726(15),4(14),72(13)])].

given #875 (T,wt=15): 33141 K((x \ 1) * (y * (z * x)),z * y) = 1.  [back_rewrite(18275),rewrite([32880(7)])].

given #876 (T,wt=15): 33142 K(x * (y * (z * (x \ 1))),z * y) = 1.  [back_rewrite(18216),rewrite([32880(7)])].

given #877 (T,wt=15): 33359 K((x \ y) * (x * z),u) = K(y * z,u).  [back_rewrite(19263),rewrite([32917(4)])].

given #878 (T,wt=15): 33544 (x * y) * (z * K(y,x)) = (y * x) * z.  [para(4(a,1),19090(a,1,2)),rewrite([936(5)]),flip(a)].

Low Water (keep): wt=31.000, iters=7799

given #879 (A,wt=25): 1744 K(x,(y * ((z * u) * w)) \ ((y * w) * (z * (u * K(z * u,w))))) = 1.  [para(150(a,1),236(a,1,2,2,2))].

given #880 (F,wt=63): 45612 ((c2 * c3) \ ((c1 * c2) * c3)) * (K((c2 * c3) \ ((c1 * c2) * c3),c4) * K(c2 * c3,(c2 * c3) \ ((c2 * c1) * c3))) != K(c1,c4) * (((c2 * c3) \ ((c1 * c2) * c3)) * K(c2 * c3,(c2 * c3) \ ((c1 * c2) * c3))).  [para(33544(a,2),8760(a,1,2,1,2,2)),rewrite([8105(25),73(25,R),3385(26),73(34,R)])].

given #881 (F,wt=63): 45613 ((c2 * c3) \ ((c1 * c2) * c3)) * (K(c2 * c3,(c2 * c3) \ ((c1 * c2) * c3)) * K((c2 * c3) \ ((c2 * c1) * c3),c4)) != K(c1,c4) * (((c2 * c3) \ ((c1 * c2) * c3)) * K(c2 * c3,(c2 * c3) \ ((c1 * c2) * c3))).  [para(33544(a,2),8760(a,1,2,2,1,2)),rewrite([8105(35),73(35,R),3414(37)])].

given #882 (F,wt=63): 45615 K(c1,c4) * (((c2 * c3) \ ((c1 * c2) * c3)) * K(c2 * c3,(c2 * c3) \ ((c2 * c1) * c3))) != ((c2 * c3) \ ((c1 * c2) * c3)) * (K(c2 * c3,(c2 * c3) \ ((c1 * c2) * c3)) * K((c2 * c3) \ ((c1 * c2) * c3),c4)).  [para(33544(a,2),8760(a,2,2,2,2,2)),rewrite([8105(63),73(63,R),3385(64)]),flip(a)].

given #883 (F,wt=63): 45617 K(c2 * c3,(c2 * c3) \ ((c1 * c2) * c3)) * (((c2 * c3) \ ((c1 * c2) * c3)) * K((c2 * c3) \ ((c2 * c1) * c3),c4)) != K(c1,c4) * (((c2 * c3) \ ((c1 * c2) * c3)) * K(c2 * c3,(c2 * c3) \ ((c1 * c2) * c3))).  [para(33544(a,2),8761(a,1,2,2,1,2)),rewrite([8105(35),73(35,R),3414(37)])].

given #884 (T,wt=15): 33545 (x * y) \ ((y * x) * z) = K(y,x) * z.  [para(19090(a,1),5(a,1,2))].

given #885 (T,wt=15): 33548 K(x,y) * ((y * x) * z) = (x * y) * z.  [para(19090(a,1),165(a,2)),rewrite([3385(7),150(6),211(7),406(6)])].

given #886 (T,wt=15): 33584 K(x,y * (z * u)) = K(x,u * (z * y)).  [para(19090(a,1),3768(a,1,2)),rewrite([32228(3),211(7),3385(8)])].

given #887 (T,wt=15): 33586 K(x * (y * z),u) = K(z * (y * x),u).  [para(19090(a,1),3821(a,1,1)),rewrite([32917(3),211(7),3414(8)])].

given #888 (A,wt=23): 1832 ((x * y) * (y \ (x \ 1))) * z = z * ((x * y) * (y \ (x \ 1))).  [para(1738(a,1),165(a,1,2,2)),rewrite([67(7)])].

given #889 (F,wt=63): 45619 K(c1,c4) * (((c2 * c3) \ ((c1 * c2) * c3)) * K(c2 * c3,(c2 * c3) \ ((c2 * c1) * c3))) != K(c2 * c3,(c2 * c3) \ ((c1 * c2) * c3)) * (((c2 * c3) \ ((c1 * c2) * c3)) * K((c2 * c3) \ ((c1 * c2) * c3),c4)).  [para(33544(a,2),8761(a,2,2,2,2,2)),rewrite([8105(63),73(63,R),3385(64)]),flip(a)].

given #890 (F,wt=63): 45621 ((c2 * c3) \ ((c1 * c2) * c3)) * (K((c2 * c3) \ ((c1 * c2) * c3),c4) * K(c2 * c3,(c2 * c3) \ ((c2 * c1) * c3))) != ((c2 * c3) \ ((c1 * c2) * c3)) * (K(c1,c4) * K(c2 * c3,(c2 * c3) \ ((c1 * c2) * c3))).  [para(33544(a,2),9015(a,1,2,1,2,2)),rewrite([8105(25),73(25,R),3385(26),73(34,R)])].

given #891 (F,wt=63): 45622 ((c2 * c3) \ ((c1 * c2) * c3)) * (K(c2 * c3,(c2 * c3) \ ((c1 * c2) * c3)) * K((c2 * c3) \ ((c2 * c1) * c3),c4)) != ((c2 * c3) \ ((c1 * c2) * c3)) * (K(c1,c4) * K(c2 * c3,(c2 * c3) \ ((c1 * c2) * c3))).  [para(33544(a,2),9015(a,1,2,2,1,2)),rewrite([8105(35),73(35,R),3414(37)])].

given #892 (F,wt=63): 45624 ((c2 * c3) \ ((c1 * c2) * c3)) * (K(c1,c4) * K(c2 * c3,(c2 * c3) \ ((c2 * c1) * c3))) != ((c2 * c3) \ ((c1 * c2) * c3)) * (K(c2 * c3,(c2 * c3) \ ((c1 * c2) * c3)) * K((c2 * c3) \ ((c1 * c2) * c3),c4)).  [para(33544(a,2),9015(a,2,2,2,2,2)),rewrite([8105(63),73(63,R),3385(64)]),flip(a)].

given #893 (T,wt=15): 33620 K(x,y) * (z * (y * x)) = z * (x * y).  [para(19090(a,1),406(a,1)),rewrite([3414(5),3983(5),211(6)]),flip(a)].

given #894 (T,wt=15): 33656 (x * y) * ((y * x) \ z) = K(x,y) * z.  [para(19090(a,1),2485(a,1))].

Low Water (keep): wt=29.000, iters=6711

given #895 (T,wt=15): 33671 K(x,y * (z * u)) = K(x,z * (y * u)).  [para(19090(a,1),3555(a,1,2)),rewrite([32228(3),32228(6)])].

given #896 (T,wt=15): 33672 K(x * (y * z),u) = K(y * (x * z),u).  [para(19090(a,1),3726(a,1,1)),rewrite([32917(3),32917(6)])].

given #897 (A,wt=23): 1834 (((x * y) * (y \ (x \ 1))) \ z) * ((x * y) * (y \ (x \ 1))) = z.  [para(1738(a,1),48(a,1,2)),rewrite([67(2)]),flip(a)].

given #898 (F,wt=63): 45626 K(c2 * c3,(c2 * c3) \ ((c1 * c2) * c3)) * (((c2 * c3) \ ((c1 * c2) * c3)) * K((c2 * c3) \ ((c2 * c1) * c3),c4)) != ((c2 * c3) \ ((c1 * c2) * c3)) * (K(c1,c4) * K(c2 * c3,(c2 * c3) \ ((c1 * c2) * c3))).  [para(33544(a,2),9016(a,1,2,2,1,2)),rewrite([8105(35),73(35,R),3414(37)])].

given #899 (F,wt=63): 45628 ((c2 * c3) \ ((c1 * c2) * c3)) * (K(c1,c4) * K(c2 * c3,(c2 * c3) \ ((c2 * c1) * c3))) != K(c2 * c3,(c2 * c3) \ ((c1 * c2) * c3)) * (((c2 * c3) \ ((c1 * c2) * c3)) * K((c2 * c3) \ ((c1 * c2) * c3),c4)).  [para(33544(a,2),9016(a,2,2,2,2,2)),rewrite([8105(63),73(63,R),3385(64)]),flip(a)].

given #900 (F,wt=63): 45915 K((c2 * c3) \ ((c1 * c2) * c3),c4) * (((c2 * c3) \ ((c1 * c2) * c3)) * K(c2 * c3,(c2 * c3) \ ((c2 * c1) * c3))) != K(c1,c4) * (((c2 * c3) \ ((c1 * c2) * c3)) * K(c2 * c3,(c2 * c3) \ ((c1 * c2) * c3))).  [para(645(a,2),45612(a,1))].

given #901 (F,wt=63): 45917 ((c2 * c3) \ ((c1 * c2) * c3)) * (K(c2 * c3,(c2 * c3) \ ((c2 * c1) * c3)) * K((c2 * c3) \ ((c2 * c1) * c3),c4)) != K(c1,c4) * (((c2 * c3) \ ((c1 * c2) * c3)) * K(c2 * c3,(c2 * c3) \ ((c1 * c2) * c3))).  [para(33544(a,2),45612(a,1,2,1,1,2)),rewrite([8105(22),73(22,R),3414(24),73(34,R)])].

given #902 (T,wt=15): 33688 K(x * (y * z),(z \ 1) \ (y * x)) = 1.  [para(19090(a,1),19027(a,1,1)),rewrite([13234(6),10663(8),73(8,R),3385(9),32917(7)])].

given #903 (T,wt=15): 33690 K(x * (y * z),((y * x) \ 1) \ z) = 1.  [para(19090(a,1),19064(a,1,1)),rewrite([8100(8),73(8,R),3385(9),32917(7)])].

given #904 (T,wt=15): 33691 K((x \ 1) \ (y * z),z * (y * x)) = 1.  [para(19090(a,1),19932(a,1,2)),rewrite([13234(4),10663(6),73(6,R),32228(9),3414(9)])].

given #905 (T,wt=15): 33692 K(((x * y) \ 1) \ z,y * (x * z)) = 1.  [para(19090(a,1),19943(a,1,2)),rewrite([8100(6),73(6,R),32228(9),3414(9)])].

Low Water (keep): wt=27.000, iters=6685

given #906 (A,wt=67): 1872 ((x * (y * (((x * y) \ 1) * (((x * y) \ 1) * (x * y))))) \ 1) * ((((x * y) \ 1) * (x * y)) * z) = z * (((x * (y * (((x * y) \ 1) * (((x * y) \ 1) * (x * y))))) \ 1) * (((x * y) \ 1) * (x * y))).  [back_rewrite(1558),rewrite([1865(17),650(20),1865(37)])].

given #907 (F,wt=63): 45919 ((c2 * c3) \ ((c1 * c2) * c3)) * (K((c2 * c3) \ ((c1 * c2) * c3),c4) * K(c2 * c3,(c2 * c3) \ ((c2 * c1) * c3))) != K(c1,c4) * (((c2 * c3) \ ((c1 * c2) * c3)) * K(c2 * c3,(c2 * c3) \ ((c2 * c1) * c3))).  [para(33544(a,2),45612(a,2,2,2,2,2)),rewrite([8105(63),73(63,R),3385(64)])].

given #908 (F,wt=63): 45922 ((c2 * c3) \ ((c1 * c2) * c3)) * (K(c2 * c3,(c2 * c3) \ ((c1 * c2) * c3)) * K((c2 * c3) \ ((c2 * c1) * c3),c4)) != K(c1,c4) * (((c2 * c3) \ ((c1 * c2) * c3)) * K(c2 * c3,(c2 * c3) \ ((c2 * c1) * c3))).  [para(33544(a,2),45613(a,2,2,2,2,2)),rewrite([8105(63),73(63,R),3385(64)])].

given #909 (F,wt=63): 45925 K(c2 * c3,(c2 * c3) \ ((c2 * c1) * c3)) * (((c2 * c3) \ ((c1 * c2) * c3)) * K((c2 * c3) \ ((c2 * c1) * c3),c4)) != K(c1,c4) * (((c2 * c3) \ ((c1 * c2) * c3)) * K(c2 * c3,(c2 * c3) \ ((c1 * c2) * c3))).  [para(33544(a,2),45617(a,1,1,2,2)),rewrite([8105(16),73(16,R),3385(17)])].

given #910 (F,wt=63): 45928 K(c2 * c3,(c2 * c3) \ ((c1 * c2) * c3)) * (((c2 * c3) \ ((c1 * c2) * c3)) * K((c2 * c3) \ ((c2 * c1) * c3),c4)) != K(c1,c4) * (((c2 * c3) \ ((c1 * c2) * c3)) * K(c2 * c3,(c2 * c3) \ ((c2 * c1) * c3))).  [para(33544(a,2),45617(a,2,2,2,2,2)),rewrite([8105(63),73(63,R),3385(64)])].

given #911 (T,wt=13): 47164 K((((x \ 1) * y) \ 1) \ x,y) = 1.  [para(206(a,2),33692(a,1,2)),rewrite([32228(11),32732(11),72(8)])].

given #912 (T,wt=13): 47216 K((x \ 1) \ y,(y \ 1) \ x) = 1.  [para(4(a,1),47164(a,1,1,1,1))].

given #913 (T,wt=13): 47218 K(((x * (y \ 1)) \ 1) \ y,x) = 1.  [para(165(a,1),47164(a,1,1,1,1)),rewrite([3334(11)])].

given #914 (T,wt=13): 47219 K(((x * y) \ 1) \ (x \ 1),y) = 1.  [para(196(a,1),47164(a,1,1,1,1,1)),rewrite([179(5),31037(7),201(6),29806(10),73(10,R),3414(11)])].

given #915 (A,wt=27): 1887 (((x \ 1) * (((y \ 1) * y) * x)) \ z) * ((x \ 1) * (((y \ 1) * y) * x)) = z.  [back_rewrite(1174),rewrite([1865(4),650(7),1865(12),650(15)])].

given #916 (F,wt=63): 46289 K((c2 * c3) \ ((c1 * c2) * c3),c4) * (((c2 * c3) \ ((c1 * c2) * c3)) * K(c2 * c3,(c2 * c3) \ ((c2 * c1) * c3))) != ((c2 * c3) \ ((c1 * c2) * c3)) * (K(c1,c4) * K(c2 * c3,(c2 * c3) \ ((c1 * c2) * c3))).  [para(645(a,2),45621(a,1))].

given #917 (F,wt=63): 46291 ((c2 * c3) \ ((c1 * c2) * c3)) * (K(c2 * c3,(c2 * c3) \ ((c2 * c1) * c3)) * K((c2 * c3) \ ((c2 * c1) * c3),c4)) != ((c2 * c3) \ ((c1 * c2) * c3)) * (K(c1,c4) * K(c2 * c3,(c2 * c3) \ ((c1 * c2) * c3))).  [para(33544(a,2),45621(a,1,2,1,1,2)),rewrite([8105(22),73(22,R),3414(24),73(34,R)])].

given #918 (F,wt=63): 46293 ((c2 * c3) \ ((c1 * c2) * c3)) * (K((c2 * c3) \ ((c1 * c2) * c3),c4) * K(c2 * c3,(c2 * c3) \ ((c2 * c1) * c3))) != ((c2 * c3) \ ((c1 * c2) * c3)) * (K(c1,c4) * K(c2 * c3,(c2 * c3) \ ((c2 * c1) * c3))).  [para(33544(a,2),45621(a,2,2,2,2,2)),rewrite([8105(63),73(63,R),3385(64)])].

given #919 (F,wt=63): 46296 ((c2 * c3) \ ((c1 * c2) * c3)) * (K(c2 * c3,(c2 * c3) \ ((c1 * c2) * c3)) * K((c2 * c3) \ ((c2 * c1) * c3),c4)) != ((c2 * c3) \ ((c1 * c2) * c3)) * (K(c1,c4) * K(c2 * c3,(c2 * c3) \ ((c2 * c1) * c3))).  [para(33544(a,2),45622(a,2,2,2,2,2)),rewrite([8105(63),73(63,R),3385(64)])].

given #920 (T,wt=13): 47222 K(x,(((y \ 1) * x) \ 1) \ y) = 1.  [para(47164(a,1),1043(a,1,2)),rewrite([67(9)])].

given #921 (T,wt=13): 47237 K(x,((x * (y \ 1)) \ 1) \ y) = 1.  [para(170(a,1),47216(a,1,1)),rewrite([3502(11)])].

given #922 (T,wt=13): 47238 K(x \ y,(y \ 1) \ (x \ 1)) = 1.  [para(196(a,1),47216(a,1,1,1)),rewrite([10663(5),201(4),15525(11),67(3)])].

given #923 (T,wt=13): 47239 K((x \ 1) \ (y \ 1),y \ x) = 1.  [para(196(a,1),47216(a,1,2,1)),rewrite([10663(10),201(9),15419(11),67(8)])].

given #924 (A,wt=71): 1890 (x * y) * (((z * (u * (((z * u) \ 1) * (((z * u) \ 1) * (z * u))))) \ 1) * (((z * u) \ 1) * (z * u))) = x * (y * (((z * (u * (((z * u) \ 1) * (((z * u) \ 1) * (z * u))))) \ 1) * (((z * u) \ 1) * (z * u)))).  [back_rewrite(1159),rewrite([1865(18),1865(38)])].

given #925 (F,wt=63): 47038 K(c2 * c3,(c2 * c3) \ ((c2 * c1) * c3)) * (((c2 * c3) \ ((c1 * c2) * c3)) * K((c2 * c3) \ ((c2 * c1) * c3),c4)) != ((c2 * c3) \ ((c1 * c2) * c3)) * (K(c1,c4) * K(c2 * c3,(c2 * c3) \ ((c1 * c2) * c3))).  [para(33544(a,2),45626(a,1,1,2,2)),rewrite([8105(16),73(16,R),3385(17)])].

given #926 (F,wt=63): 47041 K(c2 * c3,(c2 * c3) \ ((c1 * c2) * c3)) * (((c2 * c3) \ ((c1 * c2) * c3)) * K((c2 * c3) \ ((c2 * c1) * c3),c4)) != ((c2 * c3) \ ((c1 * c2) * c3)) * (K(c1,c4) * K(c2 * c3,(c2 * c3) \ ((c2 * c1) * c3))).  [para(33544(a,2),45626(a,2,2,2,2,2)),rewrite([8105(63),73(63,R),3385(64)])].

given #927 (F,wt=63): 47046 K((c2 * c3) \ ((c1 * c2) * c3),c4) * (((c2 * c3) \ ((c1 * c2) * c3)) * K(c2 * c3,(c2 * c3) \ ((c2 * c1) * c3))) != K(c1,c4) * (((c2 * c3) \ ((c1 * c2) * c3)) * K(c2 * c3,(c2 * c3) \ ((c2 * c1) * c3))).  [para(33544(a,2),45915(a,2,2,2,2,2)),rewrite([8105(63),73(63,R),3385(64)])].

given #928 (F,wt=63): 47049 ((c2 * c3) \ ((c1 * c2) * c3)) * (K(c2 * c3,(c2 * c3) \ ((c2 * c1) * c3)) * K((c2 * c3) \ ((c2 * c1) * c3),c4)) != K(c1,c4) * (((c2 * c3) \ ((c1 * c2) * c3)) * K(c2 * c3,(c2 * c3) \ ((c2 * c1) * c3))).  [para(33544(a,2),45917(a,2,2,2,2,2)),rewrite([8105(63),73(63,R),3385(64)])].

given #929 (T,wt=13): 47241 K(((x * y) \ 1) \ (y \ 1),x) = 1.  [para(196(a,1),47218(a,1,1,1,1,2)),rewrite([29808(7),201(6),29806(10),73(10,R),3414(11)])].

given #930 (T,wt=13): 47257 K(x,((y * x) \ 1) \ (y \ 1)) = 1.  [para(47219(a,1),1043(a,1,2)),rewrite([67(9)])].

given #931 (T,wt=13): 47344 K(x,((x * y) \ 1) \ (y \ 1)) = 1.  [para(196(a,1),47237(a,1,2,1,1,2)),rewrite([29808(7),201(6),29806(10),73(10,R),3385(11)])].

given #932 (T,wt=13): 47355 K(x,(y \ 1) \ ((x \ y) \ 1)) = 1.  [para(196(a,1),47238(a,1,1)),rewrite([3502(10)])].

given #933 (A,wt=25): 1899 K(x,(y * (z * (K(z,y) * (u * K(u,z * y))))) \ (u * (z * y))) = 1.  [para(165(a,1),237(a,1,2,2))].

given #934 (F,wt=63): 47213 K(c2 * c3,(c2 * c3) \ ((c2 * c1) * c3)) * (((c2 * c3) \ ((c1 * c2) * c3)) * K((c2 * c3) \ ((c2 * c1) * c3),c4)) != K(c1,c4) * (((c2 * c3) \ ((c1 * c2) * c3)) * K(c2 * c3,(c2 * c3) \ ((c2 * c1) * c3))).  [para(33544(a,2),45925(a,2,2,2,2,2)),rewrite([8105(63),73(63,R),3385(64)])].

given #935 (F,wt=63): 47326 K((c2 * c3) \ ((c1 * c2) * c3),c4) * (((c2 * c3) \ ((c1 * c2) * c3)) * K(c2 * c3,(c2 * c3) \ ((c2 * c1) * c3))) != ((c2 * c3) \ ((c1 * c2) * c3)) * (K(c1,c4) * K(c2 * c3,(c2 * c3) \ ((c2 * c1) * c3))).  [para(33544(a,2),46289(a,2,2,2,2,2)),rewrite([8105(63),73(63,R),3385(64)])].

given #936 (F,wt=63): 47329 ((c2 * c3) \ ((c1 * c2) * c3)) * (K(c2 * c3,(c2 * c3) \ ((c2 * c1) * c3)) * K((c2 * c3) \ ((c2 * c1) * c3),c4)) != ((c2 * c3) \ ((c1 * c2) * c3)) * (K(c1,c4) * K(c2 * c3,(c2 * c3) \ ((c2 * c1) * c3))).  [para(33544(a,2),46291(a,2,2,2,2,2)),rewrite([8105(63),73(63,R),3385(64)])].

given #937 (F,wt=63): 47360 K(c2 * c3,(c2 * c3) \ ((c2 * c1) * c3)) * (((c2 * c3) \ ((c1 * c2) * c3)) * K((c2 * c3) \ ((c2 * c1) * c3),c4)) != ((c2 * c3) \ ((c1 * c2) * c3)) * (K(c1,c4) * K(c2 * c3,(c2 * c3) \ ((c2 * c1) * c3))).  [para(33544(a,2),47038(a,2,2,2,2,2)),rewrite([8105(63),73(63,R),3385(64)])].

given #938 (T,wt=13): 47357 K((x \ 1) \ ((y \ x) \ 1),y) = 1.  [para(196(a,1),47239(a,1,2)),rewrite([3334(10)])].

given #939 (T,wt=15): 33743 K(x * (((y * z) * x) \ (z * y)),u) = 1.  [para(19090(a,1),27115(a,1,1,2,1)),rewrite([211(7),3414(8)])].

given #940 (T,wt=15): 33746 K(x,y * (((z * u) * y) \ (u * z))) = 1.  [para(19090(a,1),27254(a,1,2,2,1)),rewrite([211(7),3385(8)])].

given #941 (T,wt=15): 34522 K(x \ (y * z),(x \ 1) * (z * y)) = 1.  [para(25033(a,1),19037(a,1))].

given #942 (A,wt=27): 1901 K(x,(y * (z * ((u \ 1) * (K(z,y) * u)))) \ (z * (y * ((u \ 1) * u)))) = 1.  [para(48(a,1),237(a,1,2,1,2,2)),rewrite([1802(2),179(5),1802(10),1828(13),411(12)])].

given #943 (F,wt=67): 45611 K(c1,c2) * (((c2 * c3) \ ((c2 * c1) * c3)) * (K(c2 * c3,(c2 * c3) \ ((c1 * c2) * c3)) * K((c2 * c3) \ ((c1 * c2) * c3),c4))) != K(c1,c4) * (((c2 * c3) \ ((c1 * c2) * c3)) * K(c2 * c3,(c2 * c3) \ ((c1 * c2) * c3))).  [para(33544(a,2),8760(a,1,1,2)),rewrite([8105(13),73(13,R),422(39)])].

given #944 (F,wt=67): 45614 K(c1,c4) * (K(c2 * c3,(c2 * c3) \ ((c1 * c2) * c3)) * (K(c1,c2) * ((c2 * c3) \ ((c2 * c1) * c3)))) != ((c2 * c3) \ ((c1 * c2) * c3)) * (K(c2 * c3,(c2 * c3) \ ((c1 * c2) * c3)) * K((c2 * c3) \ ((c1 * c2) * c3),c4)).  [para(33544(a,2),8760(a,2,2,1,2)),rewrite([8105(51),73(51,R),73(65,R)]),flip(a)].

given #945 (F,wt=67): 45616 K(c2 * c3,(c2 * c3) \ ((c1 * c2) * c3)) * (K((c2 * c3) \ ((c1 * c2) * c3),c4) * (K(c1,c2) * ((c2 * c3) \ ((c2 * c1) * c3)))) != K(c1,c4) * (((c2 * c3) \ ((c1 * c2) * c3)) * K(c2 * c3,(c2 * c3) \ ((c1 * c2) * c3))).  [para(33544(a,2),8761(a,1,2,1,2)),rewrite([8105(26),73(26,R),73(38,R)])].

given #946 (F,wt=67): 45618 K(c1,c4) * (K(c2 * c3,(c2 * c3) \ ((c1 * c2) * c3)) * (K(c1,c2) * ((c2 * c3) \ ((c2 * c1) * c3)))) != K(c2 * c3,(c2 * c3) \ ((c1 * c2) * c3)) * (((c2 * c3) \ ((c1 * c2) * c3)) * K((c2 * c3) \ ((c1 * c2) * c3),c4)).  [para(33544(a,2),8761(a,2,2,1,2)),rewrite([8105(51),73(51,R),73(65,R)]),flip(a)].

given #947 (T,wt=15): 34523 K(((x * y) \ 1) \ z,z * (y * x)) = 1.  [para(25033(a,1),19932(a,1))].

given #948 (T,wt=15): 34524 K((x \ 1) \ (y * z),x * (z * y)) = 1.  [para(25033(a,1),19943(a,1))].

given #949 (T,wt=15): 34673 K(x * (y * z),((z * y) \ 1) \ x) = 1.  [para(25035(a,1),19027(a,1))].

given #950 (T,wt=15): 34675 K((x \ 1) * (y * z),x \ (z * y)) = 1.  [para(25035(a,1),19034(a,1))].

given #951 (A,wt=23): 1957 (x * ((y \ x) \ (y \ 1))) * z = z * (x * ((y \ x) \ (y \ 1))).  [para(1831(a,1),165(a,1,2,2)),rewrite([67(7)])].

given #952 (F,wt=67): 45620 K(c1,c2) * (((c2 * c3) \ ((c2 * c1) * c3)) * (K(c2 * c3,(c2 * c3) \ ((c1 * c2) * c3)) * K((c2 * c3) \ ((c1 * c2) * c3),c4))) != ((c2 * c3) \ ((c1 * c2) * c3)) * (K(c1,c4) * K(c2 * c3,(c2 * c3) \ ((c1 * c2) * c3))).  [para(33544(a,2),9015(a,1,1,2)),rewrite([8105(13),73(13,R),422(39)])].

given #953 (F,wt=67): 45623 K(c1,c2) * (((c2 * c3) \ ((c2 * c1) * c3)) * (K(c1,c4) * K(c2 * c3,(c2 * c3) \ ((c1 * c2) * c3)))) != ((c2 * c3) \ ((c1 * c2) * c3)) * (K(c2 * c3,(c2 * c3) \ ((c1 * c2) * c3)) * K((c2 * c3) \ ((c1 * c2) * c3),c4)).  [para(33544(a,2),9015(a,2,1,2)),rewrite([8105(48),73(48,R),422(66)]),flip(a)].

given #954 (F,wt=67): 45625 K(c2 * c3,(c2 * c3) \ ((c1 * c2) * c3)) * (K((c2 * c3) \ ((c1 * c2) * c3),c4) * (K(c1,c2) * ((c2 * c3) \ ((c2 * c1) * c3)))) != ((c2 * c3) \ ((c1 * c2) * c3)) * (K(c1,c4) * K(c2 * c3,(c2 * c3) \ ((c1 * c2) * c3))).  [para(33544(a,2),9016(a,1,2,1,2)),rewrite([8105(26),73(26,R),73(38,R)])].

given #955 (F,wt=67): 45627 K(c1,c2) * (((c2 * c3) \ ((c2 * c1) * c3)) * (K(c1,c4) * K(c2 * c3,(c2 * c3) \ ((c1 * c2) * c3)))) != K(c2 * c3,(c2 * c3) \ ((c1 * c2) * c3)) * (((c2 * c3) \ ((c1 * c2) * c3)) * K((c2 * c3) \ ((c1 * c2) * c3),c4)).  [para(33544(a,2),9016(a,2,1,2)),rewrite([8105(48),73(48,R),422(66)]),flip(a)].

given #956 (T,wt=15): 34676 K(x * (y * z),(x \ 1) \ (z * y)) = 1.  [para(25035(a,1),19064(a,1))].

given #957 (T,wt=15): 35286 K(x \ ((y \ x) * ((z \ y) * z)),u) = 1.  [para(4(a,1),27092(a,1,1,2,1,1))].

given #958 (T,wt=15): 35287 K(((x * y) * z) \ (z * (y * x)),u) = 1.  [para(5(a,1),27092(a,1,1,2,1))].

given #959 (T,wt=15): 35345 K(x \ ((y * ((y * z) \ x)) * z),u) = 1.  [para(5(a,1),27094(a,1,1,2,2))].

given #960 (A,wt=23): 1958 ((x * ((y \ x) \ (y \ 1))) \ z) * (x * ((y \ x) \ (y \ 1))) = z.  [para(1831(a,1),48(a,1,2)),rewrite([67(2)]),flip(a)].

given #961 (F,wt=67): 45916 K(c1,c2) * (((c2 * c3) \ ((c2 * c1) * c3)) * (K((c2 * c3) \ ((c1 * c2) * c3),c4) * K(c2 * c3,(c2 * c3) \ ((c2 * c1) * c3)))) != K(c1,c4) * (((c2 * c3) \ ((c1 * c2) * c3)) * K(c2 * c3,(c2 * c3) \ ((c1 * c2) * c3))).  [para(33544(a,2),45612(a,1,1,2)),rewrite([8105(13),73(13,R),422(39)])].

given #962 (F,wt=67): 45918 ((c2 * c3) \ ((c1 * c2) * c3)) * (K((c2 * c3) \ ((c1 * c2) * c3),c4) * K(c2 * c3,(c2 * c3) \ ((c2 * c1) * c3))) != K(c1,c4) * (K(c2 * c3,(c2 * c3) \ ((c1 * c2) * c3)) * (K(c1,c2) * ((c2 * c3) \ ((c2 * c1) * c3)))).  [para(33544(a,2),45612(a,2,2,1,2)),rewrite([8105(51),73(51,R),73(65,R)])].

given #963 (F,wt=67): 45920 K(c1,c2) * (((c2 * c3) \ ((c2 * c1) * c3)) * (K(c2 * c3,(c2 * c3) \ ((c1 * c2) * c3)) * K((c2 * c3) \ ((c2 * c1) * c3),c4))) != K(c1,c4) * (((c2 * c3) \ ((c1 * c2) * c3)) * K(c2 * c3,(c2 * c3) \ ((c1 * c2) * c3))).  [para(33544(a,2),45613(a,1,1,2)),rewrite([8105(13),73(13,R),422(39)])].

given #964 (F,wt=67): 45921 ((c2 * c3) \ ((c1 * c2) * c3)) * (K(c2 * c3,(c2 * c3) \ ((c1 * c2) * c3)) * K((c2 * c3) \ ((c2 * c1) * c3),c4)) != K(c1,c4) * (K(c2 * c3,(c2 * c3) \ ((c1 * c2) * c3)) * (K(c1,c2) * ((c2 * c3) \ ((c2 * c1) * c3)))).  [para(33544(a,2),45613(a,2,2,1,2)),rewrite([8105(51),73(51,R),73(65,R)])].

given #965 (T,wt=15): 35347 K(x \ ((y * ((z * y) \ x)) * z),u) = 1.  [para(170(a,1),27094(a,1,1,2,2)),rewrite([8105(7),73(7,R),3414(8)])].

given #966 (T,wt=15): 35350 K(x \ (((y \ z) * (z \ x)) * y),u) = 1.  [para(196(a,1),27094(a,1,1,2,2)),rewrite([8105(8),73(8,R),3414(9)])].

given #967 (T,wt=15): 35419 K(x * ((x * ((y \ z) * y)) \ z),u) = 1.  [para(165(a,1),27283(a,1,1,2,1)),rewrite([3768(3),4(2),179(7),3726(8)])].

given #968 (T,wt=15): 35528 K(x * (y * ((y \ 1) * z)),z * x) = 1.  [para(1319(a,1),21465(a,1,2)),rewrite([1730(12),4(11),32179(11),4(8),67(7),32917(7),32917(7)])].

given #969 (A,wt=17): 1992 (x * y) \ (x * ((z \ y) * z)) = K(z \ y,z).  [para(48(a,1),393(a,1,2,2))].

given #970 (F,wt=67): 45923 K(c1,c4) * (K(c1,c2) * (((c2 * c3) \ ((c2 * c1) * c3)) * K(c2 * c3,(c2 * c3) \ ((c2 * c1) * c3)))) != ((c2 * c3) \ ((c1 * c2) * c3)) * (K(c2 * c3,(c2 * c3) \ ((c1 * c2) * c3)) * K((c2 * c3) \ ((c1 * c2) * c3),c4)).  [para(33544(a,2),45615(a,1,2,1,2)),rewrite([8105(16),73(16,R),150(30)])].

given #971 (F,wt=67): 45924 K(c1,c4) * (((c2 * c3) \ ((c1 * c2) * c3)) * K(c2 * c3,(c2 * c3) \ ((c2 * c1) * c3))) != K(c1,c2) * (((c2 * c3) \ ((c2 * c1) * c3)) * (K(c2 * c3,(c2 * c3) \ ((c1 * c2) * c3)) * K((c2 * c3) \ ((c1 * c2) * c3),c4))).  [para(33544(a,2),45615(a,2,1,2)),rewrite([8105(40),73(40,R),422(66)])].

given #972 (F,wt=67): 45926 K(c2 * c3,(c2 * c3) \ ((c1 * c2) * c3)) * (K(c1,c2) * (((c2 * c3) \ ((c2 * c1) * c3)) * K((c2 * c3) \ ((c2 * c1) * c3),c4))) != K(c1,c4) * (((c2 * c3) \ ((c1 * c2) * c3)) * K(c2 * c3,(c2 * c3) \ ((c1 * c2) * c3))).  [para(33544(a,2),45617(a,1,2,1,2)),rewrite([8105(26),73(26,R),150(38)])].

given #973 (F,wt=67): 45927 K(c2 * c3,(c2 * c3) \ ((c1 * c2) * c3)) * (((c2 * c3) \ ((c1 * c2) * c3)) * K((c2 * c3) \ ((c2 * c1) * c3),c4)) != K(c1,c4) * (K(c2 * c3,(c2 * c3) \ ((c1 * c2) * c3)) * (K(c1,c2) * ((c2 * c3) \ ((c2 * c1) * c3)))).  [para(33544(a,2),45617(a,2,2,1,2)),rewrite([8105(51),73(51,R),73(65,R)])].

given #974 (T,wt=15): 35529 K(x * y,y * (z * ((z \ 1) * x))) = 1.  [para(1319(a,1),21470(a,1,1)),rewrite([1730(7),4(6),32228(11),32228(11),32880(11),4(3),67(2)])].

given #975 (T,wt=15): 35539 K(x,(y \ ((y * z) * (z \ 1))) * x) = 1.  [para(1319(a,2),23701(a,1,2)),rewrite([32880(13),4(4),67(3),3821(9),4(2)])].

given #976 (T,wt=15): 35546 K((x \ ((x * y) * (y \ 1))) * z,z) = 1.  [para(1319(a,2),25117(a,1,1)),rewrite([32179(13),4(10),67(9),3768(9),4(8)])].

given #977 (T,wt=15): 35547 K(x * (y \ ((y * z) * (z \ 1))),x) = 1.  [para(1319(a,1),25706(a,1,1)),rewrite([32179(13),4(10),67(9),3768(9),4(8)])].

given #978 (A,wt=19): 1993 (x * y) \ (x * (y * ((z \ 1) * z))) = (z \ 1) * z.  [para(201(a,1),393(a,1,2,2,2)),rewrite([201(10)])].

given #979 (F,wt=67): 46287 K(c1,c4) * (K(c1,c2) * (((c2 * c3) \ ((c2 * c1) * c3)) * K(c2 * c3,(c2 * c3) \ ((c2 * c1) * c3)))) != K(c2 * c3,(c2 * c3) \ ((c1 * c2) * c3)) * (((c2 * c3) \ ((c1 * c2) * c3)) * K((c2 * c3) \ ((c1 * c2) * c3),c4)).  [para(33544(a,2),45619(a,1,2,1,2)),rewrite([8105(16),73(16,R),150(30)])].

given #980 (F,wt=67): 46288 K(c1,c4) * (((c2 * c3) \ ((c1 * c2) * c3)) * K(c2 * c3,(c2 * c3) \ ((c2 * c1) * c3))) != K(c2 * c3,(c2 * c3) \ ((c1 * c2) * c3)) * (K((c2 * c3) \ ((c1 * c2) * c3),c4) * (K(c1,c2) * ((c2 * c3) \ ((c2 * c1) * c3)))).  [para(33544(a,2),45619(a,2,2,1,2)),rewrite([8105(53),73(53,R),73(65,R)])].

given #981 (F,wt=67): 46290 K(c1,c2) * (((c2 * c3) \ ((c2 * c1) * c3)) * (K((c2 * c3) \ ((c1 * c2) * c3),c4) * K(c2 * c3,(c2 * c3) \ ((c2 * c1) * c3)))) != ((c2 * c3) \ ((c1 * c2) * c3)) * (K(c1,c4) * K(c2 * c3,(c2 * c3) \ ((c1 * c2) * c3))).  [para(33544(a,2),45621(a,1,1,2)),rewrite([8105(13),73(13,R),422(39)])].

given #982 (F,wt=67): 46292 ((c2 * c3) \ ((c1 * c2) * c3)) * (K((c2 * c3) \ ((c1 * c2) * c3),c4) * K(c2 * c3,(c2 * c3) \ ((c2 * c1) * c3))) != K(c1,c2) * (((c2 * c3) \ ((c2 * c1) * c3)) * (K(c1,c4) * K(c2 * c3,(c2 * c3) \ ((c1 * c2) * c3)))).  [para(33544(a,2),45621(a,2,1,2)),rewrite([8105(48),73(48,R),422(66)])].

given #983 (T,wt=15): 35548 K(x,x * (y \ ((y * z) * (z \ 1)))) = 1.  [para(1319(a,1),25706(a,1,2)),rewrite([32880(13),4(4),67(3),3821(9),4(2)])].

given #984 (T,wt=15): 35647 K(x,y * ((y * ((z \ u) * z)) \ u)) = 1.  [para(165(a,1),27471(a,1,2,2,1)),rewrite([3768(3),4(2),179(7),3555(8)])].

given #985 (T,wt=15): 35683 K(((x * y) * z) \ ((y * z) * x),u) = 1.  [para(170(a,1),27489(a,1,1,2,2)),rewrite([8105(7),73(7,R),3414(8)])].

given #986 (T,wt=15): 35685 K((x * y) \ (((z \ x) * y) * z),u) = 1.  [para(196(a,1),27489(a,1,1,2,2)),rewrite([8105(8),73(8,R),3414(9)])].

given #987 (A,wt=19): 1996 (x * (y * z)) \ (x * (y * (z * K(u,w)))) = K(u,w).  [para(150(a,1),393(a,1,2,2))].

given #988 (F,wt=67): 46294 K(c1,c2) * (((c2 * c3) \ ((c2 * c1) * c3)) * (K(c2 * c3,(c2 * c3) \ ((c1 * c2) * c3)) * K((c2 * c3) \ ((c2 * c1) * c3),c4))) != ((c2 * c3) \ ((c1 * c2) * c3)) * (K(c1,c4) * K(c2 * c3,(c2 * c3) \ ((c1 * c2) * c3))).  [para(33544(a,2),45622(a,1,1,2)),rewrite([8105(13),73(13,R),422(39)])].

given #989 (F,wt=67): 46295 ((c2 * c3) \ ((c1 * c2) * c3)) * (K(c2 * c3,(c2 * c3) \ ((c1 * c2) * c3)) * K((c2 * c3) \ ((c2 * c1) * c3),c4)) != K(c1,c2) * (((c2 * c3) \ ((c2 * c1) * c3)) * (K(c1,c4) * K(c2 * c3,(c2 * c3) \ ((c1 * c2) * c3)))).  [para(33544(a,2),45622(a,2,1,2)),rewrite([8105(48),73(48,R),422(66)])].

given #990 (F,wt=67): 46297 K(c1,c2) * (((c2 * c3) \ ((c2 * c1) * c3)) * (K(c1,c4) * K(c2 * c3,(c2 * c3) \ ((c2 * c1) * c3)))) != ((c2 * c3) \ ((c1 * c2) * c3)) * (K(c2 * c3,(c2 * c3) \ ((c1 * c2) * c3)) * K((c2 * c3) \ ((c1 * c2) * c3),c4)).  [para(33544(a,2),45624(a,1,1,2)),rewrite([8105(13),73(13,R),422(31)])].

given #991 (F,wt=67): 46298 ((c2 * c3) \ ((c1 * c2) * c3)) * (K(c1,c4) * K(c2 * c3,(c2 * c3) \ ((c2 * c1) * c3))) != K(c1,c2) * (((c2 * c3) \ ((c2 * c1) * c3)) * (K(c2 * c3,(c2 * c3) \ ((c1 * c2) * c3)) * K((c2 * c3) \ ((c1 * c2) * c3),c4))).  [para(33544(a,2),45624(a,2,1,2)),rewrite([8105(40),73(40,R),422(66)])].

given #992 (T,wt=15): 35744 K(((((x * y) \ z) * y) * x) \ z,u) = 1.  [para(4(a,1),27490(a,1,1,2))].

given #993 (T,wt=15): 35746 K(((x * y) * z) \ (x * (z * y)),u) = 1.  [para(165(a,1),27490(a,1,1,2)),rewrite([179(4),73(3),657(5),73(4),29808(8),73(8,R),3414(9)])].

given #994 (T,wt=15): 35881 K(x,y \ ((z \ y) * ((u \ z) * u))) = 1.  [para(4(a,1),27544(a,1,2,2,1,1))].

given #995 (T,wt=15): 35882 K(x,((y * z) * u) \ (u * (z * y))) = 1.  [para(5(a,1),27544(a,1,2,2,1))].

given #996 (A,wt=19): 2000 (x * y) \ (x * (((z \ 1) * z) * y)) = (z \ 1) * z.  [back_rewrite(1105),rewrite([1993(14)])].

given #997 (F,wt=67): 47039 K(c2 * c3,(c2 * c3) \ ((c1 * c2) * c3)) * (K(c1,c2) * (((c2 * c3) \ ((c2 * c1) * c3)) * K((c2 * c3) \ ((c2 * c1) * c3),c4))) != ((c2 * c3) \ ((c1 * c2) * c3)) * (K(c1,c4) * K(c2 * c3,(c2 * c3) \ ((c1 * c2) * c3))).  [para(33544(a,2),45626(a,1,2,1,2)),rewrite([8105(26),73(26,R),150(38)])].

given #998 (F,wt=67): 47040 K(c2 * c3,(c2 * c3) \ ((c1 * c2) * c3)) * (((c2 * c3) \ ((c1 * c2) * c3)) * K((c2 * c3) \ ((c2 * c1) * c3),c4)) != K(c1,c2) * (((c2 * c3) \ ((c2 * c1) * c3)) * (K(c1,c4) * K(c2 * c3,(c2 * c3) \ ((c1 * c2) * c3)))).  [para(33544(a,2),45626(a,2,1,2)),rewrite([8105(48),73(48,R),422(66)])].

given #999 (F,wt=67): 47042 K(c1,c2) * (((c2 * c3) \ ((c2 * c1) * c3)) * (K(c1,c4) * K(c2 * c3,(c2 * c3) \ ((c2 * c1) * c3)))) != K(c2 * c3,(c2 * c3) \ ((c1 * c2) * c3)) * (((c2 * c3) \ ((c1 * c2) * c3)) * K((c2 * c3) \ ((c1 * c2) * c3),c4)).  [para(33544(a,2),45628(a,1,1,2)),rewrite([8105(13),73(13,R),422(31)])].

given #1000 (F,wt=67): 47043 ((c2 * c3) \ ((c1 * c2) * c3)) * (K(c1,c4) * K(c2 * c3,(c2 * c3) \ ((c2 * c1) * c3))) != K(c2 * c3,(c2 * c3) \ ((c1 * c2) * c3)) * (K((c2 * c3) \ ((c1 * c2) * c3),c4) * (K(c1,c2) * ((c2 * c3) \ ((c2 * c1) * c3)))).  [para(33544(a,2),45628(a,2,2,1,2)),rewrite([8105(53),73(53,R),73(65,R)])].

given #1001 (T,wt=15): 35929 K(x,y \ ((z * ((z * u) \ y)) * u)) = 1.  [para(5(a,1),27545(a,1,2,2,2))].

given #1002 (T,wt=15): 35930 K(x,y \ ((z * ((u * z) \ y)) * u)) = 1.  [para(170(a,1),27545(a,1,2,2,2)),rewrite([8105(7),73(7,R),3385(8)])].

given #1003 (T,wt=15): 35933 K(x,y \ (((z \ u) * (u \ y)) * z)) = 1.  [para(196(a,1),27545(a,1,2,2,2)),rewrite([8105(8),73(8,R),3385(9)])].

given #1004 (T,wt=15): 36085 K(x,((y * z) * u) \ ((z * u) * y)) = 1.  [para(170(a,1),27658(a,1,2,2,2)),rewrite([8105(7),73(7,R),3385(8)])].

given #1005 (A,wt=19): 2011 K(x,y) * (z * K(u,w)) = K(u,w) * (z * K(x,y)).  [para(73(a,1),399(a,1,2))].

given #1006 (F,wt=67): 47044 K((c2 * c3) \ ((c1 * c2) * c3),c4) * (K(c1,c2) * (((c2 * c3) \ ((c2 * c1) * c3)) * K(c2 * c3,(c2 * c3) \ ((c2 * c1) * c3)))) != K(c1,c4) * (((c2 * c3) \ ((c1 * c2) * c3)) * K(c2 * c3,(c2 * c3) \ ((c1 * c2) * c3))).  [para(33544(a,2),45915(a,1,2,1,2)),rewrite([8105(24),73(24,R),150(38)])].

given #1007 (F,wt=67): 47045 K((c2 * c3) \ ((c1 * c2) * c3),c4) * (((c2 * c3) \ ((c1 * c2) * c3)) * K(c2 * c3,(c2 * c3) \ ((c2 * c1) * c3))) != K(c1,c4) * (K(c2 * c3,(c2 * c3) \ ((c1 * c2) * c3)) * (K(c1,c2) * ((c2 * c3) \ ((c2 * c1) * c3)))).  [para(33544(a,2),45915(a,2,2,1,2)),rewrite([8105(51),73(51,R),73(65,R)])].

given #1008 (F,wt=67): 47047 K(c1,c2) * (((c2 * c3) \ ((c2 * c1) * c3)) * (K(c2 * c3,(c2 * c3) \ ((c2 * c1) * c3)) * K((c2 * c3) \ ((c2 * c1) * c3),c4))) != K(c1,c4) * (((c2 * c3) \ ((c1 * c2) * c3)) * K(c2 * c3,(c2 * c3) \ ((c1 * c2) * c3))).  [para(33544(a,2),45917(a,1,1,2)),rewrite([8105(13),73(13,R),422(39)])].

given #1009 (F,wt=67): 47048 ((c2 * c3) \ ((c1 * c2) * c3)) * (K(c2 * c3,(c2 * c3) \ ((c2 * c1) * c3)) * K((c2 * c3) \ ((c2 * c1) * c3),c4)) != K(c1,c4) * (K(c2 * c3,(c2 * c3) \ ((c1 * c2) * c3)) * (K(c1,c2) * ((c2 * c3) \ ((c2 * c1) * c3)))).  [para(33544(a,2),45917(a,2,2,1,2)),rewrite([8105(51),73(51,R),73(65,R)])].

given #1010 (T,wt=15): 36087 K(x,(y * z) \ (((u \ y) * z) * u)) = 1.  [para(196(a,1),27658(a,1,2,2,2)),rewrite([8105(8),73(8,R),3385(9)])].

given #1011 (T,wt=15): 36112 K(x,((((y * z) \ u) * z) * y) \ u) = 1.  [para(4(a,1),27659(a,1,2,2))].

given #1012 (T,wt=15): 36113 K(x,((y * z) * u) \ (y * (u * z))) = 1.  [para(165(a,1),27659(a,1,2,2)),rewrite([179(4),73(3),657(5),73(4),29808(8),73(8,R),3385(9)])].

given #1013 (T,wt=15): 36328 K((x * (((y * x) \ z) * y)) \ z,u) = 1.  [para(4(a,1),28130(a,1,1,2))].

given #1014 (A,wt=19): 2012 K(x,y) * (K(z,u) * w) = w * (K(z,u) * K(x,y)).  [para(73(a,2),399(a,1,2))].

given #1015 (F,wt=67): 47207 K(c1,c2) * (((c2 * c3) \ ((c2 * c1) * c3)) * (K((c2 * c3) \ ((c1 * c2) * c3),c4) * K(c2 * c3,(c2 * c3) \ ((c2 * c1) * c3)))) != K(c1,c4) * (((c2 * c3) \ ((c1 * c2) * c3)) * K(c2 * c3,(c2 * c3) \ ((c2 * c1) * c3))).  [para(33544(a,2),45919(a,1,1,2)),rewrite([8105(13),73(13,R),422(39)])].

given #1016 (F,wt=67): 47208 K(c1,c4) * (K(c1,c2) * (((c2 * c3) \ ((c2 * c1) * c3)) * K(c2 * c3,(c2 * c3) \ ((c2 * c1) * c3)))) != ((c2 * c3) \ ((c1 * c2) * c3)) * (K((c2 * c3) \ ((c1 * c2) * c3),c4) * K(c2 * c3,(c2 * c3) \ ((c2 * c1) * c3))).  [para(33544(a,2),45919(a,2,2,1,2)),rewrite([8105(51),73(51,R),150(65)]),flip(a)].

given #1017 (F,wt=67): 47209 K(c1,c2) * (((c2 * c3) \ ((c2 * c1) * c3)) * (K(c2 * c3,(c2 * c3) \ ((c1 * c2) * c3)) * K((c2 * c3) \ ((c2 * c1) * c3),c4))) != K(c1,c4) * (((c2 * c3) \ ((c1 * c2) * c3)) * K(c2 * c3,(c2 * c3) \ ((c2 * c1) * c3))).  [para(33544(a,2),45922(a,1,1,2)),rewrite([8105(13),73(13,R),422(39)])].

given #1018 (F,wt=67): 47210 ((c2 * c3) \ ((c1 * c2) * c3)) * (K(c2 * c3,(c2 * c3) \ ((c1 * c2) * c3)) * K((c2 * c3) \ ((c2 * c1) * c3),c4)) != K(c1,c4) * (K(c1,c2) * (((c2 * c3) \ ((c2 * c1) * c3)) * K(c2 * c3,(c2 * c3) \ ((c2 * c1) * c3)))).  [para(33544(a,2),45922(a,2,2,1,2)),rewrite([8105(51),73(51,R),150(65)])].

given #1019 (T,wt=15): 39138 K(((x * ((x * y) \ z)) * y) \ z,u) = 1.  [para(4(a,1),28157(a,1,1,2))].

given #1020 (T,wt=15): 39140 K(((x * y) * z) \ (y * (x * z)),u) = 1.  [para(165(a,1),28157(a,1,1,2)),rewrite([657(5),73(4),29808(8),73(8,R),3414(9)])].

given #1021 (T,wt=15): 39195 K(x,(y * (((z * y) \ u) * z)) \ u) = 1.  [para(4(a,1),28203(a,1,2,2))].

given #1022 (T,wt=15): 39477 K(x,((y * ((y * z) \ u)) * z) \ u) = 1.  [para(4(a,1),28228(a,1,2,2))].

given #1023 (A,wt=17): 2015 K(x \ y,x) * (z * y) = z * ((x \ y) * x).  [para(48(a,1),399(a,2,2))].

given #1024 (F,wt=67): 47211 K(c2 * c3,(c2 * c3) \ ((c2 * c1) * c3)) * (K(c1,c2) * (((c2 * c3) \ ((c2 * c1) * c3)) * K((c2 * c3) \ ((c2 * c1) * c3),c4))) != K(c1,c4) * (((c2 * c3) \ ((c1 * c2) * c3)) * K(c2 * c3,(c2 * c3) \ ((c1 * c2) * c3))).  [para(33544(a,2),45925(a,1,2,1,2)),rewrite([8105(26),73(26,R),150(38)])].

given #1025 (F,wt=67): 47212 K(c2 * c3,(c2 * c3) \ ((c2 * c1) * c3)) * (((c2 * c3) \ ((c1 * c2) * c3)) * K((c2 * c3) \ ((c2 * c1) * c3),c4)) != K(c1,c4) * (K(c2 * c3,(c2 * c3) \ ((c1 * c2) * c3)) * (K(c1,c2) * ((c2 * c3) \ ((c2 * c1) * c3)))).  [para(33544(a,2),45925(a,2,2,1,2)),rewrite([8105(51),73(51,R),73(65,R)])].

given #1026 (F,wt=67): 47214 K(c2 * c3,(c2 * c3) \ ((c1 * c2) * c3)) * (K(c1,c2) * (((c2 * c3) \ ((c2 * c1) * c3)) * K((c2 * c3) \ ((c2 * c1) * c3),c4))) != K(c1,c4) * (((c2 * c3) \ ((c1 * c2) * c3)) * K(c2 * c3,(c2 * c3) \ ((c2 * c1) * c3))).  [para(33544(a,2),45928(a,1,2,1,2)),rewrite([8105(26),73(26,R),150(38)])].

given #1027 (F,wt=67): 47215 K(c2 * c3,(c2 * c3) \ ((c1 * c2) * c3)) * (((c2 * c3) \ ((c1 * c2) * c3)) * K((c2 * c3) \ ((c2 * c1) * c3),c4)) != K(c1,c4) * (K(c1,c2) * (((c2 * c3) \ ((c2 * c1) * c3)) * K(c2 * c3,(c2 * c3) \ ((c2 * c1) * c3)))).  [para(33544(a,2),45928(a,2,2,1,2)),rewrite([8105(51),73(51,R),150(65)])].

given #1028 (T,wt=15): 39478 K(x,((y * z) * u) \ (z * (y * u))) = 1.  [para(165(a,1),28228(a,1,2,2)),rewrite([657(5),73(4),29808(8),73(8,R),3385(9)])].

given #1029 (T,wt=15): 39499 K((((x \ y) * x) * z) \ (z * y),u) = 1.  [para(170(a,1),28325(a,1,1,1,2)),rewrite([29808(7),73(7,R),3414(8)])].

given #1030 (T,wt=15): 39501 K((((x \ (y \ z)) * x) * y) \ z,u) = 1.  [para(196(a,1),28325(a,1,1,1,2)),rewrite([29808(8),73(8,R),3414(9)])].

given #1031 (T,wt=15): 39506 K(x,(((y \ z) * y) * u) \ (u * z)) = 1.  [para(170(a,1),28603(a,1,2,1,2)),rewrite([29808(7),73(7,R),3385(8)])].

given #1032 (A,wt=19): 2016 ((x \ 1) * x) * (y * z) = y * (z * ((x \ 1) * x)).  [para(201(a,1),399(a,1,1)),rewrite([201(8)])].

given #1033 (F,wt=67): 47324 K((c2 * c3) \ ((c1 * c2) * c3),c4) * (K(c1,c2) * (((c2 * c3) \ ((c2 * c1) * c3)) * K(c2 * c3,(c2 * c3) \ ((c2 * c1) * c3)))) != ((c2 * c3) \ ((c1 * c2) * c3)) * (K(c1,c4) * K(c2 * c3,(c2 * c3) \ ((c1 * c2) * c3))).  [para(33544(a,2),46289(a,1,2,1,2)),rewrite([8105(24),73(24,R),150(38)])].

given #1034 (F,wt=67): 47325 K((c2 * c3) \ ((c1 * c2) * c3),c4) * (((c2 * c3) \ ((c1 * c2) * c3)) * K(c2 * c3,(c2 * c3) \ ((c2 * c1) * c3))) != K(c1,c2) * (((c2 * c3) \ ((c2 * c1) * c3)) * (K(c1,c4) * K(c2 * c3,(c2 * c3) \ ((c1 * c2) * c3)))).  [para(33544(a,2),46289(a,2,1,2)),rewrite([8105(48),73(48,R),422(66)])].

given #1035 (F,wt=67): 47327 K(c1,c2) * (((c2 * c3) \ ((c2 * c1) * c3)) * (K(c2 * c3,(c2 * c3) \ ((c2 * c1) * c3)) * K((c2 * c3) \ ((c2 * c1) * c3),c4))) != ((c2 * c3) \ ((c1 * c2) * c3)) * (K(c1,c4) * K(c2 * c3,(c2 * c3) \ ((c1 * c2) * c3))).  [para(33544(a,2),46291(a,1,1,2)),rewrite([8105(13),73(13,R),422(39)])].

given #1036 (F,wt=67): 47328 ((c2 * c3) \ ((c1 * c2) * c3)) * (K(c2 * c3,(c2 * c3) \ ((c2 * c1) * c3)) * K((c2 * c3) \ ((c2 * c1) * c3),c4)) != K(c1,c2) * (((c2 * c3) \ ((c2 * c1) * c3)) * (K(c1,c4) * K(c2 * c3,(c2 * c3) \ ((c1 * c2) * c3)))).  [para(33544(a,2),46291(a,2,1,2)),rewrite([8105(48),73(48,R),422(66)])].

given #1037 (T,wt=15): 39508 K(x,(((y \ (z \ u)) * y) * z) \ u) = 1.  [para(196(a,1),28603(a,1,2,1,2)),rewrite([29808(8),73(8,R),3385(9)])].

given #1038 (T,wt=15): 39550 K(x,(y * z) \ (((y \ u) \ z) * u)) = 1.  [para(392(a,1),1361(a,1,2,1,2)),rewrite([29808(9),73(9,R),3385(10)])].

given #1039 (T,wt=15): 39554 K(x,(y * ((y \ z) * u)) \ (u * z)) = 1.  [para(399(a,2),1361(a,1,2,1,2)),rewrite([31037(7),73(7,R),3385(8)])].

given #1040 (T,wt=15): 39612 K(x,y * (((y * z) * (z \ 1)) \ 1)) = 1.  [para(196(a,1),29105(a,1,2,2,1,1,2)),rewrite([657(8),73(7),29808(10),201(9),9338(12)])].

given #1041 (A,wt=19): 2035 K(x,y) * (z * (u * w)) = z * (u * (w * K(x,y))).  [para(150(a,1),399(a,2,2))].

given #1042 (F,wt=67): 47330 K(c1,c2) * (((c2 * c3) \ ((c2 * c1) * c3)) * (K((c2 * c3) \ ((c1 * c2) * c3),c4) * K(c2 * c3,(c2 * c3) \ ((c2 * c1) * c3)))) != ((c2 * c3) \ ((c1 * c2) * c3)) * (K(c1,c4) * K(c2 * c3,(c2 * c3) \ ((c2 * c1) * c3))).  [para(33544(a,2),46293(a,1,1,2)),rewrite([8105(13),73(13,R),422(39)])].

given #1043 (F,wt=67): 47331 K(c1,c2) * (((c2 * c3) \ ((c2 * c1) * c3)) * (K(c1,c4) * K(c2 * c3,(c2 * c3) \ ((c2 * c1) * c3)))) != ((c2 * c3) \ ((c1 * c2) * c3)) * (K((c2 * c3) \ ((c1 * c2) * c3),c4) * K(c2 * c3,(c2 * c3) \ ((c2 * c1) * c3))).  [para(33544(a,2),46293(a,2,1,2)),rewrite([8105(48),73(48,R),422(66)]),flip(a)].

given #1044 (F,wt=67): 47332 K(c1,c2) * (((c2 * c3) \ ((c2 * c1) * c3)) * (K(c2 * c3,(c2 * c3) \ ((c1 * c2) * c3)) * K((c2 * c3) \ ((c2 * c1) * c3),c4))) != ((c2 * c3) \ ((c1 * c2) * c3)) * (K(c1,c4) * K(c2 * c3,(c2 * c3) \ ((c2 * c1) * c3))).  [para(33544(a,2),46296(a,1,1,2)),rewrite([8105(13),73(13,R),422(39)])].

given #1045 (F,wt=67): 47333 ((c2 * c3) \ ((c1 * c2) * c3)) * (K(c2 * c3,(c2 * c3) \ ((c1 * c2) * c3)) * K((c2 * c3) \ ((c2 * c1) * c3),c4)) != K(c1,c2) * (((c2 * c3) \ ((c2 * c1) * c3)) * (K(c1,c4) * K(c2 * c3,(c2 * c3) \ ((c2 * c1) * c3)))).  [para(33544(a,2),46296(a,2,1,2)),rewrite([8105(48),73(48,R),422(66)])].

given #1046 (T,wt=15): 39635 K(x * (((x * y) * (y \ 1)) \ 1),z) = 1.  [para(196(a,1),29106(a,1,1,2,1,1,2)),rewrite([657(8),73(7),29808(10),201(9),9342(12)])].

given #1047 (T,wt=15): 39657 K(x,y * (((y * z) * (z \ 1)) \ x)) = 1.  [para(196(a,1),29169(a,1,2,2,1,1,2)),rewrite([657(8),73(7),29808(9),201(8),9338(11)])].

given #1048 (T,wt=15): 39726 K(x * (((x * y) * (y \ 1)) \ z),z) = 1.  [para(196(a,1),29200(a,1,1,2,1,1,2)),rewrite([657(8),73(7),29808(9),201(8),9342(11)])].

given #1049 (T,wt=15): 39752 K(x,((y * (z \ u)) * (y \ z)) \ u) = 1.  [para(196(a,1),29417(a,1,2,1,1,1)),rewrite([179(5),2529(7),13234(8),73(8,R),3385(9)])].

given #1050 (A,wt=19): 2043 x * (K(y,z) * (u * w)) = x * (u * (w * K(y,z))).  [para(399(a,1),179(a,2,2)),rewrite([179(4)])].

given #1051 (F,wt=67): 47358 K(c2 * c3,(c2 * c3) \ ((c2 * c1) * c3)) * (K(c1,c2) * (((c2 * c3) \ ((c2 * c1) * c3)) * K((c2 * c3) \ ((c2 * c1) * c3),c4))) != ((c2 * c3) \ ((c1 * c2) * c3)) * (K(c1,c4) * K(c2 * c3,(c2 * c3) \ ((c1 * c2) * c3))).  [para(33544(a,2),47038(a,1,2,1,2)),rewrite([8105(26),73(26,R),150(38)])].

given #1052 (F,wt=67): 47359 K(c2 * c3,(c2 * c3) \ ((c2 * c1) * c3)) * (((c2 * c3) \ ((c1 * c2) * c3)) * K((c2 * c3) \ ((c2 * c1) * c3),c4)) != K(c1,c2) * (((c2 * c3) \ ((c2 * c1) * c3)) * (K(c1,c4) * K(c2 * c3,(c2 * c3) \ ((c1 * c2) * c3)))).  [para(33544(a,2),47038(a,2,1,2)),rewrite([8105(48),73(48,R),422(66)])].

given #1053 (F,wt=67): 47361 K(c2 * c3,(c2 * c3) \ ((c1 * c2) * c3)) * (K(c1,c2) * (((c2 * c3) \ ((c2 * c1) * c3)) * K((c2 * c3) \ ((c2 * c1) * c3),c4))) != ((c2 * c3) \ ((c1 * c2) * c3)) * (K(c1,c4) * K(c2 * c3,(c2 * c3) \ ((c2 * c1) * c3))).  [para(33544(a,2),47041(a,1,2,1,2)),rewrite([8105(26),73(26,R),150(38)])].

given #1054 (F,wt=67): 47362 K(c2 * c3,(c2 * c3) \ ((c1 * c2) * c3)) * (((c2 * c3) \ ((c1 * c2) * c3)) * K((c2 * c3) \ ((c2 * c1) * c3),c4)) != K(c1,c2) * (((c2 * c3) \ ((c2 * c1) * c3)) * (K(c1,c4) * K(c2 * c3,(c2 * c3) \ ((c2 * c1) * c3)))).  [para(33544(a,2),47041(a,2,1,2)),rewrite([8105(48),73(48,R),422(66)])].

given #1055 (T,wt=15): 39753 K(x,(((y \ (z \ u)) * z) * y) \ u) = 1.  [para(196(a,1),29417(a,1,2,1,1,2)),rewrite([657(7),31037(8),73(8,R),3385(9)])].

given #1056 (T,wt=15): 39805 K(x,(((y \ z) * (u \ y)) * u) \ z) = 1.  [para(4(a,1),29420(a,1,2,2))].

given #1057 (T,wt=15): 39807 K(x,((y * (z \ u)) * z) \ (y * u)) = 1.  [para(165(a,1),29420(a,1,2,2)),rewrite([179(4),2529(5),13234(7),73(7,R),3385(8)])].

given #1058 (T,wt=15): 39809 K(x,((y * z) * (z \ u)) \ (u * y)) = 1.  [para(196(a,1),29420(a,1,2,1,1,2)),rewrite([657(6),73(5),29808(8),73(8,R),3385(9)])].

given #1059 (A,wt=23): 2063 K(x,y) * (z * ((u \ 1) * u)) = ((u \ 1) * u) * (z * K(x,y)).  [para(206(a,1),399(a,1,2))].

given #1060 (F,wt=67): 47363 K((c2 * c3) \ ((c1 * c2) * c3),c4) * (K(c1,c2) * (((c2 * c3) \ ((c2 * c1) * c3)) * K(c2 * c3,(c2 * c3) \ ((c2 * c1) * c3)))) != K(c1,c4) * (((c2 * c3) \ ((c1 * c2) * c3)) * K(c2 * c3,(c2 * c3) \ ((c2 * c1) * c3))).  [para(33544(a,2),47046(a,1,2,1,2)),rewrite([8105(24),73(24,R),150(38)])].

given #1061 (F,wt=67): 47364 K(c1,c4) * (K(c1,c2) * (((c2 * c3) \ ((c2 * c1) * c3)) * K(c2 * c3,(c2 * c3) \ ((c2 * c1) * c3)))) != K((c2 * c3) \ ((c1 * c2) * c3),c4) * (((c2 * c3) \ ((c1 * c2) * c3)) * K(c2 * c3,(c2 * c3) \ ((c2 * c1) * c3))).  [para(33544(a,2),47046(a,2,2,1,2)),rewrite([8105(51),73(51,R),150(65)]),flip(a)].

given #1062 (F,wt=67): 47365 K(c1,c2) * (((c2 * c3) \ ((c2 * c1) * c3)) * (K(c2 * c3,(c2 * c3) \ ((c2 * c1) * c3)) * K((c2 * c3) \ ((c2 * c1) * c3),c4))) != K(c1,c4) * (((c2 * c3) \ ((c1 * c2) * c3)) * K(c2 * c3,(c2 * c3) \ ((c2 * c1) * c3))).  [para(33544(a,2),47049(a,1,1,2)),rewrite([8105(13),73(13,R),422(39)])].

given #1063 (F,wt=67): 47366 ((c2 * c3) \ ((c1 * c2) * c3)) * (K(c2 * c3,(c2 * c3) \ ((c2 * c1) * c3)) * K((c2 * c3) \ ((c2 * c1) * c3),c4)) != K(c1,c4) * (K(c1,c2) * (((c2 * c3) \ ((c2 * c1) * c3)) * K(c2 * c3,(c2 * c3) \ ((c2 * c1) * c3)))).  [para(33544(a,2),47049(a,2,2,1,2)),rewrite([8105(51),73(51,R),150(65)])].

given #1064 (T,wt=15): 39861 K(x,((y * z) * (y \ u)) \ (z * u)) = 1.  [para(165(a,1),29424(a,1,2,2)),rewrite([657(5),31037(7),73(7,R),3385(8)])].

given #1065 (T,wt=15): 39902 K(((x * (y \ z)) * (x \ y)) \ z,u) = 1.  [para(196(a,1),29493(a,1,1,1,1,1)),rewrite([179(5),2529(7),13234(8),73(8,R),3414(9)])].

given #1066 (T,wt=15): 39903 K((((x \ (y \ z)) * y) * x) \ z,u) = 1.  [para(196(a,1),29493(a,1,1,1,1,2)),rewrite([657(7),31037(8),73(8,R),3414(9)])].

given #1067 (T,wt=15): 39954 K((((x \ y) * (z \ x)) * z) \ y,u) = 1.  [para(4(a,1),29495(a,1,1,2))].

given #1068 (A,wt=23): 2064 K(x,y) * (((z \ 1) * z) * u) = u * ((z \ 1) * (z * K(x,y))).  [para(206(a,2),399(a,1,2)),rewrite([150(11)])].

given #1069 (F,wt=67): 47430 K(c2 * c3,(c2 * c3) \ ((c2 * c1) * c3)) * (K(c1,c2) * (((c2 * c3) \ ((c2 * c1) * c3)) * K((c2 * c3) \ ((c2 * c1) * c3),c4))) != K(c1,c4) * (((c2 * c3) \ ((c1 * c2) * c3)) * K(c2 * c3,(c2 * c3) \ ((c2 * c1) * c3))).  [para(33544(a,2),47213(a,1,2,1,2)),rewrite([8105(26),73(26,R),150(38)])].

given #1070 (F,wt=67): 47431 K(c2 * c3,(c2 * c3) \ ((c2 * c1) * c3)) * (((c2 * c3) \ ((c1 * c2) * c3)) * K((c2 * c3) \ ((c2 * c1) * c3),c4)) != K(c1,c4) * (K(c1,c2) * (((c2 * c3) \ ((c2 * c1) * c3)) * K(c2 * c3,(c2 * c3) \ ((c2 * c1) * c3)))).  [para(33544(a,2),47213(a,2,2,1,2)),rewrite([8105(51),73(51,R),150(65)])].

given #1071 (F,wt=67): 47432 K((c2 * c3) \ ((c1 * c2) * c3),c4) * (K(c1,c2) * (((c2 * c3) \ ((c2 * c1) * c3)) * K(c2 * c3,(c2 * c3) \ ((c2 * c1) * c3)))) != ((c2 * c3) \ ((c1 * c2) * c3)) * (K(c1,c4) * K(c2 * c3,(c2 * c3) \ ((c2 * c1) * c3))).  [para(33544(a,2),47326(a,1,2,1,2)),rewrite([8105(24),73(24,R),150(38)])].

given #1072 (F,wt=67): 47433 K(c1,c2) * (((c2 * c3) \ ((c2 * c1) * c3)) * (K(c1,c4) * K(c2 * c3,(c2 * c3) \ ((c2 * c1) * c3)))) != K((c2 * c3) \ ((c1 * c2) * c3),c4) * (((c2 * c3) \ ((c1 * c2) * c3)) * K(c2 * c3,(c2 * c3) \ ((c2 * c1) * c3))).  [para(33544(a,2),47326(a,2,1,2)),rewrite([8105(48),73(48,R),422(66)]),flip(a)].

given #1073 (T,wt=13): 48842 K(x,(y \ 1) \ z) = K(x,z * y).  [para(2064(a,2),32732(a,1,2)),rewrite([32179(10),41685(10),72(6),3385(6),3523(8)])].

given #1074 (T,wt=13): 48843 K((x \ 1) \ y,z) = K(y * x,z).  [para(2064(a,2),33359(a,1,1)),rewrite([32880(10),44889(10),72(6),3414(6),3725(8)])].

given #1075 (T,wt=13): 48868 K(x,y \ z) = K(x,z * (y \ 1)).  [para(196(a,1),48842(a,1,2,1)),rewrite([10663(5),201(4),15419(6),67(3)])].

given #1076 (T,wt=13): 48917 K(x \ y,z) = K(y * (x \ 1),z).  [para(196(a,1),48843(a,1,1,1)),rewrite([10663(5),201(4),15525(6),67(3)])].

given #1077 (A,wt=23): 2123 K(x,y) * (z * (u * K(w,v5))) = K(w,v5) * (z * (u * K(x,y))).  [para(399(a,1),399(a,1,2)),rewrite([150(9)])].

given #1078 (F,wt=69): 51119 ((c2 * c3) \ ((c1 * c2) * c3)) * (K(c2 * c3,c1 * (c2 * (c3 * ((c2 * c3) \ 1)))) * K(c1 * (c2 * (c3 * ((c2 * c3) \ 1))),c4)) != K(c1,c4) * (K(c2 * c3,c1 * (c2 * (c3 * ((c2 * c3) \ 1)))) * ((c2 * c3) \ ((c1 * c2) * c3))).  [back_rewrite(49301),rewrite([50768(35),32917(37)])].

given #1079 (F,wt=69): 51120 K(c2 * c3,c1 * (c2 * (c3 * ((c2 * c3) \ 1)))) * (K(c1 * (c2 * (c3 * ((c2 * c3) \ 1))),c4) * ((c2 * c3) \ ((c1 * c2) * c3))) != K(c1,c4) * (K(c2 * c3,c1 * (c2 * (c3 * ((c2 * c3) \ 1)))) * ((c2 * c3) \ ((c1 * c2) * c3))).  [back_rewrite(49300),rewrite([50768(35),32917(37),73(38,R)])].

given #1080 (F,wt=69): 51121 ((c2 * c3) \ ((c1 * c2) * c3)) * (K(c2 * c3,c1 * (c2 * (c3 * ((c2 * c3) \ 1)))) * K(c1 * (c2 * (c3 * ((c2 * c3) \ 1))),c4)) != ((c2 * c3) \ ((c1 * c2) * c3)) * (K(c1,c4) * K(c2 * c3,c1 * (c2 * (c3 * ((c2 * c3) \ 1))))).  [back_rewrite(49299),rewrite([50768(35),32917(37)])].

given #1081 (F,wt=69): 51122 ((c2 * c3) \ ((c1 * c2) * c3)) * (K(c1,c4) * K(c2 * c3,c1 * (c2 * (c3 * ((c2 * c3) \ 1))))) != K(c2 * c3,c1 * (c2 * (c3 * ((c2 * c3) \ 1)))) * (K(c1 * (c2 * (c3 * ((c2 * c3) \ 1))),c4) * ((c2 * c3) \ ((c1 * c2) * c3))).  [back_rewrite(49298),rewrite([50768(35),32917(37),73(38,R)]),flip(a)].

given #1082 (T,wt=13): 49001 K(x,y \ z) = K(x,(y \ 1) * z).  [para(48868(a,2),3768(a,1))].

given #1083 (T,wt=13): 49062 K(x \ (y \ 1),y \ (x \ 1)) = 1.  [para(48868(a,2),19037(a,1))].

given #1084 (T,wt=13): 50735 K(x \ y,z) = K((x \ 1) * y,z).  [para(48917(a,2),3821(a,1))].

given #1085 (T,wt=13): 52935 K(x,y \ ((y \ 1) \ z)) = K(x,z).  [para(4(a,1),49001(a,2,2))].

given #1086 (A,wt=23): 2124 K(x,y) * (K(z,u) * (w * v5)) = w * (v5 * (K(z,u) * K(x,y))).  [para(399(a,2),399(a,1,2)),rewrite([150(9)])].

given #1087 (F,wt=69): 51183 ((c2 * c3) \ ((c1 * c2) * c3)) * (K(c1,c4) * K(c2 * c3,c2 * (c1 * (c3 * ((c2 * c3) \ 1))))) != K(c2 * c3,c2 * (c1 * (c3 * ((c2 * c3) \ 1)))) * (K(c2 * (c1 * (c3 * ((c2 * c3) \ 1))),c4) * ((c2 * c3) \ ((c1 * c2) * c3))).  [back_rewrite(49202),rewrite([50768(35),32917(37),73(38,R)]),flip(a)].

given #1088 (F,wt=69): 51184 ((c2 * c3) \ ((c1 * c2) * c3)) * (K(c2 * c3,c2 * (c1 * (c3 * ((c2 * c3) \ 1)))) * K(c2 * (c1 * (c3 * ((c2 * c3) \ 1))),c4)) != ((c2 * c3) \ ((c1 * c2) * c3)) * (K(c1,c4) * K(c2 * c3,c2 * (c1 * (c3 * ((c2 * c3) \ 1))))).  [back_rewrite(49201),rewrite([50768(35),32917(37)])].

given #1089 (F,wt=69): 51185 ((c2 * c3) \ ((c1 * c2) * c3)) * (K(c1,c4) * K(c2 * c3,c2 * (c1 * (c3 * ((c2 * c3) \ 1))))) != K(c2 * c3,c2 * (c1 * (c3 * ((c2 * c3) \ 1)))) * (K(c1 * (c2 * (c3 * ((c2 * c3) \ 1))),c4) * ((c2 * c3) \ ((c1 * c2) * c3))).  [back_rewrite(49200),rewrite([50768(35),32917(37),73(38,R)]),flip(a)].

given #1090 (F,wt=69): 51186 K(c2 * c3,c2 * (c1 * (c3 * ((c2 * c3) \ 1)))) * (K(c2 * (c1 * (c3 * ((c2 * c3) \ 1))),c4) * ((c2 * c3) \ ((c1 * c2) * c3))) != K(c1,c4) * (K(c2 * c3,c2 * (c1 * (c3 * ((c2 * c3) \ 1)))) * ((c2 * c3) \ ((c1 * c2) * c3))).  [back_rewrite(49199),rewrite([50768(35),32917(37),73(38,R)])].

given #1091 (T,wt=13): 53001 K(x,y \ (z \ ((y \ 1) \ z))) = 1.  [para(49001(a,2),27121(a,1))].

given #1092 (T,wt=13): 53002 K(x,y \ (((y \ 1) * z) \ z)) = 1.  [para(49001(a,2),27145(a,1))].

given #1093 (T,wt=13): 53003 K(x,y \ ((z * (y \ 1)) \ z)) = 1.  [para(49001(a,2),27254(a,1))].

given #1094 (T,wt=13): 53103 K(x,y \ ((x \ (y \ 1)) \ 1)) = 1.  [para(196(a,1),49062(a,1,1)),rewrite([3502(12)])].

given #1095 (A,wt=19): 2239 x * (((y \ 1) * y) * z) = x * (z * ((y \ 1) * y)).  [para(201(a,1),402(a,1,2,1)),rewrite([201(8)])].

given #1096 (F,wt=69): 51187 ((c2 * c3) \ ((c1 * c2) * c3)) * (K(c2 * c3,c2 * (c1 * (c3 * ((c2 * c3) \ 1)))) * K(c2 * (c1 * (c3 * ((c2 * c3) \ 1))),c4)) != K(c1,c4) * (K(c2 * c3,c2 * (c1 * (c3 * ((c2 * c3) \ 1)))) * ((c2 * c3) \ ((c1 * c2) * c3))).  [back_rewrite(49198),rewrite([50768(35),32917(37)])].

given #1097 (F,wt=69): 51188 K(c2 * c3,c2 * (c1 * (c3 * ((c2 * c3) \ 1)))) * (K(c1 * (c2 * (c3 * ((c2 * c3) \ 1))),c4) * ((c2 * c3) \ ((c1 * c2) * c3))) != K(c1,c4) * (K(c2 * c3,c2 * (c1 * (c3 * ((c2 * c3) \ 1)))) * ((c2 * c3) \ ((c1 * c2) * c3))).  [back_rewrite(49197),rewrite([50768(35),32917(37),73(38,R)])].

given #1098 (F,wt=69): 51189 ((c2 * c3) \ ((c1 * c2) * c3)) * (K(c1,c4) * K(c2 * c3,c2 * (c1 * (c3 * ((c2 * c3) \ 1))))) != K(c2 * c3,c1 * (c2 * (c3 * ((c2 * c3) \ 1)))) * (K(c2 * (c1 * (c3 * ((c2 * c3) \ 1))),c4) * ((c2 * c3) \ ((c1 * c2) * c3))).  [back_rewrite(49196),rewrite([50768(35),32917(37),73(38,R)]),flip(a)].

given #1099 (F,wt=69): 51190 ((c2 * c3) \ ((c1 * c2) * c3)) * (K(c1,c4) * K(c2 * c3,c1 * (c2 * (c3 * ((c2 * c3) \ 1))))) != K(c2 * c3,c2 * (c1 * (c3 * ((c2 * c3) \ 1)))) * (K(c2 * (c1 * (c3 * ((c2 * c3) \ 1))),c4) * ((c2 * c3) \ ((c1 * c2) * c3))).  [back_rewrite(49195),rewrite([50768(35),32917(37),73(38,R)]),flip(a)].

given #1100 (T,wt=13): 53104 K(x \ ((y \ (x \ 1)) \ 1),y) = 1.  [para(196(a,1),49062(a,1,2)),rewrite([3334(12)])].

given #1101 (T,wt=13): 53107 K(x \ ((x \ 1) \ y),z) = K(y,z).  [para(4(a,1),50735(a,2,1))].

given #1102 (T,wt=13): 53143 K(x \ (y \ ((x \ 1) \ y)),z) = 1.  [para(50735(a,2),27096(a,1))].

given #1103 (T,wt=13): 53144 K(x \ (((x \ 1) * y) \ y),z) = 1.  [para(50735(a,2),27113(a,1))].

given #1104 (A,wt=23): 2293 ((x \ 1) * x) * (K(y,z) * u) = u * (K(y,z) * ((x \ 1) * x)).  [para(402(a,2),206(a,1)),rewrite([411(12)])].

given #1105 (F,wt=69): 51191 ((c2 * c3) \ ((c1 * c2) * c3)) * (K(c2 * c3,c1 * (c2 * (c3 * ((c2 * c3) \ 1)))) * K(c2 * (c1 * (c3 * ((c2 * c3) \ 1))),c4)) != ((c2 * c3) \ ((c1 * c2) * c3)) * (K(c1,c4) * K(c2 * c3,c2 * (c1 * (c3 * ((c2 * c3) \ 1))))).  [back_rewrite(49194),rewrite([50768(35),32917(37)])].

given #1106 (F,wt=69): 51192 ((c2 * c3) \ ((c1 * c2) * c3)) * (K(c2 * c3,c2 * (c1 * (c3 * ((c2 * c3) \ 1)))) * K(c1 * (c2 * (c3 * ((c2 * c3) \ 1))),c4)) != ((c2 * c3) \ ((c1 * c2) * c3)) * (K(c1,c4) * K(c2 * c3,c2 * (c1 * (c3 * ((c2 * c3) \ 1))))).  [back_rewrite(49193),rewrite([50768(35),32917(37)])].

given #1107 (F,wt=69): 51193 ((c2 * c3) \ ((c1 * c2) * c3)) * (K(c2 * c3,c2 * (c1 * (c3 * ((c2 * c3) \ 1)))) * K(c2 * (c1 * (c3 * ((c2 * c3) \ 1))),c4)) != ((c2 * c3) \ ((c1 * c2) * c3)) * (K(c1,c4) * K(c2 * c3,c1 * (c2 * (c3 * ((c2 * c3) \ 1))))).  [back_rewrite(49192),rewrite([50768(35),32917(37)])].

given #1108 (F,wt=69): 51194 ((c2 * c3) \ ((c1 * c2) * c3)) * (K(c1,c4) * K(c2 * c3,c1 * (c2 * (c3 * ((c2 * c3) \ 1))))) != K(c2 * c3,c2 * (c1 * (c3 * ((c2 * c3) \ 1)))) * (K(c1 * (c2 * (c3 * ((c2 * c3) \ 1))),c4) * ((c2 * c3) \ ((c1 * c2) * c3))).  [back_rewrite(49191),rewrite([50768(35),32917(37),73(38,R)]),flip(a)].

given #1109 (T,wt=13): 53145 K(x \ ((y * (x \ 1)) \ y),z) = 1.  [para(50735(a,2),27115(a,1))].

given #1110 (T,wt=15): 40546 K(x,x * (y \ ((y * (z \ 1)) * z))) = 1.  [para(170(a,1),29968(a,1,1)),rewrite([8842(6),67(2)])].

given #1111 (T,wt=15): 40547 K((x \ ((x * y) * (y \ 1))) \ z,z) = 1.  [para(196(a,1),29968(a,1,1,1,2,1,2)),rewrite([657(8),73(7),8105(9),73(9,R),13234(10),201(9),3821(11),32917(11),33359(11),72(8)])].

given #1112 (T,wt=15): 40671 K(x * (y \ ((y * (z \ 1)) * z)),x) = 1.  [para(170(a,1),29969(a,1,2)),rewrite([8842(12),67(8)])].

given #1113 (A,wt=23): 2375 K(x,y) * (z * (u * K(w,v5))) = z * (K(w,v5) * (u * K(x,y))).  [para(402(a,1),399(a,1,2)),rewrite([150(9)])].

given #1114 (F,wt=69): 51195 K(c2 * c3,c1 * (c2 * (c3 * ((c2 * c3) \ 1)))) * (K(c2 * (c1 * (c3 * ((c2 * c3) \ 1))),c4) * ((c2 * c3) \ ((c1 * c2) * c3))) != K(c1,c4) * (K(c2 * c3,c2 * (c1 * (c3 * ((c2 * c3) \ 1)))) * ((c2 * c3) \ ((c1 * c2) * c3))).  [back_rewrite(49190),rewrite([50768(35),32917(37),73(38,R)])].

given #1115 (F,wt=69): 51196 K(c2 * c3,c2 * (c1 * (c3 * ((c2 * c3) \ 1)))) * (K(c2 * (c1 * (c3 * ((c2 * c3) \ 1))),c4) * ((c2 * c3) \ ((c1 * c2) * c3))) != K(c1,c4) * (K(c2 * c3,c1 * (c2 * (c3 * ((c2 * c3) \ 1)))) * ((c2 * c3) \ ((c1 * c2) * c3))).  [back_rewrite(49189),rewrite([50768(35),32917(37),73(38,R)])].

given #1116 (F,wt=69): 51197 ((c2 * c3) \ ((c1 * c2) * c3)) * (K(c2 * c3,c1 * (c2 * (c3 * ((c2 * c3) \ 1)))) * K(c2 * (c1 * (c3 * ((c2 * c3) \ 1))),c4)) != K(c1,c4) * (K(c2 * c3,c2 * (c1 * (c3 * ((c2 * c3) \ 1)))) * ((c2 * c3) \ ((c1 * c2) * c3))).  [back_rewrite(49188),rewrite([50768(35),32917(37)])].

given #1117 (F,wt=69): 51198 ((c2 * c3) \ ((c1 * c2) * c3)) * (K(c2 * c3,c2 * (c1 * (c3 * ((c2 * c3) \ 1)))) * K(c1 * (c2 * (c3 * ((c2 * c3) \ 1))),c4)) != K(c1,c4) * (K(c2 * c3,c2 * (c1 * (c3 * ((c2 * c3) \ 1)))) * ((c2 * c3) \ ((c1 * c2) * c3))).  [back_rewrite(49187),rewrite([50768(35),32917(37)])].

given #1118 (T,wt=15): 40672 K(x,(y \ ((y * z) * (z \ 1))) \ x) = 1.  [para(196(a,1),29969(a,1,2,1,2,1,2)),rewrite([657(8),73(7),8105(9),73(9,R),13234(10),201(9),3768(11),32228(11),32732(11),72(8)])].

given #1119 (T,wt=15): 40744 K((x \ ((x * y) * (y \ 1))) \ 1,z) = 1.  [para(196(a,1),30098(a,1,1,1,2,1,2)),rewrite([657(8),73(7),8105(9),73(9,R),13234(11),201(10),3821(12),32917(12),33359(12),72(9)])].

given #1120 (T,wt=15): 40802 K(x,(y \ ((y * z) * (z \ 1))) \ 1) = 1.  [para(196(a,1),30099(a,1,2,1,2,1,2)),rewrite([657(8),73(7),8105(9),73(9,R),13234(11),201(10),3768(12),32228(12),32732(12),72(9)])].

given #1121 (T,wt=15): 40895 K(((x \ y) * ((y \ z) * x)) \ z,u) = 1.  [para(4(a,1),30543(a,1,1,2))].

given #1122 (A,wt=23): 2376 K(x,y) * (z * (K(u,w) * v5)) = z * (v5 * (K(u,w) * K(x,y))).  [para(402(a,2),399(a,1,2)),rewrite([150(9)])].

given #1123 (F,wt=69): 51199 ((c2 * c3) \ ((c1 * c2) * c3)) * (K(c2 * c3,c2 * (c1 * (c3 * ((c2 * c3) \ 1)))) * K(c2 * (c1 * (c3 * ((c2 * c3) \ 1))),c4)) != K(c1,c4) * (K(c2 * c3,c1 * (c2 * (c3 * ((c2 * c3) \ 1)))) * ((c2 * c3) \ ((c1 * c2) * c3))).  [back_rewrite(49186),rewrite([50768(35),32917(37)])].

given #1124 (F,wt=69): 51200 K(c2 * c3,c2 * (c1 * (c3 * ((c2 * c3) \ 1)))) * (K(c1 * (c2 * (c3 * ((c2 * c3) \ 1))),c4) * ((c2 * c3) \ ((c1 * c2) * c3))) != K(c1,c4) * (K(c2 * c3,c1 * (c2 * (c3 * ((c2 * c3) \ 1)))) * ((c2 * c3) \ ((c1 * c2) * c3))).  [back_rewrite(49185),rewrite([50768(35),32917(37),73(38,R)])].

given #1125 (F,wt=69): 51201 ((c2 * c3) \ ((c1 * c2) * c3)) * (K(c1,c4) * K(c2 * c3,c2 * (c1 * (c3 * ((c2 * c3) \ 1))))) != K(c2 * c3,c1 * (c2 * (c3 * ((c2 * c3) \ 1)))) * (K(c1 * (c2 * (c3 * ((c2 * c3) \ 1))),c4) * ((c2 * c3) \ ((c1 * c2) * c3))).  [back_rewrite(49184),rewrite([50768(35),32917(37),73(38,R)]),flip(a)].

given #1126 (F,wt=69): 51202 ((c2 * c3) \ ((c1 * c2) * c3)) * (K(c1,c4) * K(c2 * c3,c1 * (c2 * (c3 * ((c2 * c3) \ 1))))) != K(c2 * c3,c1 * (c2 * (c3 * ((c2 * c3) \ 1)))) * (K(c2 * (c1 * (c3 * ((c2 * c3) \ 1))),c4) * ((c2 * c3) \ ((c1 * c2) * c3))).  [back_rewrite(49183),rewrite([50768(35),32917(37),73(38,R)]),flip(a)].

given #1127 (T,wt=15): 40996 K(((((x \ y) \ z) \ x) * z) \ y,u) = 1.  [para(4(a,1),30546(a,1,1,2))].

given #1128 (T,wt=15): 41093 K(x,((y \ z) * ((z \ u) * y)) \ u) = 1.  [para(4(a,1),30591(a,1,2,2))].

given #1129 (T,wt=15): 41309 K(x,((((y \ z) \ u) \ y) * u) \ z) = 1.  [para(4(a,1),30594(a,1,2,2))].

given #1130 (T,wt=15): 41651 K(x,y * ((y \ z) * u)) = K(x,z * u).  [para(4(a,1),32228(a,1,2,1)),flip(a)].

given #1131 (A,wt=23): 2377 x * (K(y,z) * (K(u,w) * v5)) = x * (v5 * (K(y,z) * K(u,w))).  [para(399(a,2),402(a,1,2)),rewrite([150(9)])].

given #1132 (F,wt=59): 53726 ((c2 * c3) \ ((c1 * c2) * c3)) * (K(c2 * c3,c1) * K(c2 * (c1 * (c3 * ((c2 * c3) \ 1))),c4)) != K(c1,c4) * (K(c2 * c3,c1 * (c2 * (c3 * ((c2 * c3) \ 1)))) * ((c2 * c3) \ ((c1 * c2) * c3))).  [back_rewrite(53670),rewrite([53699(24),72(15)])].

given #1133 (F,wt=49): 53783 ((c2 * c3) \ ((c1 * c2) * c3)) * (K(c2 * c3,c1) * K(c2 * (c1 * (c3 * ((c2 * c3) \ 1))),c4)) != K(c1,c4) * (K(c2 * c3,c1) * ((c2 * c3) \ ((c1 * c2) * c3))).  [para(32242(a,2),53726(a,2,2,1)),rewrite([32179(47),53699(47),72(38)])].

given #1134 (F,wt=49): 53787 ((c2 * c3) \ ((c1 * c2) * c3)) * (K(c2 * c3,c1) * K(c2 * (c1 * (c3 * ((c2 * c3) \ 1))),c4)) != K(c2 * c3,c1) * (K(c1,c4) * ((c2 * c3) \ ((c1 * c2) * c3))).  [para(399(a,1),53783(a,2)),rewrite([73(47,R)])].

given #1135 (F,wt=49): 53788 K(c2 * (c1 * (c3 * ((c2 * c3) \ 1))),c4) * (K(c2 * c3,c1) * ((c2 * c3) \ ((c1 * c2) * c3))) != K(c1,c4) * (K(c2 * c3,c1) * ((c2 * c3) \ ((c1 * c2) * c3))).  [para(399(a,2),53783(a,1)),rewrite([73(28,R)])].

given #1136 (T,wt=15): 41652 K(x,y * (z * ((y * z) \ u))) = K(x,u).  [para(4(a,1),32228(a,1,2)),flip(a)].

given #1137 (T,wt=15): 41682 K(x,y * (z * (x * ((y * z) \ 1)))) = 1.  [para(32228(a,1),18155(a,1))].

given #1138 (T,wt=15): 41686 K(x,y * (z * ((x \ (y * z)) \ 1))) = 1.  [para(32228(a,1),18256(a,1))].

given #1139 (T,wt=15): 41732 K(x,y * (z * (u \ ((y * z) \ u)))) = 1.  [para(32228(a,1),27121(a,1))].

given #1140 (A,wt=23): 2382 x * (K(y,z) * (u * K(w,v5))) = x * (K(w,v5) * (u * K(y,z))).  [para(402(a,1),402(a,1,2)),rewrite([150(9)])].

given #1141 (F,wt=49): 53789 K(c2 * c3,c1) * (K(c2 * (c1 * (c3 * ((c2 * c3) \ 1))),c4) * ((c2 * c3) \ ((c1 * c2) * c3))) != K(c1,c4) * (K(c2 * c3,c1) * ((c2 * c3) \ ((c1 * c2) * c3))).  [para(645(a,2),53783(a,1)),rewrite([73(28,R)])].

given #1142 (F,wt=49): 53790 ((c2 * c3) \ ((c1 * c2) * c3)) * (K(c2 * c3,c1) * K(c2 * (c1 * (c3 * ((c2 * c3) \ 1))),c4)) != ((c2 * c3) \ ((c1 * c2) * c3)) * (K(c1,c4) * K(c2 * c3,c1)).  [para(820(a,1),53783(a,2))].

given #1143 (F,wt=49): 53791 ((c2 * c3) \ ((c1 * c2) * c3)) * (K(c2 * c3,c1) * K(c2 * (c3 * (((c2 * c3) \ 1) * c1)),c4)) != K(c1,c4) * (K(c2 * c3,c1) * ((c2 * c3) \ ((c1 * c2) * c3))).  [para(25035(a,1),53783(a,1,2,2)),rewrite([32880(27)])].
-------- Proof 1 -------- 

============================== PROOF =================================

% Proof 1 at 7.62 (+ 0.22) seconds.
% Length of proof is 225.
% Level of proof is 40.
% Maximum clause weight is 87.000.
% Given clauses 1143.

1 T(R(x,y,z),u) = R(T(x,u),y,z) # label(non_clause) # label(goal).  [goal].
2 0 * x = x.  [assumption].
3 x * 0 = x.  [assumption].
4 x * (x \ y) = y.  [assumption].
5 x \ (x * y) = y.  [assumption].
6 (x * y) / y = x.  [assumption].
7 (x / y) * y = x.  [assumption].
8 (x * y) * z = (x * (y * z)) * a(x,y,z).  [assumption].
9 (x * (y * z)) * a(x,y,z) = (x * y) * z.  [copy(8),flip(a)].
10 x * y = (y * x) * K(x,y).  [assumption].
11 (x * y) * K(y,x) = y * x.  [copy(10),flip(a)].
12 R(x,y,z) = ((x * y) * z) / (y * z).  [assumption].
13 L(x,y,z) = (z * y) \ (z * (y * x)).  [assumption].
14 T(x,y) = y \ (x * y).  [assumption].
15 K(K(x,y),z) = 1.  [assumption].
16 K(x,K(y,z)) = 1.  [assumption].
17 K(a(x,y,z),u) = 1.  [assumption].
18 K(x,a(y,z,u)) = 1.  [assumption].
19 a(K(x,y),z,u) = 1.  [assumption].
20 a(x,K(y,z),u) = 1.  [assumption].
21 a(x,y,K(z,u)) = 1.  [assumption].
22 a(a(x,y,z),u,w) = 1.  [assumption].
23 a(x,a(y,z,u),w) = 1.  [assumption].
24 a(x,y,a(z,u,w)) = 1.  [assumption].
25 T(R(c1,c2,c3),c4) != R(T(c1,c4),c2,c3).  [deny(1)].
26 (((c4 \ (c1 * c4)) * c2) * c3) / (c2 * c3) != c4 \ ((((c1 * c2) * c3) / (c2 * c3)) * c4).  [copy(25),rewrite([12(4),14(11),14(16),12(21)]),flip(a)].
27 0 \ x = x.  [para(4(a,1),2(a,1)),flip(a)].
28 x \ x = 0.  [para(3(a,1),5(a,1,2))].
37 a(x,y,z) = (x * (y * z)) \ ((x * y) * z).  [para(9(a,1),5(a,1,2)),flip(a)].
38 (x * (y * ((z * (u * w)) \ ((z * u) * w)))) \ ((x * y) * ((z * (u * w)) \ ((z * u) * w))) = 1.  [back_rewrite(24),rewrite([37(1),37(6)])].
39 (x * (((y * (z * u)) \ ((y * z) * u)) * w)) \ ((x * ((y * (z * u)) \ ((y * z) * u))) * w) = 1.  [back_rewrite(23),rewrite([37(1),37(6)])].
40 (((x * (y * z)) \ ((x * y) * z)) * (u * w)) \ ((((x * (y * z)) \ ((x * y) * z)) * u) * w) = 1.  [back_rewrite(22),rewrite([37(1),37(6)])].
41 (x * (y * K(z,u))) \ ((x * y) * K(z,u)) = 1.  [back_rewrite(21),rewrite([37(2)])].
42 (x * (K(y,z) * u)) \ ((x * K(y,z)) * u) = 1.  [back_rewrite(20),rewrite([37(2)])].
43 (K(x,y) * (z * u)) \ ((K(x,y) * z) * u) = 1.  [back_rewrite(19),rewrite([37(2)])].
44 K(x,(y * (z * u)) \ ((y * z) * u)) = 1.  [back_rewrite(18),rewrite([37(1)])].
45 K((x * (y * z)) \ ((x * y) * z),u) = 1.  [back_rewrite(17),rewrite([37(1)])].
46 x * K(x,0) = x.  [para(2(a,1),11(a,1,1)),rewrite([3(5)])].
47 x * K(0,x) = x.  [para(2(a,1),11(a,2)),rewrite([3(2)])].
48 x * K(y \ x,y) = (y \ x) * y.  [para(4(a,1),11(a,1,1))].
49 (x * y) \ (y * x) = K(y,x).  [para(11(a,1),5(a,1,2))].
55 K(1,x) = 1.  [para(15(a,1),15(a,1,1))].
56 (K(x,y) * z) * 1 = z * K(x,y).  [para(16(a,1),11(a,1,2))].
57 K(x,1) = 1.  [para(15(a,1),16(a,1,2))].
62 K(x,0) = 0.  [para(46(a,1),5(a,1,2)),rewrite([28(1)]),flip(a)].
66 0 = 1.  [para(62(a,1),15(a,1))].
67 x * 1 = x.  [back_rewrite(47),rewrite([66(1),55(2)])].
70 x \ x = 1.  [back_rewrite(28),rewrite([66(2)])].
71 1 \ x = x.  [back_rewrite(27),rewrite([66(1)])].
72 1 * x = x.  [back_rewrite(2),rewrite([66(1)])].
73 K(x,y) * z = z * K(x,y).  [back_rewrite(56),rewrite([67(4)])].
74 (x * y) * ((z * (u * w)) \ ((z * u) * w)) = x * (y * ((z * (u * w)) \ ((z * u) * w))).  [para(38(a,1),4(a,1,2)),rewrite([67(9)]),flip(a)].
88 x \ ((y \ x) * y) = K(y \ x,y).  [para(4(a,1),49(a,1,1))].
89 ((x \ y) * x) \ y = K(x,x \ y).  [para(4(a,1),49(a,1,2))].
93 (x * ((y * (z * u)) \ ((y * z) * u))) * w = x * (((y * (z * u)) \ ((y * z) * u)) * w).  [para(39(a,1),4(a,1,2)),rewrite([67(9)]),flip(a)].
108 K(x,y) \ (z * K(x,y)) = z.  [para(73(a,1),5(a,1,2))].
118 (K(x,y) * z) \ (K(x,y) * (z * u)) = (z * K(x,y)) \ (K(x,y) * (z * u)).  [para(73(a,1),13(a,2,1)),rewrite([13(2)])].
119 (x * K(y,z)) \ (x * (K(y,z) * u)) = (x * K(y,z)) \ (x * (u * K(y,z))).  [para(73(a,1),13(a,2,2,2)),rewrite([13(2)])].
122 (x * y) \ (x * (K(z,u) * y)) = (x * y) \ (x * (y * K(z,u))).  [para(73(a,2),13(a,2,2,2)),rewrite([13(2)]),flip(a)].
128 (x * (y * K(z,u))) \ (K(z,u) * (x * y)) = 1.  [para(73(a,2),37(a,2,2)),rewrite([37(2),41(7)]),flip(a)].
129 x / K(y,z) = K(y,z) \ x.  [para(7(a,1),108(a,1,2)),flip(a)].
130 K(x,y) \ (x * y) = y * x.  [para(11(a,1),108(a,1,2))].
133 (((x * (y * z)) \ ((x * y) * z)) * u) * w = ((x * (y * z)) \ ((x * y) * z)) * (u * w).  [para(40(a,1),4(a,1,2)),rewrite([67(9)]),flip(a)].
150 (x * y) * K(z,u) = x * (y * K(z,u)).  [para(41(a,1),4(a,1,2)),rewrite([67(5)]),flip(a)].
165 x * (y * K(y,x)) = y * x.  [back_rewrite(11),rewrite([150(3)])].
170 x \ (y * x) = y * K(y,x).  [para(165(a,1),5(a,1,2))].
172 (x * y) \ ((x * K(x,y)) * y) = K(x * K(x,y),y).  [para(165(a,1),49(a,1,1))].
177 (((c1 * K(c1,c4)) * c2) * c3) / (c2 * c3) != (((c1 * c2) * c3) / (c2 * c3)) * K(((c1 * c2) * c3) / (c2 * c3),c4).  [back_rewrite(26),rewrite([170(5),170(26)])].
179 (x * K(y,z)) * u = x * (K(y,z) * u).  [para(42(a,1),4(a,1,2)),rewrite([67(5)]),flip(a)].
186 ((c1 * (c2 * K(c1,c4))) * c3) / (c2 * c3) != (((c1 * c2) * c3) / (c2 * c3)) * K(((c1 * c2) * c3) / (c2 * c3),c4).  [back_rewrite(177),rewrite([179(7),73(6)])].
191 (x * y) \ (x * (y * K(x,y))) = K(x * K(x,y),y).  [back_rewrite(172),rewrite([179(4),73(3)])].
196 (x \ y) \ y = x * K(x,x \ y).  [para(4(a,1),170(a,1,2))].
197 (x / y) * K(x / y,y) = y \ x.  [para(7(a,1),170(a,1,2)),flip(a)].
201 K(x \ 1,x) = (x \ 1) * x.  [para(48(a,1),72(a,1)),flip(a)].
206 ((x \ 1) * x) * y = y * ((x \ 1) * x).  [para(201(a,1),73(a,1,1)),rewrite([201(7)])].
211 (K(x,y) * z) * u = K(x,y) * (z * u).  [para(43(a,1),4(a,1,2)),rewrite([67(5)]),flip(a)].
258 ((x * (y * z)) \ ((x * y) * z)) * (x * (y * z)) = (x * y) * z.  [para(45(a,1),48(a,1,2)),rewrite([67(4)]),flip(a)].
270 (x * y) \ (x * (y * ((z * (u * w)) \ ((z * u) * w)))) = (z * (u * w)) \ ((z * u) * w).  [para(74(a,1),5(a,1,2))].
281 ((x * (y * z)) \ ((x * y) * z)) * (u * w) = u * (w * ((x * (y * z)) \ ((x * y) * z))).  [para(74(a,1),130(a,1,2)),rewrite([44(7),71(9)]),flip(a)].
284 x * (y * (K(y,x) * ((z * (u * w)) \ ((z * u) * w)))) = y * (x * ((z * (u * w)) \ ((z * u) * w))).  [para(165(a,1),74(a,1,1)),rewrite([74(7),74(15)]),flip(a)].
344 (x / y) \ (y \ x) = K(x / y,y).  [para(197(a,1),5(a,1,2))].
345 K(x / y,y) \ (y \ x) = x / y.  [para(197(a,1),6(a,1,1)),rewrite([129(4)])].
355 ((x * y) / x) \ y = K((x * y) / x,x).  [para(5(a,1),344(a,1,2))].
388 K((x * y) / x,x) \ y = (x * y) / x.  [para(5(a,1),345(a,1,2))].
392 x * ((x \ y) * K(z,u)) = y * K(z,u).  [para(4(a,1),150(a,1,1)),flip(a)].
393 (x * y) \ (x * (y * K(z,u))) = K(z,u).  [para(150(a,1),5(a,1,2))].
396 K(x,y) * (z * (K(x,y) \ u)) = z * u.  [para(7(a,1),150(a,2,2)),rewrite([129(2),73(5,R)])].
397 K(x,y) * ((z / (u * K(x,y))) * u) = z.  [para(7(a,1),150(a,2)),rewrite([73(6,R)])].
399 K(x,y) * (z * u) = z * (u * K(x,y)).  [para(150(a,1),73(a,2))].
402 x * (K(y,z) * u) = x * (u * K(y,z)).  [para(73(a,2),150(a,2,2)),rewrite([150(3)]),flip(a)].
406 x * (y * (z * K(y * z,x))) = (y * z) * x.  [para(150(a,1),165(a,1,2))].
411 (x * y) * ((z \ 1) * z) = x * (y * ((z \ 1) * z)).  [para(201(a,1),150(a,1,2)),rewrite([201(8)])].
427 K(x * K(x,y),y) = K(x,y).  [back_rewrite(191),rewrite([393(5)]),flip(a)].
428 (x * y) \ (x * (K(z,u) * y)) = K(z,u).  [back_rewrite(122),rewrite([393(10)])].
439 K(x / y,y) = K(y \ x,y).  [para(197(a,1),427(a,1,1)),flip(a)].
446 (x * y) / x = K(y,x) \ y.  [back_rewrite(388),rewrite([439(3),5(2)]),flip(a)].
450 K(K(x,y) \ x,y) = K(x,y).  [back_rewrite(355),rewrite([446(2),196(3),15(5),67(3),446(3)]),flip(a)].
456 x / y = K(y \ x,y) \ (y \ x).  [back_rewrite(345),rewrite([439(2)]),flip(a)].
471 K(x,y) * ((K((z * K(x,y)) \ u,z * K(x,y)) \ ((z * K(x,y)) \ u)) * z) = u.  [back_rewrite(397),rewrite([456(4)])].
513 K((c2 * c3) \ ((c1 * (c2 * K(c1,c4))) * c3),c2 * c3) \ ((c2 * c3) \ ((c1 * (c2 * K(c1,c4))) * c3)) != (K((c2 * c3) \ ((c1 * c2) * c3),c2 * c3) \ ((c2 * c3) \ ((c1 * c2) * c3))) * K(K((c2 * c3) \ ((c1 * c2) * c3),c2 * c3) \ ((c2 * c3) \ ((c1 * c2) * c3)),c4).  [back_rewrite(186),rewrite([456(13),456(40),456(63)])].
548 x * (((y * (z * u)) \ ((y * z) * u)) * w) = x * (w * ((y * (z * u)) \ ((y * z) * u))).  [para(165(a,1),93(a,2,2)),rewrite([44(12),67(8),93(7)])].
558 (x * (y * ((z * (u * w)) \ ((z * u) * w)))) * v5 = (x * y) * (((z * (u * w)) \ ((z * u) * w)) * v5).  [para(74(a,1),93(a,1,1))].
562 (K(x,y) \ x) * y = y * x.  [para(450(a,1),165(a,1,2,2)),rewrite([73(4,R),4(4)]),flip(a)].
569 (((x \ 1) * x) \ (x \ 1)) * x = 1.  [para(201(a,1),562(a,1,1,1)),rewrite([4(10)])].
581 K(x,y) * ((K(z,u * K(x,y)) \ z) * u) = u * (K(x,y) * z).  [para(562(a,1),150(a,2)),rewrite([73(7,R),179(10)])].
585 ((x * (y * z)) \ ((x * y) * z)) * (u * w) = u * (((x * (y * z)) \ ((x * y) * z)) * w).  [para(562(a,1),93(a,1,1)),rewrite([133(7),44(13),71(9)])].
587 x * (K(y,z) * ((x * K(y,z)) \ u)) = u.  [back_rewrite(471),rewrite([581(13)])].
641 (x * K(y,z)) \ (x * (K(y,z) * u)) = u.  [para(179(a,1),5(a,1,2))].
643 (x * (y * K(z,u))) \ (y * (K(z,u) * x)) = K(y * K(z,u),x).  [para(179(a,1),49(a,1,2))].
645 K(x,y) * (z * u) = z * (K(x,y) * u).  [para(73(a,2),179(a,1,1)),rewrite([211(3)])].
649 x * (K(y \ x,y) * z) = ((y \ x) * y) * z.  [para(48(a,1),179(a,1,1)),flip(a)].
657 (x * (y * K(z,u))) * w = (x * y) * (K(z,u) * w).  [para(150(a,1),179(a,1,1))].
661 (K(x,y) \ 1) * (K(x,y) * z) = z.  [para(569(a,1),179(a,1,1)),rewrite([72(2),73(5,R),4(5),71(5)]),flip(a)].
664 (x * K(y,z)) \ (x * (u * K(y,z))) = u.  [back_rewrite(119),rewrite([641(6)]),flip(a)].
670 K((c2 * c3) \ ((c1 * c2) * (c3 * K(c1,c4))),c2 * c3) \ ((c2 * c3) \ ((c1 * c2) * (c3 * K(c1,c4)))) != (K((c2 * c3) \ ((c1 * c2) * c3),c2 * c3) \ ((c2 * c3) \ ((c1 * c2) * c3))) * K(K((c2 * c3) \ ((c1 * c2) * c3),c2 * c3) \ ((c2 * c3) \ ((c1 * c2) * c3)),c4).  [back_rewrite(513),rewrite([657(12),73(11),657(29),73(28)])].
678 (K(x,y) * z) \ (K(x,y) * (z * u)) = u.  [para(73(a,1),118(a,2,2)),rewrite([150(11),664(12)])].
687 K((x * K(y,z)) \ (K(y,z) * (x * u)),K(y,z) * x) = (K(y,z) * (x * u)) \ (u * (K(y,z) * x)).  [para(118(a,1),88(a,2,1)),rewrite([678(9)]),flip(a)].
691 K(K(x,y) * z,(z * K(x,y)) \ (K(x,y) * (z * u))) = (u * (K(x,y) * z)) \ (K(x,y) * (z * u)).  [para(118(a,1),89(a,2,2)),rewrite([678(6)]),flip(a)].
692 (x * (y * K(z,u))) \ (K(z,u) * (y * x)) = K(y * K(z,u),(y * K(z,u)) \ (K(z,u) * (y * x))).  [para(118(a,2),89(a,1,1,1)),rewrite([678(6)])].
703 (x * K(y,z)) \ (K(y,z) * (x * u)) = u.  [para(427(a,1),118(a,1,1,1)),rewrite([427(5),678(6),427(3),427(5)]),flip(a)].
710 (x * (y * K(z,u))) \ (K(z,u) * (y * x)) = K(y * K(z,u),x).  [back_rewrite(692),rewrite([703(15)])].
712 (x * (K(y,z) * u)) \ (K(y,z) * (u * x)) = K(K(y,z) * u,x).  [back_rewrite(691),rewrite([703(8)]),flip(a)].
713 (K(x,y) * (z * u)) \ (u * (K(x,y) * z)) = K(u,K(x,y) * z).  [back_rewrite(687),rewrite([703(6)]),flip(a)].
715 K(x,y) \ z = (K(x,y) \ 1) * z.  [para(4(a,1),661(a,1,2)),flip(a)].
718 K(K(x,y) \ 1,K(x,y) * z) = 1.  [para(661(a,1),49(a,1,2)),rewrite([211(6),396(6),67(2),70(1)]),flip(a)].
738 (K(x,y) \ 1) * (x * y) = y * x.  [para(715(a,1),130(a,1))].
767 (K((c2 * c3) \ ((c1 * c2) * (c3 * K(c1,c4))),c2 * c3) \ 1) * ((c2 * c3) \ ((c1 * c2) * (c3 * K(c1,c4)))) != (K((c2 * c3) \ ((c1 * c2) * c3),c2 * c3) \ ((c2 * c3) \ ((c1 * c2) * c3))) * K(K((c2 * c3) \ ((c1 * c2) * c3),c2 * c3) \ ((c2 * c3) \ ((c1 * c2) * c3)),c4).  [para(715(a,1),670(a,1))].
805 K(K(x,y) * K(z,u),w) = 1.  [para(73(a,1),128(a,1,1)),rewrite([150(4),643(9)])].
813 (K((c2 * c3) \ ((c1 * c2) * (c3 * K(c1,c4))),c2 * c3) \ 1) * ((c2 * c3) \ ((c1 * c2) * (c3 * K(c1,c4)))) != (K((c2 * c3) \ ((c1 * c2) * c3),c2 * c3) \ 1) * (((c2 * c3) \ ((c1 * c2) * c3)) * K(K((c2 * c3) \ ((c1 * c2) * c3),c2 * c3) \ ((c2 * c3) \ ((c1 * c2) * c3)),c4)).  [para(715(a,1),767(a,2,1)),rewrite([150(84)])].
820 K(x,y) * (K(z,u) * w) = w * (K(x,y) * K(z,u)).  [para(805(a,1),130(a,1,1)),rewrite([179(5),71(6)])].
831 K(K(x,y) \ 1,z) = 1.  [para(4(a,1),718(a,1,2))].
840 (x * (((y * (z * u)) \ ((y * z) * u)) * w)) \ (((y * (z * u)) \ ((y * z) * u)) * (w * x)) = K(((y * (z * u)) \ ((y * z) * u)) * w,x).  [para(133(a,1),49(a,1,2))].
865 (K((c2 * c3) \ ((c1 * c2) * (c3 * K(c1,c4))),c2 * c3) \ 1) * ((c2 * c3) \ ((c1 * c2) * (c3 * K(c1,c4)))) != (K((c2 * c3) \ ((c1 * c2) * c3),c2 * c3) \ 1) * (((c2 * c3) \ ((c1 * c2) * c3)) * K((K((c2 * c3) \ ((c1 * c2) * c3),c2 * c3) \ 1) * ((c2 * c3) \ ((c1 * c2) * c3)),c4)).  [para(715(a,1),813(a,2,2,2,1))].
927 K(x,y) \ 1 = K(y,x).  [para(738(a,1),170(a,1,2)),rewrite([49(3),831(9),67(6)]),flip(a)].
932 K(x,y) * (y * (x * K(z,u))) = x * (y * K(z,u)).  [para(738(a,1),150(a,1,1)),rewrite([150(3),927(6),150(7)]),flip(a)].
936 K(x,y) \ z = z * K(y,x).  [para(715(a,2),738(a,1,2)),rewrite([927(3),15(2),70(3),72(4),927(5)])].
957 ((c2 * c3) \ ((c1 * c2) * (c3 * K(c1,c4)))) * K(c2 * c3,(c2 * c3) \ ((c1 * c2) * (c3 * K(c1,c4)))) != K(c2 * c3,(c2 * c3) \ ((c1 * c2) * c3)) * (((c2 * c3) \ ((c1 * c2) * c3)) * K(((c2 * c3) \ ((c1 * c2) * c3)) * K(c2 * c3,(c2 * c3) \ ((c1 * c2) * c3)),c4)).  [back_rewrite(865),rewrite([936(19),72(19),73(31),936(46),72(46),936(68),72(68),73(76)])].
1127 ((x * (y * z)) \ ((x * y) * z)) * (u * ((w \ 1) * w)) = ((w \ 1) * w) * (((x * (y * z)) \ ((x * y) * z)) * u).  [para(206(a,1),93(a,2)),rewrite([74(9),558(10),411(20)]),flip(a)].
1654 x \ (y * K(z,u)) = (x \ y) * K(z,u).  [para(392(a,1),5(a,1,2))].
2009 K(x * K(y,z),u) = K(x,K(y,z) * u).  [para(399(a,2),49(a,1,1)),rewrite([179(6),713(7)]),flip(a)].
2010 K(K(x,y) * z,u) = K(z,u * K(x,y)).  [para(399(a,2),49(a,1,2)),rewrite([179(3),712(7)])].
2054 ((c2 * c3) \ ((c1 * c2) * (c3 * K(c1,c4)))) * K(c2 * c3,(c2 * c3) \ ((c1 * c2) * (c3 * K(c1,c4)))) != ((c2 * c3) \ ((c1 * c2) * c3)) * (K(c2 * c3,(c2 * c3) \ ((c1 * c2) * c3)) * K((c2 * c3) \ ((c1 * c2) * c3),c4 * K(c2 * c3,(c2 * c3) \ ((c1 * c2) * c3)))).  [para(399(a,1),957(a,2)),rewrite([2009(65),73(64),73(79,R)])].
2064 K(x,y) * (((z \ 1) * z) * u) = u * ((z \ 1) * (z * K(x,y))).  [para(206(a,2),399(a,1,2)),rewrite([150(11)])].
2135 (x * (y * K(z,u))) \ (K(z,u) * (y * x)) = K(y,K(z,u) * x).  [back_rewrite(710),rewrite([2009(10)])].
2233 K(x,K(y,z) * u) = K(x,u * K(y,z)).  [para(402(a,1),49(a,1,1)),rewrite([211(6),2135(7),2010(6)])].
2412 K(x,y) * ((z * K(x,y)) \ u) = z \ u.  [para(587(a,1),5(a,1,2)),flip(a)].
2493 (K(x,y) * (z * u)) \ (K(x,y) * (u * z)) = K(u,z * K(x,y)).  [para(645(a,2),49(a,1,1)),rewrite([211(6),2010(10)])].
3327 (K(x,y) * z) \ (K(x,y) * u) = z \ u.  [para(4(a,1),678(a,1,2,2))].
3334 K(x,y * K(z,u)) = K(x,y).  [back_rewrite(2493),rewrite([3327(7),49(3)]),flip(a)].
3385 K(x,K(y,z) * u) = K(x,u).  [back_rewrite(2233),rewrite([3334(6)])].
3412 ((c2 * c3) \ ((c1 * c2) * (c3 * K(c1,c4)))) * K(c2 * c3,(c2 * c3) \ ((c1 * c2) * (c3 * K(c1,c4)))) != ((c2 * c3) \ ((c1 * c2) * c3)) * (K(c2 * c3,(c2 * c3) \ ((c1 * c2) * c3)) * K((c2 * c3) \ ((c1 * c2) * c3),c4)).  [back_rewrite(2054),rewrite([3334(78)])].
3414 K(K(x,y) * z,u) = K(z,u).  [back_rewrite(2010),rewrite([3334(6)])].
3502 K(x * K(y,z),u) = K(x,u).  [back_rewrite(2009),rewrite([3385(6)])].
3520 K(x,(y \ z) * y) = K(x,z).  [para(48(a,1),3334(a,1,2))].
3523 K(x,y * (z * K(u,w))) = K(x,y * z).  [para(150(a,1),3334(a,1,2))].
3553 K(x,((y \ 1) * y) * z) = K(x,z).  [para(201(a,1),3385(a,1,2,1))].
3555 K(x,y * (K(z,u) * w)) = K(x,y * w).  [para(645(a,1),3385(a,1,2))].
3722 K(((x \ 1) * x) * y,z) = K(y,z).  [para(201(a,1),3414(a,1,1,1))].
3725 K(x * (y * K(z,u)),w) = K(x * y,w).  [para(399(a,1),3414(a,1,1))].
3726 K(x * (K(y,z) * u),w) = K(x * u,w).  [para(645(a,1),3414(a,1,1))].
3757 K((x \ y) * x,z) = K(y,z).  [para(48(a,1),3502(a,1,1))].
3768 K(x,y * z) = K(x,z * y).  [para(5(a,1),3520(a,1,2,1))].
3821 K(x * y,z) = K(y * x,z).  [para(5(a,1),3757(a,1,1,1))].
4024 K(((x * (y * z)) \ ((x * y) * z)) * (u * w),v5) = K(u * (w * ((x * (y * z)) \ ((x * y) * z))),v5).  [para(74(a,1),3821(a,1,1)),flip(a)].
4844 K(((x * (y * z)) \ ((x * y) * z)) * u,w) = K(u,w * ((x * (y * z)) \ ((x * y) * z))).  [para(281(a,2),49(a,1,2)),rewrite([93(7),840(15)])].
5125 K(x * (y * ((z * (u * w)) \ ((z * u) * w))),v5) = K(x * y,v5 * ((z * (u * w)) \ ((z * u) * w))).  [back_rewrite(4024),rewrite([4844(8)]),flip(a)].
5245 (x * (y * ((z * (u * w)) \ ((z * u) * w)))) \ (x * (K(x,y) * (((z * (u * w)) \ ((z * u) * w)) * y))) = K(x,y * ((z * (u * w)) \ ((z * u) * w))).  [para(284(a,1),49(a,1,1)),rewrite([558(16),179(16),5125(26),3502(26)])].
5360 K(x * (((y * (z * u)) \ ((y * z) * u)) * w),v5) = K(x * w,v5 * ((y * (z * u)) \ ((y * z) * u))).  [para(284(a,1),3821(a,1,1)),rewrite([5125(8),558(17),179(17),3726(18)]),flip(a)].
8105 x \ (y * (z * K(u,w))) = (x \ (y * z)) * K(u,w).  [para(150(a,1),1654(a,1,2))].
8760 ((c2 * c3) \ ((c1 * c2) * c3)) * (K(c2 * c3,(c2 * c3) \ ((c1 * c2) * c3)) * K((c2 * c3) \ ((c1 * c2) * c3),c4)) != K(c1,c4) * (((c2 * c3) \ ((c1 * c2) * c3)) * K(c2 * c3,(c2 * c3) \ ((c1 * c2) * c3))).  [back_rewrite(3412),rewrite([8105(13),73(13,R),8105(29),73(29,R),3385(30),150(27)]),flip(a)].
9338 K(x,y * (z * ((u \ 1) * u))) = K(x,y * z).  [para(406(a,1),3553(a,1,2)),rewrite([411(5),3768(11),4(10),57(9),67(8)])].
9342 K(x * (y * ((z \ 1) * z)),u) = K(x * y,u).  [para(406(a,1),3722(a,1,1)),rewrite([411(5),3768(11),4(10),57(9),67(8)])].
10054 ((x * (y * z)) \ ((x * y) * z)) * (x * (y * (z * ((u \ 1) * u)))) = (x * y) * (z * ((u \ 1) * u)).  [para(258(a,1),411(a,1,1)),rewrite([411(6),411(17),411(16)]),flip(a)].
10663 (x * K(y,z)) \ u = (x \ u) * K(z,y).  [para(2412(a,1),5(a,1,2)),rewrite([936(3)]),flip(a)].
15419 K(x,y * ((z \ u) * z)) = K(x,y * u).  [para(48(a,1),3523(a,1,2,2))].
15422 K(x,y * (z * (u * K(w,v5)))) = K(x,y * (z * u)).  [para(150(a,1),3523(a,1,2,2))].
15525 K(x * ((y \ z) * y),u) = K(x * z,u).  [para(48(a,1),3725(a,1,1,2))].
15526 K(x * (y * (z * K(u,w))),v5) = K(x * (y * z),v5).  [para(150(a,1),3725(a,1,1,2))].
16126 (x * (y * ((z * (u * w)) \ ((z * u) * w)))) \ (x * (K(v5,v6) * (((z * (u * w)) \ ((z * u) * w)) * y))) = K(v5,v6).  [para(548(a,1),428(a,1,1))].
16511 K(x,y * ((z * (u * w)) \ ((z * u) * w))) = K(x,y).  [back_rewrite(5245),rewrite([16126(17)]),flip(a)].
16721 K(x * (((y * (z * u)) \ ((y * z) * u)) * w),v5) = K(x * w,v5).  [back_rewrite(5360),rewrite([16511(16)])].
16756 K(((x * (y * z)) \ ((x * y) * z)) * u,w) = K(u,w).  [back_rewrite(4844),rewrite([16511(14)])].
16997 K(x,(y * z) * (((u * (w * v5)) \ ((u * w) * v5)) * v6)) = K(x,v6 * (y * (z * ((u * (w * v5)) \ ((u * w) * v5))))).  [para(558(a,1),3768(a,1,2))].
16998 K((x * y) * z,u) = K(z * (x * (y * ((w * (v5 * v6)) \ ((w * v5) * v6)))),u).  [para(558(a,1),3821(a,1,1)),rewrite([16721(9)])].
17443 (((x * (y * z)) \ ((x * y) * z)) * (u * w)) \ (((x * (y * z)) \ ((x * y) * z)) * (w * u)) = K(w,u).  [para(585(a,2),49(a,1,1)),rewrite([133(14),16756(22)])].
17444 K(x,((y * (z * u)) \ ((y * z) * u)) * w) = K(x,w).  [para(585(a,2),49(a,1,2)),rewrite([133(7),17443(15)]),flip(a)].
17807 K(x,y * (((z * (u * w)) \ ((z * u) * w)) * v5)) = K(x,y * v5).  [para(585(a,1),3523(a,2,2)),rewrite([150(8),15422(10),17444(8)]),flip(a)].
18035 K(x,(y * z) * u) = K(x,u * (y * (z * ((w * (v5 * v6)) \ ((w * v5) * v6))))).  [back_rewrite(16997),rewrite([17807(9)])].
19090 (x * y) * (K(y,x) * z) = (y * x) * z.  [para(5(a,1),649(a,1,2,1,1)),rewrite([5(6)])].
19256 K(x,((y \ z) * y) * u) = K(x,z * u).  [para(649(a,1),3555(a,1,2))].
19263 K(((x \ y) * x) * z,u) = K(y * z,u).  [para(649(a,1),3726(a,1,1))].
25033 K(x,y * (z * u)) = K(x,y * (u * z)).  [para(932(a,1),3555(a,1,2,2)),rewrite([15422(5),15422(8)])].
25035 K(x * (y * z),u) = K(x * (z * y),u).  [para(932(a,1),3726(a,1,1,2)),rewrite([15526(5),15526(8)])].
32165 K(x,y * (z * (u * ((w * (v5 * v6)) \ ((w * v5) * v6))))) = K(x,y * (z * u)).  [para(270(a,1),15419(a,1,2,2,1)),rewrite([17807(9)]),flip(a)].
32179 K(x,y * ((z * u) * w)) = K(x,y * (z * (u * w))).  [para(585(a,2),15419(a,1,2)),rewrite([17444(10)]),flip(a)].
32228 K(x,(y * z) * u) = K(x,y * (z * u)).  [para(1127(a,2),15419(a,1,2)),rewrite([411(11),411(10),10054(12),9338(7),32179(10),19256(10),72(7)])].
32242 K(x,y * (z * u)) = K(x,u * (y * z)).  [back_rewrite(18035),rewrite([32228(3),32165(12)])].
32732 K(x,(y \ z) * (y * u)) = K(x,z * u).  [back_rewrite(19256),rewrite([32228(4)])].
32869 K(x * (y * (z * ((u * (w * v5)) \ ((u * w) * v5)))),v6) = K(x * (y * z),v6).  [para(270(a,1),15525(a,1,1,2,1)),rewrite([16721(9)]),flip(a)].
32880 K(x * ((y * z) * u),w) = K(x * (y * (z * u)),w).  [para(585(a,2),15525(a,1,1)),rewrite([16756(10)]),flip(a)].
32917 K((x * y) * z,u) = K(x * (y * z),u).  [para(1127(a,2),15525(a,1,1)),rewrite([411(11),411(10),10054(12),9342(7),32880(10),19263(10),72(7)])].
32943 K(x * (y * z),u) = K(z * (x * y),u).  [back_rewrite(16998),rewrite([32917(3),32869(12)])].
33359 K((x \ y) * (x * z),u) = K(y * z,u).  [back_rewrite(19263),rewrite([32917(4)])].
33544 (x * y) * (z * K(y,x)) = (y * x) * z.  [para(4(a,1),19090(a,1,2)),rewrite([936(5)]),flip(a)].
41651 K(x,y * ((y \ z) * u)) = K(x,z * u).  [para(4(a,1),32228(a,1,2,1)),flip(a)].
41685 K(x,y * ((z \ u) * (z * w))) = K(x,y * (u * w)).  [para(649(a,1),32228(a,2,2,2)),rewrite([3555(6),32228(3),32179(8)]),flip(a)].
44860 K(x * ((x \ y) * z),u) = K(y * z,u).  [para(4(a,1),32917(a,1,1,1)),flip(a)].
44889 K(x * ((y \ z) * (y * u)),w) = K(x * (z * u),w).  [para(649(a,1),32917(a,2,1,2)),rewrite([3726(6),32917(3),32880(8)]),flip(a)].
45612 ((c2 * c3) \ ((c1 * c2) * c3)) * (K((c2 * c3) \ ((c1 * c2) * c3),c4) * K(c2 * c3,(c2 * c3) \ ((c2 * c1) * c3))) != K(c1,c4) * (((c2 * c3) \ ((c1 * c2) * c3)) * K(c2 * c3,(c2 * c3) \ ((c1 * c2) * c3))).  [para(33544(a,2),8760(a,1,2,1,2,2)),rewrite([8105(25),73(25,R),3385(26),73(34,R)])].
45917 ((c2 * c3) \ ((c1 * c2) * c3)) * (K(c2 * c3,(c2 * c3) \ ((c2 * c1) * c3)) * K((c2 * c3) \ ((c2 * c1) * c3),c4)) != K(c1,c4) * (((c2 * c3) \ ((c1 * c2) * c3)) * K(c2 * c3,(c2 * c3) \ ((c1 * c2) * c3))).  [para(33544(a,2),45612(a,1,2,1,1,2)),rewrite([8105(22),73(22,R),3414(24),73(34,R)])].
48842 K(x,(y \ 1) \ z) = K(x,z * y).  [para(2064(a,2),32732(a,1,2)),rewrite([32179(10),41685(10),72(6),3385(6),3523(8)])].
48843 K((x \ 1) \ y,z) = K(y * x,z).  [para(2064(a,2),33359(a,1,1)),rewrite([32880(10),44889(10),72(6),3414(6),3725(8)])].
48868 K(x,y \ z) = K(x,z * (y \ 1)).  [para(196(a,1),48842(a,1,2,1)),rewrite([10663(5),201(4),15419(6),67(3)])].
48917 K(x \ y,z) = K(y * (x \ 1),z).  [para(196(a,1),48843(a,1,1,1)),rewrite([10663(5),201(4),15525(6),67(3)])].
49061 K(x,y \ (z * u)) = K(x,z * (u * (y \ 1))).  [para(657(a,1),48868(a,2,2)),rewrite([8105(4),3334(5),3555(10),32228(8)])].
49186 ((c2 * c3) \ ((c1 * c2) * c3)) * (K(c2 * c3,c2 * (c1 * (c3 * ((c2 * c3) \ 1)))) * K((c2 * c3) \ ((c2 * c1) * c3),c4)) != K(c1,c4) * (K(c2 * c3,c1 * (c2 * (c3 * ((c2 * c3) \ 1)))) * ((c2 * c3) \ ((c1 * c2) * c3))).  [para(48868(a,1),45917(a,1,2,1)),rewrite([32228(24),32228(24),49061(62),32228(64),73(65,R)])].
50768 K(x \ (y * z),u) = K(y * (z * (x \ 1)),u).  [para(657(a,1),48917(a,2,1)),rewrite([8105(4),3502(5),3726(10),32917(8)])].
51199 ((c2 * c3) \ ((c1 * c2) * c3)) * (K(c2 * c3,c2 * (c1 * (c3 * ((c2 * c3) \ 1)))) * K(c2 * (c1 * (c3 * ((c2 * c3) \ 1))),c4)) != K(c1,c4) * (K(c2 * c3,c1 * (c2 * (c3 * ((c2 * c3) \ 1)))) * ((c2 * c3) \ ((c1 * c2) * c3))).  [back_rewrite(49186),rewrite([50768(35),32917(37)])].
53670 ((c2 * c3) \ ((c1 * c2) * c3)) * (K(c2 * c3,c2 * (c3 * (((c2 * c3) \ 1) * c1))) * K(c2 * (c1 * (c3 * ((c2 * c3) \ 1))),c4)) != K(c1,c4) * (K(c2 * c3,c1 * (c2 * (c3 * ((c2 * c3) \ 1)))) * ((c2 * c3) \ ((c1 * c2) * c3))).  [para(25033(a,1),51199(a,1,2,1)),rewrite([32179(24)])].
53699 K(x,y * (z * (((y * z) \ u) * w))) = K(x,u * w).  [para(41651(a,1),32228(a,1)),flip(a)].
53726 ((c2 * c3) \ ((c1 * c2) * c3)) * (K(c2 * c3,c1) * K(c2 * (c1 * (c3 * ((c2 * c3) \ 1))),c4)) != K(c1,c4) * (K(c2 * c3,c1 * (c2 * (c3 * ((c2 * c3) \ 1)))) * ((c2 * c3) \ ((c1 * c2) * c3))).  [back_rewrite(53670),rewrite([53699(24),72(15)])].
53783 ((c2 * c3) \ ((c1 * c2) * c3)) * (K(c2 * c3,c1) * K(c2 * (c1 * (c3 * ((c2 * c3) \ 1))),c4)) != K(c1,c4) * (K(c2 * c3,c1) * ((c2 * c3) \ ((c1 * c2) * c3))).  [para(32242(a,2),53726(a,2,2,1)),rewrite([32179(47),53699(47),72(38)])].
53791 ((c2 * c3) \ ((c1 * c2) * c3)) * (K(c2 * c3,c1) * K(c2 * (c3 * (((c2 * c3) \ 1) * c1)),c4)) != K(c1,c4) * (K(c2 * c3,c1) * ((c2 * c3) \ ((c1 * c2) * c3))).  [para(25035(a,1),53783(a,1,2,2)),rewrite([32880(27)])].
53930 ((c2 * c3) \ ((c1 * c2) * c3)) * (K(c1,c4) * K(c2 * c3,c1)) != K(c1,c4) * (K(c2 * c3,c1) * ((c2 * c3) \ ((c1 * c2) * c3))).  [para(32943(a,1),53791(a,1,2,2)),rewrite([3821(27),44860(27),72(17),73(18,R)])].
53931 $F.  [resolve(53930,a,820,a(flip))].

============================== end of proof ==========================

============================== STATISTICS ============================

Given=1143. Generated=522757. Kept=53926. proofs=1.
Usable=421. Sos=14292. Demods=11424. Limbo=1, Disabled=39233. Hints=0.
Kept_by_rule=0, Deleted_by_rule=5739.
Forward_subsumed=416035. Back_subsumed=1061.
Sos_limit_deleted=47057. Sos_displaced=0. Sos_removed=0.
New_demodulators=47471 (3 lex), Back_demodulated=38150. Back_unit_deleted=0.
Demod_attempts=15099576. Demod_rewrites=2095828.
Res_instance_prunes=0. Para_instance_prunes=0. Basic_paramod_prunes=0.
Nonunit_fsub_feature_tests=0. Nonunit_bsub_feature_tests=0.
Megabytes=121.25.
User_CPU=7.62, System_CPU=0.22, Wall_clock=8.

============================== end of statistics =====================

============================== end of search =========================

THEOREM PROVED

THEOREM PROVED

Exiting with 1 proof.

------ process 1946 exit (max_proofs) ------

Process 1946 exit (max_proofs) Fri Aug 28 11:59:28 2026
