Here is the input problem:
  Axiom 1 (flattening): T2 = T(x7, x10).
  Axiom 2 (sos): op(X, zero) = X.
  Axiom 3 (sos): op(zero, X) = X.
  Axiom 4 (flattening): L2 = L(x7, x8, x9).
  Axiom 5 (sos): rdiv(op(X, Y), Y) = X.
  Axiom 6 (sos): ldiv(X, op(X, Y)) = Y.
  Axiom 7 (sos): T(X, Y) = ldiv(Y, op(X, Y)).
  Axiom 8 (sos): K(X, K(Y, Z)) = 1.
  Axiom 9 (sos): K(K(X, Y), Z) = 1.
  Axiom 10 (sos): op(X, ldiv(X, Y)) = Y.
  Axiom 11 (sos): op(rdiv(X, Y), Y) = X.
  Axiom 12 (flattening): L3 = L(T(x7, x10), x8, x9).
  Axiom 13 (flattening): T3 = T(L(x7, x8, x9), x10).
  Axiom 14 (sos): K(X, a(Y, Z, W)) = 1.
  Axiom 15 (sos): K(a(X, Y, Z), W) = 1.
  Axiom 16 (sos): a(X, Y, K(Z, W)) = 1.
  Axiom 17 (sos): a(X, K(Y, Z), W) = 1.
  Axiom 18 (sos): a(K(X, Y), Z, W) = 1.
  Axiom 19 (sos): a(X, Y, a(Z, W, V)) = 1.
  Axiom 20 (sos): a(X, a(Y, Z, W), V) = 1.
  Axiom 21 (sos): a(a(X, Y, Z), W, V) = 1.
  Axiom 22 (sos): op(X, Y) = op(op(Y, X), K(X, Y)).
  Axiom 23 (sos): R(X, Y, Z) = rdiv(op(op(X, Y), Z), op(Y, Z)).
  Axiom 24 (sos): L(X, Y, Z) = ldiv(op(Z, Y), op(Z, op(Y, X))).
  Axiom 25 (sos): op(op(X, Y), Z) = op(op(X, op(Y, Z)), a(X, Y, Z)).
  Goal 1 (goals): T(L(x7, x8, x9), x10) = L(T(x7, x10), x8, x9).

(13.0) 1. T(x7, x10) -> T2
(12.285714) 2. op(X, zero) -> X
(12.285714) 3. op(zero, X) -> X
(17.0) 4. L(x7, x8, x9) -> L2
(19.142859) 5. rdiv(op(X, Y), Y) -> X
(19.142859) 6. ldiv(X, op(X, Y)) -> Y
(21.000002) 7. ldiv(X, op(Y, X)) -> T(Y, X)
(19.285715) 8. K(X, K(Y, Z)) -> 1
(19.285715) 9. K(K(X, Y), Z) -> 1
(19.142859) 10. op(X, ldiv(X, Y)) -> Y
(19.142859) 11. op(rdiv(X, Y), Y) -> X
(17.0) 12. L(T2, x8, x9) -> L3
(13.0) 13. T(L2, x10) -> T3
(22.714287) 14. K(X, a(Y, Z, W)) -> 1
(22.714287) 15. K(a(X, Y, Z), W) -> 1
(22.714287) 16. a(X, Y, K(Z, W)) -> 1
(22.714287) 17. a(X, K(Y, Z), W) -> 1
(22.714287) 18. a(K(X, Y), Z, W) -> 1
(26.142859) 19. a(X, Y, a(Z, W, V)) -> 1
(26.142859) 20. a(X, a(Y, Z, W), V) -> 1
(26.142859) 21. a(a(X, Y, Z), W, V) -> 1
(28.428574) 22. op(op(X, Y), K(Y, X)) -> op(Y, X)
(36.714287) 23. rdiv(op(op(X, Y), Z), op(Y, Z)) -> R(X, Y, Z)
(36.714287) 24. ldiv(op(X, Y), op(X, op(Y, Z))) -> L(Z, Y, X)
(41.142853) 25. op(op(X, op(Y, Z)), a(X, Y, Z)) -> op(op(X, Y), Z)
(13.714287) 26. T(X, X) -> X
(13.857143) 27. rdiv(X, X) -> zero
(13.857143) 28. ldiv(X, X) -> zero
(14.285714) 29. rdiv(X, zero) -> X
(14.285714) 30. ldiv(zero, X) -> X
(14.428572) 31. K(X, 1) -> 1
(14.428572) 32. K(1, X) -> 1
(14.428572) 33. T(zero, X) -> zero
(14.285714) 34. T(X, zero) -> X
(17.714287) 35. R(X, Y, zero) -> X
(17.714287) 36. R(X, zero, Y) -> X
(17.714287) 37. L(X, zero, Y) -> X
(17.714287) 38. L(X, Y, zero) -> X
(17.857143) 39. a(X, Y, 1) -> 1
(17.857143) 40. a(X, 1, Y) -> 1
(17.857143) 41. a(1, X, Y) -> 1
(21.142859) 42. rdiv(X, ldiv(Y, X)) -> Y
(21.142859) 43. ldiv(rdiv(X, Y), X) -> Y
(21.714287) 44. op(X, K(zero, X)) -> X
(16.428572) 45. K(zero, X) -> zero
(11.0) 46. 1 -> zero
(18.428572) 47. K(X, zero) -> zero
(21.857143) 48. a(X, Y, zero) -> zero
(21.857143) 49. a(X, zero, Y) -> zero
(21.857143) 50. a(zero, X, Y) -> zero
(23.000002) 51. op(X, T(Y, X)) -> op(Y, X)
(19.0) 52. op(x7, x10) -> op(x10, T2)
(19.0) 53. op(x10, T3) -> op(L2, x10)
(23.000002) 54. T(rdiv(X, Y), Y) -> ldiv(Y, X)
(23.857143) 55. T(X, op(X, X)) -> L(X, X, X)
(17.857143) 56. R(zero, X, Y) -> zero
(17.857143) 57. L(zero, X, Y) -> zero
(24.857143) 58. T(X, ldiv(X, Y)) = ldiv(ldiv(X, Y), Y)
(27.0) 59. rdiv(op(x10, T2), x10) -> x7
(27.0) 60. ldiv(x7, op(x10, T2)) -> x10
(27.0) 61. rdiv(op(L2, x10), T3) -> x10
(29.0) 62. ldiv(T3, op(L2, x10)) -> T(x10, T3)
(30.428574) 63. rdiv(op(X, Y), K(X, Y)) -> op(Y, X)
(26.857143) 64. op(K(X, Y), Z) = op(Z, K(X, Y))
(25.142859) 65. T(X, K(Y, Z)) -> X
(27.000002) 66. T(K(X, Y), Z) -> K(X, Y)
(30.428574) 67. ldiv(op(X, Y), op(Y, X)) -> K(Y, X)
(15.857143) 68. K(X, X) -> zero
(30.57143) 69. rdiv(op(X, Y), T(X, Y)) -> Y
(30.857143) 70. ldiv(K(X, Y), Z) -> rdiv(Z, K(X, Y))
(31.142859) 71. op(a(X, Y, Z), W) = op(W, a(X, Y, Z))
(28.57143) 72. T(X, a(Y, Z, W)) -> X
(31.285715) 73. T(a(X, Y, Z), W) -> a(X, Y, Z)
(32.285713) 74. op(X, K(ldiv(Y, X), Y)) -> op(ldiv(Y, X), Y)
(27.57143) 75. op(ldiv(X, zero), X) -> K(ldiv(X, zero), X)
(29.57143) 76. op(X, rdiv(zero, X)) -> K(X, rdiv(zero, X))
(32.285713) 77. op(X, K(Y, rdiv(X, Y))) -> op(Y, rdiv(X, Y))
(31.142859) 78. op(K(X, Y), rdiv(Z, K(X, Y))) -> Z
(30.428574) 79. op(K(X, Y), op(Y, X)) -> op(X, Y)
(32.428574) 80. rdiv(X, T(Y, ldiv(Y, X))) -> ldiv(Y, X)
(32.428574) 81. rdiv(op(X, Y), op(Y, X)) -> K(X, Y)
(32.428574) 82. op(op(X, K(Y, X)), Y) -> op(Y, X)
(28.857143) 83. op(X, K(Y, X)) = rdiv(op(Y, X), Y)
(30.857143) 84. op(K(X, Y), Y) = rdiv(op(X, Y), X)
(33.14286) 85. R(rdiv(X, Y), Y, Z) = rdiv(op(X, Z), op(Y, Z))
(30.857143) 86. R(rdiv(zero, X), X, Y) = rdiv(Y, op(X, Y))
(33.14286) 87. L(ldiv(X, Y), X, Z) = ldiv(op(Z, X), op(Z, Y))
(30.285715) 88. L(T(X, Y), Y, X) -> T(X, op(X, Y))
(30.0) 89. T(x7, op(x10, T2)) -> L(T2, x10, x7)
(30.0) 90. T(L2, op(L2, x10)) -> L(T3, x10, L2)
(30.857143) 91. L(ldiv(X, zero), X, Y) = ldiv(op(Y, X), Y)
(33.0) 92. L(K(X, Y), Z, K(X, Y)) -> K(X, Y)
(33.14286) 93. rdiv(op(K(X, Y), Z), K(X, Y)) -> Z
(33.714287) 94. ldiv(ldiv(X, zero), K(ldiv(X, zero), X)) -> X
(34.285713) 95. ldiv(T(X, Y), op(X, Y)) -> T(Y, T(X, Y))
(34.285713) 96. rdiv(X, K(Y, ldiv(Y, X))) -> op(ldiv(Y, X), Y)
(34.285713) 97. rdiv(X, K(rdiv(X, Y), Y)) -> op(Y, rdiv(X, Y))
(34.285713) 98. ldiv(X, op(ldiv(Y, X), Y)) -> K(ldiv(Y, X), Y)
(34.285713) 99. ldiv(op(ldiv(X, Y), X), Y) -> K(X, ldiv(X, Y))
(34.285713) 100. ldiv(X, op(Y, rdiv(X, Y))) -> K(Y, rdiv(X, Y))
(34.285713) 101. ldiv(op(X, rdiv(Y, X)), Y) -> K(rdiv(Y, X), X)
(34.428574) 102. rdiv(op(X, K(Y, Z)), X) -> K(Y, Z)
(33.0) 103. R(K(X, Y), Z, K(X, Y)) -> K(X, Y)
(34.428574) 104. rdiv(X, rdiv(X, K(Y, Z))) -> K(Y, Z)
(34.57143) 105. op(a(X, Y, Z), rdiv(W, a(X, Y, Z))) -> W
(33.14286) 106. ldiv(a(X, Y, Z), W) -> rdiv(W, a(X, Y, Z))
(34.57143) 107. T(op(X, K(Y, X)), Y) -> X
(35.0) 108. rdiv(op(L2, x10), T(x10, T3)) -> T3
(35.14286) 109. rdiv(K(ldiv(X, zero), X), X) -> ldiv(X, zero)
(35.714287) 110. op(R(X, Y, Z), op(Y, Z)) -> op(op(X, Y), Z)
(35.714287) 111. op(op(X, Y), L(Z, Y, X)) -> op(X, op(Y, Z))
(29.0) 112. op(op(x9, x8), L2) -> op(x9, op(x8, x7))
(29.0) 113. op(op(x9, x8), L3) -> op(x9, op(x8, T2))
(35.714287) 114. rdiv(K(X, rdiv(zero, X)), rdiv(zero, X)) -> X
(36.285713) 115. rdiv(op(ldiv(X, Y), X), Y) -> K(ldiv(X, Y), X)
(36.285713) 116. rdiv(op(X, rdiv(Y, X)), Y) -> K(X, rdiv(Y, X))
(36.285713) 117. rdiv(X, op(ldiv(Y, X), Y)) -> K(Y, ldiv(Y, X))
(36.285713) 118. rdiv(X, op(Y, rdiv(X, Y))) -> K(rdiv(X, Y), Y)
(36.428574) 119. ldiv(X, rdiv(op(Y, X), Y)) -> K(Y, X)
(25.0) 120. K(x10, T3) -> ldiv(T3, L2)
(25.0) 121. K(x10, T2) -> ldiv(T2, x7)
(32.285713) 122. T(X, ldiv(T3, L2)) -> X
(29.0) 123. ldiv(T3, L2) -> rdiv(L2, T3)
(32.285713) 124. T(X, ldiv(T2, x7)) -> X
(29.0) 125. ldiv(T2, x7) -> rdiv(x7, T2)
(32.428574) 126. K(X, rdiv(L2, T3)) -> zero
(32.428574) 127. K(rdiv(L2, T3), X) -> zero
(32.428574) 128. K(X, rdiv(x7, T2)) -> zero
(32.428574) 129. K(rdiv(x7, T2), X) -> zero
(32.857143) 130. K(X, T(Y, X)) = ldiv(T(Y, X), Y)
(34.285713) 131. T(X, rdiv(L2, T3)) -> X
(34.285713) 132. T(X, rdiv(x7, T2)) -> X
(34.428574) 133. T(rdiv(L2, T3), X) -> rdiv(L2, T3)
(34.428574) 134. T(rdiv(x7, T2), X) -> rdiv(x7, T2)
(34.857143) 135. ldiv(T(X, Y), X) -> rdiv(X, T(X, Y))
(35.0) 136. op(T3, rdiv(L2, T3)) -> L2
(35.0) 137. op(T2, rdiv(x7, T2)) -> x7
(35.857143) 138. a(X, Y, rdiv(L2, T3)) -> zero
(35.857143) 139. a(X, rdiv(L2, T3), Y) -> zero
(35.857143) 140. a(rdiv(L2, T3), X, Y) -> zero
(35.857143) 141. a(X, Y, rdiv(x7, T2)) -> zero
(35.857143) 142. a(X, rdiv(x7, T2), Y) -> zero
(35.857143) 143. a(rdiv(x7, T2), X, Y) -> zero
(36.285713) 144. ldiv(X, R(X, X, X)) -> K(op(X, X), X)
(36.285713) 145. op(X, rdiv(L2, T3)) = op(rdiv(L2, T3), X)
(36.285713) 146. ldiv(rdiv(L2, T3), X) -> rdiv(X, rdiv(L2, T3))
(35.0) 147. rdiv(L2, rdiv(L2, T3)) -> T3
(36.285713) 148. op(X, rdiv(x7, T2)) = op(rdiv(x7, T2), X)
(36.285713) 149. ldiv(rdiv(x7, T2), X) -> rdiv(X, rdiv(x7, T2))
(35.0) 150. rdiv(x7, rdiv(x7, T2)) -> T2
(36.428574) 151. rdiv(rdiv(op(X, Y), X), Y) -> K(X, Y)
(32.857143) 152. K(X, T(Y, X)) = rdiv(Y, T(Y, X))
(36.285713) 153. rdiv(R(X, X, X), X) -> K(op(X, X), X)
(36.57143) 154. rdiv(op(a(X, Y, Z), W), a(X, Y, Z)) -> W
(36.714287) 155. ldiv(ldiv(ldiv(X, Y), Y), Y) = T(ldiv(X, Y), T(X, ldiv(X, Y)))
(37.0) 156. op(K(x10, x7), op(x10, T2)) -> op(x10, x7)
(37.0) 157. op(K(T3, x10), op(L2, x10)) -> op(T3, x10)
(37.0) 158. rdiv(op(x10, T2), K(x7, x10)) -> op(x10, x7)
(37.0) 159. rdiv(op(L2, x10), rdiv(L2, T3)) -> op(T3, x10)
(33.0) 160. L(rdiv(x7, T2), T2, x10) -> K(x10, x7)
(33.0) 161. L(ldiv(x7, T2), x7, x10) -> K(x7, x10)
(37.0) 162. ldiv(op(L2, x10), op(T3, x10)) -> K(T3, x10)
(37.0) 163. ldiv(op(T3, x10), op(L2, x10)) -> rdiv(L2, T3)
(37.0) 164. ldiv(X, K(ldiv(X, zero), X)) -> T(ldiv(X, zero), X)
(37.0) 165. rdiv(op(x10, T2), op(x10, x7)) -> K(x7, x10)
(37.0) 166. rdiv(op(x10, x7), op(x10, T2)) -> K(x10, x7)
(33.0) 167. R(rdiv(L2, T3), T3, x10) -> rdiv(L2, T3)
(33.0) 168. R(rdiv(T3, L2), L2, x10) -> K(T3, x10)
(37.0) 169. rdiv(op(x9, op(x8, x7)), L2) -> op(x9, x8)
(37.0) 170. rdiv(op(x9, op(x8, T2)), L3) -> op(x9, x8)
(37.14286) 171. ldiv(X, K(X, rdiv(zero, X))) -> rdiv(zero, X)
(37.14286) 172. K(X, rdiv(op(X, Y), X)) = L(K(X, Y), Y, X)
(35.0) 173. L(rdiv(L2, T3), T3, x10) -> K(x10, L2)
(37.285713) 174. op(X, K(op(X, X), X)) -> R(X, X, X)
(37.285713) 175. L(a(X, Y, Z), W, a(X, Y, Z)) -> a(X, Y, Z)
(37.571426) 176. rdiv(zero, K(ldiv(X, zero), X)) -> K(X, ldiv(X, zero))
(37.714287) 177. R(rdiv(rdiv(X, Y), Z), Z, Y) -> rdiv(X, op(Z, Y))
(34.428574) 178. R(K(X, Y), Y, X) -> K(X, Y)
(37.714287) 179. L(ldiv(X, ldiv(Y, Z)), X, Y) -> ldiv(op(Y, X), Z)
(37.857143) 180. rdiv(X, op(ldiv(Y, zero), X)) = R(Y, ldiv(Y, zero), X)
(37.857143) 181. rdiv(X, K(ldiv(X, zero), X)) -> R(X, ldiv(X, zero), X)
(37.857143) 182. ldiv(op(X, rdiv(zero, Y)), X) = L(Y, rdiv(zero, Y), X)
(38.0) 183. T(X, L(K(Y, Z), Z, Y)) -> X
(38.14286) 184. op(op(X, K(Y, Z)), W) -> op(K(Y, Z), op(X, W))
(38.14286) 185. op(K(X, Y), op(Z, W)) = op(Z, op(W, K(X, Y)))
(32.428574) 186. L(K(X, Y), Z, W) -> K(X, Y)
(36.428574) 187. op(X, op(Y, K(Y, X))) -> op(Y, X)
(31.000002) 188. op(X, K(X, Y)) -> T(X, Y)
(33.0) 189. ldiv(X, T(X, Y)) -> K(X, Y)
(29.0) 190. K(x7, x10) -> ldiv(x7, T2)
(29.0) 191. K(L2, x10) -> ldiv(L2, T3)
(33.0) 192. op(K(X, Y), X) -> T(X, Y)
(33.0) 193. rdiv(T(X, Y), X) -> K(X, Y)
(29.0) 194. K(x7, x10) -> rdiv(T2, x7)
(29.0) 195. K(L2, x10) -> rdiv(T3, L2)
(31.0) 196. ldiv(x7, T2) -> rdiv(T2, x7)
(31.0) 197. ldiv(L2, T3) -> rdiv(T3, L2)
(35.0) 198. op(x10, rdiv(L2, T3)) -> T(x10, T3)
(35.0) 199. op(x10, rdiv(x7, T2)) -> T(x10, T2)
(36.285713) 200. T(X, rdiv(T2, x7)) -> X
(36.285713) 201. T(X, rdiv(T3, L2)) -> X
(36.428574) 202. K(X, rdiv(T2, x7)) -> zero
(36.428574) 203. K(rdiv(T2, x7), X) -> zero
(36.428574) 204. K(X, rdiv(T3, L2)) -> zero
(36.428574) 205. K(rdiv(T3, L2), X) -> zero
(37.0) 206. op(x7, rdiv(T2, x7)) -> T2
(37.0) 207. op(L2, rdiv(T3, L2)) -> T3
(37.857143) 208. L(rdiv(L2, T3), X, Y) -> rdiv(L2, T3)
(29.0) 209. K(x10, L2) -> rdiv(L2, T3)
(39.0) 210. op(x10, rdiv(L2, T3)) -> T(x10, L2)
(33.0) 211. T(x10, T3) -> T(x10, L2)
(37.857143) 212. L(rdiv(x7, T2), X, Y) -> rdiv(x7, T2)
(29.0) 213. K(x10, x7) -> rdiv(x7, T2)
(31.0) 214. T(x10, x7) -> T(x10, T2)
(38.285713) 215. op(X, K(rdiv(Y, X), X)) = rdiv(Y, rdiv(Y, X))
(35.0) 216. op(x10, rdiv(T2, x7)) -> rdiv(op(x10, T2), x7)
(37.0) 217. op(rdiv(T2, x7), x10) -> rdiv(op(x10, T2), x7)
(38.428574) 218. ldiv(R(rdiv(zero, X), X, Y), Y) -> op(X, Y)
(38.428574) 219. rdiv(X, L(ldiv(Y, zero), Y, X)) -> op(X, Y)
(38.428574) 220. R(rdiv(L2, T3), X, rdiv(L2, T3)) -> rdiv(L2, T3)
(38.428574) 221. R(rdiv(x7, T2), X, rdiv(x7, T2)) -> rdiv(x7, T2)
(38.428574) 222. K(X, rdiv(op(X, Y), X)) -> K(X, Y)
(33.0) 223. K(X, T(Y, X)) -> K(X, Y)
(34.857143) 224. K(X, ldiv(X, Y)) -> K(X, rdiv(Y, X))
(35.0) 225. ldiv(T(X, Y), X) -> K(Y, X)
(33.0) 226. K(T2, x10) -> rdiv(T2, x7)
(35.0) 227. rdiv(X, T(X, Y)) -> K(Y, X)
(35.0) 228. T(X, T(Y, X)) -> T(X, Y)
(35.0) 229. K(T3, x10) -> rdiv(T3, L2)
(36.857143) 230. T(X, ldiv(X, Y)) -> T(X, rdiv(Y, X))
(37.0) 231. rdiv(X, K(Y, X)) -> T(X, Y)
(37.0) 232. ldiv(K(X, Y), Y) -> T(Y, X)
(37.0) 233. K(T(X, Y), Y) -> K(X, Y)
(38.428574) 234. T(rdiv(T2, x7), X) -> rdiv(T2, x7)
(38.428574) 235. T(rdiv(T3, L2), X) -> rdiv(T3, L2)
(38.571426) 236. rdiv(ldiv(X, zero), K(ldiv(X, zero), X)) -> L(ldiv(X, zero), X, ldiv(X, zero))
(38.57143) 237. rdiv(T(X, Y), K(X, Y)) -> X
(35.0) 238. rdiv(T2, rdiv(T2, x7)) -> x7
(35.0) 239. rdiv(T3, rdiv(T3, L2)) -> L2
(38.714287) 240. rdiv(op(X, a(Y, Z, W)), X) -> a(Y, Z, W)
(37.285713) 241. R(a(X, Y, Z), W, a(X, Y, Z)) -> a(X, Y, Z)
(36.285713) 242. ldiv(T(X, rdiv(Y, X)), Y) -> T(ldiv(X, Y), X)
(38.285713) 243. ldiv(T(X, Y), op(Y, X)) -> T(T(Y, X), X)
(35.0) 244. T(T(x10, T2), x7) -> ldiv(T2, op(x10, x7))
(35.0) 245. T(T(x10, L2), L2) -> ldiv(T3, op(x10, L2))
(38.285713) 246. rdiv(X, T(ldiv(Y, X), Y)) -> T(Y, rdiv(X, Y))
(36.285713) 247. T(ldiv(X, Y), X) = ldiv(ldiv(ldiv(X, Y), Y), Y)
(38.285713) 248. rdiv(X, T(ldiv(Y, X), Y)) -> ldiv(ldiv(Y, X), X)
(30.857143) 249. ldiv(ldiv(X, Y), Y) = T(X, rdiv(Y, X))
(38.428574) 250. rdiv(op(X, Y), T(Y, X)) -> T(X, Y)
(35.0) 251. rdiv(op(x10, x7), T2) -> T(x10, T2)
(35.0) 252. rdiv(op(x10, L2), T3) -> T(x10, L2)
(37.0) 253. op(T(x10, T2), T2) -> op(x10, x7)
(37.0) 254. op(T(x10, L2), T3) -> op(x10, L2)
(38.428574) 255. T(X, rdiv(op(X, Y), X)) -> T(X, Y)
(38.428574) 256. rdiv(X, T(Y, rdiv(X, Y))) -> ldiv(Y, X)
(38.428574) 257. T(X, op(Y, K(X, Y))) -> T(X, Y)
(38.714287) 258. rdiv(X, rdiv(X, a(Y, Z, W))) -> a(Y, Z, W)
(38.857143) 259. K(ldiv(X, Y), X) -> K(rdiv(Y, X), X)
(39.0) 260. op(rdiv(x7, T2), op(x10, T2)) -> op(x10, x7)
(39.0) 261. op(op(L2, x10), rdiv(T3, L2)) -> op(T3, x10)
(55.0) 262. T(ldiv(X, zero), rdiv(K(rdiv(zero, X), X), ldiv(X, zero))) -> T(ldiv(X, zero), X)
(39.0) 263. K(rdiv(op(x10, T2), x7), x7) -> rdiv(x7, T2)
(38.285713) 264. op(rdiv(x7, T2), rdiv(X, rdiv(x7, T2))) -> X
(38.285713) 265. rdiv(op(rdiv(x7, T2), X), rdiv(x7, T2)) -> X
(39.0) 266. K(x7, rdiv(op(x10, T2), x7)) -> rdiv(T2, x7)
(33.857143) 267. a(X, Y, rdiv(T2, x7)) -> zero
(33.857143) 268. a(X, rdiv(T2, x7), Y) -> zero
(33.857143) 269. a(rdiv(T2, x7), X, Y) -> zero
(34.285713) 270. op(X, rdiv(T2, x7)) = op(rdiv(T2, x7), X)
(34.285713) 271. ldiv(rdiv(T2, x7), X) -> rdiv(X, rdiv(T2, x7))
(35.857143) 272. L(rdiv(T2, x7), X, Y) -> rdiv(T2, x7)
(36.428574) 273. R(rdiv(T2, x7), X, rdiv(T2, x7)) -> rdiv(T2, x7)
(38.285713) 274. op(rdiv(T2, x7), rdiv(X, rdiv(T2, x7))) -> X
(38.285713) 275. rdiv(op(rdiv(T2, x7), X), rdiv(T2, x7)) -> X
(39.0) 276. ldiv(X, K(rdiv(zero, X), X)) -> T(ldiv(X, zero), X)
(39.0) 277. ldiv(L2, op(x9, op(x8, x7))) -> T(op(x9, x8), L2)
(39.0) 278. ldiv(L3, op(x9, op(x8, T2))) -> T(op(x9, x8), L3)
(39.0) 279. rdiv(op(x10, x7), op(x10, T2)) -> rdiv(x7, T2)
(39.0) 280. rdiv(op(x10, T2), op(x10, x7)) -> rdiv(T2, x7)
(39.0) 281. op(rdiv(L2, T3), op(T3, x10)) -> op(L2, x10)
(35.0) 282. L(x10, T3, rdiv(L2, T3)) -> x10
(39.0) 283. R(rdiv(x7, T2), T2, x10) -> rdiv(x7, T2)
(39.0) 284. op(L2, op(x10, rdiv(T3, L2))) -> op(T3, x10)
(35.0) 285. op(x10, rdiv(T3, L2)) -> ldiv(L2, op(T3, x10))
(37.0) 286. L(rdiv(T3, L2), x10, L2) -> rdiv(T3, L2)
(37.0) 287. op(rdiv(T3, L2), x10) -> ldiv(L2, op(T3, x10))
(39.0) 288. op(x7, T(x10, T2)) -> op(x10, x7)
(45.857143) 289. op(ldiv(X, Y), K(X, rdiv(Y, X))) -> rdiv(Y, X)
(38.57143) 290. op(T(X, Y), K(Y, X)) -> X
(39.0) 291. rdiv(op(T3, T(x10, L2)), T3) -> x10
(35.0) 292. op(T3, T(x10, L2)) -> op(L2, x10)
(35.0) 293. K(T3, T(x10, L2)) -> rdiv(T3, L2)
(35.0) 294. T(T3, T(x10, L2)) -> T(T3, x10)
(37.0) 295. K(T(x10, L2), T3) -> rdiv(L2, T3)
(37.857143) 296. a(X, Y, rdiv(T3, L2)) -> zero
(37.857143) 297. a(X, rdiv(T3, L2), Y) -> zero
(37.857143) 298. a(rdiv(T3, L2), X, Y) -> zero
(38.285713) 299. op(X, rdiv(T3, L2)) = op(rdiv(T3, L2), X)
(38.285713) 300. ldiv(rdiv(T3, L2), X) -> rdiv(X, rdiv(T3, L2))
(39.0) 301. op(rdiv(T3, L2), T(x10, L2)) -> x10
(35.0) 302. rdiv(x10, rdiv(T3, L2)) -> T(x10, L2)
(39.0) 303. T(x7, T(x10, T2)) -> T2
(39.0) 304. T(x7, rdiv(op(x10, T2), x7)) -> T2
(39.0) 305. T(T(x10, T2), T2) -> ldiv(T2, op(x10, x7))
(39.0) 306. T(T(x10, L2), T3) -> ldiv(T3, op(x10, L2))
(39.14286) 307. R(X, ldiv(X, zero), X) -> ldiv(ldiv(X, zero), zero)
(39.0) 308. rdiv(op(x10, T2), x7) -> rdiv(x10, rdiv(x7, T2))
(37.0) 309. op(T3, rdiv(T3, L2)) -> T(T3, x10)
(39.142857) 310. R(rdiv(x7, X), X, x10) = rdiv(op(x10, T2), op(X, x10))
(39.0) 311. R(T2, rdiv(x7, T2), x10) -> T2
(39.142857) 312. R(rdiv(x10, X), X, T3) = rdiv(op(L2, x10), op(X, T3))
(39.142857) 313. L(ldiv(X, x10), X, x7) = ldiv(op(x7, X), op(x10, T2))
(39.142857) 314. L(ldiv(X, T3), X, x10) = ldiv(op(x10, X), op(L2, x10))
(35.0) 315. L(rdiv(T3, L2), L2, x10) -> rdiv(T3, L2)
(39.14286) 316. T(X, op(X, K(Y, Z))) -> L(X, K(Y, Z), X)
(38.285713) 317. L(X, K(X, Y), X) -> T(X, T(X, Y))
(36.428574) 318. K(X, op(Y, K(X, Y))) -> K(X, Y)
(39.285713) 319. rdiv(op(X, x10), op(x10, T2)) -> R(rdiv(X, x7), x7, x10)
(35.0) 320. R(rdiv(T2, x7), x7, x10) -> rdiv(T2, x7)
(39.285713) 321. rdiv(op(X, T3), op(L2, x10)) -> R(rdiv(X, x10), x10, T3)
(35.0) 322. R(rdiv(L2, T3), x10, T3) -> rdiv(L2, T3)
(39.0) 323. ldiv(T3, R(L2, x10, T3)) -> K(op(L2, x10), T3)
(39.0) 324. rdiv(R(L2, x10, T3), T3) -> K(op(L2, x10), T3)
(39.285713) 325. ldiv(op(x10, T2), op(x7, X)) -> L(ldiv(x10, X), x10, x7)
(39.285713) 326. ldiv(op(L2, x10), op(x10, X)) -> L(ldiv(T3, X), T3, x10)
(39.714287) 327. ldiv(rdiv(zero, X), K(X, rdiv(zero, X))) -> ldiv(ldiv(X, zero), zero)
(39.571426) 328. rdiv(zero, K(X, rdiv(zero, X))) -> K(rdiv(zero, X), X)
(55.0) 329. K(rdiv(K(rdiv(zero, X), X), ldiv(X, zero)), ldiv(X, zero)) -> K(X, rdiv(zero, X))
(40.142857) 330. K(rdiv(zero, X), rdiv(zero, rdiv(zero, X))) -> K(rdiv(zero, X), X)
(39.57143) 331. R(rdiv(X, Y), Y, ldiv(X, Z)) = rdiv(Z, op(Y, ldiv(X, Z)))
(39.57143) 332. R(rdiv(X, Y), Y, ldiv(Y, Z)) = rdiv(op(X, ldiv(Y, Z)), Z)
(39.57143) 333. L(ldiv(X, Y), X, rdiv(Z, X)) = ldiv(Z, op(rdiv(Z, X), Y))
(39.57143) 334. L(ldiv(X, Y), X, rdiv(Z, Y)) = ldiv(op(rdiv(Z, Y), X), Z)
(39.57143) 335. L(ldiv(X, T(Y, Z)), X, Z) -> ldiv(op(Z, X), op(Y, Z))
(39.57143) 336. op(R(X, Y, ldiv(Y, Z)), Z) -> op(op(X, Y), ldiv(Y, Z))
(37.857143) 337. op(op(X, Y), ldiv(Y, zero)) -> R(X, Y, ldiv(Y, zero))
(35.14286) 338. R(X, rdiv(zero, X), X) -> ldiv(ldiv(X, zero), zero)
(35.571426) 339. R(ldiv(X, zero), X, ldiv(X, zero)) -> T(ldiv(X, zero), X)
(39.57143) 340. op(R(X, rdiv(Y, Z), Z), Y) -> op(op(X, rdiv(Y, Z)), Z)
(37.857143) 341. op(op(X, rdiv(zero, Y)), Y) -> R(X, rdiv(zero, Y), Y)
(39.57143) 342. op(X, L(Y, ldiv(Z, X), Z)) -> op(Z, op(ldiv(Z, X), Y))
(37.857143) 343. op(X, op(ldiv(X, zero), Y)) -> L(Y, ldiv(X, zero), X)
(39.57143) 344. op(X, L(Y, Z, rdiv(X, Z))) -> op(rdiv(X, Z), op(Z, Y))
(37.857143) 345. op(rdiv(zero, X), op(X, Y)) -> L(Y, X, rdiv(zero, X))
(39.0) 346. op(rdiv(zero, T3), L2) -> rdiv(L2, T3)
(39.0) 347. op(rdiv(zero, T2), x7) -> rdiv(x7, T2)
(39.714287) 348. L(ldiv(X, Y), X, rdiv(Y, X)) -> T(rdiv(Y, X), Y)
(37.0) 349. L(T(x10, L2), T3, x10) -> T(x10, op(L2, x10))
(39.714287) 350. R(rdiv(zero, X), X, rdiv(zero, X)) -> ldiv(X, zero)
(39.857143) 351. rdiv(X, K(X, rdiv(zero, X))) -> L(X, rdiv(zero, X), X)
(48.428574) 352. rdiv(X, K(rdiv(zero, rdiv(zero, X)), rdiv(zero, X))) -> L(X, rdiv(zero, X), X)
(39.857143) 353. rdiv(op(X, rdiv(x7, T2)), X) -> rdiv(x7, T2)
(39.857143) 354. rdiv(X, rdiv(X, rdiv(x7, T2))) -> rdiv(x7, T2)
(39.857143) 355. rdiv(op(X, rdiv(T2, x7)), X) -> rdiv(T2, x7)
(39.857143) 356. rdiv(X, rdiv(X, rdiv(T2, x7))) -> rdiv(T2, x7)
(39.857143) 357. L(rdiv(T3, L2), X, Y) -> rdiv(T3, L2)
(39.857143) 358. R(K(X, Y), Z, ldiv(Z, W)) -> K(X, Y)
(34.428574) 359. R(K(X, Y), Z, W) -> K(X, Y)
(37.857143) 360. R(rdiv(L2, T3), X, Y) -> rdiv(L2, T3)
(37.857143) 361. R(rdiv(x7, T2), X, Y) -> rdiv(x7, T2)
(37.857143) 362. R(rdiv(T2, x7), X, Y) -> rdiv(T2, x7)
(35.14286) 363. L(X, ldiv(X, zero), X) -> rdiv(zero, rdiv(zero, X))
(39.857143) 364. R(rdiv(T3, L2), X, Y) -> rdiv(T3, L2)
(40.0) 365. T(R(X, X, X), op(X, X)) -> X
(40.0) 366. op(T3, K(op(L2, x10), T3)) -> R(L2, x10, T3)
(40.14286) 367. op(op(K(X, Y), Z), W) -> op(Z, op(W, K(X, Y)))
(40.14286) 368. op(X, op(Y, K(Z, X))) = op(rdiv(op(Z, X), Z), Y)
(37.14286) 369. op(R(X, X, X), X) -> op(X, R(X, X, X))
(34.57143) 370. T(X, R(X, X, X)) -> X
(34.714287) 371. K(X, R(X, X, X)) -> zero
(34.714287) 372. K(R(X, X, X), X) -> zero
(37.285713) 373. T(R(X, X, X), X) -> R(X, X, X)
(40.0) 374. op(R(L2, x10, T3), T3) -> op(T3, R(L2, x10, T3))
(37.0) 375. T(T3, R(L2, x10, T3)) -> T3
(37.0) 376. K(T3, R(L2, x10, T3)) -> zero
(37.0) 377. K(R(L2, x10, T3), T3) -> zero
(40.0) 378. T(R(L2, x10, T3), T3) -> R(L2, x10, T3)
(40.14286) 379. op(op(X, Y), K(Z, W)) -> op(X, op(Y, K(Z, W)))
(32.57143) 380. R(X, Y, K(Z, W)) -> X
(35.714287) 381. R(X, Y, rdiv(L2, T3)) -> X
(35.714287) 382. R(X, Y, rdiv(x7, T2)) -> X
(35.714287) 383. R(X, Y, rdiv(T2, x7)) -> X
(37.714287) 384. R(X, Y, rdiv(T3, L2)) -> X
(40.14286) 385. op(K(X, Y), op(Z, W)) = op(Z, op(K(X, Y), W))
(40.14286) 386. op(K(X, Y), op(Z, Y)) = op(Z, rdiv(op(X, Y), X))
(40.285713) 387. ldiv(ldiv(X, Y), rdiv(Y, X)) -> K(X, rdiv(Y, X))
(40.285713) 388. ldiv(X, rdiv(Y, rdiv(Y, X))) -> K(rdiv(Y, X), X)
(40.285713) 389. op(rdiv(L2, T3), rdiv(X, rdiv(L2, T3))) -> X
(40.285713) 390. rdiv(op(rdiv(L2, T3), X), rdiv(L2, T3)) -> X
(40.285713) 391. rdiv(rdiv(X, Y), ldiv(Y, X)) -> K(Y, rdiv(X, Y))
(40.285713) 392. rdiv(rdiv(X, rdiv(X, Y)), Y) -> K(rdiv(X, Y), Y)
(40.285713) 393. ldiv(X, L(X, X, X)) -> K(X, op(X, X))
(40.285713) 394. rdiv(L(X, X, X), X) -> K(X, op(X, X))
(40.285713) 395. R(rdiv(zero, X), X, ldiv(X, Y)) = rdiv(ldiv(X, Y), Y)
(35.428574) 396. rdiv(K(X, Y), Y) -> rdiv(zero, T(Y, X))
(37.0) 397. rdiv(rdiv(x7, T2), x7) -> rdiv(zero, T2)
(38.428574) 398. rdiv(K(X, Y), op(X, Y)) -> rdiv(zero, op(Y, X))
(39.0) 399. rdiv(rdiv(L2, T3), L2) -> rdiv(zero, T3)
(39.0) 400. rdiv(rdiv(L2, T3), T3) -> rdiv(zero, T(T3, x10))
(39.0) 401. rdiv(rdiv(x7, T2), T2) -> rdiv(zero, T(T2, x10))
(40.285713) 402. L(ldiv(X, zero), X, rdiv(Y, X)) = ldiv(Y, rdiv(Y, X))
(39.571426) 403. ldiv(X, ldiv(ldiv(X, zero), zero)) -> K(X, rdiv(zero, X))
(40.285713) 404. op(T3, op(X, rdiv(L2, T3))) -> op(L2, X)
(31.0) 405. op(T3, L2) -> op(L2, T3)
(31.0) 406. T(L2, T3) -> L2
(31.0) 407. T(T3, L2) -> T3
(31.0) 408. K(L2, T3) -> zero
(31.0) 409. K(T3, L2) -> zero
(35.0) 410. op(L2, ldiv(T3, zero)) -> rdiv(L2, T3)
(36.285713) 411. op(X, rdiv(L2, T3)) -> ldiv(T3, op(L2, X))
(37.0) 412. ldiv(L2, rdiv(L2, T3)) -> ldiv(T3, zero)
(37.0) 413. rdiv(zero, rdiv(L2, T3)) -> rdiv(T3, L2)
(38.285713) 414. op(rdiv(L2, T3), X) -> ldiv(T3, op(L2, X))
(39.0) 415. rdiv(op(L2, T3), L2) -> T3
(39.0) 416. K(T3, rdiv(zero, T3)) -> K(L2, ldiv(T3, zero))
(39.0) 417. K(L2, ldiv(T3, zero)) -> K(L2, rdiv(zero, T3))
(39.0) 418. T(L2, ldiv(T3, zero)) -> T(L2, rdiv(zero, T3))
(39.0) 419. rdiv(zero, rdiv(T3, L2)) -> rdiv(L2, T3)
(40.285713) 420. op(T2, op(X, rdiv(x7, T2))) -> op(x7, X)
(31.0) 421. op(x7, T2) -> op(T2, x7)
(31.0) 422. T(T2, x7) -> T2
(31.0) 423. T(x7, T2) -> x7
(31.0) 424. K(T2, x7) -> zero
(31.0) 425. K(x7, T2) -> zero
(35.0) 426. op(x7, ldiv(T2, zero)) -> rdiv(x7, T2)
(36.285713) 427. op(X, rdiv(x7, T2)) -> ldiv(T2, op(x7, X))
(37.0) 428. ldiv(x7, rdiv(x7, T2)) -> ldiv(T2, zero)
(37.0) 429. rdiv(zero, rdiv(x7, T2)) -> rdiv(T2, x7)
(37.0) 430. rdiv(zero, rdiv(T2, x7)) -> rdiv(x7, T2)
(38.285713) 431. op(rdiv(x7, T2), X) -> ldiv(T2, op(x7, X))
(39.0) 432. rdiv(op(T2, x7), T2) -> x7
(39.0) 433. K(x7, ldiv(T2, zero)) -> K(T2, rdiv(zero, T2))
(39.0) 434. K(x7, rdiv(zero, T2)) -> K(T2, rdiv(zero, T2))
(39.0) 435. T(x7, ldiv(T2, zero)) -> T(x7, rdiv(zero, T2))
(39.0) 436. T(rdiv(zero, T2), x7) -> ldiv(T2, zero)
(40.285713) 437. ldiv(T3, op(L2, op(X, T3))) -> op(X, L2)
(36.285713) 438. op(T3, op(X, L2)) -> op(L2, op(X, T3))
(36.285713) 439. op(rdiv(X, T3), L2) -> ldiv(T3, op(L2, X))
(40.285713) 440. ldiv(T2, op(x7, op(X, T2))) -> op(X, x7)
(36.285713) 441. op(x7, op(X, T2)) -> op(T2, op(X, x7))
(36.285713) 442. op(rdiv(X, T2), x7) -> ldiv(T2, op(x7, X))
(40.285713) 443. ldiv(T3, op(L2, X)) -> rdiv(X, rdiv(T3, L2))
(40.285713) 444. ldiv(T2, op(x7, X)) -> rdiv(X, rdiv(T2, x7))
(40.285713) 445. op(rdiv(T2, x7), X) -> rdiv(X, rdiv(x7, T2))
(40.428574) 446. op(T(X, Y), T(Y, X)) -> op(X, Y)
(40.428574) 447. K(rdiv(op(X, Y), X), X) -> K(Y, X)
(36.857143) 448. rdiv(op(X, Y), X) = rdiv(Y, K(Y, X))
(38.857143) 449. op(X, K(Y, X)) -> rdiv(X, K(X, Y))
(38.857143) 450. op(K(X, Y), Y) -> rdiv(Y, K(Y, X))
(39.0) 451. K(ldiv(T3, zero), L2) -> K(rdiv(zero, T3), L2)
(39.0) 452. K(ldiv(T2, zero), x7) -> K(rdiv(zero, T2), x7)
(40.428574) 453. T(X, rdiv(Y, K(Y, X))) -> T(X, Y)
(40.428574) 454. K(rdiv(X, K(X, Y)), Y) -> K(X, Y)
(40.428574) 455. K(T(X, Y), T(Y, X)) -> K(X, Y)
(37.0) 456. K(T(x10, T2), x7) -> rdiv(x7, T2)
(37.0) 457. K(x7, T(x10, T2)) -> rdiv(T2, x7)
(40.285713) 458. op(X, rdiv(T2, x7)) -> rdiv(X, rdiv(x7, T2))
(40.0) 459. L(rdiv(zero, X), X, rdiv(zero, X)) -> rdiv(K(X, rdiv(zero, X)), X)
(40.57143) 460. R(X, ldiv(X, Y), Z) = rdiv(op(Y, Z), op(ldiv(X, Y), Z))
(40.428574) 461. R(T3, rdiv(L2, T3), X) -> T3
(40.428574) 462. R(T2, rdiv(x7, T2), X) -> T2
(40.57143) 463. rdiv(op(op(X, Y), ldiv(Y, Z)), Z) -> R(X, Y, ldiv(Y, Z))
(36.57143) 464. R(X, K(Y, Z), rdiv(W, K(Y, Z))) -> X
(30.57143) 465. R(X, K(Y, Z), W) -> X
(33.714287) 466. R(X, rdiv(x7, T2), Y) -> X
(33.714287) 467. R(X, rdiv(T2, x7), Y) -> X
(35.714287) 468. R(X, rdiv(L2, T3), Y) -> X
(37.714287) 469. R(X, rdiv(T3, L2), Y) -> X
(38.428574) 470. rdiv(rdiv(X, K(Y, Z)), X) -> rdiv(zero, K(Y, Z))
(31.57143) 471. rdiv(zero, K(X, Y)) -> K(Y, X)
(34.857143) 472. op(K(X, Y), Z) -> rdiv(Z, K(Y, X))
(36.857143) 473. op(X, K(Y, Z)) -> rdiv(X, K(Z, Y))
(38.285713) 474. op(rdiv(T3, L2), X) -> rdiv(X, rdiv(L2, T3))
(39.857143) 475. rdiv(rdiv(X, rdiv(x7, T2)), X) -> rdiv(T2, x7)
(39.857143) 476. rdiv(rdiv(X, rdiv(T2, x7)), X) -> rdiv(x7, T2)
(40.285713) 477. op(X, rdiv(T3, L2)) -> rdiv(X, rdiv(L2, T3))
(40.57143) 478. rdiv(op(op(X, rdiv(Y, Z)), Z), Y) -> R(X, rdiv(Y, Z), Z)
(40.57143) 479. ldiv(X, op(Y, op(ldiv(Y, X), Z))) -> L(Z, ldiv(Y, X), Y)
(33.14286) 480. L(X, rdiv(zero, X), X) -> rdiv(zero, rdiv(zero, X))
(33.714287) 481. L(ldiv(X, zero), X, ldiv(X, zero)) -> rdiv(zero, X)
(36.428574) 482. ldiv(X, rdiv(X, K(Y, Z))) -> K(Z, Y)
(37.0) 483. L(T3, rdiv(T3, L2), L2) -> T3
(37.0) 484. L(T2, rdiv(T2, x7), x7) -> T2
(39.857143) 485. ldiv(X, rdiv(X, rdiv(x7, T2))) -> rdiv(T2, x7)
(39.857143) 486. ldiv(X, rdiv(X, rdiv(T2, x7))) -> rdiv(x7, T2)
(40.285713) 487. L(X, rdiv(L2, T3), T3) -> X
(40.285713) 488. L(X, rdiv(x7, T2), T2) -> X
(40.57143) 489. ldiv(X, op(rdiv(X, Y), op(Y, Z))) -> L(Z, Y, rdiv(X, Y))
(44.428574) 490. T(rdiv(X, K(X, Y)), op(Y, X)) -> L(X, Y, rdiv(X, K(X, Y)))
(37.14286) 491. T(X, rdiv(X, K(Y, Z))) -> L(X, K(Z, Y), X)
(40.285713) 492. L(X, rdiv(T2, x7), x7) -> X
(40.57143) 493. L(X, rdiv(Y, X), Z) = ldiv(op(Z, rdiv(Y, X)), op(Z, Y))
(37.0) 494. L(x7, rdiv(T2, x7), x10) -> x7
(39.0) 495. L(T3, rdiv(L2, T3), x10) -> T3
(40.57143) 496. T(rdiv(X, K(X, Y)), Y) -> X
(48.0) 497. rdiv(rdiv(X, K(X, Y)), K(Y, X)) -> X
(40.714287) 498. T(ldiv(ldiv(X, Y), Y), ldiv(X, Y)) -> ldiv(T(ldiv(X, Y), X), Y)
(40.714287) 499. rdiv(K(X, rdiv(Y, X)), Y) -> rdiv(zero, op(ldiv(X, Y), X))
(40.714287) 500. rdiv(K(rdiv(X, Y), Y), X) -> rdiv(zero, op(Y, rdiv(X, Y)))
(40.857143) 501. K(rdiv(X, Y), rdiv(X, rdiv(X, Y))) -> K(rdiv(X, Y), Y)
(41.0) 502. ldiv(L2, op(T3, x10)) -> rdiv(x10, rdiv(L2, T3))
(41.0) 503. rdiv(T3, rdiv(L2, T3)) -> T(T3, x10)
(41.0) 504. rdiv(T2, rdiv(x7, T2)) -> T(T2, x10)
(41.0) 505. rdiv(x10, rdiv(T2, x7)) -> T(x10, T2)
(41.0) 506. ldiv(T(T3, x10), op(L2, x10)) -> ldiv(T3, op(x10, L2))
(41.0) 507. rdiv(op(x10, x7), rdiv(x7, T2)) -> op(x10, T2)
(41.0) 508. rdiv(op(T3, x10), rdiv(T3, L2)) -> op(L2, x10)
(41.0) 509. rdiv(op(x10, T2), rdiv(T2, x7)) -> op(x10, x7)
(41.0) 510. rdiv(T(x10, L2), rdiv(L2, T3)) -> x10
(41.0) 511. rdiv(T(T3, x10), rdiv(T3, L2)) -> T3
(41.0) 512. rdiv(op(x10, L2), rdiv(L2, T3)) -> op(L2, x10)
(41.0) 513. rdiv(op(x10, T2), rdiv(x7, T2)) -> op(T2, x10)
(41.0) 514. rdiv(R(X, Y, ldiv(Y, zero)), ldiv(Y, zero)) -> op(X, Y)
(40.857143) 515. rdiv(K(X, Y), ldiv(Z, zero)) -> rdiv(Z, K(Y, X))
(41.0) 516. ldiv(rdiv(zero, X), L(Y, X, rdiv(zero, X))) -> op(X, Y)
(40.857143) 517. ldiv(rdiv(zero, X), K(Y, Z)) -> rdiv(X, K(Z, Y))
(41.0) 518. op(rdiv(zero, X), T(X, Y)) -> K(X, Y)
(37.0) 519. op(rdiv(zero, x7), T2) -> rdiv(T2, x7)
(37.0) 520. op(rdiv(zero, L2), T3) -> rdiv(T3, L2)
(39.0) 521. rdiv(rdiv(T2, x7), T2) -> rdiv(zero, x7)
(39.0) 522. rdiv(rdiv(T3, L2), T3) -> rdiv(zero, L2)
(41.0) 523. op(L2, rdiv(x10, rdiv(L2, T3))) -> op(T3, x10)
(41.0) 524. rdiv(rdiv(L2, T3), op(L2, x10)) -> rdiv(zero, op(T3, x10))
(41.0) 525. rdiv(rdiv(T2, x7), x10) -> rdiv(zero, T(x10, T2))
(41.0) 526. rdiv(rdiv(T3, L2), x10) -> rdiv(zero, T(x10, L2))
(41.0) 527. K(rdiv(zero, T3), T3) -> K(rdiv(zero, T3), L2)
(41.0) 528. K(rdiv(zero, T2), x7) -> K(rdiv(zero, T2), T2)
(41.0) 529. rdiv(op(op(T3, x10), L2), T3) -> op(L2, x10)
(37.0) 530. op(op(T3, x10), L2) -> op(op(L2, x10), T3)
(41.0) 531. T(rdiv(zero, x7), T2) -> ldiv(T2, rdiv(T2, x7))
(41.0) 532. T(rdiv(zero, L2), T3) -> ldiv(T3, rdiv(T3, L2))
(41.0) 533. T(rdiv(zero, T3), L2) -> ldiv(T3, zero)
(48.571426) 534. rdiv(K(rdiv(zero, X), X), T(ldiv(X, zero), X)) -> X
(40.285713) 535. ldiv(L(X, X, X), X) -> K(op(X, X), X)
(38.428574) 536. K(X, rdiv(Y, K(Y, X))) -> K(X, Y)
(48.0) 537. rdiv(K(X, Y), rdiv(Z, K(Y, X))) -> rdiv(zero, Z)
(41.285713) 538. rdiv(X, K(X, op(X, X))) -> R(X, X, X)
(40.285713) 539. ldiv(R(X, X, X), X) -> K(X, op(X, X))
(40.285713) 540. rdiv(X, R(X, X, X)) -> K(X, op(X, X))
(41.428574) 541. T(X, op(X, a(Y, Z, W))) -> L(X, a(Y, Z, W), X)
(48.57143) 542. T(X, rdiv(K(X, rdiv(zero, X)), X)) -> ldiv(ldiv(X, zero), zero)
(48.428574) 543. K(rdiv(K(X, rdiv(zero, X)), X), X) -> K(rdiv(zero, X), X)
(41.571426) 544. op(x7, rdiv(x10, K(X, Y))) -> rdiv(op(x10, T2), K(X, Y))
(41.571426) 545. op(x10, rdiv(T3, K(X, Y))) -> rdiv(op(L2, x10), K(X, Y))
(41.571426) 546. ldiv(rdiv(zero, X), ldiv(X, zero)) -> K(rdiv(zero, X), X)
(41.571426) 547. rdiv(ldiv(ldiv(X, zero), zero), X) -> K(X, rdiv(zero, X))
(41.571426) 548. rdiv(ldiv(X, zero), rdiv(zero, X)) -> K(rdiv(zero, X), X)
(34.285713) 549. op(X, rdiv(Y, K(Y, X))) -> op(T(X, Y), Y)
(34.428574) 550. op(rdiv(X, K(X, Y)), Y) -> op(Y, X)
(36.285713) 551. ldiv(X, op(T(X, Y), Y)) -> rdiv(Y, K(Y, X))
(33.0) 552. ldiv(x7, op(T2, x10)) -> rdiv(x10, rdiv(x7, T2))
(38.285713) 553. rdiv(op(X, Y), K(Y, X)) -> op(T(X, Y), Y)
(40.14286) 554. op(X, rdiv(Y, K(Z, W))) -> rdiv(op(X, Y), K(Z, W))
(40.285713) 555. rdiv(X, K(Y, rdiv(X, Y))) -> op(ldiv(Y, X), Y)
(40.285713) 556. rdiv(X, K(X, rdiv(Y, X))) = rdiv(Y, rdiv(Y, X))
(40.714287) 557. rdiv(rdiv(X, K(X, Y)), K(X, Y)) -> rdiv(op(T(Y, X), X), Y)
(41.0) 558. rdiv(op(L2, x10), rdiv(T3, L2)) -> op(x10, L2)
(41.0) 559. op(x7, rdiv(x10, rdiv(x7, T2))) -> op(T2, x10)
(39.857143) 560. ldiv(op(X, Y), op(T(X, Y), Y)) -> K(X, Y)
(39.857143) 561. ldiv(op(T(X, Y), Y), op(X, Y)) -> K(Y, X)
(40.714287) 562. rdiv(K(X, Y), op(Y, X)) -> rdiv(zero, op(T(Y, X), X))
(41.714287) 563. rdiv(op(X, op(Y, Z)), K(Y, Z)) -> op(X, op(Z, Y))
(39.0) 564. rdiv(op(T2, x10), rdiv(T2, x7)) -> op(x10, T2)
(41.714287) 565. L(T(X, Y), T(Y, X), X) -> T(X, op(Y, X))
(39.0) 566. L(T2, T(x10, T2), x7) -> T(x7, op(x10, x7))
(39.0) 567. L(T3, T(x10, L2), L2) -> T(L2, op(x10, L2))
(41.857143) 568. rdiv(rdiv(X, rdiv(T3, L2)), X) -> rdiv(L2, T3)
(41.857143) 569. rdiv(X, rdiv(X, rdiv(L2, T3))) -> rdiv(L2, T3)
(41.857143) 570. ldiv(op(T3, X), op(L2, X)) -> rdiv(L2, T3)
(41.857143) 571. ldiv(op(T2, X), op(x7, X)) -> rdiv(x7, T2)
(41.857143) 572. rdiv(rdiv(X, rdiv(L2, T3)), X) -> rdiv(T3, L2)
(41.857143) 573. ldiv(X, op(L2, ldiv(T3, X))) -> rdiv(L2, T3)
(38.285713) 574. op(L2, ldiv(T3, X)) -> rdiv(X, rdiv(T3, L2))
(41.857143) 575. ldiv(X, op(x7, ldiv(T2, X))) -> rdiv(x7, T2)
(38.285713) 576. op(x7, ldiv(T2, X)) -> rdiv(X, rdiv(T2, x7))
(41.857143) 577. ldiv(X, rdiv(X, rdiv(L2, T3))) -> rdiv(T3, L2)
(41.857143) 578. rdiv(op(T(X, Y), Y), K(X, Y)) -> op(X, Y)
(41.857143) 579. rdiv(op(X, Y), op(T(X, Y), Y)) -> K(Y, X)
(42.0) 580. ldiv(rdiv(X, K(X, Y)), op(Y, X)) -> Y
(42.0) 581. rdiv(T3, K(T3, op(L2, x10))) -> R(L2, x10, T3)
(41.0) 582. ldiv(R(L2, x10, T3), T3) -> K(T3, op(L2, x10))
(41.0) 583. rdiv(T3, R(L2, x10, T3)) -> K(T3, op(L2, x10))
(41.0) 584. op(x10, R(L2, x10, T3)) -> T(op(L2, x10), T3)
(42.0) 585. op(op(x10, T2), ldiv(x10, zero)) -> R(x7, x10, ldiv(x10, zero))
(42.0) 586. op(op(L2, x10), ldiv(T3, zero)) -> R(x10, T3, ldiv(T3, zero))
(42.0) 587. op(rdiv(zero, x7), op(x10, T2)) -> L(x10, x7, rdiv(zero, x7))
(42.0) 588. op(rdiv(zero, x10), op(L2, x10)) -> L(T3, x10, rdiv(zero, x10))
(42.0) 589. L(X, K(Y, Z), K(Z, Y)) -> X
(42.0) 590. T(L2, op(L2, T3)) -> L(L2, T3, L2)
(42.0) 591. T(T2, op(T2, x7)) -> L(T2, x7, T2)
(42.142857) 592. K(rdiv(zero, rdiv(zero, X)), rdiv(zero, X)) -> K(X, rdiv(zero, X))
(42.14286) 593. R(rdiv(zero, X), X, T(Y, X)) = rdiv(T(Y, X), op(Y, X))
(38.857143) 594. rdiv(zero, rdiv(X, K(Y, Z))) -> rdiv(K(Y, Z), X)
(40.285713) 595. rdiv(X, rdiv(Y, rdiv(Y, X))) -> K(X, rdiv(Y, X))
(40.857143) 596. ldiv(rdiv(K(X, Y), Z), zero) -> rdiv(Z, K(X, Y))
(41.14286) 597. rdiv(ldiv(X, K(Y, Z)), K(Y, Z)) -> ldiv(X, zero)
(42.14286) 598. op(rdiv(X, K(Y, Z)), W) -> rdiv(op(X, W), K(Y, Z))
(42.14286) 599. op(rdiv(op(X, Y), X), Z) = rdiv(op(Y, Z), K(Y, X))
(42.14286) 600. op(rdiv(X, rdiv(X, Y)), Y) -> op(Y, rdiv(X, rdiv(X, Y)))
(34.857143) 601. op(T(X, Y), X) -> op(X, T(X, Y))
(33.14286) 602. T(X, T(X, Y)) -> X
(33.285713) 603. K(X, T(X, Y)) -> zero
(33.285713) 604. K(T(X, Y), X) -> zero
(35.0) 605. T(T(X, Y), X) -> T(X, Y)
(38.57143) 606. T(X, rdiv(Y, rdiv(Y, X))) -> X
(38.57143) 607. T(X, L(X, X, X)) -> X
(38.57143) 608. L(X, K(Y, X), X) -> X
(38.714287) 609. K(X, rdiv(Y, rdiv(Y, X))) -> zero
(38.714287) 610. K(rdiv(X, rdiv(X, Y)), Y) -> zero
(38.714287) 611. K(X, L(X, X, X)) -> zero
(38.714287) 612. K(L(X, X, X), X) -> zero
(40.714287) 613. K(X, rdiv(X, K(X, Y))) -> zero
(40.714287) 614. K(ldiv(X, Y), rdiv(Y, X)) -> zero
(40.714287) 615. K(rdiv(X, K(X, Y)), X) -> zero
(40.714287) 616. K(rdiv(X, Y), ldiv(Y, X)) -> zero
(41.0) 617. T(x7, L(T2, x10, x7)) -> x7
(41.0) 618. T(L2, L(T3, x10, L2)) -> L2
(41.0) 619. K(x7, L(T2, x10, x7)) -> zero
(41.0) 620. K(L2, L(T3, x10, L2)) -> zero
(41.0) 621. K(L(T2, x10, x7), x7) -> zero
(41.0) 622. K(L(T3, x10, L2), L2) -> zero
(41.14286) 623. op(L(X, X, X), X) -> op(X, L(X, X, X))
(41.285713) 624. T(L(X, X, X), X) -> L(X, X, X)
(42.14286) 625. rdiv(op(X, Y), K(Y, Z)) = op(X, rdiv(op(Z, Y), Z))
(42.14286) 626. rdiv(rdiv(X, Y), K(Z, W)) -> rdiv(X, rdiv(Y, K(W, Z)))
(42.14286) 627. L(op(X, Y), K(Y, X), op(X, Y)) -> T(op(X, Y), op(Y, X))
(46.57143) 628. L(ldiv(X, zero), X, K(Y, Z)) = ldiv(rdiv(X, K(Z, Y)), K(Y, Z))
(38.571426) 629. L(X, rdiv(zero, X), K(Y, Z)) -> X
(41.714287) 630. L(X, rdiv(zero, X), rdiv(x7, T2)) -> X
(41.714287) 631. L(X, rdiv(zero, X), rdiv(T2, x7)) -> X
(42.285713) 632. op(R(X, x7, x10), op(x10, T2)) -> op(op(X, x7), x10)
(42.285713) 633. op(R(X, x10, T3), op(L2, x10)) -> op(op(X, x10), T3)
(42.285713) 634. op(op(x10, T2), L(X, x10, x7)) -> op(x7, op(x10, X))
(42.285713) 635. op(op(L2, x10), L(X, T3, x10)) -> op(x10, op(T3, X))
(50.285717) 636. rdiv(rdiv(X, rdiv(L2, T3)), rdiv(T3, L2)) -> X
(50.285717) 637. rdiv(rdiv(X, rdiv(x7, T2)), rdiv(T2, x7)) -> X
(50.285717) 638. rdiv(rdiv(X, rdiv(T3, L2)), rdiv(L2, T3)) -> X
(50.285717) 639. rdiv(rdiv(X, rdiv(T2, x7)), rdiv(x7, T2)) -> X
(42.285713) 640. rdiv(op(X, Y), K(Z, X)) -> op(T(X, Z), Y)
(42.285713) 641. rdiv(op(X, Y), K(Z, Y)) -> op(X, T(Y, Z))
(38.285713) 642. op(T(x10, X), T2) -> op(x7, T(x10, X))
(36.428574) 643. T(x7, T(x10, X)) -> T2
(38.428574) 644. K(T(x10, X), T2) -> rdiv(x7, T2)
(38.428574) 645. K(T(x10, X), x7) -> rdiv(x7, T2)
(40.285713) 646. T(T(x10, X), x7) -> T(T(x10, X), T2)
(40.285713) 647. K(x7, T(x10, X)) -> K(T2, T(x10, X))
(40.428574) 648. K(x7, T(x10, X)) -> rdiv(T2, x7)
(40.428574) 649. T(T2, T(x10, X)) -> T(T2, x10)
(40.428574) 650. K(T2, T(x10, X)) -> rdiv(T2, x7)
(42.285713) 651. rdiv(X, L(X, X, X)) -> K(op(X, X), X)
(42.285713) 652. ldiv(ldiv(ldiv(X, Y), Y), X) -> K(rdiv(Y, X), X)
(42.285713) 653. rdiv(X, ldiv(ldiv(X, Y), Y)) -> K(rdiv(Y, X), X)
(42.285713) 654. T(T(X, Y), T(Y, X)) -> T(T(X, Y), Y)
(42.285713) 655. op(L2, rdiv(X, rdiv(L2, T3))) -> op(T3, X)
(38.285713) 656. ldiv(L2, op(T3, X)) -> rdiv(X, rdiv(L2, T3))
(39.0) 657. op(T3, op(L2, x10)) -> op(L2, op(T3, x10))
(36.0) 658. L(x10, T3, L2) -> L(x10, L2, T3)
(42.285713) 659. rdiv(op(T3, X), rdiv(T3, L2)) -> op(L2, X)
(39.0) 660. K(T3, rdiv(zero, L2)) -> K(L2, rdiv(zero, L2))
(39.0) 661. op(T3, ldiv(L2, zero)) -> rdiv(T3, L2)
(41.0) 662. ldiv(T3, rdiv(T3, L2)) -> ldiv(L2, zero)
(41.0) 663. K(rdiv(zero, L2), T3) -> K(rdiv(zero, L2), L2)
(42.285713) 664. op(x7, rdiv(X, rdiv(x7, T2))) -> op(T2, X)
(38.285713) 665. ldiv(x7, op(T2, X)) -> rdiv(X, rdiv(x7, T2))
(39.0) 666. op(x7, op(T2, x10)) -> op(T2, op(x10, T2))
(40.0) 667. T(x7, op(T2, x10)) -> L(T2, x10, T2)
(42.285713) 668. rdiv(op(T2, X), rdiv(T2, x7)) -> op(x7, X)
(39.0) 669. K(x7, rdiv(zero, x7)) -> K(T2, rdiv(zero, x7))
(41.0) 670. ldiv(T2, rdiv(T2, x7)) -> ldiv(x7, zero)
(41.0) 671. K(rdiv(zero, x7), x7) -> K(rdiv(zero, x7), T2)
(42.285713) 672. op(rdiv(X, rdiv(T2, x7)), T2) -> op(X, x7)
(38.285713) 673. rdiv(op(X, x7), T2) -> rdiv(X, rdiv(T2, x7))
(38.285713) 674. op(op(x7, X), T2) -> op(op(T2, X), x7)
(39.0) 675. op(op(x10, x7), T2) -> op(op(x10, T2), x7)
(36.0) 676. R(x10, x7, T2) -> R(x10, T2, x7)
(39.0) 677. op(op(x10, T2), T2) -> op(op(T2, x10), x7)
(39.0) 678. op(T(T2, x10), x7) -> op(T2, T2)
(40.285713) 679. op(T(x7, X), T2) -> op(T2, T(x7, X))
(38.428574) 680. T(T2, T(x7, X)) -> T2
(38.428574) 681. K(T2, T(x7, X)) -> zero
(38.428574) 682. K(T(x7, X), T2) -> zero
(40.285713) 683. T(T(x7, X), T2) -> T(x7, X)
(41.0) 684. rdiv(op(T2, T2), x7) -> T(T2, x10)
(41.0) 685. T(T(T2, x10), x7) -> T(T2, x10)
(41.0) 686. K(x7, T(T2, x10)) -> zero
(41.0) 687. T(x7, T(T2, x10)) -> x7
(41.0) 688. K(T(T2, x10), x7) -> zero
(42.285713) 689. op(rdiv(X, rdiv(x7, T2)), x7) -> op(X, T2)
(38.285713) 690. rdiv(op(X, T2), x7) -> rdiv(X, rdiv(x7, T2))
(42.285713) 691. ldiv(rdiv(X, rdiv(X, Y)), Y) -> K(Y, rdiv(X, Y))
(42.285713) 692. rdiv(ldiv(X, Y), rdiv(Y, X)) -> K(rdiv(Y, X), X)
(42.285713) 693. rdiv(zero, rdiv(X, rdiv(x7, T2))) -> rdiv(rdiv(x7, T2), X)
(42.285713) 694. rdiv(zero, rdiv(X, rdiv(T2, x7))) -> rdiv(rdiv(T2, x7), X)
(42.285713) 695. T(rdiv(X, rdiv(X, Y)), Y) -> rdiv(X, rdiv(X, Y))
(42.285713) 696. rdiv(op(X, T3), rdiv(T3, L2)) -> op(X, L2)
(38.285713) 697. op(T(T3, X), L2) -> op(L2, T(T3, X))
(36.428574) 698. T(L2, T(T3, X)) -> L2
(36.428574) 699. K(L2, T(T3, X)) -> zero
(36.428574) 700. K(T(T3, X), L2) -> zero
(38.285713) 701. T(T(T3, X), L2) -> T(T3, X)
(42.285713) 702. rdiv(op(X, T2), rdiv(T2, x7)) -> op(X, x7)
(38.285713) 703. op(T(T2, X), x7) -> op(x7, T(T2, X))
(36.428574) 704. T(x7, T(T2, X)) -> x7
(36.428574) 705. K(x7, T(T2, X)) -> zero
(36.428574) 706. K(T(T2, X), x7) -> zero
(38.285713) 707. op(op(X, x7), T2) -> op(op(X, T2), x7)
(35.285713) 708. R(X, x7, T2) -> R(X, T2, x7)
(38.285713) 709. T(T(T2, X), x7) -> T(T2, X)
(41.0) 710. op(x7, T(T2, x10)) -> op(T2, T2)
(42.285713) 711. op(X, rdiv(op(X, Y), X)) = op(T(X, Y), Y)
(42.285713) 712. op(T(L2, X), T3) -> op(T3, T(L2, X))
(40.428574) 713. T(T3, T(L2, X)) -> T3
(40.428574) 714. K(T3, T(L2, X)) -> zero
(40.428574) 715. K(T(L2, X), T3) -> zero
(42.285713) 716. T(T(L2, X), T3) -> T(L2, X)
(42.428574) 717. R(X, Y, ldiv(op(X, Y), Z)) = rdiv(Z, op(Y, ldiv(op(X, Y), Z)))
(42.428574) 718. L(X, Y, rdiv(Z, op(Y, X))) = ldiv(op(rdiv(Z, op(Y, X)), Y), Z)
(28.57143) 719. L(X, Y, K(X, Y)) -> X
(33.0) 720. L(T2, x10, rdiv(x7, T2)) -> T2
(35.0) 721. L(x7, x10, rdiv(T2, x7)) -> x7
(37.0) 722. L(x10, T2, rdiv(x7, T2)) -> x10
(38.0) 723. L(X, T(Y, X), K(X, Y)) -> X
(41.0) 724. L(L2, x10, rdiv(T3, L2)) -> L2
(41.0) 725. L(x10, L2, rdiv(L2, T3)) -> x10
(41.0) 726. L(x10, x7, rdiv(x7, T2)) -> x10
(37.0) 727. ldiv(T(x10, T2), op(x10, x7)) -> T2
(42.428574) 728. op(op(X, a(Y, Z, W)), V) = op(op(X, V), a(Y, Z, W))
(42.428574) 729. op(op(X, a(Y, Z, W)), V) -> op(X, op(V, a(Y, Z, W)))
(42.0) 730. R(X, a(Y, Z, W), rdiv(V, a(Y, Z, W))) -> X
(36.0) 731. R(X, a(Y, Z, W), V) -> X
(42.428574) 732. op(op(X, Y), a(Z, W, V)) -> op(X, op(Y, a(Z, W, V)))
(34.0) 733. R(X, Y, a(Z, W, V)) -> X
(36.714287) 734. L(a(X, Y, Z), W, V) -> a(X, Y, Z)
(42.428574) 735. ldiv(R(X, ldiv(X, zero), Y), Y) -> op(ldiv(X, zero), Y)
(42.428574) 736. rdiv(X, L(Y, rdiv(zero, Y), X)) -> op(X, rdiv(zero, Y))
(42.428574) 737. rdiv(R(X, rdiv(zero, Y), Y), Y) -> op(X, rdiv(zero, Y))
(42.428574) 738. ldiv(X, L(Y, ldiv(X, zero), X)) -> op(ldiv(X, zero), Y)
(40.857143) 739. rdiv(ldiv(X, zero), K(Y, Z)) -> ldiv(X, K(Z, Y))
(42.428574) 740. rdiv(op(X, T(X, Y)), X) -> T(X, Y)
(42.428574) 741. T(ldiv(X, Y), rdiv(Y, X)) -> ldiv(X, Y)
(42.428574) 742. rdiv(X, rdiv(op(Y, X), Y)) -> K(X, Y)
(42.428574) 743. T(rdiv(X, Y), ldiv(Y, X)) -> rdiv(X, Y)
(42.571426) 744. op(ldiv(ldiv(X, Y), Y), T(ldiv(X, Y), X)) -> Y
(42.571426) 745. T(X, rdiv(X, rdiv(T2, x7))) -> L(X, rdiv(x7, T2), X)
(42.571426) 746. T(X, rdiv(X, rdiv(x7, T2))) -> L(X, rdiv(T2, x7), X)
(42.57143) 747. ldiv(op(X, Y), op(X, op(Z, Y))) -> L(T(Z, Y), Y, X)
(32.57143) 748. L(X, K(X, Y), Y) -> X
(34.57143) 749. L(X, K(Y, Z), Y) -> X
(35.0) 750. L(x10, rdiv(T3, L2), L2) -> x10
(37.857143) 751. L(T(X, Y), Y, K(Y, X)) -> T(X, Y)
(30.57143) 752. L(X, Y, K(Y, X)) -> X
(33.0) 753. L(T3, x10, rdiv(L2, T3)) -> T3
(35.0) 754. L(x10, x7, rdiv(T2, x7)) -> x10
(38.285713) 755. L(X, rdiv(L2, T3), x10) -> X
(38.285713) 756. L(X, rdiv(x7, T2), x10) -> X
(38.285713) 757. L(X, rdiv(T3, L2), T3) -> X
(40.0) 758. T(L2, op(T3, x10)) -> L(T3, x10, T3)
(40.285713) 759. L(X, rdiv(T3, L2), L2) -> X
(41.0) 760. L(L2, rdiv(T3, L2), x10) -> L2
(41.0) 761. L(x10, rdiv(L2, T3), L2) -> x10
(41.0) 762. L(x10, rdiv(x7, T2), x7) -> x10
(41.0) 763. L(x10, L2, rdiv(T3, L2)) -> x10
(41.0) 764. L(L2, x10, rdiv(L2, T3)) -> L2
(41.0) 765. L(x7, x10, rdiv(x7, T2)) -> x7
(41.57143) 766. L(T(X, Y), Y, K(Z, W)) -> T(X, rdiv(Y, K(W, Z)))
(39.14286) 767. T(X, rdiv(X, K(Y, Z))) -> L(X, X, K(Z, Y))
(37.14286) 768. L(X, K(Y, Z), X) = L(X, X, K(Y, Z))
(36.57143) 769. L(X, X, K(X, Y)) -> X
(38.571426) 770. L(X, X, rdiv(T2, x7)) = L(X, rdiv(T2, x7), X)
(37.0) 771. L(x7, x7, rdiv(T2, x7)) -> x7
(38.571426) 772. L(X, X, rdiv(x7, T2)) = L(X, rdiv(x7, T2), X)
(37.0) 773. L(T2, T2, rdiv(x7, T2)) -> T2
(40.571426) 774. T(x7, rdiv(x10, K(X, Y))) -> L(T2, x10, K(Y, X))
(39.0) 775. L(T2, x10, rdiv(L2, T3)) -> T2
(39.0) 776. L(T2, x10, rdiv(T2, x7)) -> T2
(40.571426) 777. T(L2, rdiv(x10, K(X, Y))) -> L(T3, x10, K(Y, X))
(39.0) 778. L(T3, x10, rdiv(x7, T2)) -> T(L2, T(x10, T2))
(39.0) 779. L(T3, x10, rdiv(T3, L2)) -> T3
(40.571426) 780. L(X, X, K(rdiv(zero, X), X)) -> X
(40.571426) 781. L(X, X, rdiv(L2, T3)) = L(X, rdiv(L2, T3), X)
(39.0) 782. L(T3, T3, rdiv(L2, T3)) -> T3
(40.57143) 783. L(X, X, K(Y, X)) -> X
(41.0) 784. L(x10, x10, rdiv(L2, T3)) -> x10
(41.0) 785. L(x10, x10, rdiv(x7, T2)) -> x10
(41.0) 786. L(L2, L2, rdiv(T3, L2)) -> L2
(41.0) 787. L(T3, T3, rdiv(T3, L2)) -> T3
(41.0) 788. T(x7, rdiv(x10, rdiv(x7, T2))) -> T2
(41.0) 789. T(L2, rdiv(x10, rdiv(L2, T3))) -> T3
(42.0) 790. L(X, K(X, Y), T(Y, X)) -> X
(42.428574) 791. L(T2, x10, K(x10, X)) -> T2
(46.0) 792. T(rdiv(X, rdiv(X, Y)), ldiv(Y, X)) -> Y
(42.571426) 793. L(X, X, rdiv(T3, L2)) = L(X, rdiv(T3, L2), X)
(42.57143) 794. rdiv(K(X, Y), T(X, Y)) -> rdiv(zero, X)
(42.57143) 795. T(X, ldiv(ldiv(X, Y), Y)) -> X
(42.57143) 796. L(ldiv(X, zero), X, K(Y, Z)) -> ldiv(X, zero)
(42.57143) 797. rdiv(a(X, Y, Z), op(W, a(X, Y, Z))) -> rdiv(zero, W)
(42.57143) 798. T(X, rdiv(op(Y, X), Y)) -> X
(42.57143) 799. T(X, rdiv(K(Y, Z), X)) -> ldiv(ldiv(X, zero), zero)
(42.714287) 800. L(rdiv(X, K(Y, Z)), K(Y, Z), rdiv(X, K(Y, Z))) -> T(rdiv(X, K(Y, Z)), X)
(49.57143) 801. rdiv(X, rdiv(K(X, Y), K(Y, X))) -> rdiv(op(T(Y, X), X), Y)
(42.714287) 802. K(X, ldiv(ldiv(X, Y), Y)) -> zero
(42.714287) 803. K(ldiv(ldiv(X, Y), Y), X) -> zero
(42.714287) 804. K(X, rdiv(op(Y, X), Y)) -> zero
(42.714287) 805. K(rdiv(op(X, Y), X), Y) -> zero
(58.85714) 806. rdiv(X, K(ldiv(Y, zero), rdiv(zero, rdiv(zero, Y)))) -> rdiv(X, K(rdiv(zero, Y), Y))
(42.857143) 807. K(rdiv(X, rdiv(X, Y)), rdiv(X, Y)) -> K(Y, rdiv(X, Y))
(42.857143) 808. op(ldiv(ldiv(X, Y), Y), ldiv(X, Y)) -> op(X, rdiv(Y, X))
(42.857143) 809. op(rdiv(X, Y), rdiv(X, rdiv(X, Y))) -> op(ldiv(Y, X), Y)
(42.857143) 810. rdiv(op(X, Y), rdiv(op(X, Y), X)) -> rdiv(X, K(X, Y))
(42.857143) 811. rdiv(zero, ldiv(X, K(Y, Z))) -> rdiv(X, K(Y, Z))
(43.0) 812. ldiv(x7, L(T2, x10, x7)) -> K(x7, op(x10, T2))
(43.0) 813. ldiv(L2, L(T3, x10, L2)) -> K(L2, op(L2, x10))
(43.0) 814. rdiv(L(T2, x10, x7), x7) -> K(x7, op(x10, T2))
(43.0) 815. rdiv(L(T3, x10, L2), L2) -> K(L2, op(L2, x10))
(43.0) 816. rdiv(T(x10, T2), rdiv(x7, T2)) -> x10
(43.0) 817. K(L2, ldiv(T3, op(x10, L2))) -> rdiv(T3, L2)
(43.0) 818. rdiv(op(L2, x10), T(T3, x10)) -> T(x10, L2)
(43.0) 819. rdiv(op(x10, x7), T(x10, T2)) -> x7
(51.0) 820. rdiv(op(x10, T2), rdiv(x10, rdiv(x7, T2))) -> rdiv(x7, rdiv(T2, x7))
(43.0) 821. rdiv(T(T2, x10), rdiv(T2, x7)) -> T2
(41.0) 822. L(T2, T2, rdiv(T2, x7)) -> T2
(43.0) 823. K(rdiv(x10, rdiv(x7, T2)), T2) -> rdiv(x7, T2)
(43.0) 824. op(X, T(ldiv(X, zero), Y)) -> K(ldiv(X, zero), Y)
(43.0) 825. op(rdiv(zero, T(X, Y)), X) -> K(Y, X)
(43.0) 826. T(R(L2, x10, T3), op(L2, x10)) -> T3
(43.0) 827. rdiv(rdiv(T2, x7), op(x10, T2)) -> rdiv(zero, op(x10, x7))
(43.0) 828. rdiv(rdiv(L2, T3), ldiv(T3, zero)) -> L2
(43.0) 829. rdiv(rdiv(x7, T2), ldiv(T2, zero)) -> x7
(43.0) 830. K(ldiv(T2, zero), x7) -> K(rdiv(zero, T2), T2)
(43.0) 831. op(T3, op(L2, T3)) -> op(L2, op(T3, T3))
(40.0) 832. L(T3, T3, L2) -> L(T3, L2, T3)
(43.0) 833. op(x7, op(T2, x7)) -> op(T2, op(x7, x7))
(40.0) 834. L(x7, x7, T2) -> L(x7, T2, x7)
(43.0) 835. rdiv(rdiv(x7, T2), op(x10, T2)) -> rdiv(zero, op(T2, x10))
(43.0) 836. rdiv(rdiv(T3, L2), op(L2, x10)) -> rdiv(zero, op(x10, L2))
(41.0) 837. T(rdiv(zero, x7), T2) -> ldiv(x7, zero)
(41.0) 838. T(rdiv(zero, L2), T3) -> ldiv(L2, zero)
(43.0) 839. K(T3, rdiv(x10, rdiv(L2, T3))) -> rdiv(T3, L2)
(43.0) 840. K(T2, rdiv(x10, rdiv(x7, T2))) -> rdiv(T2, x7)
(38.285713) 841. L(X, rdiv(T2, x7), T2) -> X
(43.0) 842. op(rdiv(x10, rdiv(L2, T3)), T3) -> op(T3, x10)
(43.0) 843. op(rdiv(x10, rdiv(x7, T2)), T2) -> op(T2, x10)
(43.0) 844. op(T(T3, x10), T(x10, L2)) -> op(T3, x10)
(43.0) 845. rdiv(rdiv(x7, T2), op(x10, x7)) -> rdiv(zero, op(x10, T2))
(39.0) 846. L(x10, x10, rdiv(T2, x7)) -> x10
(43.0) 847. L(x10, x10, rdiv(T3, L2)) -> x10
(43.0) 848. L(L2, L2, rdiv(L2, T3)) -> L2
(43.0) 849. L(x7, x7, rdiv(x7, T2)) -> x7
(43.0) 850. K(x10, rdiv(x10, rdiv(x7, T2))) -> zero
(43.0) 851. K(rdiv(x10, rdiv(x7, T2)), x10) -> zero
(43.0) 852. T(x7, L(x10, x10, x10)) -> T2
(43.0) 853. op(L2, T(T3, x10)) -> op(T3, T3)
(43.0) 854. K(T3, ldiv(L2, zero)) -> K(L2, rdiv(zero, L2))
(43.0) 855. T(T3, ldiv(L2, zero)) -> T(T3, rdiv(zero, L2))
(43.0) 856. K(ldiv(L2, zero), T3) -> K(rdiv(zero, L2), L2)
(43.0) 857. T(x7, L(T2, x10, T2)) -> x7
(43.0) 858. K(x7, L(T2, x10, T2)) -> zero
(43.0) 859. K(L(T2, x10, T2), x7) -> zero
(43.0) 860. op(T2, ldiv(x7, zero)) -> rdiv(T2, x7)
(43.0) 861. T(L2, L(T3, T3, T3)) -> L2
(43.0) 862. K(L2, L(T3, T3, T3)) -> zero
(43.0) 863. K(L(T3, T3, T3), L2) -> zero
(43.0) 864. T(x7, L(T2, T2, T2)) -> x7
(43.0) 865. K(x7, L(T2, T2, T2)) -> zero
(43.0) 866. K(L(T2, T2, T2), x7) -> zero
(43.0) 867. rdiv(op(x10, x7), T(T2, x10)) -> ldiv(T2, op(x10, x7))
(43.0) 868. L(T2, rdiv(x10, rdiv(x7, T2)), rdiv(x7, T2)) -> T2
(43.0) 869. L(x7, rdiv(x10, rdiv(x7, T2)), rdiv(x7, T2)) -> x7
(43.0) 870. T(L2, L(T3, x10, T3)) -> L2
(43.0) 871. K(L2, L(T3, x10, T3)) -> zero
(43.0) 872. K(L(T3, x10, T3), L2) -> zero
(43.0) 873. rdiv(op(x7, x7), rdiv(x7, T2)) -> op(T2, x7)
(43.0) 874. T(rdiv(x10, rdiv(x7, T2)), x7) -> x10
(43.0) 875. T(rdiv(x10, rdiv(L2, T3)), L2) -> x10
(43.0) 876. T(rdiv(x10, rdiv(x7, T2)), T2) -> x10
(41.0) 877. L(x10, T2, rdiv(T2, x7)) -> x10
(41.0) 878. L(T2, rdiv(T2, x7), x10) -> T2
(43.0) 879. T(L2, ldiv(T3, op(x10, L2))) -> T3
(43.0) 880. T(rdiv(x10, rdiv(L2, T3)), T3) -> x10
(41.0) 881. L(x10, T3, rdiv(T3, L2)) -> x10
(41.0) 882. L(T3, rdiv(T3, L2), x10) -> T3
(43.142853) 883. rdiv(op(op(X, Y), Z), a(X, Y, Z)) -> op(X, op(Y, Z))
(41.714287) 884. rdiv(op(op(X, Y), Z), K(X, Y)) -> op(op(Y, X), Z)
(38.14286) 885. op(op(X, Y), op(Y, X)) <-> op(op(Y, X), op(X, Y))
(34.714287) 886. K(op(X, Y), op(Y, X)) -> zero
(36.428574) 887. T(op(X, Y), op(Y, X)) -> op(X, Y)
(36.57143) 888. T(X, op(ldiv(Y, X), Y)) -> X
(36.57143) 889. T(X, op(Y, rdiv(X, Y))) -> X
(36.714287) 890. K(X, op(ldiv(Y, X), Y)) -> zero
(36.714287) 891. K(op(ldiv(X, Y), X), Y) -> zero
(36.714287) 892. K(X, op(Y, rdiv(X, Y))) -> zero
(36.714287) 893. K(op(X, rdiv(Y, X)), Y) -> zero
(39.0) 894. K(op(x10, T2), op(x10, x7)) -> zero
(39.0) 895. K(op(x10, x7), op(x10, T2)) -> zero
(39.0) 896. K(op(L2, x10), op(T3, x10)) -> zero
(39.0) 897. K(op(T3, x10), op(L2, x10)) -> zero
(40.14286) 898. op(op(ldiv(X, Y), X), Y) -> op(Y, op(ldiv(X, Y), X))
(40.14286) 899. op(op(X, rdiv(Y, X)), Y) -> op(Y, op(X, rdiv(Y, X)))
(40.285713) 900. T(op(ldiv(X, Y), X), Y) -> op(ldiv(X, Y), X)
(40.285713) 901. T(op(X, rdiv(Y, X)), Y) -> op(X, rdiv(Y, X))
(41.0) 902. T(op(x10, T2), op(x10, x7)) -> op(x10, T2)
(41.0) 903. T(op(x10, x7), op(x10, T2)) -> op(x10, x7)
(41.0) 904. T(op(L2, x10), op(T3, x10)) -> op(L2, x10)
(41.0) 905. T(op(T3, x10), op(L2, x10)) -> op(T3, x10)
(42.428574) 906. L(op(X, Y), K(X, Y), op(X, Y)) -> op(X, Y)
(42.0) 907. L(X, X, K(Y, rdiv(X, Y))) -> X
(42.0) 908. L(X, X, K(rdiv(X, Y), Y)) -> X
(43.0) 909. op(op(x10, x7), op(x10, T2)) -> op(op(x10, T2), op(x10, x7))
(40.0) 910. R(x10, x7, op(x10, T2)) -> R(x10, T2, op(x10, x7))
(43.0) 911. op(op(T3, x10), op(L2, x10)) -> op(op(L2, x10), op(T3, x10))
(40.0) 912. L(x10, T3, op(L2, x10)) -> L(x10, L2, op(T3, x10))
(43.142857) 913. L(rdiv(zero, X), X, rdiv(zero, X)) -> rdiv(zero, rdiv(zero, rdiv(zero, X)))
(43.285713) 914. rdiv(op(X, op(Y, Z)), L(Z, Y, X)) -> op(X, Y)
(42.285713) 915. rdiv(op(L2, X), rdiv(L2, T3)) -> op(T3, X)
(38.285713) 916. op(T3, ldiv(L2, X)) -> rdiv(X, rdiv(L2, T3))
(38.285713) 917. op(T3, op(L2, X)) -> op(L2, op(T3, X))
(35.285713) 918. L(X, T3, L2) -> L(X, L2, T3)
(42.285713) 919. rdiv(op(x7, X), rdiv(x7, T2)) -> op(T2, X)
(38.285713) 920. op(T2, ldiv(x7, X)) -> rdiv(X, rdiv(x7, T2))
(38.285713) 921. op(x7, op(T2, X)) -> op(T2, op(x7, X))
(35.285713) 922. L(X, x7, T2) -> L(X, T2, x7)
(43.285713) 923. ldiv(R(X, Y, Z), op(op(X, Y), Z)) -> op(Y, Z)
(41.57143) 924. op(X, op(Y, a(Z, X, Y))) = ldiv(Z, op(op(Z, X), Y))
(42.285713) 925. ldiv(X, op(T(X, Y), Z)) -> rdiv(Z, K(Y, X))
(43.285713) 926. ldiv(R(rdiv(X, Y), Y, Z), op(X, Z)) -> op(Y, Z)
(40.285713) 927. ldiv(rdiv(T3, X), L2) -> rdiv(X, rdiv(T3, L2))
(40.285713) 928. ldiv(rdiv(T2, X), x7) -> rdiv(X, rdiv(T2, x7))
(42.285713) 929. ldiv(rdiv(X, Y), T(X, Z)) -> rdiv(Y, K(Z, X))
(38.285713) 930. ldiv(rdiv(x7, X), T2) -> rdiv(X, rdiv(x7, T2))
(38.285713) 931. ldiv(rdiv(L2, X), T3) -> rdiv(X, rdiv(L2, T3))
(43.285713) 932. rdiv(op(X, Y), L(ldiv(Z, Y), Z, X)) -> op(X, Z)
(43.285713) 933. R(X, rdiv(zero, L2), T3) -> R(X, rdiv(zero, L2), L2)
(43.285713) 934. R(X, rdiv(zero, x7), x7) -> R(X, rdiv(zero, x7), T2)
(43.285713) 935. L(T(X, T3), L2, T3) -> L(T(X, L2), L2, T3)
(40.0) 936. T(T3, op(L2, T3)) -> L(T3, L2, T3)
(43.0) 937. T(T3, L(T3, L2, T3)) -> T3
(43.0) 938. K(T3, L(T3, L2, T3)) -> zero
(43.0) 939. K(L(T3, L2, T3), T3) -> zero
(43.0) 940. T(L2, L(T3, L2, T3)) -> L2
(43.0) 941. K(L2, L(T3, L2, T3)) -> zero
(43.0) 942. K(L(T3, L2, T3), L2) -> zero
(43.285713) 943. L(T(X, x7), T2, x7) -> L(T(X, T2), T2, x7)
(40.0) 944. T(x7, op(T2, x7)) -> L(x7, T2, x7)
(43.0) 945. T(x7, L(x7, T2, x7)) -> x7
(43.0) 946. K(x7, L(x7, T2, x7)) -> zero
(43.0) 947. K(L(x7, T2, x7), x7) -> zero
(43.285713) 948. ldiv(X, R(X, Y, ldiv(Y, zero))) -> a(X, Y, ldiv(Y, zero))
(37.571426) 949. a(ldiv(X, zero), X, ldiv(X, zero)) -> K(rdiv(zero, X), X)
(39.0) 950. a(X, rdiv(zero, X), X) -> K(X, rdiv(zero, X))
(43.285713) 951. ldiv(X, R(X, rdiv(zero, Y), Y)) -> a(X, rdiv(zero, Y), Y)
(50.85714) 952. rdiv(K(rdiv(zero, X), X), K(X, rdiv(zero, X))) -> op(T(ldiv(X, zero), X), X)
(43.428574) 953. T(X, op(a(Y, Z, W), X)) -> L(X, a(Y, Z, W), X)
(43.571426) 954. op(rdiv(X, rdiv(T2, x7)), Y) -> rdiv(op(X, Y), rdiv(T2, x7))
(43.571426) 955. op(X, rdiv(Y, rdiv(T2, x7))) -> rdiv(op(X, Y), rdiv(T2, x7))
(43.571426) 956. op(rdiv(X, rdiv(x7, T2)), Y) -> rdiv(op(X, Y), rdiv(x7, T2))
(43.571426) 957. op(X, rdiv(Y, rdiv(x7, T2))) -> rdiv(op(X, Y), rdiv(x7, T2))
(42.285713) 958. rdiv(op(X, x7), rdiv(x7, T2)) -> op(X, T2)
(38.285713) 959. op(rdiv(X, x7), T2) -> rdiv(X, rdiv(x7, T2))
(43.285713) 960. R(X, rdiv(zero, T2), x7) -> R(X, rdiv(zero, T2), T2)
(43.57143) 961. R(rdiv(X, K(X, Y)), Y, X) -> rdiv(X, K(X, op(Y, X)))
(43.57143) 962. rdiv(op(X, Y), K(Z, rdiv(X, Z))) -> op(op(ldiv(Z, X), Z), Y)
(43.57143) 963. rdiv(op(X, Y), K(rdiv(X, Z), Z)) -> op(op(Z, rdiv(X, Z)), Y)
(41.857143) 964. rdiv(op(T(X, Y), Y), op(X, Y)) -> K(X, Y)
(43.0) 965. K(x7, rdiv(x10, rdiv(x7, T2))) -> rdiv(T2, x7)
(43.714287) 966. K(op(X, X), R(X, X, X)) -> K(op(X, X), X)
(43.714287) 967. T(rdiv(op(X, Y), X), op(X, Y)) -> L(Y, X, rdiv(op(X, Y), X))
(43.714287) 968. op(rdiv(X, op(Y, Z)), op(Z, Y)) -> rdiv(X, K(Y, Z))
(43.57143) 969. op(R(X, Y, Z), op(Z, Y)) -> op(op(X, Y), T(Z, Y))
(40.285713) 970. op(rdiv(X, Y), T(Y, Z)) -> rdiv(X, K(Z, Y))
(36.285713) 971. op(rdiv(X, L2), T3) -> rdiv(X, rdiv(L2, T3))
(42.14286) 972. op(X, T(ldiv(X, Y), Z)) = rdiv(Y, K(Z, ldiv(X, Y)))
(42.285713) 973. rdiv(op(L2, x10), K(X, T3)) -> op(x10, T(T3, X))
(43.714287) 974. L(X, rdiv(zero, X), rdiv(L2, T3)) -> X
(43.714287) 975. rdiv(op(X, L2), K(X, T3)) -> op(L2, X)
(30.285715) 976. K(X, T3) -> K(X, L2)
(30.285715) 977. K(T3, X) -> K(L2, X)
(32.285713) 978. T(X, T3) -> T(X, L2)
(40.285713) 979. op(T3, T(X, L2)) -> op(X, T3)
(40.285713) 980. rdiv(T3, K(X, L2)) -> T(T3, X)
(40.285713) 981. T(T3, T(X, L2)) -> T(T3, X)
(41.714287) 982. L(X, T3, K(X, L2)) -> X
(41.714287) 983. L(X, K(X, L2), T3) -> X
(41.714287) 984. L(X, K(L2, Y), T3) -> X
(41.714287) 985. L(X, T3, K(L2, X)) -> X
(41.857143) 986. L(T3, X, K(X, L2)) -> T3
(41.857143) 987. L(T3, X, K(L2, X)) -> T3
(41.857143) 988. L(T3, K(L2, X), X) -> T3
(42.142857) 989. rdiv(op(T3, X), T3) = rdiv(X, K(X, L2))
(42.285713) 990. K(ldiv(T3, X), L2) -> K(rdiv(X, T3), L2)
(42.285713) 991. rdiv(K(X, L2), T3) -> rdiv(zero, T(T3, X))
(42.285713) 992. op(T(L2, X), x10) -> op(x10, T(T3, X))
(42.285713) 993. K(L2, ldiv(T3, X)) -> K(L2, rdiv(X, T3))
(42.285713) 994. T(rdiv(X, T3), L2) -> ldiv(T3, X)
(42.285713) 995. T(T(L2, X), x10) -> T(T3, X)
(42.428574) 996. L(T3, T3, K(X, L2)) -> T3
(42.428574) 997. L(T3, T3, K(L2, X)) -> T3
(43.0) 998. K(R(T3, T3, T3), L2) -> zero
(43.0) 999. K(R(L2, x10, T3), L2) -> zero
(43.0) 1000. K(L2, R(T3, T3, T3)) -> zero
(43.0) 1001. K(L2, R(L2, x10, T3)) -> zero
(43.714287) 1002. rdiv(op(X, x7), K(X, T2)) -> op(x7, X)
(30.285715) 1003. K(X, x7) -> K(X, T2)
(30.285715) 1004. K(x7, X) -> K(T2, X)
(32.285713) 1005. T(X, x7) -> T(X, T2)
(38.285713) 1006. op(x7, T(X, T2)) -> op(X, x7)
(40.285713) 1007. rdiv(x7, K(X, T2)) -> T(x7, X)
(40.285713) 1008. T(x7, T(X, T2)) -> T(x7, X)
(41.714287) 1009. L(X, x7, K(X, T2)) -> X
(41.714287) 1010. L(X, K(X, T2), x7) -> X
(41.714287) 1011. L(X, K(T2, Y), x7) -> X
(41.714287) 1012. L(X, x7, K(T2, X)) -> X
(41.857143) 1013. L(x7, X, K(X, T2)) -> x7
(41.857143) 1014. L(x7, X, K(T2, X)) -> x7
(41.857143) 1015. L(x7, K(T2, X), X) -> x7
(42.142857) 1016. rdiv(op(x7, X), x7) = rdiv(X, K(X, T2))
(42.285713) 1017. K(ldiv(x7, X), T2) -> K(rdiv(X, x7), T2)
(42.285713) 1018. rdiv(K(X, T2), x7) -> rdiv(zero, T(x7, X))
(42.285713) 1019. K(T2, ldiv(x7, X)) -> K(T2, rdiv(X, x7))
(42.285713) 1020. T(rdiv(X, x7), T2) -> ldiv(x7, X)
(42.428574) 1021. L(x7, x7, K(X, T2)) -> x7
(42.428574) 1022. L(x7, x7, K(T2, X)) -> x7
(43.0) 1023. K(R(x7, x7, x7), T2) -> zero
(43.0) 1024. K(L(x7, x7, x7), T2) -> zero
(43.0) 1025. K(L(T2, x10, x7), T2) -> zero
(43.0) 1026. K(T2, R(x7, x7, x7)) -> zero
(43.0) 1027. K(T2, L(x7, x7, x7)) -> zero
(43.0) 1028. K(T2, L(T2, x10, x7)) -> zero
(43.714287) 1029. op(rdiv(X, K(X, T2)), x7) -> op(x7, X)
(43.714287) 1030. op(op(X, Y), ldiv(op(Y, X), Z)) -> rdiv(Z, K(Y, X))
(43.714287) 1031. op(op(X, Y), T(Z, op(Y, X))) -> op(Z, op(X, Y))
(30.857143) 1032. T(X, op(Y, Z)) <-> T(X, op(Z, Y))
(30.0) 1033. L(T2, x10, x7) -> L(T2, x10, T2)
(34.285713) 1034. T(X, op(x10, x7)) -> T(X, op(T2, x10))
(34.285713) 1035. T(X, op(T3, x10)) -> T(X, op(L2, x10))
(34.857143) 1036. K(op(X, Y), Z) <-> K(op(Y, X), Z)
(36.285713) 1037. K(op(x10, x7), X) -> K(op(T2, x10), X)
(36.285713) 1038. K(op(T3, x10), X) -> K(op(L2, x10), X)
(36.857143) 1039. K(X, op(Y, Z)) <-> K(X, op(Z, Y))
(38.0) 1040. L(T3, x10, T3) -> L(T3, x10, L2)
(38.285713) 1041. K(X, op(x10, x7)) -> K(X, op(T2, x10))
(38.285713) 1042. K(X, op(T3, x10)) -> K(X, op(L2, x10))
(38.428574) 1043. T(X, op(Y, rdiv(Z, Y))) -> T(X, Z)
(40.428574) 1044. K(op(X, rdiv(Y, X)), Z) -> K(Y, Z)
(42.428574) 1045. K(X, op(Y, rdiv(Z, Y))) -> K(X, Z)
(43.0) 1046. T(op(x10, x7), op(T2, x10)) -> op(x10, x7)
(43.714287) 1047. L(T(T3, X), X, L2) -> T(T3, op(X, L2))
(43.714287) 1048. L(T(L2, X), X, T3) -> T(L2, op(X, T3))
(43.714287) 1049. L(T(x7, X), X, T2) -> T(x7, op(X, T2))
(42.0) 1050. T(x7, op(T2, T2)) -> L(x7, T2, T2)
(43.714287) 1051. L(T(T2, X), X, x7) -> T(T2, op(X, x7))
(42.0) 1052. T(T2, op(x7, x7)) -> L(T2, x7, x7)
(43.714287) 1053. ldiv(op(X, Y), op(op(Y, X), Z)) -> rdiv(Z, K(X, Y))
(30.57143) 1054. L(X, Y, K(Z, W)) -> X
(32.57143) 1055. L(X, K(Y, Z), W) -> X
(33.714287) 1056. L(X, Y, rdiv(x7, T2)) -> X
(33.0) 1057. T(L2, T(x10, T2)) -> T3
(33.714287) 1058. L(X, Y, rdiv(T2, x7)) -> X
(35.714287) 1059. L(X, Y, rdiv(L2, T3)) -> X
(35.714287) 1060. L(X, rdiv(L2, T3), Y) -> X
(35.714287) 1061. L(X, rdiv(x7, T2), Y) -> X
(35.714287) 1062. L(X, rdiv(T2, x7), Y) -> X
(37.0) 1063. K(T(x10, T2), L2) -> rdiv(L2, T3)
(37.0) 1064. K(L2, T(x10, T2)) -> rdiv(T3, L2)
(37.714287) 1065. L(X, Y, rdiv(T3, L2)) -> X
(37.714287) 1066. L(X, rdiv(T3, L2), Y) -> X
(38.428574) 1067. T(X, rdiv(Y, K(Z, W))) -> T(X, Y)
(35.0) 1068. T(X, T(Y, Z)) -> T(X, Y)
(35.57143) 1069. T(X, ldiv(Y, zero)) -> T(X, rdiv(zero, Y))
(37.0) 1070. K(T(X, Y), Z) -> K(X, Z)
(37.0) 1071. K(X, T(Y, Z)) -> K(X, Y)
(37.57143) 1072. K(ldiv(X, zero), Y) -> K(rdiv(zero, X), Y)
(37.57143) 1073. K(X, ldiv(Y, zero)) -> K(X, rdiv(zero, Y))
(38.285713) 1074. T(X, R(L2, x10, T3)) -> T(X, L2)
(38.428574) 1075. T(X, R(Y, Y, Y)) -> T(X, Y)
(38.857143) 1076. T(X, ldiv(Y, Z)) -> T(X, rdiv(Z, Y))
(39.0) 1077. op(T(x10, T2), T3) -> op(L2, T(x10, T2))
(40.285713) 1078. K(R(L2, x10, T3), X) -> K(L2, X)
(40.285713) 1079. K(X, R(L2, x10, T3)) -> K(X, L2)
(40.428574) 1080. K(rdiv(X, K(Y, Z)), W) -> K(X, W)
(38.428574) 1081. K(R(X, X, X), Y) -> K(X, Y)
(40.428574) 1082. T(X, rdiv(Y, rdiv(Y, Z))) -> T(X, Z)
(40.428574) 1083. T(X, L(Y, Y, Y)) -> T(X, Y)
(40.428574) 1084. K(X, R(Y, Y, Y)) -> K(X, Y)
(40.714287) 1085. K(X, rdiv(X, K(Y, Z))) -> zero
(40.857143) 1086. K(ldiv(X, Y), Z) -> K(rdiv(Y, X), Z)
(40.857143) 1087. K(X, ldiv(Y, Z)) -> K(X, rdiv(Z, Y))
(41.571426) 1088. T(X, rdiv(Y, rdiv(L2, T3))) -> T(X, Y)
(37.57143) 1089. T(X, op(Y, T3)) -> T(X, op(Y, L2))
(36.0) 1090. L(T3, T3, T3) -> L(T3, L2, T3)
(39.57143) 1091. K(op(X, T3), Y) -> K(op(X, L2), Y)
(39.57143) 1092. K(X, op(Y, T3)) -> K(X, op(Y, L2))
(39.57143) 1093. T(X, op(T3, Y)) = T(X, op(Y, L2))
(38.0) 1094. L(L2, L2, T3) -> L(L2, L2, L2)
(41.571426) 1095. T(X, rdiv(Y, rdiv(x7, T2))) -> T(X, Y)
(37.57143) 1096. T(X, op(Y, x7)) -> T(X, op(Y, T2))
(36.0) 1097. L(x7, x7, x7) -> L(x7, T2, x7)
(38.0) 1098. L(x7, T2, x7) -> L(x7, T2, T2)
(39.57143) 1099. K(op(X, x7), Y) -> K(op(X, T2), Y)
(39.57143) 1100. K(X, op(Y, x7)) -> K(X, op(Y, T2))
(39.57143) 1101. T(X, op(Y, T2)) = T(X, op(x7, Y))
(38.0) 1102. L(T2, T2, x7) -> L(T2, T2, T2)
(40.0) 1103. L(T2, x7, x7) -> L(T2, T2, T2)
(41.571426) 1104. T(X, rdiv(Y, rdiv(T2, x7))) -> T(X, Y)
(41.57143) 1105. K(op(X, L2), Y) = K(op(T3, X), Y)
(41.57143) 1106. K(X, op(Y, L2)) = K(X, op(T3, Y))
(41.57143) 1107. T(X, op(T3, Y)) -> T(X, op(L2, Y))
(41.57143) 1108. K(op(X, T2), Y) = K(op(x7, X), Y)
(41.57143) 1109. K(X, op(Y, T2)) = K(X, op(x7, Y))
(41.57143) 1110. T(X, op(x7, Y)) -> T(X, op(T2, Y))
(41.714287) 1111. T(X, rdiv(op(L2, X), T3)) -> X
(42.0) 1112. T(R(L2, x10, T3), L2) -> R(L2, x10, T3)
(42.0) 1113. T(T3, op(L2, L2)) -> L(T3, L2, T3)
(42.14286) 1114. ldiv(rdiv(X, K(Y, Z)), W) -> ldiv(X, rdiv(W, K(Z, Y)))
(42.285713) 1115. T(rdiv(X, K(Y, Z)), X) -> rdiv(X, K(Y, Z))
(42.285713) 1116. ldiv(x7, rdiv(X, rdiv(T2, x7))) -> ldiv(T2, X)
(42.285713) 1117. ldiv(rdiv(X, rdiv(T2, x7)), x7) -> ldiv(X, T2)
(38.285713) 1118. rdiv(X, rdiv(T2, x7)) = rdiv(x7, ldiv(X, T2))
(38.285713) 1119. ldiv(op(x7, X), x7) -> ldiv(op(T2, X), T2)
(38.285713) 1120. ldiv(op(X, x7), x7) -> ldiv(op(X, T2), T2)
(39.0) 1121. ldiv(op(x10, T2), x7) -> ldiv(op(T2, x10), T2)
(42.285713) 1122. ldiv(T2, rdiv(X, rdiv(x7, T2))) -> ldiv(x7, X)
(39.0) 1123. ldiv(x7, T(x10, T2)) -> ldiv(T2, x10)
(42.285713) 1124. ldiv(rdiv(X, rdiv(x7, T2)), T2) -> ldiv(X, x7)
(38.285713) 1125. rdiv(X, rdiv(x7, T2)) = rdiv(T2, ldiv(X, x7))
(39.0) 1126. ldiv(T(x10, T2), x7) -> ldiv(x10, T2)
(42.285713) 1127. T(X, L(T2, x10, T2)) -> T(X, T2)
(42.285713) 1128. T(X, L(T3, x10, L2)) -> T(X, L2)
(42.428574) 1129. K(X, rdiv(Y, K(Z, W))) -> K(X, Y)
(42.428574) 1130. T(X, rdiv(K(Y, Z), W)) -> T(X, rdiv(zero, W))
(42.428574) 1131. K(L(X, X, X), Y) -> K(X, Y)
(42.428574) 1132. K(X, L(Y, Y, Y)) -> K(X, Y)
(42.428574) 1133. K(rdiv(X, rdiv(X, Y)), Z) -> K(Y, Z)
(42.285713) 1134. K(L(T2, x10, T2), X) -> K(T2, X)
(42.285713) 1135. K(L(T3, x10, L2), X) -> K(L2, X)
(42.428574) 1136. K(X, rdiv(Y, rdiv(Y, Z))) -> K(X, Z)
(42.285713) 1137. K(X, L(T2, x10, T2)) -> K(X, T2)
(42.285713) 1138. K(X, L(T3, x10, L2)) -> K(X, L2)
(43.571426) 1139. T(X, rdiv(Y, rdiv(T3, L2))) -> T(X, Y)
(43.571426) 1140. K(rdiv(X, rdiv(L2, T3)), Y) -> K(X, Y)
(43.571426) 1141. K(rdiv(X, rdiv(x7, T2)), Y) -> K(X, Y)
(43.571426) 1142. K(rdiv(X, rdiv(T2, x7)), Y) -> K(X, Y)
(43.571426) 1143. K(rdiv(X, rdiv(T3, L2)), Y) -> K(X, Y)
(43.571426) 1144. T(X, rdiv(op(L2, Y), T3)) -> T(X, Y)
(39.57143) 1145. T(X, rdiv(Y, T3)) -> T(X, rdiv(Y, L2))
(41.57143) 1146. K(rdiv(X, T3), Y) -> K(rdiv(X, L2), Y)
(41.57143) 1147. K(X, rdiv(Y, T3)) -> K(X, rdiv(Y, L2))
(42.142857) 1148. T(T3, rdiv(X, L2)) = ldiv(ldiv(T3, X), X)
(43.571426) 1149. K(X, rdiv(Y, rdiv(L2, T3))) -> K(X, Y)
(43.571426) 1150. T(X, rdiv(op(x7, Y), T2)) -> T(X, Y)
(39.57143) 1151. T(X, rdiv(Y, x7)) -> T(X, rdiv(Y, T2))
(41.57143) 1152. K(rdiv(X, x7), Y) -> K(rdiv(X, T2), Y)
(41.57143) 1153. K(X, rdiv(Y, x7)) -> K(X, rdiv(Y, T2))
(42.142857) 1154. T(x7, rdiv(X, T2)) = ldiv(ldiv(x7, X), X)
(43.571426) 1155. K(X, rdiv(Y, rdiv(x7, T2))) -> K(X, Y)
(43.571426) 1156. K(X, rdiv(Y, rdiv(T2, x7))) -> K(X, Y)
(43.57143) 1157. K(op(T3, X), Y) -> K(op(L2, X), Y)
(43.57143) 1158. K(X, op(T3, Y)) -> K(X, op(L2, Y))
(43.57143) 1159. K(op(x7, X), Y) -> K(op(T2, X), Y)
(43.57143) 1160. K(X, op(x7, Y)) -> K(X, op(T2, Y))
(43.714287) 1161. ldiv(X, rdiv(op(X, Y), K(Z, W))) -> rdiv(Y, K(Z, W))
(40.14286) 1162. ldiv(X, rdiv(Y, K(Z, W))) -> rdiv(ldiv(X, Y), K(Z, W))
(40.714287) 1163. L(X, rdiv(Y, K(Z, W)), V) -> L(X, Y, V)
(37.14286) 1164. L(X, op(Y, Z), W) <-> L(X, op(Z, Y), W)
(37.857143) 1165. L(X, ldiv(Y, zero), Z) -> L(X, rdiv(zero, Y), Z)
(38.571426) 1166. L(X, op(x10, x7), Y) -> L(X, op(T2, x10), Y)
(39.14286) 1167. L(X, ldiv(Y, Z), W) -> L(X, rdiv(Z, Y), W)
(32.57143) 1168. L(X, x7, Y) -> L(X, T2, Y)
(37.285713) 1169. L(X, T2, x7) -> L(X, T2, T2)
(39.285713) 1170. L(X, T(Y, Z), W) -> L(X, Y, W)
(34.57143) 1171. L(X, T3, Y) -> L(X, L2, Y)
(37.285713) 1172. L(X, L2, T3) -> L(X, L2, L2)
(40.571426) 1173. L(X, op(T3, x10), Y) -> L(X, op(L2, x10), Y)
(40.714287) 1174. L(X, R(Y, Y, Y), Z) -> L(X, Y, Z)
(42.571426) 1175. L(X, R(L2, x10, T3), Y) -> L(X, L2, Y)
(42.714287) 1176. L(X, op(Y, rdiv(Z, Y)), W) -> L(X, Z, W)
(43.0) 1177. L(ldiv(x7, zero), T2, ldiv(x7, zero)) -> rdiv(zero, x7)
(43.571426) 1178. ldiv(X, rdiv(Y, rdiv(x7, T2))) -> rdiv(T2, ldiv(ldiv(X, Y), x7))
(42.285713) 1179. rdiv(T2, ldiv(ldiv(X, x7), x7)) -> ldiv(X, T2)
(37.57143) 1180. K(rdiv(x7, X), X) -> K(rdiv(T2, X), X)
(38.285713) 1181. ldiv(ldiv(X, x7), x7) -> ldiv(ldiv(X, T2), T2)
(38.285713) 1182. ldiv(T(x7, X), T2) -> rdiv(T2, T(x7, X))
(39.57143) 1183. K(X, rdiv(x7, X)) -> K(X, rdiv(T2, X))
(43.571426) 1184. ldiv(X, rdiv(Y, rdiv(T2, x7))) -> rdiv(x7, ldiv(ldiv(X, Y), T2))
(42.285713) 1185. rdiv(x7, ldiv(ldiv(X, T2), T2)) -> ldiv(X, x7)
(38.285713) 1186. ldiv(T(T2, X), x7) -> rdiv(x7, T(T2, X))
(43.714287) 1187. ldiv(rdiv(op(X, Y), Z), op(Y, X)) -> rdiv(Z, K(X, Y))
(41.0) 1188. rdiv(T(x10, L2), rdiv(T3, L2)) -> ldiv(T3, op(x10, L2))
(41.0) 1189. ldiv(op(T3, x10), op(x10, L2)) -> rdiv(L2, T(T3, x10))
(42.285713) 1190. rdiv(T(X, Y), K(Y, X)) -> T(T(X, Y), Y)
(43.0) 1191. ldiv(op(x10, x7), op(T2, x10)) -> rdiv(T2, rdiv(x7, rdiv(T2, x7)))
(43.0) 1192. T(ldiv(T3, op(x10, L2)), x10) -> ldiv(T3, op(x10, L2))
(43.714287) 1193. rdiv(op(X, T3), K(X, L2)) -> op(T3, X)
(40.285713) 1194. op(T3, rdiv(X, T3)) -> op(L2, rdiv(X, L2))
(43.714287) 1195. T(X, op(x10, T(T3, Y))) -> T(X, op(L2, x10))
(43.714287) 1196. T(X, rdiv(x7, ldiv(X, T2))) -> X
(43.714287) 1197. T(X, rdiv(T2, ldiv(X, x7))) -> X
(43.714287) 1198. T(X, rdiv(T(x7, Y), T2)) -> X
(42.285713) 1199. ldiv(T2, T(x7, X)) -> rdiv(T(x7, X), T2)
(43.857143) 1200. rdiv(X, rdiv(X, rdiv(T3, L2))) -> rdiv(T3, L2)
(43.857143) 1201. ldiv(X, rdiv(X, rdiv(T3, L2))) -> rdiv(L2, T3)
(43.857143) 1202. K(X, rdiv(op(T(X, Y), Y), X)) -> K(X, Y)
(41.0) 1203. K(L2, rdiv(op(T3, x10), L2)) -> rdiv(T3, L2)
(41.0) 1204. T(L2, rdiv(op(T3, x10), L2)) -> T3
(42.285713) 1205. rdiv(ldiv(X, rdiv(T3, L2)), rdiv(T3, L2)) -> ldiv(X, zero)
(43.0) 1206. K(rdiv(op(T3, x10), L2), L2) -> rdiv(L2, T3)
(43.0) 1207. op(rdiv(x10, rdiv(L2, T3)), L2) -> op(L2, x10)
(43.857143) 1208. ldiv(op(L2, X), op(T3, X)) -> rdiv(T3, L2)
(43.857143) 1209. ldiv(op(x7, X), op(T2, X)) -> rdiv(T2, x7)
(43.857143) 1210. rdiv(op(X, T3), op(X, L2)) -> rdiv(T3, L2)
(43.857143) 1211. rdiv(op(X, L2), op(X, T3)) -> rdiv(L2, T3)
(43.857143) 1212. rdiv(op(X, T2), op(X, x7)) -> rdiv(T2, x7)
(43.857143) 1213. rdiv(op(X, x7), op(X, T2)) -> rdiv(x7, T2)
(43.857143) 1214. K(X, rdiv(X, rdiv(L2, T3))) -> zero
(43.857143) 1215. K(X, rdiv(X, rdiv(x7, T2))) -> zero
(49.714287) 1216. T(rdiv(X, rdiv(x7, T2)), X) -> rdiv(X, rdiv(x7, T2))
(43.857143) 1217. K(X, rdiv(X, rdiv(T2, x7))) -> zero
(49.714287) 1218. T(rdiv(X, rdiv(T2, x7)), X) -> rdiv(X, rdiv(T2, x7))
(43.857143) 1219. K(X, rdiv(X, rdiv(T3, L2))) -> zero
(43.857143) 1220. L(X, rdiv(Y, rdiv(x7, T2)), Z) -> L(X, Y, Z)
(41.857143) 1221. L(X, op(Y, x7), Z) -> L(X, op(Y, T2), Z)
(43.857143) 1222. L(X, rdiv(Y, rdiv(T2, x7)), Z) -> L(X, Y, Z)
(43.857143) 1223. L(X, rdiv(zero, rdiv(zero, Y)), Z) -> L(X, Y, Z)
(43.857143) 1224. L(X, op(Y, T2), Z) = L(X, op(x7, Y), Z)
(43.0) 1225. ldiv(L(T2, x10, T2), x7) -> K(op(T2, x10), T2)
(43.0) 1226. ldiv(L(T3, x10, L2), L2) -> K(op(L2, x10), L2)
(44.0) 1227. op(ldiv(X, Y), T(X, rdiv(Y, X))) -> Y
(43.0) 1228. op(T(x10, L2), T(T3, x10)) -> op(L2, x10)
(48.0) 1229. op(L2, rdiv(R(L2, x10, T3), L2)) -> R(L2, x10, T3)
(44.0) 1230. rdiv(T3, K(L2, op(L2, x10))) -> R(L2, x10, T3)
(44.0) 1231. rdiv(K(X, rdiv(zero, X)), X) -> rdiv(zero, rdiv(zero, rdiv(zero, X)))
(44.0) 1232. op(L(T2, x10, T2), x7) -> op(x7, L(T2, x10, T2))
(44.0) 1233. op(L(T3, x10, L2), L2) -> op(L2, L(T3, x10, L2))
(44.0) 1234. T(L(T2, x10, T2), T2) -> L(T2, x10, T2)
(44.0) 1235. T(L(T3, x10, L2), L2) -> L(T3, x10, L2)
(44.0) 1236. op(R(T3, T3, T3), L2) -> op(L2, R(T3, T3, T3))
(44.0) 1237. op(R(L2, x10, T3), L2) -> op(L2, R(L2, x10, T3))
(44.0) 1238. op(R(T2, T2, T2), x7) -> op(x7, R(T2, T2, T2))
(44.0) 1239. op(R(x7, x7, x7), T2) -> op(T2, R(x7, x7, x7))
(44.0) 1240. T(T3, op(L2, L2)) -> L(T3, L2, L2)
(44.0) 1241. ldiv(X, K(X, rdiv(K(Y, Z), X))) -> rdiv(zero, X)
(40.428574) 1242. K(X, rdiv(K(Y, Z), X)) -> K(X, rdiv(zero, X))
(42.14286) 1243. rdiv(K(X, Y), K(Z, W)) = rdiv(K(W, Z), K(Y, X))
(42.428574) 1244. K(rdiv(K(X, Y), Z), Z) -> K(rdiv(zero, Z), Z)
(43.14286) 1245. rdiv(K(X, Y), rdiv(K(X, Y), Z)) -> rdiv(zero, rdiv(zero, Z))
(43.571426) 1246. K(X, rdiv(rdiv(L2, T3), X)) -> K(X, rdiv(zero, X))
(43.571426) 1247. K(X, rdiv(rdiv(x7, T2), X)) -> K(X, rdiv(zero, X))
(43.571426) 1248. K(X, rdiv(rdiv(T2, x7), X)) -> K(X, rdiv(zero, X))
(43.571426) 1249. K(X, rdiv(rdiv(T3, L2), X)) -> K(X, rdiv(zero, X))
(44.0) 1250. ldiv(L2, R(L2, x10, T3)) -> rdiv(R(L2, x10, T3), L2)
(44.0) 1251. T(R(T3, T3, T3), L2) -> R(T3, T3, T3)
(44.0) 1252. T(R(x7, x7, x7), T2) -> R(x7, x7, x7)
(44.142857) 1253. L(ldiv(x7, zero), T2, X) = ldiv(op(X, x7), X)
(44.14286) 1254. L(X, rdiv(Y, X), rdiv(Y, rdiv(Y, X))) -> T(rdiv(Y, rdiv(Y, X)), Y)
(44.14286) 1255. rdiv(rdiv(X, K(Y, Z)), W) -> rdiv(X, rdiv(W, K(Z, Y)))
(44.14286) 1256. op(ldiv(X, Y), rdiv(Y, X)) -> op(rdiv(Y, X), ldiv(X, Y))
(44.14286) 1257. op(rdiv(op(X, Y), X), Y) -> op(Y, rdiv(op(X, Y), X))
(44.14286) 1258. rdiv(X, K(Y, op(Z, X))) = ldiv(Z, T(op(Z, X), Y))
(44.14286) 1259. op(op(ldiv(X, Y), X), X) = op(Y, rdiv(Y, rdiv(Y, X)))
(39.0) 1260. op(op(x10, L2), T3) -> op(op(L2, x10), L2)
(43.0) 1261. T(T3, R(L2, x10, L2)) -> T3
(43.0) 1262. K(L2, R(L2, x10, L2)) -> zero
(43.0) 1263. K(R(L2, x10, L2), L2) -> zero
(44.14286) 1264. rdiv(X, K(Y, rdiv(X, Z))) = op(Z, T(ldiv(Z, X), Y))
(42.285713) 1265. op(ldiv(x7, X), x7) -> op(ldiv(T2, X), T2)
(44.14286) 1266. T(X, op(Y, op(Z, W))) <-> T(X, op(Y, op(W, Z)))
(44.285713) 1267. ldiv(rdiv(X, Y), ldiv(Y, X)) -> K(rdiv(X, Y), Y)
(44.285713) 1268. ldiv(X, ldiv(ldiv(X, Y), Y)) -> K(X, rdiv(Y, X))
(44.285713) 1269. rdiv(ldiv(ldiv(X, Y), Y), X) -> K(X, rdiv(Y, X))
(44.285713) 1270. ldiv(X, R(Y, rdiv(zero, X), X)) -> T(op(Y, rdiv(zero, X)), X)
(44.285713) 1271. L(T(X, Y), Y, rdiv(zero, Y)) -> op(rdiv(zero, Y), op(X, Y))
(44.285713) 1272. op(rdiv(zero, X), R(X, X, X)) -> K(op(X, X), X)
(52.285717) 1273. rdiv(rdiv(L2, T3), rdiv(X, rdiv(T3, L2))) -> rdiv(zero, X)
(52.285717) 1274. rdiv(rdiv(x7, T2), rdiv(X, rdiv(T2, x7))) -> rdiv(zero, X)
(52.285717) 1275. rdiv(rdiv(T2, x7), rdiv(X, rdiv(x7, T2))) -> rdiv(zero, X)
(44.285713) 1276. rdiv(rdiv(X, rdiv(T3, L2)), L2) -> rdiv(X, T3)
(39.0) 1277. rdiv(T(x10, L2), L2) -> rdiv(x10, T3)
(40.285713) 1278. rdiv(op(T3, X), T3) -> rdiv(op(L2, X), L2)
(41.0) 1279. ldiv(L2, T(x10, L2)) -> ldiv(T3, x10)
(43.857143) 1280. K(X, op(L2, rdiv(X, T3))) -> zero
(44.285713) 1281. rdiv(rdiv(X, rdiv(T2, x7)), x7) -> rdiv(X, T2)
(40.285713) 1282. rdiv(op(x7, X), x7) -> rdiv(op(T2, X), T2)
(43.0) 1283. rdiv(T(x10, T2), x7) -> rdiv(x10, T2)
(44.285713) 1284. op(rdiv(X, rdiv(T3, L2)), T3) -> op(X, L2)
(40.285713) 1285. rdiv(op(X, L2), T3) -> rdiv(X, rdiv(T3, L2))
(40.285713) 1286. op(op(T3, X), L2) -> op(op(L2, X), T3)
(40.285713) 1287. op(op(X, T3), L2) -> op(op(X, L2), T3)
(37.285713) 1288. R(X, T3, L2) -> R(X, L2, T3)
(40.0) 1289. R(L2, L2, T3) -> R(L2, L2, L2)
(44.285713) 1290. rdiv(rdiv(L2, T3), ldiv(X, zero)) -> rdiv(X, rdiv(T3, L2))
(44.285713) 1291. rdiv(rdiv(x7, T2), ldiv(X, zero)) -> rdiv(X, rdiv(T2, x7))
(44.285713) 1292. rdiv(rdiv(T2, x7), ldiv(X, zero)) -> rdiv(X, rdiv(x7, T2))
(44.285713) 1293. ldiv(rdiv(zero, X), rdiv(T2, x7)) -> rdiv(X, rdiv(x7, T2))
(44.285713) 1294. ldiv(rdiv(zero, X), rdiv(L2, T3)) -> rdiv(X, rdiv(T3, L2))
(44.285713) 1295. ldiv(rdiv(zero, X), rdiv(x7, T2)) -> rdiv(X, rdiv(T2, x7))
(44.285713) 1296. rdiv(zero, rdiv(X, rdiv(L2, T3))) -> rdiv(rdiv(L2, T3), X)
(44.285713) 1297. ldiv(rdiv(rdiv(L2, T3), X), zero) -> rdiv(X, rdiv(L2, T3))
(44.285713) 1298. ldiv(rdiv(rdiv(x7, T2), X), zero) -> rdiv(X, rdiv(x7, T2))
(44.285713) 1299. ldiv(rdiv(rdiv(T2, x7), X), zero) -> rdiv(X, rdiv(T2, x7))
(44.285713) 1300. rdiv(ldiv(X, rdiv(L2, T3)), rdiv(L2, T3)) -> ldiv(X, zero)
(52.285717) 1301. rdiv(T2, ldiv(ldiv(X, rdiv(x7, T2)), x7)) -> ldiv(X, zero)
(52.285717) 1302. rdiv(x7, ldiv(ldiv(X, rdiv(T2, x7)), T2)) -> ldiv(X, zero)
(44.285713) 1303. op(T(X, Y), ldiv(X, Z)) -> rdiv(Z, K(Y, X))
(40.285713) 1304. op(T(x7, X), x10) -> op(x10, T(T2, X))
(40.285713) 1305. T(T(x7, X), x10) -> T(T2, X)
(44.285713) 1306. op(T(X, Y), op(Y, X)) -> op(X, op(X, Y))
(44.285713) 1307. rdiv(op(X, L2), rdiv(L2, T3)) -> op(X, T3)
(44.285713) 1308. rdiv(x7, ldiv(rdiv(zero, X), T2)) -> rdiv(rdiv(x7, T2), X)
(44.285713) 1309. rdiv(T2, ldiv(rdiv(zero, X), x7)) -> rdiv(rdiv(T2, x7), X)
(44.285713) 1310. rdiv(T2, ldiv(ldiv(X, zero), x7)) -> ldiv(X, rdiv(T2, x7))
(44.285713) 1311. rdiv(ldiv(X, zero), rdiv(L2, T3)) -> ldiv(X, rdiv(T3, L2))
(44.285713) 1312. rdiv(x7, ldiv(ldiv(X, zero), T2)) -> ldiv(X, rdiv(x7, T2))
(44.285713) 1313. ldiv(T(X, Y), op(X, Z)) -> rdiv(Z, K(X, Y))
(40.285713) 1314. ldiv(T(T3, X), L2) -> rdiv(L2, T(T3, X))
(42.285713) 1315. ldiv(T(L2, X), T3) -> rdiv(T3, T(L2, X))
(44.285713) 1316. rdiv(ldiv(X, Y), K(X, Z)) -> ldiv(T(X, Z), Y)
(39.428574) 1317. ldiv(X, K(Y, X)) = ldiv(T(X, Y), zero)
(44.285713) 1318. op(op(X, Y), T(Y, X)) -> op(op(Y, X), Y)
(40.714287) 1319. K(X, R(X, Y, X)) -> zero
(40.714287) 1320. K(R(X, Y, X), X) -> zero
(42.57143) 1321. T(X, R(X, Y, X)) -> X
(44.285713) 1322. rdiv(op(x10, X), rdiv(T3, L2)) -> op(T(x10, L2), X)
(44.285713) 1323. ldiv(rdiv(T(X, Y), Z), X) -> rdiv(Z, K(X, Y))
(44.285713) 1324. rdiv(ldiv(X, Y), K(Z, Y)) -> ldiv(X, T(Y, Z))
(38.857143) 1325. ldiv(T(X, Y), Y) = ldiv(X, T(Y, X))
(44.142857) 1326. ldiv(X, T(T3, X)) = ldiv(T(X, L2), T3)
(44.142857) 1327. ldiv(X, T(x7, X)) = ldiv(T(X, T2), x7)
(44.285713) 1328. op(T(T3, X), T(x10, L2)) -> op(x10, T(T3, X))
(44.285713) 1329. rdiv(rdiv(X, rdiv(L2, T3)), T3) -> rdiv(X, L2)
(44.285713) 1330. T(X, op(x9, op(x8, x7))) -> T(X, op(L2, op(x8, x9)))
(44.285713) 1331. T(X, op(x9, op(T2, x8))) -> T(X, op(L3, op(x8, x9)))
  (simplifying rules with respect to one another...)
  (delete rule 8)
(19.285715) 1332. K(X, K(Y, Z)) -> zero
  (delete rule 9)
(19.285715) 1333. K(K(X, Y), Z) -> zero
  (delete rule 14)
(22.714287) 1334. K(X, a(Y, Z, W)) -> zero
  (delete rule 15)
(22.714287) 1335. K(a(X, Y, Z), W) -> zero
  (delete rule 16)
(22.714287) 1336. a(X, Y, K(Z, W)) -> zero
  (delete rule 17)
(22.714287) 1337. a(X, K(Y, Z), W) -> zero
  (delete rule 18)
(22.714287) 1338. a(K(X, Y), Z, W) -> zero
  (delete rule 19)
(26.142859) 1339. a(X, Y, a(Z, W, V)) -> zero
  (delete rule 20)
(26.142859) 1340. a(X, a(Y, Z, W), V) -> zero
  (delete rule 21)
(26.142859) 1341. a(a(X, Y, Z), W, V) -> zero
  (delete rule 22)
  (delete rule 25)
(41.142853) 1342. op(X, op(Y, op(Z, a(X, Y, Z)))) -> op(op(X, Y), Z)
  (delete rule 31)
  (delete rule 32)
  (delete rule 39)
  (delete rule 40)
  (delete rule 41)
  (delete rule 44)
  (delete rule 59)
  (delete rule 62)
  (delete rule 64)
  (delete rule 74)
  (delete rule 75)
(27.57143) 1343. op(ldiv(X, zero), X) -> K(rdiv(zero, X), X)
  (delete rule 77)
  (delete rule 78)
  (delete rule 79)
  (delete rule 80)
  (delete rule 82)
  (delete rule 83)
  (delete rule 84)
  (delete rule 89)
  (delete rule 92)
  (delete rule 93)
  (delete rule 94)
(41.142857) 1344. ldiv(ldiv(X, zero), K(rdiv(zero, X), X)) -> X
  (delete rule 95)
(32.428574) 1345. ldiv(T(X, Y), op(X, Y)) -> T(Y, X)
  (delete rule 96)
  (delete rule 98)
(34.285713) 1346. ldiv(X, op(ldiv(Y, X), Y)) -> K(rdiv(X, Y), Y)
  (delete rule 99)
(34.285713) 1347. ldiv(op(ldiv(X, Y), X), Y) -> K(X, rdiv(Y, X))
  (delete rule 102)
  (delete rule 103)
  (delete rule 107)
  (delete rule 108)
  (delete rule 109)
  (delete rule 114)
  (delete rule 115)
(36.285713) 1348. rdiv(op(ldiv(X, Y), X), Y) -> K(rdiv(Y, X), X)
  (delete rule 117)
(36.285713) 1349. rdiv(X, op(ldiv(Y, X), Y)) -> K(Y, rdiv(X, Y))
  (delete rule 119)
  (delete rule 120)
  (delete rule 121)
(25.0) 1350. K(x10, T2) -> rdiv(x7, T2)
  (delete rule 122)
  (delete rule 124)
  (delete rule 126)
  (delete rule 127)
  (delete rule 130)
  (delete rule 131)
  (delete rule 135)
  (delete rule 136)
  (delete rule 137)
  (delete rule 145)
  (delete rule 148)
  (delete rule 150)
  (delete rule 151)
  (delete rule 152)
  (delete rule 155)
  (delete rule 156)
  (delete rule 157)
  (delete rule 158)
  (delete rule 159)
  (delete rule 160)
  (delete rule 161)
  (delete rule 162)
  (delete rule 163)
  (delete rule 164)
  (delete rule 165)
  (delete rule 166)
  (delete rule 167)
  (delete rule 168)
  (delete rule 172)
  (delete rule 173)
  (delete rule 174)
  (delete rule 175)
  (delete rule 176)
  (delete rule 178)
  (delete rule 181)
  (delete rule 183)
  (delete rule 184)
  (delete rule 185)
  (delete rule 187)
  (delete rule 190)
  (delete rule 191)
  (delete rule 194)
  (delete rule 198)
  (delete rule 199)
  (delete rule 200)
  (delete rule 202)
  (delete rule 203)
  (delete rule 206)
  (delete rule 207)
  (delete rule 210)
  (delete rule 211)
  (delete rule 213)
  (delete rule 214)
  (delete rule 215)
  (delete rule 216)
  (delete rule 217)
  (delete rule 220)
  (delete rule 221)
  (delete rule 223)
  (delete rule 224)
  (delete rule 228)
  (delete rule 229)
  (delete rule 230)
  (delete rule 233)
  (delete rule 236)
  (delete rule 241)
  (delete rule 242)
  (delete rule 244)
  (delete rule 246)
  (delete rule 251)
  (delete rule 252)
  (delete rule 253)
  (delete rule 255)
  (delete rule 257)
  (delete rule 259)
  (delete rule 260)
  (delete rule 261)
  (delete rule 262)
  (delete rule 263)
  (delete rule 264)
  (delete rule 265)
  (delete rule 266)
  (delete rule 270)
  (delete rule 273)
  (delete rule 274)
  (delete rule 275)
  (delete rule 279)
  (delete rule 280)
  (delete rule 281)
  (delete rule 282)
  (delete rule 283)
  (delete rule 284)
  (delete rule 285)
  (delete rule 286)
  (delete rule 287)
  (delete rule 288)
  (delete rule 289)
(45.857143) 1351. rdiv(ldiv(X, Y), K(rdiv(Y, X), X)) -> rdiv(Y, X)
  (delete rule 290)
  (delete rule 291)
  (delete rule 292)
  (delete rule 293)
  (delete rule 294)
  (delete rule 295)
  (delete rule 299)
  (delete rule 301)
  (delete rule 303)
  (delete rule 304)
  (delete rule 306)
  (delete rule 308)
  (delete rule 309)
  (delete rule 311)
  (delete rule 315)
  (delete rule 316)
  (delete rule 317)
  (delete rule 318)
  (delete rule 320)
  (delete rule 322)
  (delete rule 323)
(39.0) 1352. ldiv(T3, R(L2, x10, T3)) -> K(op(L2, x10), L2)
  (delete rule 324)
(39.0) 1353. rdiv(R(L2, x10, T3), T3) -> K(op(L2, x10), L2)
  (delete rule 326)
(39.285713) 1354. ldiv(op(L2, x10), op(x10, X)) -> L(ldiv(T3, X), L2, x10)
  (delete rule 327)
  (delete rule 328)
  (delete rule 329)
  (delete rule 330)
  (delete rule 342)
(39.57143) 1355. op(X, L(Y, rdiv(X, Z), Z)) -> op(Z, op(ldiv(Z, X), Y))
  (delete rule 343)
(37.857143) 1356. op(X, op(ldiv(X, zero), Y)) -> L(Y, rdiv(zero, X), X)
  (delete rule 346)
  (delete rule 347)
  (delete rule 349)
  (delete rule 351)
  (delete rule 352)
  (delete rule 353)
  (delete rule 355)
  (delete rule 358)
  (delete rule 366)
  (delete rule 367)
  (delete rule 368)
  (delete rule 370)
  (delete rule 371)
  (delete rule 372)
  (delete rule 375)
  (delete rule 376)
  (delete rule 377)
  (delete rule 378)
  (delete rule 379)
  (delete rule 385)
  (delete rule 386)
  (delete rule 389)
  (delete rule 390)
  (delete rule 403)
  (delete rule 404)
  (delete rule 406)
  (delete rule 408)
  (delete rule 409)
  (delete rule 410)
  (delete rule 411)
(36.285713) 1357. op(X, rdiv(L2, T3)) -> rdiv(X, rdiv(T3, L2))
  (delete rule 414)
(38.285713) 1358. op(rdiv(L2, T3), X) -> rdiv(X, rdiv(T3, L2))
  (delete rule 415)
  (delete rule 416)
  (delete rule 417)
  (delete rule 418)
  (delete rule 420)
  (delete rule 422)
  (delete rule 424)
  (delete rule 425)
  (delete rule 426)
  (delete rule 427)
(36.285713) 1359. op(X, rdiv(x7, T2)) -> rdiv(X, rdiv(T2, x7))
  (delete rule 429)
  (delete rule 431)
(38.285713) 1360. op(rdiv(x7, T2), X) -> rdiv(X, rdiv(T2, x7))
  (delete rule 432)
  (delete rule 433)
  (delete rule 434)
  (delete rule 435)
  (delete rule 436)
  (delete rule 437)
  (delete rule 439)
(36.285713) 1361. op(rdiv(X, T3), L2) -> rdiv(X, rdiv(T3, L2))
  (delete rule 440)
  (delete rule 442)
(36.285713) 1362. op(rdiv(X, T2), x7) -> rdiv(X, rdiv(T2, x7))
  (delete rule 449)
  (delete rule 450)
  (delete rule 451)
  (delete rule 452)
  (delete rule 453)
  (delete rule 454)
  (delete rule 455)
  (delete rule 456)
  (delete rule 457)
  (delete rule 459)
  (delete rule 461)
  (delete rule 462)
  (delete rule 464)
  (delete rule 470)
(36.428574) 1363. rdiv(rdiv(X, K(Y, Z)), X) -> K(Z, Y)
  (delete rule 479)
(40.57143) 1364. ldiv(X, op(Y, op(ldiv(Y, X), Z))) -> L(Z, rdiv(X, Y), Y)
  (delete rule 483)
  (delete rule 484)
  (delete rule 487)
  (delete rule 488)
  (delete rule 490)
(44.428574) 1365. T(rdiv(X, K(X, Y)), op(X, Y)) -> L(X, Y, rdiv(X, K(X, Y)))
  (delete rule 491)
  (delete rule 492)
  (delete rule 494)
  (delete rule 495)
  (delete rule 497)
  (delete rule 498)
(47.57143) 1366. T(ldiv(ldiv(X, Y), Y), rdiv(Y, X)) -> ldiv(T(ldiv(X, Y), X), Y)
  (delete rule 501)
  (delete rule 502)
  (delete rule 507)
  (delete rule 508)
  (delete rule 509)
  (delete rule 512)
  (delete rule 513)
  (delete rule 518)
  (delete rule 519)
  (delete rule 520)
  (delete rule 523)
  (delete rule 527)
  (delete rule 528)
  (delete rule 529)
  (delete rule 530)
  (delete rule 531)
  (delete rule 532)
  (delete rule 533)
  (delete rule 536)
  (delete rule 542)
  (delete rule 543)
  (delete rule 544)
  (delete rule 545)
  (delete rule 546)
  (delete rule 547)
  (delete rule 548)
  (delete rule 551)
  (delete rule 552)
  (delete rule 553)
  (delete rule 557)
  (delete rule 559)
  (delete rule 564)
  (delete rule 565)
  (delete rule 566)
  (delete rule 567)
  (delete rule 573)
  (delete rule 575)
  (delete rule 578)
  (delete rule 580)
  (delete rule 581)
  (delete rule 582)
(41.0) 1367. ldiv(R(L2, x10, T3), T3) -> K(L2, op(L2, x10))
  (delete rule 583)
(41.0) 1368. rdiv(T3, R(L2, x10, T3)) -> K(L2, op(L2, x10))
  (delete rule 584)
(41.0) 1369. op(x10, R(L2, x10, T3)) -> T(op(L2, x10), L2)
  (delete rule 587)
(42.0) 1370. op(rdiv(zero, x7), op(x10, T2)) -> L(x10, T2, rdiv(zero, x7))
  (delete rule 589)
  (delete rule 590)
  (delete rule 591)
  (delete rule 592)
  (delete rule 608)
  (delete rule 613)
  (delete rule 614)
  (delete rule 616)
  (delete rule 617)
  (delete rule 618)
  (delete rule 619)
  (delete rule 620)
  (delete rule 621)
  (delete rule 622)
  (delete rule 627)
  (delete rule 628)
  (delete rule 629)
  (delete rule 630)
  (delete rule 631)
  (delete rule 635)
(42.285713) 1371. op(op(L2, x10), L(X, L2, x10)) -> op(x10, op(T3, X))
  (delete rule 637)
  (delete rule 639)
  (delete rule 643)
  (delete rule 644)
  (delete rule 645)
  (delete rule 646)
  (delete rule 647)
  (delete rule 648)
  (delete rule 649)
  (delete rule 650)
  (delete rule 654)
  (delete rule 657)
  (delete rule 658)
  (delete rule 660)
  (delete rule 661)
  (delete rule 663)
  (delete rule 664)
  (delete rule 666)
  (delete rule 668)
(42.285713) 1372. rdiv(x7, ldiv(op(T2, X), T2)) -> op(x7, X)
  (delete rule 669)
  (delete rule 671)
  (delete rule 672)
  (delete rule 675)
  (delete rule 676)
  (delete rule 678)
  (delete rule 680)
  (delete rule 681)
  (delete rule 682)
  (delete rule 684)
  (delete rule 685)
  (delete rule 686)
  (delete rule 687)
  (delete rule 688)
  (delete rule 689)
  (delete rule 698)
  (delete rule 699)
  (delete rule 700)
  (delete rule 702)
(42.285713) 1373. rdiv(x7, ldiv(op(X, T2), T2)) -> op(X, x7)
  (delete rule 704)
  (delete rule 705)
  (delete rule 706)
  (delete rule 709)
  (delete rule 713)
  (delete rule 714)
  (delete rule 715)
  (delete rule 716)
  (delete rule 719)
  (delete rule 720)
  (delete rule 721)
  (delete rule 722)
  (delete rule 723)
  (delete rule 724)
  (delete rule 725)
  (delete rule 726)
  (delete rule 727)
  (delete rule 728)
  (delete rule 730)
  (delete rule 738)
(42.428574) 1374. ldiv(X, L(Y, rdiv(zero, X), X)) -> op(ldiv(X, zero), Y)
  (delete rule 743)
  (delete rule 745)
(37.714287) 1375. T(X, rdiv(X, rdiv(T2, x7))) -> X
  (delete rule 746)
(37.714287) 1376. T(X, rdiv(X, rdiv(x7, T2))) -> X
  (delete rule 748)
  (delete rule 749)
  (delete rule 750)
  (delete rule 751)
  (delete rule 752)
  (delete rule 753)
  (delete rule 754)
  (delete rule 755)
  (delete rule 756)
  (delete rule 757)
  (delete rule 758)
  (delete rule 759)
  (delete rule 760)
  (delete rule 761)
  (delete rule 762)
  (delete rule 763)
  (delete rule 764)
  (delete rule 765)
  (delete rule 766)
  (delete rule 767)
(34.57143) 1377. T(X, rdiv(X, K(Y, Z))) -> X
  (delete rule 768)
  (delete rule 769)
  (delete rule 770)
  (delete rule 771)
  (delete rule 772)
  (delete rule 773)
  (delete rule 774)
  (delete rule 775)
  (delete rule 776)
  (delete rule 777)
  (delete rule 778)
  (delete rule 779)
  (delete rule 780)
  (delete rule 781)
  (delete rule 782)
  (delete rule 783)
  (delete rule 784)
  (delete rule 785)
  (delete rule 786)
  (delete rule 787)
  (delete rule 788)
  (delete rule 789)
  (delete rule 790)
  (delete rule 791)
  (delete rule 792)
  (delete rule 793)
  (delete rule 795)
  (delete rule 796)
  (delete rule 800)
  (delete rule 802)
  (delete rule 803)
  (delete rule 806)
  (delete rule 807)
  (delete rule 812)
(43.0) 1378. ldiv(x7, L(T2, x10, T2)) -> K(T2, op(T2, x10))
  (delete rule 814)
(43.0) 1379. rdiv(L(T2, x10, T2), x7) -> K(T2, op(T2, x10))
  (delete rule 816)
  (delete rule 817)
  (delete rule 820)
(51.0) 1380. rdiv(op(x10, T2), rdiv(T2, ldiv(x10, x7))) -> rdiv(x7, rdiv(T2, x7))
  (delete rule 821)
  (delete rule 822)
  (delete rule 823)
  (delete rule 824)
  (delete rule 828)
  (delete rule 829)
  (delete rule 830)
  (delete rule 831)
  (delete rule 832)
  (delete rule 833)
  (delete rule 834)
  (delete rule 837)
  (delete rule 838)
  (delete rule 839)
  (delete rule 840)
  (delete rule 841)
  (delete rule 843)
  (delete rule 844)
  (delete rule 846)
  (delete rule 847)
  (delete rule 848)
  (delete rule 849)
  (delete rule 850)
  (delete rule 851)
  (delete rule 852)
  (delete rule 854)
  (delete rule 855)
  (delete rule 856)
  (delete rule 857)
  (delete rule 858)
  (delete rule 859)
  (delete rule 860)
  (delete rule 861)
  (delete rule 862)
  (delete rule 863)
  (delete rule 864)
  (delete rule 865)
  (delete rule 866)
  (delete rule 868)
  (delete rule 869)
  (delete rule 870)
  (delete rule 871)
  (delete rule 872)
  (delete rule 873)
  (delete rule 874)
  (delete rule 876)
(43.0) 1381. T(rdiv(T2, ldiv(x10, x7)), T2) -> x10
  (delete rule 877)
  (delete rule 878)
  (delete rule 879)
  (delete rule 880)
  (delete rule 881)
  (delete rule 882)
  (delete rule 886)
  (delete rule 887)
  (delete rule 888)
  (delete rule 890)
  (delete rule 891)
  (delete rule 894)
  (delete rule 895)
  (delete rule 896)
  (delete rule 897)
  (delete rule 902)
  (delete rule 903)
  (delete rule 904)
  (delete rule 906)
  (delete rule 907)
  (delete rule 908)
  (delete rule 912)
(40.0) 1382. L(x10, L2, op(T3, x10)) -> L(x10, L2, op(L2, x10))
  (delete rule 918)
  (delete rule 919)
  (delete rule 922)
  (delete rule 935)
  (delete rule 936)
  (delete rule 937)
(43.0) 1383. T(T3, L(T3, L2, L2)) -> T3
  (delete rule 938)
  (delete rule 939)
  (delete rule 940)
(43.0) 1384. T(L2, L(T3, L2, L2)) -> L2
  (delete rule 941)
(43.0) 1385. K(L2, L(T3, L2, L2)) -> zero
  (delete rule 942)
(43.0) 1386. K(L(T3, L2, L2), L2) -> zero
  (delete rule 943)
  (delete rule 944)
  (delete rule 945)
(43.0) 1387. T(x7, L(x7, T2, T2)) -> x7
  (delete rule 946)
(43.0) 1388. K(T2, L(x7, T2, T2)) -> zero
  (delete rule 947)
(43.0) 1389. K(L(x7, T2, T2), T2) -> zero
  (delete rule 954)
(43.571426) 1390. op(rdiv(X, rdiv(T2, x7)), Y) -> rdiv(x7, ldiv(op(X, Y), T2))
  (delete rule 955)
(43.571426) 1391. op(X, rdiv(Y, rdiv(T2, x7))) -> rdiv(x7, ldiv(op(X, Y), T2))
  (delete rule 956)
(43.571426) 1392. op(rdiv(X, rdiv(x7, T2)), Y) -> rdiv(T2, ldiv(op(X, Y), x7))
  (delete rule 957)
(43.571426) 1393. op(X, rdiv(Y, rdiv(x7, T2))) -> rdiv(T2, ldiv(op(X, Y), x7))
  (delete rule 958)
  (delete rule 961)
(43.57143) 1394. R(rdiv(X, K(X, Y)), Y, X) -> rdiv(X, K(X, op(X, Y)))
  (delete rule 965)
  (delete rule 966)
  (delete rule 972)
  (delete rule 973)
  (delete rule 974)
  (delete rule 975)
  (delete rule 981)
  (delete rule 982)
  (delete rule 983)
  (delete rule 984)
  (delete rule 985)
  (delete rule 986)
  (delete rule 987)
  (delete rule 988)
  (delete rule 990)
  (delete rule 993)
  (delete rule 996)
  (delete rule 997)
  (delete rule 998)
  (delete rule 999)
  (delete rule 1000)
  (delete rule 1001)
  (delete rule 1008)
  (delete rule 1009)
  (delete rule 1010)
  (delete rule 1011)
  (delete rule 1012)
  (delete rule 1013)
  (delete rule 1014)
  (delete rule 1015)
  (delete rule 1017)
  (delete rule 1019)
  (delete rule 1021)
  (delete rule 1022)
  (delete rule 1023)
  (delete rule 1024)
  (delete rule 1025)
  (delete rule 1026)
  (delete rule 1027)
  (delete rule 1028)
  (delete rule 1031)
  (delete rule 1034)
  (delete rule 1035)
  (delete rule 1037)
  (delete rule 1038)
  (delete rule 1041)
  (delete rule 1042)
  (delete rule 1048)
(43.714287) 1395. L(T(L2, X), X, T3) -> T(L2, op(X, L2))
  (delete rule 1051)
(43.714287) 1396. L(T(T2, X), X, x7) -> T(T2, op(X, T2))
  (delete rule 1052)
  (delete rule 1057)
  (delete rule 1063)
  (delete rule 1064)
  (delete rule 1069)
  (delete rule 1072)
  (delete rule 1073)
  (delete rule 1090)
  (delete rule 1093)
  (delete rule 1094)
  (delete rule 1097)
  (delete rule 1098)
  (delete rule 1101)
  (delete rule 1102)
  (delete rule 1103)
  (delete rule 1105)
  (delete rule 1106)
  (delete rule 1108)
  (delete rule 1109)
  (delete rule 1111)
  (delete rule 1113)
  (delete rule 1114)
(42.14286) 1397. ldiv(rdiv(X, K(Y, Z)), W) -> rdiv(ldiv(X, W), K(Z, Y))
  (delete rule 1116)
(42.285713) 1398. rdiv(x7, ldiv(ldiv(x7, X), T2)) -> ldiv(T2, X)
  (delete rule 1122)
(42.285713) 1399. rdiv(T2, ldiv(ldiv(T2, X), x7)) -> ldiv(x7, X)
  (delete rule 1126)
  (delete rule 1144)
(43.571426) 1400. T(X, rdiv(op(L2, Y), L2)) -> T(X, Y)
  (delete rule 1161)
  (delete rule 1165)
  (delete rule 1166)
  (delete rule 1179)
  (delete rule 1241)
  (delete rule 1262)
  (delete rule 1263)
(35.428574) 1401. L(op(X, a(Y, Z, X)), Z, Y) -> X
(30.0) 1402. L(X, a(Y, Z, W), V) -> X
(30.0) 1403. L(X, Y, a(Z, W, V)) -> X
(37.0) 1404. L(ldiv(T3, zero), L2, x10) -> ldiv(op(L2, x10), x10)
(38.0) 1405. R(T2, T2, x7) -> R(T2, T2, T2)
(38.285713) 1406. rdiv(x7, op(x7, X)) -> rdiv(T2, op(T2, X))
(38.285713) 1407. rdiv(x7, op(X, x7)) -> rdiv(T2, op(X, T2))
(38.285713) 1408. ldiv(ldiv(x7, X), T2) -> ldiv(ldiv(T2, X), x7)
(38.57143) 1409. ldiv(op(a(X, Y, Z), W), a(X, Y, Z)) -> ldiv(W, zero)
(39.14286) 1410. L(X, rdiv(Y, rdiv(Y, Z)), rdiv(Y, Z)) -> L(X, Z, rdiv(Y, Z))
(40.285713) 1411. op(x10, rdiv(X, rdiv(T3, L2))) -> op(T(x10, L2), X)
(40.285713) 1412. op(T(x10, L2), op(T3, X)) -> op(x10, op(L2, X))
(37.285713) 1413. L(X, L2, T(x10, L2)) -> L(X, L2, x10)
(40.57143) 1414. ldiv(op(X, a(Y, Z, W)), a(Y, Z, W)) -> ldiv(X, zero)
(40.714287) 1415. ldiv(op(ldiv(X, Y), X), zero) = ldiv(Y, K(X, rdiv(Y, X)))
(40.428574) 1416. ldiv(op(X, Y), K(X, Y)) -> ldiv(op(Y, X), zero)
(40.714287) 1417. ldiv(op(X, a(Y, Z, W)), X) -> rdiv(zero, a(Y, Z, W))
(41.0) 1418. rdiv(x7, op(x10, T2)) -> rdiv(T2, op(T2, x10))
(41.0) 1419. ldiv(rdiv(zero, x7), T2) -> ldiv(rdiv(zero, T2), x7)
(41.57143) 1420. op(op(X, Y), L(Z, X, Y)) -> op(Y, op(T(X, Y), Z))
(41.0) 1421. op(x9, op(T(x8, x9), x7)) -> op(op(x8, x9), L2)
(41.0) 1422. op(x9, op(T(x8, x9), T2)) -> op(op(x8, x9), L3)
(42.285713) 1423. op(x10, rdiv(X, rdiv(L2, T3))) -> rdiv(op(x10, X), rdiv(L2, T3))
(42.285713) 1424. op(T(x10, L2), op(X, T3)) -> op(x10, op(X, L2))
(42.285713) 1425. op(op(T3, X), T(x10, L2)) -> op(op(L2, X), x10)
(42.428574) 1426. ldiv(op(X, a(Y, Z, W)), V) -> rdiv(ldiv(X, V), a(Y, Z, W))
(42.428574) 1427. ldiv(X, rdiv(Y, a(Z, W, V))) -> rdiv(ldiv(X, Y), a(Z, W, V))
(40.57143) 1428. rdiv(ldiv(X, a(Y, Z, W)), a(Y, Z, W)) -> ldiv(X, zero)
(42.57143) 1429. T(rdiv(X, a(Y, Z, W)), X) -> rdiv(X, a(Y, Z, W))
(40.0) 1430. T(X, rdiv(X, a(Y, Z, W))) -> X
(40.14286) 1431. K(rdiv(X, a(Y, Z, W)), X) -> zero
(40.14286) 1432. K(X, rdiv(X, a(Y, Z, W))) -> zero
(42.14286) 1433. K(X, op(X, a(Y, Z, W))) -> zero
(42.14286) 1434. K(op(X, a(Y, Z, W)), X) -> zero
(42.714287) 1435. T(T(X, rdiv(Y, X)), rdiv(Y, X)) -> ldiv(T(ldiv(X, Y), X), Y)
(42.714287) 1436. ldiv(X, rdiv(X, a(Y, Z, W))) -> rdiv(zero, a(Y, Z, W))
(42.714287) 1437. ldiv(op(T(X, Y), Y), zero) = ldiv(op(X, Y), K(Y, X))
(42.714287) 1438. ldiv(op(X, rdiv(Y, X)), zero) = ldiv(Y, K(rdiv(Y, X), X))
(42.714287) 1439. ldiv(op(a(X, Y, Z), W), W) -> rdiv(zero, a(X, Y, Z))
(42.857143) 1440. ldiv(rdiv(op(X, Y), X), zero) = ldiv(Y, K(Y, X))
(44.857143) 1441. rdiv(op(X, Y), X) = rdiv(zero, ldiv(Y, K(Y, X)))
(42.57143) 1442. ldiv(T(X, Y), K(X, Y)) -> ldiv(X, zero)
(64.85715) 1443. ldiv(rdiv(op(X, Y), X), zero) = rdiv(ldiv(Y, a(?, ?, ?)), rdiv(a(?, ?, ?), K(Y, X)))
(69.42857) 1444. rdiv(ldiv(X, a(Y, Z, W)), rdiv(a(Y, Z, W), K(X, V))) ~> rdiv(ldiv(X, a(?, ?, ?)), rdiv(a(?, ?, ?), K(X, V)))
(43.0) 1445. L(L2, rdiv(zero, T3), T3) -> rdiv(zero, rdiv(zero, L2))
(43.0) 1446. L(T2, rdiv(zero, x7), x7) -> rdiv(zero, rdiv(zero, T2))
(43.0) 1447. op(T(x10, L2), T(x10, L2)) -> op(x10, ldiv(T3, op(x10, L2)))
(43.0) 1448. ldiv(op(x10, T2), rdiv(T2, x7)) -> ldiv(op(x10, x7), zero)
(43.0) 1449. ldiv(op(L2, x10), rdiv(T3, L2)) -> ldiv(op(x10, L2), zero)
(43.0) 1450. ldiv(x9, op(op(x8, x9), L2)) -> op(T(x8, x9), x7)
(43.0) 1451. ldiv(x9, op(op(x8, x9), L3)) -> op(T(x8, x9), T2)
(43.14286) 1452. rdiv(X, rdiv(zero, a(Y, Z, W))) -> op(X, a(Y, Z, W))
(40.571426) 1453. T(X, rdiv(zero, a(Y, Z, W))) -> X
(42.714287) 1454. K(X, rdiv(zero, a(Y, Z, W))) -> zero
(42.714287) 1455. K(rdiv(zero, a(X, Y, Z)), W) -> zero
(43.14286) 1456. rdiv(a(X, Y, Z), ldiv(W, zero)) -> op(W, a(X, Y, Z))
(43.14286) 1457. ldiv(rdiv(X, a(Y, Z, W)), zero) -> ldiv(X, a(Y, Z, W))
(43.14286) 1458. ldiv(ldiv(X, K(Y, Z)), K(Y, Z)) -> ldiv(ldiv(X, zero), zero)
(43.285713) 1459. op(X, a(X, rdiv(zero, Y), Y)) -> R(X, rdiv(zero, Y), Y)
(40.571426) 1460. T(X, R(X, rdiv(zero, Y), Y)) -> X
(42.571426) 1461. T(X, R(X, Y, ldiv(Y, zero))) -> X
(42.714287) 1462. K(X, R(X, rdiv(zero, Y), Y)) -> zero
(42.714287) 1463. K(R(X, rdiv(zero, Y), Y), X) -> zero
(43.285713) 1464. op(X, a(X, Y, ldiv(Y, zero))) -> R(X, Y, ldiv(Y, zero))
(43.285713) 1465. L(T2, rdiv(X, x7), x7) -> L(T2, rdiv(X, T2), T2)
(35.285713) 1466. L(T2, X, x7) -> L(T2, X, T2)
(43.285713) 1467. ldiv(X, K(X, op(X, X))) -> ldiv(R(X, X, X), zero)
(43.571426) 1468. K(rdiv(op(L2, X), L2), Y) -> K(X, Y)
(43.571426) 1469. K(rdiv(op(x7, X), T2), Y) -> K(X, Y)
(43.571426) 1470. T(X, op(L2, rdiv(Y, T3))) -> T(X, Y)
(43.571426) 1471. K(op(L2, rdiv(X, T3)), Y) -> K(X, Y)
(43.857143) 1472. K(X, rdiv(op(x7, X), T2)) -> zero
(43.857143) 1473. K(rdiv(T(x7, X), T2), Y) -> zero
(44.0) 1474. ldiv(T2, R(x7, x7, x7)) -> rdiv(x7, L(T2, T2, T2))
(44.0) 1475. ldiv(x7, R(T2, T2, T2)) -> rdiv(T2, L(x7, T2, T2))
(44.14286) 1476. K(X, op(a(Y, Z, W), X)) -> zero
(44.14286) 1477. K(op(a(X, Y, Z), W), W) -> zero
(44.285713) 1478. ldiv(L2, rdiv(X, rdiv(T3, L2))) -> ldiv(T3, X)
(44.285713) 1479. ldiv(rdiv(X, rdiv(T3, L2)), L2) -> ldiv(X, T3)
(40.285713) 1480. rdiv(X, rdiv(T3, L2)) = rdiv(L2, ldiv(X, T3))
(40.285713) 1481. ldiv(op(T3, X), T3) -> ldiv(op(L2, X), L2)
(40.285713) 1482. ldiv(op(X, T3), T3) -> ldiv(op(X, L2), L2)
(41.0) 1483. ldiv(op(x10, L2), L2) -> ldiv(op(L2, x10), T3)
(41.0) 1484. rdiv(L2, ldiv(x10, T3)) -> T(x10, L2)
(43.0) 1485. rdiv(L2, T(x10, L2)) -> rdiv(T3, x10)
(44.285713) 1486. T(X, op(Y, T(Z, W))) -> T(X, op(Y, Z))
(44.285713) 1487. K(op(X, T(Y, Z)), W) -> K(op(X, Y), W)
(44.285713) 1488. op(ldiv(T3, X), T3) -> op(ldiv(L2, X), L2)
(44.285713) 1489. op(x7, rdiv(X, x7)) -> op(T2, rdiv(X, T2))
(44.285713) 1490. L(ldiv(X, K(Y, Z)), X, ldiv(X, K(Y, Z))) -> rdiv(K(Y, Z), X)
(44.285713) 1491. T(X, L(x7, T2, T2)) -> T(X, T2)
(44.285713) 1492. T(X, L(T3, L2, L2)) -> T(X, L2)
(44.285713) 1493. rdiv(zero, rdiv(X, rdiv(T3, L2))) -> rdiv(rdiv(T3, L2), X)
(44.285713) 1494. ldiv(rdiv(rdiv(T3, L2), X), zero) -> rdiv(X, rdiv(T3, L2))
(44.285713) 1495. op(X, T(T(Y, X), Z)) -> op(T(Y, Z), X)
(38.857143) 1496. T(T(X, Y), Z) <-> T(T(X, Z), Y)
(44.285713) 1497. rdiv(rdiv(rdiv(L2, T3), X), rdiv(L2, T3)) -> rdiv(zero, X)
(52.285717) 1498. rdiv(T2, ldiv(rdiv(rdiv(x7, T2), X), x7)) -> rdiv(zero, X)
(52.285717) 1499. rdiv(x7, ldiv(rdiv(rdiv(T2, x7), X), T2)) -> rdiv(zero, X)
(44.285713) 1500. L(ldiv(T3, ldiv(x10, X)), L2, x10) -> ldiv(op(L2, x10), X)
(44.285713) 1501. op(T3, rdiv(X, rdiv(T3, L2))) -> op(L2, X)
(44.285713) 1502. op(T(x10, L2), T(T3, X)) -> op(x10, T(L2, X))
(44.285713) 1503. op(op(X, T3), T(x10, L2)) -> op(op(X, L2), x10)
(41.285713) 1504. R(X, T3, T(x10, L2)) -> R(X, L2, x10)
(44.285713) 1505. op(rdiv(X, rdiv(T3, L2)), x10) -> op(X, T(x10, L2))
(52.285717) 1506. rdiv(L2, ldiv(rdiv(rdiv(T3, L2), X), T3)) -> rdiv(zero, X)
(44.285713) 1507. rdiv(T(L2, X), rdiv(L2, T3)) -> T(T3, X)
(40.285713) 1508. op(T3, T(L2, X)) -> op(L2, T(T3, X))
(44.285713) 1509. K(x10, rdiv(X, rdiv(T3, L2))) -> K(x10, X)
(44.428574) 1510. ldiv(op(X, Y), op(op(Z, X), Y)) -> T(R(Z, X, Y), op(X, Y))
(35.857143) 1511. R(X, Y, ldiv(Y, zero)) -> R(X, Y, rdiv(zero, Y))
(39.857143) 1512. T(R(X, Y, X), op(X, Y)) -> T(X, Y)
(40.428574) 1513. T(X, R(Y, Z, Y)) -> T(X, Y)
(41.285713) 1514. T(R(X, Y, X), X) -> R(X, Y, X)
(41.857143) 1515. T(R(X, Y, X), op(Y, X)) -> T(X, Y)
(42.428574) 1516. T(R(rdiv(X, Y), Y, rdiv(X, Y)), X) -> ldiv(Y, X)
(42.428574) 1517. K(R(X, Y, X), Z) -> K(X, Z)
(42.428574) 1518. K(X, R(Y, Z, Y)) -> K(X, Y)
(43.0) 1519. T(R(x7, x10, x7), op(T2, x10)) -> T2
(43.0) 1520. R(rdiv(zero, T2), x7, rdiv(zero, T2)) -> ldiv(T2, zero)
(43.0) 1521. ldiv(R(x7, x10, x7), T2) -> K(T2, op(T2, x10))
(43.0) 1522. rdiv(T2, R(x7, x10, x7)) -> K(T2, op(T2, x10))
(43.714287) 1523. T(R(X, ldiv(X, Y), X), Y) -> ldiv(ldiv(X, Y), Y)
(43.714287) 1524. T(op(T3, X), op(X, L2)) -> op(T3, X)
(44.0) 1525. op(R(x7, x10, x7), T2) -> op(T2, R(x7, x10, x7))
(44.0) 1526. T(R(x7, x10, x7), T2) -> R(x7, x10, x7)
(44.285713) 1527. T(ldiv(ldiv(X, Y), Y), X) -> ldiv(ldiv(X, Y), Y)
(44.428574) 1528. R(rdiv(X, Y), Y, T(Z, X)) = rdiv(op(Z, X), op(Y, T(Z, X)))
(44.428574) 1529. R(rdiv(X, Y), Y, T(Z, Y)) = rdiv(op(X, T(Z, Y)), op(Z, Y))
(42.285713) 1530. rdiv(op(X, Y), T(Y, Z)) -> rdiv(X, K(Y, Z))
(42.428574) 1531. rdiv(op(X, a(Y, Z, W)), V) -> rdiv(X, rdiv(V, a(Y, Z, W)))
(43.14286) 1532. rdiv(zero, rdiv(X, a(Y, Z, W))) -> rdiv(a(Y, Z, W), X)
(44.428574) 1533. ldiv(rdiv(op(X, Y), X), Y) -> K(Y, X)
(44.428574) 1534. R(X, ldiv(X, Y), ldiv(Y, Z)) = rdiv(Z, op(ldiv(X, Y), ldiv(Y, Z)))
(44.428574) 1535. R(X, ldiv(X, rdiv(Y, Z)), Z) = rdiv(Y, op(ldiv(X, rdiv(Y, Z)), Z))
(44.428574) 1536. ldiv(X, op(op(Y, Z), ldiv(Z, X))) -> T(R(Y, Z, ldiv(Z, X)), X)
(44.428574) 1537. ldiv(X, op(op(Y, rdiv(X, Z)), Z)) -> T(R(Y, rdiv(X, Z), Z), X)
(44.428574) 1538. L(T(X, Y), Y, rdiv(Z, Y)) = ldiv(Z, op(rdiv(Z, Y), op(X, Y)))
(44.428574) 1539. L(X, rdiv(ldiv(Y, Z), X), Y) = ldiv(op(Y, rdiv(ldiv(Y, Z), X)), Z)
(44.428574) 1540. L(X, rdiv(Y, X), rdiv(Z, Y)) = ldiv(op(rdiv(Z, Y), rdiv(Y, X)), Z)
(44.428574) 1541. op(op(a(X, Y, Z), W), V) -> op(W, op(V, a(X, Y, Z)))
(44.428574) 1542. op(X, op(Y, a(Z, W, V))) = op(a(Z, W, V), op(X, Y))
(44.428574) 1543. op(rdiv(X, a(Y, Z, W)), V) -> rdiv(op(X, V), a(Y, Z, W))
(44.428574) 1544. T(X, rdiv(op(Y, Z), Y)) -> T(X, Z)
(44.428574) 1545. K(rdiv(op(X, Y), X), Z) -> K(Y, Z)
(44.428574) 1546. K(rdiv(K(X, Y), Z), W) -> K(rdiv(zero, Z), W)
(44.428574) 1547. K(X, rdiv(op(Y, Z), Y)) -> K(X, Z)
(44.428574) 1548. K(X, rdiv(K(Y, Z), W)) -> K(X, rdiv(zero, W))
(44.428574) 1549. K(rdiv(T2, T(x7, X)), T2) -> zero
(44.428574) 1550. op(T(x7, X), rdiv(T2, T(x7, X))) -> T2
(44.428574) 1551. K(T2, rdiv(T2, T(x7, X))) -> zero
(44.428574) 1552. op(T(T2, X), rdiv(x7, T(T2, X))) -> x7
(44.428574) 1553. K(T2, rdiv(x7, T(T2, X))) -> zero
(44.428574) 1554. op(T(T(X, Y), Y), X) -> op(T(X, Y), T(X, Y))
(44.428574) 1555. ldiv(op(a(X, Y, Z), W), V) -> rdiv(ldiv(W, V), a(X, Y, Z))
(44.428574) 1556. R(rdiv(X, Y), Y, rdiv(zero, Y)) -> op(X, ldiv(Y, zero))
(44.428574) 1557. rdiv(op(a(X, Y, Z), W), V) -> rdiv(W, rdiv(V, a(X, Y, Z)))
(63.428566) 1558. rdiv(ldiv(ldiv(X, Y), op(rdiv(Y, X), Z)), K(X, rdiv(Y, X))) -> Z
(43.857143) 1559. rdiv(T(x7, X), K(T2, X)) -> x7
(44.571426) 1560. T(X, R(X, Y, rdiv(zero, Y))) -> X
(48.85714) 1561. ldiv(op(X, ldiv(Y, Z)), op(X, Z)) = L(ldiv(ldiv(Y, Z), Z), rdiv(Z, Y), X)
(44.57143) 1562. R(X, ldiv(X, Y), ldiv(ldiv(X, Y), Z)) = rdiv(op(Y, ldiv(ldiv(X, Y), Z)), Z)
(42.857143) 1563. R(X, ldiv(X, zero), ldiv(ldiv(X, zero), Y)) = rdiv(ldiv(ldiv(X, zero), Y), Y)
(44.57143) 1564. L(X, rdiv(Y, X), rdiv(Z, rdiv(Y, X))) = ldiv(Z, op(rdiv(Z, rdiv(Y, X)), Y))
(42.857143) 1565. L(X, rdiv(zero, X), rdiv(Y, rdiv(zero, X))) = ldiv(Y, rdiv(Y, rdiv(zero, X)))
(43.857143) 1566. rdiv(T(T3, X), K(L2, X)) -> T3
(44.57143) 1567. rdiv(a(X, Y, Z), op(a(X, Y, Z), W)) -> rdiv(zero, W)
(44.57143) 1568. L(T(X, rdiv(Y, Z)), rdiv(Y, Z), Z) -> ldiv(Y, op(Z, op(X, ldiv(Z, Y))))
(43.714287) 1569. T(X, op(Y, op(Z, rdiv(W, Z)))) -> T(X, op(Y, W))
(41.571426) 1570. T(X, op(Y, op(T3, x10))) -> T(X, op(Y, op(L2, x10)))
(43.571426) 1571. T(X, op(Y, op(L2, x10))) = T(X, op(op(T3, x10), Y))
(44.14286) 1572. T(X, op(Y, ldiv(Z, W))) -> T(X, op(Y, rdiv(W, Z)))
(44.57143) 1573. ldiv(ldiv(X, a(Y, Z, W)), a(Y, Z, W)) -> ldiv(ldiv(X, zero), zero)
(44.714287) 1574. rdiv(op(X, R(X, X, X)), X) -> R(X, X, X)
(44.0) 1575. op(R(L2, L2, L2), T3) -> op(T3, R(L2, L2, L2))
(44.714287) 1576. rdiv(K(X, rdiv(Y, X)), X) = rdiv(zero, rdiv(Y, rdiv(Y, X)))
(44.714287) 1577. L(X, rdiv(Y, rdiv(Y, Z)), W) -> L(X, Z, W)
(44.714287) 1578. L(X, L(Y, Y, Y), Z) -> L(X, Y, Z)
(44.714287) 1579. R(a(X, Y, Z), W, rdiv(zero, W)) -> a(X, Y, Z)
(44.714287) 1580. ldiv(rdiv(X, rdiv(X, Y)), zero) = ldiv(Y, K(Y, rdiv(X, Y)))
(44.714287) 1581. K(X, R(X, Y, rdiv(zero, Y))) -> zero
(44.714287) 1582. K(R(X, Y, rdiv(zero, Y)), X) -> zero
(44.714287) 1583. L(X, R(Y, Z, Y), W) -> L(X, Y, W)
(52.285713) 1584. ldiv(ldiv(X, zero), R(Y, X, rdiv(zero, X))) -> T(op(Y, X), rdiv(zero, X))
(44.857143) 1585. R(X, ldiv(X, Y), rdiv(zero, ldiv(X, Y))) -> op(Y, ldiv(ldiv(X, Y), zero))
(44.857143) 1586. T(rdiv(zero, T(X, Y)), X) -> ldiv(X, K(Y, X))
(45.0) 1587. rdiv(L2, L(T3, x10, L2)) -> K(op(L2, x10), L2)
(45.0) 1588. T(rdiv(L2, rdiv(T3, L2)), x10) -> L2
(45.0) 1589. R(T2, rdiv(zero, x7), T2) -> ldiv(ldiv(T2, zero), zero)
(45.0) 1590. rdiv(op(T3, T3), L2) -> T(T3, x10)
(45.0) 1591. op(op(x10, x7), op(T2, x10)) -> op(op(T2, x10), op(x10, x7))
(45.0) 1592. op(op(x10, L2), op(T3, x10)) -> op(op(T3, x10), op(x10, L2))
(45.0) 1593. R(x7, rdiv(zero, x7), T2) -> ldiv(ldiv(x7, zero), zero)
(45.0) 1594. a(rdiv(zero, X), X, ldiv(X, zero)) -> K(rdiv(zero, X), X)
(45.0) 1595. T(X, rdiv(zero, T(Y, Z))) -> T(X, rdiv(zero, Y))
(45.0) 1596. ldiv(x7, L(x7, T2, T2)) -> K(T2, op(T2, T2))
(45.0) 1597. rdiv(L(x7, T2, T2), x7) -> K(T2, op(T2, T2))
(44.285713) 1598. K(L(x7, T2, T2), X) -> K(T2, X)
(44.285713) 1599. K(X, L(x7, T2, T2)) -> K(X, T2)
(45.0) 1600. ldiv(L(x7, T2, T2), x7) -> K(op(T2, T2), T2)
(45.0) 1601. L(ldiv(T3, zero), L2, ldiv(T3, zero)) -> rdiv(zero, T3)
(45.0) 1602. rdiv(L2, ldiv(ldiv(L2, zero), T3)) -> ldiv(T3, zero)
(41.0) 1603. ldiv(ldiv(T3, zero), L2) -> ldiv(ldiv(L2, zero), T3)
(45.0) 1604. T(T3, rdiv(op(T3, x10), L2)) -> T(T3, x10)
(45.0) 1605. K(X, rdiv(zero, T(X, Y))) -> K(X, rdiv(zero, X))
(45.0) 1606. K(rdiv(zero, T(X, Y)), X) -> K(rdiv(zero, X), X)
(45.0) 1607. rdiv(T3, R(L2, x10, L2)) -> K(L2, op(L2, x10))
(38.0) 1608. R(L2, x10, T3) -> R(L2, x10, L2)
(45.0) 1609. rdiv(rdiv(L2, T3), T(x10, L2)) -> rdiv(zero, x10)
(45.0) 1610. rdiv(T2, ldiv(op(T2, x10), x7)) -> op(T(T2, x10), x10)
(45.0) 1611. K(L2, rdiv(R(L2, x10, L2), L2)) -> zero
(68.0) 1612. rdiv(ldiv(R(L2, x10, L2), T3), K(L2, op(L2, x10))) -> K(rdiv(R(L2, x10, L2), L2), L2)
(43.0) 1613. ldiv(R(L2, x10, L2), T3) -> K(L2, op(L2, x10))
(45.0) 1614. K(rdiv(R(L2, x10, L2), L2), L2) -> zero
(44.0) 1615. ldiv(L2, R(L2, x10, L2)) -> rdiv(R(L2, x10, L2), L2)
(45.0) 1616. ldiv(rdiv(zero, x7), L(x10, T2, rdiv(zero, x7))) -> op(x10, T2)
(45.0) 1617. K(rdiv(T2, ldiv(x10, x7)), x10) -> zero
(45.0) 1618. K(x10, rdiv(T2, ldiv(x10, x7))) -> zero
(45.0) 1619. ldiv(x7, K(T2, rdiv(zero, T2))) -> rdiv(zero, x7)
(45.0) 1620. ldiv(op(T3, x10), rdiv(T3, L2)) -> ldiv(op(L2, x10), zero)
(45.0) 1621. ldiv(op(L2, x10), rdiv(L2, T3)) -> ldiv(op(T3, x10), zero)
(45.0) 1622. ldiv(op(x10, T2), rdiv(x7, T2)) -> ldiv(op(T2, x10), zero)
(45.0) 1623. ldiv(T(T3, x10), rdiv(T3, L2)) -> ldiv(T3, zero)
(45.0) 1624. ldiv(T(x10, L2), rdiv(L2, T3)) -> ldiv(x10, zero)
(45.0) 1625. rdiv(x7, L(x7, T2, T2)) -> K(op(T2, T2), T2)
(45.0) 1626. rdiv(rdiv(T3, L2), T(T3, x10)) -> rdiv(zero, T3)
(45.0) 1627. R(ldiv(X, zero), X, rdiv(zero, X)) -> T(ldiv(X, zero), X)
(45.0) 1628. T(R(x10, T3, x10), op(L2, x10)) -> T(x10, L2)
(45.0) 1629. R(T3, rdiv(zero, L2), L2) -> ldiv(ldiv(T3, zero), zero)
(45.0) 1630. R(x7, rdiv(zero, T2), T2) -> ldiv(ldiv(x7, zero), zero)
(45.0) 1631. R(rdiv(zero, T3), L2, rdiv(zero, T3)) -> ldiv(T3, zero)
(45.0) 1632. R(rdiv(zero, x7), T2, rdiv(zero, x7)) -> ldiv(x7, zero)
(45.0) 1633. R(rdiv(zero, L2), T3, rdiv(zero, L2)) -> ldiv(L2, zero)
(45.0) 1634. ldiv(T2, R(x7, x10, x7)) -> K(op(T2, x10), T2)
(45.0) 1635. rdiv(R(x7, x10, x7), T2) -> K(op(T2, x10), T2)
(45.0) 1636. R(L2, ldiv(T3, zero), T3) -> ldiv(ldiv(L2, zero), zero)
(45.0) 1637. R(x7, ldiv(T2, zero), T2) -> ldiv(ldiv(x7, zero), zero)
(45.0) 1638. rdiv(rdiv(T2, x7), T(T2, x10)) -> rdiv(zero, T2)
(45.0) 1639. ldiv(T(T2, x10), rdiv(T2, x7)) -> ldiv(T2, zero)
(45.000004) 1640. L(L(X, X, X), op(X, X), X) -> T(X, op(X, op(X, X)))
(45.142853) 1641. ldiv(R(X, ldiv(X, Y), Z), op(Y, Z)) -> op(ldiv(X, Y), Z)
(42.428574) 1642. op(ldiv(X, Y), a(Z, W, V)) -> ldiv(X, op(Y, a(Z, W, V)))
(44.428574) 1643. op(a(X, Y, Z), ldiv(W, V)) -> ldiv(W, op(V, a(X, Y, Z)))
(45.142853) 1644. rdiv(op(X, Y), L(Z, rdiv(Y, Z), X)) -> op(X, rdiv(Y, Z))
(40.285713) 1645. rdiv(op(X, T3), L2) -> rdiv(X, rdiv(L2, T3))
(42.428574) 1646. op(rdiv(X, Y), a(Z, W, V)) -> rdiv(X, rdiv(Y, a(Z, W, V)))
(43.714287) 1647. rdiv(op(X, op(Y, Z)), op(Z, Y)) -> rdiv(X, K(Z, Y))
(44.285713) 1648. rdiv(X, rdiv(Y, K(X, Z))) -> rdiv(T(X, Z), Y)
(40.857143) 1649. rdiv(T(X, Y), Y) = rdiv(X, T(Y, X))
(43.0) 1650. rdiv(x7, T(x10, T2)) -> rdiv(T2, x10)
(44.142857) 1651. rdiv(T(X, L2), T3) = rdiv(X, T(T3, X))
(44.142857) 1652. rdiv(T(X, T2), x7) = rdiv(X, T(x7, X))
(44.285713) 1653. rdiv(op(X, T(Y, Z)), Y) -> rdiv(X, K(Z, Y))
(44.428574) 1654. op(a(X, Y, Z), rdiv(W, V)) -> rdiv(W, rdiv(V, a(X, Y, Z)))
(45.142853) 1655. L(ldiv(ldiv(X, Y), Z), rdiv(Y, X), X) -> ldiv(Y, op(X, Z))
(41.57143) 1656. L(ldiv(T(X, Y), Z), X, Y) -> ldiv(op(X, Y), op(Y, Z))
(42.428574) 1657. ldiv(rdiv(X, a(Y, Z, W)), V) -> ldiv(X, op(V, a(Y, Z, W)))
(39.857143) 1658. T(X, rdiv(Y, a(Z, W, V))) -> T(X, Y)
(41.857143) 1659. T(X, op(Y, a(Z, W, V))) -> T(X, Y)
(42.14286) 1660. T(X, op(Y, op(Z, W))) <-> T(X, op(W, op(Y, Z)))
(43.857143) 1661. T(X, rdiv(a(Y, Z, W), V)) -> T(X, rdiv(zero, V))
(43.857143) 1662. T(X, op(a(Y, Z, W), V)) -> T(X, V)
(44.14286) 1663. T(X, op(Y, op(Z, W))) <-> T(X, op(Z, op(Y, W)))
(44.14286) 1664. T(X, op(op(Y, Z), W)) -> T(X, op(Z, op(W, Y)))
(44.14286) 1665. T(X, op(op(Y, Z), W)) -> T(X, op(Y, op(Z, W)))
(44.428574) 1666. T(X, R(Y, rdiv(zero, Z), Z)) -> T(X, Y)
(44.428574) 1667. T(X, R(Y, Z, rdiv(zero, Z))) -> T(X, Y)
(44.428574) 1668. T(X, L(Y, Z, rdiv(zero, Z))) -> T(X, Y)
(44.428574) 1669. T(X, L(Y, rdiv(zero, Z), Z)) -> T(X, Y)
(44.857143) 1670. T(X, rdiv(Y, rdiv(zero, Z))) -> T(X, op(Y, Z))
(44.857143) 1671. T(X, op(Y, rdiv(zero, Z))) -> T(X, rdiv(Y, Z))
(43.57143) 1672. T(X, rdiv(T3, Y)) -> T(X, rdiv(L2, Y))
(43.57143) 1673. T(X, rdiv(x7, Y)) -> T(X, rdiv(T2, Y))
(44.857143) 1674. T(X, rdiv(Y, ldiv(Z, zero))) -> T(X, op(Y, Z))
(45.14286) 1675. ldiv(rdiv(zero, X), a(Y, Z, W)) -> op(X, a(Y, Z, W))
(45.14286) 1676. op(X, rdiv(zero, a(Y, Z, W))) -> rdiv(X, a(Y, Z, W))
(45.14286) 1677. T(X, rdiv(zero, T(X, Y))) -> ldiv(ldiv(X, zero), zero)
(45.14286) 1678. ldiv(rdiv(a(X, Y, Z), W), zero) -> rdiv(W, a(X, Y, Z))
(45.14286) 1679. rdiv(zero, ldiv(X, a(Y, Z, W))) -> rdiv(X, a(Y, Z, W))
(44.57143) 1680. rdiv(rdiv(a(X, Y, Z), W), a(X, Y, Z)) -> rdiv(zero, W)
(45.14286) 1681. L(T(ldiv(X, zero), X), X, T(ldiv(X, zero), X)) -> ldiv(X, zero)
(45.14286) 1682. op(R(X, Y, X), X) -> op(X, R(X, Y, X))
(45.14286) 1683. R(X, ldiv(X, Y), X) = ldiv(ldiv(X, Y), T(Y, X))
(45.0) 1684. R(x10, ldiv(x10, x7), x10) -> ldiv(ldiv(x10, x7), T2)
(45.0) 1685. R(x10, ldiv(x10, L2), x10) -> ldiv(ldiv(x10, L2), T3)
(45.285713) 1686. rdiv(K(X, op(X, X)), X) -> rdiv(zero, R(X, X, X))
(45.285713) 1687. op(X, a(X, Y, ldiv(Y, zero))) -> R(X, Y, rdiv(zero, Y))
(45.285713) 1688. R(X, rdiv(zero, T3), T3) -> R(X, rdiv(zero, T3), L2)
(45.85714) 1689. R(ldiv(X, zero), X, Y) = rdiv(Y, op(ldiv(ldiv(X, zero), zero), Y))
(39.857143) 1690. rdiv(X, op(ldiv(Y, zero), X)) = R(Y, rdiv(zero, Y), X)
(37.857143) 1691. R(X, ldiv(X, zero), Y) -> R(X, rdiv(zero, X), Y)
(42.714287) 1692. rdiv(X, op(a(Y, Z, W), X)) -> rdiv(zero, a(Y, Z, W))
(44.428574) 1693. ldiv(R(ldiv(X, zero), X, Y), Y) -> op(ldiv(ldiv(X, zero), zero), Y)
(44.428574) 1694. ldiv(R(X, rdiv(zero, X), Y), Y) -> op(ldiv(X, zero), Y)
(44.714287) 1695. rdiv(rdiv(X, a(Y, Z, W)), X) -> rdiv(zero, a(Y, Z, W))
(44.714287) 1696. rdiv(X, op(X, a(Y, Z, W))) -> rdiv(zero, a(Y, Z, W))
(45.0) 1697. R(ldiv(X, zero), X, T(ldiv(X, zero), X)) -> T(ldiv(X, zero), X)
(45.285713) 1698. L(X, rdiv(zero, T3), T3) -> L(X, rdiv(zero, T3), L2)
(45.285713) 1699. L(X, rdiv(zero, T2), x7) -> L(X, rdiv(zero, T2), T2)
(45.285713) 1700. T(rdiv(zero, a(X, Y, Z)), W) -> rdiv(zero, a(X, Y, Z))
(45.285713) 1701. rdiv(R(X, rdiv(zero, Y), Y), X) -> a(X, rdiv(zero, Y), Y)
(45.285713) 1702. rdiv(R(X, Y, rdiv(zero, Y)), X) -> a(X, Y, ldiv(Y, zero))
(45.285713) 1703. ldiv(X, R(X, Y, rdiv(zero, Y))) -> a(X, Y, ldiv(Y, zero))
(45.285713) 1704. R(rdiv(X, Y), Y, rdiv(X, Y)) -> ldiv(Y, T(X, rdiv(X, Y)))
(45.285713) 1705. T(R(X, Y, T(X, Y)), op(X, Y)) -> T(X, Y)
(41.0) 1706. T(R(x7, x10, T2), op(T2, x10)) -> T2
(41.0) 1707. K(R(x7, x10, T2), T2) -> zero
(41.0) 1708. K(T2, R(x7, x10, T2)) -> zero
(41.0) 1709. T(T2, R(x7, x10, T2)) -> T2
(42.285713) 1710. T(X, R(x7, x10, T2)) -> T(X, T2)
(51.142857) 1711. R(X, rdiv(zero, X), ldiv(ldiv(X, zero), zero)) -> ldiv(ldiv(X, zero), zero)
(44.0) 1712. op(R(x7, x10, T2), T2) -> op(T2, R(x7, x10, T2))
(44.0) 1713. T(R(x7, x10, T2), T2) -> R(x7, x10, T2)
(44.285713) 1714. K(R(x7, x10, T2), X) -> K(T2, X)
(44.285713) 1715. K(X, R(x7, x10, T2)) -> K(X, T2)
(45.285713) 1716. ldiv(X, T(op(Y, X), Y)) -> R(Y, X, Y)
(44.0) 1717. L(R(X, Y, X), Y, X) -> X
(44.285713) 1718. op(X, R(Y, X, Y)) -> T(op(Y, X), Y)
(45.428574) 1719. R(rdiv(zero, X), rdiv(zero, rdiv(zero, X)), Y) = rdiv(Y, op(X, Y))
(45.571426) 1720. rdiv(X, rdiv(Y, rdiv(T2, x7))) = rdiv(T2, ldiv(rdiv(X, Y), x7))
(44.285713) 1721. rdiv(T2, ldiv(rdiv(X, T2), x7)) -> rdiv(X, x7)
(40.285713) 1722. ldiv(rdiv(X, x7), T2) -> ldiv(rdiv(X, T2), x7)
(40.285713) 1723. rdiv(x7, rdiv(X, T2)) -> rdiv(T2, rdiv(X, x7))
(45.571426) 1724. rdiv(X, rdiv(Y, rdiv(x7, T2))) = rdiv(x7, ldiv(rdiv(X, Y), T2))
(44.285713) 1725. rdiv(T2, rdiv(X, rdiv(x7, T2))) -> rdiv(x7, X)
(43.857143) 1726. K(X, rdiv(T2, rdiv(x7, X))) -> zero
(43.857143) 1727. K(rdiv(T2, rdiv(x7, X)), X) -> zero
(45.571426) 1728. a(X, ldiv(X, zero), ldiv(ldiv(X, zero), zero)) -> K(X, rdiv(zero, X))
(45.571426) 1729. a(rdiv(zero, rdiv(zero, X)), rdiv(zero, X), X) -> K(X, rdiv(zero, X))
(45.571426) 1730. ldiv(rdiv(X, rdiv(T2, x7)), Y) -> rdiv(T2, ldiv(ldiv(X, Y), x7))
(45.571426) 1731. ldiv(rdiv(X, rdiv(x7, T2)), Y) -> rdiv(x7, ldiv(ldiv(X, Y), T2))
(45.571426) 1732. T(X, rdiv(T2, ldiv(Y, x7))) -> T(X, Y)
(45.571426) 1733. K(X, rdiv(Y, rdiv(T3, L2))) -> K(X, Y)
(45.571426) 1734. K(rdiv(T2, ldiv(X, x7)), Y) -> K(X, Y)
(41.57143) 1735. K(rdiv(x7, X), Y) -> K(rdiv(T2, X), Y)
(43.57143) 1736. K(X, rdiv(x7, Y)) -> K(X, rdiv(T2, Y))
(45.571426) 1737. K(X, rdiv(op(x7, Y), T2)) -> K(X, Y)
(45.571426) 1738. K(X, rdiv(T2, ldiv(Y, x7))) -> K(X, Y)
(45.571426) 1739. op(X, rdiv(Y, rdiv(T3, L2))) -> rdiv(L2, ldiv(op(X, Y), T3))
(45.571426) 1740. op(rdiv(X, rdiv(T3, L2)), Y) -> rdiv(L2, ldiv(op(X, Y), T3))
(45.571426) 1741. T(X, rdiv(rdiv(T3, L2), Y)) -> T(X, rdiv(zero, Y))
(45.571426) 1742. ldiv(X, rdiv(Y, rdiv(T3, L2))) -> rdiv(L2, ldiv(ldiv(X, Y), T3))
(44.285713) 1743. rdiv(L2, ldiv(ldiv(X, T3), T3)) -> ldiv(X, L2)
(39.57143) 1744. K(rdiv(T3, X), X) -> K(rdiv(L2, X), X)
(39.57143) 1745. K(X, rdiv(T3, X)) -> K(X, rdiv(L2, X))
(40.285713) 1746. ldiv(ldiv(X, T3), T3) -> ldiv(ldiv(X, L2), L2)
(45.571426) 1747. K(rdiv(rdiv(T3, L2), X), Y) -> K(rdiv(zero, X), Y)
(45.571426) 1748. T(X, rdiv(rdiv(L2, T3), Y)) -> T(X, rdiv(zero, Y))
(45.571426) 1749. rdiv(K(X, Y), rdiv(L2, T3)) -> rdiv(T3, rdiv(L2, K(X, Y)))
(45.571426) 1750. K(rdiv(rdiv(L2, T3), X), X) -> K(rdiv(zero, X), X)
(45.714287) 1751. T(X, rdiv(rdiv(x7, T2), X)) -> ldiv(ldiv(X, zero), zero)
(45.571426) 1752. K(rdiv(rdiv(x7, T2), X), X) -> K(rdiv(zero, X), X)
(45.714287) 1753. T(X, rdiv(rdiv(T2, x7), X)) -> ldiv(ldiv(X, zero), zero)
(45.571426) 1754. K(rdiv(rdiv(T2, x7), X), X) -> K(rdiv(zero, X), X)
(45.571426) 1755. T(X, rdiv(rdiv(x7, T2), Y)) -> T(X, rdiv(zero, Y))
(45.571426) 1756. T(rdiv(X, rdiv(T2, x7)), Y) -> rdiv(x7, ldiv(T(X, Y), T2))
(45.571426) 1757. T(rdiv(X, rdiv(x7, T2)), Y) -> rdiv(T2, ldiv(T(X, Y), x7))
(45.571426) 1758. ldiv(rdiv(X, rdiv(T3, L2)), Y) -> rdiv(ldiv(X, Y), rdiv(L2, T3))
(44.285713) 1759. rdiv(ldiv(T3, X), rdiv(L2, T3)) -> ldiv(L2, X)
(40.285713) 1760. ldiv(L2, T(T3, X)) -> rdiv(T(T3, X), L2)
(40.285713) 1761. rdiv(ldiv(T3, X), L2) -> rdiv(ldiv(L2, X), T3)
(42.285713) 1762. ldiv(T3, ldiv(L2, X)) -> ldiv(L2, ldiv(T3, X))
(43.0) 1763. rdiv(rdiv(zero, T3), L2) -> rdiv(rdiv(zero, L2), T3)
(45.0) 1764. ldiv(T3, rdiv(zero, L2)) -> ldiv(L2, rdiv(zero, T3))
(45.571426) 1765. T(X, rdiv(op(T3, Y), L2)) -> T(X, Y)
(52.428574) 1766. K(op(X, Y), rdiv(zero, op(Y, X))) <-> K(op(X, Y), rdiv(zero, op(X, Y)))
(52.428574) 1767. K(rdiv(zero, op(X, Y)), op(Y, X)) <-> K(rdiv(zero, op(Y, X)), op(Y, X))
(45.571426) 1768. K(rdiv(op(T3, X), L2), Y) -> K(X, Y)
(45.571426) 1769. K(X, op(L2, rdiv(Y, T3))) -> K(X, Y)
(45.571426) 1770. T(X, op(T2, rdiv(Y, x7))) -> T(X, Y)
(45.571426) 1771. rdiv(rdiv(X, rdiv(T2, x7)), Y) -> rdiv(X, rdiv(Y, rdiv(x7, T2)))
(45.571426) 1772. rdiv(rdiv(X, rdiv(x7, T2)), Y) -> rdiv(X, rdiv(Y, rdiv(T2, x7)))
(45.571426) 1773. T(X, op(Y, op(x10, x7))) -> T(X, op(Y, op(T2, x10)))
(45.571426) 1774. T(X, rdiv(T2, rdiv(x7, Y))) -> T(X, Y)
(45.571426) 1775. K(rdiv(T2, rdiv(x7, X)), Y) -> K(X, Y)
(45.571426) 1776. K(X, rdiv(T2, rdiv(x7, Y))) -> K(X, Y)
(45.57143) 1777. rdiv(op(X, Y), rdiv(Z, K(X, Y))) -> rdiv(op(T(X, Y), Y), Z)
(45.57143) 1778. rdiv(op(X, Y), K(Z, rdiv(Y, Z))) -> op(X, op(ldiv(Z, Y), Z))
(41.571426) 1779. op(op(ldiv(X, x10), X), T2) -> op(x7, op(ldiv(X, x10), X))
(41.571426) 1780. op(op(ldiv(X, L2), X), x10) -> op(x10, op(ldiv(X, T3), X))
(41.571426) 1781. T(op(ldiv(X, L2), X), x10) -> op(ldiv(X, T3), X)
(43.571426) 1782. op(op(X, rdiv(x10, X)), T2) -> op(x7, op(X, rdiv(x10, X)))
(44.14286) 1783. op(X, op(ldiv(X, Y), X)) = op(rdiv(Y, rdiv(Y, X)), Y)
(53.57143) 1784. T(rdiv(X, rdiv(X, Y)), X) = ldiv(X, op(Y, op(ldiv(Y, X), Y)))
(42.857143) 1785. L(ldiv(X, Y), X, ldiv(X, Y)) -> T(rdiv(Y, X), Y)
(42.857143) 1786. L(T(X, Y), Y, T(X, Y)) -> T(X, op(X, Y))
(44.57143) 1787. L(R(X, X, X), X, R(X, X, X)) -> X
(45.0) 1788. L(x7, rdiv(zero, T2), T2) -> rdiv(zero, rdiv(zero, x7))
(45.14286) 1789. L(X, rdiv(Y, X), X) = T(rdiv(Y, rdiv(Y, X)), Y)
(45.57143) 1790. rdiv(op(X, Y), K(rdiv(Y, Z), Z)) -> op(X, op(Z, rdiv(Y, Z)))
(41.571426) 1791. op(op(X, rdiv(L2, X)), x10) -> op(x10, op(X, rdiv(T3, X)))
(41.571426) 1792. T(op(X, rdiv(L2, X)), x10) -> op(X, rdiv(T3, X))
(44.142857) 1793. op(ldiv(X, L2), rdiv(T3, ldiv(X, L2))) -> op(ldiv(X, T3), X)
(44.142857) 1794. op(rdiv(L2, X), rdiv(T3, rdiv(L2, X))) -> op(ldiv(X, T3), X)
(44.428574) 1795. op(T(L2, X), rdiv(T3, T(L2, X))) -> T3
(45.57143) 1796. rdiv(op(X, op(Y, Z)), K(Z, Y)) -> op(X, op(T(Y, Z), Z))
(44.714287) 1797. op(X, op(T(Y, X), X)) = op(rdiv(op(Y, X), Y), op(Y, X))
(45.57143) 1798. rdiv(op(op(X, Y), Z), K(Y, X)) -> op(op(T(X, Y), Y), Z)
(43.0) 1799. op(op(T(x9, x8), x8), L2) -> op(T(x9, x8), op(x8, x7))
(35.0) 1800. L(x7, x8, T(x9, x8)) -> L2
(43.0) 1801. op(op(T(x9, x8), x8), L3) -> op(T(x9, x8), op(x8, T2))
(35.0) 1802. L(T2, x8, T(x9, x8)) -> L3
(44.714287) 1803. op(op(T(X, Y), Y), Y) = op(op(X, Y), rdiv(op(X, Y), X))
(45.57143) 1804. ldiv(op(X, rdiv(Y, X)), op(Y, Z)) -> rdiv(Z, K(X, rdiv(Y, X)))
(37.0) 1805. L(x7, rdiv(x10, x7), x7) -> rdiv(x10, rdiv(x10, T2))
(45.0) 1806. op(x10, rdiv(x10, rdiv(x10, T2))) -> op(T2, op(ldiv(T2, x10), x7))
(41.0) 1807. L(x7, rdiv(x10, T2), T2) -> rdiv(x10, rdiv(x10, T2))
(45.57143) 1808. op(op(ldiv(X, Y), X), ldiv(Y, Z)) -> rdiv(Z, K(X, rdiv(Y, X)))
(41.571426) 1809. op(op(ldiv(X, x7), X), x10) -> op(x10, op(ldiv(X, T2), X))
(41.571426) 1810. T(op(ldiv(X, x7), X), x10) -> op(ldiv(X, T2), X)
(45.57143) 1811. op(op(X, rdiv(Y, X)), ldiv(Y, Z)) -> rdiv(Z, K(rdiv(Y, X), X))
(41.571426) 1812. op(op(X, rdiv(x7, X)), x10) -> op(x10, op(X, rdiv(T2, X)))
(41.571426) 1813. T(op(X, rdiv(x7, X)), x10) -> op(X, rdiv(T2, X))
(44.142857) 1814. op(rdiv(x7, X), rdiv(T2, rdiv(x7, X))) -> op(ldiv(X, T2), X)
(45.57143) 1815. op(R(X, Y, rdiv(Z, Y)), Z) -> op(op(X, Y), ldiv(Y, Z))
(50.57143) 1816. rdiv(op(op(X, Y), ldiv(Y, Z)), Z) -> R(X, Y, rdiv(Z, Y))
(41.14286) 1817. R(X, Y, ldiv(Y, Z)) -> R(X, Y, rdiv(Z, Y))
(41.285713) 1818. R(X, Y, T(Z, Y)) -> R(X, Y, Z)
(37.285713) 1819. R(X, x10, x7) -> R(X, x10, T2)
(37.285713) 1820. R(X, x10, T3) -> R(X, x10, L2)
(44.571426) 1821. R(X, L2, ldiv(T3, Y)) -> R(X, L2, rdiv(Y, T3))
(45.0) 1822. K(L2, R(T3, x10, L2)) -> zero
(45.0) 1823. K(R(T3, x10, L2), L2) -> zero
(45.285713) 1824. R(X, x7, ldiv(T2, zero)) -> R(X, x7, rdiv(zero, T2))
(45.57143) 1825. rdiv(X, rdiv(Y, K(rdiv(X, Z), Z))) -> rdiv(op(ldiv(Z, X), Z), Y)
(45.57143) 1826. ldiv(X, op(op(Y, rdiv(X, Y)), Z)) -> rdiv(Z, K(rdiv(X, Y), Y))
(41.714287) 1827. T(R(X, rdiv(Y, X), X), Y) -> ldiv(ldiv(X, Y), Y)
(45.57143) 1828. op(R(X, rdiv(Y, X), X), Y) = op(Y, ldiv(ldiv(X, Y), Y))
(39.14286) 1829. R(X, ldiv(X, Y), X) -> R(X, rdiv(Y, X), X)
(39.285713) 1830. R(X, T(Y, X), X) -> R(X, Y, X)
(36.0) 1831. R(x10, x7, x10) -> R(x10, T2, x10)
(36.0) 1832. R(x10, T3, x10) -> R(x10, L2, x10)
(43.14286) 1833. ldiv(ldiv(X, Y), T(Y, X)) = R(X, rdiv(Y, X), X)
(43.0) 1834. R(x10, rdiv(x7, x10), x10) -> ldiv(ldiv(x10, x7), T2)
(43.0) 1835. R(x10, rdiv(L2, x10), x10) -> ldiv(ldiv(x10, L2), T3)
(44.0) 1836. R(X, rdiv(K(Y, Z), X), X) -> ldiv(ldiv(X, zero), zero)
(47.57143) 1837. op(R(X, rdiv(Y, X), X), Y) -> op(Y, T(X, rdiv(Y, X)))
(44.14286) 1838. op(X, ldiv(ldiv(Y, X), X)) = op(op(Y, rdiv(X, Y)), Y)
(51.714287) 1839. ldiv(X, op(op(Y, rdiv(X, Y)), Y)) -> ldiv(ldiv(Y, X), X)
(45.0) 1840. T(R(T3, x10, L2), op(L2, x10)) -> T(T3, x10)
(42.285713) 1841. T(X, R(T3, x10, L2)) -> T(X, L2)
(44.0) 1842. T(R(T3, x10, L2), L2) -> R(T3, x10, L2)
(44.285713) 1843. K(R(T3, x10, L2), X) -> K(L2, X)
(44.285713) 1844. K(X, R(T3, x10, L2)) -> K(X, L2)
(45.0) 1845. op(op(L2, x10), T(T3, x10)) -> op(op(T3, x10), T3)
(45.0) 1846. R(x7, ldiv(T2, zero), x7) -> ldiv(ldiv(x7, zero), zero)
(45.285713) 1847. R(L2, ldiv(T3, X), L2) -> R(L2, rdiv(X, T3), L2)
(45.57143) 1848. ldiv(X, op(op(ldiv(Y, X), Y), Z)) -> rdiv(Z, K(Y, rdiv(X, Y)))
(45.57143) 1849. ldiv(op(ldiv(X, Y), X), op(Y, Z)) -> rdiv(Z, K(rdiv(Y, X), X))
(45.57143) 1850. K(X, rdiv(T3, Y)) -> K(X, rdiv(L2, Y))
(45.57143) 1851. K(rdiv(T3, X), Y) -> K(rdiv(L2, X), Y)
(45.714287) 1852. op(X, ldiv(ldiv(ldiv(X, Y), Y), Y)) -> op(ldiv(X, Y), X)
(45.714287) 1853. op(rdiv(X, K(X, L2)), T3) -> op(T3, X)
(45.714287) 1854. rdiv(ldiv(op(X, Y), Z), K(Y, X)) -> ldiv(op(Y, X), Z)
(42.14286) 1855. T(X, rdiv(Y, op(Z, W))) <-> T(X, rdiv(Y, op(W, Z)))
(45.571426) 1856. T(X, rdiv(Y, op(x10, x7))) -> T(X, rdiv(Y, op(T2, x10)))
(45.571426) 1857. T(X, rdiv(Y, op(T3, x10))) -> T(X, rdiv(Y, op(L2, x10)))
(45.714287) 1858. T(rdiv(X, rdiv(L2, T3)), X) -> rdiv(X, rdiv(L2, T3))
(45.714287) 1859. T(op(X, T3), op(X, L2)) -> op(X, T3)
(45.714287) 1860. T(op(X, x7), op(X, T2)) -> op(X, x7)
(45.714287) 1861. rdiv(x7, T(ldiv(X, T2), X)) -> ldiv(ldiv(X, T2), x7)
(45.714287) 1862. rdiv(T2, T(ldiv(X, x7), X)) -> ldiv(ldiv(X, x7), T2)
(45.714287) 1863. T(X, rdiv(T(T3, Y), L2)) -> X
(45.714287) 1864. T(X, rdiv(op(T3, X), L2)) -> X
(45.714287) 1865. rdiv(ldiv(X, op(Y, Z)), K(Y, Z)) -> ldiv(X, op(Z, Y))
(42.14286) 1866. T(X, rdiv(op(Y, Z), W)) <-> T(X, rdiv(op(Z, Y), W))
(44.714287) 1867. T(X, rdiv(op(Y, Z), X)) = ldiv(ldiv(X, op(Z, Y)), op(Z, Y))
(44.285713) 1868. rdiv(T(X, Y), K(Z, X)) -> T(T(X, Y), Z)
(45.571426) 1869. T(X, rdiv(op(x10, x7), Y)) -> T(X, rdiv(op(T2, x10), Y))
(45.571426) 1870. T(X, rdiv(op(T3, x10), Y)) -> T(X, rdiv(op(L2, x10), Y))
(45.714287) 1871. rdiv(op(X, Y), rdiv(Z, K(Y, X))) -> rdiv(op(Y, X), Z)
(42.857143) 1872. rdiv(op(X, Y), op(Z, op(X, Y))) <-> rdiv(op(Y, X), op(Z, op(Y, X)))
(42.857143) 1873. rdiv(op(X, Y), op(op(X, Y), Z)) <-> rdiv(op(Y, X), op(op(Y, X), Z))
(44.14286) 1874. rdiv(op(X, rdiv(Y, X)), X) = rdiv(Y, rdiv(Y, rdiv(Y, X)))
(58.142853) 1875. rdiv(op(X, rdiv(T(op(X, X), X), X)), X) -> R(X, X, X)
(62.142853) 1876. rdiv(T(op(X, X), X), rdiv(T(op(X, X), X), R(X, X, X))) -> R(X, X, X)
(45.285713) 1877. rdiv(T(op(X, X), X), X) -> R(X, X, X)
(45.714287) 1878. ldiv(op(L2, X), op(X, T3)) -> rdiv(T3, T(L2, X))
(45.714287) 1879. ldiv(op(T3, X), op(X, L2)) -> rdiv(L2, T(T3, X))
(45.714287) 1880. K(X, op(x10, T(T3, Y))) -> K(X, op(L2, x10))
(45.714287) 1881. T(X, rdiv(rdiv(T3, L2), X)) -> ldiv(ldiv(X, zero), zero)
(45.714287) 1882. T(rdiv(X, rdiv(T3, L2)), X) -> rdiv(X, rdiv(T3, L2))
(45.714287) 1883. T(X, rdiv(rdiv(L2, T3), X)) -> ldiv(ldiv(X, zero), zero)
(45.714287) 1884. T(X, op(L2, rdiv(X, T3))) -> X
(45.714287) 1885. ldiv(T(T(X, Y), Y), op(X, Y)) -> T(T(Y, X), X)
(45.714287) 1886. op(T(X, Y), op(T(Y, X), Z)) -> op(X, op(Y, Z))
(35.285713) 1887. L(X, Y, T(Z, Y)) -> L(X, Y, Z)
(31.285715) 1888. L(X, x10, x7) -> L(X, x10, T2)
(31.285715) 1889. L(X, x10, T3) -> L(X, x10, L2)
(39.14286) 1890. L(X, Y, ldiv(Y, Z)) -> L(X, Y, rdiv(Z, Y))
(42.285713) 1891. op(T2, op(T(x10, T2), X)) -> op(x7, op(x10, X))
(42.285713) 1892. op(T(x10, T2), op(T2, X)) -> op(x10, op(x7, X))
(42.285713) 1893. op(T3, op(T(x10, L2), X)) -> op(L2, op(x10, X))
(44.285713) 1894. op(T3, op(x10, op(L2, X))) -> op(L2, op(x10, op(T3, X)))
(44.285713) 1895. rdiv(x7, ldiv(op(x10, X), T2)) -> op(T(x10, T2), X)
(44.285713) 1896. op(T2, op(X, T(x10, T2))) -> op(x7, op(X, x10))
(44.285713) 1897. K(T2, op(X, T(x10, T2))) -> K(T2, op(X, x10))
(44.285713) 1898. op(T(x10, T2), op(X, T2)) -> op(x10, op(X, x7))
(44.285713) 1899. op(T3, op(X, T(x10, L2))) -> op(L2, op(X, x10))
(36.285713) 1900. op(T(x10, X), T3) -> op(L2, T(x10, X))
(44.0) 1901. op(L(x10, x10, x10), T3) -> op(L2, L(x10, x10, x10))
(44.285713) 1902. K(L2, op(X, T(x10, L2))) -> K(L2, op(X, x10))
(44.285713) 1903. rdiv(op(L2, T(x10, X)), T3) -> T(x10, X)
(44.571426) 1904. L(X, T2, ldiv(x7, Y)) -> L(X, T2, rdiv(Y, x7))
(44.571426) 1905. L(X, L2, ldiv(T3, Y)) -> L(X, L2, rdiv(Y, T3))
(45.714287) 1906. L(T(X, Y), X, T(X, Y)) -> T(L(X, X, X), Y)
(45.714287) 1907. T(op(x7, X), op(X, T2)) -> op(x7, X)
(45.714287) 1908. T(op(T3, X), op(L2, X)) -> op(T3, X)
(45.714287) 1909. rdiv(op(X, Y), rdiv(Y, K(Z, W))) -> rdiv(X, K(W, Z))
(42.14286) 1910. T(rdiv(X, K(Y, Z)), W) -> rdiv(T(X, W), K(Y, Z))
(42.714287) 1911. L(X, Y, rdiv(Z, K(W, V))) -> L(X, Y, Z)
(39.14286) 1912. L(X, Y, op(Z, W)) <-> L(X, Y, op(W, Z))
(39.14286) 1913. L(X, Y, ldiv(Z, W)) -> L(X, Y, rdiv(W, Z))
(39.285713) 1914. L(X, Y, T(Z, W)) -> L(X, Y, Z)
(34.57143) 1915. L(X, Y, x7) -> L(X, Y, T2)
(34.57143) 1916. L(X, Y, T3) -> L(X, Y, L2)
(42.571426) 1917. L(X, Y, op(x10, x7)) -> L(X, Y, op(T2, x10))
(42.571426) 1918. L(X, Y, op(T3, x10)) -> L(X, Y, op(L2, x10))
(42.714287) 1919. L(X, Y, R(Z, Z, Z)) -> L(X, Y, Z)
(44.571426) 1920. L(X, Y, R(L2, x10, L2)) -> L(X, Y, L2)
(44.714287) 1921. L(X, Y, op(Z, rdiv(W, Z))) -> L(X, Y, W)
(44.714287) 1922. L(X, Y, rdiv(Z, rdiv(Z, W))) -> L(X, Y, W)
(44.714287) 1923. L(X, Y, L(Z, Z, Z)) -> L(X, Y, Z)
(44.714287) 1924. L(X, Y, L(Z, W, Z)) -> L(X, Y, Z)
(44.714287) 1925. L(X, Y, R(Z, W, Z)) -> L(X, Y, Z)
(45.571426) 1926. T(rdiv(X, rdiv(T3, L2)), Y) -> rdiv(L2, ldiv(T(X, Y), T3))
(44.714287) 1927. R(X, ldiv(X, K(Y, Z)), W) -> R(X, rdiv(zero, X), W)
(45.714287) 1928. R(X, rdiv(zero, X), rdiv(zero, rdiv(zero, X))) -> ldiv(ldiv(X, zero), zero)
(45.714287) 1929. op(X, op(Y, ldiv(T(Y, X), Z))) -> op(T(X, Y), Z)
(40.285713) 1930. op(X, ldiv(T(X, Y), Z)) -> rdiv(Z, K(X, Y))
(42.14286) 1931. op(T(X, Y), op(X, Y)) -> op(X, op(T(X, Y), Y))
(45.714287) 1932. T(ldiv(X, x7), rdiv(T2, X)) -> ldiv(X, x7)
(45.714287) 1933. T(X, rdiv(T2, rdiv(x7, X))) -> X
(45.714287) 1934. T(X, rdiv(T2, T(x7, Y))) -> X
(45.714287) 1935. T(ldiv(T3, X), rdiv(X, L2)) -> ldiv(T3, X)
(45.714287) 1936. ldiv(op(X, T3), op(L2, X)) -> rdiv(T(L2, X), T3)
(45.714287) 1937. ldiv(op(T2, X), op(X, x7)) -> rdiv(x7, T(T2, X))
(45.857143) 1938. op(T(X, Y), T(T(Y, X), X)) -> op(Y, X)
(45.0) 1939. op(x7, op(T(T2, x10), x10)) -> op(T2, op(T2, x10))
(45.857143) 1940. rdiv(op(X, Y), T(T(X, Y), Y)) -> T(Y, X)
(45.857143) 1941. rdiv(K(X, Y), op(T(X, Y), Y)) -> rdiv(zero, op(X, Y))
(43.0) 1942. rdiv(rdiv(T2, x7), op(T2, x10)) -> rdiv(zero, op(x10, T2))
(43.0) 1943. rdiv(rdiv(T3, L2), op(T3, x10)) -> rdiv(zero, op(L2, x10))
(45.857143) 1944. op(x7, op(x10, a(X, Y, Z))) -> op(x10, op(T2, a(X, Y, Z)))
(45.857143) 1945. op(x10, op(T3, a(X, Y, Z))) -> op(L2, op(x10, a(X, Y, Z)))
(43.285713) 1946. K(op(L2, a(X, Y, Z)), x10) -> rdiv(T3, L2)
(43.285713) 1947. K(x10, op(L2, a(X, Y, Z))) -> rdiv(L2, T3)
(45.571426) 1948. op(X, rdiv(Y, rdiv(L2, T3))) -> rdiv(op(X, Y), rdiv(L2, T3))
(45.571426) 1949. op(rdiv(X, rdiv(L2, T3)), Y) -> rdiv(op(X, Y), rdiv(L2, T3))
(45.571426) 1950. rdiv(rdiv(X, Y), rdiv(L2, T3)) -> rdiv(X, rdiv(Y, rdiv(T3, L2)))
(44.0) 1951. rdiv(R(L2, x10, L2), L2) -> rdiv(T3, L(T3, x10, L2))
(45.571426) 1952. ldiv(X, rdiv(Y, rdiv(L2, T3))) -> rdiv(ldiv(X, Y), rdiv(L2, T3))
(44.285713) 1953. rdiv(ldiv(X, L2), rdiv(L2, T3)) -> ldiv(X, T3)
(40.285713) 1954. op(T3, ldiv(X, L2)) -> op(L2, ldiv(X, T3))
(40.285713) 1955. rdiv(ldiv(X, T3), T3) -> rdiv(ldiv(X, L2), L2)
(42.285713) 1956. ldiv(T3, ldiv(X, T3)) -> ldiv(L2, ldiv(X, L2))
(45.571426) 1957. ldiv(rdiv(X, rdiv(L2, T3)), Y) -> rdiv(L2, ldiv(ldiv(X, Y), T3))
(44.285713) 1958. rdiv(L2, ldiv(ldiv(L2, X), T3)) -> ldiv(T3, X)
(40.285713) 1959. ldiv(ldiv(T3, X), L2) -> ldiv(ldiv(L2, X), T3)
(40.285713) 1960. ldiv(T3, T(L2, X)) -> rdiv(T(L2, X), T3)
(43.0) 1961. ldiv(rdiv(zero, T3), L2) -> ldiv(rdiv(zero, L2), T3)
(45.0) 1962. ldiv(T3, R(L2, x10, L2)) -> K(op(L2, x10), L2)
(45.571426) 1963. T(rdiv(X, rdiv(L2, T3)), Y) -> rdiv(T(X, Y), rdiv(L2, T3))
(45.714287) 1964. T(ldiv(X, T3), rdiv(L2, X)) -> ldiv(X, T3)
(45.714287) 1965. T(X, rdiv(L2, rdiv(T3, X))) -> X
(45.857143) 1966. rdiv(op(X, op(Y, a(Z, W, V))), a(Z, W, V)) -> op(X, Y)
(44.428574) 1967. op(X, rdiv(Y, a(Z, W, V))) -> rdiv(op(X, Y), a(Z, W, V))
(41.857143) 1968. K(X, rdiv(Y, a(Z, W, V))) -> K(X, Y)
(43.857143) 1969. K(X, op(Y, a(Z, W, V))) -> K(X, Y)
(43.857143) 1970. K(rdiv(X, a(Y, Z, W)), V) -> K(X, V)
(44.14286) 1971. K(X, op(Y, op(Z, W))) <-> K(X, op(Z, op(W, Y)))
(44.285713) 1972. K(X, op(Y, T(Z, W))) -> K(X, op(Y, Z))
(44.714287) 1973. K(op(a(X, Y, Z), a(X, Y, Z)), W) -> zero
(45.857143) 1974. ldiv(op(T(X, Y), Y), K(X, Y)) -> ldiv(op(X, Y), zero)
(43.0) 1975. ldiv(op(T2, x10), rdiv(T2, x7)) -> ldiv(op(x10, T2), zero)
(45.0) 1976. ldiv(op(x10, x7), rdiv(x7, T2)) -> ldiv(op(x10, T2), zero)
(45.857143) 1977. rdiv(op(X, x7), T(X, T2)) -> x7
(45.857143) 1978. ldiv(rdiv(x7, ldiv(X, T2)), X) -> rdiv(T2, x7)
(45.857143) 1979. rdiv(X, rdiv(x7, ldiv(X, T2))) -> rdiv(T2, x7)
(45.857143) 1980. ldiv(X, rdiv(x7, ldiv(X, T2))) -> rdiv(x7, T2)
(45.857143) 1981. rdiv(rdiv(x7, ldiv(X, T2)), X) -> rdiv(x7, T2)
(45.857143) 1982. ldiv(rdiv(T2, ldiv(X, x7)), X) -> rdiv(x7, T2)
(45.857143) 1983. rdiv(X, rdiv(T2, ldiv(X, x7))) -> rdiv(x7, T2)
(45.857143) 1984. ldiv(X, rdiv(T2, ldiv(X, x7))) -> rdiv(T2, x7)
(45.857143) 1985. rdiv(rdiv(T2, ldiv(X, x7)), X) -> rdiv(T2, x7)
(45.857143) 1986. K(X, rdiv(T(x7, Y), T2)) -> zero
(45.857143) 1987. K(rdiv(op(T(X, Y), Y), X), X) -> K(Y, X)
(45.857143) 1988. L(X, rdiv(Y, rdiv(T3, L2)), Z) -> L(X, Y, Z)
(41.857143) 1989. L(X, op(Y, T3), Z) -> L(X, op(Y, L2), Z)
(43.857143) 1990. ldiv(rdiv(L2, ldiv(X, T3)), X) -> rdiv(T3, L2)
(43.857143) 1991. L(X, op(Y, L2), Z) = L(X, op(T3, Y), Z)
(45.857143) 1992. rdiv(T(T3, X), T(L2, X)) -> rdiv(T3, L2)
(45.857143) 1993. rdiv(T(L2, X), T(T3, X)) -> rdiv(L2, T3)
(45.857143) 1994. rdiv(T(T2, X), T(x7, X)) -> rdiv(T2, x7)
(45.857143) 1995. rdiv(T(x7, X), T(T2, X)) -> rdiv(x7, T2)
(45.857143) 1996. K(X, rdiv(T2, ldiv(X, x7))) -> zero
(45.857143) 1997. L(X, rdiv(op(x7, Y), T2), Z) -> L(X, Y, Z)
(41.857143) 1998. L(X, rdiv(Y, x7), Z) -> L(X, rdiv(Y, T2), Z)
(45.14286) 1999. L(X, rdiv(T(x7, Y), T2), Z) -> X
(45.714287) 2000. L(X, rdiv(x7, T(T2, x10)), Y) -> X
(45.857143) 2001. L(X, op(x7, Y), Z) -> L(X, op(T2, Y), Z)
(45.857143) 2002. K(op(L2, rdiv(X, T3)), X) -> zero
(45.857143) 2003. rdiv(ldiv(X, op(a(Y, Z, W), V)), a(Y, Z, W)) -> ldiv(X, V)
(45.857143) 2004. rdiv(ldiv(X, op(Y, a(Z, W, V))), a(Z, W, V)) -> ldiv(X, Y)
(45.857143) 2005. K(X, rdiv(L2, ldiv(X, T3))) -> zero
(45.857143) 2006. ldiv(T(T3, X), T(L2, X)) -> rdiv(L2, T3)
(45.857143) 2007. ldiv(T(L2, X), T(T3, X)) -> rdiv(T3, L2)
(45.857143) 2008. K(rdiv(T(T3, X), L2), Y) -> zero
(45.857143) 2009. K(X, rdiv(T(T3, Y), L2)) -> zero
(45.857143) 2010. K(rdiv(a(X, Y, Z), W), W) -> K(rdiv(zero, W), W)
(45.857143) 2011. rdiv(rdiv(X, a(Y, Z, W)), rdiv(V, a(Y, Z, W))) -> rdiv(X, V)
(44.428574) 2012. rdiv(rdiv(X, a(Y, Z, W)), V) -> rdiv(X, op(V, a(Y, Z, W)))
(45.857143) 2013. K(rdiv(T2, T(x7, X)), Y) -> zero
(45.857143) 2014. K(X, rdiv(T2, T(x7, Y))) -> zero
(45.857143) 2015. ldiv(ldiv(L2, X), ldiv(T3, X)) -> rdiv(L2, T3)
(45.857143) 2016. ldiv(ldiv(T3, X), ldiv(L2, X)) -> rdiv(T3, L2)
(45.857143) 2017. rdiv(ldiv(T3, X), ldiv(L2, X)) -> rdiv(L2, T3)
(45.857143) 2018. rdiv(ldiv(L2, X), ldiv(T3, X)) -> rdiv(T3, L2)
(45.857143) 2019. K(X, rdiv(op(T3, X), L2)) -> zero
(45.857143) 2020. op(op(X, Y), op(T(Y, X), X)) -> op(op(Y, X), op(Y, X))
(43.0) 2021. op(op(x10, T2), op(x10, T2)) -> op(op(T2, x10), op(x10, x7))
(43.0) 2022. op(op(x10, L2), op(T3, x10)) -> op(op(L2, x10), op(L2, x10))
(45.0) 2023. op(op(T3, x10), op(x10, L2)) -> op(op(L2, x10), op(L2, x10))
(45.857143) 2024. op(op(T(X, Y), Y), op(Y, X)) -> op(op(X, Y), op(X, Y))
(45.857143) 2025. rdiv(T(T(X, Y), Y), K(X, Y)) -> T(X, Y)
(44.714287) 2026. ldiv(T(T(X, Y), Y), zero) = ldiv(T(X, Y), K(Y, X))
(45.285713) 2027. ldiv(X, K(op(X, X), X)) -> ldiv(L(X, X, X), zero)
(45.857143) 2028. L(X, Y, rdiv(Z, rdiv(T3, L2))) -> L(X, Y, Z)
(41.857143) 2029. L(X, Y, op(Z, T3)) -> L(X, Y, op(Z, L2))
(43.857143) 2030. L(X, Y, op(Z, L2)) = L(X, Y, op(T3, Z))
(45.857143) 2031. L(X, Y, rdiv(Z, rdiv(x7, T2))) -> L(X, Y, Z)
(45.714287) 2032. L(X, Y, rdiv(x7, T(T2, x10))) -> X
(45.857143) 2033. K(R(L2, rdiv(zero, X), X), x10) -> rdiv(T3, L2)
(45.857143) 2034. K(R(L2, X, rdiv(zero, X)), x10) -> rdiv(T3, L2)
(45.857143) 2035. L(X, rdiv(Y, rdiv(L2, T3)), Z) -> L(X, Y, Z)
(43.857143) 2036. L(X, rdiv(Y, T3), Z) -> L(X, rdiv(Y, L2), Z)
(43.857143) 2037. L(X, rdiv(T3, Y), Z) -> L(X, rdiv(L2, Y), Z)
(45.857143) 2038. K(x10, R(L2, rdiv(zero, X), X)) -> rdiv(L2, T3)
(45.857143) 2039. K(x10, R(L2, X, rdiv(zero, X))) -> rdiv(L2, T3)
(45.857143) 2040. L(X, Y, rdiv(Z, rdiv(L2, T3))) -> L(X, Y, Z)
(43.857143) 2041. L(X, Y, rdiv(Z, T3)) -> L(X, Y, rdiv(Z, L2))
(43.857143) 2042. L(X, Y, rdiv(T3, Z)) -> L(X, Y, rdiv(L2, Z))
(45.857143) 2043. ldiv(ldiv(X, T3), ldiv(X, L2)) -> rdiv(L2, T3)
(45.857143) 2044. ldiv(ldiv(X, L2), ldiv(X, T3)) -> rdiv(T3, L2)
(45.857143) 2045. rdiv(ldiv(X, L2), ldiv(X, T3)) -> rdiv(L2, T3)
(45.857143) 2046. rdiv(ldiv(X, T3), ldiv(X, L2)) -> rdiv(T3, L2)
(45.857143) 2047. K(X, rdiv(a(Y, Z, W), V)) -> K(X, rdiv(zero, V))
(45.571426) 2048. K(X, rdiv(rdiv(T2, x7), Y)) -> K(X, rdiv(zero, Y))
(45.571426) 2049. K(X, rdiv(rdiv(x7, T2), Y)) -> K(X, rdiv(zero, Y))
(45.857143) 2050. K(X, op(a(Y, Z, W), V)) -> K(X, V)
(45.857143) 2051. K(op(X, a(Y, Z, W)), V) -> K(X, V)
(45.857143) 2052. ldiv(rdiv(L2, X), rdiv(T3, X)) -> rdiv(T3, L2)
(45.857143) 2053. rdiv(X, rdiv(L2, ldiv(X, T3))) -> rdiv(T3, L2)
(45.857143) 2054. L(X, op(T3, Y), Z) -> L(X, op(L2, Y), Z)
(45.857143) 2055. L(X, Y, op(T3, Z)) -> L(X, Y, op(L2, Z))
(46.0) 2056. rdiv(op(x9, op(x8, x7)), op(x8, L2)) -> R(x9, x8, L2)
(46.0) 2057. rdiv(op(x9, op(x8, T2)), op(x8, L3)) -> R(x9, x8, L3)
(46.0) 2058. op(L(x10, x10, x10), T2) -> op(x7, L(x10, x10, x10))
(46.0) 2059. op(L(T3, L2, L2), L2) -> op(L2, L(T3, L2, L2))
(46.0) 2060. T(L(T3, L2, L2), L2) -> L(T3, L2, L2)
(46.0) 2061. op(L(T2, T2, T2), x7) -> op(x7, L(T2, T2, T2))
(46.0) 2062. op(L(x7, T2, T2), x7) -> op(x7, L(x7, T2, T2))
(46.0) 2063. T(L(x7, T2, T2), T2) -> L(x7, T2, T2)
(46.0) 2064. ldiv(L(x7, T2, T2), T2) -> rdiv(T2, L(x7, T2, T2))
(46.0) 2065. ldiv(L(T2, T2, T2), x7) -> rdiv(x7, L(T2, T2, T2))
(46.0) 2066. ldiv(R(T2, T2, T2), x7) -> rdiv(x7, R(T2, T2, T2))
(46.0) 2067. op(R(L2, x10, L2), T3) -> op(T3, R(L2, x10, L2))
(46.0) 2068. op(L(L2, L2, L2), T3) -> op(T3, L(L2, L2, L2))
(46.0) 2069. op(L(T3, x10, L2), T3) -> op(T3, L(T3, x10, L2))
(46.0) 2070. ldiv(T2, L(x7, T2, T2)) -> rdiv(L(x7, T2, T2), T2)
(46.0) 2071. rdiv(R(T2, T2, T2), x7) -> rdiv(T2, L(x7, T2, T2))
(46.0) 2072. rdiv(T2, K(T2, op(T2, x10))) -> R(x7, x10, T2)
(45.0) 2073. ldiv(R(x7, x10, T2), T2) -> K(T2, op(T2, x10))
(45.0) 2074. rdiv(T2, R(x7, x10, T2)) -> K(T2, op(T2, x10))
(45.0) 2075. ldiv(T2, R(x7, x10, T2)) -> K(op(T2, x10), T2)
(45.0) 2076. rdiv(R(x7, x10, T2), T2) -> K(op(T2, x10), T2)
(46.0) 2077. T(X, rdiv(a(Y, Z, W), X)) -> ldiv(ldiv(X, zero), zero)
(46.0) 2078. rdiv(L(T3, x10, L2), T3) -> rdiv(L2, R(L2, x10, L2))
(46.0) 2079. L(X, rdiv(zero, a(Y, Z, W)), V) -> X
(46.0) 2080. R(X, rdiv(zero, a(Y, Z, W)), X) -> X
(46.0) 2081. L(X, Y, rdiv(zero, a(Z, W, V))) -> X
(46.0) 2082. op(R(x7, x10, T2), x7) -> op(x7, R(x7, x10, T2))
(46.0) 2083. ldiv(L(T3, L2, L2), L2) -> rdiv(L2, L(T3, L2, L2))
(46.0) 2084. ldiv(R(T3, T3, T3), L2) -> rdiv(L2, R(T3, T3, T3))
(46.0) 2085. ldiv(R(L2, x10, L2), L2) -> rdiv(L2, R(L2, x10, L2))
(46.0) 2086. ldiv(L2, R(T3, T3, T3)) -> rdiv(T3, L(L2, L2, L2))
(46.0) 2087. ldiv(L2, L(T3, L2, L2)) -> rdiv(L(T3, L2, L2), L2)
(46.0) 2088. ldiv(L(L2, L2, L2), T3) -> rdiv(T3, L(L2, L2, L2))
(46.0) 2089. ldiv(R(L2, L2, L2), T3) -> rdiv(T3, R(L2, L2, L2))
(46.0) 2090. ldiv(L(T3, x10, L2), T3) -> rdiv(T3, L(T3, x10, L2))
(46.0) 2091. ldiv(T3, R(L2, L2, L2)) -> rdiv(L2, L(T3, L2, L2))
(46.0) 2092. ldiv(T3, L(L2, L2, L2)) -> rdiv(L(L2, L2, L2), T3)
(46.0) 2093. ldiv(T3, L(T3, x10, L2)) -> rdiv(L2, R(L2, x10, L2))
(46.142857) 2094. ldiv(ldiv(ldiv(X, x7), T2), T2) = T(ldiv(X, x7), X)
(46.142857) 2095. L(ldiv(T3, zero), L2, X) = ldiv(op(X, T3), X)
(46.142857) 2096. ldiv(ldiv(ldiv(X, T2), T2), x7) = T(ldiv(X, x7), X)
(46.142857) 2097. op(ldiv(ldiv(X, L2), T3), ldiv(X, L2)) -> rdiv(T3, K(rdiv(L2, X), X))
(45.571426) 2098. rdiv(T3, K(X, rdiv(L2, X))) -> op(ldiv(X, T3), X)
(45.714287) 2099. rdiv(T3, T(ldiv(X, L2), X)) -> ldiv(ldiv(X, L2), T3)
(46.285713) 2100. rdiv(T3, ldiv(ldiv(X, L2), L2)) -> ldiv(X, T3)
(42.285713) 2101. rdiv(X, rdiv(L2, T3)) = rdiv(T3, ldiv(X, L2))
(53.571426) 2102. L(ldiv(x7, X), T2, rdiv(X, x7)) -> T(rdiv(X, x7), X)
(53.571426) 2103. L(ldiv(T3, X), L2, rdiv(X, L2)) -> T(rdiv(X, T3), X)
(45.571426) 2104. rdiv(T3, K(rdiv(L2, X), X)) -> op(X, rdiv(T3, X))
(44.142857) 2105. op(ldiv(ldiv(X, x7), T2), ldiv(X, x7)) -> op(X, rdiv(T2, X))
(46.14286) 2106. op(X, T(X, rdiv(Y, X))) = op(ldiv(ldiv(X, Y), Y), X)
(46.14286) 2107. op(T(rdiv(X, Y), Z), Y) = rdiv(X, K(Z, rdiv(X, Y)))
(44.285713) 2108. op(T(X, Y), T(Z, X)) -> op(Z, T(X, Y))
(46.14286) 2109. op(T(X, Y), T(X, Z)) <-> op(T(X, Z), T(X, Y))
(41.285713) 2110. rdiv(T(X, Y), op(X, Y)) -> R(rdiv(zero, Y), Y, X)
(37.0) 2111. rdiv(T3, op(L2, x10)) -> rdiv(L2, op(x10, L2))
(45.0) 2112. rdiv(T(x10, L2), op(L2, x10)) -> rdiv(x10, op(T3, x10))
(46.14286) 2113. op(X, T(Y, rdiv(X, Y))) = op(op(Y, rdiv(X, Y)), Y)
(46.14286) 2114. K(op(X, op(Y, Z)), W) <-> K(op(X, op(Z, Y)), W)
(46.14286) 2115. op(ldiv(ldiv(X, Y), Y), X) -> op(X, ldiv(ldiv(X, Y), Y))
(46.14286) 2116. ldiv(X, T(T(X, Y), Z)) -> rdiv(K(X, Y), K(Z, X))
(40.285713) 2117. ldiv(x7, T(T2, X)) -> rdiv(T(T2, X), x7)
(46.14286) 2118. K(X, op(Y, op(Z, W))) <-> K(X, op(Y, op(W, Z)))
(46.14286) 2119. T(rdiv(X, rdiv(X, Y)), Z) -> rdiv(X, rdiv(X, T(Y, Z)))
(46.14286) 2120. rdiv(X, K(rdiv(Y, X), Z)) = rdiv(Y, T(ldiv(X, Y), Z))
(46.14286) 2121. ldiv(T(X, Y), op(Z, X)) -> rdiv(T(Z, X), K(X, Y))
(46.14286) 2122. rdiv(K(X, Y), K(X, Z)) -> rdiv(T(X, Y), T(X, Z))
(46.14286) 2123. K(X, op(Y, ldiv(Z, W))) -> K(X, op(Y, rdiv(W, Z)))
(45.571426) 2124. K(X, op(T2, rdiv(Y, x7))) -> K(X, Y)
(45.857143) 2125. K(op(T2, rdiv(X, x7)), X) -> zero
(46.14286) 2126. T(X, op(Y, rdiv(Z, W))) = T(X, op(ldiv(W, Z), Y))
(46.14286) 2127. K(X, op(Y, op(Z, W))) <-> K(X, op(Z, op(Y, W)))
(64.428566) 2128. T(X, op(Y, op(Z, op(W, a(V, U, T))))) -> T(X, op(Y, op(Z, W)))
(46.14286) 2129. K(X, L(X, rdiv(Y, X), X)) -> zero
(40.714287) 2130. K(X, L(X, Y, X)) -> zero
(42.428574) 2131. K(T2, L(x7, X, T2)) -> zero
(42.428574) 2132. K(L2, L(T3, X, L2)) -> zero
(42.57143) 2133. T(X, L(X, Y, X)) -> X
(42.714287) 2134. K(L(X, Y, X), X) -> zero
(44.428574) 2135. T(x7, L(T2, X, T2)) -> x7
(44.428574) 2136. T(T3, L(L2, X, L2)) -> T3
(44.428574) 2137. T(T2, L(x7, X, T2)) -> T2
(44.428574) 2138. K(L(x7, X, T2), T2) -> zero
(44.428574) 2139. T(x7, L(x7, X, T2)) -> x7
(44.428574) 2140. T(L2, L(T3, X, L2)) -> L2
(44.428574) 2141. K(L(T3, X, L2), L2) -> zero
(44.428574) 2142. T(T3, L(T3, X, L2)) -> T3
(45.285713) 2143. T(L(X, Y, X), X) -> L(X, Y, X)
(46.14286) 2144. op(X, op(X, rdiv(Y, X))) = op(T(X, rdiv(Y, X)), Y)
(46.14286) 2145. op(op(T(X, Y), Y), X) -> op(op(X, Y), T(X, Y))
(46.14286) 2146. K(rdiv(X, op(Y, Z)), W) <-> K(rdiv(X, op(Z, Y)), W)
(46.14286) 2147. K(X, rdiv(Y, op(Z, W))) <-> K(X, rdiv(Y, op(W, Z)))
(46.14286) 2148. K(rdiv(op(X, Y), Z), W) <-> K(rdiv(op(Y, X), Z), W)
(46.14286) 2149. K(X, rdiv(op(Y, Z), W)) <-> K(X, rdiv(op(Z, Y), W))
(46.14286) 2150. K(op(X, op(Y, Z)), W) <-> K(op(Z, op(X, Y)), W)
(46.14286) 2151. ldiv(op(T(X, Y), Y), Y) = ldiv(op(X, Y), T(Y, X))
(54.285717) 2152. rdiv(rdiv(T3, L2), rdiv(X, rdiv(L2, T3))) -> rdiv(zero, X)
(46.285713) 2153. rdiv(rdiv(L2, T3), op(L2, X)) -> rdiv(zero, op(T3, X))
(46.285713) 2154. rdiv(rdiv(x7, T2), op(x7, X)) -> rdiv(zero, op(T2, X))
(46.285713) 2155. rdiv(op(x7, T(x10, X)), T2) -> T(x10, X)
(46.285713) 2156. rdiv(op(L2, T(T3, X)), L2) -> T(T3, X)
(46.285713) 2157. rdiv(L2, ldiv(ldiv(X, zero), T3)) -> ldiv(X, rdiv(L2, T3))
(46.285713) 2158. rdiv(L2, ldiv(rdiv(zero, X), T3)) -> rdiv(rdiv(L2, T3), X)
(46.285713) 2159. rdiv(T3, rdiv(X, rdiv(L2, T3))) -> rdiv(L2, X)
(42.285713) 2160. rdiv(T3, op(T3, X)) -> rdiv(L2, op(L2, X))
(42.285713) 2161. rdiv(T3, op(X, T3)) -> rdiv(L2, op(X, L2))
(42.285713) 2162. rdiv(T3, ldiv(L2, X)) -> rdiv(L2, ldiv(T3, X))
(46.285713) 2163. T(X, op(T2, op(x8, x9))) -> T(X, op(L3, op(x8, x9)))
(46.285713) 2164. T(rdiv(X, T(Y, Z)), Y) -> ldiv(T(Y, Z), X)
(46.285713) 2165. T(rdiv(op(X, Y), X), Y) -> rdiv(Y, K(Y, X))
(46.285713) 2166. K(L(T3, L2, L2), X) -> K(L2, X)
(46.285713) 2167. K(X, L(T3, L2, L2)) -> K(X, L2)
(46.285713) 2168. rdiv(T2, rdiv(T2, T(x7, X))) -> T(x7, X)
(46.285713) 2169. rdiv(x7, rdiv(x7, T(T2, X))) -> T(T2, X)
(46.285713) 2170. rdiv(zero, ldiv(X, rdiv(T3, L2))) -> rdiv(X, rdiv(T3, L2))
(46.285713) 2171. rdiv(zero, ldiv(X, rdiv(L2, T3))) -> rdiv(X, rdiv(L2, T3))
(46.285713) 2172. rdiv(rdiv(T3, L2), rdiv(rdiv(T3, L2), X)) -> rdiv(zero, rdiv(zero, X))
(46.285713) 2173. rdiv(rdiv(L2, T3), rdiv(rdiv(L2, T3), X)) -> rdiv(zero, rdiv(zero, X))
(46.285713) 2174. rdiv(rdiv(x7, T2), rdiv(rdiv(x7, T2), X)) -> rdiv(zero, rdiv(zero, X))
(46.285713) 2175. rdiv(rdiv(T2, x7), rdiv(rdiv(T2, x7), X)) -> rdiv(zero, rdiv(zero, X))
(46.285713) 2176. rdiv(L2, rdiv(L2, T(T3, X))) -> T(T3, X)
(46.285713) 2177. rdiv(rdiv(x7, ldiv(X, T2)), x7) -> rdiv(X, T2)
(42.285713) 2178. rdiv(rdiv(x7, X), x7) -> rdiv(rdiv(T2, X), T2)
(42.285713) 2179. rdiv(ldiv(X, x7), x7) -> rdiv(ldiv(X, T2), T2)
(42.285713) 2180. rdiv(ldiv(x7, X), T2) -> rdiv(ldiv(T2, X), x7)
(44.285713) 2181. ldiv(x7, rdiv(x7, X)) -> ldiv(T2, rdiv(T2, X))
(44.285713) 2182. ldiv(x7, ldiv(X, x7)) -> ldiv(T2, ldiv(X, T2))
(44.285713) 2183. ldiv(x7, ldiv(T2, X)) -> ldiv(T2, ldiv(x7, X))
(45.0) 2184. rdiv(rdiv(zero, x7), T2) -> rdiv(rdiv(zero, T2), x7)
(46.285713) 2185. ldiv(rdiv(rdiv(x7, T2), X), x7) -> ldiv(rdiv(zero, X), T2)
(46.285713) 2186. ldiv(rdiv(rdiv(T2, x7), X), T2) -> ldiv(rdiv(zero, X), x7)
(46.285713) 2187. ldiv(ldiv(X, rdiv(T2, x7)), T2) -> ldiv(ldiv(X, zero), x7)
(46.285713) 2188. ldiv(rdiv(zero, X), rdiv(T3, L2)) -> rdiv(X, rdiv(L2, T3))
(46.285713) 2189. op(L2, ldiv(X, rdiv(T3, L2))) -> op(T3, ldiv(X, zero))
(46.285713) 2190. ldiv(ldiv(X, rdiv(x7, T2)), x7) -> ldiv(ldiv(X, zero), T2)
(46.285713) 2191. T(X, rdiv(Y, T(Z, W))) -> T(X, rdiv(Y, Z))
(46.285713) 2192. K(rdiv(X, T(Y, Z)), W) -> K(rdiv(X, Y), W)
(46.285713) 2193. K(X, rdiv(Y, T(Z, W))) -> K(X, rdiv(Y, Z))
(46.285713) 2194. T(X, rdiv(T(Y, Z), W)) -> T(X, rdiv(Y, W))
(46.285713) 2195. K(rdiv(T(X, Y), Z), W) -> K(rdiv(X, Z), W)
(46.285713) 2196. K(X, rdiv(T(Y, Z), W)) -> K(X, rdiv(Y, W))
(46.285713) 2197. rdiv(T3, rdiv(L2, T(T3, X))) -> T(T(T3, X), x10)
(46.285713) 2198. T(X, op(x8, op(x9, x7))) -> T(X, op(L2, op(x8, x9)))
(46.285713) 2199. rdiv(T2, ldiv(op(T2, X), x7)) -> op(T(T2, x10), X)
(46.285713) 2200. rdiv(T2, ldiv(op(X, T2), x7)) -> op(X, T(T2, x10))
(46.285713) 2201. rdiv(zero, ldiv(X, rdiv(x7, T2))) -> rdiv(X, rdiv(x7, T2))
(46.285713) 2202. L(ldiv(T3, T(X, x10)), L2, x10) -> ldiv(op(L2, x10), op(X, x10))
  (simplifying rules with respect to one another...)
  (delete rule 105)
  (delete rule 128)
  (delete rule 129)
  (delete rule 132)
  (delete rule 154)
  (delete rule 180)
  (delete rule 201)
  (delete rule 204)
  (delete rule 205)
  (delete rule 222)
  (delete rule 239)
  (delete rule 254)
  (delete rule 302)
  (delete rule 307)
  (delete rule 313)
(39.142857) 2203. L(ldiv(X, x10), X, T2) = ldiv(op(x7, X), op(x10, T2))
  (delete rule 321)
(39.285713) 2204. rdiv(op(X, T3), op(L2, x10)) -> R(rdiv(X, x10), x10, L2)
  (delete rule 325)
(39.285713) 2205. ldiv(op(x10, T2), op(x7, X)) -> L(ldiv(x10, X), x10, T2)
  (delete rule 332)
(39.57143) 2206. R(rdiv(X, Y), Y, rdiv(Z, Y)) = rdiv(op(X, ldiv(Y, Z)), Z)
  (delete rule 336)
  (delete rule 337)
(37.857143) 2207. op(op(X, Y), ldiv(Y, zero)) -> R(X, Y, rdiv(zero, Y))
  (delete rule 339)
  (delete rule 350)
  (delete rule 369)
(36.285713) 2208. op(R(X, X, X), X) -> T(op(X, X), X)
  (delete rule 373)
  (delete rule 374)
  (delete rule 395)
(40.285713) 2209. R(rdiv(zero, X), X, rdiv(Y, X)) = rdiv(ldiv(X, Y), Y)
  (delete rule 397)
  (delete rule 413)
  (delete rule 419)
  (delete rule 428)
  (delete rule 447)
  (delete rule 463)
  (delete rule 481)
  (delete rule 510)
  (delete rule 511)
  (delete rule 514)
(48.428574) 2210. rdiv(R(X, Y, rdiv(zero, Y)), ldiv(Y, zero)) -> op(X, Y)
  (delete rule 524)
  (delete rule 541)
(36.0) 2211. T(X, op(X, a(Y, Z, W))) -> X
  (delete rule 558)
(41.0) 2212. rdiv(L2, ldiv(op(L2, x10), T3)) -> op(x10, L2)
  (delete rule 585)
(42.0) 2213. op(op(x10, T2), ldiv(x10, zero)) -> R(x7, x10, rdiv(zero, x10))
  (delete rule 586)
(42.0) 2214. op(op(L2, x10), ldiv(T3, zero)) -> R(x10, T3, rdiv(zero, T3))
  (delete rule 593)
  (delete rule 607)
  (delete rule 611)
  (delete rule 612)
  (delete rule 624)
  (delete rule 633)
  (delete rule 634)
  (delete rule 636)
  (delete rule 638)
  (delete rule 655)
  (delete rule 659)
  (delete rule 694)
  (delete rule 696)
  (delete rule 712)
(42.285713) 2215. op(T(L2, X), T3) -> op(L2, T(T3, X))
  (delete rule 735)
  (delete rule 810)
  (delete rule 819)
  (delete rule 826)
  (delete rule 842)
  (delete rule 875)
  (delete rule 905)
  (delete rule 915)
(42.285713) 2216. rdiv(T3, ldiv(op(L2, X), L2)) -> op(T3, X)
  (delete rule 948)
  (delete rule 953)
(38.0) 2217. T(X, op(a(Y, Z, W), X)) -> X
  (delete rule 1033)
  (delete rule 1040)
  (delete rule 1059)
  (delete rule 1060)
  (delete rule 1062)
  (delete rule 1065)
  (delete rule 1066)
  (delete rule 1074)
  (delete rule 1075)
  (delete rule 1077)
  (delete rule 1078)
  (delete rule 1079)
  (delete rule 1081)
  (delete rule 1084)
  (delete rule 1112)
  (delete rule 1117)
  (delete rule 1124)
  (delete rule 1150)
  (delete rule 1169)
  (delete rule 1172)
  (delete rule 1173)
  (delete rule 1174)
  (delete rule 1175)
  (delete rule 1177)
  (delete rule 1180)
  (delete rule 1183)
  (delete rule 1188)
(41.0) 2218. rdiv(L2, ldiv(x10, T(T3, x10))) -> ldiv(T3, op(x10, L2))
  (delete rule 1189)
  (delete rule 1190)
  (delete rule 1195)
  (delete rule 1196)
  (delete rule 1198)
  (delete rule 1202)
  (delete rule 1204)
  (delete rule 1205)
(50.285717) 2219. rdiv(L2, ldiv(ldiv(X, rdiv(T3, L2)), T3)) -> ldiv(X, zero)
  (delete rule 1206)
  (delete rule 1207)
  (delete rule 1223)
  (delete rule 1224)
  (delete rule 1228)
  (delete rule 1229)
(48.0) 2220. op(L2, rdiv(T3, L(T3, x10, L2))) -> R(L2, x10, L2)
  (delete rule 1230)
(44.0) 2221. rdiv(T3, K(L2, op(L2, x10))) -> R(L2, x10, L2)
  (delete rule 1231)
  (delete rule 1234)
  (delete rule 1237)
  (delete rule 1242)
  (delete rule 1244)
  (delete rule 1247)
  (delete rule 1248)
  (delete rule 1250)
  (delete rule 1254)
(39.14286) 2222. L(X, rdiv(Y, X), X) = rdiv(Y, rdiv(Y, T(X, Y)))
  (delete rule 1261)
  (delete rule 1274)
  (delete rule 1275)
  (delete rule 1277)
  (delete rule 1281)
  (delete rule 1283)
  (delete rule 1284)
  (delete rule 1300)
(52.285717) 2223. rdiv(T3, ldiv(ldiv(X, rdiv(L2, T3)), L2)) -> ldiv(X, zero)
  (delete rule 1301)
  (delete rule 1302)
  (delete rule 1307)
(44.285713) 2224. rdiv(T3, ldiv(op(X, L2), L2)) -> op(X, T3)
  (delete rule 1308)
  (delete rule 1311)
(44.285713) 2225. rdiv(T3, ldiv(ldiv(X, zero), L2)) -> ldiv(X, rdiv(T3, L2))
  (delete rule 1322)
(44.285713) 2226. rdiv(L2, ldiv(op(x10, X), T3)) -> op(T(x10, L2), X)
  (delete rule 1330)
  (delete rule 1331)
  (delete rule 1352)
  (delete rule 1353)
(39.0) 2227. rdiv(R(L2, x10, L2), T3) -> K(op(L2, x10), L2)
  (delete rule 1365)
(40.714287) 2228. rdiv(T(X, op(X, Y)), K(X, Y)) -> L(X, Y, X)
  (delete rule 1367)
  (delete rule 1368)
  (delete rule 1369)
  (delete rule 1371)
  (delete rule 1382)
  (delete rule 1383)
  (delete rule 1384)
  (delete rule 1385)
  (delete rule 1386)
  (delete rule 1387)
  (delete rule 1388)
  (delete rule 1389)
  (delete rule 1394)
  (delete rule 1395)
  (delete rule 1396)
  (delete rule 1398)
  (delete rule 1400)
  (delete rule 1404)
  (delete rule 1409)
  (delete rule 1410)
  (delete rule 1411)
  (delete rule 1413)
  (delete rule 1414)
  (delete rule 1419)
  (delete rule 1423)
  (delete rule 1445)
  (delete rule 1446)
  (delete rule 1453)
  (delete rule 1454)
  (delete rule 1455)
  (delete rule 1457)
  (delete rule 1461)
  (delete rule 1464)
  (delete rule 1465)
  (delete rule 1466)
  (delete rule 1468)
  (delete rule 1469)
  (delete rule 1472)
  (delete rule 1473)
  (delete rule 1478)
  (delete rule 1479)
  (delete rule 1490)
  (delete rule 1495)
  (delete rule 1497)
  (delete rule 1498)
  (delete rule 1499)
  (delete rule 1501)
  (delete rule 1505)
(44.285713) 2229. rdiv(L2, ldiv(op(X, x10), T3)) -> op(X, T(x10, L2))
  (delete rule 1507)
  (delete rule 1509)
  (delete rule 1511)
  (delete rule 1512)
  (delete rule 1516)
(45.857143) 2230. T(ldiv(X, T(Y, rdiv(Y, X))), Y) -> ldiv(X, Y)
  (delete rule 1519)
  (delete rule 1521)
  (delete rule 1522)
  (delete rule 1523)
  (delete rule 1525)
  (delete rule 1526)
  (delete rule 1529)
(42.57143) 2231. rdiv(op(X, T(Y, Z)), op(Y, Z)) -> R(rdiv(X, Z), Z, Y)
  (delete rule 1536)
(44.428574) 2232. ldiv(X, op(op(Y, Z), ldiv(Z, X))) -> T(R(Y, Z, rdiv(X, Z)), X)
  (delete rule 1549)
  (delete rule 1551)
  (delete rule 1553)
  (delete rule 1556)
  (delete rule 1562)
(44.57143) 2233. R(X, ldiv(X, Y), rdiv(Z, ldiv(X, Y))) = rdiv(op(Y, ldiv(ldiv(X, Y), Z)), Z)
  (delete rule 1563)
(50.285713) 2234. R(X, rdiv(zero, X), ldiv(ldiv(X, zero), Y)) = rdiv(ldiv(ldiv(X, zero), Y), Y)
  (delete rule 1569)
(43.714287) 2235. T(X, op(Y, op(Z, rdiv(W, Y)))) -> T(X, op(Z, W))
  (delete rule 1571)
  (delete rule 1574)
  (delete rule 1585)
  (delete rule 1586)
  (delete rule 1588)
  (delete rule 1590)
  (delete rule 1592)
  (delete rule 1595)
  (delete rule 1601)
  (delete rule 1602)
  (delete rule 1603)
  (delete rule 1604)
  (delete rule 1605)
  (delete rule 1606)
  (delete rule 1608)
  (delete rule 1610)
  (delete rule 1611)
  (delete rule 1612)
  (delete rule 1614)
  (delete rule 1615)
(44.0) 2236. ldiv(L2, R(L2, x10, L2)) -> rdiv(T3, L(T3, x10, L2))
  (delete rule 1617)
  (delete rule 1618)
  (delete rule 1628)
  (delete rule 1634)
  (delete rule 1635)
  (delete rule 1660)
  (delete rule 1664)
  (delete rule 1676)
  (delete rule 1677)
  (delete rule 1681)
  (delete rule 1683)
  (delete rule 1684)
  (delete rule 1685)
  (delete rule 1697)
  (delete rule 1698)
  (delete rule 1699)
  (delete rule 1705)
  (delete rule 1707)
  (delete rule 1708)
  (delete rule 1709)
  (delete rule 1711)
  (delete rule 1737)
  (delete rule 1743)
  (delete rule 1744)
  (delete rule 1745)
  (delete rule 1749)
  (delete rule 1758)
(45.571426) 2237. ldiv(rdiv(X, rdiv(T3, L2)), Y) -> rdiv(T3, ldiv(ldiv(X, Y), L2))
  (delete rule 1759)
  (delete rule 1765)
  (delete rule 1766)
  (delete rule 1767)
  (delete rule 1768)
  (delete rule 1784)
(53.57143) 2238. rdiv(X, rdiv(X, T(Y, X))) = ldiv(X, op(Y, op(ldiv(Y, X), Y)))
  (delete rule 1785)
  (delete rule 1786)
  (delete rule 1787)
  (delete rule 1793)
  (delete rule 1800)
  (delete rule 1802)
  (delete rule 1805)
  (delete rule 1822)
  (delete rule 1823)
  (delete rule 1863)
  (delete rule 1875)
  (delete rule 1880)
  (delete rule 1887)
  (delete rule 1888)
  (delete rule 1889)
  (delete rule 1890)
  (delete rule 1897)
  (delete rule 1902)
  (delete rule 1904)
  (delete rule 1905)
  (delete rule 1906)
(45.14286) 2239. T(L(X, X, X), Y) -> L(T(X, Y), X, X)
  (delete rule 1918)
  (delete rule 1919)
  (delete rule 1920)
  (delete rule 1923)
  (delete rule 1929)
  (delete rule 1934)
  (delete rule 1938)
  (delete rule 1946)
  (delete rule 1947)
  (delete rule 1948)
(45.571426) 2240. op(X, rdiv(Y, rdiv(L2, T3))) -> rdiv(T3, ldiv(op(X, Y), L2))
  (delete rule 1949)
(45.571426) 2241. op(rdiv(X, rdiv(L2, T3)), Y) -> rdiv(T3, ldiv(op(X, Y), L2))
  (delete rule 1950)
(45.571426) 2242. rdiv(T3, ldiv(rdiv(X, Y), L2)) = rdiv(X, rdiv(Y, rdiv(T3, L2)))
  (delete rule 1952)
(45.571426) 2243. ldiv(X, rdiv(Y, rdiv(L2, T3))) -> rdiv(T3, ldiv(ldiv(X, Y), L2))
  (delete rule 1953)
  (delete rule 1963)
(45.571426) 2244. T(rdiv(X, rdiv(L2, T3)), Y) -> rdiv(T3, ldiv(T(X, Y), L2))
  (delete rule 1971)
  (delete rule 1973)
  (delete rule 1986)
  (delete rule 1987)
  (delete rule 1991)
  (delete rule 2008)
  (delete rule 2009)
  (delete rule 2011)
  (delete rule 2013)
  (delete rule 2014)
  (delete rule 2019)
  (delete rule 2030)
  (delete rule 2097)
(44.142857) 2245. op(ldiv(ldiv(X, L2), T3), ldiv(X, L2)) -> op(X, rdiv(T3, X))
  (delete rule 2106)
  (delete rule 2129)
  (delete rule 2177)
(30.428574) 2246. T(X, L(Y, Z, Y)) -> T(X, Y)
(38.428574) 2247. K(L(X, Y, X), Z) -> K(X, Z)
(38.428574) 2248. K(X, L(Y, Z, Y)) -> K(X, Y)
(38.714287) 2249. L(X, L(Y, Z, Y), W) -> L(X, Y, W)
(39.0) 2250. L(L2, rdiv(x10, L2), L2) -> rdiv(x10, rdiv(x10, T3))
(39.714287) 2251. rdiv(L(X, Y, X), K(Y, X)) -> T(X, op(X, Y))
(41.714287) 2252. T(X, op(Y, L(Z, W, Z))) -> T(X, op(Y, Z))
(42.0) 2253. rdiv(x7, ldiv(L(T2, x10, T2), T2)) -> L(x7, x10, T2)
(38.0) 2254. ldiv(L(x7, x10, T2), x7) -> ldiv(L(T2, x10, T2), T2)
(42.0) 2255. rdiv(x7, L(x7, x10, T2)) -> rdiv(T2, L(T2, x10, T2))
(40.285713) 2256. T(X, L(x7, x10, T2)) -> T(X, T2)
(42.0) 2257. T(L(x7, x10, T2), T2) -> L(x7, x10, T2)
(42.285713) 2258. ldiv(op(X, x7), op(x10, T2)) -> ldiv(op(X, T2), op(T2, x10))
(42.285713) 2259. ldiv(op(x7, X), op(x10, T2)) -> ldiv(op(T2, X), op(T2, x10))
(42.285713) 2260. ldiv(op(x10, T2), op(X, x7)) -> ldiv(op(T2, x10), op(X, T2))
(42.285713) 2261. K(L(x7, x10, T2), X) -> K(T2, X)
(42.285713) 2262. K(X, L(x7, x10, T2)) -> K(X, T2)
(42.428574) 2263. T(L(X, rdiv(Y, X), X), rdiv(Y, X)) -> T(X, Y)
(38.285713) 2264. T(L(X, Y, X), Y) -> T(X, op(X, Y))
(42.57143) 2265. T(op(X, a(Y, Z, W)), X) -> op(X, a(Y, Z, W))
(42.57143) 2266. op(L(X, Y, X), T(Z, X)) -> op(Z, L(X, Y, X))
(37.14286) 2267. op(L(X, Y, X), X) -> op(X, L(X, Y, X))
(39.285713) 2268. op(L(x10, X, x10), T2) -> op(x7, L(x10, X, x10))
(39.285713) 2269. op(L(x10, X, x10), T3) -> op(L2, L(x10, X, x10))
(42.57143) 2270. T(rdiv(X, L(Y, Z, Y)), Y) -> ldiv(L(Y, Z, Y), X)
(42.57143) 2271. rdiv(L(X, Y, X), K(Z, X)) -> T(L(X, Y, X), Z)
(43.0) 2272. ldiv(L2, ldiv(T3, op(x10, L2))) -> ldiv(T3, T(x10, L2))
(43.285713) 2273. op(L(T2, X, T2), x7) -> op(x7, L(T2, X, T2))
(43.428574) 2274. rdiv(K(X, Y), rdiv(zero, X)) -> rdiv(zero, rdiv(zero, T(X, Y)))
(43.714287) 2275. ldiv(L(X, rdiv(Y, X), X), Y) -> rdiv(Y, T(X, Y))
(43.714287) 2276. T(X, L(x7, Y, T2)) -> T(X, T2)
(43.714287) 2277. T(X, L(T3, Y, L2)) -> T(X, L2)
(43.714287) 2278. K(L(x7, X, T2), Y) -> K(T2, Y)
(43.714287) 2279. K(L(T3, X, L2), Y) -> K(L2, Y)
(43.714287) 2280. K(X, L(x7, Y, T2)) -> K(X, T2)
(43.714287) 2281. K(X, L(T3, Y, L2)) -> K(X, L2)
(43.714287) 2282. T(X, op(L(Y, Z, Y), W)) -> T(X, op(Y, W))
(42.0) 2283. T(X, rdiv(Y, L(Y, Z, Y))) -> X
(41.14286) 2284. ldiv(L(X, Y, X), X) -> rdiv(X, L(X, Y, X))
(43.714287) 2285. T(L(x7, X, T2), X) -> T(x7, op(X, T2))
(43.857143) 2286. rdiv(rdiv(L2, ldiv(X, T3)), X) -> rdiv(L2, T3)
(43.857143) 2287. rdiv(op(X, T(Y, Z)), K(Y, Z)) -> op(X, Y)
(40.285713) 2288. op(rdiv(X, T(Y, Z)), Y) -> rdiv(X, K(Y, Z))
(44.0) 2289. L(X, rdiv(K(Y, Z), X), X) -> rdiv(zero, rdiv(zero, X))
(44.0) 2290. rdiv(L2, rdiv(T3, L(T3, x10, L2))) -> L(L2, x10, L2)
(40.0) 2291. rdiv(T3, L(T3, x10, L2)) -> rdiv(L2, L(L2, x10, L2))
(44.0) 2292. T(X, rdiv(L(Y, Z, Y), Y)) -> X
(43.14286) 2293. ldiv(X, L(X, Y, X)) -> rdiv(L(X, Y, X), X)
(44.14286) 2294. R(a(X, Y, Z), W, rdiv(V, W)) -> a(X, Y, Z)
(38.714287) 2295. R(a(X, Y, Z), W, V) -> a(X, Y, Z)
(44.14286) 2296. ldiv(T(rdiv(X, Y), X), X) -> rdiv(X, T(ldiv(Y, X), X))
(44.14286) 2297. K(X, rdiv(Y, L(Y, Z, Y))) -> zero
(44.14286) 2298. K(rdiv(X, L(X, Y, X)), Z) -> zero
(44.285713) 2299. ldiv(T(x7, X), op(x10, T2)) -> rdiv(x10, K(T2, X))
(43.857143) 2300. ldiv(T(T2, X), T(x7, X)) -> rdiv(x7, T2)
(44.285713) 2301. R(rdiv(rdiv(X, T3), x10), x10, L2) -> rdiv(X, op(L2, x10))
(44.285713) 2302. L(ldiv(x10, ldiv(x7, X)), x10, T2) -> ldiv(op(x10, T2), X)
(44.285713) 2303. rdiv(L2, rdiv(X, rdiv(T3, L2))) -> rdiv(T3, X)
(43.857143) 2304. K(X, rdiv(L2, rdiv(T3, X))) -> zero
(43.857143) 2305. K(rdiv(L2, rdiv(T3, X)), X) -> zero
(44.285713) 2306. rdiv(T3, ldiv(rdiv(X, T3), L2)) -> rdiv(X, L2)
(40.285713) 2307. ldiv(rdiv(X, T3), L2) -> ldiv(rdiv(X, L2), T3)
(44.285713) 2308. ldiv(op(X, L(Y, Z, Y)), L(Y, Z, Y)) -> ldiv(op(X, Y), Y)
(44.285713) 2309. T(T(rdiv(X, Y), X), Y) -> T(ldiv(Y, X), X)
(44.428574) 2310. R(X, rdiv(zero, Y), rdiv(zero, rdiv(zero, Y))) -> R(X, rdiv(zero, Y), Y)
(44.428574) 2311. L(rdiv(X, K(X, Y)), Y, X) -> rdiv(L(X, Y, X), K(X, Y))
(44.428574) 2312. op(X, a(X, Y, ldiv(Y, X))) -> T(R(X, Y, rdiv(X, Y)), X)
(40.0) 2313. T(X, R(X, Y, rdiv(X, Y))) -> X
(41.857143) 2314. T(X, R(Y, Z, rdiv(Y, Z))) -> T(X, Y)
(42.0) 2315. T(X, R(X, ldiv(Y, X), Y)) -> X
(42.14286) 2316. K(X, R(X, Y, rdiv(X, Y))) -> zero
(42.14286) 2317. K(R(X, Y, rdiv(X, Y)), X) -> zero
(43.857143) 2318. T(X, R(Y, ldiv(Z, Y), Z)) -> T(X, Y)
(44.14286) 2319. K(X, R(X, ldiv(Y, X), Y)) -> zero
(44.14286) 2320. K(R(X, ldiv(Y, X), Y), X) -> zero
(44.428574) 2321. T(op(X, Y), R(op(X, Y), Y, X)) -> op(X, Y)
(44.571426) 2322. L(X, L(T3, x10, L2), Y) -> L(X, L2, Y)
(44.571426) 2323. L(X, Y, L(T3, x10, L2)) -> L(X, Y, L2)
(44.57143) 2324. rdiv(T(X, Y), K(X, rdiv(Y, X))) -> L(X, rdiv(Y, X), X)
(41.0) 2325. rdiv(T3, K(L2, rdiv(x10, L2))) -> rdiv(x10, rdiv(x10, T3))
(44.57143) 2326. rdiv(op(X, ldiv(ldiv(Y, X), X)), X) = R(Y, rdiv(X, Y), Y)
(40.714287) 2327. R(X, rdiv(Y, K(Y, X)), X) -> R(X, Y, X)
(44.57143) 2328. R(X, rdiv(Y, X), X) = rdiv(op(Y, T(X, rdiv(Y, X))), Y)
(44.14286) 2329. rdiv(op(X, ldiv(Y, X)), X) = ldiv(Y, T(X, rdiv(X, Y)))
(44.57143) 2330. T(op(a(X, Y, Z), W), W) -> op(W, a(X, Y, Z))
(44.57143) 2331. L(X, op(Y, T(Z, W)), V) -> L(X, op(Y, Z), V)
(40.14286) 2332. rdiv(ldiv(ldiv(X, Y), Y), Y) = rdiv(X, op(ldiv(X, Y), X))
(42.14286) 2333. rdiv(X, op(T(Y, X), X)) = rdiv(T(X, Y), op(Y, X))
(42.14286) 2334. rdiv(X, op(ldiv(X, Y), X)) = rdiv(T(X, rdiv(Y, X)), Y)
(44.714287) 2335. rdiv(op(X, L(X, Y, X)), X) -> L(X, Y, X)
(43.285713) 2336. op(L(L2, X, L2), T3) -> op(T3, L(L2, X, L2))
(43.285713) 2337. op(L(T3, X, L2), L2) -> op(L2, L(T3, X, L2))
(43.285713) 2338. T(L(T3, X, L2), L2) -> L(T3, X, L2)
(44.714287) 2339. ldiv(op(X, T(Y, Z)), zero) = ldiv(op(X, Y), K(Z, Y))
(44.714287) 2340. K(op(X, Y), R(op(X, Y), Y, X)) -> zero
(44.714287) 2341. K(R(op(X, Y), Y, X), op(X, Y)) -> zero
(45.0) 2342. T(ldiv(T3, op(x10, L2)), L2) -> ldiv(T(T3, x10), op(x10, L2))
(45.0) 2343. rdiv(rdiv(T3, L2), rdiv(zero, L2)) -> rdiv(zero, rdiv(zero, T3))
(43.0) 2344. rdiv(rdiv(T3, L2), ldiv(L2, zero)) -> T3
(43.0) 2345. L(T3, rdiv(zero, L2), L2) -> rdiv(zero, rdiv(zero, T3))
(45.0) 2346. op(ldiv(T2, op(x10, x7)), T2) -> op(T(x10, T2), x7)
(45.0) 2347. rdiv(K(L2, rdiv(x10, L2)), T3) -> rdiv(zero, rdiv(x10, rdiv(x10, T3)))
(45.0) 2348. rdiv(op(L2, rdiv(x10, L2)), T3) -> rdiv(x10, rdiv(x10, rdiv(x10, T3)))
(43.0) 2349. rdiv(L2, ldiv(rdiv(x10, L2), T3)) -> rdiv(x10, T3)
(45.0) 2350. rdiv(L2, op(T(x10, L2), L2)) -> rdiv(T3, op(x10, L2))
(45.0) 2351. rdiv(ldiv(T3, op(x10, L2)), op(x10, L2)) -> rdiv(x10, op(T3, x10))
(43.0) 2352. R(rdiv(zero, T3), L2, x10) -> rdiv(x10, op(T3, x10))
(45.0) 2353. rdiv(x7, L(T2, x10, T2)) -> K(op(T2, x10), T2)
(45.0) 2354. R(T3, ldiv(L2, zero), L2) -> ldiv(ldiv(T3, zero), zero)
(45.0) 2355. R(ldiv(L2, zero), T3, ldiv(L2, zero)) -> T(ldiv(L2, zero), L2)
(45.14286) 2356. T(T(X, Y), op(X, X)) -> L(T(X, Y), X, X)
(45.14286) 2357. op(X, T(Y, op(X, Y))) -> op(L(Y, X, Y), X)
(45.285713) 2358. rdiv(T(rdiv(X, Y), X), K(rdiv(X, Y), Y)) -> L(rdiv(X, Y), Y, rdiv(X, Y))
(45.285713) 2359. ldiv(L(X, Y, X), T(X, op(X, Y))) -> K(X, Y)
(45.285713) 2360. T(R(X, rdiv(zero, Y), Y), X) -> R(X, rdiv(zero, Y), Y)
(45.285713) 2361. ldiv(L(T2, X, T2), x7) -> rdiv(x7, L(T2, X, T2))
(45.285713) 2362. T(L(x7, X, T2), T2) -> L(x7, X, T2)
(45.285713) 2363. R(X, rdiv(zero, Y), T(Y, Z)) -> R(X, rdiv(zero, Y), Y)
(45.285713) 2364. op(L(x7, X, T2), T2) -> op(T2, L(x7, X, T2))
(45.285713) 2365. op(L(T3, X, L2), T3) -> op(T3, L(T3, X, L2))
(45.428574) 2366. L(X, rdiv(a(Y, Z, W), X), X) -> rdiv(zero, rdiv(zero, X))
(44.57143) 2367. rdiv(a(X, Y, Z), rdiv(a(X, Y, Z), W)) -> rdiv(zero, rdiv(zero, W))
(44.857143) 2368. rdiv(K(X, Y), rdiv(zero, Z)) -> rdiv(zero, rdiv(K(Y, X), Z))
(45.428574) 2369. R(X, rdiv(a(Y, Z, W), X), X) -> ldiv(ldiv(X, zero), zero)
(45.571426) 2370. K(X, rdiv(rdiv(T3, L2), Y)) -> K(X, rdiv(zero, Y))
(45.571426) 2371. T(X, rdiv(L2, rdiv(T3, Y))) -> T(X, Y)
(45.571426) 2372. K(rdiv(L2, rdiv(T3, X)), Y) -> K(X, Y)
(45.571426) 2373. K(X, rdiv(L2, rdiv(T3, Y))) -> K(X, Y)
(45.714287) 2374. ldiv(rdiv(ldiv(X, Y), Y), rdiv(Y, X)) -> op(X, rdiv(Y, X))
(40.857143) 2375. ldiv(op(X, rdiv(Y, X)), rdiv(Y, X)) -> ldiv(Y, ldiv(X, Y))
(42.285713) 2376. ldiv(op(X, Y), T(X, Y)) -> ldiv(op(Y, X), X)
(44.14286) 2377. ldiv(X, ldiv(ldiv(Y, X), X)) = ldiv(op(ldiv(Y, X), Y), Y)
(44.14286) 2378. rdiv(K(X, Y), K(Y, X)) -> rdiv(Y, T(T(Y, X), X))
(45.0) 2379. ldiv(op(L2, x10), T(x10, L2)) -> ldiv(op(T3, x10), x10)
(45.57143) 2380. rdiv(op(X, Y), L(Y, X, Y)) -> rdiv(T(op(Y, X), Y), Y)
(45.714287) 2381. T(X, op(Y, rdiv(Z, rdiv(Y, W)))) -> T(X, op(Z, W))
(42.14286) 2382. T(X, op(Y, rdiv(Z, W))) <-> T(X, op(Z, rdiv(Y, W)))
(44.14286) 2383. T(X, op(rdiv(Y, Z), W)) -> T(X, op(Y, rdiv(W, Z)))
(45.714287) 2384. T(X, op(Y, R(Z, Z, Z))) -> T(X, op(Y, Z))
(45.714287) 2385. rdiv(K(X, Y), L(Y, X, Y)) -> rdiv(zero, T(Y, op(X, Y)))
(45.714287) 2386. T(L(T3, X, L2), X) -> T(T3, op(X, L2))
(45.714287) 2387. T(X, R(op(Y, Z), Z, Y)) -> T(X, op(Y, Z))
(45.714287) 2388. T(op(T(X, Y), Y), op(X, Y)) -> op(T(X, Y), Y)
(45.714287) 2389. rdiv(op(X, op(Y, rdiv(X, Y))), X) -> op(Y, rdiv(X, Y))
(45.714287) 2390. rdiv(op(X, op(ldiv(Y, X), Y)), X) -> op(ldiv(Y, X), Y)
(45.57143) 2391. ldiv(L(X, Y, X), K(Y, X)) -> ldiv(X, K(op(X, Y), X))
(45.714287) 2392. T(X, rdiv(Y, L(Z, W, Z))) -> T(X, rdiv(Y, Z))
(45.714287) 2393. T(op(ldiv(L2, X), T3), X) -> op(ldiv(L2, X), T3)
(45.714287) 2394. T(op(ldiv(T3, X), L2), X) -> op(ldiv(T3, X), L2)
(45.714287) 2395. T(op(ldiv(T2, X), x7), X) -> op(ldiv(T2, X), x7)
(45.857143) 2396. rdiv(rdiv(L2, X), rdiv(T3, X)) -> rdiv(L2, T3)
(45.857143) 2397. rdiv(op(X, T(Y, Z)), op(X, Y)) -> K(Y, Z)
(43.857143) 2398. K(X, R(Y, Z, rdiv(Y, Z))) -> K(X, Y)
(44.14286) 2399. K(X, op(Y, rdiv(Z, W))) <-> K(X, op(Z, rdiv(Y, W)))
(44.857143) 2400. K(X, op(Y, rdiv(zero, Z))) -> K(X, rdiv(Y, Z))
(44.857143) 2401. K(X, rdiv(Y, ldiv(Z, zero))) -> K(X, op(Y, Z))
(45.571426) 2402. K(X, op(Y, op(T3, x10))) -> K(X, op(Y, op(L2, x10)))
(45.714287) 2403. K(X, op(Y, L(Z, W, Z))) -> K(X, op(Y, Z))
(44.857143) 2404. K(X, rdiv(Y, rdiv(zero, Z))) -> K(X, op(Y, Z))
(45.857143) 2405. ldiv(op(X, T(Y, Z)), op(X, Y)) -> K(Z, Y)
(43.857143) 2406. K(R(X, Y, rdiv(X, Y)), Z) -> K(X, Z)
(44.14286) 2407. K(op(X, rdiv(Y, Z)), W) <-> K(op(Y, rdiv(X, Z)), W)
(44.857143) 2408. K(op(X, rdiv(zero, Y)), Z) -> K(rdiv(X, Y), Z)
(44.857143) 2409. K(rdiv(X, ldiv(Y, zero)), Z) -> K(op(X, Y), Z)
(45.571426) 2410. K(op(X, op(T3, x10)), Y) -> K(op(X, op(L2, x10)), Y)
(45.714287) 2411. K(op(X, L(Y, Z, Y)), W) -> K(op(X, Y), W)
(44.857143) 2412. K(rdiv(X, rdiv(zero, Y)), Z) -> K(op(X, Y), Z)
(45.857143) 2413. rdiv(op(T(X, Y), Z), K(X, Y)) -> op(X, Z)
(44.714287) 2414. ldiv(op(T(X, Y), Z), zero) = ldiv(op(X, Z), K(Y, X))
(45.857143) 2415. rdiv(op(X, Y), op(X, T(Y, Z))) -> K(Z, Y)
(44.714287) 2416. rdiv(K(X, Y), op(Z, Y)) -> rdiv(zero, op(Z, T(Y, X)))
(45.857143) 2417. ldiv(T(x7, X), T(T2, X)) -> rdiv(T2, x7)
(45.857143) 2418. K(X, R(Y, ldiv(Z, Y), Z)) -> K(X, Y)
(45.857143) 2419. K(rdiv(a(X, Y, Z), W), V) -> K(rdiv(zero, W), V)
(45.571426) 2420. K(rdiv(rdiv(T2, x7), X), Y) -> K(rdiv(zero, X), Y)
(45.571426) 2421. K(rdiv(rdiv(x7, T2), X), Y) -> K(rdiv(zero, X), Y)
(45.857143) 2422. K(R(X, ldiv(Y, X), Y), Z) -> K(X, Z)
(46.0) 2423. ldiv(T3, K(L2, op(L2, x10))) -> ldiv(R(L2, x10, L2), zero)
(46.0) 2424. rdiv(T3, ldiv(T(x10, op(L2, x10)), L2)) -> L(x10, L2, x10)
(42.0) 2425. ldiv(T(x10, op(L2, x10)), L2) -> ldiv(L(x10, L2, x10), T3)
(45.428574) 2426. T(L(X, Y, X), op(X, X)) -> L(L(X, Y, X), X, X)
(46.0) 2427. rdiv(T3, rdiv(L2, L(L2, x10, L2))) -> L(T3, x10, L2)
(45.0) 2428. op(ldiv(L(L2, x10, L2), T3), L(L2, x10, L2)) -> T3
(44.0) 2429. ldiv(L(L2, x10, L2), T3) -> rdiv(T3, L(L2, x10, L2))
(46.0) 2430. rdiv(R(T3, T3, T3), L2) -> rdiv(T3, L(L2, L2, L2))
(46.0) 2431. ldiv(T3, T(op(L2, x10), x10)) -> R(x10, L2, x10)
(45.0) 2432. op(T3, R(x10, L2, x10)) -> T(op(L2, x10), x10)
(46.14286) 2433. L(X, op(Y, a(Z, W, V)), X) -> L(X, Y, X)
(44.714287) 2434. L(X, rdiv(op(Y, Z), Y), X) -> L(X, Z, X)
(44.571426) 2435. L(X, R(T3, x10, L2), X) -> L(X, L2, X)
(46.14286) 2436. L(X, rdiv(Y, a(Z, W, V)), X) -> L(X, Y, X)
(46.14286) 2437. K(rdiv(L(X, Y, X), X), Z) -> zero
(46.14286) 2438. K(X, rdiv(L(Y, Z, Y), Y)) -> zero
(46.14286) 2439. rdiv(op(X, rdiv(X, Y)), X) = rdiv(T(X, rdiv(X, Y)), Y)
(46.14286) 2440. ldiv(T(X, Y), K(Z, X)) <-> ldiv(T(X, Z), K(Y, X))
(46.14286) 2441. K(X, L(T(X, Y), X, X)) -> zero
(46.14286) 2442. K(L(T(X, Y), X, X), X) -> zero
(46.14286) 2443. ldiv(op(ldiv(X, Y), X), X) = ldiv(Y, T(X, rdiv(Y, X)))
(46.14286) 2444. K(op(X, ldiv(Y, Z)), W) -> K(op(X, rdiv(Z, Y)), W)
(45.571426) 2445. K(op(T2, rdiv(X, x7)), Y) -> K(X, Y)
(46.14286) 2446. K(op(X, op(Y, Z)), W) <-> K(op(Y, op(X, Z)), W)
(46.14286) 2447. K(op(rdiv(X, Y), Z), W) -> K(op(X, rdiv(Z, Y)), W)
(46.14286) 2448. rdiv(K(X, Y), T(Y, Z)) <-> rdiv(K(Z, Y), T(Y, X))
(46.285713) 2449. rdiv(T2, ldiv(T(X, T2), x7)) -> ldiv(x7, op(X, T2))
(53.714287) 2450. T(X, rdiv(Y, ldiv(Z, K(Z, Y)))) -> T(X, op(Y, Z))
(53.714287) 2451. K(rdiv(X, ldiv(Y, K(Y, X))), Z) -> K(op(X, Y), Z)
(53.714287) 2452. K(X, rdiv(Y, ldiv(Z, K(Z, Y)))) -> K(X, op(Y, Z))
(46.285713) 2453. ldiv(ldiv(X, rdiv(T3, L2)), rdiv(T3, L2)) -> ldiv(ldiv(X, zero), zero)
(46.285713) 2454. ldiv(ldiv(X, rdiv(x7, T2)), rdiv(x7, T2)) -> ldiv(ldiv(X, zero), zero)
(46.285713) 2455. T(X, op(T(Y, Z), W)) -> T(X, op(Y, W))
(46.285713) 2456. K(op(T(X, Y), Z), W) -> K(op(X, Z), W)
(53.142853) 2457. T(R(ldiv(X, Y), X, rdiv(Y, X)), Y) -> T(ldiv(X, Y), X)
(46.285713) 2458. rdiv(op(x10, T2), T(x10, X)) -> rdiv(x7, K(x10, X))
(46.285713) 2459. rdiv(op(L2, x10), T(T3, X)) -> rdiv(x10, K(L2, X))
(45.285713) 2460. T(L(T3, x10, L2), X) -> L(T(T3, X), x10, L2)
(46.285713) 2461. rdiv(T(X, Y), op(X, Y)) -> rdiv(X, op(Y, X))
(42.285713) 2462. ldiv(op(x10, L2), op(L2, X)) -> ldiv(op(L2, x10), op(T3, X))
(44.285713) 2463. ldiv(op(x10, L2), op(X, L2)) -> ldiv(op(L2, x10), op(X, T3))
(46.285713) 2464. rdiv(T2, rdiv(T2, ldiv(X, x7))) -> rdiv(x7, X)
(42.285713) 2465. rdiv(x7, rdiv(x7, X)) -> rdiv(T2, rdiv(T2, X))
(42.285713) 2466. rdiv(x7, ldiv(T2, X)) -> rdiv(T2, ldiv(x7, X))
(46.285713) 2467. rdiv(op(x10, x7), op(X, op(x10, x7))) -> rdiv(op(T2, x10), op(X, op(T2, x10)))
(46.285713) 2468. rdiv(op(T3, x10), op(X, op(T3, x10))) -> rdiv(op(L2, x10), op(X, op(L2, x10)))
(46.285713) 2469. rdiv(op(x10, x7), op(op(x10, x7), X)) -> rdiv(op(T2, x10), op(op(T2, x10), X))
(46.285713) 2470. rdiv(op(T3, x10), op(op(T3, x10), X)) -> rdiv(op(L2, x10), op(op(L2, x10), X))
(46.285713) 2471. op(T3, op(x10, op(X, L2))) -> op(L2, op(x10, op(X, T3)))
(46.285713) 2472. op(T(x10, T2), T(T2, X)) -> rdiv(op(x10, x7), K(X, T2))
(46.285713) 2473. op(x7, op(x10, op(T2, X))) -> op(T2, op(x10, op(x7, X)))
(46.285713) 2474. op(T(L2, X), op(L2, x10)) -> op(T3, op(x10, T(L2, X)))
(46.285713) 2475. ldiv(op(T(x10, T2), X), x7) -> ldiv(op(x10, X), T2)
(46.285713) 2476. rdiv(x7, ldiv(T(x10, X), T2)) -> T(T(x10, X), T2)
(46.285713) 2477. rdiv(x7, op(T(x10, T2), X)) -> rdiv(T2, op(x10, X))
(46.285713) 2478. rdiv(x7, ldiv(op(X, x10), T2)) -> op(X, T(x10, T2))
(46.285713) 2479. rdiv(L2, ldiv(T(x10, X), T3)) -> T(T(x10, X), L2)
(46.285713) 2480. op(T(T(x10, X), L2), T3) -> op(T(x10, X), L2)
(46.285713) 2481. ldiv(x10, op(L2, T(x10, X))) -> rdiv(T3, K(X, x10))
(46.285713) 2482. K(X, op(T(Y, Z), W)) -> K(X, op(Y, W))
(46.285713) 2483. ldiv(ldiv(X, rdiv(L2, T3)), rdiv(L2, T3)) -> ldiv(ldiv(X, zero), zero)
(46.285713) 2484. rdiv(T3, rdiv(T3, T(L2, X))) -> T(L2, X)
(46.285713) 2485. ldiv(L2, op(op(L2, X), T3)) -> T(op(T3, X), L2)
(45.0) 2486. a(L2, rdiv(zero, T3), T3) -> K(L2, rdiv(zero, L2))
(46.285713) 2487. ldiv(ldiv(X, rdiv(T3, L2)), T3) -> ldiv(ldiv(X, zero), L2)
(46.285713) 2488. T(X, rdiv(L2, R(L2, x10, L2))) -> X
(46.285713) 2489. ldiv(T3, ldiv(X, rdiv(T3, L2))) -> ldiv(L2, ldiv(X, zero))
(46.285713) 2490. ldiv(op(T(x10, L2), X), L2) -> ldiv(op(x10, X), T3)
(46.285713) 2491. ldiv(op(X, T(x10, L2)), L2) -> ldiv(op(X, x10), T3)
(46.285713) 2492. rdiv(T3, ldiv(rdiv(zero, X), L2)) -> rdiv(rdiv(T3, L2), X)
(46.285713) 2493. op(L(X, rdiv(Y, X), X), rdiv(Y, X)) -> rdiv(Y, K(Y, X))
(46.285713) 2494. ldiv(ldiv(X, rdiv(x7, T2)), zero) -> ldiv(ldiv(X, zero), rdiv(T2, x7))
(46.285713) 2495. ldiv(op(X, x7), rdiv(x7, T2)) -> ldiv(op(X, T2), zero)
(46.285713) 2496. ldiv(op(X, L2), rdiv(L2, T3)) -> ldiv(op(X, T3), zero)
(46.285713) 2497. T(X, op(L2, L(T3, x10, L2))) -> T(X, op(L2, L2))
(46.285713) 2498. ldiv(op(x7, X), rdiv(x7, T2)) -> ldiv(op(T2, X), zero)
(46.285713) 2499. ldiv(op(L2, X), rdiv(L2, T3)) -> ldiv(op(T3, X), zero)
(46.285713) 2500. rdiv(T(X, Y), ldiv(Y, X)) -> rdiv(op(X, Y), X)
(46.285713) 2501. op(T2, rdiv(T(x7, X), T2)) -> T(x7, X)
(46.285713) 2502. ldiv(ldiv(X, rdiv(T2, x7)), rdiv(T2, x7)) -> ldiv(ldiv(X, zero), zero)
(46.285717) 2503. rdiv(x7, ldiv(op(X, op(x10, T2)), T2)) -> op(X, op(x10, x7))
(42.285713) 2504. ldiv(op(X, op(x10, x7)), x7) -> ldiv(op(X, op(x10, T2)), T2)
(44.285713) 2505. op(R(X, x10, T2), op(x10, x7)) -> op(op(X, x10), x7)
(46.285713) 2506. rdiv(x7, op(X, op(x10, x7))) -> rdiv(T2, op(X, op(x10, T2)))
(46.285717) 2507. rdiv(T3, ldiv(op(X, op(L2, x10)), L2)) -> op(X, op(T3, x10))
(42.285713) 2508. ldiv(op(X, op(T3, x10)), T3) -> ldiv(op(X, op(L2, x10)), L2)
(42.285713) 2509. ldiv(T3, op(X, op(T3, x10))) -> ldiv(L2, op(X, op(L2, x10)))
(44.285713) 2510. ldiv(op(op(T3, x10), X), T3) -> ldiv(op(op(L2, x10), X), L2)
(44.285713) 2511. ldiv(T3, op(op(T3, x10), X)) -> ldiv(L2, op(op(L2, x10), X))
(42.0) 2512. a(T3, x10, ldiv(x10, zero)) -> a(L2, x10, ldiv(x10, zero))
(45.0) 2513. ldiv(T3, op(x10, op(L2, x10))) -> ldiv(L2, op(x10, op(x10, L2)))
(46.285713) 2514. rdiv(T3, op(X, op(T3, x10))) -> rdiv(L2, op(X, op(L2, x10)))
(46.285713) 2515. ldiv(T(op(T3, x10), X), T3) -> ldiv(T(op(L2, x10), X), L2)
(46.285717) 2516. rdiv(x7, ldiv(op(op(x10, T2), X), T2)) -> op(op(x10, x7), X)
(42.285713) 2517. ldiv(op(op(x10, x7), X), x7) -> ldiv(op(op(x10, T2), X), T2)
(44.285713) 2518. op(op(x10, x7), L(X, T2, x10)) -> op(x10, op(x7, X))
(44.285713) 2519. ldiv(op(x10, op(x7, X)), x7) -> ldiv(op(x10, op(T2, X)), T2)
(46.285713) 2520. rdiv(x7, op(op(x10, x7), X)) -> rdiv(T2, op(op(x10, T2), X))
(46.285713) 2521. op(op(x10, x7), L(X, x10, T2)) -> op(x7, op(T(x10, T2), X))
(46.285713) 2522. ldiv(op(x10, op(X, x7)), x7) -> ldiv(op(x10, op(X, T2)), T2)
(46.285713) 2523. ldiv(op(op(x7, X), x10), x7) -> ldiv(op(op(T2, X), x10), T2)
(46.285713) 2524. op(op(T2, X), T(x10, T2)) -> op(op(x7, X), x10)
(46.285717) 2525. rdiv(T3, ldiv(op(op(L2, x10), X), L2)) -> op(op(T3, x10), X)
(44.285713) 2526. op(op(T3, x10), L(X, x10, L2)) -> op(T3, op(x10, X))
(46.285713) 2527. rdiv(T3, op(op(T3, x10), X)) -> rdiv(L2, op(op(L2, x10), X))
(45.57143) 2528. rdiv(op(X, op(Y, Z)), K(X, Y)) -> op(X, op(T(Y, X), Z))
(46.428574) 2529. L(X, op(Y, op(Z, W)), V) <-> L(X, op(Y, op(W, Z)), V)
(46.428574) 2530. op(T(T3, X), rdiv(L2, T(T3, X))) -> L2
(46.428574) 2531. op(X, ldiv(T(X, Y), Y)) -> T(Y, X)
(46.428574) 2532. rdiv(X, ldiv(Y, T(X, Y))) -> T(Y, X)
(46.428574) 2533. op(a(X, Y, Z), op(W, V)) = op(W, op(a(X, Y, Z), V))
(46.428574) 2534. T(rdiv(X, a(Y, Z, W)), V) -> rdiv(T(X, V), a(Y, Z, W))
(46.428574) 2535. op(T(X, Y), T(X, Y)) -> op(X, T(T(X, Y), Y))
(46.428574) 2536. K(X, R(Y, rdiv(zero, Z), Z)) -> K(X, Y)
(46.428574) 2537. T(X, R(Y, ldiv(Z, zero), Z)) -> T(X, Y)
(46.428574) 2538. K(X, R(Y, Z, rdiv(zero, Z))) -> K(X, Y)
(46.428574) 2539. K(X, L(Y, Z, rdiv(zero, Z))) -> K(X, Y)
(46.428574) 2540. K(X, L(Y, rdiv(zero, Z), Z)) -> K(X, Y)
(46.428574) 2541. L(X, rdiv(Y, op(Z, W)), V) <-> L(X, rdiv(Y, op(W, Z)), V)
(46.428574) 2542. L(X, rdiv(op(Y, Z), W), V) <-> L(X, rdiv(op(Z, Y), W), V)
(44.714287) 2543. L(X, rdiv(op(Y, Z), Y), W) -> L(X, Z, W)
(44.571426) 2544. L(X, R(T3, x10, L2), Y) -> L(X, L2, Y)
(46.428574) 2545. L(rdiv(X, K(Y, Z)), W, V) -> rdiv(L(X, W, V), K(Y, Z))
(46.428574) 2546. op(rdiv(X, Y), L(Y, Z, Y)) = op(L(Y, Z, Y), ldiv(Y, X))
(46.428574) 2547. op(rdiv(X, L(Y, Z, Y)), Y) -> op(Y, ldiv(L(Y, Z, Y), X))
(46.428574) 2548. K(R(X, rdiv(zero, Y), Y), Z) -> K(X, Z)
(46.428574) 2549. K(R(X, Y, rdiv(zero, Y)), Z) -> K(X, Z)
(46.428574) 2550. K(L(X, Y, rdiv(zero, Y)), Z) -> K(X, Z)
(46.428574) 2551. K(L(X, rdiv(zero, Y), Y), Z) -> K(X, Z)
(46.571426) 2552. ldiv(op(X, rdiv(zero, Y)), R(X, rdiv(zero, Y), Y)) -> Y
(46.571426) 2553. T(X, R(X, ldiv(Y, zero), Y)) -> X
(46.571426) 2554. L(X, R(x7, x10, T2), Y) -> L(X, T2, Y)
(46.571426) 2555. R(X, T3, T(Y, L2)) -> R(X, T3, Y)
(41.285713) 2556. R(X, T3, x10) -> R(X, L2, x10)
(46.571426) 2557. R(X, x7, T(Y, T2)) -> R(X, x7, Y)
(46.571426) 2558. L(X, Y, R(x7, x10, T2)) -> L(X, Y, T2)
(46.571426) 2559. L(X, Y, R(T3, x10, L2)) -> L(X, Y, L2)
(46.571426) 2560. op(L(X, Y, X), rdiv(X, L(X, Y, X))) -> X
(46.57143) 2561. op(X, a(Y, Z, X)) = ldiv(Z, ldiv(Y, op(op(Y, Z), X)))
(35.0) 2562. op(L2, a(x9, x8, L2)) -> x7
(25.0) 2563. T(L2, T2) -> L2
(25.0) 2564. T(x7, L2) -> x7
(25.0) 2565. K(L2, T2) -> zero
(26.285715) 2566. T(X, T2) -> T(X, L2)
(26.285715) 2567. T(X, x7) -> T(X, L2)
(27.0) 2568. K(T2, L2) -> zero
(27.0) 2569. T(T2, L2) -> T2
(28.285715) 2570. K(X, x7) -> K(X, L2)
(28.285715) 2571. K(X, T2) -> K(X, L2)
(28.285715) 2572. K(T2, X) -> K(L2, X)
(29.0) 2573. op(T2, L2) -> op(L2, T2)
(29.0) 2574. op(x7, L2) -> op(L2, x7)
(30.285715) 2575. K(x7, X) -> K(L2, X)
(30.57143) 2576. L(X, x7, X) -> L(X, L2, X)
(31.0) 2577. a(x9, x8, L2) -> ldiv(L2, x7)
(27.0) 2578. ldiv(L2, x7) -> rdiv(x7, L2)
(31.0) 2579. a(x9, x8, L2) -> rdiv(x7, L2)
(31.0) 2580. op(T2, T3) -> op(T3, T2)
(31.0) 2581. rdiv(x7, T2) -> rdiv(L2, T3)
(31.0) 2582. op(x7, T3) -> op(T3, x7)
(33.0) 2583. rdiv(T2, x7) -> rdiv(T3, L2)
(34.285713) 2584. T(X, rdiv(T2, L2)) -> X
(31.0) 2585. ldiv(L2, T2) -> rdiv(T2, L2)
(34.428574) 2586. K(X, rdiv(T2, L2)) -> zero
(34.428574) 2587. K(rdiv(T2, L2), X) -> zero
(34.57143) 2588. L(X, T2, X) -> L(X, L2, X)
(35.0) 2589. op(L3, a(x9, x8, L3)) -> T2
(25.0) 2590. T(L3, L2) -> L3
(25.0) 2591. T(T2, L3) -> T2
(25.0) 2592. K(L3, L2) -> zero
(26.285715) 2593. T(X, L2) -> T(X, L3)
(26.285715) 2594. T(X, T2) -> T(X, L3)
(27.0) 2595. K(L2, L3) -> zero
(27.0) 2596. T(L2, L3) -> L2
(27.0) 2597. T(x7, L3) -> x7
(28.285715) 2598. K(X, T2) -> K(X, L3)
(28.285715) 2599. K(X, L2) -> K(X, L3)
(28.285715) 2600. K(L2, X) -> K(L3, X)
(29.0) 2601. op(L2, L3) -> op(L3, L2)
(29.0) 2602. op(T2, L3) -> op(L3, T2)
(29.0) 2603. T(T3, L3) -> T3
(30.285715) 2604. K(T2, X) -> K(L3, X)
(30.57143) 2605. L(X, T2, X) -> L(X, L3, X)
(31.0) 2606. a(x9, x8, L3) -> ldiv(L3, T2)
(27.0) 2607. ldiv(L3, T2) -> rdiv(T2, L3)
(29.0) 2608. ldiv(L3, x7) -> rdiv(x7, L3)
(31.0) 2609. a(x9, x8, L3) -> rdiv(T2, L3)
(31.0) 2610. op(T3, L3) -> op(L3, T3)
(31.0) 2611. op(x7, L3) -> op(L3, x7)
(31.0) 2612. K(x10, L3) -> rdiv(L2, T3)
(31.0) 2613. K(L3, x10) -> rdiv(T3, L2)
(34.285713) 2614. T(X, rdiv(T2, L3)) -> X
(34.428574) 2615. K(X, rdiv(T2, L3)) -> zero
(34.428574) 2616. K(rdiv(T2, L3), X) -> zero
(35.0) 2617. op(L2, rdiv(x7, L2)) -> x7
(35.0) 2618. rdiv(T2, rdiv(T2, L2)) -> L2
(35.0) 2619. op(L3, rdiv(T2, L3)) -> T2
(35.0) 2620. rdiv(T2, rdiv(T2, L3)) -> L3
(35.285713) 2621. op(X, a(X, Y, X)) -> R(X, Y, X)
(35.0) 2622. op(rdiv(zero, L2), x7) -> rdiv(x7, L2)
(35.0) 2623. op(rdiv(zero, L3), T2) -> rdiv(T2, L3)
(36.285713) 2624. op(T2, T(X, L3)) -> op(X, T2)
(36.285713) 2625. T(rdiv(X, T2), L3) -> ldiv(T2, X)
(36.285713) 2626. rdiv(T2, K(X, L3)) -> T(T2, X)
(36.285713) 2627. op(x7, T(X, L3)) -> op(X, x7)
(36.285713) 2628. T(rdiv(X, x7), L3) -> ldiv(x7, X)
(36.285713) 2629. rdiv(x7, K(X, L3)) -> T(x7, X)
(36.285713) 2630. op(L2, T(X, L3)) -> op(X, L2)
(36.285713) 2631. T(rdiv(X, L2), L3) -> ldiv(L2, X)
(36.285713) 2632. rdiv(L2, K(X, L3)) -> T(L2, X)
(36.428574) 2633. T(rdiv(x7, L2), X) -> rdiv(x7, L2)
(36.428574) 2634. T(rdiv(T2, L3), X) -> rdiv(T2, L3)
(36.57143) 2635. L(X, L2, X) -> L(X, L3, X)
(37.0) 2636. rdiv(T3, ldiv(x7, L2)) -> T2
(33.0) 2637. ldiv(x7, L2) -> ldiv(T2, T3)
(37.0) 2638. op(L2, rdiv(T2, L2)) -> T2
(37.0) 2639. op(L3, rdiv(x7, L3)) -> x7
(37.0) 2640. rdiv(rdiv(T2, L2), T2) -> rdiv(zero, L2)
(37.0) 2641. ldiv(T2, rdiv(T2, L2)) -> ldiv(L2, zero)
(37.0) 2642. rdiv(rdiv(T2, L3), T2) -> rdiv(zero, L3)
(37.0) 2643. ldiv(T2, rdiv(T2, L3)) -> ldiv(L3, zero)
(37.0) 2644. op(rdiv(zero, L3), x7) -> rdiv(x7, L3)
(37.285713) 2645. ldiv(X, R(X, Y, X)) -> a(X, Y, X)
(35.857143) 2646. K(op(X, X), X) -> a(X, X, X)
(37.285713) 2647. op(a(X, Y, X), X) -> R(X, Y, X)
(37.285713) 2648. rdiv(R(X, Y, X), X) -> a(X, Y, X)
(37.57143) 2649. T(X, op(X, T2)) -> T(X, op(X, L2))
(37.57143) 2650. T(X, op(X, L2)) -> T(X, op(X, L3))
(37.714287) 2651. L(X, rdiv(x7, L2), X) -> X
(37.714287) 2652. L(X, rdiv(x7, L2), Y) -> X
(37.714287) 2653. R(X, rdiv(x7, L2), Y) -> X
(37.714287) 2654. R(X, Y, rdiv(x7, L2)) -> X
(37.714287) 2655. L(X, Y, rdiv(x7, L2)) -> X
(37.714287) 2656. L(X, rdiv(T2, L3), X) -> X
(37.714287) 2657. L(X, rdiv(T2, L3), Y) -> X
(37.714287) 2658. R(X, rdiv(T2, L3), Y) -> X
(37.714287) 2659. R(X, Y, rdiv(T2, L3)) -> X
(37.714287) 2660. L(X, Y, rdiv(T2, L3)) -> X
(37.857143) 2661. a(X, Y, rdiv(x7, L2)) -> zero
(37.857143) 2662. a(X, rdiv(x7, L2), Y) -> zero
(37.857143) 2663. a(rdiv(x7, L2), X, Y) -> zero
(37.857143) 2664. a(X, Y, rdiv(T2, L3)) -> zero
(37.857143) 2665. a(X, rdiv(T2, L3), Y) -> zero
(37.857143) 2666. a(rdiv(T2, L3), X, Y) -> zero
(38.0) 2667. T(L2, op(L3, L2)) -> L(L2, L3, L2)
(38.0) 2668. T(x7, op(L2, T2)) -> L(x7, L3, T2)
(36.0) 2669. L(x7, L2, T2) -> L(x7, L3, T2)
(38.0) 2670. T(T2, op(L3, T2)) -> L(T2, L3, T2)
(38.0) 2671. L(x7, T2, T2) -> L(x7, L3, T2)
(38.0) 2672. L(T3, T2, L2) -> L(T3, L2, L2)
(38.0) 2673. L(T3, T2, L2) -> L(T3, L3, L2)
(38.0) 2674. a(x10, x7, x10) -> a(x10, T2, x10)
(38.0) 2675. a(x10, T3, x10) -> a(x10, L2, x10)
(38.0) 2676. a(T3, T3, T3) -> a(L2, L2, L2)
(38.0) 2677. a(x7, x7, x7) -> a(T2, T2, T2)
(38.0) 2678. a(T2, x7, T2) -> a(T2, T2, T2)
(38.285713) 2679. T(T(T2, X), L3) -> T(T2, X)
(38.285713) 2680. T(T(x7, X), L3) -> T(x7, X)
(38.285713) 2681. op(X, rdiv(x7, L2)) = op(rdiv(x7, L2), X)
(38.285713) 2682. ldiv(rdiv(x7, L2), X) -> rdiv(X, rdiv(x7, L2))
(37.0) 2683. rdiv(T2, rdiv(x7, L2)) -> T3
(33.0) 2684. ldiv(T3, T2) -> rdiv(x7, L2)
(33.0) 2685. rdiv(x7, L2) -> rdiv(T2, T3)
(35.0) 2686. ldiv(T3, x7) -> rdiv(x7, T3)
(35.0) 2687. rdiv(T3, T2) -> rdiv(L2, x7)
(38.285713) 2688. op(X, rdiv(T2, T3)) = op(rdiv(T2, T3), X)
(38.285713) 2689. T(T(L2, X), L3) -> T(L2, X)
(38.285713) 2690. op(X, rdiv(T2, L3)) = op(rdiv(T2, L3), X)
(38.285713) 2691. ldiv(rdiv(T2, L3), X) -> rdiv(X, rdiv(T2, L3))
(38.285713) 2692. op(T3, T(X, L3)) -> op(X, T3)
(38.285713) 2693. T(rdiv(X, T3), L3) -> ldiv(T3, X)
(38.285713) 2694. rdiv(T3, K(X, L3)) -> T(T3, X)
(38.428574) 2695. T(rdiv(T2, L2), X) -> rdiv(T2, L2)
(38.428574) 2696. T(rdiv(T2, T3), X) -> rdiv(T2, T3)
(35.0) 2697. rdiv(zero, rdiv(T2, T3)) -> ldiv(T2, T3)
(37.0) 2698. ldiv(ldiv(T2, T3), zero) -> rdiv(T2, T3)
(37.0) 2699. ldiv(rdiv(T2, T3), zero) -> ldiv(T2, T3)
(37.0) 2700. rdiv(zero, ldiv(T2, T3)) -> rdiv(T2, T3)
(27.0) 2701. ldiv(T2, T3) -> rdiv(L2, x7)
(35.0) 2702. op(T2, rdiv(L2, x7)) -> T3
(31.0) 2703. ldiv(x7, T3) -> rdiv(T3, x7)
(35.0) 2704. rdiv(T3, rdiv(L2, x7)) -> T2
(35.0) 2705. ldiv(ldiv(T2, L2), L2) -> T2
(31.0) 2706. ldiv(T2, L2) -> rdiv(L2, T2)
(35.0) 2707. K(L3, rdiv(L2, T2)) -> zero
(35.0) 2708. K(rdiv(L2, T2), L3) -> zero
(37.0) 2709. op(T2, rdiv(L2, T2)) -> L2
(37.0) 2710. rdiv(L2, rdiv(L2, x7)) -> x7
(37.0) 2711. T(L3, rdiv(L2, T2)) -> L3
(37.0) 2712. T(L2, rdiv(L2, T2)) -> L2
(35.0) 2713. rdiv(zero, rdiv(T2, L3)) -> ldiv(T2, L3)
(35.0) 2714. op(ldiv(T2, L3), T2) -> L3
(31.0) 2715. ldiv(T2, L3) -> rdiv(L3, T2)
(33.0) 2716. ldiv(x7, L3) -> rdiv(L3, x7)
(37.0) 2717. ldiv(rdiv(L3, T2), zero) -> rdiv(T2, L3)
(37.0) 2718. rdiv(zero, rdiv(L3, T2)) -> rdiv(T2, L3)
(37.0) 2719. op(T2, rdiv(L3, T2)) -> L3
(37.0) 2720. K(L3, rdiv(L3, T2)) -> zero
(37.0) 2721. K(rdiv(L3, T2), L3) -> zero
(37.0) 2722. rdiv(L3, rdiv(L3, T2)) -> T2
(38.285713) 2723. op(rdiv(T2, L3), X) -> ldiv(rdiv(L3, T2), X)
(38.285713) 2724. op(rdiv(L3, T2), X) -> rdiv(X, rdiv(T2, L3))
(38.285713) 2725. op(X, rdiv(L3, T2)) -> rdiv(X, rdiv(T2, L3))
(36.428574) 2726. K(rdiv(L3, T2), X) -> zero
(36.428574) 2727. K(X, rdiv(L3, T2)) -> zero
(38.285713) 2728. op(X, rdiv(T2, L3)) -> rdiv(X, rdiv(L3, T2))
(38.285713) 2729. T(X, rdiv(L3, T2)) -> X
(39.0) 2730. T(T(x10, L3), L3) -> ldiv(T3, op(x10, L2))
(47.0) 2731. rdiv(L2, rdiv(T3, rdiv(T2, L3))) -> rdiv(x7, L3)
(39.0) 2732. op(rdiv(zero, L2), T2) -> rdiv(T2, L2)
(39.0) 2733. op(T2, ldiv(L2, zero)) -> rdiv(T2, L2)
(39.0) 2734. op(T2, ldiv(L3, zero)) -> rdiv(T2, L3)
(39.0) 2735. ldiv(T2, op(T3, x7)) -> L2
(35.0) 2736. op(T3, x7) -> op(L2, T2)
(39.0) 2737. rdiv(T2, rdiv(T2, T3)) -> T3
(39.0) 2738. rdiv(zero, rdiv(L2, x7)) -> rdiv(T2, T3)
(39.0) 2739. ldiv(rdiv(L2, x7), zero) -> rdiv(T2, T3)
(39.0) 2740. rdiv(T3, rdiv(T3, x7)) -> x7
(39.0) 2741. rdiv(L2, rdiv(L2, T2)) -> T2
(39.0) 2742. T(T3, rdiv(L2, T2)) -> T3
(39.57143) 2743. K(X, op(X, T2)) -> K(X, op(X, L2))
(39.57143) 2744. K(op(X, T2), X) -> K(op(X, L2), X)
(39.57143) 2745. T(X, op(T2, X)) = T(X, op(X, L3))
(39.57143) 2746. K(X, op(X, L2)) -> K(X, op(X, L3))
(39.57143) 2747. K(op(X, L2), X) -> K(op(X, L3), X)
(38.0) 2748. a(L2, L2, L2) -> a(L3, L3, L3)
(39.57143) 2749. T(X, op(L2, X)) = T(X, op(X, L3))
(39.714287) 2750. ldiv(R(X, Y, X), X) -> rdiv(zero, a(X, Y, X))
(39.714287) 2751. rdiv(zero, a(X, Y, X)) = rdiv(X, R(X, Y, X))
(39.857143) 2752. L(rdiv(T2, T3), X, Y) -> rdiv(T2, T3)
(39.857143) 2753. R(rdiv(T2, T3), X, Y) -> rdiv(T2, T3)
(39.857143) 2754. L(rdiv(T2, L3), X, Y) -> rdiv(T2, L3)
(39.857143) 2755. R(rdiv(T2, L3), X, Y) -> rdiv(T2, L3)
(39.857143) 2756. a(X, rdiv(T2, T3), X) -> zero
(40.0) 2757. T(T2, op(L2, T2)) -> L(T2, L3, T2)
(40.0) 2758. T(x7, op(L3, T2)) -> L(x7, L3, T2)
(40.0) 2759. L(T3, L2, L2) -> L(T3, L3, L2)
(40.0) 2760. K(op(T2, T2), L3) -> a(T2, T2, T2)
(40.0) 2761. K(op(L2, L2), L3) -> a(L3, L3, L3)
(40.0) 2762. a(L2, T3, L2) -> a(L3, L3, L3)
(40.142857) 2763. rdiv(op(x7, X), x7) = rdiv(X, K(X, L3))
(40.142857) 2764. rdiv(op(T2, X), T2) = rdiv(X, K(X, L3))
(40.142857) 2765. rdiv(op(L2, X), L2) = rdiv(X, K(X, L3))
(40.142857) 2766. rdiv(T(X, L3), T2) = rdiv(X, T(T2, X))
(40.142857) 2767. rdiv(T(X, L3), x7) = rdiv(X, T(x7, X))
(40.142857) 2768. rdiv(T(X, L3), L2) = rdiv(X, T(L2, X))
(36.285713) 2769. ldiv(x7, op(L2, X)) -> rdiv(X, rdiv(T2, T3))
(35.0) 2770. rdiv(x7, rdiv(T2, T3)) -> L2
(37.0) 2771. op(L2, rdiv(T2, T3)) -> x7
(38.285713) 2772. ldiv(T2, op(L2, X)) -> rdiv(X, rdiv(T2, L2))
(39.0) 2773. rdiv(rdiv(T3, L2), T2) -> rdiv(zero, x7)
(39.0) 2774. ldiv(T2, rdiv(T3, L2)) -> ldiv(x7, zero)
(39.0) 2775. ldiv(x7, rdiv(T2, T3)) -> ldiv(L2, zero)
(39.0) 2776. rdiv(zero, rdiv(T2, L2)) -> rdiv(L2, T2)
(39.714287) 2777. L(X, rdiv(T2, L2), Y) -> X
(39.714287) 2778. L(X, Y, rdiv(T2, L2)) -> X
(36.285713) 2779. op(rdiv(T2, T3), X) -> ldiv(L2, op(x7, X))
(38.285713) 2780. op(X, rdiv(T2, T3)) -> ldiv(L2, op(x7, X))
(39.0) 2781. R(L2, rdiv(T2, T3), x10) -> L2
(39.0) 2782. ldiv(T3, op(x10, T2)) -> ldiv(L2, op(x10, x7))
(39.0) 2783. ldiv(x7, rdiv(L2, T3)) -> ldiv(T2, zero)
(39.0) 2784. rdiv(rdiv(L2, T3), x7) -> rdiv(zero, T2)
(39.0) 2785. ldiv(T2, rdiv(T2, T3)) -> ldiv(T3, zero)
(36.285713) 2786. ldiv(rdiv(L2, X), x7) -> ldiv(L2, op(x7, X))
(38.285713) 2787. ldiv(rdiv(L2, X), T2) -> ldiv(L2, op(T2, X))
(36.285713) 2788. rdiv(op(X, L2), x7) -> rdiv(X, rdiv(T2, T3))
(38.285713) 2789. rdiv(op(X, L2), T2) -> rdiv(X, rdiv(T2, L2))
(40.285713) 2790. op(T(T2, X), L2) -> op(L2, T(T2, X))
(40.285713) 2791. op(T(L2, X), x7) -> op(x7, T(L2, X))
(40.285713) 2792. op(T(L2, X), T2) -> op(T2, T(L2, X))
(40.285713) 2793. rdiv(K(X, L3), x7) -> rdiv(zero, T(x7, X))
(40.285713) 2794. rdiv(K(X, L3), T2) -> rdiv(zero, T(T2, X))
(40.285713) 2795. op(T(x7, X), L2) -> op(L2, T(x7, X))
(40.285713) 2796. ldiv(T(L2, X), x7) -> rdiv(x7, T(L2, X))
(40.285713) 2797. ldiv(L2, T(x7, X)) -> rdiv(T(x7, X), L2)
(40.285713) 2798. op(X, rdiv(T2, L2)) = op(rdiv(T2, L2), X)
(40.285713) 2799. ldiv(rdiv(T2, L2), X) -> rdiv(X, rdiv(T2, L2))
(40.285713) 2800. rdiv(x7, ldiv(X, T2)) = rdiv(X, rdiv(T3, L2))
(40.285713) 2801. rdiv(X, rdiv(L2, T3)) = rdiv(T2, ldiv(X, x7))
(36.285713) 2802. ldiv(T2, op(L3, X)) -> rdiv(X, rdiv(T2, L3))
(36.285713) 2803. ldiv(rdiv(L3, T2), X) -> rdiv(X, rdiv(L3, T2))
(36.285713) 2804. ldiv(L3, op(T2, X)) -> rdiv(X, rdiv(L3, T2))
(36.285713) 2805. ldiv(rdiv(L3, X), T2) -> rdiv(X, rdiv(L3, T2))
(36.285713) 2806. rdiv(op(X, L3), T2) -> rdiv(X, rdiv(T2, L3))
(40.285713) 2807. op(T(L2, X), L3) -> op(L3, T(L2, X))
(40.285713) 2808. op(T(L3, X), T2) -> op(T2, T(L3, X))
(40.285713) 2809. T(T(T3, X), L3) -> T(T3, X)
(40.285713) 2810. op(T(L3, X), L2) -> op(L2, T(L3, X))
(40.285713) 2811. op(T(L3, X), x7) -> op(x7, T(L3, X))
(40.285713) 2812. rdiv(K(X, L3), L2) -> rdiv(zero, T(L2, X))
(40.285713) 2813. op(T(T2, X), L3) -> op(L3, T(T2, X))
(40.285713) 2814. ldiv(T(L3, X), T2) -> rdiv(T2, T(L3, X))
(40.285713) 2815. ldiv(L3, T(T2, X)) -> rdiv(T(T2, X), L3)
(40.285713) 2816. ldiv(T(L3, X), x7) -> rdiv(x7, T(L3, X))
(40.285713) 2817. ldiv(L3, T(x7, X)) -> rdiv(T(x7, X), L3)
(40.285713) 2818. ldiv(L2, T(T2, X)) -> rdiv(T(T2, X), L2)
(40.285713) 2819. op(rdiv(X, L3), T2) -> op(T2, ldiv(L3, X))
(40.285713) 2820. op(rdiv(X, T2), L3) -> op(L3, ldiv(T2, X))
(40.285713) 2821. op(rdiv(X, L3), x7) -> op(x7, ldiv(L3, X))
(40.285713) 2822. op(rdiv(X, x7), L3) -> op(L3, ldiv(x7, X))
(40.285713) 2823. op(rdiv(X, L3), L2) -> op(L2, ldiv(L3, X))
(40.285713) 2824. op(rdiv(X, T2), L2) -> op(L2, ldiv(T2, X))
(40.285713) 2825. op(rdiv(X, x7), L2) -> op(L2, ldiv(x7, X))
(40.285713) 2826. op(rdiv(X, L2), L3) -> op(L3, ldiv(L2, X))
(40.285713) 2827. op(rdiv(X, L2), T2) -> op(T2, ldiv(L2, X))
(40.285713) 2828. op(rdiv(X, L2), x7) -> op(x7, ldiv(L2, X))
(40.285713) 2829. ldiv(rdiv(T2, T3), X) -> rdiv(X, rdiv(T2, T3))
(40.285713) 2830. ldiv(L2, op(x7, X)) -> rdiv(op(X, x7), L2)
(40.285713) 2831. rdiv(op(X, T2), L3) -> rdiv(X, rdiv(L3, T2))
(40.285713) 2832. ldiv(T(T2, X), T3) -> rdiv(L2, T(x7, X))
(40.285713) 2833. ldiv(T2, T(T3, X)) -> rdiv(T(L2, X), x7)
(40.285713) 2834. ldiv(T(T2, X), L3) -> rdiv(L3, T(T2, X))
(40.285713) 2835. op(rdiv(T2, L3), X) -> rdiv(X, rdiv(L3, T2))
(40.285713) 2836. op(X, rdiv(L2, x7)) -> rdiv(X, rdiv(T2, T3))
(40.285713) 2837. op(rdiv(L2, x7), X) -> rdiv(X, rdiv(T2, T3))
(38.428574) 2838. K(X, rdiv(L2, T2)) -> zero
(38.428574) 2839. K(rdiv(L2, T2), X) -> zero
(40.285713) 2840. op(X, rdiv(T2, T3)) -> rdiv(op(X, x7), L2)
(40.285713) 2841. ldiv(T(L2, X), T2) -> rdiv(T2, T(L2, X))
(40.285713) 2842. R(X, rdiv(T2, L2), L2) -> X
(40.285713) 2843. T(X, rdiv(L2, T2)) -> X
(40.428574) 2844. T(rdiv(L3, T2), X) -> rdiv(L3, T2)
(40.428574) 2845. a(rdiv(T2, T3), X, rdiv(T2, T3)) -> zero
(41.0) 2846. ldiv(T2, op(x10, x7)) -> ldiv(T3, op(x10, L2))
(41.0) 2847. ldiv(x7, T(x10, L3)) -> ldiv(T2, x10)
(41.0) 2848. rdiv(T3, rdiv(L2, T2)) -> T(T2, x10)
(39.0) 2849. op(T3, rdiv(T2, L2)) -> T(T2, x10)
(41.0) 2850. ldiv(x7, op(L3, T2)) -> rdiv(L3, rdiv(L2, T3))
(41.0) 2851. rdiv(x7, rdiv(T2, L3)) -> rdiv(L3, rdiv(T3, L2))
(41.0) 2852. rdiv(T2, rdiv(x7, L3)) -> rdiv(L3, rdiv(L2, T3))
(41.0) 2853. R(L3, rdiv(x7, L3), L3) -> L3
(41.0) 2854. rdiv(L3, rdiv(L2, T3)) -> T(L3, x10)
(41.0) 2855. rdiv(rdiv(T2, L3), x7) -> rdiv(rdiv(T3, L2), L3)
(41.0) 2856. op(T2, rdiv(x7, L3)) -> rdiv(T2, rdiv(L3, x7))
(41.0) 2857. op(x7, rdiv(x7, L3)) -> rdiv(x7, rdiv(L3, x7))
(41.0) 2858. op(L2, rdiv(x7, L3)) -> rdiv(L2, rdiv(L3, x7))
(41.0) 2859. op(L3, rdiv(L2, L3)) -> T(L2, rdiv(L2, L3))
(41.0) 2860. rdiv(rdiv(T2, L2), x7) -> rdiv(rdiv(T3, L2), L2)
(41.0) 2861. ldiv(x7, rdiv(T2, L2)) -> ldiv(L2, rdiv(T3, L2))
(41.0) 2862. ldiv(x7, rdiv(T2, L3)) -> ldiv(L3, rdiv(T3, L2))
(41.0) 2863. a(X, ldiv(X, zero), X) -> K(X, rdiv(zero, X))
(41.0) 2864. a(rdiv(T2, L2), rdiv(T2, L2), rdiv(T2, L2)) -> zero
(41.0) 2865. op(L2, rdiv(T3, x7)) -> rdiv(T3, rdiv(T2, T3))
(41.0) 2866. op(T2, rdiv(T3, x7)) -> T(T3, x10)
(41.0) 2867. L(T2, rdiv(L2, T2), T2) -> T2
(41.0) 2868. L(T2, rdiv(L3, T2), T2) -> T2
(41.0) 2869. rdiv(L3, rdiv(L3, x7)) -> x7
(41.0) 2870. op(x7, ldiv(L2, zero)) -> rdiv(T2, T3)
(41.0) 2871. op(x7, ldiv(L3, zero)) -> rdiv(x7, L3)
(41.0) 2872. rdiv(rdiv(T2, T3), x7) -> rdiv(zero, L2)
(41.0) 2873. ldiv(x7, op(L3, L2)) -> rdiv(L3, rdiv(T2, T3))
(41.0) 2874. R(L2, rdiv(T2, T3), L2) -> L2
(41.0) 2875. rdiv(L2, rdiv(T2, L3)) -> rdiv(L3, rdiv(T2, L2))
(41.0) 2876. ldiv(rdiv(L2, T2), zero) -> rdiv(T2, L2)
(41.0) 2877. rdiv(zero, rdiv(L2, T2)) -> rdiv(T2, L2)
(41.0) 2878. op(T3, op(x10, x7)) -> op(L2, op(x10, T2))
(49.0) 2879. rdiv(op(T(x10, L3), x7), L2) -> ldiv(L2, op(x10, x7))
(41.0) 2880. ldiv(op(x10, L2), x7) -> ldiv(op(L2, x10), T2)
(41.0) 2881. op(T2, ldiv(T3, zero)) -> rdiv(T2, T3)
(41.0) 2882. rdiv(x7, rdiv(T2, L2)) -> rdiv(L2, rdiv(T3, L2))
(41.0) 2883. ldiv(L3, op(L2, T2)) -> rdiv(L2, rdiv(L3, T2))
(41.0) 2884. ldiv(T3, T(T2, x10)) -> rdiv(T2, L2)
(41.0) 2885. rdiv(T(T2, x10), T3) -> rdiv(T2, L2)
(41.0) 2886. op(L2, T(T2, x10)) -> op(T3, T2)
(41.0) 2887. rdiv(T3, T(T2, x10)) -> rdiv(L2, T2)
(41.14286) 2888. a(X, ldiv(X, Y), X) -> a(X, rdiv(Y, X), X)
(41.285713) 2889. T(L(T2, X, T2), L3) -> L(T2, X, T2)
(41.285713) 2890. T(L(L2, X, L2), L3) -> L(L2, X, L2)
(41.285713) 2891. a(X, T(Y, X), X) -> a(X, Y, X)
(41.571426) 2892. L(T(X, L3), T2, X) -> T(X, op(X, L3))
(41.571426) 2893. L(T(X, L3), L2, X) -> T(X, op(X, L3))
(41.571426) 2894. a(rdiv(zero, X), X, rdiv(zero, X)) -> K(rdiv(zero, X), X)
(41.57143) 2895. K(X, op(X, L3)) = K(X, op(T2, X))
(41.57143) 2896. K(op(X, L3), X) = K(op(T2, X), X)
(40.0) 2897. a(T2, T2, T2) -> a(L3, L3, L3)
(41.57143) 2898. T(X, op(T2, X)) -> T(X, op(L3, X))
(41.57143) 2899. K(X, op(X, L3)) = K(X, op(L2, X))
(41.57143) 2900. K(op(X, L3), X) = K(op(L2, X), X)
(41.57143) 2901. T(X, op(L2, X)) -> T(X, op(L3, X))
(41.714287) 2902. T(X, rdiv(X, rdiv(T2, T3))) -> X
(41.714287) 2903. T(X, rdiv(op(X, x7), L2)) -> X
(41.714287) 2904. T(X, op(X, rdiv(T2, L2))) -> X
(41.714287) 2905. T(X, rdiv(X, rdiv(T2, L3))) -> X
(41.714287) 2906. T(X, rdiv(X, rdiv(L3, T2))) -> X
(61.714287) 2907. rdiv(T(rdiv(op(X, x7), L2), X), rdiv(T2, T3)) -> X
(41.714287) 2908. R(X, rdiv(T2, T3), X) -> X
(41.857143) 2909. rdiv(op(X, T2), T(X, L3)) -> T2
(41.857143) 2910. rdiv(op(X, x7), T(X, L3)) -> x7
(41.857143) 2911. K(rdiv(X, rdiv(T2, T3)), X) -> zero
(41.857143) 2912. K(X, rdiv(X, rdiv(T2, T3))) -> zero
(41.857143) 2913. K(X, rdiv(op(X, x7), L2)) -> zero
(41.857143) 2914. K(rdiv(op(X, x7), L2), X) -> zero
(41.857143) 2915. rdiv(op(X, L2), T(X, L3)) -> L2
(41.857143) 2916. K(rdiv(X, rdiv(T2, L3)), X) -> zero
(41.857143) 2917. K(X, rdiv(X, rdiv(T2, L3))) -> zero
(41.857143) 2918. K(X, rdiv(X, rdiv(L3, T2))) -> zero
(41.857143) 2919. K(rdiv(X, rdiv(L3, T2)), X) -> zero
(42.0) 2920. T(T3, op(L2, T2)) -> L(T3, L3, L2)
(42.0) 2921. T(T3, op(L3, L2)) -> L(T3, L3, L2)
(42.0) 2922. K(op(L2, T2), L3) -> a(L3, L3, L3)
(42.0) 2923. T(T2, op(L3, L2)) -> L(T2, L3, T2)
(42.0) 2924. T(L2, op(L3, T2)) -> L(L2, L3, L2)
(42.0) 2925. T(L2, op(L3, L3)) -> L(L2, L3, L2)
(42.142857) 2926. ldiv(X, T(T2, X)) = ldiv(T(X, L3), T2)
(42.142857) 2927. ldiv(X, T(x7, X)) = ldiv(T(X, L3), x7)
(42.142857) 2928. ldiv(X, T(L2, X)) = ldiv(T(X, L3), L2)
(42.142857) 2929. rdiv(T(X, L3), T3) = rdiv(X, T(T3, X))
(42.285713) 2930. op(T(T2, X), T3) -> op(T3, T(T2, X))
(42.285713) 2931. op(T(T3, X), T2) -> op(T2, T(T3, X))
(42.285713) 2932. op(T(x7, X), T3) -> op(T3, T(x7, X))
(42.285713) 2933. op(T(T3, X), x7) -> op(x7, T(T3, X))
(42.285713) 2934. op(T(L3, X), T3) -> op(T3, T(L3, X))
(42.285713) 2935. op(T(T3, X), L3) -> op(L3, T(T3, X))
(42.285713) 2936. op(T(x7, X), L3) -> op(L3, T(x7, X))
(53.714287) 2937. L(ldiv(X, rdiv(L2, x7)), X, T2) -> ldiv(op(T2, X), T3)
(42.285713) 2938. ldiv(T2, op(T3, X)) -> rdiv(X, rdiv(T2, T3))
(42.285713) 2939. ldiv(T3, op(T2, X)) -> rdiv(op(X, x7), L2)
(35.0) 2940. ldiv(T3, L3) -> rdiv(L3, T3)
(42.285713) 2941. rdiv(x7, T(L2, X)) -> rdiv(T2, T(T3, X))
(42.285713) 2942. rdiv(op(X, T3), T2) -> rdiv(X, rdiv(T2, T3))
(42.285713) 2943. op(rdiv(X, L3), T3) -> op(T3, ldiv(L3, X))
(42.285713) 2944. op(rdiv(X, T2), T3) -> op(T3, ldiv(T2, X))
(42.285713) 2945. op(rdiv(X, x7), T3) -> op(T3, ldiv(x7, X))
(42.285713) 2946. op(rdiv(X, T3), L3) -> op(L3, ldiv(T3, X))
(42.285713) 2947. op(rdiv(X, T3), T2) -> op(T2, ldiv(T3, X))
(42.285713) 2948. op(rdiv(X, T3), x7) -> op(x7, ldiv(T3, X))
(42.285713) 2949. rdiv(K(X, L3), T3) -> rdiv(zero, T(T3, X))
(42.285713) 2950. ldiv(T(x7, X), T3) -> rdiv(T3, T(x7, X))
(42.285713) 2951. ldiv(x7, T(T3, X)) -> rdiv(T(T3, X), x7)
(42.285713) 2952. ldiv(T(T2, X), L2) -> rdiv(L2, T(T2, X))
(42.285713) 2953. ldiv(T2, T(L2, X)) -> rdiv(T(L2, X), T2)
(42.285713) 2954. ldiv(x7, T(L2, X)) -> rdiv(T(L2, X), x7)
(42.285713) 2955. ldiv(T2, T(L3, X)) -> rdiv(T(L3, X), T2)
(42.285713) 2956. rdiv(op(x7, X), x7) -> rdiv(op(L3, X), L3)
(42.285713) 2957. rdiv(op(T2, X), T2) -> rdiv(op(L3, X), L3)
(42.285713) 2958. rdiv(op(L2, X), L2) -> rdiv(op(L3, X), L3)
(50.285717) 2959. rdiv(rdiv(op(X, x7), L2), rdiv(T2, T3)) -> X
(42.285713) 2960. rdiv(T(x7, X), L2) -> rdiv(T(T2, X), T3)
(42.285713) 2961. op(rdiv(T2, L2), X) -> ldiv(rdiv(L2, T2), X)
(42.285713) 2962. op(X, rdiv(T2, L2)) -> rdiv(op(X, T2), L2)
(42.285713) 2963. ldiv(rdiv(L2, T2), X) -> rdiv(op(X, T2), L2)
(42.285713) 2964. rdiv(op(X, T2), L2) -> rdiv(X, rdiv(L2, T2))
(42.285713) 2965. op(rdiv(L2, T2), X) -> rdiv(X, rdiv(T2, L2))
(42.285713) 2966. rdiv(x7, ldiv(X, T2)) -> rdiv(L2, ldiv(X, T3))
(42.285713) 2967. rdiv(T2, T(x7, X)) -> rdiv(T3, T(L2, X))
(58.285717) 2968. rdiv(L2, ldiv(rdiv(T2, T(L3, X)), T3)) -> rdiv(x7, T(L3, X))
(42.285713) 2969. rdiv(op(X, x7), L2) -> rdiv(X, rdiv(L2, x7))
(42.285713) 2970. ldiv(L2, op(T2, X)) -> rdiv(X, rdiv(L2, T2))
(42.285713) 2971. R(X, rdiv(L3, T2), T2) -> X
(42.285713) 2972. rdiv(T3, T(T2, X)) -> rdiv(L2, T(x7, X))
(42.285713) 2973. rdiv(T(T3, X), T2) -> rdiv(T(L2, X), x7)
(42.428574) 2974. a(T(X, Y), T(X, Y), T(X, Y)) -> a(X, X, X)
(42.428574) 2975. T(rdiv(L2, T2), X) -> rdiv(L2, T2)
(42.428574) 2976. T(rdiv(L2, x7), X) -> rdiv(L2, x7)
(42.571426) 2977. L(X, Y, rdiv(L2, x7)) -> L(X, Y, rdiv(L2, T2))
(40.285713) 2978. ldiv(rdiv(L2, x7), X) -> rdiv(X, rdiv(L2, x7))
(41.857143) 2979. ldiv(X, op(x7, ldiv(L2, X))) -> rdiv(T2, T3)
(38.285713) 2980. op(x7, ldiv(L2, X)) -> rdiv(X, rdiv(L2, x7))
(40.285713) 2981. op(x7, ldiv(T3, X)) -> rdiv(X, rdiv(T3, x7))
(41.857143) 2982. ldiv(op(L2, ldiv(x7, X)), X) -> rdiv(T2, T3)
(37.0) 2983. op(L2, ldiv(x7, zero)) -> rdiv(L2, x7)
(38.285713) 2984. op(L2, ldiv(x7, X)) -> rdiv(X, rdiv(T2, T3))
(39.0) 2985. op(T3, ldiv(T2, zero)) -> rdiv(L2, x7)
(39.0) 2986. ldiv(L2, rdiv(L2, x7)) -> ldiv(x7, zero)
(39.0) 2987. op(T3, ldiv(x7, zero)) -> rdiv(T3, x7)
(40.285713) 2988. op(L2, ldiv(T2, X)) -> rdiv(X, rdiv(T2, L2))
(41.0) 2989. ldiv(T3, rdiv(L2, x7)) -> ldiv(T2, zero)
(41.0) 2990. ldiv(T3, rdiv(T3, x7)) -> ldiv(x7, zero)
(41.857143) 2991. ldiv(X, op(T2, ldiv(L3, X))) -> rdiv(T2, L3)
(38.285713) 2992. op(T2, ldiv(L3, X)) -> rdiv(X, rdiv(L3, T2))
(41.857143) 2993. ldiv(op(L3, ldiv(T2, X)), X) -> rdiv(T2, L3)
(37.0) 2994. op(L3, ldiv(T2, zero)) -> rdiv(L3, T2)
(38.285713) 2995. op(L3, ldiv(T2, X)) -> rdiv(X, rdiv(T2, L3))
(39.0) 2996. ldiv(L3, rdiv(L3, T2)) -> ldiv(T2, zero)
(41.0) 2997. rdiv(T3, rdiv(T2, L3)) -> rdiv(L3, rdiv(T2, T3))
(42.857143) 2998. rdiv(zero, a(X, X, X)) -> K(X, op(X, X))
(49.714287) 2999. ldiv(X, rdiv(X, a(Y, Y, Y))) -> K(Y, op(Y, Y))
(49.714287) 3000. rdiv(rdiv(X, a(Y, Y, Y)), X) -> K(Y, op(Y, Y))
(43.0) 3001. op(L2, a(T(x9, x8), x8, L2)) -> x7
(39.0) 3002. a(T(x9, x8), x8, L2) -> rdiv(T2, T3)
(37.714287) 3003. R(X, rdiv(T2, T3), Y) -> X
(37.714287) 3004. R(X, Y, rdiv(T2, T3)) -> X
(37.714287) 3005. L(X, rdiv(L2, T2), Y) -> X
(37.714287) 3006. R(X, rdiv(L2, x7), X) -> X
(37.714287) 3007. L(X, Y, rdiv(L2, T2)) -> X
(37.857143) 3008. a(X, Y, rdiv(T2, T3)) -> zero
(37.857143) 3009. a(X, rdiv(T2, T3), Y) -> zero
(37.857143) 3010. a(rdiv(T2, T3), X, Y) -> zero
(39.0) 3011. rdiv(rdiv(T2, T3), T2) -> rdiv(zero, T3)
(39.0) 3012. ldiv(L2, rdiv(L2, T2)) -> ldiv(T2, zero)
(39.857143) 3013. a(X, rdiv(L2, x7), X) -> zero
(40.285713) 3014. op(X, rdiv(L2, T2)) -> rdiv(X, rdiv(T2, L2))
(40.285713) 3015. R(X, rdiv(L2, T2), T2) -> X
(41.0) 3016. rdiv(op(L2, x10), T2) -> rdiv(x10, rdiv(T2, T3))
(43.0) 3017. op(L3, a(T(x9, x8), x8, L3)) -> T2
(39.0) 3018. a(T(x9, x8), x8, L3) -> rdiv(T2, L3)
(37.714287) 3019. L(X, rdiv(L3, T2), Y) -> X
(37.714287) 3020. R(X, rdiv(L3, T2), X) -> X
(37.714287) 3021. L(X, Y, rdiv(L3, T2)) -> X
(39.857143) 3022. a(X, rdiv(L3, T2), X) -> zero
(55.0) 3023. rdiv(L2, rdiv(rdiv(L2, x7), rdiv(T2, T3))) -> rdiv(x7, rdiv(L2, x7))
(39.0) 3024. rdiv(op(L2, T2), T3) -> x7
(43.0) 3025. rdiv(op(L2, x7), T3) -> rdiv(L2, rdiv(T3, x7))
(41.0) 3026. ldiv(x7, op(T3, T2)) -> T(T3, x10)
(51.0) 3027. op(op(T3, T2), T(x10, L3)) -> op(op(L2, T2), x10)
(43.0) 3028. rdiv(rdiv(L2, T3), T2) -> rdiv(zero, T(T2, x10))
(43.0) 3029. R(rdiv(T2, L2), rdiv(T2, L2), rdiv(T2, L2)) -> rdiv(T2, L2)
(55.0) 3030. rdiv(L3, rdiv(rdiv(L3, T2), rdiv(T2, L3))) -> rdiv(T2, rdiv(L3, T2))
(43.0) 3031. R(L2, rdiv(L3, L2), L2) -> ldiv(ldiv(L2, L3), L3)
(43.0) 3032. L(L3, rdiv(L2, L3), L3) -> rdiv(L2, rdiv(L2, L3))
(43.0) 3033. ldiv(L2, T(x10, L3)) -> ldiv(T3, x10)
(43.0) 3034. ldiv(T3, op(L3, L2)) -> rdiv(L3, rdiv(T3, L2))
(43.0) 3035. L(rdiv(x7, L3), L3, rdiv(x7, L3)) -> rdiv(x7, L3)
(40.428574) 3036. T(rdiv(x7, L3), X) -> rdiv(x7, L3)
(41.0) 3037. ldiv(L2, op(L3, T3)) -> T(L3, x10)
(43.0) 3038. rdiv(rdiv(L2, T3), L3) -> rdiv(zero, T(L3, x10))
(43.0) 3039. ldiv(rdiv(zero, L2), rdiv(T2, T3)) -> x7
(43.0) 3040. rdiv(rdiv(T2, T3), ldiv(L2, zero)) -> x7
(43.0) 3041. R(x7, rdiv(zero, L2), x7) -> T(x7, rdiv(zero, L2))
(43.0) 3042. ldiv(rdiv(zero, L3), rdiv(T2, L3)) -> T2
(43.0) 3043. rdiv(rdiv(T2, L3), ldiv(L3, zero)) -> T2
(43.0) 3044. R(T2, rdiv(zero, L3), T2) -> T(T2, rdiv(zero, L3))
(43.0) 3045. L(rdiv(L3, x7), L3, rdiv(L3, x7)) -> rdiv(L3, x7)
(40.428574) 3046. T(rdiv(L3, x7), X) -> rdiv(L3, x7)
(43.0) 3047. L(rdiv(L3, L2), L3, rdiv(L3, L2)) -> rdiv(L3, L2)
(43.0) 3048. L(L3, rdiv(x7, L3), L3) -> L3
(43.0) 3049. op(T3, rdiv(x7, L3)) -> rdiv(T3, rdiv(L3, x7))
(43.0) 3050. op(L3, rdiv(T3, L3)) -> T(T3, rdiv(L2, L3))
(43.0) 3051. rdiv(rdiv(L2, x7), T3) -> rdiv(rdiv(L2, T2), L2)
(43.0) 3052. R(x7, rdiv(T3, x7), x7) -> x7
(43.0) 3053. rdiv(rdiv(T3, x7), T3) -> rdiv(rdiv(L2, x7), L2)
(43.0) 3054. ldiv(rdiv(x7, L3), L2) -> rdiv(L3, rdiv(T2, T3))
(43.0) 3055. rdiv(L2, rdiv(x7, L3)) -> rdiv(L3, rdiv(T2, T3))
(43.0) 3056. K(L3, op(T2, T2)) -> K(L3, op(L2, T2))
(43.0) 3057. K(L3, op(L2, T2)) -> K(L3, op(L2, L2))
(42.0) 3058. T(x7, op(L3, L2)) -> L(x7, L3, T2)
(42.0) 3059. T(T3, op(L3, T2)) -> L(T3, L3, L2)
(43.0) 3060. K(L3, op(L2, L2)) -> K(L3, op(L3, L3))
(42.0) 3061. T(T2, op(L3, L3)) -> L(T2, L3, T2)
(42.0) 3062. T(x7, op(L3, L3)) -> L(x7, L3, T2)
(42.0) 3063. T(T3, op(L3, L3)) -> L(T3, L3, L2)
(43.0) 3064. rdiv(rdiv(x7, L3), L2) -> rdiv(rdiv(T2, L3), T3)
(43.0) 3065. ldiv(ldiv(x7, zero), T3) -> ldiv(ldiv(T2, zero), L2)
(43.0) 3066. ldiv(T3, ldiv(x7, zero)) -> ldiv(L2, ldiv(T2, zero))
(43.0) 3067. rdiv(op(L2, T3), x7) -> rdiv(T3, rdiv(T2, T3))
(43.0) 3068. rdiv(T3, rdiv(T2, L2)) -> rdiv(L2, rdiv(T2, T3))
(41.0) 3069. rdiv(T2, rdiv(x7, L3)) -> T(L3, x10)
(43.0) 3070. ldiv(L3, op(T3, T2)) -> rdiv(T3, rdiv(L3, T2))
(51.0) 3071. rdiv(rdiv(T3, L2), rdiv(T2, L3)) -> op(L3, ldiv(x7, zero))
(51.0) 3072. rdiv(rdiv(T2, L2), rdiv(T2, L3)) -> op(L3, ldiv(L2, zero))
(49.0) 3073. rdiv(rdiv(T3, L2), rdiv(T2, L2)) -> rdiv(L2, x7)
(51.0) 3074. rdiv(rdiv(L2, T3), rdiv(L2, x7)) -> rdiv(zero, rdiv(T3, x7))
(43.0) 3075. ldiv(L2, op(x10, T2)) -> rdiv(x10, rdiv(L2, x7))
(43.0) 3076. ldiv(L2, op(L3, x7)) -> rdiv(L3, rdiv(L2, x7))
(43.0) 3077. rdiv(op(T2, x7), L3) -> rdiv(T2, rdiv(L3, x7))
(43.0) 3078. op(x7, op(L2, x10)) -> op(T2, op(x10, L2))
(43.0) 3079. ldiv(op(T3, x10), T2) -> ldiv(op(L2, x10), x7)
(43.0) 3080. ldiv(op(x10, T2), L2) -> ldiv(op(T2, x10), T3)
(43.0) 3081. a(L2, rdiv(T2, L2), L2) -> zero
(43.0) 3082. a(L3, rdiv(x7, L3), L3) -> zero
(43.0) 3083. rdiv(T(L3, x10), T3) -> rdiv(L3, L2)
(43.0) 3084. rdiv(T3, T(L3, x10)) -> rdiv(L2, L3)
(59.0) 3085. rdiv(L2, ldiv(rdiv(T2, rdiv(L3, x7)), T3)) -> rdiv(x7, rdiv(L3, x7))
(43.0) 3086. op(x7, T(T3, x10)) -> op(T3, T2)
(43.0) 3087. ldiv(T(T3, x10), T2) -> rdiv(x7, T3)
(43.0) 3088. rdiv(T2, T(T3, x10)) -> rdiv(x7, T3)
(51.0) 3089. rdiv(op(L3, ldiv(L2, zero)), L3) -> rdiv(zero, L2)
(43.0) 3090. rdiv(x7, op(x10, L2)) -> rdiv(T2, op(L2, x10))
(53.0) 3091. rdiv(L2, rdiv(T3, rdiv(T2, T3))) -> rdiv(zero, rdiv(T3, x7))
(43.0) 3092. op(L2, rdiv(L3, L2)) -> L3
(39.0) 3093. ldiv(L2, L3) -> rdiv(L3, L2)
(43.0) 3094. rdiv(L3, rdiv(L3, T3)) -> T3
(43.0) 3095. K(L3, rdiv(L3, L2)) -> zero
(43.0) 3096. K(rdiv(L3, L2), L3) -> zero
(43.0) 3097. rdiv(x7, rdiv(L2, x7)) -> rdiv(T2, rdiv(T3, x7))
(43.0) 3098. ldiv(x7, rdiv(T3, L2)) -> ldiv(L2, rdiv(T3, x7))
(43.0) 3099. rdiv(x7, rdiv(zero, T3)) -> rdiv(T2, rdiv(zero, L2))
(43.0) 3100. ldiv(T2, rdiv(L2, T3)) -> ldiv(T3, rdiv(L2, T2))
(43.0) 3101. a(rdiv(L2, T2), rdiv(L2, T2), rdiv(L2, T2)) -> zero
(43.0) 3102. a(T2, rdiv(L2, T2), T2) -> zero
(43.0) 3103. op(L2, T(L3, x10)) -> op(L3, T3)
(43.0) 3104. ldiv(T3, T(L3, x10)) -> rdiv(L3, L2)
(43.0) 3105. op(T2, rdiv(L3, x7)) -> T(L3, x10)
(43.0) 3106. rdiv(T2, T(L3, x10)) -> rdiv(x7, L3)
(51.0) 3107. op(T(T3, x10), rdiv(x7, T3)) -> T2
(48.714287) 3108. ldiv(X, T(op(T2, X), L3)) -> op(T2, a(x7, X, T2))
(43.285713) 3109. op(L(T2, X, T2), L2) -> op(L2, L(T2, X, T2))
(43.285713) 3110. op(L(L2, X, L2), x7) -> op(x7, L(L2, X, L2))
(43.285713) 3111. R(T2, T(X, L3), T2) -> R(T2, X, T2)
(43.285713) 3112. R(x7, T(X, L3), x7) -> R(x7, X, x7)
(43.285713) 3113. op(L(L2, X, L2), L3) -> op(L3, L(L2, X, L2))
(43.285713) 3114. op(L(L3, X, L3), T2) -> op(T2, L(L3, X, L3))
(43.285713) 3115. R(X, T3, T(x10, L3)) -> R(X, L2, x10)
(43.285713) 3116. R(L2, T(X, L3), L2) -> R(L2, X, L2)
(43.285713) 3117. T(R(T3, X, T3), L3) -> R(T3, X, T3)
(43.0) 3118. R(T3, rdiv(L3, T3), T3) -> T3
(43.285713) 3119. T(L(x7, X, T2), L3) -> L(x7, X, T2)
(43.285713) 3120. rdiv(X, a(X, X, X)) -> L(X, X, X)
(43.285713) 3121. ldiv(a(X, X, X), X) -> L(X, X, X)
(43.571426) 3122. T(X, rdiv(Y, rdiv(T2, T3))) -> T(X, Y)
(43.571426) 3123. T(X, rdiv(Y, rdiv(L2, x7))) -> T(X, Y)
(43.571426) 3124. T(X, rdiv(Y, rdiv(L2, T2))) -> T(X, Y)
(43.571426) 3125. K(X, rdiv(Y, rdiv(T2, T3))) -> K(X, Y)
(43.571426) 3126. K(X, rdiv(Y, rdiv(L2, x7))) -> K(X, Y)
(43.571426) 3127. K(rdiv(X, rdiv(T2, T3)), Y) -> K(X, Y)
(43.571426) 3128. T(X, rdiv(Y, rdiv(T2, L3))) -> T(X, Y)
(40.285713) 3129. T(X, rdiv(L3, L2)) -> X
(42.428574) 3130. K(X, rdiv(L3, L2)) -> zero
(42.428574) 3131. K(rdiv(L3, L2), X) -> zero
(47.0) 3132. R(L2, rdiv(L3, L2), L2) -> L2
(43.571426) 3133. T(X, rdiv(Y, rdiv(L3, T2))) -> T(X, Y)
(43.571426) 3134. K(X, rdiv(Y, rdiv(T2, L3))) -> K(X, Y)
(43.571426) 3135. K(X, rdiv(Y, rdiv(L3, T2))) -> K(X, Y)
(43.571426) 3136. K(rdiv(X, rdiv(T2, L3)), Y) -> K(X, Y)
(43.57143) 3137. K(X, op(T2, X)) -> K(X, op(L3, X))
(43.57143) 3138. K(op(T2, X), X) -> K(op(L3, X), X)
(43.57143) 3139. K(X, op(L2, X)) -> K(X, op(L3, X))
(43.57143) 3140. K(op(L2, X), X) -> K(op(L3, X), X)
(43.714287) 3141. op(T(T2, X), T(X, L3)) -> op(T2, X)
(43.714287) 3142. op(T(x7, X), T(X, L3)) -> op(x7, X)
(43.714287) 3143. op(T(L2, X), T(X, L3)) -> op(L2, X)
(43.714287) 3144. rdiv(a(X, X, X), X) -> rdiv(zero, L(X, X, X))
(43.714287) 3145. ldiv(L(X, X, X), zero) = ldiv(X, a(X, X, X))
(43.714287) 3146. R(X, rdiv(T2, L2), X) -> X
(43.714287) 3147. L(X, rdiv(x7, L3), Y) -> X
(43.714287) 3148. T(X, rdiv(op(x7, X), L2)) -> X
(43.714287) 3149. T(X, op(T2, rdiv(X, L2))) -> X
(43.714287) 3150. T(X, rdiv(X, rdiv(T2, L2))) -> X
(43.714287) 3151. R(X, rdiv(L2, T2), X) -> X
(43.857143) 3152. ldiv(X, rdiv(L2, ldiv(X, T3))) -> rdiv(L2, T3)
(43.857143) 3153. rdiv(T(T2, X), K(L3, X)) -> T2
(43.857143) 3154. L(T(X, Y), T2, X) -> L(T(X, Y), L3, X)
(43.857143) 3155. rdiv(rdiv(X, rdiv(L2, x7)), X) -> rdiv(T2, T3)
(43.857143) 3156. rdiv(X, rdiv(X, rdiv(T2, T3))) -> rdiv(T2, T3)
(43.857143) 3157. K(rdiv(X, rdiv(L2, T2)), X) -> zero
(43.857143) 3158. rdiv(T(L2, X), K(L3, X)) -> L2
(43.857143) 3159. rdiv(rdiv(X, rdiv(L3, T2)), X) -> rdiv(T2, L3)
(43.857143) 3160. rdiv(X, rdiv(X, rdiv(T2, L3))) -> rdiv(T2, L3)
(41.714287) 3161. L(X, Y, rdiv(x7, L3)) -> X
(43.857143) 3162. rdiv(T(x7, X), K(L3, X)) -> x7
(43.857143) 3163. rdiv(T(T3, X), K(L3, X)) -> T3
(43.857143) 3164. rdiv(X, rdiv(X, rdiv(L3, T2))) -> rdiv(L3, T2)
(39.0) 3165. op(L3, ldiv(x7, zero)) -> rdiv(L3, x7)
(41.0) 3166. ldiv(L3, rdiv(L3, x7)) -> ldiv(x7, zero)
(43.857143) 3167. rdiv(rdiv(X, rdiv(T2, L3)), X) -> rdiv(L3, T2)
(39.714287) 3168. L(X, Y, rdiv(L3, x7)) -> X
(41.0) 3169. rdiv(rdiv(L3, x7), T3) -> rdiv(rdiv(L3, T2), L2)
(41.0) 3170. rdiv(T3, rdiv(L3, x7)) -> rdiv(L2, rdiv(L3, T2))
(42.285713) 3171. ldiv(rdiv(L3, x7), X) -> rdiv(X, rdiv(L3, x7))
(43.0) 3172. ldiv(T3, rdiv(L3, x7)) -> ldiv(L2, rdiv(L3, T2))
(43.857143) 3173. ldiv(X, rdiv(X, rdiv(L2, x7))) -> rdiv(T2, T3)
(39.0) 3174. rdiv(zero, rdiv(T3, x7)) -> rdiv(x7, T3)
(41.0) 3175. ldiv(rdiv(x7, T3), zero) -> rdiv(T3, x7)
(41.0) 3176. ldiv(rdiv(T3, x7), zero) -> rdiv(x7, T3)
(41.0) 3177. rdiv(zero, rdiv(x7, T3)) -> rdiv(T3, x7)
(42.285713) 3178. op(rdiv(x7, T3), X) -> ldiv(rdiv(T3, x7), X)
(42.285713) 3179. op(rdiv(T3, x7), X) -> ldiv(rdiv(x7, T3), X)
(42.285713) 3180. op(X, rdiv(x7, T3)) -> rdiv(X, rdiv(T3, x7))
(42.428574) 3181. T(rdiv(x7, T3), X) -> rdiv(x7, T3)
(42.428574) 3182. T(rdiv(T3, x7), X) -> rdiv(T3, x7)
(43.0) 3183. rdiv(rdiv(T2, T3), L2) -> rdiv(rdiv(T2, L2), T3)
(43.857143) 3184. ldiv(X, rdiv(X, rdiv(L3, T2))) -> rdiv(T2, L3)
(43.857143) 3185. K(X, rdiv(X, rdiv(L2, T2))) -> zero
(43.857143) 3186. K(rdiv(X, rdiv(T2, L2)), X) -> zero
(43.857143) 3187. K(X, rdiv(X, rdiv(T2, L2))) -> zero
(43.857143) 3188. K(rdiv(X, T2), rdiv(X, L2)) -> zero
(43.857143) 3189. K(X, rdiv(op(x7, X), L2)) -> zero
(43.857143) 3190. K(rdiv(X, L2), rdiv(X, T2)) -> zero
(43.857143) 3191. K(rdiv(op(x7, X), L2), X) -> zero
(43.857143) 3192. ldiv(op(L2, X), op(x7, X)) -> rdiv(T2, T3)
(43.857143) 3193. rdiv(T(x7, X), T(L2, X)) -> rdiv(T2, T3)
(43.857143) 3194. ldiv(X, rdiv(X, rdiv(T2, T3))) -> rdiv(L2, x7)
(43.857143) 3195. ldiv(op(L3, X), op(T2, X)) -> rdiv(T2, L3)
(43.857143) 3196. rdiv(T(T2, X), T(L3, X)) -> rdiv(T2, L3)
(43.857143) 3197. ldiv(X, rdiv(X, rdiv(T2, L3))) -> rdiv(L3, T2)
(43.857143) 3198. rdiv(X, rdiv(X, rdiv(L2, x7))) -> rdiv(L2, x7)
(43.857143) 3199. rdiv(rdiv(X, rdiv(T2, T3)), X) -> rdiv(L2, x7)
(42.428574) 3200. R(rdiv(L2, x7), X, rdiv(L2, x7)) -> rdiv(L2, x7)
(42.428574) 3201. a(rdiv(L2, x7), X, rdiv(L2, x7)) -> zero
(43.857143) 3202. K(rdiv(X, rdiv(L2, x7)), X) -> zero
(44.0) 3203. rdiv(T3, L(T3, x10, L2)) -> a(L2, x10, L2)
(44.0) 3204. T(X, rdiv(Y, R(Y, Z, Y))) -> X
(43.14286) 3205. ldiv(R(X, Y, X), X) -> rdiv(X, R(X, Y, X))
(44.0) 3206. T(L3, op(L2, L2)) -> L(L3, L3, L3)
(44.142857) 3207. rdiv(op(T3, X), T3) = rdiv(X, K(X, L3))
(44.14286) 3208. K(rdiv(X, R(X, Y, X)), X) -> zero
(44.14286) 3209. K(X, rdiv(X, R(X, Y, X))) -> zero
(62.999996) 3210. rdiv(ldiv(rdiv(X, R(X, Y, X)), zero), a(X, Y, X)) -> zero
(44.14286) 3211. K(rdiv(X, R(X, Y, X)), Z) -> zero
(44.14286) 3212. K(X, rdiv(Y, R(Y, Z, Y))) -> zero
(52.285717) 3213. rdiv(rdiv(T2, T3), rdiv(X, rdiv(L2, x7))) -> rdiv(zero, X)
(44.285713) 3214. rdiv(ldiv(X, rdiv(T2, T3)), rdiv(T2, T3)) -> ldiv(X, zero)
(44.285713) 3215. rdiv(rdiv(rdiv(T2, T3), X), rdiv(T2, T3)) -> rdiv(zero, X)
(52.285717) 3216. rdiv(rdiv(X, rdiv(L2, x7)), rdiv(T2, T3)) -> X
(52.285717) 3217. rdiv(rdiv(X, rdiv(T2, L2)), rdiv(L2, T2)) -> X
(52.285717) 3218. rdiv(rdiv(X, rdiv(L2, T2)), rdiv(T2, L2)) -> X
(52.285717) 3219. rdiv(rdiv(T2, L3), rdiv(X, rdiv(L3, T2))) -> rdiv(zero, X)
(44.285713) 3220. rdiv(ldiv(X, rdiv(T2, L3)), rdiv(T2, L3)) -> ldiv(X, zero)
(39.0) 3221. ldiv(rdiv(x7, L3), zero) -> rdiv(L3, x7)
(41.0) 3222. rdiv(zero, rdiv(L3, x7)) -> rdiv(x7, L3)
(41.0) 3223. rdiv(zero, rdiv(x7, L3)) -> rdiv(L3, x7)
(42.285713) 3224. op(X, rdiv(x7, L3)) -> rdiv(X, rdiv(L3, x7))
(42.285713) 3225. op(rdiv(x7, L3), X) -> rdiv(X, rdiv(L3, x7))
(44.285713) 3226. rdiv(rdiv(rdiv(T2, L3), X), rdiv(T2, L3)) -> rdiv(zero, X)
(52.285717) 3227. rdiv(rdiv(X, rdiv(L3, T2)), rdiv(T2, L3)) -> X
(52.285717) 3228. rdiv(rdiv(X, rdiv(T2, L3)), rdiv(L3, T2)) -> X
(44.285713) 3229. ldiv(op(x7, X), L2) -> ldiv(op(T2, X), T3)
(52.285717) 3230. rdiv(rdiv(X, rdiv(T2, T3)), rdiv(L2, x7)) -> X
(44.285713) 3231. ldiv(T(T3, X), T2) -> rdiv(T2, T(T3, X))
(44.285713) 3232. ldiv(T(x7, X), L3) -> rdiv(L3, T(x7, X))
(44.285713) 3233. ldiv(x7, T(L3, X)) -> rdiv(T(L3, X), x7)
(44.285713) 3234. ldiv(T3, T(T2, X)) -> rdiv(T(T2, X), T3)
(44.285713) 3235. op(x7, rdiv(X, rdiv(T2, T3))) -> op(L2, X)
(44.285713) 3236. rdiv(ldiv(L2, X), rdiv(T2, T3)) -> ldiv(x7, X)
(39.57143) 3237. T(X, rdiv(Y, T2)) -> T(X, rdiv(Y, L2))
(39.57143) 3238. K(X, rdiv(Y, T2)) -> K(X, rdiv(Y, L2))
(39.57143) 3239. K(rdiv(X, T2), Y) -> K(rdiv(X, L2), Y)
(42.142857) 3240. T(T2, rdiv(X, L2)) = ldiv(ldiv(T2, X), X)
(44.142857) 3241. ldiv(ldiv(x7, X), X) = T(x7, rdiv(X, L2))
(44.285713) 3242. ldiv(T2, rdiv(X, rdiv(L2, x7))) -> ldiv(T3, X)
(40.285713) 3243. op(T2, ldiv(T3, X)) -> rdiv(X, rdiv(L2, x7))
(44.285713) 3244. ldiv(rdiv(X, rdiv(L2, x7)), T2) -> ldiv(X, T3)
(40.285713) 3245. rdiv(X, rdiv(L2, x7)) = rdiv(T2, ldiv(X, T3))
(40.285713) 3246. rdiv(X, rdiv(T3, x7)) = rdiv(x7, ldiv(X, T3))
(42.285713) 3247. ldiv(rdiv(T3, x7), X) -> rdiv(X, rdiv(T3, x7))
(44.285713) 3248. rdiv(T2, ldiv(ldiv(X, L2), T3)) -> ldiv(X, x7)
(40.285713) 3249. ldiv(ldiv(X, x7), T2) -> ldiv(ldiv(X, L2), T3)
(39.0) 3250. ldiv(ldiv(L3, L2), L2) -> L3
(35.0) 3251. ldiv(L3, L2) -> rdiv(L2, L3)
(35.0) 3252. ldiv(L3, T3) -> rdiv(T3, L3)
(40.285713) 3253. ldiv(rdiv(L2, X), x7) -> rdiv(X, rdiv(L2, x7))
(41.0) 3254. rdiv(L2, rdiv(L2, L3)) -> L3
(41.0) 3255. K(rdiv(L2, L3), L3) -> zero
(41.0) 3256. K(L3, rdiv(L2, L3)) -> zero
(41.0) 3257. T(L2, rdiv(L2, L3)) -> L2
(41.0) 3258. T(T3, rdiv(L2, L3)) -> T3
(42.285713) 3259. ldiv(ldiv(X, T2), T2) -> ldiv(ldiv(X, L2), L2)
(47.0) 3260. L(rdiv(L2, L3), L3, rdiv(L2, L3)) -> rdiv(L2, L3)
(43.0) 3261. op(L3, rdiv(L2, L3)) -> L2
(43.0) 3262. op(L3, rdiv(T3, L3)) -> T3
(43.0) 3263. rdiv(T3, rdiv(T3, L3)) -> L3
(43.0) 3264. T(T2, rdiv(L2, L3)) -> T2
(43.0) 3265. T(x7, rdiv(L2, L3)) -> x7
(43.57143) 3266. K(rdiv(T2, X), X) -> K(rdiv(L2, X), X)
(59.57143) 3267. K(rdiv(L2, ldiv(X, T2)), rdiv(T2, X)) -> K(X, rdiv(L2, X))
(43.57143) 3268. K(X, rdiv(T2, X)) -> K(X, rdiv(L2, X))
(44.285713) 3269. rdiv(x7, rdiv(X, rdiv(L2, x7))) -> rdiv(L2, X)
(43.857143) 3270. K(rdiv(T2, rdiv(L2, X)), X) -> zero
(44.285713) 3271. rdiv(T2, rdiv(X, rdiv(L2, x7))) -> rdiv(T3, X)
(40.285713) 3272. ldiv(rdiv(T3, X), T2) -> rdiv(X, rdiv(L2, x7))
(42.285713) 3273. ldiv(rdiv(T3, X), x7) -> rdiv(X, rdiv(T3, x7))
(43.0) 3274. rdiv(T2, rdiv(x7, T3)) -> T(T3, x10)
(43.857143) 3275. K(rdiv(T2, rdiv(T3, X)), X) -> zero
(44.285713) 3276. rdiv(rdiv(X, L2), rdiv(T2, T3)) -> rdiv(X, x7)
(40.285713) 3277. op(x7, rdiv(X, x7)) -> op(L2, rdiv(X, L2))
(42.285713) 3278. op(x7, rdiv(X, T2)) -> op(L2, rdiv(X, T3))
(44.285713) 3279. op(rdiv(X, rdiv(T2, T3)), x7) -> op(X, L2)
(40.285713) 3280. op(ldiv(x7, X), x7) -> op(ldiv(L2, X), L2)
(42.285713) 3281. op(ldiv(T2, X), x7) -> op(ldiv(T3, X), L2)
(44.285713) 3282. rdiv(T2, ldiv(X, x7)) -> rdiv(T3, ldiv(X, L2))
(44.285713) 3283. op(T2, rdiv(X, rdiv(T2, L3))) -> op(L3, X)
(44.285713) 3284. rdiv(ldiv(L3, X), rdiv(T2, L3)) -> ldiv(T2, X)
(39.57143) 3285. K(X, rdiv(Y, L2)) -> K(X, rdiv(Y, L3))
(38.428574) 3286. K(X, rdiv(L2, L3)) -> zero
(39.57143) 3287. T(X, rdiv(Y, L2)) -> T(X, rdiv(Y, L3))
(38.285713) 3288. T(X, rdiv(L2, L3)) -> X
(39.57143) 3289. K(rdiv(X, L2), Y) -> K(rdiv(X, L3), Y)
(38.428574) 3290. K(rdiv(L2, L3), X) -> zero
(42.142857) 3291. T(L2, rdiv(X, L3)) = ldiv(ldiv(L2, X), X)
(42.285713) 3292. op(ldiv(L2, X), L2) -> op(ldiv(L3, X), L3)
(42.285713) 3293. op(L2, rdiv(X, L2)) -> op(L3, rdiv(X, L3))
(42.428574) 3294. T(rdiv(L2, L3), X) -> rdiv(L2, L3)
(44.142857) 3295. ldiv(ldiv(T3, X), X) = T(T3, rdiv(X, L3))
(44.142857) 3296. T(T2, rdiv(X, L3)) = ldiv(ldiv(T2, X), X)
(44.285713) 3297. rdiv(T(L3, X), rdiv(L3, T2)) -> T(T2, X)
(44.285713) 3298. rdiv(ldiv(T2, X), rdiv(L3, T2)) -> ldiv(L3, X)
(44.285713) 3299. op(L3, rdiv(X, rdiv(L3, T2))) -> op(T2, X)
(40.285713) 3300. op(T2, T(L3, X)) -> op(L3, T(T2, X))
(41.0) 3301. op(L2, rdiv(L3, T3)) -> rdiv(L3, rdiv(T3, L2))
(41.0) 3302. rdiv(L2, rdiv(T3, L3)) -> rdiv(L3, rdiv(T3, L2))
(43.0) 3303. L(T3, rdiv(L3, L2), L2) -> T3
(43.0) 3304. L(L2, rdiv(L3, L2), L2) -> L2
(41.0) 3305. rdiv(L3, rdiv(L3, L2)) -> L2
(44.285713) 3306. rdiv(ldiv(X, L3), rdiv(L3, T2)) -> ldiv(X, T2)
(39.57143) 3307. K(X, rdiv(T2, Y)) -> K(X, rdiv(L3, Y))
(39.57143) 3308. T(X, rdiv(T2, Y)) -> T(X, rdiv(L3, Y))
(40.285713) 3309. op(T2, ldiv(X, L3)) -> op(L3, ldiv(X, T2))
(41.57143) 3310. K(rdiv(T2, X), Y) -> K(rdiv(L3, X), Y)
(41.57143) 3311. K(X, op(Y, T2)) -> K(X, op(Y, L3))
(41.57143) 3312. T(X, op(Y, T2)) -> T(X, op(Y, L3))
(42.285713) 3313. ldiv(ldiv(X, L2), L2) -> ldiv(ldiv(X, L3), L3)
(43.57143) 3314. K(op(X, T2), Y) -> K(op(X, L3), Y)
(43.57143) 3315. K(X, op(Y, L3)) = K(X, op(T2, Y))
(43.57143) 3316. T(X, op(T2, Y)) = T(X, op(Y, L3))
(43.57143) 3317. K(rdiv(L2, X), X) -> K(rdiv(L3, X), X)
(59.57143) 3318. K(rdiv(L3, ldiv(X, L2)), rdiv(L2, X)) -> K(X, rdiv(L3, X))
(43.57143) 3319. K(X, rdiv(L2, X)) -> K(X, rdiv(L3, X))
(44.285713) 3320. rdiv(T2, rdiv(X, rdiv(L3, T2))) -> rdiv(L3, X)
(40.285713) 3321. rdiv(T2, ldiv(L3, X)) -> rdiv(L3, ldiv(T2, X))
(42.285713) 3322. rdiv(x7, ldiv(L3, X)) -> rdiv(L3, ldiv(x7, X))
(43.0) 3323. rdiv(T3, rdiv(L2, L3)) -> T(L3, x10)
(44.285713) 3324. op(rdiv(X, rdiv(T2, L3)), T2) -> op(X, L3)
(40.285713) 3325. op(ldiv(T2, X), T2) -> op(ldiv(L3, X), L3)
(44.285713) 3326. rdiv(rdiv(X, L3), rdiv(T2, L3)) -> rdiv(X, T2)
(39.0) 3327. rdiv(T(L3, x10), T2) -> rdiv(L3, x7)
(40.285713) 3328. op(T2, rdiv(X, T2)) -> op(L3, rdiv(X, L3))
(43.0) 3329. R(T2, rdiv(L3, x7), T2) -> T2
(44.285713) 3330. ldiv(T3, op(x7, X)) -> rdiv(X, rdiv(T3, x7))
(60.285717) 3331. rdiv(T2, ldiv(rdiv(T(x7, X), T2), T3)) -> ldiv(T3, T(x7, X))
(44.285713) 3332. op(rdiv(T2, L2), X) -> rdiv(X, rdiv(L2, T2))
(44.285713) 3333. rdiv(x7, T(T2, X)) -> rdiv(L2, T(T3, X))
(44.285713) 3334. R(X, rdiv(L2, x7), x7) -> X
(60.285717) 3335. ldiv(op(ldiv(L3, T(T3, X)), L3), T2) -> rdiv(T2, T(T3, X))
(44.285713) 3336. op(x7, op(T3, X)) -> op(T2, op(L2, X))
(44.285713) 3337. op(x7, T(T3, X)) -> op(T2, T(L2, X))
(44.285713) 3338. op(T3, T(x7, X)) -> op(L2, T(T2, X))
(44.285713) 3339. op(T2, T(L2, X)) -> op(L2, T(T2, X))
(44.285713) 3340. ldiv(rdiv(x7, L3), X) -> rdiv(X, rdiv(x7, L3))
(44.285713) 3341. op(rdiv(L3, x7), X) = op(X, rdiv(L3, x7))
(60.285717) 3342. T(X, rdiv(L3, rdiv(T2, op(L2, x10)))) -> T(X, op(L2, x10))
(60.285713) 3343. K(rdiv(L3, rdiv(T2, op(L2, x10))), X) -> K(op(L2, x10), X)
(60.285717) 3344. K(X, rdiv(L3, rdiv(T2, op(L2, x10)))) -> K(X, op(L2, x10))
(44.285713) 3345. op(X, rdiv(T3, x7)) -> rdiv(X, rdiv(x7, T3))
(44.285713) 3346. ldiv(rdiv(x7, T3), X) -> rdiv(X, rdiv(x7, T3))
(44.285713) 3347. op(rdiv(L3, x7), X) -> rdiv(X, rdiv(x7, L3))
(44.285713) 3348. op(X, rdiv(L3, x7)) -> rdiv(X, rdiv(x7, L3))
(44.285713) 3349. op(rdiv(L2, L3), X) = op(X, rdiv(L2, L3))
(44.285713) 3350. ldiv(rdiv(L2, L3), X) -> rdiv(X, rdiv(L2, L3))
(44.428574) 3351. R(rdiv(T2, L2), X, rdiv(T2, L2)) -> rdiv(T2, L2)
(44.428574) 3352. T(rdiv(L3, L2), X) -> rdiv(L3, L2)
(44.428574) 3353. R(rdiv(L2, T2), X, rdiv(L2, T2)) -> rdiv(L2, T2)
(44.428574) 3354. R(rdiv(L3, T2), X, rdiv(L3, T2)) -> rdiv(L3, T2)
(44.428574) 3355. a(rdiv(T2, L2), X, rdiv(T2, L2)) -> zero
(44.428574) 3356. a(rdiv(L2, T2), X, rdiv(L2, T2)) -> zero
(44.428574) 3357. a(rdiv(L3, T2), X, rdiv(L3, T2)) -> zero
(44.571426) 3358. R(X, T2, T(Y, L3)) -> R(X, T2, Y)
(44.571426) 3359. R(X, x7, T(Y, L3)) -> R(X, x7, Y)
(44.571426) 3360. R(X, L2, T(Y, L3)) -> R(X, L2, Y)
(44.571426) 3361. op(R(X, Y, X), rdiv(X, R(X, Y, X))) -> X
(70.285706) 3362. rdiv(ldiv(rdiv(rdiv(X, R(X, Y, X)), X), zero), a(X, Y, X)) -> X
(45.0) 3363. T(rdiv(T3, ldiv(x10, L2)), L3) -> x10
(45.0) 3364. rdiv(x7, T(x10, L3)) -> rdiv(T2, x10)
(45.0) 3365. rdiv(L(x7, L3, T2), x7) -> K(L3, op(L3, L3))
(44.0) 3366. rdiv(x7, L(x7, L3, T2)) -> a(L3, L3, L3)
(45.0) 3367. ldiv(T3, rdiv(T2, T3)) -> ldiv(L2, rdiv(x7, T3))
(45.0) 3368. rdiv(T3, rdiv(T2, T3)) -> rdiv(L2, rdiv(x7, T3))
(45.0) 3369. ldiv(T3, rdiv(T2, L2)) -> ldiv(L2, rdiv(T2, T3))
(45.0) 3370. rdiv(L2, T(x10, L3)) -> rdiv(T3, x10)
(41.0) 3371. R(L3, rdiv(L2, L3), L3) -> L3
(43.0) 3372. a(L3, rdiv(L2, L3), L3) -> zero
(45.0) 3373. rdiv(L(T2, L3, T2), T2) -> K(L3, op(L3, L3))
(44.0) 3374. rdiv(T2, L(T2, L3, T2)) -> a(L3, L3, L3)
(45.0) 3375. rdiv(rdiv(L2, x7), T2) -> rdiv(rdiv(L2, T2), x7)
(69.0) 3376. L(rdiv(T2, L2), L2, rdiv(rdiv(L3, rdiv(L2, T2)), L3)) -> rdiv(T2, L2)
(45.0) 3377. ldiv(rdiv(zero, L2), rdiv(T2, L2)) -> T2
(45.0) 3378. R(rdiv(zero, L2), T2, L2) -> rdiv(T2, op(L2, T2))
(45.0) 3379. rdiv(rdiv(T2, L2), ldiv(L2, zero)) -> T2
(45.0) 3380. R(T2, ldiv(L2, zero), L2) -> ldiv(ldiv(T2, zero), zero)
(45.0) 3381. R(rdiv(zero, L3), T2, L3) -> rdiv(T2, op(L3, T2))
(43.0) 3382. R(rdiv(zero, L3), T2, rdiv(zero, L3)) -> ldiv(L3, zero)
(45.0) 3383. R(T2, ldiv(L3, zero), L3) -> ldiv(ldiv(T2, zero), zero)
(45.0) 3384. ldiv(rdiv(zero, L3), rdiv(x7, L3)) -> x7
(45.0) 3385. rdiv(rdiv(x7, L3), ldiv(L3, zero)) -> x7
(45.0) 3386. R(x7, rdiv(zero, L3), x7) -> T(x7, rdiv(zero, L3))
(44.0) 3387. rdiv(T2, a(L3, L3, L3)) -> L(T2, L3, T2)
(44.0) 3388. rdiv(x7, a(L3, L3, L3)) -> L(x7, L3, T2)
(44.0) 3389. rdiv(L2, a(L3, L3, L3)) -> L(L2, L3, L2)
(45.0) 3390. rdiv(L(L2, L3, L2), L2) -> K(L3, op(L3, L3))
(44.0) 3391. rdiv(L2, L(L2, L3, L2)) -> a(L3, L3, L3)
(45.0) 3392. ldiv(x7, L(x7, L3, T2)) -> K(L3, op(L3, L3))
(44.0) 3393. ldiv(L(x7, L3, T2), x7) -> a(L3, L3, L3)
(45.0) 3394. rdiv(rdiv(T3, x7), T2) -> rdiv(rdiv(L2, x7), x7)
(69.0) 3395. L(rdiv(L2, T2), T2, rdiv(rdiv(L3, rdiv(T2, L2)), L3)) -> rdiv(L2, T2)
(45.0) 3396. R(x7, rdiv(L3, x7), x7) -> x7
(45.0) 3397. rdiv(rdiv(L3, x7), T2) -> rdiv(rdiv(L3, T2), x7)
(45.0) 3398. R(rdiv(zero, L2), T2, rdiv(zero, L2)) -> ldiv(L2, zero)
(45.0) 3399. rdiv(rdiv(L2, T3), rdiv(T2, T3)) -> rdiv(L2, T2)
(45.0) 3400. T(x7, rdiv(zero, L3)) -> ldiv(ldiv(x7, zero), zero)
(45.0) 3401. rdiv(T3, ldiv(op(x10, x7), L2)) -> op(x10, T2)
(41.0) 3402. ldiv(op(x10, x7), L2) -> ldiv(op(x10, T2), T3)
(45.0) 3403. rdiv(x7, ldiv(T3, zero)) -> rdiv(T2, ldiv(L2, zero))
(45.0) 3404. rdiv(rdiv(L2, T3), rdiv(L3, T2)) -> rdiv(x7, L3)
(61.0) 3405. rdiv(rdiv(T(T2, x10), rdiv(T2, L2)), rdiv(T2, L2)) -> rdiv(L2, rdiv(T2, T3))
(51.0) 3406. rdiv(op(L3, T(T2, x10)), L3) -> T(T2, x10)
(45.0) 3407. T(x10, rdiv(op(T2, x10), L3)) -> x10
(45.0) 3408. K(L3, rdiv(op(x7, x7), L3)) -> zero
(43.0) 3409. ldiv(L3, op(x7, x7)) -> rdiv(op(x7, x7), L3)
(45.0) 3410. K(rdiv(op(x7, x7), L3), L3) -> zero
(45.0) 3411. rdiv(op(L3, T3), T(L3, x10)) -> L2
(42.285713) 3412. op(T3, T(L3, X)) -> op(L3, T(T3, X))
(45.0) 3413. K(rdiv(L2, rdiv(L3, T2)), L3) -> zero
(53.0) 3414. T(rdiv(L2, rdiv(T3, x7)), L3) -> rdiv(L2, rdiv(T3, x7))
(45.0) 3415. ldiv(op(T3, T2), T2) -> ldiv(op(L2, T2), x7)
(45.0) 3416. ldiv(T3, op(L3, T2)) -> rdiv(L3, rdiv(L2, x7))
(45.0) 3417. op(T3, op(x10, T2)) -> op(L2, op(T2, x10))
(45.0) 3418. ldiv(L2, op(L3, T2)) -> rdiv(L3, rdiv(L2, T2))
(45.0) 3419. rdiv(rdiv(L2, T3), rdiv(L2, T2)) -> rdiv(T2, T3)
(45.0) 3420. rdiv(rdiv(L2, x7), ldiv(x7, zero)) -> L2
(41.57143) 3421. K(X, op(Y, L2)) -> K(X, op(Y, L3))
(43.57143) 3422. T(X, op(Y, L2)) -> T(X, op(Y, L3))
(43.57143) 3423. K(op(X, L2), Y) -> K(op(X, L3), Y)
(43.57143) 3424. K(X, op(Y, L3)) = K(X, op(L2, Y))
(45.0) 3425. R(ldiv(x7, zero), L2, ldiv(x7, zero)) -> T(ldiv(x7, zero), L3)
(53.0) 3426. op(ldiv(L3, rdiv(L2, x7)), L3) -> op(ldiv(T2, zero), T3)
(45.0) 3427. rdiv(ldiv(x7, zero), T3) -> rdiv(ldiv(T2, zero), L2)
(45.0) 3428. op(x7, ldiv(L3, rdiv(T3, L2))) -> rdiv(T2, L3)
(45.0) 3429. ldiv(rdiv(L3, rdiv(T2, T3)), T3) -> rdiv(T2, L3)
(45.0) 3430. rdiv(rdiv(L3, T2), ldiv(T2, zero)) -> L3
(45.0) 3431. R(ldiv(T2, zero), L3, ldiv(T2, zero)) -> T(ldiv(T2, zero), L3)
(45.0) 3432. op(L3, rdiv(op(x10, x7), L3)) -> op(x10, T2)
(40.285713) 3433. K(op(T2, x10), X) -> K(op(L3, x10), X)
(41.0) 3434. ldiv(L3, op(x10, T2)) -> rdiv(op(x10, x7), L3)
(42.0) 3435. T(x7, op(L3, x10)) -> L(T2, x10, T2)
(42.285713) 3436. T(X, op(T2, x10)) -> T(X, op(L3, x10))
(42.285713) 3437. K(X, op(T2, x10)) -> K(X, op(L3, x10))
(45.0) 3438. R(rdiv(zero, T3), T2, rdiv(zero, T3)) -> ldiv(T3, zero)
(41.0) 3439. a(L2, rdiv(L3, L2), L2) -> zero
(45.0) 3440. R(rdiv(zero, L2), x7, T3) -> rdiv(T2, op(L2, T2))
(45.0) 3441. R(ldiv(L2, zero), x7, ldiv(L2, zero)) -> T(ldiv(L2, zero), L3)
(45.0) 3442. a(x7, rdiv(zero, L2), x7) -> K(L3, rdiv(zero, L3))
(45.0) 3443. a(T2, rdiv(zero, L3), T2) -> K(L3, rdiv(zero, L3))
(45.0) 3444. a(x7, rdiv(T3, x7), x7) -> zero
(45.0) 3445. ldiv(T3, rdiv(T2, L3)) -> ldiv(L2, rdiv(x7, L3))
(45.0) 3446. ldiv(T(L3, x10), T3) -> rdiv(L2, L3)
(53.0) 3447. ldiv(ldiv(T(T3, x10), L3), L3) -> T(T3, x10)
(45.0) 3448. ldiv(rdiv(zero, T3), x7) -> ldiv(rdiv(zero, L2), T2)
(45.0) 3449. op(T3, rdiv(L3, L2)) -> T(L3, x10)
(45.0) 3450. op(x7, T(L3, x10)) -> op(L3, T2)
(41.0) 3451. ldiv(op(L2, x7), L2) -> ldiv(op(L2, T2), T3)
(45.0) 3452. a(T3, rdiv(L3, T3), T3) -> zero
(45.0) 3453. a(rdiv(x7, T3), rdiv(x7, T3), rdiv(x7, T3)) -> zero
(45.0) 3454. a(rdiv(T3, x7), rdiv(T3, x7), rdiv(T3, x7)) -> zero
(45.0) 3455. a(rdiv(x7, L3), rdiv(x7, L3), rdiv(x7, L3)) -> zero
(45.0) 3456. ldiv(T2, rdiv(x7, T3)) -> ldiv(T3, rdiv(L2, T3))
(45.0) 3457. rdiv(x7, rdiv(L2, L3)) -> rdiv(L3, rdiv(L2, x7))
(53.0) 3458. op(ldiv(L3, T(x10, L3)), L3) -> op(ldiv(T3, x10), L2)
(45.0) 3459. a(rdiv(L2, L3), rdiv(L2, L3), rdiv(L2, L3)) -> zero
(45.0) 3460. L(x7, rdiv(L2, L3), T2) -> x7
(45.0) 3461. op(T2, rdiv(L2, L3)) -> rdiv(L2, rdiv(L3, T2))
(45.0) 3462. op(T3, rdiv(L2, L3)) -> op(L2, rdiv(T3, L3))
(45.0) 3463. R(rdiv(L3, x7), T2, rdiv(L3, x7)) -> rdiv(L3, x7)
(45.0) 3464. a(T2, rdiv(L3, x7), T2) -> zero
(45.0) 3465. R(L3, rdiv(T3, L3), L3) -> L3
(45.0) 3466. a(rdiv(L3, x7), T2, rdiv(L3, x7)) -> zero
(45.285713) 3467. op(L2, a(T3, X, L2)) -> R(L2, X, L2)
(39.285713) 3468. a(T3, X, L2) -> a(L2, X, L2)
(45.285713) 3469. T(R(T2, X, T2), L3) -> R(T2, X, T2)
(45.285713) 3470. T(R(x7, X, x7), L3) -> R(x7, X, x7)
(45.285713) 3471. op(L(L2, X, L2), T2) -> op(T2, L(L2, X, L2))
(45.285713) 3472. T(R(L2, X, L2), L3) -> R(L2, X, L2)
(45.285713) 3473. T(L(T3, X, L2), L3) -> L(T3, X, L2)
(45.285713) 3474. op(L(L3, X, L3), L2) -> op(L2, L(L3, X, L3))
(45.285713) 3475. op(L(L3, X, L3), x7) -> op(x7, L(L3, X, L3))
(45.285713) 3476. op(rdiv(zero, X), R(X, Y, X)) -> a(X, Y, X)
(45.285713) 3477. op(R(x7, X, x7), T2) -> op(T2, R(x7, X, x7))
(45.285713) 3478. R(L3, ldiv(T2, X), L3) -> R(L3, rdiv(X, T2), L3)
(45.285713) 3479. R(L3, ldiv(x7, X), L3) -> R(L3, rdiv(X, x7), L3)
(45.285713) 3480. R(L3, ldiv(L2, X), L3) -> R(L3, rdiv(X, L2), L3)
(45.285713) 3481. R(X, T2, ldiv(L2, zero)) -> R(X, T2, rdiv(zero, L2))
(45.285713) 3482. R(X, T2, ldiv(L3, zero)) -> R(X, T2, rdiv(zero, L3))
(45.285713) 3483. op(L(T2, X, T2), L3) -> op(L3, L(T2, X, T2))
(45.285713) 3484. a(T2, T(X, L3), T2) -> a(T2, X, T2)
(45.285713) 3485. a(x7, T(X, L3), x7) -> a(x7, X, x7)
(45.285713) 3486. a(L2, T(X, L3), L2) -> a(L2, X, L2)
(45.285713) 3487. op(L(T2, X, T2), T3) -> op(T3, L(T2, X, T2))
(45.428574) 3488. rdiv(R(X, Y, X), a(X, Y, X)) -> X
(45.571426) 3489. rdiv(T(T2, X), K(X, L3)) -> T(T(T2, X), X)
(45.571426) 3490. rdiv(X, T(ldiv(T2, X), L3)) -> ldiv(ldiv(T2, X), X)
(45.571426) 3491. T(op(ldiv(X, T2), X), L3) -> op(ldiv(X, T2), X)
(45.571426) 3492. T(op(X, rdiv(T2, X)), L3) -> op(X, rdiv(T2, X))
(45.571426) 3493. ldiv(op(X, T2), T(X, L3)) -> ldiv(op(T2, X), X)
(45.571426) 3494. rdiv(T(x7, X), K(X, L3)) -> T(T(x7, X), X)
(45.0) 3495. T(x7, rdiv(op(x7, x7), L3)) -> x7
(45.571426) 3496. rdiv(X, T(ldiv(x7, X), L3)) -> ldiv(ldiv(x7, X), X)
(40.142857) 3497. ldiv(ldiv(x7, X), X) = T(x7, rdiv(X, L3))
(45.571426) 3498. T(op(ldiv(X, x7), X), L3) -> op(ldiv(X, x7), X)
(45.571426) 3499. T(op(X, rdiv(x7, X)), L3) -> op(X, rdiv(x7, X))
(45.571426) 3500. ldiv(op(X, x7), T(X, L3)) -> ldiv(op(x7, X), X)
(45.571426) 3501. T(X, rdiv(rdiv(T2, T3), Y)) -> T(X, rdiv(zero, Y))
(45.571426) 3502. K(rdiv(rdiv(T2, T3), X), X) -> K(rdiv(zero, X), X)
(45.571426) 3503. K(X, rdiv(rdiv(T2, T3), Y)) -> K(X, rdiv(zero, Y))
(45.571426) 3504. K(X, rdiv(op(Y, x7), L3)) -> K(X, Y)
(45.571426) 3505. K(rdiv(op(X, x7), L3), Y) -> K(X, Y)
(45.571426) 3506. K(rdiv(rdiv(T2, T3), X), Y) -> K(rdiv(zero, X), Y)
(45.571426) 3507. rdiv(T(L2, X), K(X, L3)) -> T(T(L2, X), X)
(45.571426) 3508. rdiv(X, T(ldiv(L2, X), L3)) -> ldiv(ldiv(L2, X), X)
(45.571426) 3509. T(op(ldiv(X, L2), X), L3) -> op(ldiv(X, L2), X)
(45.571426) 3510. T(op(X, rdiv(L2, X)), L3) -> op(X, rdiv(L2, X))
(45.571426) 3511. ldiv(op(X, L2), T(X, L3)) -> ldiv(op(L2, X), X)
(45.571426) 3512. T(X, rdiv(rdiv(T2, L3), Y)) -> T(X, rdiv(zero, Y))
(45.571426) 3513. K(rdiv(rdiv(T2, L3), X), X) -> K(rdiv(zero, X), X)
(45.571426) 3514. K(X, rdiv(rdiv(T2, L3), Y)) -> K(X, rdiv(zero, Y))
(45.571426) 3515. K(rdiv(X, rdiv(L3, T2)), Y) -> K(X, Y)
(45.571426) 3516. K(rdiv(rdiv(T2, L3), X), Y) -> K(rdiv(zero, X), Y)
(45.571426) 3517. T(X, rdiv(op(Y, x7), L3)) -> T(X, Y)
(45.571426) 3518. T(X, rdiv(Y, rdiv(T2, L2))) -> T(X, Y)
(45.571426) 3519. K(rdiv(X, rdiv(L2, x7)), Y) -> K(X, Y)
(45.571426) 3520. T(X, rdiv(Y, rdiv(T3, x7))) -> T(X, Y)
(45.571426) 3521. K(X, rdiv(Y, rdiv(L2, T2))) -> K(X, Y)
(45.571426) 3522. K(rdiv(X, rdiv(L2, T2)), Y) -> K(X, Y)
(45.571426) 3523. K(X, rdiv(Y, rdiv(T2, L2))) -> K(X, Y)
(45.571426) 3524. K(X, rdiv(Y, rdiv(T3, x7))) -> K(X, Y)
(45.571426) 3525. K(rdiv(X, rdiv(T2, L2)), Y) -> K(X, Y)
(53.571426) 3526. K(X, rdiv(zero, ldiv(Y, rdiv(T2, L3)))) -> K(X, Y)
(45.571426) 3527. T(X, op(Y, rdiv(L3, L2))) -> T(X, Y)
(41.714287) 3528. L(X, rdiv(L3, L2), X) -> X
(45.0) 3529. R(rdiv(L3, L2), rdiv(L3, L2), rdiv(L3, L2)) -> rdiv(L3, L2)
(45.0) 3530. ldiv(rdiv(L3, L2), zero) -> rdiv(zero, rdiv(L3, L2))
(45.0) 3531. L(x7, rdiv(L3, L2), T2) -> x7
(45.0) 3532. a(rdiv(L3, L2), rdiv(L3, L2), rdiv(L3, L2)) -> zero
(45.571426) 3533. T(X, rdiv(L3, rdiv(L2, Y))) -> T(X, Y)
(41.57143) 3534. T(X, rdiv(L2, Y)) -> T(X, rdiv(L3, Y))
(42.285713) 3535. ldiv(rdiv(L2, X), L3) -> rdiv(L3, ldiv(X, L2))
(43.57143) 3536. K(X, rdiv(L2, Y)) -> K(X, rdiv(L3, Y))
(43.57143) 3537. K(rdiv(L2, X), Y) -> K(rdiv(L3, X), Y)
(44.285713) 3538. ldiv(T(L2, X), L3) -> rdiv(L3, T(L2, X))
(44.285713) 3539. ldiv(rdiv(T3, X), L3) -> rdiv(L3, ldiv(X, T3))
(44.285713) 3540. ldiv(T(T3, X), L3) -> rdiv(L3, T(T3, X))
(45.571426) 3541. K(X, rdiv(L3, rdiv(L2, Y))) -> K(X, Y)
(45.571426) 3542. T(X, rdiv(L3, rdiv(T3, Y))) -> T(X, Y)
(42.285713) 3543. T(X, op(L2, x10)) -> T(X, op(L3, x10))
(44.0) 3544. T(L2, op(L3, x10)) -> L(T3, x10, L2)
(44.285713) 3545. K(X, op(L2, x10)) -> K(X, op(L3, x10))
(44.285713) 3546. K(op(L2, x10), X) -> K(op(L3, x10), X)
(45.571426) 3547. K(X, rdiv(L3, rdiv(T3, Y))) -> K(X, Y)
(45.571426) 3548. T(X, rdiv(Y, rdiv(L3, x7))) -> T(X, Y)
(45.571426) 3549. T(X, rdiv(Y, rdiv(x7, L3))) -> T(X, Y)
(45.571426) 3550. K(X, rdiv(Y, rdiv(L3, x7))) -> K(X, Y)
(61.57143) 3551. T(X, op(T2, rdiv(Y, rdiv(x7, T3)))) -> T(X, op(Y, L3))
(45.57143) 3552. K(op(X, L3), Y) = K(op(T2, X), Y)
(45.57143) 3553. K(X, op(T2, Y)) -> K(X, op(L3, Y))
(61.57143) 3554. K(X, rdiv(L3, ldiv(op(T2, Y), L2))) -> K(X, op(Y, L3))
(61.57143) 3555. K(X, rdiv(L3, ldiv(op(Y, L3), L2))) -> K(X, op(Y, L3))
(45.57143) 3556. T(X, op(T2, Y)) -> T(X, op(L3, Y))
(61.57143) 3557. T(X, op(L3, rdiv(L3, rdiv(T2, Y)))) -> T(X, op(Y, L3))
(61.57143) 3558. T(X, rdiv(L3, ldiv(op(T2, Y), L2))) -> T(X, op(Y, L3))
(61.57143) 3559. T(X, rdiv(L3, ldiv(op(Y, L3), L2))) -> T(X, op(Y, L3))
(45.57143) 3560. T(X, op(L2, Y)) = T(X, op(Y, L3))
(45.57143) 3561. K(op(X, L3), Y) = K(op(L2, X), Y)
(45.57143) 3562. K(X, op(L2, Y)) -> K(X, op(L3, Y))
(61.57143) 3563. K(X, rdiv(L3, ldiv(op(L2, Y), L2))) -> K(X, op(Y, L3))
(45.714287) 3564. L(op(X, a(x10, T3, X)), L2, x10) -> X
(45.714287) 3565. L(op(X, a(x7, x10, X)), x10, T2) -> X
(41.0) 3566. L(R(x7, x10, T2), x10, T2) -> x7
(45.714287) 3567. rdiv(op(X, x7), K(X, L3)) -> op(x7, X)
(45.714287) 3568. op(rdiv(X, K(X, L3)), x7) -> op(x7, X)
(45.714287) 3569. rdiv(op(X, T2), K(X, L3)) -> op(T2, X)
(45.714287) 3570. op(rdiv(X, K(X, L3)), T2) -> op(T2, X)
(45.714287) 3571. T(rdiv(X, rdiv(T2, T3)), X) -> rdiv(X, rdiv(T2, T3))
(43.714287) 3572. T(X, op(X, rdiv(L3, T3))) -> X
(45.0) 3573. R(rdiv(L3, T3), rdiv(L3, T3), rdiv(L3, T3)) -> rdiv(L3, T3)
(45.0) 3574. a(rdiv(L3, T3), rdiv(L3, T3), rdiv(L3, T3)) -> zero
(45.714287) 3575. T(rdiv(X, rdiv(L2, x7)), X) -> rdiv(X, rdiv(L2, x7))
(45.714287) 3576. rdiv(op(X, L2), K(X, L3)) -> op(L2, X)
(45.714287) 3577. op(rdiv(X, K(X, L3)), L2) -> op(L2, X)
(45.714287) 3578. rdiv(op(X, T3), K(X, L3)) -> op(T3, X)
(45.714287) 3579. T(rdiv(X, rdiv(T2, L3)), X) -> rdiv(X, rdiv(T2, L3))
(45.714287) 3580. T(rdiv(X, rdiv(L3, T2)), X) -> rdiv(X, rdiv(L3, T2))
(45.714287) 3581. T(X, rdiv(rdiv(T2, L3), X)) -> ldiv(ldiv(X, zero), zero)
(46.285713) 3582. op(L3, rdiv(op(X, x7), L3)) -> op(x7, X)
(42.285713) 3583. ldiv(L3, op(x7, X)) -> rdiv(op(X, x7), L3)
(44.285713) 3584. ldiv(L3, op(L2, X)) -> rdiv(op(X, L2), L3)
(45.714287) 3585. T(op(X, x7), op(X, L3)) -> op(X, x7)
(46.285713) 3586. op(L3, rdiv(op(X, L2), L3)) -> op(L2, X)
(45.714287) 3587. rdiv(X, rdiv(T2, T(T3, X))) -> rdiv(op(L2, X), x7)
(45.714287) 3588. rdiv(X, rdiv(T2, T(L3, X))) -> rdiv(op(L3, X), T2)
(45.714287) 3589. T(rdiv(X, x7), rdiv(X, L3)) -> rdiv(X, x7)
(45.714287) 3590. T(rdiv(X, T2), rdiv(X, L3)) -> rdiv(X, T2)
(45.714287) 3591. T(X, rdiv(rdiv(T2, T3), X)) -> ldiv(ldiv(X, zero), zero)
(45.714287) 3592. T(op(x7, X), op(X, L3)) -> op(x7, X)
(45.714287) 3593. R(X, rdiv(x7, L3), X) -> X
(45.714287) 3594. T(X, op(L3, rdiv(X, L2))) -> X
(45.714287) 3595. T(ldiv(x7, X), rdiv(X, L3)) -> ldiv(x7, X)
(45.714287) 3596. T(X, rdiv(op(T2, X), L3)) -> X
(69.71429) 3597. T(rdiv(T(rdiv(X, L2), rdiv(X, L3)), rdiv(T2, T3)), rdiv(X, L3)) -> rdiv(X, x7)
(45.714287) 3598. T(ldiv(T2, X), rdiv(X, L3)) -> ldiv(T2, X)
(45.714287) 3599. T(X, rdiv(op(L2, X), L3)) -> X
(45.714287) 3600. T(X, rdiv(op(X, x7), L3)) -> X
(45.714287) 3601. T(X, rdiv(op(x7, X), L3)) -> X
(45.714287) 3602. T(ldiv(X, T2), rdiv(L3, X)) -> ldiv(X, T2)
(45.714287) 3603. T(X, rdiv(L3, rdiv(T2, X))) -> X
(45.714287) 3604. T(X, rdiv(L3, ldiv(X, x7))) -> X
(45.714287) 3605. T(ldiv(L2, X), rdiv(X, L3)) -> ldiv(L2, X)
(45.714287) 3606. T(X, op(L3, rdiv(X, T3))) -> X
(45.857143) 3607. rdiv(K(L3, X), T(T2, X)) -> rdiv(zero, T2)
(45.857143) 3608. ldiv(T(T2, X), K(L3, X)) -> ldiv(T2, zero)
(45.857143) 3609. rdiv(rdiv(X, rdiv(L2, T2)), X) -> rdiv(T2, L2)
(45.857143) 3610. rdiv(X, rdiv(X, rdiv(T2, L2))) -> rdiv(T2, L2)
(45.857143) 3611. rdiv(K(L3, X), T(L2, X)) -> rdiv(zero, L2)
(45.857143) 3612. ldiv(T(L2, X), K(L3, X)) -> ldiv(L2, zero)
(45.857143) 3613. rdiv(K(L3, X), T(x7, X)) -> rdiv(zero, x7)
(45.857143) 3614. ldiv(T(x7, X), K(L3, X)) -> ldiv(x7, zero)
(45.857143) 3615. a(L(X, Y, X), L(X, Y, X), L(X, Y, X)) -> a(X, X, X)
(45.857143) 3616. rdiv(op(X, T3), T(X, L3)) -> T3
(45.857143) 3617. rdiv(X, op(T3, ldiv(T2, X))) -> rdiv(T2, T3)
(42.285713) 3618. op(T3, ldiv(T2, X)) -> rdiv(X, rdiv(T2, T3))
(45.857143) 3619. rdiv(op(X, T2), op(X, T3)) -> rdiv(T2, T3)
(45.857143) 3620. rdiv(op(X, T2), op(X, L3)) -> rdiv(T2, L3)
(61.85714) 3621. rdiv(L3, rdiv(rdiv(L3, T2), a(X, Y, Z))) -> op(T2, a(X, Y, Z))
(61.85714) 3622. rdiv(T2, rdiv(rdiv(T2, L3), a(X, Y, Z))) -> op(L3, a(X, Y, Z))
(61.85714) 3623. rdiv(T2, rdiv(rdiv(T2, L2), a(X, Y, Z))) -> op(L2, a(X, Y, Z))
(61.85714) 3624. rdiv(x7, rdiv(rdiv(T2, T3), a(X, Y, Z))) -> op(L2, a(X, Y, Z))
(61.85714) 3625. rdiv(L2, rdiv(rdiv(L2, x7), a(X, Y, Z))) -> op(x7, a(X, Y, Z))
(45.857143) 3626. ldiv(X, rdiv(X, rdiv(L2, T2))) -> rdiv(T2, L2)
(45.857143) 3627. rdiv(X, rdiv(X, rdiv(L2, T2))) -> rdiv(L2, T2)
(45.857143) 3628. a(X, rdiv(T2, L2), X) -> zero
(45.857143) 3629. K(X, op(X, rdiv(L3, L2))) -> zero
(45.857143) 3630. a(X, rdiv(L2, T2), X) -> zero
(45.857143) 3631. ldiv(rdiv(T3, X), rdiv(L2, X)) -> rdiv(L2, T3)
(45.857143) 3632. ldiv(T(L2, X), T(x7, X)) -> rdiv(T2, T3)
(45.857143) 3633. rdiv(T(x7, X), T(T3, X)) -> rdiv(x7, T3)
(45.857143) 3634. ldiv(T(L3, X), T(T2, X)) -> rdiv(T2, L3)
(45.857143) 3635. K(rdiv(X, rdiv(T3, x7)), X) -> zero
(45.857143) 3636. ldiv(ldiv(x7, X), ldiv(L2, X)) -> rdiv(T2, T3)
(45.857143) 3637. ldiv(ldiv(L2, X), ldiv(x7, X)) -> rdiv(L2, x7)
(45.857143) 3638. rdiv(ldiv(L2, X), ldiv(x7, X)) -> rdiv(T2, T3)
(45.857143) 3639. rdiv(ldiv(x7, X), ldiv(L2, X)) -> rdiv(L2, x7)
(45.857143) 3640. K(X, rdiv(op(T2, X), L3)) -> zero
(45.857143) 3641. K(rdiv(op(T2, X), L3), X) -> zero
(45.857143) 3642. K(X, rdiv(L3, ldiv(X, T3))) -> zero
(45.857143) 3643. K(rdiv(L3, ldiv(X, T3)), X) -> zero
(45.857143) 3644. K(rdiv(L3, rdiv(L2, X)), X) -> zero
(45.857143) 3645. K(rdiv(L3, ldiv(X, L2)), X) -> zero
(45.857143) 3646. K(rdiv(L3, rdiv(T3, X)), X) -> zero
(61.857143) 3647. K(rdiv(L3, ldiv(X, T3)), rdiv(L3, ldiv(X, L2))) -> zero
(45.857143) 3648. ldiv(rdiv(X, x7), rdiv(X, L2)) -> rdiv(T2, T3)
(45.857143) 3649. ldiv(rdiv(X, L2), rdiv(X, x7)) -> rdiv(L2, x7)
(45.857143) 3650. rdiv(rdiv(X, L2), rdiv(X, x7)) -> rdiv(T2, T3)
(45.857143) 3651. rdiv(rdiv(X, x7), rdiv(X, L2)) -> rdiv(L2, x7)
(45.857143) 3652. ldiv(ldiv(T2, X), ldiv(L3, X)) -> rdiv(T2, L3)
(45.857143) 3653. ldiv(ldiv(L3, X), ldiv(T2, X)) -> rdiv(L3, T2)
(45.857143) 3654. rdiv(ldiv(L3, X), ldiv(T2, X)) -> rdiv(T2, L3)
(45.857143) 3655. rdiv(ldiv(T2, X), ldiv(L3, X)) -> rdiv(L3, T2)
(45.857143) 3656. K(X, rdiv(op(L2, X), L3)) -> zero
(45.857143) 3657. K(X, rdiv(op(X, x7), L3)) -> zero
(45.857143) 3658. K(X, rdiv(op(x7, X), L3)) -> zero
(45.857143) 3659. K(rdiv(op(L2, X), L3), X) -> zero
(45.857143) 3660. K(rdiv(op(X, x7), L3), X) -> zero
(45.857143) 3661. K(rdiv(op(x7, X), L3), X) -> zero
(45.857143) 3662. ldiv(T(T2, X), T(L3, X)) -> rdiv(L3, T2)
(45.857143) 3663. rdiv(T(L3, X), T(T2, X)) -> rdiv(L3, T2)
(45.857143) 3664. ldiv(ldiv(X, T2), ldiv(X, L3)) -> rdiv(L3, T2)
(45.857143) 3665. ldiv(ldiv(X, L3), ldiv(X, T2)) -> rdiv(T2, L3)
(45.857143) 3666. rdiv(ldiv(X, L3), ldiv(X, T2)) -> rdiv(L3, T2)
(45.857143) 3667. rdiv(ldiv(X, T2), ldiv(X, L3)) -> rdiv(T2, L3)
(45.857143) 3668. K(X, rdiv(L3, rdiv(T2, X))) -> zero
(45.857143) 3669. K(X, rdiv(L3, rdiv(x7, X))) -> zero
(45.857143) 3670. L(X, rdiv(T2, X), X) -> L(X, rdiv(L3, X), X)
(45.857143) 3671. ldiv(rdiv(X, T2), rdiv(X, L3)) -> rdiv(T2, L3)
(45.857143) 3672. ldiv(rdiv(X, L3), rdiv(X, T2)) -> rdiv(L3, T2)
(45.857143) 3673. rdiv(rdiv(X, L3), rdiv(X, T2)) -> rdiv(T2, L3)
(45.857143) 3674. rdiv(rdiv(X, T2), rdiv(X, L3)) -> rdiv(L3, T2)
(45.857143) 3675. K(X, rdiv(X, rdiv(x7, T3))) -> zero
(45.857143) 3676. K(rdiv(X, rdiv(L3, x7)), X) -> zero
(45.857143) 3677. K(X, rdiv(X, rdiv(x7, L3))) -> zero
(45.857143) 3678. K(X, op(X, rdiv(L3, T3))) -> zero
(45.857143) 3679. K(op(X, rdiv(L3, T3)), X) -> zero
(46.0) 3680. T(R(x7, x10, T2), L3) -> R(x7, x10, T2)
(46.0) 3681. T(R(T3, x10, L2), L3) -> R(T3, x10, L2)
(46.0) 3682. R(T2, ldiv(L2, zero), T2) -> R(T2, rdiv(zero, L2), T2)
(45.0) 3683. R(T2, ldiv(L3, zero), T2) -> ldiv(ldiv(T2, zero), zero)
(45.0) 3684. a(T3, rdiv(zero, L2), T3) -> K(L3, rdiv(zero, L3))
(46.0) 3685. a(x7, rdiv(zero, T2), x7) -> a(x7, rdiv(zero, T2), T2)
(66.0) 3686. K(op(L2, op(x10, op(L2, x10))), op(L3, x10)) -> a(op(T3, x10), op(T3, x10), op(T3, x10))
(46.0) 3687. op(L(x7, L3, T2), x7) -> op(x7, L(x7, L3, T2))
(46.0) 3688. ldiv(L(x7, L3, T2), T2) -> rdiv(T3, L(L2, L3, L2))
(46.0) 3689. rdiv(T3, a(L3, L3, L3)) -> L(T3, L3, L2)
(46.0) 3690. a(L2, ldiv(T3, zero), L2) -> a(L2, rdiv(zero, T3), L2)
(46.0) 3691. a(T2, ldiv(L2, zero), T2) -> a(T2, rdiv(zero, L2), T2)
(45.0) 3692. a(T2, ldiv(L3, zero), T2) -> K(L3, rdiv(zero, L3))
(46.0) 3693. rdiv(T3, a(L2, x10, L2)) -> L(T3, x10, L2)
(54.0) 3694. ldiv(ldiv(L(T3, x10, L2), L3), L3) -> L(T3, x10, L2)
(66.0) 3695. L(T(T3, rdiv(L3, L(T3, x10, L2))), x10, L2) -> L(T3, x10, L2)
(46.0) 3696. rdiv(L2, a(L2, x10, L2)) -> L(L2, x10, L2)
(46.0) 3697. rdiv(L2, L(L2, x10, L2)) -> a(L2, x10, L2)
(46.0) 3698. ldiv(L(L2, L3, L2), x7) -> rdiv(T2, L(T3, L3, L2))
(46.142857) 3699. ldiv(X, T(T3, X)) = ldiv(T(X, L3), T3)
(46.285713) 3700. op(X, a(Y, rdiv(zero, Y), X)) -> ldiv(ldiv(Y, zero), ldiv(Y, X))
(42.285713) 3701. rdiv(op(X, x7), rdiv(T2, T3)) -> op(X, L2)
(40.285713) 3702. op(x7, op(X, L2)) -> op(L2, op(X, x7))
(40.285713) 3703. op(op(X, x7), L2) -> op(op(X, L2), x7)
(37.285713) 3704. R(X, x7, L2) -> R(X, L2, x7)
(42.285713) 3705. op(x7, op(X, T3)) -> op(L2, op(X, T2))
(42.285713) 3706. op(T3, op(X, x7)) -> op(L2, op(X, T2))
(42.285713) 3707. op(x7, op(L2, X)) -> op(L2, op(x7, X))
(39.285713) 3708. L(X, T2, L2) -> L(X, L2, T2)
(42.0) 3709. L(L2, L2, T2) -> L(L2, L3, L2)
(42.0) 3710. L(T3, L2, T2) -> L(T3, L3, L2)
(42.285713) 3711. op(op(x7, X), L2) -> op(op(L2, X), x7)
(43.0) 3712. op(T2, op(L2, x7)) -> op(L2, op(T2, x7))
(40.0) 3713. L(L2, T2, T2) -> L(L2, L3, L2)
(43.0) 3714. op(op(L2, x7), T3) -> op(op(L2, T3), x7)
(40.0) 3715. R(L2, x7, T3) -> R(L2, T3, x7)
(43.285713) 3716. R(X, rdiv(zero, L2), x7) -> R(X, rdiv(zero, L2), L2)
(43.714287) 3717. T(op(X, L2), op(X, L3)) -> op(X, L2)
(40.428574) 3718. L(rdiv(L2, x7), T2, X) -> rdiv(L2, x7)
(43.857143) 3719. rdiv(op(X, x7), op(X, L2)) -> rdiv(T2, T3)
(44.285713) 3720. rdiv(T2, ldiv(op(X, L2), T3)) -> op(X, x7)
(40.285713) 3721. op(rdiv(X, L2), x7) -> rdiv(X, rdiv(L2, x7))
(40.285713) 3722. ldiv(op(X, x7), T2) -> ldiv(op(X, L2), T3)
(42.285713) 3723. ldiv(op(x7, X), T2) -> ldiv(op(L2, X), T3)
(42.285713) 3724. ldiv(op(X, T2), T2) -> ldiv(op(X, L2), L2)
(44.285713) 3725. rdiv(T(x7, X), rdiv(T2, T3)) -> T(L2, X)
(40.285713) 3726. op(x7, T(L2, X)) -> op(L2, T(x7, X))
(44.285713) 3727. rdiv(op(x7, X), rdiv(T2, T3)) -> op(L2, X)
(44.285713) 3728. op(op(X, x7), T3) -> op(op(X, T2), L2)
(44.285713) 3729. op(T3, op(x7, X)) -> op(L2, op(T2, X))
(44.285713) 3730. op(T2, op(L2, X)) -> op(L2, op(T2, X))
(44.285713) 3731. op(op(T2, X), L2) -> op(op(L2, X), T2)
(44.285713) 3732. op(op(T3, X), x7) -> op(op(L2, X), T2)
(44.285713) 3733. ldiv(op(T2, X), T2) -> ldiv(op(L2, X), L2)
(45.0) 3734. K(L3, R(L2, L2, x7)) -> zero
(45.0) 3735. K(R(L2, L2, x7), L3) -> zero
(45.0) 3736. op(T2, op(x10, L2)) -> op(L2, op(x10, T2))
(45.0) 3737. op(op(x10, T2), L2) -> op(op(L2, x10), x7)
(45.0) 3738. R(x7, rdiv(zero, L2), L2) -> ldiv(ldiv(x7, zero), zero)
(45.0) 3739. a(x7, rdiv(zero, L2), L2) -> K(L3, rdiv(zero, L3))
(45.0) 3740. ldiv(rdiv(zero, T2), rdiv(L2, x7)) -> T3
(41.0) 3741. rdiv(rdiv(L2, x7), T3) -> rdiv(zero, T2)
(43.0) 3742. rdiv(rdiv(L2, x7), L2) -> rdiv(zero, x7)
(43.0) 3743. rdiv(rdiv(L2, T2), L2) -> rdiv(zero, T2)
(45.714287) 3744. T(op(L2, X), op(X, L3)) -> op(L2, X)
(45.714287) 3745. T(op(X, L2), op(L3, X)) -> op(X, L2)
(45.714287) 3746. T(op(X, T3), op(X, L3)) -> op(X, T3)
(45.857143) 3747. rdiv(op(X, L2), op(X, x7)) -> rdiv(L2, x7)
(45.857143) 3748. rdiv(op(X, x7), op(X, T3)) -> rdiv(x7, T3)
(45.857143) 3749. ldiv(T(x7, X), T(L2, X)) -> rdiv(L2, x7)
(45.857143) 3750. rdiv(T(L2, X), T(x7, X)) -> rdiv(L2, x7)
(45.857143) 3751. ldiv(op(x7, X), op(L2, X)) -> rdiv(L2, x7)
(42.428574) 3752. R(rdiv(L2, x7), x7, X) -> rdiv(L2, x7)
(45.0) 3753. R(rdiv(L2, x7), T2, x7) -> rdiv(L2, x7)
(42.285713) 3754. rdiv(T2, ldiv(op(L2, X), T3)) -> op(x7, X)
(44.285713) 3755. rdiv(T2, rdiv(T3, T(L2, X))) -> T(x7, X)
(44.0) 3756. rdiv(T2, a(L2, x10, L2)) -> L(T2, x10, T2)
(44.285713) 3757. rdiv(T2, ldiv(op(L2, X), L2)) -> op(T2, X)
(40.285713) 3758. op(T2, ldiv(L2, X)) -> rdiv(T2, ldiv(X, L2))
(42.285713) 3759. rdiv(x7, ldiv(X, L2)) = rdiv(X, rdiv(L2, x7))
(43.0) 3760. op(T2, rdiv(L3, T3)) -> rdiv(L3, rdiv(L2, x7))
(44.285713) 3761. rdiv(x7, ldiv(X, L2)) -> rdiv(T2, ldiv(X, T3))
(46.0) 3762. rdiv(T2, L(T2, x10, T2)) -> a(L2, x10, L2)
(46.0) 3763. rdiv(x7, a(L2, x10, L2)) -> L(x7, x10, T2)
(42.285713) 3764. rdiv(L2, rdiv(X, rdiv(T2, T3))) -> rdiv(x7, X)
(38.285713) 3765. ldiv(rdiv(x7, X), L2) -> rdiv(X, rdiv(T2, T3))
(38.285713) 3766. rdiv(x7, op(X, x7)) -> rdiv(L2, op(X, L2))
(40.285713) 3767. rdiv(x7, ldiv(L2, X)) -> rdiv(L2, ldiv(x7, X))
(40.285713) 3768. rdiv(x7, rdiv(X, L2)) -> rdiv(L2, rdiv(X, x7))
(40.285713) 3769. rdiv(x7, op(x7, X)) -> rdiv(L2, op(L2, X))
(40.285713) 3770. rdiv(T2, op(X, x7)) -> rdiv(T3, op(X, L2))
(40.285713) 3771. rdiv(T2, op(X, T2)) -> rdiv(L2, op(X, L2))
(40.285713) 3772. rdiv(x7, op(X, T2)) -> rdiv(L2, op(X, T3))
(41.0) 3773. rdiv(T3, op(L2, T2)) -> rdiv(L2, op(L2, x7))
(41.857143) 3774. K(rdiv(L3, rdiv(x7, X)), X) -> zero
(42.285713) 3775. rdiv(T2, ldiv(L2, X)) -> rdiv(L2, ldiv(T2, X))
(42.285713) 3776. rdiv(x7, rdiv(X, T3)) -> rdiv(L2, rdiv(X, T2))
(42.285713) 3777. rdiv(T2, op(x7, X)) -> rdiv(T3, op(L2, X))
(42.285713) 3778. rdiv(x7, op(T2, X)) -> rdiv(L2, op(T3, X))
(42.285713) 3779. rdiv(T2, op(T2, X)) -> rdiv(L2, op(L2, X))
(43.0) 3780. rdiv(T2, rdiv(zero, L2)) -> rdiv(L2, rdiv(zero, T2))
(43.571426) 3781. T(X, rdiv(L3, rdiv(x7, Y))) -> T(X, Y)
(40.285713) 3782. ldiv(rdiv(x7, X), L3) -> rdiv(L3, ldiv(X, x7))
(43.857143) 3783. K(rdiv(L3, ldiv(X, x7)), X) -> zero
(44.285713) 3784. ldiv(rdiv(X, rdiv(T2, T3)), L2) -> ldiv(X, x7)
(40.285713) 3785. rdiv(X, rdiv(T2, T3)) = rdiv(L2, ldiv(X, x7))
(40.285713) 3786. ldiv(ldiv(x7, X), L2) -> ldiv(ldiv(L2, X), x7)
(40.285713) 3787. ldiv(rdiv(X, x7), L2) -> ldiv(rdiv(X, L2), x7)
(42.285713) 3788. rdiv(X, rdiv(T2, L2)) = rdiv(L2, ldiv(X, T2))
(42.285713) 3789. ldiv(ldiv(x7, X), T3) -> ldiv(ldiv(T3, X), x7)
(42.285713) 3790. ldiv(rdiv(X, T2), L2) -> ldiv(rdiv(X, T3), x7)
(43.0) 3791. ldiv(ldiv(T2, x10), L2) -> ldiv(ldiv(T3, x10), x7)
(43.0) 3792. ldiv(ldiv(T2, zero), L2) -> ldiv(ldiv(T3, zero), x7)
(43.0) 3793. ldiv(rdiv(L3, T3), x7) -> rdiv(L2, rdiv(L3, T2))
(44.285713) 3794. rdiv(X, rdiv(T2, T3)) = rdiv(T3, ldiv(X, T2))
(44.285713) 3795. ldiv(ldiv(T2, X), T3) -> ldiv(ldiv(T3, X), T2)
(45.0) 3796. rdiv(L2, op(L2, ldiv(L3, zero))) -> L3
(41.0) 3797. op(L2, ldiv(L3, zero)) -> rdiv(L2, L3)
(41.0) 3798. op(T3, ldiv(L3, zero)) -> rdiv(T3, L3)
(43.0) 3799. ldiv(L2, rdiv(L2, L3)) -> ldiv(L3, zero)
(43.0) 3800. rdiv(rdiv(L2, L3), L2) -> rdiv(zero, L3)
(43.0) 3801. ldiv(T3, rdiv(T3, L3)) -> ldiv(L3, zero)
(43.0) 3802. rdiv(rdiv(T3, L3), T3) -> rdiv(zero, L3)
(45.0) 3803. rdiv(x7, ldiv(T3, x10)) -> rdiv(L2, ldiv(T2, x10))
(45.0) 3804. ldiv(rdiv(L3, L2), x7) -> rdiv(L2, rdiv(L3, x7))
(45.0) 3805. rdiv(T2, rdiv(L3, L2)) -> rdiv(L2, rdiv(L3, T2))
(45.0) 3806. op(x7, rdiv(L2, L3)) -> rdiv(L2, rdiv(L3, x7))
(45.0) 3807. ldiv(L2, rdiv(T3, L3)) -> ldiv(L3, rdiv(T3, L2))
(45.571426) 3808. K(rdiv(L3, rdiv(x7, X)), Y) -> K(X, Y)
(45.571426) 3809. K(X, rdiv(L3, rdiv(x7, Y))) -> K(X, Y)
(45.571426) 3810. T(X, rdiv(L3, ldiv(Y, x7))) -> T(X, Y)
(45.714287) 3811. T(rdiv(L2, rdiv(x7, X)), X) -> rdiv(L2, rdiv(x7, X))
(45.714287) 3812. T(X, rdiv(L3, rdiv(x7, X))) -> X
(45.714287) 3813. T(rdiv(L2, X), rdiv(L3, X)) -> rdiv(L2, X)
(45.714287) 3814. T(X, rdiv(L3, ldiv(X, L2))) -> X
(45.857143) 3815. K(X, rdiv(L3, ldiv(X, x7))) -> zero
(45.857143) 3816. K(rdiv(L3, ldiv(X, T2)), X) -> zero
(46.285713) 3817. rdiv(T3, ldiv(T(X, L3), L2)) -> ldiv(x7, op(X, T2))
(46.285713) 3818. op(T2, op(T(x10, L3), X)) -> op(x7, op(x10, X))
(41.0) 3819. op(x7, op(L3, x10)) -> op(T2, op(x10, L3))
(46.285713) 3820. op(T(x10, L3), op(T2, X)) -> op(x10, op(x7, X))
(45.0) 3821. ldiv(L2, op(x10, x7)) -> rdiv(x10, rdiv(T3, x7))
(46.285713) 3822. op(T2, op(X, T(x10, L3))) -> op(x7, op(X, x10))
(46.285713) 3823. op(T(x10, L3), op(X, T2)) -> op(x10, op(X, x7))
(46.285713) 3824. rdiv(rdiv(T2, T3), ldiv(X, zero)) -> rdiv(X, rdiv(L2, x7))
(45.571426) 3825. T(X, op(Y, rdiv(L3, T3))) -> T(X, Y)
(46.285713) 3826. rdiv(zero, rdiv(X, rdiv(T2, T3))) -> rdiv(rdiv(T2, T3), X)
(46.285713) 3827. ldiv(ldiv(X, rdiv(T2, T3)), rdiv(T2, T3)) -> ldiv(ldiv(X, zero), zero)
(46.285713) 3828. ldiv(rdiv(zero, X), rdiv(T2, T3)) -> rdiv(X, rdiv(L2, x7))
(46.285713) 3829. ldiv(rdiv(rdiv(T2, T3), X), zero) -> rdiv(X, rdiv(T2, T3))
(46.285713) 3830. rdiv(zero, ldiv(X, rdiv(T2, T3))) -> rdiv(X, rdiv(T2, T3))
(46.285713) 3831. rdiv(rdiv(T2, T3), rdiv(rdiv(T2, T3), X)) -> rdiv(zero, rdiv(zero, X))
(42.285713) 3832. rdiv(op(X, T2), rdiv(T2, L3)) -> op(X, L3)
(40.285713) 3833. op(T2, op(X, L3)) -> op(L3, op(X, T2))
(40.285713) 3834. op(op(X, T2), L3) -> op(op(X, L3), T2)
(37.285713) 3835. R(X, T2, L3) -> R(X, L3, T2)
(42.285713) 3836. op(T2, op(L3, X)) -> op(L3, op(T2, X))
(39.285713) 3837. L(X, T2, L3) -> L(X, L3, T2)
(42.0) 3838. L(L3, L3, T2) -> L(L3, L3, L3)
(42.285713) 3839. op(op(X, x7), L3) -> op(op(X, L3), x7)
(39.285713) 3840. R(X, x7, L3) -> R(X, L3, x7)
(42.285713) 3841. op(op(T2, X), L3) -> op(op(L3, X), T2)
(43.0) 3842. op(x7, op(x10, L3)) -> op(L3, op(x10, x7))
(43.285713) 3843. R(X, rdiv(zero, L3), T2) -> R(X, rdiv(zero, L3), L3)
(43.714287) 3844. T(op(X, T2), op(X, L3)) -> op(X, T2)
(40.428574) 3845. L(rdiv(L3, T2), T2, X) -> rdiv(L3, T2)
(44.285713) 3846. rdiv(op(X, L3), rdiv(L3, T2)) -> op(X, T2)
(40.285713) 3847. rdiv(T2, op(X, T2)) -> rdiv(L3, op(X, L3))
(42.285713) 3848. ldiv(op(X, L2), L2) -> ldiv(op(X, L3), L3)
(42.285713) 3849. rdiv(L2, op(L2, X)) -> rdiv(L3, op(L3, X))
(42.285713) 3850. rdiv(L2, op(X, L2)) -> rdiv(L3, op(X, L3))
(44.285713) 3851. rdiv(T(T2, X), rdiv(T2, L3)) -> T(L3, X)
(44.285713) 3852. rdiv(op(T2, X), rdiv(T2, L3)) -> op(L3, X)
(44.285713) 3853. op(x7, op(X, L3)) -> op(L3, op(X, x7))
(44.285713) 3854. op(op(x7, X), L3) -> op(op(L3, X), x7)
(44.285713) 3855. ldiv(op(L2, X), L2) -> ldiv(op(L3, X), L3)
(45.0) 3856. K(L3, R(L3, L3, T2)) -> zero
(45.0) 3857. K(R(L3, L3, T2), L3) -> zero
(45.0) 3858. R(T2, rdiv(zero, L3), L3) -> ldiv(ldiv(T2, zero), zero)
(45.0) 3859. a(T2, rdiv(zero, L3), L3) -> K(L3, rdiv(zero, L3))
(45.0) 3860. ldiv(rdiv(zero, T2), rdiv(L3, T2)) -> L3
(41.0) 3861. rdiv(rdiv(L3, T2), L3) -> rdiv(zero, T2)
(45.0) 3862. rdiv(T3, op(L2, T2)) -> rdiv(L3, op(L3, x7))
(45.0) 3863. ldiv(op(x10, L3), L3) -> ldiv(op(L2, x10), T3)
(45.0) 3864. ldiv(op(L2, T2), T3) -> ldiv(op(L3, x7), L3)
(45.714287) 3865. ldiv(op(X, L3), op(T2, X)) -> rdiv(T(T2, X), L3)
(45.714287) 3866. T(op(T2, X), op(X, L3)) -> op(T2, X)
(45.714287) 3867. T(op(X, T2), op(L3, X)) -> op(X, T2)
(45.857143) 3868. rdiv(op(X, L3), op(X, T2)) -> rdiv(L3, T2)
(45.857143) 3869. ldiv(op(T2, X), op(L3, X)) -> rdiv(L3, T2)
(42.428574) 3870. R(rdiv(L3, T2), T2, X) -> rdiv(L3, T2)
(42.285713) 3871. rdiv(op(L3, X), rdiv(L3, T2)) -> op(T2, X)
(45.0) 3872. op(T2, rdiv(T3, L3)) -> rdiv(T3, rdiv(L3, T2))
(45.714287) 3873. ldiv(op(T2, X), op(X, L3)) -> rdiv(L3, T(T2, X))
(42.285713) 3874. rdiv(L3, rdiv(X, rdiv(T2, L3))) -> rdiv(T2, X)
(38.285713) 3875. ldiv(rdiv(T2, X), L3) -> rdiv(X, rdiv(T2, L3))
(47.0) 3876. rdiv(rdiv(T2, L2), rdiv(T2, L3)) -> rdiv(L3, L2)
(40.285713) 3877. rdiv(T2, rdiv(X, L3)) -> rdiv(L3, rdiv(X, T2))
(41.857143) 3878. K(rdiv(L3, rdiv(T2, X)), X) -> zero
(43.0) 3879. op(L3, ldiv(L2, zero)) -> rdiv(L3, L2)
(43.0) 3880. op(T2, rdiv(L3, L2)) -> rdiv(L3, rdiv(L2, T2))
(43.571426) 3881. T(X, rdiv(L3, rdiv(T2, Y))) -> T(X, Y)
(40.285713) 3882. rdiv(X, rdiv(T2, L3)) = rdiv(L3, ldiv(X, T2))
(44.285713) 3883. ldiv(rdiv(X, rdiv(T2, L3)), L3) -> ldiv(X, T2)
(40.285713) 3884. ldiv(ldiv(T2, X), L3) -> ldiv(ldiv(L3, X), T2)
(40.285713) 3885. ldiv(rdiv(X, T2), L3) -> ldiv(rdiv(X, L3), T2)
(43.0) 3886. ldiv(rdiv(zero, x7), L3) -> ldiv(rdiv(zero, L3), x7)
(45.0) 3887. ldiv(L3, rdiv(L3, L2)) -> ldiv(L2, zero)
(45.0) 3888. rdiv(rdiv(L3, L2), L3) -> rdiv(zero, L2)
(45.0) 3889. ldiv(ldiv(x7, zero), L3) -> ldiv(ldiv(L3, zero), x7)
(45.571426) 3890. K(rdiv(L3, rdiv(T2, X)), Y) -> K(X, Y)
(45.571426) 3891. K(X, rdiv(L3, rdiv(T2, Y))) -> K(X, Y)
(45.571426) 3892. T(X, rdiv(L3, ldiv(Y, L2))) -> T(X, Y)
(45.714287) 3893. T(rdiv(L3, rdiv(T2, X)), X) -> rdiv(L3, rdiv(T2, X))
(45.714287) 3894. T(X, rdiv(L3, ldiv(X, T2))) -> X
(45.857143) 3895. K(X, rdiv(L3, ldiv(X, T2))) -> zero
(46.285713) 3896. op(T(T3, X), T(x10, L3)) -> op(x10, T(T3, X))
(46.285713) 3897. op(T(x10, L3), op(T3, X)) -> op(x10, op(L2, X))
(46.285713) 3898. op(T(x10, L3), op(X, T3)) -> op(x10, op(X, L2))
(46.285713) 3899. op(op(T3, X), T(x10, L3)) -> op(op(L2, X), x10)
(46.285713) 3900. op(T(x10, L3), T(T3, X)) -> op(x10, T(L2, X))
(46.285713) 3901. op(op(X, T3), T(x10, L3)) -> op(op(X, L2), x10)
(46.285713) 3902. op(T3, op(T(x10, L3), X)) -> op(L2, op(x10, X))
(41.0) 3903. op(T3, op(x10, L3)) -> op(L2, op(L3, x10))
(46.285713) 3904. op(T3, op(X, T(x10, L3))) -> op(L2, op(X, x10))
(46.285713) 3905. rdiv(rdiv(T2, L3), ldiv(X, zero)) -> rdiv(X, rdiv(L3, T2))
(46.285713) 3906. rdiv(zero, rdiv(X, rdiv(T2, L3))) -> rdiv(rdiv(T2, L3), X)
(43.0) 3907. rdiv(rdiv(T2, T3), L3) -> rdiv(rdiv(T2, L3), T3)
(45.0) 3908. ldiv(L2, rdiv(x7, L3)) -> ldiv(L3, rdiv(T2, T3))
(46.285713) 3909. ldiv(ldiv(X, rdiv(T2, L3)), rdiv(T2, L3)) -> ldiv(ldiv(X, zero), zero)
(46.285713) 3910. ldiv(rdiv(zero, X), rdiv(T2, L3)) -> rdiv(X, rdiv(L3, T2))
(46.285713) 3911. ldiv(rdiv(rdiv(T2, L3), X), zero) -> rdiv(X, rdiv(T2, L3))
(43.0) 3912. rdiv(zero, rdiv(L2, L3)) -> rdiv(L3, L2)
(45.0) 3913. ldiv(rdiv(L3, L2), zero) -> rdiv(L2, L3)
(45.0) 3914. rdiv(zero, rdiv(L3, L2)) -> rdiv(L2, L3)
(46.285713) 3915. rdiv(zero, ldiv(X, rdiv(T2, L3))) -> rdiv(X, rdiv(T2, L3))
(46.285713) 3916. rdiv(rdiv(T2, L3), rdiv(rdiv(T2, L3), X)) -> rdiv(zero, rdiv(zero, X))
(46.285713) 3917. rdiv(T2, rdiv(T2, T(L2, X))) -> T(L2, X)
(46.285713) 3918. rdiv(T2, rdiv(T2, T(L3, X))) -> T(L3, X)
(46.285713) 3919. op(rdiv(zero, L2), T(x7, X)) -> rdiv(T(T2, X), T3)
(45.857143) 3920. rdiv(T(T2, X), T(T3, X)) -> rdiv(T2, T3)
(46.285713) 3921. rdiv(rdiv(T2, T3), T(x7, X)) -> rdiv(zero, T(L2, X))
(46.285713) 3922. op(rdiv(zero, L3), T(T2, X)) -> rdiv(T(T2, X), L3)
(46.285713) 3923. rdiv(rdiv(T2, L3), T(T2, X)) -> rdiv(zero, T(L3, X))
(46.285713) 3924. rdiv(op(L3, T(x7, X)), L3) -> T(x7, X)
(46.285713) 3925. rdiv(rdiv(X, rdiv(L2, x7)), x7) -> rdiv(X, L2)
(43.0) 3926. rdiv(rdiv(T3, x7), L2) -> rdiv(rdiv(T3, L2), x7)
(54.285717) 3927. ldiv(rdiv(X, rdiv(L2, x7)), rdiv(T2, T3)) -> ldiv(X, zero)
(46.285713) 3928. ldiv(x7, rdiv(X, rdiv(L2, x7))) -> ldiv(L2, X)
(42.285713) 3929. ldiv(ldiv(T3, X), x7) -> ldiv(ldiv(L2, X), T2)
(44.285713) 3930. rdiv(ldiv(T3, X), x7) -> rdiv(ldiv(L2, X), T2)
(44.285713) 3931. rdiv(x7, ldiv(T3, X)) -> rdiv(L2, ldiv(T2, X))
(46.285713) 3932. ldiv(rdiv(X, rdiv(L2, x7)), x7) -> ldiv(X, L2)
(42.285713) 3933. ldiv(T(x7, X), L2) -> rdiv(L2, T(x7, X))
(44.285713) 3934. rdiv(ldiv(X, T3), T2) -> rdiv(ldiv(X, L2), x7)
(46.285713) 3935. op(rdiv(X, rdiv(L3, T2)), L3) -> op(X, T2)
(42.285713) 3936. op(ldiv(X, T2), L3) -> op(ldiv(X, L3), T2)
(46.285713) 3937. rdiv(rdiv(X, rdiv(L3, T2)), T2) -> rdiv(X, L3)
(41.0) 3938. rdiv(rdiv(L3, x7), L3) -> rdiv(zero, x7)
(42.285713) 3939. rdiv(ldiv(T2, X), L3) -> rdiv(ldiv(L3, X), T2)
(42.285713) 3940. rdiv(ldiv(X, T2), T2) -> rdiv(ldiv(X, L3), L3)
(43.0) 3941. rdiv(rdiv(x7, L3), T2) -> rdiv(zero, T(L3, x10))
(43.0) 3942. rdiv(rdiv(L3, T3), L3) -> rdiv(zero, T3)
(44.285713) 3943. ldiv(T2, ldiv(L3, X)) -> ldiv(L3, ldiv(T2, X))
(42.0) 3944. a(x7, L3, T2) -> a(L3, T2, L3)
(44.285713) 3945. ldiv(T2, ldiv(X, T2)) -> ldiv(L3, ldiv(X, L3))
(45.0) 3946. rdiv(rdiv(zero, T2), L3) -> rdiv(rdiv(zero, L3), T2)
(45.0) 3947. rdiv(rdiv(L2, x7), L3) -> rdiv(rdiv(L2, L3), x7)
(45.0) 3948. rdiv(rdiv(L2, T2), L3) -> rdiv(rdiv(L2, L3), T2)
(45.0) 3949. ldiv(T2, rdiv(x7, L3)) -> ldiv(L3, rdiv(L2, T3))
(45.0) 3950. op(L3, ldiv(T3, zero)) -> rdiv(L3, T3)
(45.0) 3951. ldiv(L3, rdiv(L3, T3)) -> ldiv(T3, zero)
(54.285717) 3952. ldiv(rdiv(X, rdiv(L3, T2)), rdiv(T2, L3)) -> ldiv(X, zero)
(46.285713) 3953. ldiv(T2, rdiv(X, rdiv(L3, T2))) -> ldiv(L3, X)
(46.285713) 3954. ldiv(rdiv(X, rdiv(L3, T2)), T2) -> ldiv(X, L3)
(42.285713) 3955. rdiv(X, rdiv(L3, T2)) = rdiv(T2, ldiv(X, L3))
(46.285713) 3956. ldiv(T(T3, X), x7) -> rdiv(x7, T(T3, X))
(46.285713) 3957. ldiv(T3, T(x7, X)) -> rdiv(T(x7, X), T3)
(46.285713) 3958. ldiv(x7, op(T3, X)) -> rdiv(X, rdiv(x7, T3))
(54.285717) 3959. rdiv(x7, ldiv(rdiv(X, rdiv(x7, T3)), T3)) -> X
(46.285713) 3960. rdiv(T(L2, X), rdiv(L2, T2)) -> T(T2, X)
(46.285713) 3961. rdiv(zero, rdiv(X, rdiv(L3, T2))) -> rdiv(rdiv(L3, T2), X)
(46.285713) 3962. rdiv(T3, ldiv(T(X, L3), T2)) -> ldiv(x7, op(X, L2))
(41.0) 3963. ldiv(x7, op(L3, T3)) -> rdiv(T3, rdiv(x7, L3))
(43.0) 3964. rdiv(op(L3, T3), x7) -> rdiv(T3, rdiv(x7, L3))
(43.0) 3965. rdiv(T3, rdiv(x7, L3)) -> rdiv(L3, rdiv(x7, T3))
(46.285713) 3966. rdiv(T3, rdiv(T2, K(L3, X))) -> rdiv(T(L2, X), x7)
(46.285713) 3967. op(T2, rdiv(X, rdiv(T2, T3))) -> op(T3, X)
(42.285713) 3968. rdiv(op(T3, X), T2) -> rdiv(op(L2, X), x7)
(42.285713) 3969. op(T2, rdiv(X, x7)) -> op(T3, rdiv(X, L2))
(42.285713) 3970. op(T2, op(X, L2)) -> op(L2, op(X, T2))
(44.285713) 3971. op(T2, op(X, T3)) -> op(T3, op(X, T2))
(45.0) 3972. rdiv(rdiv(T3, L3), T2) -> rdiv(rdiv(L2, L3), x7)
(45.0) 3973. op(L2, op(L3, T2)) -> op(L3, op(L2, T2))
(42.0) 3974. L(L2, L3, T2) -> L(L2, L3, L2)
(42.0) 3975. L(T2, L2, L3) -> L(T2, L3, L2)
(42.0) 3976. L(L3, L2, T2) -> L(L3, L3, L3)
(46.285713) 3977. rdiv(L2, ldiv(ldiv(L2, X), T2)) -> ldiv(T2, X)
(42.285713) 3978. ldiv(ldiv(T2, X), L2) -> ldiv(ldiv(L2, X), T2)
(46.285713) 3979. op(T2, rdiv(X, rdiv(T2, L2))) -> op(L2, X)
(46.285713) 3980. rdiv(ldiv(X, L2), rdiv(L2, T2)) -> ldiv(X, T2)
(46.285713) 3981. T(rdiv(X, rdiv(T2, T3)), L3) -> ldiv(x7, op(X, L2))
(43.857143) 3982. K(X, rdiv(op(X, L2), L3)) -> zero
(43.857143) 3983. K(rdiv(op(X, L2), L3), X) -> zero
(45.571426) 3984. T(X, rdiv(op(Y, L2), L3)) -> T(X, Y)
(45.714287) 3985. T(X, rdiv(op(X, L2), L3)) -> X
(45.857143) 3986. K(X, rdiv(op(X, T3), L3)) -> zero
(45.857143) 3987. K(rdiv(op(X, T3), L3), X) -> zero
(46.285713) 3988. op(rdiv(X, rdiv(T2, T3)), T2) -> op(X, T3)
(42.285713) 3989. ldiv(x7, op(X, L2)) -> ldiv(T2, op(X, T3))
(42.285713) 3990. op(ldiv(x7, X), T2) -> op(ldiv(L2, X), T3)
(42.285713) 3991. op(op(X, x7), T3) -> op(op(X, L2), T2)
(39.285713) 3992. R(X, x7, T3) -> R(X, L2, T2)
(42.0) 3993. R(L2, T3, x7) -> R(L2, L2, T2)
(42.285713) 3994. op(op(x7, X), T3) -> op(op(L2, X), T2)
(44.285713) 3995. op(op(T2, X), T3) -> op(op(T3, X), T2)
(45.0) 3996. op(op(L2, T2), T3) -> op(op(L2, T3), T2)
(42.0) 3997. R(L2, T2, T3) -> R(L2, T3, T2)
(45.0) 3998. op(op(L2, T3), x7) -> op(op(L2, L2), T2)
(45.0) 3999. op(op(x10, T2), T3) -> op(op(L2, x10), T2)
(46.285713) 4000. op(rdiv(X, rdiv(T2, L2)), T2) -> op(X, L2)
(46.285713) 4001. rdiv(L2, ldiv(rdiv(X, L2), T2)) -> rdiv(X, T2)
(42.285713) 4002. ldiv(rdiv(X, T2), L2) -> ldiv(rdiv(X, L2), T2)
(44.285713) 4003. ldiv(rdiv(X, T3), x7) -> ldiv(rdiv(X, L2), T2)
(46.285713) 4004. rdiv(L3, ldiv(T(X, L3), T2)) -> ldiv(T2, op(X, L3))
(45.0) 4005. ldiv(x7, op(L3, L3)) -> rdiv(L3, rdiv(x7, L3))
(46.285713) 4006. rdiv(T2, ldiv(T(X, L3), L3)) -> ldiv(L3, op(X, T2))
(43.0) 4007. rdiv(T2, rdiv(L3, T3)) -> rdiv(T3, rdiv(L3, T2))
(46.285713) 4008. rdiv(T2, rdiv(L3, K(L3, X))) -> rdiv(T(T2, X), L3)
(46.0) 4009. rdiv(L(T2, L3, T2), L3) -> rdiv(T2, R(L3, L3, L3))
(46.285713) 4010. T(rdiv(X, rdiv(T2, L3)), L3) -> ldiv(T2, op(X, L3))
(46.285713) 4011. ldiv(rdiv(L2, T2), X) -> rdiv(X, rdiv(L2, T2))
(46.285713) 4012. ldiv(T3, T(L3, X)) -> rdiv(T(L3, X), T3)
(46.285713) 4013. ldiv(L2, rdiv(X, rdiv(T2, T3))) -> ldiv(x7, X)
(42.285713) 4014. ldiv(x7, ldiv(L2, X)) -> ldiv(L2, ldiv(x7, X))
(42.285713) 4015. ldiv(x7, rdiv(X, L2)) -> ldiv(L2, rdiv(X, x7))
(44.285713) 4016. ldiv(T2, ldiv(L2, X)) -> ldiv(L2, ldiv(T2, X))
(44.285713) 4017. ldiv(x7, ldiv(T3, X)) -> ldiv(L2, ldiv(T2, X))
(44.285713) 4018. ldiv(x7, rdiv(X, T3)) -> ldiv(L2, rdiv(X, T2))
(46.285713) 4019. ldiv(L3, rdiv(X, rdiv(T2, L3))) -> ldiv(T2, X)
(42.285713) 4020. ldiv(T2, rdiv(X, L3)) -> ldiv(L3, rdiv(X, T2))
(46.285713) 4021. rdiv(T3, ldiv(op(X, x7), L2)) -> op(X, T2)
(42.285713) 4022. ldiv(op(X, x7), L2) -> ldiv(op(X, T2), T3)
(45.857143) 4023. L(X, Y, op(Z, x7)) -> L(X, Y, op(Z, T2))
(46.285713) 4024. rdiv(T2, ldiv(op(X, L3), L3)) -> op(X, T2)
(42.285713) 4025. op(rdiv(X, L3), T2) -> rdiv(X, rdiv(L3, T2))
(46.285713) 4026. rdiv(rdiv(X, rdiv(L2, x7)), T2) -> rdiv(X, T3)
(42.285713) 4027. rdiv(T2, rdiv(X, L2)) -> rdiv(L2, rdiv(X, T2))
(43.0) 4028. rdiv(rdiv(L2, T2), T3) -> rdiv(zero, T(T2, x10))
(45.0) 4029. rdiv(rdiv(x7, T3), T2) -> rdiv(zero, T(T3, x10))
(46.285713) 4030. ldiv(L2, rdiv(X, rdiv(T2, L2))) -> ldiv(T2, X)
(43.0) 4031. ldiv(L2, rdiv(T2, L3)) -> ldiv(L3, rdiv(T2, L2))
(43.0) 4032. ldiv(T2, rdiv(L3, L2)) -> ldiv(L2, rdiv(L3, T2))
(45.0) 4033. rdiv(L2, ldiv(L3, zero)) -> rdiv(L3, ldiv(L2, zero))
(46.285713) 4034. ldiv(rdiv(X, rdiv(T2, L2)), L2) -> ldiv(X, T2)
(46.285713) 4035. op(X, rdiv(L3, L2)) = op(rdiv(L3, L2), X)
(46.285713) 4036. ldiv(rdiv(L3, L2), X) -> rdiv(X, rdiv(L3, L2))
  (simplifying rules with respect to one another...)
  (delete rule 90)
  (delete rule 125)
(29.0) 4037. ldiv(T2, x7) -> rdiv(L2, T3)
  (delete rule 134)
  (delete rule 141)
  (delete rule 142)
  (delete rule 143)
  (delete rule 144)
  (delete rule 149)
  (delete rule 153)
  (delete rule 195)
  (delete rule 196)
(31.0) 4038. ldiv(x7, T2) -> rdiv(T3, L2)
  (delete rule 209)
  (delete rule 212)
  (delete rule 226)
  (delete rule 234)
  (delete rule 238)
  (delete rule 245)
  (delete rule 267)
  (delete rule 268)
  (delete rule 269)
  (delete rule 271)
  (delete rule 272)
  (delete rule 277)
(39.0) 4039. ldiv(L2, op(x9, op(x8, x7))) -> T(op(x9, x8), L3)
  (delete rule 305)
  (delete rule 354)
  (delete rule 356)
  (delete rule 361)
  (delete rule 362)
  (delete rule 382)
  (delete rule 383)
  (delete rule 401)
  (delete rule 407)
  (delete rule 423)
  (delete rule 430)
  (delete rule 444)
(40.285713) 4040. ldiv(T2, op(x7, X)) -> rdiv(X, rdiv(T3, L2))
  (delete rule 445)
  (delete rule 458)
  (delete rule 466)
  (delete rule 467)
  (delete rule 475)
  (delete rule 476)
  (delete rule 485)
  (delete rule 486)
  (delete rule 504)
  (delete rule 505)
  (delete rule 521)
  (delete rule 525)
  (delete rule 526)
(41.0) 4041. rdiv(rdiv(T3, L2), x10) -> rdiv(zero, T(x10, L3))
  (delete rule 535)
(39.285713) 4042. ldiv(L(X, X, X), X) -> a(X, X, X)
  (delete rule 571)
(41.857143) 4043. ldiv(op(T2, X), op(x7, X)) -> rdiv(L2, T3)
  (delete rule 576)
(38.285713) 4044. op(x7, ldiv(T2, X)) -> rdiv(X, rdiv(T3, L2))
  (delete rule 623)
  (delete rule 651)
(41.285713) 4045. rdiv(X, L(X, X, X)) -> a(X, X, X)
  (delete rule 665)
(38.285713) 4046. ldiv(x7, op(T2, X)) -> rdiv(X, rdiv(L2, T3))
  (delete rule 667)
  (delete rule 670)
  (delete rule 673)
(38.285713) 4047. rdiv(op(X, x7), T2) -> rdiv(X, rdiv(T3, L2))
  (delete rule 683)
  (delete rule 690)
(38.285713) 4048. rdiv(op(X, T2), x7) -> rdiv(X, rdiv(L2, T3))
  (delete rule 693)
  (delete rule 701)
  (delete rule 801)
(49.57143) 4049. rdiv(X, rdiv(Y, T(T(Y, X), X))) -> rdiv(op(T(Y, X), X), Y)
  (delete rule 813)
(43.0) 4050. ldiv(L2, L(T3, x10, L2)) -> K(L3, op(L3, x10))
  (delete rule 815)
(43.0) 4051. rdiv(L(T3, x10, L2), L2) -> K(L3, op(L3, x10))
  (delete rule 818)
  (delete rule 825)
  (delete rule 827)
(43.0) 4052. rdiv(rdiv(T3, L2), op(x10, T2)) -> rdiv(zero, op(x10, x7))
  (delete rule 835)
(43.0) 4053. rdiv(rdiv(L2, T3), op(x10, T2)) -> rdiv(zero, op(T2, x10))
  (delete rule 845)
(43.0) 4054. rdiv(rdiv(L2, T3), op(x10, x7)) -> rdiv(zero, op(x10, T2))
  (delete rule 867)
(43.0) 4055. rdiv(op(x10, x7), T(T2, x10)) -> ldiv(T3, op(x10, L2))
  (delete rule 920)
(38.285713) 4056. op(T2, ldiv(x7, X)) -> rdiv(X, rdiv(L2, T3))
  (delete rule 928)
(40.285713) 4057. ldiv(rdiv(T2, X), x7) -> rdiv(X, rdiv(T3, L2))
  (delete rule 930)
(38.285713) 4058. ldiv(rdiv(x7, X), T2) -> rdiv(X, rdiv(L2, T3))
  (delete rule 952)
(50.85714) 4059. rdiv(X, ldiv(T(ldiv(X, zero), X), zero)) -> op(T(ldiv(X, zero), X), X)
  (delete rule 959)
(38.285713) 4060. op(rdiv(X, x7), T2) -> rdiv(X, rdiv(L2, T3))
  (delete rule 976)
(30.285715) 4061. K(X, T3) -> K(X, L3)
  (delete rule 977)
(30.285715) 4062. K(T3, X) -> K(L3, X)
  (delete rule 978)
(32.285713) 4063. T(X, T3) -> T(X, L3)
  (delete rule 979)
  (delete rule 980)
  (delete rule 989)
  (delete rule 991)
  (delete rule 994)
  (delete rule 1002)
  (delete rule 1003)
  (delete rule 1004)
  (delete rule 1005)
  (delete rule 1006)
  (delete rule 1007)
  (delete rule 1016)
  (delete rule 1018)
  (delete rule 1020)
  (delete rule 1029)
  (delete rule 1046)
(43.0) 4064. T(op(x10, x7), op(L3, x10)) -> op(x10, x7)
  (delete rule 1047)
(43.714287) 4065. L(T(T3, X), X, L2) -> T(T3, op(X, L3))
  (delete rule 1049)
(43.714287) 4066. L(T(x7, X), X, T2) -> T(x7, op(X, L3))
  (delete rule 1050)
  (delete rule 1056)
  (delete rule 1058)
  (delete rule 1061)
  (delete rule 1083)
  (delete rule 1089)
(37.57143) 4067. T(X, op(Y, T3)) -> T(X, op(Y, L3))
  (delete rule 1091)
(39.57143) 4068. K(op(X, T3), Y) -> K(op(X, L3), Y)
  (delete rule 1092)
(39.57143) 4069. K(X, op(Y, T3)) -> K(X, op(Y, L3))
  (delete rule 1095)
  (delete rule 1096)
(37.57143) 4070. T(X, op(Y, x7)) -> T(X, op(Y, L3))
  (delete rule 1099)
(39.57143) 4071. K(op(X, x7), Y) -> K(op(X, L3), Y)
  (delete rule 1100)
(39.57143) 4072. K(X, op(Y, x7)) -> K(X, op(Y, L3))
  (delete rule 1104)
  (delete rule 1107)
(41.57143) 4073. T(X, op(T3, Y)) = T(X, op(Y, L3))
  (delete rule 1110)
(41.57143) 4074. T(X, op(x7, Y)) = T(X, op(Y, L3))
  (delete rule 1118)
  (delete rule 1119)
(38.285713) 4075. ldiv(op(x7, X), x7) -> ldiv(op(L3, X), L3)
  (delete rule 1120)
(38.285713) 4076. ldiv(op(X, x7), x7) -> ldiv(op(X, L3), L3)
  (delete rule 1121)
(39.0) 4077. ldiv(op(x10, T2), x7) -> ldiv(op(L3, x10), L3)
  (delete rule 1123)
  (delete rule 1125)
  (delete rule 1127)
  (delete rule 1128)
  (delete rule 1131)
  (delete rule 1132)
  (delete rule 1134)
  (delete rule 1135)
  (delete rule 1137)
  (delete rule 1138)
  (delete rule 1141)
  (delete rule 1142)
  (delete rule 1145)
(39.57143) 4078. T(X, rdiv(Y, T3)) -> T(X, rdiv(Y, L3))
  (delete rule 1146)
(41.57143) 4079. K(rdiv(X, T3), Y) -> K(rdiv(X, L3), Y)
  (delete rule 1147)
(41.57143) 4080. K(X, rdiv(Y, T3)) -> K(X, rdiv(Y, L3))
  (delete rule 1148)
  (delete rule 1151)
(39.57143) 4081. T(X, rdiv(Y, x7)) -> T(X, rdiv(Y, L3))
  (delete rule 1152)
(41.57143) 4082. K(rdiv(X, x7), Y) -> K(rdiv(X, L3), Y)
  (delete rule 1153)
(41.57143) 4083. K(X, rdiv(Y, x7)) -> K(X, rdiv(Y, L3))
  (delete rule 1154)
  (delete rule 1155)
  (delete rule 1156)
  (delete rule 1157)
(43.57143) 4084. K(op(T3, X), Y) = K(op(X, L3), Y)
  (delete rule 1158)
(43.57143) 4085. K(X, op(T3, Y)) = K(X, op(Y, L3))
  (delete rule 1159)
(43.57143) 4086. K(op(x7, X), Y) = K(op(X, L3), Y)
  (delete rule 1160)
(43.57143) 4087. K(X, op(x7, Y)) = K(X, op(Y, L3))
  (delete rule 1178)
  (delete rule 1181)
(38.285713) 4088. ldiv(ldiv(X, x7), x7) -> ldiv(ldiv(X, L3), L3)
  (delete rule 1182)
(38.285713) 4089. ldiv(T(x7, X), T2) -> rdiv(T3, T(L2, X))
  (delete rule 1184)
  (delete rule 1185)
(42.285713) 4090. rdiv(L2, ldiv(ldiv(X, T2), T3)) -> ldiv(X, x7)
  (delete rule 1186)
(38.285713) 4091. ldiv(T(T2, X), x7) -> rdiv(L2, T(T3, X))
  (delete rule 1191)
(43.0) 4092. ldiv(op(x10, x7), op(T2, x10)) -> rdiv(T2, rdiv(L2, rdiv(T3, x7)))
  (delete rule 1193)
  (delete rule 1194)
(40.285713) 4093. op(T3, rdiv(X, T3)) -> op(L3, rdiv(X, L3))
  (delete rule 1197)
  (delete rule 1203)
(41.0) 4094. K(L3, rdiv(op(T3, x10), L3)) -> rdiv(T3, L2)
  (delete rule 1209)
(43.857143) 4095. ldiv(op(x7, X), op(T2, X)) -> rdiv(T3, L2)
  (delete rule 1212)
(43.857143) 4096. rdiv(op(X, T2), op(X, x7)) -> rdiv(T3, L2)
  (delete rule 1213)
(43.857143) 4097. rdiv(op(X, x7), op(X, T2)) -> rdiv(L2, T3)
  (delete rule 1215)
  (delete rule 1216)
  (delete rule 1217)
  (delete rule 1218)
  (delete rule 1220)
  (delete rule 1222)
  (delete rule 1225)
  (delete rule 1226)
(43.0) 4098. ldiv(L(T3, x10, L2), L2) -> K(op(L3, x10), L3)
  (delete rule 1232)
  (delete rule 1233)
  (delete rule 1235)
  (delete rule 1239)
  (delete rule 1240)
  (delete rule 1249)
  (delete rule 1251)
  (delete rule 1252)
  (delete rule 1265)
  (delete rule 1272)
  (delete rule 1273)
(52.285717) 4099. rdiv(T3, ldiv(rdiv(rdiv(L2, T3), X), L2)) -> rdiv(zero, X)
  (delete rule 1278)
(40.285713) 4100. rdiv(op(T3, X), T3) -> rdiv(op(L3, X), L3)
  (delete rule 1279)
  (delete rule 1280)
  (delete rule 1282)
  (delete rule 1291)
  (delete rule 1292)
(44.285713) 4101. rdiv(rdiv(T3, L2), ldiv(X, zero)) -> rdiv(X, rdiv(L2, T3))
  (delete rule 1293)
  (delete rule 1295)
  (delete rule 1298)
  (delete rule 1299)
  (delete rule 1309)
  (delete rule 1310)
  (delete rule 1312)
  (delete rule 1326)
  (delete rule 1327)
  (delete rule 1328)
  (delete rule 1350)
  (delete rule 1359)
  (delete rule 1360)
  (delete rule 1362)
(36.285713) 4102. op(rdiv(X, T2), x7) -> rdiv(X, rdiv(T3, L2))
  (delete rule 1372)
(42.285713) 4103. rdiv(L2, ldiv(op(T2, X), T3)) -> op(x7, X)
  (delete rule 1373)
(42.285713) 4104. rdiv(L2, ldiv(op(X, T2), T3)) -> op(X, x7)
  (delete rule 1375)
(37.714287) 4105. T(X, rdiv(X, rdiv(T3, L2))) -> X
  (delete rule 1376)
(37.714287) 4106. T(X, rdiv(X, rdiv(L2, T3))) -> X
  (delete rule 1378)
(43.0) 4107. ldiv(x7, L(T2, x10, T2)) -> K(L3, op(L3, x10))
  (delete rule 1379)
(43.0) 4108. rdiv(L(T2, x10, T2), x7) -> K(L3, op(L3, x10))
  (delete rule 1380)
(51.0) 4109. rdiv(op(x10, T2), rdiv(T3, ldiv(x10, L2))) -> rdiv(L2, rdiv(T3, x7))
  (delete rule 1381)
  (delete rule 1390)
  (delete rule 1391)
  (delete rule 1392)
  (delete rule 1393)
  (delete rule 1399)
(42.285713) 4110. rdiv(T3, ldiv(ldiv(L2, X), T2)) -> ldiv(x7, X)
  (delete rule 1406)
  (delete rule 1407)
  (delete rule 1412)
  (delete rule 1418)
  (delete rule 1424)
  (delete rule 1425)
  (delete rule 1437)
  (delete rule 1447)
  (delete rule 1448)
(43.0) 4111. ldiv(op(x10, T2), rdiv(T3, L2)) -> ldiv(op(x10, x7), zero)
  (delete rule 1470)
  (delete rule 1471)
(43.571426) 4112. K(rdiv(op(X, L2), L3), Y) -> K(X, Y)
  (delete rule 1474)
(44.0) 4113. ldiv(T2, R(x7, x7, x7)) -> rdiv(x7, L(T2, L3, T2))
  (delete rule 1475)
(44.0) 4114. ldiv(x7, R(T2, T2, T2)) -> rdiv(T2, L(x7, L3, T2))
  (delete rule 1481)
(40.285713) 4115. ldiv(op(T3, X), T3) -> ldiv(op(L3, X), L3)
  (delete rule 1482)
(40.285713) 4116. ldiv(op(X, T3), T3) -> ldiv(op(X, L3), L3)
  (delete rule 1483)
  (delete rule 1484)
(41.0) 4117. rdiv(L2, ldiv(x10, T3)) -> T(x10, L3)
  (delete rule 1485)
  (delete rule 1488)
(44.285713) 4118. op(ldiv(T3, X), T3) -> op(ldiv(L3, X), L3)
  (delete rule 1489)
  (delete rule 1491)
  (delete rule 1492)
  (delete rule 1493)
  (delete rule 1502)
  (delete rule 1503)
  (delete rule 1504)
  (delete rule 1524)
(43.714287) 4119. T(op(T3, X), op(X, L3)) -> op(T3, X)
  (delete rule 1550)
(51.857143) 4120. op(T(x7, X), rdiv(T3, T(L2, X))) -> T2
  (delete rule 1552)
(51.857143) 4121. op(T(T2, X), rdiv(L2, T(T3, X))) -> x7
  (delete rule 1554)
(46.14286) 4122. op(T(T(X, Y), Y), X) -> op(X, T(T(X, Y), Y))
  (delete rule 1559)
  (delete rule 1566)
  (delete rule 1578)
  (delete rule 1579)
  (delete rule 1587)
(45.0) 4123. rdiv(L2, L(T3, x10, L2)) -> K(op(L3, x10), L3)
  (delete rule 1596)
  (delete rule 1597)
  (delete rule 1598)
  (delete rule 1599)
  (delete rule 1600)
  (delete rule 1607)
(45.0) 4124. rdiv(T3, R(L2, x10, L2)) -> K(L3, op(L3, x10))
  (delete rule 1609)
(45.0) 4125. rdiv(rdiv(L2, T3), T(x10, L3)) -> rdiv(zero, x10)
  (delete rule 1613)
(43.0) 4126. ldiv(R(L2, x10, L2), T3) -> K(L3, op(L3, x10))
  (delete rule 1619)
(45.0) 4127. ldiv(x7, K(L3, rdiv(zero, L3))) -> rdiv(zero, x7)
  (delete rule 1621)
  (delete rule 1622)
(45.0) 4128. ldiv(op(x10, T2), rdiv(L2, T3)) -> ldiv(op(T2, x10), zero)
  (delete rule 1624)
(45.0) 4129. ldiv(T(x10, L3), rdiv(L2, T3)) -> ldiv(x10, zero)
  (delete rule 1625)
  (delete rule 1638)
(45.0) 4130. rdiv(rdiv(T3, L2), T(T2, x10)) -> rdiv(zero, T2)
  (delete rule 1639)
(45.0) 4131. ldiv(T(T2, x10), rdiv(T3, L2)) -> ldiv(T2, zero)
  (delete rule 1650)
  (delete rule 1651)
  (delete rule 1652)
  (delete rule 1672)
(43.57143) 4132. T(X, rdiv(T3, Y)) -> T(X, rdiv(L3, Y))
  (delete rule 1673)
(43.57143) 4133. T(X, rdiv(x7, Y)) -> T(X, rdiv(L3, Y))
  (delete rule 1700)
  (delete rule 1704)
  (delete rule 1706)
(41.0) 4134. T(R(x7, x10, T2), op(L3, x10)) -> T2
  (delete rule 1710)
(42.285713) 4135. T(X, R(x7, x10, T2)) -> T(X, L3)
  (delete rule 1713)
  (delete rule 1714)
(44.285713) 4136. K(R(x7, x10, T2), X) -> K(L3, X)
  (delete rule 1715)
(44.285713) 4137. K(X, R(x7, x10, T2)) -> K(X, L3)
  (delete rule 1720)
  (delete rule 1721)
(44.285713) 4138. rdiv(T3, ldiv(rdiv(X, L2), T2)) -> rdiv(X, x7)
  (delete rule 1724)
(45.571426) 4139. rdiv(X, rdiv(Y, rdiv(L2, T3))) = rdiv(L2, ldiv(rdiv(X, Y), T3))
  (delete rule 1725)
(44.285713) 4140. rdiv(L2, ldiv(rdiv(T2, X), T3)) -> rdiv(x7, X)
  (delete rule 1726)
  (delete rule 1727)
  (delete rule 1730)
  (delete rule 1731)
  (delete rule 1732)
  (delete rule 1734)
(45.571426) 4141. K(rdiv(L3, ldiv(X, x7)), Y) -> K(X, Y)
  (delete rule 1735)
(41.57143) 4142. K(rdiv(x7, X), Y) -> K(rdiv(L3, X), Y)
  (delete rule 1736)
(43.57143) 4143. K(X, rdiv(x7, Y)) -> K(X, rdiv(L3, Y))
  (delete rule 1738)
(45.571426) 4144. K(X, rdiv(L3, ldiv(Y, x7))) -> K(X, Y)
  (delete rule 1746)
(40.285713) 4145. ldiv(ldiv(X, T3), T3) -> ldiv(ldiv(X, L3), L3)
  (delete rule 1751)
  (delete rule 1752)
  (delete rule 1753)
  (delete rule 1754)
  (delete rule 1755)
  (delete rule 1756)
  (delete rule 1757)
  (delete rule 1769)
(45.571426) 4146. K(X, op(Y, rdiv(L3, T3))) -> K(X, Y)
  (delete rule 1770)
(45.571426) 4147. T(X, op(L3, rdiv(Y, x7))) -> T(X, Y)
  (delete rule 1771)
(45.571426) 4148. rdiv(rdiv(X, rdiv(T3, L2)), Y) -> rdiv(X, rdiv(Y, rdiv(L2, T3)))
  (delete rule 1772)
(45.571426) 4149. rdiv(rdiv(X, rdiv(L2, T3)), Y) -> rdiv(X, rdiv(Y, rdiv(T3, L2)))
  (delete rule 1774)
  (delete rule 1775)
  (delete rule 1776)
  (delete rule 1806)
(45.0) 4150. op(x10, rdiv(x10, rdiv(x10, T2))) -> op(L2, op(ldiv(T3, x10), T2))
  (delete rule 1832)
  (delete rule 1834)
(43.0) 4151. R(x10, rdiv(x7, x10), x10) -> ldiv(ldiv(x10, L2), T3)
  (delete rule 1840)
(45.0) 4152. T(R(T3, x10, L2), op(L3, x10)) -> T(T3, x10)
  (delete rule 1841)
(42.285713) 4153. T(X, R(T3, x10, L2)) -> T(X, L3)
  (delete rule 1842)
  (delete rule 1843)
(44.285713) 4154. K(R(T3, x10, L2), X) -> K(L3, X)
  (delete rule 1844)
(44.285713) 4155. K(X, R(T3, x10, L2)) -> K(X, L3)
  (delete rule 1850)
(45.57143) 4156. K(X, rdiv(T3, Y)) -> K(X, rdiv(L3, Y))
  (delete rule 1851)
(45.57143) 4157. K(rdiv(T3, X), Y) -> K(rdiv(L3, X), Y)
  (delete rule 1853)
(45.714287) 4158. op(rdiv(X, K(X, L3)), T3) -> op(T3, X)
  (delete rule 1859)
  (delete rule 1860)
  (delete rule 1862)
(45.714287) 4159. rdiv(T2, T(ldiv(X, x7), X)) -> ldiv(ldiv(X, L2), T3)
  (delete rule 1864)
(45.714287) 4160. T(X, rdiv(op(T3, X), L3)) -> X
  (delete rule 1884)
  (delete rule 1891)
  (delete rule 1892)
  (delete rule 1893)
  (delete rule 1895)
  (delete rule 1896)
  (delete rule 1898)
  (delete rule 1899)
  (delete rule 1901)
  (delete rule 1907)
  (delete rule 1908)
  (delete rule 1917)
  (delete rule 1932)
(45.714287) 4161. T(ldiv(X, x7), rdiv(L3, X)) -> ldiv(X, x7)
  (delete rule 1933)
  (delete rule 1935)
(45.714287) 4162. T(ldiv(T3, X), rdiv(X, L3)) -> ldiv(T3, X)
  (delete rule 1937)
(45.714287) 4163. ldiv(op(T2, X), op(X, x7)) -> rdiv(L2, T(T3, X))
  (delete rule 1941)
  (delete rule 1942)
(43.0) 4164. rdiv(rdiv(T3, L2), op(T2, x10)) -> rdiv(zero, op(x10, T2))
  (delete rule 1951)
  (delete rule 1961)
  (delete rule 1962)
(45.0) 4165. ldiv(T3, R(L2, x10, L2)) -> K(op(L3, x10), L3)
  (delete rule 1964)
(45.714287) 4166. T(ldiv(X, T3), rdiv(L3, X)) -> ldiv(X, T3)
  (delete rule 1965)
  (delete rule 1975)
(43.0) 4167. ldiv(op(T2, x10), rdiv(T3, L2)) -> ldiv(op(x10, T2), zero)
  (delete rule 1976)
  (delete rule 1977)
  (delete rule 1978)
  (delete rule 1979)
  (delete rule 1980)
  (delete rule 1981)
  (delete rule 1982)
  (delete rule 1983)
  (delete rule 1984)
  (delete rule 1985)
  (delete rule 1994)
(45.857143) 4168. rdiv(T(T2, X), T(x7, X)) -> rdiv(T3, L2)
  (delete rule 1995)
(45.857143) 4169. rdiv(T(x7, X), T(T2, X)) -> rdiv(L2, T3)
  (delete rule 1996)
  (delete rule 1997)
  (delete rule 2000)
(45.714287) 4170. L(X, rdiv(L2, T(T3, x10)), Y) -> X
  (delete rule 2002)
  (delete rule 2005)
  (delete rule 2010)
  (delete rule 2027)
  (delete rule 2031)
  (delete rule 2032)
(45.714287) 4171. L(X, Y, rdiv(L2, T(T3, x10))) -> X
  (delete rule 2033)
  (delete rule 2034)
  (delete rule 2038)
  (delete rule 2039)
  (delete rule 2048)
  (delete rule 2049)
(45.571426) 4172. K(X, rdiv(rdiv(L2, T3), Y)) -> K(X, rdiv(zero, Y))
  (delete rule 2058)
  (delete rule 2059)
  (delete rule 2060)
  (delete rule 2061)
  (delete rule 2062)
  (delete rule 2063)
  (delete rule 2064)
(46.0) 4173. rdiv(T2, L(x7, L3, T2)) -> rdiv(T3, L(L2, L3, L2))
  (delete rule 2065)
  (delete rule 2068)
  (delete rule 2069)
  (delete rule 2070)
(46.0) 4174. ldiv(T2, L(x7, L3, T2)) -> rdiv(L(x7, L3, T2), T2)
  (delete rule 2071)
(46.0) 4175. rdiv(R(T2, T2, T2), x7) -> rdiv(T3, L(L2, L3, L2))
  (delete rule 2072)
(46.0) 4176. rdiv(T2, K(L3, op(L3, x10))) -> R(x7, x10, T2)
  (delete rule 2073)
(45.0) 4177. ldiv(R(x7, x10, T2), T2) -> K(L3, op(L3, x10))
  (delete rule 2074)
(45.0) 4178. rdiv(T2, R(x7, x10, T2)) -> K(L3, op(L3, x10))
  (delete rule 2075)
(45.0) 4179. ldiv(T2, R(x7, x10, T2)) -> K(op(L3, x10), L3)
  (delete rule 2076)
(45.0) 4180. rdiv(R(x7, x10, T2), T2) -> K(op(L3, x10), L3)
  (delete rule 2083)
(46.0) 4181. ldiv(L(T3, L3, L2), L2) -> rdiv(L2, L(T3, L3, L2))
  (delete rule 2085)
  (delete rule 2086)
(46.0) 4182. ldiv(L2, R(T3, T3, T3)) -> rdiv(T3, L(L2, L3, L2))
  (delete rule 2087)
(46.0) 4183. ldiv(L2, L(T3, L3, L2)) -> rdiv(L(T3, L3, L2), L2)
  (delete rule 2088)
(46.0) 4184. ldiv(L(L2, L3, L2), T3) -> rdiv(T3, L(L2, L3, L2))
  (delete rule 2090)
(44.0) 4185. ldiv(L(T3, x10, L2), T3) -> a(L2, x10, L2)
  (delete rule 2091)
(46.0) 4186. ldiv(T3, R(L2, L2, L2)) -> rdiv(L2, L(T3, L3, L2))
  (delete rule 2092)
(46.0) 4187. ldiv(T3, L(L2, L3, L2)) -> rdiv(L(L2, L3, L2), T3)
  (delete rule 2094)
(46.142857) 4188. ldiv(ldiv(ldiv(X, x7), L3), L3) = T(ldiv(X, x7), X)
  (delete rule 2096)
(46.142857) 4189. ldiv(ldiv(ldiv(X, L3), L3), x7) = T(ldiv(X, x7), X)
  (delete rule 2098)
(45.571426) 4190. rdiv(T3, K(X, rdiv(L3, X))) -> op(ldiv(X, T3), X)
  (delete rule 2100)
(46.285713) 4191. rdiv(T3, ldiv(ldiv(X, L3), L3)) -> ldiv(X, T3)
  (delete rule 2104)
(45.571426) 4192. rdiv(T3, K(rdiv(L3, X), X)) -> op(X, rdiv(T3, X))
  (delete rule 2105)
(51.571426) 4193. op(ldiv(ldiv(X, L2), T3), ldiv(X, x7)) -> op(X, rdiv(T2, X))
  (delete rule 2110)
  (delete rule 2111)
(37.0) 4194. rdiv(T3, op(L2, x10)) -> rdiv(L3, op(x10, L3))
  (delete rule 2112)
(45.0) 4195. rdiv(T(x10, L3), op(L2, x10)) -> rdiv(x10, op(T3, x10))
  (delete rule 2124)
(45.571426) 4196. K(X, op(L3, rdiv(Y, x7))) -> K(X, Y)
  (delete rule 2125)
  (delete rule 2131)
  (delete rule 2132)
  (delete rule 2135)
  (delete rule 2136)
  (delete rule 2137)
  (delete rule 2138)
  (delete rule 2139)
  (delete rule 2140)
  (delete rule 2141)
  (delete rule 2142)
  (delete rule 2150)
  (delete rule 2152)
  (delete rule 2154)
(46.285713) 4197. rdiv(rdiv(L2, T3), op(x7, X)) -> rdiv(zero, op(T2, X))
  (delete rule 2156)
(46.285713) 4198. rdiv(op(L3, T(T3, X)), L3) -> T(T3, X)
  (delete rule 2159)
  (delete rule 2160)
(42.285713) 4199. rdiv(T3, op(T3, X)) -> rdiv(L3, op(L3, X))
  (delete rule 2161)
(42.285713) 4200. rdiv(T3, op(X, T3)) -> rdiv(L3, op(X, L3))
  (delete rule 2163)
  (delete rule 2166)
  (delete rule 2167)
  (delete rule 2168)
  (delete rule 2169)
  (delete rule 2174)
  (delete rule 2175)
  (delete rule 2179)
(42.285713) 4201. rdiv(ldiv(X, x7), x7) -> rdiv(ldiv(X, L3), L3)
  (delete rule 2182)
(44.285713) 4202. ldiv(x7, ldiv(X, x7)) -> ldiv(L3, ldiv(X, L3))
  (delete rule 2185)
(46.285713) 4203. ldiv(rdiv(rdiv(L2, T3), X), x7) -> ldiv(rdiv(zero, X), T2)
  (delete rule 2186)
(46.285713) 4204. ldiv(rdiv(rdiv(T3, L2), X), T2) -> ldiv(rdiv(zero, X), x7)
  (delete rule 2187)
(46.285713) 4205. ldiv(ldiv(X, rdiv(T3, L2)), T2) -> ldiv(ldiv(X, zero), x7)
  (delete rule 2190)
(46.285713) 4206. ldiv(ldiv(X, rdiv(L2, T3)), x7) -> ldiv(ldiv(X, zero), T2)
  (delete rule 2199)
(46.285713) 4207. rdiv(T3, ldiv(op(T2, X), L2)) -> op(T(T2, x10), X)
  (delete rule 2200)
(46.285713) 4208. rdiv(T3, ldiv(op(X, T2), L2)) -> op(X, T(T2, x10))
  (delete rule 2201)
  (delete rule 2212)
  (delete rule 2216)
(42.285713) 4209. rdiv(T3, ldiv(op(L3, X), L3)) -> op(T3, X)
  (delete rule 2219)
  (delete rule 2220)
  (delete rule 2221)
(44.0) 4210. rdiv(T3, K(L3, op(L3, x10))) -> R(L2, x10, L2)
  (delete rule 2224)
(44.285713) 4211. rdiv(T3, ldiv(op(X, L3), L3)) -> op(X, T3)
  (delete rule 2226)
(44.285713) 4212. rdiv(L2, ldiv(op(x10, X), T3)) -> op(T(x10, L3), X)
  (delete rule 2227)
(39.0) 4213. rdiv(R(L2, x10, L2), T3) -> K(op(L3, x10), L3)
  (delete rule 2229)
(44.285713) 4214. rdiv(L2, ldiv(op(X, x10), T3)) -> op(X, T(x10, L3))
  (delete rule 2236)
  (delete rule 2253)
(42.0) 4215. rdiv(L2, ldiv(L(T2, x10, T2), T3)) -> L(x7, x10, T2)
  (delete rule 2254)
(36.0) 4216. ldiv(L(x7, x10, T2), x7) -> a(L2, x10, L2)
  (delete rule 2255)
(40.0) 4217. rdiv(x7, L(x7, x10, T2)) -> a(L2, x10, L2)
  (delete rule 2256)
  (delete rule 2257)
  (delete rule 2261)
  (delete rule 2262)
  (delete rule 2263)
  (delete rule 2272)
(43.0) 4218. ldiv(L2, ldiv(T3, op(x10, L2))) -> ldiv(T3, T(x10, L3))
  (delete rule 2276)
(43.714287) 4219. T(X, L(x7, Y, T2)) -> T(X, L3)
  (delete rule 2277)
(43.714287) 4220. T(X, L(T3, Y, L2)) -> T(X, L3)
  (delete rule 2278)
(43.714287) 4221. K(L(x7, X, T2), Y) -> K(L3, Y)
  (delete rule 2279)
(43.714287) 4222. K(L(T3, X, L2), Y) -> K(L3, Y)
  (delete rule 2280)
(43.714287) 4223. K(X, L(x7, Y, T2)) -> K(X, L3)
  (delete rule 2281)
(43.714287) 4224. K(X, L(T3, Y, L2)) -> K(X, L3)
  (delete rule 2285)
(43.714287) 4225. T(L(x7, X, T2), X) -> T(x7, op(X, L3))
  (delete rule 2290)
  (delete rule 2291)
  (delete rule 2294)
  (delete rule 2299)
(44.285713) 4226. ldiv(T(x7, X), op(x10, T2)) -> rdiv(x10, K(L3, X))
  (delete rule 2300)
(43.857143) 4227. ldiv(T(T2, X), T(x7, X)) -> rdiv(L2, T3)
  (delete rule 2304)
  (delete rule 2305)
  (delete rule 2306)
  (delete rule 2311)
  (delete rule 2321)
  (delete rule 2325)
(41.0) 4228. rdiv(T3, K(L3, rdiv(x10, L3))) -> rdiv(x10, rdiv(x10, T3))
  (delete rule 2338)
  (delete rule 2342)
(45.0) 4229. T(ldiv(T3, op(x10, L2)), L3) -> ldiv(T(T3, x10), op(x10, L2))
  (delete rule 2344)
  (delete rule 2346)
(45.0) 4230. op(ldiv(L3, op(x10, x7)), L3) -> op(T(x10, L3), x7)
  (delete rule 2347)
(45.0) 4231. rdiv(K(L3, rdiv(x10, L3)), T3) -> rdiv(zero, rdiv(x10, rdiv(x10, T3)))
  (delete rule 2348)
(45.0) 4232. rdiv(op(L3, rdiv(x10, L3)), T3) -> rdiv(x10, rdiv(x10, rdiv(x10, T3)))
  (delete rule 2350)
(45.0) 4233. rdiv(L3, op(T(x10, L3), L3)) -> rdiv(T3, op(x10, L2))
  (delete rule 2353)
(45.0) 4234. rdiv(x7, L(T2, x10, T2)) -> K(op(L3, x10), L3)
  (delete rule 2355)
(45.0) 4235. R(ldiv(L2, zero), T3, ldiv(L2, zero)) -> T(ldiv(L2, zero), L3)
  (delete rule 2362)
  (delete rule 2371)
  (delete rule 2372)
(45.571426) 4236. K(rdiv(L3, rdiv(T3, X)), Y) -> K(X, Y)
  (delete rule 2373)
  (delete rule 2379)
(45.0) 4237. ldiv(op(L2, x10), T(x10, L3)) -> ldiv(op(T3, x10), x10)
  (delete rule 2386)
(45.714287) 4238. T(L(T3, X, L2), X) -> T(T3, op(X, L3))
  (delete rule 2395)
  (delete rule 2417)
(45.857143) 4239. ldiv(T(x7, X), T(T2, X)) -> rdiv(T3, L2)
  (delete rule 2420)
  (delete rule 2421)
(45.571426) 4240. K(rdiv(rdiv(L2, T3), X), Y) -> K(rdiv(zero, X), Y)
  (delete rule 2423)
(46.0) 4241. ldiv(T3, K(L3, op(L3, x10))) -> ldiv(R(L2, x10, L2), zero)
  (delete rule 2424)
  (delete rule 2425)
(42.0) 4242. ldiv(T(x10, op(L3, x10)), L2) -> ldiv(L(x10, L3, x10), T3)
  (delete rule 2427)
  (delete rule 2428)
  (delete rule 2430)
(46.0) 4243. rdiv(R(T3, T3, T3), L2) -> rdiv(T3, L(L2, L3, L2))
  (delete rule 2434)
  (delete rule 2435)
(44.571426) 4244. L(X, R(T3, x10, L2), X) -> L(X, L3, X)
  (delete rule 2445)
  (delete rule 2449)
  (delete rule 2454)
  (delete rule 2459)
(46.285713) 4245. rdiv(op(L2, x10), T(T3, X)) -> rdiv(x10, K(L3, X))
  (delete rule 2464)
  (delete rule 2472)
(46.285713) 4246. op(T(x10, L3), T(T2, X)) -> rdiv(op(x10, x7), K(X, L3))
  (delete rule 2475)
(46.285713) 4247. ldiv(op(T(x10, L3), X), x7) -> ldiv(op(x10, X), T2)
  (delete rule 2476)
  (delete rule 2477)
(46.285713) 4248. rdiv(x7, op(T(x10, L3), X)) -> rdiv(T2, op(x10, X))
  (delete rule 2478)
  (delete rule 2479)
(46.285713) 4249. rdiv(L2, ldiv(T(x10, X), T3)) -> T(T(x10, X), L3)
  (delete rule 2480)
(46.285713) 4250. op(T(T(x10, X), L3), T3) -> op(T(x10, X), L2)
  (delete rule 2485)
(46.285713) 4251. ldiv(L2, op(op(L2, X), T3)) -> T(op(T3, X), L3)
  (delete rule 2486)
(45.0) 4252. a(L2, rdiv(zero, T3), T3) -> K(L3, rdiv(zero, L3))
  (delete rule 2488)
(46.285713) 4253. T(X, rdiv(L3, R(L2, x10, L2))) -> X
  (delete rule 2490)
(46.285713) 4254. ldiv(op(T(x10, L3), X), L2) -> ldiv(op(x10, X), T3)
  (delete rule 2491)
(46.285713) 4255. ldiv(op(X, T(x10, L3)), L2) -> ldiv(op(X, x10), T3)
  (delete rule 2494)
(46.285713) 4256. ldiv(ldiv(X, rdiv(L2, T3)), zero) -> ldiv(ldiv(X, zero), rdiv(T3, L2))
  (delete rule 2495)
(46.285713) 4257. ldiv(op(X, x7), rdiv(L2, T3)) -> ldiv(op(X, T2), zero)
  (delete rule 2497)
(46.285713) 4258. T(X, op(L2, L(T3, x10, L2))) -> T(X, op(L3, L3))
  (delete rule 2498)
(46.285713) 4259. ldiv(op(x7, X), rdiv(L2, T3)) -> ldiv(op(T2, X), zero)
  (delete rule 2501)
(46.285713) 4260. op(L3, rdiv(T(x7, X), L3)) -> T(x7, X)
  (delete rule 2502)
  (delete rule 2503)
(46.285717) 4261. rdiv(L2, ldiv(op(X, op(x10, T2)), T3)) -> op(X, op(x10, x7))
  (delete rule 2516)
(46.285717) 4262. rdiv(L2, ldiv(op(op(x10, T2), X), T3)) -> op(op(x10, x7), X)
  (delete rule 2521)
(46.285713) 4263. op(op(x10, x7), L(X, x10, T2)) -> op(x7, op(T(x10, L3), X))
  (delete rule 2524)
(46.285713) 4264. op(op(T2, X), T(x10, L3)) -> op(op(x7, X), x10)
  (delete rule 2555)
(46.571426) 4265. R(X, T3, T(Y, L3)) -> R(X, T3, Y)
  (delete rule 2557)
  (delete rule 2562)
  (delete rule 2563)
  (delete rule 2564)
  (delete rule 2565)
  (delete rule 2566)
  (delete rule 2567)
(26.285715) 4266. T(X, x7) -> T(X, L3)
  (delete rule 2568)
  (delete rule 2569)
  (delete rule 2570)
(28.285715) 4267. K(X, x7) -> K(X, L3)
  (delete rule 2571)
  (delete rule 2572)
  (delete rule 2575)
(30.285715) 4268. K(x7, X) -> K(L3, X)
  (delete rule 2576)
(30.57143) 4269. L(X, x7, X) -> L(X, L3, X)
  (delete rule 2577)
  (delete rule 2578)
(27.0) 4270. ldiv(L2, x7) -> rdiv(T2, T3)
  (delete rule 2579)
(31.0) 4271. a(x9, x8, L2) -> rdiv(T2, T3)
  (delete rule 2582)
(31.0) 4272. op(x7, T3) -> op(L2, T2)
  (delete rule 2584)
  (delete rule 2586)
  (delete rule 2587)
  (delete rule 2588)
  (delete rule 2589)
  (delete rule 2590)
  (delete rule 2592)
  (delete rule 2595)
  (delete rule 2606)
  (delete rule 2614)
  (delete rule 2615)
  (delete rule 2616)
  (delete rule 2617)
  (delete rule 2618)
  (delete rule 2619)
  (delete rule 2620)
  (delete rule 2622)
  (delete rule 2623)
  (delete rule 2633)
  (delete rule 2636)
  (delete rule 2637)
(33.0) 4273. ldiv(x7, L2) -> rdiv(L2, x7)
  (delete rule 2638)
  (delete rule 2639)
  (delete rule 2643)
  (delete rule 2644)
  (delete rule 2649)
  (delete rule 2650)
  (delete rule 2651)
  (delete rule 2652)
  (delete rule 2653)
  (delete rule 2654)
  (delete rule 2655)
  (delete rule 2656)
  (delete rule 2661)
  (delete rule 2662)
  (delete rule 2663)
  (delete rule 2667)
  (delete rule 2668)
  (delete rule 2670)
  (delete rule 2672)
  (delete rule 2673)
  (delete rule 2676)
(38.0) 4274. a(T3, T3, T3) -> a(L3, L3, L3)
  (delete rule 2677)
(38.0) 4275. a(x7, x7, x7) -> a(L3, L3, L3)
  (delete rule 2678)
(38.0) 4276. a(T2, x7, T2) -> a(L3, L3, L3)
  (delete rule 2681)
  (delete rule 2682)
  (delete rule 2683)
  (delete rule 2684)
(33.0) 4277. ldiv(T3, T2) -> rdiv(T2, T3)
  (delete rule 2688)
  (delete rule 2690)
  (delete rule 2697)
  (delete rule 2698)
  (delete rule 2699)
  (delete rule 2700)
  (delete rule 2702)
  (delete rule 2705)
  (delete rule 2707)
  (delete rule 2708)
  (delete rule 2709)
  (delete rule 2711)
  (delete rule 2712)
  (delete rule 2713)
  (delete rule 2714)
  (delete rule 2717)
  (delete rule 2718)
  (delete rule 2719)
  (delete rule 2720)
  (delete rule 2721)
  (delete rule 2723)
  (delete rule 2726)
  (delete rule 2727)
  (delete rule 2729)
  (delete rule 2731)
  (delete rule 2732)
  (delete rule 2733)
  (delete rule 2734)
  (delete rule 2735)
  (delete rule 2737)
  (delete rule 2738)
  (delete rule 2739)
  (delete rule 2742)
  (delete rule 2743)
  (delete rule 2744)
  (delete rule 2745)
  (delete rule 2746)
  (delete rule 2747)
  (delete rule 2749)
  (delete rule 2750)
  (delete rule 2756)
  (delete rule 2757)
  (delete rule 2758)
  (delete rule 2760)
  (delete rule 2761)
  (delete rule 2770)
  (delete rule 2771)
  (delete rule 2775)
  (delete rule 2776)
  (delete rule 2779)
(36.285713) 4278. op(rdiv(T2, T3), X) -> rdiv(X, rdiv(L2, x7))
  (delete rule 2780)
  (delete rule 2781)
  (delete rule 2782)
(39.0) 4279. ldiv(T3, op(x10, T2)) -> rdiv(x10, rdiv(T3, x7))
  (delete rule 2783)
  (delete rule 2786)
  (delete rule 2787)
(38.285713) 4280. ldiv(rdiv(L2, X), T2) -> rdiv(X, rdiv(L2, T2))
  (delete rule 2791)
(40.285713) 4281. op(T(L2, X), x7) -> op(L2, T(x7, X))
  (delete rule 2792)
(40.285713) 4282. op(T(L2, X), T2) -> op(L2, T(T2, X))
  (delete rule 2796)
(40.285713) 4283. ldiv(T(L2, X), x7) -> rdiv(T2, T(T3, X))
  (delete rule 2797)
(40.285713) 4284. ldiv(L2, T(x7, X)) -> rdiv(T(T2, X), T3)
  (delete rule 2798)
  (delete rule 2808)
(40.285713) 4285. op(T(L3, X), T2) -> op(L3, T(T2, X))
  (delete rule 2819)
  (delete rule 2820)
(40.285713) 4286. op(rdiv(X, T2), L3) -> rdiv(X, rdiv(T2, L3))
  (delete rule 2824)
(40.285713) 4287. op(rdiv(X, T2), L2) -> rdiv(X, rdiv(T2, L2))
  (delete rule 2825)
(40.285713) 4288. op(rdiv(X, x7), L2) -> rdiv(X, rdiv(T2, T3))
  (delete rule 2827)
(40.285713) 4289. op(rdiv(X, L2), T2) -> rdiv(T2, ldiv(X, L2))
  (delete rule 2828)
  (delete rule 2830)
(40.285713) 4290. ldiv(L2, op(x7, X)) -> rdiv(X, rdiv(L2, x7))
  (delete rule 2838)
  (delete rule 2839)
  (delete rule 2840)
(40.285713) 4291. op(X, rdiv(T2, T3)) -> rdiv(X, rdiv(L2, x7))
  (delete rule 2843)
  (delete rule 2845)
  (delete rule 2849)
  (delete rule 2850)
(39.0) 4292. ldiv(x7, op(L3, T2)) -> T(L3, x10)
  (delete rule 2851)
  (delete rule 2852)
  (delete rule 2853)
  (delete rule 2856)
  (delete rule 2857)
  (delete rule 2858)
  (delete rule 2859)
  (delete rule 2861)
  (delete rule 2863)
  (delete rule 2864)
  (delete rule 2865)
  (delete rule 2866)
  (delete rule 2867)
  (delete rule 2868)
  (delete rule 2870)
  (delete rule 2873)
  (delete rule 2874)
  (delete rule 2875)
  (delete rule 2876)
  (delete rule 2878)
  (delete rule 2879)
(49.0) 4293. rdiv(T2, ldiv(x10, T(T3, x10))) -> rdiv(x10, rdiv(T3, x7))
  (delete rule 2881)
  (delete rule 2882)
  (delete rule 2883)
  (delete rule 2884)
  (delete rule 2887)
  (delete rule 2892)
  (delete rule 2895)
  (delete rule 2896)
  (delete rule 2898)
  (delete rule 2899)
  (delete rule 2900)
  (delete rule 2903)
  (delete rule 2904)
  (delete rule 2907)
  (delete rule 2908)
  (delete rule 2913)
  (delete rule 2914)
  (delete rule 2920)
  (delete rule 2921)
  (delete rule 2922)
  (delete rule 2923)
  (delete rule 2924)
  (delete rule 2932)
(42.285713) 4294. op(T(x7, X), T3) -> op(L2, T(T2, X))
  (delete rule 2933)
(42.285713) 4295. op(T(T3, X), x7) -> op(L2, T(T2, X))
  (delete rule 2934)
(42.285713) 4296. op(T(L3, X), T3) -> op(L3, T(T3, X))
  (delete rule 2939)
(42.285713) 4297. ldiv(T3, op(T2, X)) -> rdiv(X, rdiv(L2, x7))
  (delete rule 2944)
(42.285713) 4298. op(rdiv(X, T2), T3) -> rdiv(X, rdiv(T2, T3))
  (delete rule 2947)
(42.285713) 4299. op(rdiv(X, T3), T2) -> rdiv(X, rdiv(L2, x7))
  (delete rule 2948)
(42.285713) 4300. op(rdiv(X, T3), x7) -> rdiv(X, rdiv(T3, x7))
  (delete rule 2959)
  (delete rule 2961)
  (delete rule 2962)
(42.285713) 4301. op(X, rdiv(T2, L2)) -> rdiv(X, rdiv(L2, T2))
  (delete rule 2963)
  (delete rule 2968)
  (delete rule 2977)
(37.714287) 4302. L(X, Y, rdiv(L2, x7)) -> X
  (delete rule 2979)
  (delete rule 2982)
  (delete rule 2983)
  (delete rule 2985)
  (delete rule 2991)
  (delete rule 2993)
  (delete rule 2994)
  (delete rule 2997)
  (delete rule 3001)
  (delete rule 3016)
(41.0) 4303. rdiv(op(L2, x10), T2) -> rdiv(T3, ldiv(x10, T2))
  (delete rule 3017)
  (delete rule 3023)
  (delete rule 3026)
  (delete rule 3027)
  (delete rule 3029)
  (delete rule 3030)
  (delete rule 3031)
  (delete rule 3032)
(39.0) 4304. L(L3, rdiv(L2, L3), L3) -> L3
  (delete rule 3035)
  (delete rule 3039)
  (delete rule 3040)
  (delete rule 3041)
  (delete rule 3042)
  (delete rule 3043)
  (delete rule 3044)
  (delete rule 3045)
  (delete rule 3048)
  (delete rule 3049)
  (delete rule 3050)
  (delete rule 3051)
  (delete rule 3053)
(41.0) 4305. rdiv(rdiv(T3, x7), T3) -> rdiv(zero, x7)
  (delete rule 3054)
  (delete rule 3056)
  (delete rule 3057)
  (delete rule 3058)
  (delete rule 3059)
  (delete rule 3060)
  (delete rule 3065)
  (delete rule 3067)
(43.0) 4306. rdiv(op(L2, T3), x7) -> rdiv(L2, rdiv(x7, T3))
  (delete rule 3068)
  (delete rule 3069)
  (delete rule 3071)
  (delete rule 3072)
  (delete rule 3073)
  (delete rule 3074)
  (delete rule 3075)
(43.0) 4307. ldiv(L2, op(x10, T2)) -> rdiv(T2, ldiv(x10, T3))
  (delete rule 3078)
  (delete rule 3081)
  (delete rule 3085)
  (delete rule 3086)
  (delete rule 3087)
  (delete rule 3089)
  (delete rule 3091)
  (delete rule 3092)
  (delete rule 3095)
  (delete rule 3096)
  (delete rule 3097)
  (delete rule 3098)
  (delete rule 3099)
  (delete rule 3101)
  (delete rule 3102)
  (delete rule 3104)
  (delete rule 3105)
  (delete rule 3107)
  (delete rule 3115)
  (delete rule 3129)
  (delete rule 3130)
  (delete rule 3131)
  (delete rule 3137)
  (delete rule 3139)
  (delete rule 3148)
  (delete rule 3149)
  (delete rule 3175)
  (delete rule 3176)
  (delete rule 3178)
(42.285713) 4308. op(rdiv(x7, T3), X) -> rdiv(X, rdiv(T3, x7))
  (delete rule 3179)
(42.285713) 4309. op(rdiv(T3, x7), X) -> rdiv(X, rdiv(x7, T3))
  (delete rule 3188)
  (delete rule 3189)
  (delete rule 3190)
  (delete rule 3191)
  (delete rule 3206)
  (delete rule 3208)
  (delete rule 3209)
  (delete rule 3214)
(52.285717) 4310. rdiv(T3, ldiv(ldiv(X, rdiv(T2, T3)), T2)) -> ldiv(X, zero)
  (delete rule 3215)
(52.285717) 4311. rdiv(T3, ldiv(rdiv(rdiv(T2, T3), X), T2)) -> rdiv(zero, X)
  (delete rule 3216)
  (delete rule 3218)
(52.285717) 4312. rdiv(L2, ldiv(rdiv(X, rdiv(L2, T2)), T2)) -> X
  (delete rule 3220)
(52.285717) 4313. rdiv(L3, ldiv(ldiv(X, rdiv(T2, L3)), T2)) -> ldiv(X, zero)
  (delete rule 3221)
  (delete rule 3226)
(52.285717) 4314. rdiv(L3, ldiv(rdiv(rdiv(T2, L3), X), T2)) -> rdiv(zero, X)
  (delete rule 3227)
  (delete rule 3228)
  (delete rule 3230)
(52.285717) 4315. rdiv(T2, ldiv(rdiv(X, rdiv(T2, T3)), T3)) -> X
  (delete rule 3236)
  (delete rule 3237)
(39.57143) 4316. T(X, rdiv(Y, T2)) -> T(X, rdiv(Y, L3))
  (delete rule 3238)
(39.57143) 4317. K(X, rdiv(Y, T2)) -> K(X, rdiv(Y, L3))
  (delete rule 3239)
(39.57143) 4318. K(rdiv(X, T2), Y) -> K(rdiv(X, L3), Y)
  (delete rule 3240)
  (delete rule 3241)
  (delete rule 3250)
  (delete rule 3255)
  (delete rule 3256)
  (delete rule 3257)
  (delete rule 3258)
  (delete rule 3259)
(42.285713) 4319. ldiv(ldiv(X, T2), T2) -> ldiv(ldiv(X, L3), L3)
  (delete rule 3264)
  (delete rule 3265)
  (delete rule 3266)
  (delete rule 3267)
  (delete rule 3268)
  (delete rule 3270)
  (delete rule 3275)
  (delete rule 3276)
  (delete rule 3277)
(40.285713) 4320. op(x7, rdiv(X, x7)) -> op(L3, rdiv(X, L3))
  (delete rule 3280)
(40.285713) 4321. op(ldiv(x7, X), x7) -> op(ldiv(L3, X), L3)
  (delete rule 3284)
(44.285713) 4322. rdiv(L3, ldiv(ldiv(L3, X), T2)) -> ldiv(T2, X)
  (delete rule 3286)
  (delete rule 3288)
  (delete rule 3290)
  (delete rule 3297)
  (delete rule 3298)
  (delete rule 3304)
  (delete rule 3306)
(44.285713) 4323. rdiv(T2, ldiv(ldiv(X, L3), L3)) -> ldiv(X, T2)
  (delete rule 3315)
  (delete rule 3316)
  (delete rule 3317)
  (delete rule 3318)
(59.57143) 4324. K(rdiv(L3, ldiv(X, L2)), rdiv(L3, X)) -> K(X, rdiv(L3, X))
  (delete rule 3319)
  (delete rule 3326)
(44.285713) 4325. rdiv(L3, ldiv(rdiv(X, L3), T2)) -> rdiv(X, T2)
  (delete rule 3331)
(60.285717) 4326. rdiv(T2, ldiv(rdiv(T(x7, X), T2), T3)) -> rdiv(T(x7, X), T3)
  (delete rule 3336)
(44.285713) 4327. op(x7, op(T3, X)) -> op(L2, op(T2, X))
  (delete rule 3337)
(44.285713) 4328. op(x7, T(T3, X)) -> op(L2, T(T2, X))
  (delete rule 3341)
  (delete rule 3342)
  (delete rule 3343)
  (delete rule 3344)
  (delete rule 3368)
  (delete rule 3376)
  (delete rule 3378)
(45.0) 4329. R(rdiv(zero, L2), T2, L2) -> rdiv(L3, op(L3, L2))
  (delete rule 3381)
  (delete rule 3386)
(45.0) 4330. R(x7, rdiv(zero, L3), x7) -> ldiv(ldiv(x7, zero), zero)
  (delete rule 3399)
  (delete rule 3400)
  (delete rule 3401)
  (delete rule 3402)
  (delete rule 3403)
  (delete rule 3404)
  (delete rule 3405)
  (delete rule 3407)
  (delete rule 3408)
  (delete rule 3409)
  (delete rule 3410)
  (delete rule 3413)
  (delete rule 3415)
(45.0) 4331. ldiv(op(L2, T2), x7) -> ldiv(op(L3, T3), L3)
  (delete rule 3424)
  (delete rule 3432)
  (delete rule 3436)
  (delete rule 3437)
  (delete rule 3440)
  (delete rule 3445)
(45.0) 4332. ldiv(T3, rdiv(T2, L3)) -> ldiv(L3, rdiv(T2, T3))
  (delete rule 3447)
  (delete rule 3448)
  (delete rule 3451)
  (delete rule 3467)
  (delete rule 3495)
  (delete rule 3502)
  (delete rule 3513)
  (delete rule 3526)
  (delete rule 3530)
  (delete rule 3545)
  (delete rule 3551)
(61.57143) 4333. T(X, op(Y, rdiv(L3, rdiv(x7, T3)))) -> T(X, op(Y, L3))
  (delete rule 3558)
  (delete rule 3559)
  (delete rule 3563)
  (delete rule 3597)
(69.71429) 4334. T(rdiv(T3, ldiv(T(rdiv(X, L2), rdiv(X, L3)), T2)), rdiv(X, L3)) -> rdiv(X, x7)
  (delete rule 3617)
  (delete rule 3701)
  (delete rule 3712)
  (delete rule 3714)
  (delete rule 3715)
  (delete rule 3724)
(42.285713) 4335. ldiv(op(X, T2), T2) -> ldiv(op(X, L3), L3)
  (delete rule 3725)
  (delete rule 3727)
  (delete rule 3728)
(44.285713) 4336. op(op(X, T2), L2) -> op(op(X, L2), T2)
  (delete rule 3733)
(44.285713) 4337. ldiv(op(T2, X), T2) -> ldiv(op(L3, X), L3)
  (delete rule 3736)
  (delete rule 3737)
(45.0) 4338. op(op(x10, L2), T2) -> op(op(L2, x10), x7)
  (delete rule 3757)
(44.285713) 4339. rdiv(T2, ldiv(op(L3, X), L3)) -> op(T2, X)
  (delete rule 3766)
(38.285713) 4340. rdiv(x7, op(X, x7)) -> rdiv(L3, op(X, L3))
  (delete rule 3769)
(40.285713) 4341. rdiv(x7, op(x7, X)) -> rdiv(L3, op(L3, X))
  (delete rule 3771)
  (delete rule 3773)
  (delete rule 3779)
(42.285713) 4342. rdiv(T2, op(T2, X)) -> rdiv(L3, op(L3, X))
  (delete rule 3780)
  (delete rule 3789)
(42.285713) 4343. ldiv(ldiv(x7, X), T3) -> ldiv(ldiv(L2, X), T2)
  (delete rule 3790)
  (delete rule 3791)
  (delete rule 3792)
  (delete rule 3793)
  (delete rule 3796)
  (delete rule 3803)
  (delete rule 3804)
  (delete rule 3805)
  (delete rule 3816)
  (delete rule 3819)
(41.0) 4344. op(x7, op(L3, x10)) -> op(L3, op(x10, T2))
  (delete rule 3832)
  (delete rule 3842)
  (delete rule 3846)
  (delete rule 3851)
  (delete rule 3852)
  (delete rule 3871)
  (delete rule 3876)
  (delete rule 3913)
  (delete rule 3949)
  (delete rule 3962)
(46.285713) 4345. rdiv(T3, ldiv(T(X, L3), T2)) -> ldiv(T2, op(X, T3))
  (delete rule 3963)
(41.0) 4346. ldiv(x7, op(L3, T3)) -> rdiv(L3, rdiv(x7, T3))
  (delete rule 3964)
(43.0) 4347. rdiv(op(L3, T3), x7) -> rdiv(L3, rdiv(x7, T3))
  (delete rule 3981)
(46.285713) 4348. T(rdiv(X, rdiv(T2, T3)), L3) -> ldiv(T2, op(X, T3))
  (delete rule 4021)
(38.0) 4349. ldiv(L(x7, x10, T2), L2) -> ldiv(L(T2, x10, T2), T3)
(38.0) 4350. L(T2, x10, T2) -> L(T2, x10, L3)
(77.14286) 4351. rdiv(L2, rdiv(L2, rdiv(ldiv(ldiv(X, L3), L3), K(rdiv(zero, X), X)))) -> ldiv(ldiv(X, zero), zero)
(38.285713) 4352. ldiv(ldiv(X, x7), L2) -> ldiv(ldiv(X, T2), T3)
(38.285713) 4353. op(T3, ldiv(L3, X)) -> rdiv(T3, ldiv(X, L3))
(54.85714) 4354. K(X, rdiv(op(x7, op(Y, Z)), L3)) -> K(X, op(Y, Z))
(40.0) 4355. rdiv(a(L2, x10, L2), x7) -> rdiv(zero, L(x7, x10, T2))
(40.285713) 4356. rdiv(T(x7, X), T2) -> rdiv(T(L2, X), T3)
(40.285713) 4357. rdiv(X, rdiv(x7, T3)) = rdiv(T3, ldiv(X, x7))
(40.285713) 4358. ldiv(rdiv(X, x7), T3) -> ldiv(rdiv(X, L2), T2)
(40.285713) 4359. ldiv(rdiv(T2, X), T3) -> rdiv(X, rdiv(T2, T3))
(40.285713) 4360. op(rdiv(X, L3), T3) -> rdiv(T3, ldiv(X, L3))
(41.0) 4361. ldiv(op(x10, L3), x7) -> ldiv(op(L3, x10), T2)
(41.0) 4362. rdiv(x7, op(x10, L3)) -> rdiv(T2, op(L3, x10))
(41.0) 4363. ldiv(op(x10, L3), L2) -> ldiv(op(L3, x10), T3)
(41.0) 4364. rdiv(op(x10, T2), T3) -> rdiv(T2, ldiv(x10, T3))
(41.285713) 4365. R(X, T2, L2) -> R(X, L2, T2)
(41.857143) 4366. L(X, rdiv(x7, X), X) -> L(X, rdiv(L3, X), X)
(42.285713) 4367. rdiv(op(X, T3), x7) -> rdiv(X, rdiv(x7, T3))
(42.285713) 4368. ldiv(rdiv(L3, X), T3) -> rdiv(T3, ldiv(X, L3))
(42.285713) 4369. ldiv(T(L3, X), T3) -> rdiv(T3, T(L3, X))
(42.285713) 4370. ldiv(rdiv(x7, X), T3) -> rdiv(X, rdiv(x7, T3))
(42.285713) 4371. ldiv(op(X, op(x10, x7)), L2) -> ldiv(op(X, op(x10, T2)), T3)
(42.285713) 4372. ldiv(op(op(x10, x7), X), L2) -> ldiv(op(op(x10, T2), X), T3)
(42.285713) 4373. ldiv(rdiv(X, T2), T3) -> ldiv(rdiv(X, T3), T2)
(42.285713) 4374. ldiv(rdiv(T2, X), L2) -> rdiv(X, rdiv(T2, L2))
(43.0) 4375. a(rdiv(L3, x7), rdiv(L3, x7), rdiv(L3, x7)) -> zero
(43.0) 4376. T(L3, rdiv(op(L2, x10), L3)) -> T(L3, x10)
(43.0) 4377. K(rdiv(op(T3, x10), L3), L3) -> rdiv(L2, T3)
(43.0) 4378. op(ldiv(L3, op(T3, x10)), L3) -> op(L2, x10)
(39.0) 4379. ldiv(L3, op(T3, x10)) -> rdiv(op(L2, x10), L3)
(43.0) 4380. K(L3, rdiv(L3, L(x7, x10, T2))) -> zero
(43.0) 4381. K(rdiv(L3, L(x7, x10, T2)), L3) -> zero
(43.0) 4382. ldiv(T3, op(L3, rdiv(x10, L3))) -> rdiv(x10, T3)
(43.0) 4383. op(L2, rdiv(T3, L3)) -> rdiv(L2, rdiv(L3, T3))
(43.571426) 4384. T(X, op(L3, rdiv(Y, T3))) -> T(X, Y)
(43.57143) 4385. T(X, op(T3, Y)) -> T(X, op(L3, Y))
(59.57143) 4386. T(X, op(L3, rdiv(L3, rdiv(T3, Y)))) -> T(X, op(Y, L3))
(43.57143) 4387. T(X, op(x7, Y)) -> T(X, op(L3, Y))
(59.57143) 4388. T(X, op(L3, rdiv(L3, rdiv(x7, Y)))) -> T(X, op(Y, L3))
(43.714287) 4389. R(X, rdiv(x7, T3), X) -> X
(43.857143) 4390. L(T(X, Y), L2, X) -> L(T(X, Y), L3, X)
(44.0) 4391. ldiv(ldiv(L(T2, x10, L3), T3), L2) -> L(x7, x10, T2)
(40.0) 4392. ldiv(L(T2, x10, L3), T3) -> rdiv(L2, L(x7, x10, T2))
(44.0) 4393. ldiv(L(x7, x10, T2), zero) -> ldiv(x7, a(L2, x10, L2))
(44.0) 4394. rdiv(L(x7, x10, T2), x7) -> rdiv(L2, R(L2, x10, L2))
(44.285713) 4395. rdiv(L2, rdiv(L2, T(x7, X))) -> T(x7, X)
(44.285713) 4396. rdiv(L2, ldiv(rdiv(X, L2), T3)) -> rdiv(X, T3)
(44.285713) 4397. rdiv(L2, ldiv(op(L3, X), L3)) -> op(L2, X)
(40.285713) 4398. op(L2, ldiv(L3, X)) -> rdiv(L2, ldiv(X, L3))
(44.285713) 4399. R(X, x7, rdiv(L2, x7)) -> X
(44.285713) 4400. rdiv(X, rdiv(L2, T2)) = rdiv(T2, ldiv(X, L2))
(44.285713) 4401. T(X, rdiv(L3, L(x7, x10, T2))) -> X
(44.0) 4402. ldiv(L(x7, x10, T2), L3) -> rdiv(L3, L(x7, x10, T2))
(44.285713) 4403. R(X, rdiv(x7, T3), T3) -> X
(44.285713) 4404. ldiv(rdiv(L3, X), L2) -> rdiv(L2, ldiv(X, L3))
(44.285713) 4405. ldiv(op(x10, op(x7, X)), L2) -> ldiv(op(x10, op(T2, X)), T3)
(44.428574) 4406. op(T(L3, X), rdiv(T3, T(L3, X))) -> T3
(44.428574) 4407. op(T(x7, X), rdiv(L2, T(x7, X))) -> L2
(45.0) 4408. rdiv(x10, rdiv(L2, T(T3, x10))) -> rdiv(op(T2, x10), x7)
(37.0) 4409. rdiv(op(T2, x10), x7) -> rdiv(op(T3, x10), L2)
(45.0) 4410. op(ldiv(T3, op(x10, L2)), T2) -> op(T(x10, L3), x7)
(45.0) 4411. L(x7, rdiv(zero, L3), L3) -> rdiv(zero, rdiv(zero, x7))
(45.0) 4412. rdiv(T(L3, x10), rdiv(L3, x7)) -> T2
(45.0) 4413. K(L3, rdiv(R(L2, x10, L2), L3)) -> zero
(45.0) 4414. K(rdiv(R(L2, x10, L2), L3), L3) -> zero
(44.0) 4415. ldiv(L3, R(L2, x10, L2)) -> rdiv(R(L2, x10, L2), L3)
(45.0) 4416. op(op(x10, x7), op(T3, x10)) -> op(op(x10, T2), op(L2, x10))
(42.0) 4417. R(x10, x7, op(T3, x10)) -> R(x10, T2, op(L2, x10))
(45.0) 4418. op(L2, rdiv(T2, rdiv(T3, x7))) -> op(x7, x7)
(45.0) 4419. K(L3, L(T2, x10, L3)) -> zero
(45.0) 4420. rdiv(T3, rdiv(L3, L2)) -> rdiv(L2, rdiv(L3, T3))
(45.0) 4421. rdiv(op(L2, x10), x7) -> rdiv(T3, ldiv(x10, x7))
(45.0) 4422. op(op(T3, x10), op(x10, x7)) -> op(op(L2, x10), op(x10, T2))
(45.0) 4423. op(L3, rdiv(op(L2, x10), L3)) -> op(T3, x10)
(45.0) 4424. K(L3, rdiv(op(L2, x10), L3)) -> rdiv(T3, L2)
(45.0) 4425. K(rdiv(op(L2, x10), L3), L3) -> rdiv(L2, T3)
(45.0) 4426. T(x7, rdiv(op(L2, x10), L3)) -> T2
(45.0) 4427. T(L2, rdiv(op(L2, x10), L3)) -> T3
(45.0) 4428. rdiv(op(ldiv(L3, x10), L3), T3) -> ldiv(T3, x10)
(45.0) 4429. L(L2, rdiv(L2, L3), L2) -> L2
(45.0) 4430. op(x7, rdiv(T3, L3)) -> rdiv(L2, rdiv(L3, T2))
(45.0) 4431. K(L(T2, x10, L3), L3) -> zero
(45.0) 4432. rdiv(L2, rdiv(L2, T(T2, x10))) -> T(T2, x10)
(45.0) 4433. op(T(T2, x10), rdiv(L2, T(T2, x10))) -> L2
(45.285713) 4434. op(L(L3, X, L3), T3) -> op(T3, L(L3, X, L3))
(45.285713) 4435. ldiv(L(L3, X, L3), T2) -> rdiv(T2, L(L3, X, L3))
(45.285713) 4436. L(L3, rdiv(X, L2), L3) -> L(L3, rdiv(X, L3), L3)
(45.571426) 4437. T(X, op(L3, rdiv(Y, T2))) -> T(X, Y)
(45.571426) 4438. K(X, op(L3, rdiv(Y, T2))) -> K(X, Y)
(69.57143) 4439. T(X, op(L3, rdiv(rdiv(Y, rdiv(zero, op(x10, x7))), L2))) -> T(X, op(Y, op(T2, x10)))
(61.571426) 4440. T(X, op(L3, rdiv(rdiv(Y, op(x10, T2)), L2))) -> T(X, rdiv(Y, op(T2, x10)))
(45.571426) 4441. K(X, rdiv(op(Y, L2), L3)) -> K(X, Y)
(45.571426) 4442. K(rdiv(op(L2, X), L3), Y) -> K(X, Y)
(45.571426) 4443. K(rdiv(op(X, T3), L3), Y) -> K(X, Y)
(45.571426) 4444. T(X, rdiv(L3, ldiv(Y, T3))) -> T(X, Y)
(44.285713) 4445. T(X, L(T2, x10, L3)) -> T(X, L3)
(45.571426) 4446. K(X, rdiv(L3, ldiv(Y, T3))) -> K(X, Y)
(44.285713) 4447. K(X, L(T2, x10, L3)) -> K(X, L3)
(45.571426) 4448. K(rdiv(L3, ldiv(X, T3)), Y) -> K(X, Y)
(69.57143) 4449. T(X, op(L3, rdiv(rdiv(Y, rdiv(zero, op(x10, T2))), L2))) -> T(X, op(Y, op(T2, x10)))
(61.571426) 4450. T(X, op(L3, rdiv(rdiv(Y, op(T2, x10)), L2))) -> T(X, rdiv(Y, op(T2, x10)))
(45.571426) 4451. K(op(T2, rdiv(X, T3)), Y) -> K(X, Y)
(45.571426) 4452. T(X, rdiv(op(Y, T3), L3)) -> T(X, Y)
(45.571426) 4453. K(op(L2, rdiv(X, L3)), Y) -> K(X, Y)
(45.571426) 4454. K(op(X, rdiv(L3, T3)), Y) -> K(X, Y)
(45.57143) 4455. K(op(T3, X), Y) -> K(op(L3, X), Y)
(45.57143) 4456. K(X, op(T3, Y)) -> K(X, op(L3, Y))
(45.57143) 4457. K(op(x7, X), Y) -> K(op(L3, X), Y)
(45.57143) 4458. K(X, op(x7, Y)) -> K(X, op(L3, Y))
(45.714287) 4459. T(ldiv(ldiv(X, T2), T3), X) -> ldiv(ldiv(X, T2), T3)
(45.714287) 4460. T(op(T3, X), op(L3, X)) -> op(T3, X)
(46.285713) 4461. rdiv(x7, ldiv(ldiv(X, L3), L3)) -> ldiv(X, x7)
(42.285713) 4462. ldiv(rdiv(L3, X), x7) -> rdiv(x7, ldiv(X, L3))
(45.714287) 4463. T(ldiv(X, L2), rdiv(L3, X)) -> ldiv(X, L2)
(45.857143) 4464. ldiv(ldiv(X, x7), ldiv(X, T2)) -> rdiv(T3, L2)
(45.857143) 4465. rdiv(ldiv(X, x7), ldiv(X, T2)) -> rdiv(L2, T3)
(45.857143) 4466. ldiv(ldiv(X, T2), ldiv(X, x7)) -> rdiv(L2, T3)
(45.857143) 4467. L(X, Y, rdiv(Z, x7)) -> L(X, Y, rdiv(Z, T2))
(45.857143) 4468. ldiv(rdiv(x7, X), rdiv(T2, X)) -> rdiv(T3, L2)
(45.857143) 4469. rdiv(rdiv(x7, X), rdiv(T2, X)) -> rdiv(L2, T3)
(45.857143) 4470. ldiv(rdiv(T2, X), rdiv(x7, X)) -> rdiv(L2, T3)
(45.857143) 4471. K(rdiv(X, rdiv(x7, L3)), X) -> zero
(45.857143) 4472. L(X, rdiv(x7, Y), Z) -> L(X, rdiv(T2, Y), Z)
(45.857143) 4473. L(X, Y, rdiv(x7, Z)) -> L(X, Y, rdiv(T2, Z))
(45.857143) 4474. a(X, rdiv(x7, T3), X) -> zero
(45.857143) 4475. ldiv(rdiv(X, T3), rdiv(X, L2)) -> rdiv(T3, L2)
(45.857143) 4476. rdiv(rdiv(X, T3), rdiv(X, L2)) -> rdiv(L2, T3)
(45.857143) 4477. ldiv(rdiv(X, L2), rdiv(X, T3)) -> rdiv(L2, T3)
(46.0) 4478. rdiv(T3, L(T3, L3, L2)) -> a(L3, L3, L3)
(46.0) 4479. rdiv(x7, L(T2, L3, T2)) -> rdiv(L2, L(T3, L3, L2))
(46.0) 4480. ldiv(x7, L(L2, L3, L2)) -> rdiv(L(L2, L3, L2), x7)
(46.0) 4481. ldiv(x7, L(T3, x10, L2)) -> rdiv(L(T3, x10, L2), x7)
(46.0) 4482. rdiv(L(T3, x10, L2), x7) -> rdiv(T3, R(x7, x10, T2))
(46.0) 4483. rdiv(R(x7, x10, T2), x7) -> a(L2, x10, L2)
(60.857143) 4484. ldiv(op(X, rdiv(T2, L(x7, x10, T2))), op(X, T2)) -> L(x7, x10, T2)
(46.0) 4485. ldiv(x7, L(x7, x10, T2)) -> rdiv(L2, R(L2, x10, L2))
(46.0) 4486. ldiv(R(L2, x10, L2), L3) -> rdiv(L3, R(L2, x10, L2))
(46.0) 4487. ldiv(T2, L(L3, L3, L3)) -> rdiv(L(L3, L3, L3), T2)
(46.0) 4488. ldiv(R(L3, L3, L3), T2) -> rdiv(T2, R(L3, L3, L3))
(46.0) 4489. ldiv(L(x7, x10, T2), T2) -> rdiv(T2, L(x7, x10, T2))
(46.0) 4490. ldiv(T2, R(L2, x10, L2)) -> rdiv(R(L2, x10, L2), T2)
(46.142857) 4491. rdiv(X, rdiv(X, L2)) = rdiv(L2, K(L3, rdiv(X, L3)))
(45.571426) 4492. K(X, op(Y, rdiv(L3, L2))) -> K(X, Y)
(45.857143) 4493. K(op(X, rdiv(L3, L2)), X) -> zero
(46.285713) 4494. rdiv(op(X, x7), L3) -> rdiv(X, rdiv(L3, x7))
(46.285713) 4495. ldiv(x7, op(L3, X)) -> rdiv(X, rdiv(x7, L3))
(54.285717) 4496. rdiv(rdiv(X, rdiv(x7, L3)), rdiv(L3, x7)) -> X
(43.714287) 4497. R(X, rdiv(L3, x7), X) -> X
(45.857143) 4498. a(X, rdiv(L3, x7), X) -> zero
(54.285717) 4499. rdiv(rdiv(X, rdiv(L3, x7)), rdiv(x7, L3)) -> X
(46.285713) 4500. ldiv(T3, rdiv(X, rdiv(T2, T3))) -> ldiv(T2, X)
(42.285713) 4501. rdiv(ldiv(x7, X), T3) -> rdiv(ldiv(T2, X), L2)
(44.285713) 4502. ldiv(T3, ldiv(x7, X)) -> ldiv(L2, ldiv(T2, X))
(46.285713) 4503. ldiv(rdiv(X, rdiv(T2, T3)), T3) -> ldiv(X, T2)
(42.285713) 4504. rdiv(ldiv(X, x7), L2) -> rdiv(ldiv(X, T2), T3)
(44.285713) 4505. ldiv(T3, ldiv(X, T2)) -> ldiv(L2, ldiv(X, x7))
(54.285717) 4506. rdiv(T3, ldiv(rdiv(X, rdiv(T3, x7)), x7)) -> X
(46.285713) 4507. ldiv(T(L3, X), L2) -> rdiv(L2, T(L3, X))
(46.285713) 4508. ldiv(L3, T(L2, X)) -> rdiv(T(L2, X), L3)
(46.285713) 4509. ldiv(L3, T(T3, X)) -> rdiv(T(T3, X), L3)
(46.285713) 4510. rdiv(T3, rdiv(X, rdiv(T2, T3))) -> rdiv(T2, X)
(46.285713) 4511. ldiv(L2, T(L3, X)) -> rdiv(T(L3, X), L2)
(62.285717) 4512. rdiv(T3, ldiv(rdiv(op(X, L2), L3), L2)) -> ldiv(L3, op(T3, X))
(46.285713) 4513. rdiv(T2, rdiv(T2, T(T3, X))) -> T(T3, X)
(46.285713) 4514. T(X, R(L2, L2, x7)) -> T(X, L3)
(46.285713) 4515. K(R(L2, L2, x7), X) -> K(L3, X)
(46.285713) 4516. K(X, R(L2, L2, x7)) -> K(X, L3)
(69.71428) 4517. rdiv(op(L2, op(T2, X)), K(L3, op(X, L3))) -> op(op(L2, X), T2)
(46.285713) 4518. op(T2, op(T3, X)) -> op(T3, op(T2, X))
(46.285713) 4519. op(op(X, T3), x7) -> op(op(X, L2), T2)
(43.285713) 4520. R(X, T3, x7) -> R(X, L2, T2)
(46.285713) 4521. rdiv(T3, ldiv(X, T2)) -> rdiv(L2, ldiv(X, x7))
(46.285713) 4522. T(X, rdiv(zero, rdiv(L3, T3))) -> X
(45.0) 4523. ldiv(rdiv(L3, T3), zero) -> rdiv(zero, rdiv(L3, T3))
(46.285713) 4524. T(X, R(L3, L3, T2)) -> T(X, L3)
(46.285713) 4525. K(R(L3, L3, T2), X) -> K(L3, X)
(46.285713) 4526. K(X, R(L3, L3, T2)) -> K(X, L3)
(46.285713) 4527. op(x7, op(L3, X)) -> op(L3, op(x7, X))
(46.285713) 4528. ldiv(x7, ldiv(X, L2)) -> ldiv(T2, ldiv(X, T3))
(46.285713) 4529. op(op(X, T2), T3) -> op(op(X, T3), T2)
(43.285713) 4530. R(X, T2, T3) -> R(X, T3, T2)
(46.285713) 4531. rdiv(L2, rdiv(X, rdiv(T2, L2))) -> rdiv(T2, X)
(46.285713) 4532. rdiv(T3, rdiv(L2, T(x7, X))) -> T(T2, X)
(46.285713) 4533. rdiv(L2, ldiv(op(T2, X), x7)) -> op(T3, X)
(42.285713) 4534. ldiv(op(T2, X), x7) -> ldiv(op(T3, X), L2)
(44.285713) 4535. ldiv(op(X, T2), x7) -> ldiv(op(X, T3), L2)
(46.285713) 4536. ldiv(op(L3, ldiv(x7, X)), L3) -> ldiv(X, x7)
(42.285713) 4537. op(L3, ldiv(x7, X)) -> rdiv(L3, ldiv(X, x7))
(42.285713) 4538. op(T3, ldiv(x7, X)) -> rdiv(X, rdiv(x7, T3))
(44.285713) 4539. ldiv(op(X, T3), T2) -> ldiv(op(X, L2), x7)
(44.285713) 4540. op(L3, ldiv(L2, X)) -> rdiv(L3, ldiv(X, L2))
(46.285713) 4541. rdiv(x7, ldiv(op(L3, X), L3)) -> op(x7, X)
(42.285713) 4542. op(x7, ldiv(L3, X)) -> rdiv(x7, ldiv(X, L3))
(46.285713) 4543. rdiv(x7, ldiv(op(X, L3), L3)) -> op(X, x7)
(46.285713) 4544. rdiv(x7, rdiv(L2, T(T3, X))) -> T(T2, X)
(61.142857) 4545. ldiv(X, rdiv(T3, ldiv(op(X, op(Y, x7)), L2))) -> op(Y, T2)
(44.285713) 4546. ldiv(T3, op(X, T2)) -> ldiv(L2, op(X, x7))
(44.285713) 4547. rdiv(T3, op(X, T2)) -> rdiv(L2, op(X, x7))
(44.285713) 4548. rdiv(op(X, T2), T3) -> rdiv(X, rdiv(L2, x7))
(46.285713) 4549. rdiv(x7, rdiv(X, rdiv(T3, x7))) -> rdiv(T3, X)
(46.285713) 4550. op(L3, rdiv(X, rdiv(L3, x7))) -> op(x7, X)
(43.0) 4551. op(x7, rdiv(L3, L2)) -> rdiv(L3, rdiv(L2, x7))
(46.285713) 4552. rdiv(L2, ldiv(op(X, L3), L3)) -> op(X, L2)
(53.142857) 4553. rdiv(T(T(T2, X), X), K(L3, X)) -> T(T2, X)
(46.285713) 4554. rdiv(T2, rdiv(X, rdiv(L2, T2))) -> rdiv(L2, X)
(46.285713) 4555. ldiv(rdiv(X, rdiv(L2, T2)), T2) -> ldiv(X, L2)
(46.285713) 4556. rdiv(L3, rdiv(L3, ldiv(X, x7))) -> rdiv(x7, X)
(42.285713) 4557. rdiv(x7, rdiv(x7, X)) -> rdiv(L3, rdiv(L3, X))
(44.285713) 4558. rdiv(T2, rdiv(T2, X)) -> rdiv(L3, rdiv(L3, X))
(46.285713) 4559. K(L(T2, x10, L3), X) -> K(L3, X)
(46.285713) 4560. ldiv(T3, rdiv(T3, ldiv(X, L3))) -> ldiv(L3, X)
(42.285713) 4561. ldiv(T3, rdiv(T3, X)) -> ldiv(L3, rdiv(L3, X))
(42.285713) 4562. ldiv(T3, ldiv(X, T3)) -> ldiv(L3, ldiv(X, L3))
(44.285713) 4563. ldiv(L2, ldiv(X, L2)) -> ldiv(L3, ldiv(X, L3))
(46.285713) 4564. rdiv(rdiv(T3, ldiv(X, L3)), T3) -> rdiv(X, L3)
(42.285713) 4565. rdiv(rdiv(T3, X), T3) -> rdiv(rdiv(L3, X), L3)
(42.285713) 4566. rdiv(ldiv(X, T3), T3) -> rdiv(ldiv(X, L3), L3)
(44.285713) 4567. rdiv(ldiv(X, L2), L2) -> rdiv(ldiv(X, L3), L3)
(46.285713) 4568. rdiv(T3, ldiv(op(L3, X), L2)) -> op(T(L3, x10), X)
(46.285713) 4569. rdiv(T3, ldiv(op(X, L3), L2)) -> op(X, T(L3, x10))
(46.285713) 4570. ldiv(op(x10, op(X, x7)), L2) -> ldiv(op(x10, op(X, T2)), T3)
(69.71429) 4571. rdiv(ldiv(op(x10, op(T2, X)), T3), K(op(X, L3), x10)) -> ldiv(op(op(x7, X), x10), L2)
(46.285713) 4572. K(X, rdiv(op(T3, x10), L3)) -> K(X, x10)
(46.285713) 4573. K(op(L3, rdiv(x10, T3)), X) -> K(x10, X)
(46.285713) 4574. rdiv(op(ldiv(L3, X), L3), L2) -> ldiv(L2, X)
(42.285713) 4575. ldiv(L2, op(L3, X)) -> rdiv(op(X, L3), L2)
(44.285713) 4576. ldiv(T3, op(L3, X)) -> rdiv(op(X, L3), T3)
(44.285713) 4577. rdiv(op(X, L3), x7) -> rdiv(X, rdiv(x7, L3))
(46.285713) 4578. ldiv(op(T3, X), T2) -> ldiv(op(L2, X), x7)
(46.285713) 4579. op(L3, ldiv(T3, X)) -> rdiv(L3, ldiv(X, T3))
(46.285713) 4580. rdiv(T3, op(T2, X)) -> rdiv(L2, op(x7, X))
(46.285713) 4581. R(X, rdiv(L2, x7), T2) -> X
(46.285713) 4582. rdiv(op(X, x7), T3) -> rdiv(X, rdiv(T3, x7))
(46.285713) 4583. rdiv(x7, rdiv(T2, X)) -> rdiv(L2, rdiv(T3, X))
(46.285713) 4584. R(X, rdiv(x7, L3), L3) -> X
(46.428574) 4585. op(T(L3, X), rdiv(T2, T(L3, X))) -> T2
(46.428574) 4586. op(T(L3, X), rdiv(x7, T(L3, X))) -> x7
(46.428574) 4587. op(T(T2, X), rdiv(L3, T(T2, X))) -> L3
(46.428574) 4588. op(T(L2, X), rdiv(T2, T(L2, X))) -> T2
(46.428574) 4589. R(rdiv(x7, L3), X, rdiv(x7, L3)) -> rdiv(x7, L3)
(46.428574) 4590. R(rdiv(L3, x7), X, rdiv(L3, x7)) -> rdiv(L3, x7)
(46.428574) 4591. rdiv(rdiv(T(T2, X), L3), T(T2, X)) -> rdiv(zero, L3)
(46.428574) 4592. ldiv(T(T2, X), rdiv(T(T2, X), L3)) -> ldiv(L3, zero)
(46.428574) 4593. K(X, rdiv(zero, rdiv(L3, T3))) -> zero
(46.428574) 4594. K(rdiv(L3, L(x7, x10, T2)), X) -> zero
(46.428574) 4595. K(X, rdiv(L3, L(x7, x10, T2))) -> zero
(46.428574) 4596. op(T(x7, X), rdiv(T3, T(x7, X))) -> T3
(46.428574) 4597. K(rdiv(zero, rdiv(L3, T3)), X) -> zero
(46.428574) 4598. op(T(T3, X), rdiv(T2, T(T3, X))) -> T2
(46.428574) 4599. a(rdiv(x7, L3), X, rdiv(x7, L3)) -> zero
(46.428574) 4600. a(rdiv(L3, x7), X, rdiv(L3, x7)) -> zero
(46.571426) 4601. R(X, L3, ldiv(T2, Y)) -> R(X, L3, rdiv(Y, T2))
(46.571426) 4602. R(X, L3, ldiv(x7, Y)) -> R(X, L3, rdiv(Y, x7))
(46.571426) 4603. R(X, L3, ldiv(L2, Y)) -> R(X, L3, rdiv(Y, L2))
(46.571426) 4604. R(X, L3, ldiv(T3, Y)) -> R(X, L3, rdiv(Y, T3))
(46.571426) 4605. a(ldiv(X, Y), ldiv(X, Y), ldiv(X, Y)) -> a(rdiv(Y, X), rdiv(Y, X), rdiv(Y, X))
(46.571426) 4606. R(X, x7, ldiv(L2, Y)) -> R(X, x7, rdiv(Y, L2))
(46.571426) 4607. R(X, T2, ldiv(L3, Y)) -> R(X, T2, rdiv(Y, L3))
(46.57143) 4608. ldiv(op(X, ldiv(Y, Z)), op(X, Z)) = L(T(Y, rdiv(Z, Y)), rdiv(Z, Y), X)
(52.85714) 4609. L(ldiv(ldiv(X, zero), zero), rdiv(zero, X), Y) = ldiv(op(Y, ldiv(X, zero)), Y)
(47.428574) 4610. rdiv(op(X, ldiv(ldiv(Y, Z), Z)), Z) = rdiv(op(X, Y), op(ldiv(Y, Z), Y))
(47.428574) 4611. rdiv(op(X, Y), op(ldiv(Y, Z), Y)) = rdiv(op(X, T(Y, rdiv(Z, Y))), Z)
(47.428574) 4612. rdiv(op(X, T(Y, Z)), op(Z, Y)) = rdiv(op(X, Y), op(T(Z, Y), Y))
(42.57143) 4613. R(X, T(Y, Z), T(Z, Y)) -> R(X, T(Y, Z), Z)
(39.285713) 4614. R(X, T(x10, L3), x7) -> R(X, T(x10, L3), T2)
(39.285713) 4615. R(X, T(x10, L3), T3) -> R(X, T(x10, L3), L2)
(46.0) 4616. R(x7, T(x10, L3), T2) -> R(x7, x10, T2)
(46.57143) 4617. L(X, Y, op(Z, T(W, V))) -> L(X, Y, op(Z, W))
(46.57143) 4618. T(R(X, Y, rdiv(X, Y)), X) -> R(X, Y, rdiv(X, Y))
(46.57143) 4619. L(X, op(T(Y, Z), W), V) -> L(X, op(Y, W), V)
(46.57143) 4620. ldiv(R(X, Y, X), op(X, Z)) -> rdiv(Z, a(X, Y, X))
(46.57143) 4621. op(X, op(Y, a(X, Z, X))) -> op(R(X, Z, X), Y)
(43.285713) 4622. op(R(x10, X, x10), T3) -> op(L2, R(x10, X, x10))
(45.285713) 4623. op(R(T3, X, T3), L2) -> op(L2, R(T3, X, T3))
(46.57143) 4624. ldiv(X, op(R(X, Y, X), Z)) -> op(Z, a(X, Y, X))
(43.0) 4625. op(R(x10, T2, x10), T2) -> T(op(x10, x7), x10)
(45.0) 4626. L(R(x10, T2, x10), L3, x10) -> x10
(46.57143) 4627. ldiv(rdiv(X, Y), R(X, Z, X)) -> op(Y, a(X, Z, X))
(46.57143) 4628. rdiv(ldiv(X, Y), a(X, Z, X)) -> ldiv(R(X, Z, X), Y)
(46.57143) 4629. rdiv(X, rdiv(Y, a(X, Z, X))) -> rdiv(R(X, Z, X), Y)
(46.57143) 4630. op(a(X, Y, X), op(Z, X)) -> op(Z, R(X, Y, X))
(46.57143) 4631. rdiv(op(X, Y), R(Y, Z, Y)) -> rdiv(X, a(Y, Z, Y))
(46.57143) 4632. rdiv(op(X, Y), op(ldiv(Y, X), Y)) -> R(Y, rdiv(X, Y), Y)
(44.57143) 4633. rdiv(R(X, Y, rdiv(X, Y)), X) -> a(X, Y, ldiv(Y, X))
(41.0) 4634. a(T3, rdiv(L2, x7), T2) -> zero
(43.0) 4635. a(L2, rdiv(L2, x7), x7) -> zero
(43.0) 4636. a(L3, rdiv(L3, T2), T2) -> zero
(45.0) 4637. a(L2, rdiv(L2, T2), T2) -> zero
(45.428574) 4638. R(X, rdiv(L(X, Y, X), X), X) -> X
(45.57143) 4639. rdiv(X, a(Y, rdiv(X, Y), Y)) -> op(ldiv(Y, X), T(Y, X))
(46.57143) 4640. ldiv(X, R(X, Y, rdiv(X, Y))) -> a(X, Y, ldiv(Y, X))
(46.714287) 4641. ldiv(X, op(rdiv(X, x7), op(x10, T2))) -> L(x10, T2, rdiv(X, T2))
(42.285713) 4642. op(rdiv(X, x7), op(x10, T2)) -> op(rdiv(X, T2), op(T2, x10))
(44.285713) 4643. op(rdiv(X, x7), op(x10, x7)) -> op(rdiv(X, T2), op(x10, T2))
(46.714287) 4644. rdiv(K(X, Y), op(Y, Z)) -> rdiv(zero, op(T(Y, X), Z))
(46.714287) 4645. L(X, rdiv(K(Y, Z), W), V) -> L(X, rdiv(zero, W), V)
(46.714287) 4646. ldiv(ldiv(ldiv(X, Y), Y), zero) = ldiv(X, K(rdiv(Y, X), X))
(46.714287) 4647. K(X, R(X, ldiv(Y, zero), Y)) -> zero
(46.714287) 4648. K(R(X, ldiv(Y, zero), Y), X) -> zero
(46.714287) 4649. R(X, Y, rdiv(Z, K(Z, Y))) -> R(X, Y, Z)
(46.714287) 4650. R(X, rdiv(op(X, Y), X), X) -> R(X, Y, X)
(45.285713) 4651. R(T(x10, X), x7, T(x10, X)) -> R(T(x10, X), T2, T(x10, X))
(45.285713) 4652. R(T3, ldiv(L2, X), T3) -> R(T3, rdiv(X, L2), T3)
(45.285713) 4653. R(T(x10, X), T3, T(x10, X)) -> R(T(x10, X), L2, T(x10, X))
(45.285713) 4654. R(T3, T(X, L3), T3) -> R(T3, X, T3)
(45.285713) 4655. R(x7, ldiv(L2, X), x7) -> R(x7, rdiv(X, L2), x7)
(45.285713) 4656. R(T2, ldiv(L3, X), T2) -> R(T2, rdiv(X, L3), T2)
(45.285713) 4657. R(x7, ldiv(T2, X), x7) -> R(x7, rdiv(X, T2), x7)
(45.285713) 4658. R(T2, ldiv(x7, X), T2) -> R(T2, rdiv(X, x7), T2)
(45.285713) 4659. R(T3, ldiv(L3, X), T3) -> R(T3, rdiv(X, L3), T3)
(46.714287) 4660. op(op(ldiv(X, Y), X), ldiv(X, Y)) -> op(Y, T(ldiv(X, Y), X))
(44.857143) 4661. ldiv(ldiv(X, T(Y, Z)), T(Y, Z)) -> ldiv(ldiv(X, Y), Y)
(46.857143) 4662. T(X, rdiv(T(Y, ?), X)) = ldiv(ldiv(X, Y), Y)
(48.714287) 4663. T(X, rdiv(T(Y, Z), X)) ~> T(X, rdiv(T(Y, ?), X))
(51.571426) 4664. T(?, rdiv(X, T(?, X))) -> ldiv(ldiv(?, X), X)
(46.714287) 4665. L(X, Y, rdiv(K(Z, W), V)) -> L(X, Y, rdiv(zero, V))
(46.714287) 4666. L(X, Y, rdiv(op(Z, W), Z)) -> L(X, Y, W)
(46.714287) 4667. rdiv(K(X, Y), T(Y, X)) -> rdiv(zero, T(T(Y, X), X))
(50.14286) 4668. ldiv(op(rdiv(X, Y), rdiv(Y, rdiv(X, Y))), X) -> rdiv(Y, rdiv(Y, ldiv(Y, X)))
(45.0) 4669. rdiv(T3, rdiv(L2, rdiv(x7, T3))) -> rdiv(T2, T3)
(46.714287) 4670. rdiv(T(X, op(Y, X)), K(X, Y)) -> L(X, Y, X)
(44.428574) 4671. L(rdiv(L3, L2), X, rdiv(L3, L2)) -> rdiv(L3, L2)
(45.0) 4672. op(L3, rdiv(L3, L2)) -> rdiv(L3, rdiv(L2, L3))
(46.57143) 4673. L(X, rdiv(Y, T(X, Z)), X) -> L(X, rdiv(Y, X), X)
(62.142857) 4674. ldiv(X, K(Y, rdiv(L3, ldiv(rdiv(X, Y), L2)))) -> ldiv(X, K(Y, rdiv(X, Y)))
(46.714287) 4675. ldiv(T(X, Y), K(Z, X)) = ldiv(T(T(X, Y), Z), zero)
(46.714287) 4676. K(L(X, Y, rdiv(zero, Y)), X) -> zero
(46.714287) 4677. K(L(X, rdiv(zero, Y), Y), X) -> zero
(46.714287) 4678. ldiv(ldiv(L2, X), T(X, L3)) -> R(L2, rdiv(X, L2), L2)
(41.0) 4679. R(L2, rdiv(L3, T3), L2) -> L2
(43.0) 4680. a(L2, rdiv(L3, T3), L2) -> zero
(45.0) 4681. R(L2, rdiv(zero, T3), L2) -> ldiv(ldiv(L2, zero), zero)
(46.714287) 4682. ldiv(ldiv(T2, X), T(X, L3)) -> R(T2, rdiv(X, T2), T2)
(43.285713) 4683. op(T2, a(x7, X, T2)) -> R(T2, X, T2)
(37.285713) 4684. a(x7, X, T2) -> a(T2, X, T2)
(44.0) 4685. a(T2, L3, T2) -> a(L3, T2, L3)
(46.714287) 4686. a(X, rdiv(Y, K(Y, X)), X) -> a(X, Y, X)
(46.714287) 4687. rdiv(X, rdiv(X, R(X, Y, X))) -> R(X, Y, X)
(45.285713) 4688. ldiv(R(L2, X, L2), T3) -> rdiv(T3, R(L2, X, L2))
(46.714287) 4689. ldiv(ldiv(x7, X), T(X, L3)) -> R(x7, rdiv(X, x7), x7)
(46.714287) 4690. K(R(op(X, Y), X, Y), op(X, Y)) -> zero
(46.714287) 4691. rdiv(X, rdiv(X, L(X, Y, X))) -> L(X, Y, X)
(45.285713) 4692. ldiv(L(L2, X, L2), T3) -> rdiv(T3, L(L2, X, L2))
(46.714287) 4693. ldiv(X, T(op(L2, X), L3)) -> R(L2, X, L2)
(46.0) 4694. T(R(L2, L2, T2), L3) -> R(L2, L2, T2)
(45.0) 4695. K(R(L2, L2, T2), L3) -> zero
(45.0) 4696. K(L3, R(L2, L2, T2)) -> zero
(45.0) 4697. T(L3, R(L2, L2, T2)) -> L3
(46.714287) 4698. ldiv(X, T(op(x7, X), L3)) -> R(x7, X, x7)
(40.0) 4699. a(x7, L2, x7) -> a(L2, x7, L2)
(42.0) 4700. a(x7, T2, x7) -> a(L3, L3, L3)
(42.0) 4701. a(x7, T3, x7) -> a(L2, T2, L2)
(45.857143) 4702. L(R(x7, X, x7), X, L3) -> x7
(46.857143) 4703. rdiv(K(X, Y), X) = rdiv(zero, rdiv(op(Y, X), Y))
(48.857143) 4704. rdiv(op(X, Y), X) = ldiv(rdiv(K(Y, X), Y), zero)
(46.857143) 4705. ldiv(ldiv(X, K(Y, Z)), zero) -> ldiv(ldiv(X, zero), K(Z, Y))
(61.71428) 4706. rdiv(ldiv(X, K(X, Y)), K(rdiv(zero, X), X)) -> rdiv(K(X, Y), X)
(65.71428) 4707. rdiv(X, rdiv(X, T(T(ldiv(Y, X), X), Y))) = L(T(ldiv(Y, X), Y), Y, rdiv(X, Y))
(57.142853) 4708. L(T(ldiv(X, Y), X), X, rdiv(Y, X)) -> T(ldiv(X, Y), Y)
(68.57143) 4709. L(ldiv(T(ldiv(X, zero), X), zero), rdiv(zero, X), X) -> ldiv(ldiv(X, zero), zero)
(46.857143) 4710. ldiv(ldiv(X, op(Y, Z)), op(Y, Z)) <-> ldiv(ldiv(X, op(Z, Y)), op(Z, Y))
(46.857143) 4711. ldiv(op(X, T(Y, Z)), T(Y, Z)) -> ldiv(op(X, Y), Y)
(46.857143) 4712. T(X, op(ldiv(Y, zero), Z)) -> T(X, rdiv(Z, Y))
(46.857143) 4713. rdiv(T(X, Y), op(Z, T(X, Y))) -> rdiv(X, op(Z, X))
(46.857143) 4714. K(X, op(rdiv(zero, Y), Z)) -> K(X, rdiv(Z, Y))
(46.857143) 4715. rdiv(T(X, Y), op(T(X, Y), Z)) -> rdiv(X, op(X, Z))
(47.0) 4716. T(R(rdiv(X, Y), Y, Z), op(Y, Z)) -> ldiv(op(Y, Z), op(X, Z))
(43.714287) 4717. rdiv(T(op(X, Y), Z), K(X, Y)) -> T(op(Y, X), Z)
(45.57143) 4718. rdiv(T(X, Y), K(rdiv(X, Z), Z)) -> T(op(Z, rdiv(X, Z)), Y)
(45.857143) 4719. ldiv(op(T3, X), op(T2, X)) -> rdiv(T2, T3)
(46.14286) 4720. ldiv(op(X, rdiv(Y, X)), op(Z, rdiv(Y, X))) -> ldiv(Y, op(Z, ldiv(X, Y)))
(47.0) 4721. R(rdiv(zero, T3), L2, T3) -> rdiv(L3, op(L3, T3))
(47.0) 4722. R(rdiv(zero, x7), T2, x7) -> rdiv(L3, op(L3, x7))
(47.0) 4723. ldiv(R(X, Y, ldiv(op(X, Y), Z)), Z) -> op(Y, ldiv(op(X, Y), Z))
(47.0) 4724. rdiv(X, L(Y, Z, rdiv(X, op(Z, Y)))) -> op(rdiv(X, op(Z, Y)), Z)
(46.14286) 4725. rdiv(X, K(Y, op(X, Z))) = rdiv(T(op(X, Z), Y), Z)
(46.285713) 4726. rdiv(T(X, Y), ldiv(Z, X)) -> rdiv(Z, K(Y, X))
(46.57143) 4727. op(rdiv(X, R(Y, Z, Y)), Y) -> rdiv(X, a(Y, Z, Y))
(47.0) 4728. rdiv(op(X, Y), a(Z, ldiv(Z, X), Y)) -> op(Z, op(ldiv(Z, X), Y))
(41.285713) 4729. rdiv(X, a(Y, ldiv(Y, zero), X)) -> L(X, rdiv(zero, Y), Y)
(43.285713) 4730. ldiv(L(X, rdiv(zero, Y), Y), X) -> a(Y, ldiv(Y, zero), X)
(43.285713) 4731. rdiv(X, a(rdiv(zero, Y), Y, X)) -> L(X, Y, rdiv(zero, Y))
(43.285713) 4732. rdiv(X, L(X, rdiv(zero, Y), Y)) -> a(Y, ldiv(Y, zero), X)
(43.285713) 4733. T(L(X, rdiv(zero, Y), Y), X) -> L(X, rdiv(zero, Y), Y)
(45.0) 4734. a(L2, ldiv(L2, zero), T3) -> K(L3, rdiv(zero, L3))
(45.285713) 4735. a(x7, ldiv(x7, zero), X) -> a(T2, ldiv(T2, zero), X)
(45.285713) 4736. ldiv(L(X, Y, rdiv(zero, Y)), X) -> a(rdiv(zero, Y), Y, X)
(45.285713) 4737. rdiv(X, L(X, Y, rdiv(zero, Y))) -> a(rdiv(zero, Y), Y, X)
(45.285713) 4738. T(L(X, Y, rdiv(zero, Y)), X) -> L(X, Y, rdiv(zero, Y))
(45.285713) 4739. a(rdiv(zero, x7), x7, X) -> a(rdiv(zero, T2), T2, X)
(45.714287) 4740. ldiv(X, L(X, rdiv(zero, Y), Y)) -> rdiv(zero, a(Y, ldiv(Y, zero), X))
(46.571426) 4741. T(X, rdiv(ldiv(rdiv(zero, Y), X), Y)) -> X
(45.714287) 4742. T(X, rdiv(X, rdiv(x7, T3))) -> X
(46.857143) 4743. ldiv(X, ldiv(rdiv(zero, X), X)) -> rdiv(ldiv(rdiv(zero, X), X), X)
(47.0) 4744. rdiv(op(X, Y), a(rdiv(X, Z), Z, Y)) -> op(rdiv(X, Z), op(Z, Y))
(47.0) 4745. rdiv(L(T3, L3, L2), T3) -> K(L3, op(L3, L3))
(47.0) 4746. op(ldiv(T3, op(x10, L2)), x10) -> op(x10, ldiv(T3, op(x10, L2)))
(51.0) 4747. rdiv(op(L2, x10), K(rdiv(zero, L3), L3)) -> op(x10, ldiv(ldiv(T3, zero), zero))
(43.0) 4748. T(op(L2, x10), op(L3, x10)) -> op(L2, x10)
(47.0) 4749. ldiv(T3, K(L3, rdiv(zero, L3))) -> rdiv(zero, T3)
(46.14286) 4750. op(ldiv(X, Y), op(ldiv(ldiv(X, Y), Y), Z)) -> op(rdiv(Y, X), op(X, Z))
(54.42857) 4751. ldiv(ldiv(X, zero), L(Y, X, rdiv(zero, X))) -> op(ldiv(ldiv(X, zero), zero), Y)
(47.0) 4752. R(T3, rdiv(zero, T3), L2) -> ldiv(ldiv(T3, zero), zero)
(47.0) 4753. R(T3, rdiv(zero, T3), L3) -> ldiv(ldiv(T3, zero), zero)
(47.0) 4754. op(R(L2, L2, L2), rdiv(T3, R(L2, L2, L2))) -> T3
(47.0) 4755. op(R(x7, x7, x7), rdiv(T2, R(x7, x7, x7))) -> T2
(46.0) 4756. ldiv(R(x7, x7, x7), T2) -> rdiv(T2, R(x7, x7, x7))
(47.0) 4757. op(op(x10, L2), T(T3, x10)) -> op(op(L2, x10), T3)
(47.0) 4758. L(ldiv(x7, zero), L2, T2) -> ldiv(op(L3, x7), L3)
(47.0) 4759. ldiv(X, K(rdiv(zero, X), Y)) -> T(ldiv(X, zero), Y)
(47.0) 4760. ldiv(x7, rdiv(zero, T2)) -> ldiv(T2, rdiv(zero, x7))
(50.428574) 4761. rdiv(X, rdiv(X, T(T(Y, X), X))) = T(L(Y, rdiv(X, Y), Y), X)
(45.0) 4762. L(T2, rdiv(zero, L3), T2) -> rdiv(zero, rdiv(zero, T2))
(47.0) 4763. ldiv(ldiv(L2, zero), rdiv(T3, L2)) -> ldiv(ldiv(T3, zero), zero)
(47.0) 4764. op(x10, rdiv(x10, rdiv(x10, T3))) -> op(L2, op(ldiv(L3, x10), L3))
(47.0) 4765. op(rdiv(x10, rdiv(x10, T3)), L2) -> op(L2, rdiv(x10, rdiv(x10, T3)))
(47.0) 4766. op(rdiv(zero, rdiv(zero, x10)), T2) -> op(x7, rdiv(zero, rdiv(zero, x10)))
(47.0) 4767. op(rdiv(zero, rdiv(zero, x10)), T3) -> op(L2, rdiv(zero, rdiv(zero, x10)))
(42.714287) 4768. op(X, rdiv(L(X, Y, X), X)) -> L(X, Y, X)
(43.285713) 4769. ldiv(x7, L(L2, X, L2)) -> rdiv(L(L2, X, L2), x7)
(43.285713) 4770. ldiv(T2, L(L3, X, L3)) -> rdiv(L(L3, X, L3), T2)
(45.285713) 4771. ldiv(L2, L(T3, X, L2)) -> rdiv(L(T3, X, L2), L2)
(45.285713) 4772. ldiv(x7, L(T2, X, T2)) -> rdiv(L(T2, X, T2), x7)
(45.428574) 4773. L(X, rdiv(L(X, Y, X), X), X) -> X
(47.0) 4774. rdiv(K(X, Y), L(Y, Z, Y)) -> rdiv(zero, T(L(Y, Z, Y), X))
(47.0) 4775. T(op(L2, x10), R(op(L2, x10), L2, x10)) -> op(L2, x10)
(55.0) 4776. K(op(L3, x10), R(op(L2, x10), L2, x10)) -> zero
(55.0) 4777. K(R(op(L2, x10), L2, x10), op(L3, x10)) -> zero
(45.0) 4778. rdiv(T(T3, x10), op(L2, x10)) -> rdiv(T3, op(x10, L2))
(47.0) 4779. rdiv(T3, rdiv(zero, rdiv(zero, L2))) -> op(T3, rdiv(zero, L2))
(47.0) 4780. ldiv(L(x7, x10, T2), L(T2, x10, L3)) -> rdiv(T3, L2)
(42.0) 4781. T(L(T2, x10, L3), L3) -> L(T2, x10, L3)
(46.0) 4782. rdiv(L2, rdiv(L2, L(x7, x10, T2))) -> L(x7, x10, T2)
(45.0) 4783. op(L(x7, x10, T2), rdiv(L2, L(x7, x10, T2))) -> L2
(45.0) 4784. op(ldiv(L(x7, x10, T2), T3), L(x7, x10, T2)) -> T3
(44.0) 4785. ldiv(L(x7, x10, T2), T3) -> rdiv(T3, L(x7, x10, T2))
(46.0) 4786. op(L(T2, x10, L3), L3) -> op(L3, L(T2, x10, L3))
(46.0) 4787. op(L(T2, x10, L3), T2) -> op(T2, L(T2, x10, L3))
(46.0) 4788. op(L(T2, x10, L3), x7) -> op(x7, L(T2, x10, L3))
(46.0) 4789. op(L(T2, x10, L3), L2) -> op(L2, L(T2, x10, L3))
(55.0) 4790. rdiv(rdiv(L3, ldiv(op(x10, L2), T3)), L3) -> T(x10, L3)
(47.0) 4791. op(rdiv(L3, op(x10, L3)), op(x10, x7)) -> x7
(47.0) 4792. ldiv(op(x10, op(x10, T2)), x7) -> ldiv(op(x10, op(T2, x10)), T2)
(47.0) 4793. op(op(T3, x10), ldiv(op(L3, x10), L3)) -> T3
(47.0) 4794. L(X, rdiv(L2, X), X) = rdiv(L2, rdiv(L2, T(X, L3)))
(43.857143) 4795. L(X, rdiv(L2, X), X) -> L(X, rdiv(L3, X), X)
(47.0) 4796. ldiv(L2, K(L3, rdiv(zero, L3))) -> rdiv(zero, L2)
(45.0) 4797. rdiv(T3, rdiv(zero, L2)) -> rdiv(L2, rdiv(zero, T3))
(55.0) 4798. ldiv(L2, K(L3, rdiv(rdiv(T2, L2), L3))) -> rdiv(zero, L2)
(47.0) 4799. a(rdiv(zero, T2), x7, rdiv(zero, T2)) -> K(rdiv(zero, L3), L3)
(47.0) 4800. a(T2, rdiv(zero, x7), T2) -> K(L3, rdiv(zero, L3))
(47.0) 4801. a(x7, ldiv(T2, zero), x7) -> K(L3, rdiv(zero, L3))
(47.0) 4802. rdiv(rdiv(x7, T3), L2) -> rdiv(rdiv(T2, T3), T3)
(47.0) 4803. ldiv(x7, rdiv(L2, x7)) -> ldiv(T2, rdiv(T3, x7))
(47.0) 4804. ldiv(x7, rdiv(L2, T2)) -> ldiv(T2, rdiv(L2, x7))
(47.0) 4805. ldiv(x7, rdiv(L3, T2)) -> ldiv(T2, rdiv(L3, x7))
(47.0) 4806. op(L2, rdiv(L3, rdiv(L2, x7))) -> op(L3, x7)
(63.0) 4807. ldiv(rdiv(L3, rdiv(T2, L2)), rdiv(L3, rdiv(T2, T3))) -> rdiv(T3, L2)
(47.0) 4808. R(rdiv(zero, x7), L2, T2) -> rdiv(L3, op(L3, x7))
(47.0) 4809. R(rdiv(zero, T2), L2, T2) -> rdiv(L3, op(L3, T2))
(47.0) 4810. R(T2, ldiv(T3, zero), T3) -> ldiv(ldiv(T2, zero), zero)
(47.0) 4811. rdiv(rdiv(L3, T3), L2) -> rdiv(rdiv(L3, L2), T3)
(47.0) 4812. op(x7, rdiv(L3, T3)) -> rdiv(L3, rdiv(T3, x7))
(48.0) 4813. R(L2, ldiv(x7, zero), x7) -> R(L2, rdiv(zero, L2), L3)
(47.0) 4814. rdiv(rdiv(T3, x7), ldiv(x7, zero)) -> T3
(47.0) 4815. R(ldiv(x7, zero), T3, ldiv(x7, zero)) -> T(ldiv(x7, zero), L3)
(47.0) 4816. R(L3, ldiv(T2, zero), T2) -> ldiv(ldiv(L3, zero), zero)
(47.0) 4817. R(T2, rdiv(zero, T3), T2) -> ldiv(ldiv(T2, zero), zero)
(47.0) 4818. rdiv(rdiv(L2, T2), ldiv(T2, zero)) -> L2
(47.0) 4819. R(L2, ldiv(T2, zero), T2) -> ldiv(ldiv(L2, zero), zero)
(47.0) 4820. rdiv(rdiv(L3, x7), ldiv(x7, zero)) -> L3
(55.0) 4821. R(ldiv(x7, zero), L3, rdiv(zero, x7)) -> T(ldiv(x7, zero), L3)
(47.0) 4822. rdiv(rdiv(L3, T2), rdiv(L3, x7)) -> rdiv(L2, T3)
(47.0) 4823. rdiv(rdiv(L2, T3), rdiv(x7, L3)) -> rdiv(L3, T2)
(47.0) 4824. ldiv(T3, rdiv(L2, rdiv(L3, T2))) -> rdiv(x7, L3)
(47.0) 4825. ldiv(op(L3, L2), op(L2, T2)) -> rdiv(T2, L3)
(47.0) 4826. rdiv(x7, rdiv(T3, L3)) -> rdiv(L3, rdiv(T3, x7))
(43.0) 4827. R(L2, rdiv(L3, T3), T3) -> L2
(55.0) 4828. R(ldiv(L2, zero), T2, rdiv(zero, L2)) -> T(ldiv(L2, zero), L3)
(47.0) 4829. a(rdiv(zero, L3), T2, rdiv(zero, L3)) -> K(rdiv(zero, L3), L3)
(47.0) 4830. R(x7, ldiv(L3, zero), L3) -> ldiv(ldiv(x7, zero), zero)
(47.0) 4831. a(ldiv(x7, zero), L2, ldiv(x7, zero)) -> K(rdiv(zero, L3), L3)
(47.0) 4832. L(L3, rdiv(zero, T2), L3) -> rdiv(zero, rdiv(zero, L3))
(47.0) 4833. a(ldiv(T2, zero), L3, ldiv(T2, zero)) -> K(rdiv(zero, L3), L3)
(47.0) 4834. a(ldiv(L2, zero), x7, ldiv(L2, zero)) -> K(rdiv(zero, L3), L3)
(47.0) 4835. L(T2, rdiv(L2, L3), T2) -> T2
(47.0) 4836. a(L3, rdiv(T3, L3), L3) -> zero
(47.0) 4837. L(ldiv(T2, zero), L2, T2) -> ldiv(op(L3, T2), L3)
(47.0) 4838. L(ldiv(x7, zero), L3, T2) -> ldiv(op(L3, x7), L3)
(47.0) 4839. T(x7, rdiv(op(T2, x10), L3)) -> T2
(47.0) 4840. ldiv(L3, op(T3, T3)) -> rdiv(op(T3, T3), L3)
(47.0) 4841. rdiv(rdiv(T3, L2), rdiv(L3, x7)) -> rdiv(T2, L3)
(47.0) 4842. rdiv(op(L3, x10), T2) -> rdiv(x10, rdiv(x7, L3))
(47.0) 4843. ldiv(rdiv(zero, x7), rdiv(L2, x7)) -> L2
(47.0) 4844. L(L2, rdiv(zero, T2), T2) -> rdiv(zero, rdiv(zero, L2))
(47.0) 4845. rdiv(op(T2, x7), op(L2, T2)) -> rdiv(T2, T3)
(47.0) 4846. R(rdiv(L2, x7), L2, x7) -> rdiv(L2, x7)
(47.0) 4847. ldiv(T3, rdiv(L2, L3)) -> ldiv(L3, rdiv(L2, T3))
(47.0) 4848. rdiv(rdiv(T3, L2), L3) -> rdiv(rdiv(T3, L3), L2)
(47.0) 4849. op(x7, rdiv(L3, ldiv(x10, T2))) -> op(x10, L3)
(43.0) 4850. ldiv(x7, op(x10, L3)) -> rdiv(L3, ldiv(x10, T2))
(47.0) 4851. rdiv(x7, ldiv(op(L2, x10), T3)) -> op(x10, x7)
(47.0) 4852. L(L3, rdiv(zero, T2), T2) -> rdiv(zero, rdiv(zero, L3))
(47.0) 4853. K(L3, R(L3, L3, x7)) -> zero
(47.0) 4854. K(R(L3, L3, x7), L3) -> zero
(47.0) 4855. T(L3, R(L3, L3, x7)) -> L3
(47.0) 4856. op(L2, op(L3, x7)) -> op(L3, op(L2, x7))
(44.0) 4857. L(x7, L2, L3) -> L(x7, L3, L2)
(47.0) 4858. op(op(x10, L3), T2) -> op(op(L3, x10), x7)
(47.0) 4859. R(rdiv(zero, T2), L3, T2) -> rdiv(L3, op(L3, T2))
(47.0) 4860. R(rdiv(L3, T2), L3, T2) -> rdiv(L3, T2)
(47.0) 4861. ldiv(op(L2, T2), op(L3, L2)) -> rdiv(L3, T2)
(43.0) 4862. L(rdiv(L3, T2), L3, T2) -> rdiv(L3, T2)
(47.0) 4863. rdiv(rdiv(L3, T3), x7) -> rdiv(rdiv(L3, L2), T2)
(47.0) 4864. ldiv(x7, rdiv(L2, L3)) -> ldiv(L3, rdiv(L2, x7))
(47.0) 4865. op(T3, op(L3, T2)) -> op(L3, op(T3, T2))
(44.0) 4866. L(T3, L3, T2) -> L(T3, L3, L2)
(47.0) 4867. K(L3, rdiv(op(L2, T3), L3)) -> zero
(47.0) 4868. K(L3, R(T3, L2, T2)) -> zero
(47.0) 4869. K(R(T3, L2, T2), L3) -> zero
(47.0) 4870. T(T3, R(T3, L2, T2)) -> T3
(47.0) 4871. T(T3, R(L2, x10, T2)) -> T3
(47.0) 4872. K(L3, R(L2, x10, T2)) -> zero
(47.0) 4873. K(R(L2, x10, T2), L3) -> zero
(47.0) 4874. ldiv(L2, ldiv(L3, zero)) -> ldiv(L3, ldiv(L2, zero))
(47.0) 4875. ldiv(T(T2, x10), op(x10, x7)) -> ldiv(T(T3, x10), op(x10, L2))
(47.0) 4876. rdiv(T3, rdiv(L2, rdiv(L3, T2))) -> rdiv(L3, x7)
(47.0) 4877. rdiv(L2, ldiv(ldiv(T3, zero), zero)) -> op(ldiv(T3, zero), L2)
(47.0) 4878. ldiv(x7, rdiv(L2, rdiv(L3, T2))) -> rdiv(T3, L3)
(47.0) 4879. ldiv(T2, K(L3, rdiv(zero, L3))) -> rdiv(zero, T2)
(47.0) 4880. op(R(x7, x10, T2), op(L3, x10)) -> op(op(L3, x10), T2)
(47.0) 4881. rdiv(rdiv(L2, rdiv(L3, T2)), x7) -> rdiv(T3, L3)
(47.0) 4882. rdiv(rdiv(L2, T3), op(x10, L2)) -> rdiv(zero, op(L2, x10))
(47.0) 4883. rdiv(rdiv(L2, T3), rdiv(zero, T3)) -> rdiv(zero, rdiv(zero, L2))
(47.0) 4884. rdiv(rdiv(L2, L3), T3) -> rdiv(zero, T(L3, x10))
(47.0) 4885. op(T3, op(ldiv(T3, x10), T2)) -> op(L3, op(ldiv(L3, x10), T2))
(44.0) 4886. L(T2, rdiv(x10, L2), L2) -> L(T2, rdiv(x10, L3), L3)
(47.0) 4887. rdiv(T3, rdiv(zero, rdiv(zero, L3))) -> op(T3, rdiv(zero, L3))
(47.0) 4888. op(T(x10, L3), rdiv(T3, x10)) -> op(x10, rdiv(L2, x10))
(47.0) 4889. op(ldiv(x10, T3), T(x10, L3)) -> op(ldiv(x10, L2), x10)
(47.0) 4890. op(L(x7, x10, T2), a(L2, x10, L2)) -> x7
(42.571426) 4891. L(X, L(x7, x10, T2), X) -> L(X, L3, X)
(47.0) 4892. op(ldiv(L3, op(x10, L2)), L3) -> op(T(x10, L3), L2)
(47.0) 4893. rdiv(T(x10, L3), rdiv(L3, x7)) -> ldiv(L3, op(x10, x7))
(46.285713) 4894. T(X, rdiv(op(T2, x10), L3)) -> T(X, x10)
(47.0) 4895. rdiv(L3, ldiv(op(x10, L2), T3)) -> op(T(x10, L3), L3)
(47.0) 4896. a(ldiv(L2, zero), T3, ldiv(L2, zero)) -> K(rdiv(zero, L3), L3)
(47.0) 4897. rdiv(L2, ldiv(L(x10, L3, x10), T3)) -> T(x10, op(L3, x10))
(47.0) 4898. op(op(x10, T2), T(x10, L3)) -> op(op(x10, x7), x10)
(47.0) 4899. rdiv(x7, ldiv(op(x10, L2), T3)) -> op(T(x10, L3), x7)
(47.0) 4900. rdiv(rdiv(T2, rdiv(T3, x7)), x7) -> rdiv(T2, T3)
(47.0) 4901. op(T3, rdiv(x10, rdiv(T3, x7))) -> op(x10, T2)
(47.0) 4902. op(L2, rdiv(x10, rdiv(T3, x7))) -> op(x10, x7)
(47.0) 4903. rdiv(op(L3, T2), T(L3, x10)) -> x7
(47.0) 4904. R(rdiv(T3, x7), rdiv(T3, x7), rdiv(T3, x7)) -> rdiv(T3, x7)
(47.0) 4905. rdiv(L3, ldiv(ldiv(L3, zero), x7)) -> ldiv(x7, zero)
(47.0) 4906. rdiv(L3, ldiv(rdiv(zero, L3), x7)) -> rdiv(zero, x7)
(43.0) 4907. rdiv(x7, rdiv(zero, L3)) -> rdiv(L3, rdiv(zero, x7))
(47.0) 4908. a(x7, rdiv(zero, L3), x7) -> K(L3, rdiv(zero, L3))
(47.0) 4909. L(T(L3, x10), x10, T2) -> T(L3, op(L3, x10))
(47.0) 4910. op(T3, rdiv(L2, L3)) -> rdiv(L2, rdiv(L3, T3))
(47.0) 4911. op(T3, rdiv(T3, L3)) -> rdiv(T3, rdiv(L3, T3))
(47.0) 4912. rdiv(op(L2, x10), T(L3, x10)) -> rdiv(op(x10, L2), L3)
(47.0) 4913. rdiv(T(L3, x10), op(L2, x10)) -> rdiv(L3, op(x10, L2))
(47.0) 4914. rdiv(T(L3, x10), op(T3, x10)) -> rdiv(L3, op(L2, x10))
(47.0) 4915. T(rdiv(x10, T3), rdiv(x10, L3)) -> rdiv(x10, T3)
(47.0) 4916. rdiv(rdiv(L2, rdiv(L3, T2)), T3) -> rdiv(x7, L3)
(47.0) 4917. rdiv(rdiv(L2, rdiv(T2, T3)), T3) -> rdiv(L2, T2)
(47.0) 4918. op(L2, rdiv(L2, L3)) -> rdiv(L2, rdiv(L3, L2))
(47.0) 4919. ldiv(op(x10, op(x10, T2)), L2) -> ldiv(op(x10, op(T2, x10)), T3)
(47.0) 4920. ldiv(rdiv(op(T3, x10), L2), x10) -> rdiv(L2, T(T3, x10))
(47.0) 4921. ldiv(rdiv(L2, T(T3, x10)), x10) -> rdiv(op(T3, x10), L2)
(47.0) 4922. rdiv(x10, rdiv(op(T3, x10), L2)) -> rdiv(L2, T(T3, x10))
(47.0) 4923. T(rdiv(L2, T(T3, x10)), x10) -> rdiv(L2, T(T3, x10))
(47.0) 4924. T(rdiv(op(T3, x10), L2), x10) -> rdiv(op(T3, x10), L2)
(47.0) 4925. T(L3, rdiv(R(L2, x10, L2), L3)) -> L3
(47.0) 4926. op(rdiv(T2, rdiv(T3, x7)), L2) -> op(x7, x7)
(47.0) 4927. T(op(x7, x7), op(L3, L3)) -> op(x7, x7)
(47.0) 4928. op(op(x10, T2), op(L2, x10)) -> op(op(L2, x10), op(x10, T2))
(47.0) 4929. rdiv(rdiv(T3, L2), T(L3, x10)) -> rdiv(zero, L3)
(47.0) 4930. ldiv(T(L3, x10), rdiv(T3, L2)) -> ldiv(L3, zero)
(47.0) 4931. R(x7, rdiv(T3, L3), L3) -> x7
(47.0) 4932. K(rdiv(op(T3, x10), L3), x10) -> zero
(47.0) 4933. K(x10, op(L3, rdiv(x10, T3))) -> zero
(47.0) 4934. a(L2, x7, rdiv(L2, x7)) -> zero
(92.0) 4935. rdiv(ldiv(rdiv(L(T2, x10, L3), rdiv(x7, L(T2, x10, L3))), x7), K(op(L3, x10), L3)) -> rdiv(L(T2, x10, L3), rdiv(L(T2, x10, L3), ldiv(L(T2, x10, L3), x7)))
(47.0) 4936. ldiv(L2, rdiv(L2, rdiv(T3, x7))) -> rdiv(x7, T3)
(47.0) 4937. rdiv(rdiv(L2, rdiv(x7, T3)), T3) -> rdiv(L2, x7)
(47.0) 4938. rdiv(L2, rdiv(L2, rdiv(x7, T3))) -> rdiv(x7, T3)
(47.0) 4939. L(L(T3, x10, L2), L3, L2) -> L(L(T3, L3, L2), x10, L2)
(47.0) 4940. a(L2, rdiv(zero, T3), L2) -> K(L3, rdiv(zero, L3))
(47.0) 4941. T(T2, R(L2, L2, T2)) -> T2
(47.0) 4942. T(x7, R(L2, L2, T2)) -> x7
(47.0) 4943. T(L2, R(L2, L2, T2)) -> L2
(47.0) 4944. T(T3, R(L2, L2, T2)) -> T3
(47.0) 4945. a(T2, ldiv(T2, zero), x7) -> K(L3, rdiv(zero, L3))
(47.0) 4946. a(L3, ldiv(L3, zero), x7) -> K(L3, rdiv(zero, L3))
(47.0) 4947. L(T2, rdiv(zero, L2), T2) -> rdiv(zero, rdiv(zero, T2))
(47.0) 4948. op(L(x7, x10, T2), rdiv(T3, L(x7, x10, T2))) -> T3
(43.0) 4949. R(L2, T2, rdiv(L3, T2)) -> L2
(47.0) 4950. L(T2, rdiv(zero, L3), L3) -> rdiv(zero, rdiv(zero, T2))
(47.0) 4951. T(rdiv(zero, T3), rdiv(zero, L3)) -> rdiv(zero, T3)
(51.0) 4952. R(rdiv(zero, L2), L2, rdiv(zero, T3)) -> ldiv(L2, zero)
(47.0) 4953. ldiv(op(L2, rdiv(zero, T3)), rdiv(zero, T3)) -> ldiv(L2, zero)
(47.0) 4954. op(L2, rdiv(T2, ldiv(x10, L2))) -> op(T2, x10)
(43.0) 4955. rdiv(op(T2, x10), T3) -> rdiv(T2, ldiv(x10, L2))
(47.142853) 4956. ldiv(R(rdiv(X, Y), Y, ldiv(X, Z)), Z) -> op(Y, ldiv(X, Z))
(47.142853) 4957. rdiv(X, L(ldiv(Y, Z), Y, rdiv(X, Z))) -> op(rdiv(X, Z), Y)
(42.285713) 4958. rdiv(X, rdiv(x7, L3)) = rdiv(L3, ldiv(X, x7))
(44.285713) 4959. rdiv(X, rdiv(L3, x7)) = rdiv(x7, ldiv(X, L3))
(45.714287) 4960. rdiv(op(X, Y), ldiv(Z, op(Y, X))) -> rdiv(Z, K(Y, X))
(45.714287) 4961. rdiv(X, rdiv(ldiv(Y, X), K(Z, W))) -> rdiv(Y, K(W, Z))
(46.285713) 4962. rdiv(X, ldiv(Y, T(X, Z))) -> rdiv(Y, K(X, Z))
(47.142853) 4963. ldiv(L(X, X, X), op(X, op(X, X))) -> T(op(X, X), X)
(47.142853) 4964. R(rdiv(rdiv(X, T(Y, Z)), Z), Z, Y) -> rdiv(X, op(Y, Z))
(47.0) 4965. rdiv(T3, op(L3, x10)) -> rdiv(L2, op(x10, L3))
(47.0) 4966. rdiv(x7, op(L2, x10)) -> rdiv(T2, op(T3, x10))
(47.14286) 4967. R(X, ldiv(X, x7), x10) = rdiv(op(x10, T2), op(ldiv(X, x7), x10))
(47.14286) 4968. R(X, ldiv(X, x10), T3) = rdiv(op(L2, x10), op(ldiv(X, x10), T3))
(47.14286) 4969. L(X, rdiv(L2, X), x10) = ldiv(op(x10, rdiv(T3, X)), op(L2, x10))
(40.285713) 4970. op(T(x10, L3), rdiv(T3, X)) -> op(x10, rdiv(L2, X))
(42.285713) 4971. op(rdiv(T3, X), T(x10, L3)) -> op(rdiv(L2, X), x10)
(44.285713) 4972. op(T(x10, L3), ldiv(X, T3)) -> op(x10, ldiv(X, L2))
(44.285713) 4973. op(ldiv(X, T3), T(x10, L3)) -> op(ldiv(X, L2), x10)
(45.0) 4974. T(op(x10, rdiv(T3, x10)), L3) -> op(x10, rdiv(T3, x10))
(45.571426) 4975. T(X, op(L2, rdiv(x10, Y))) -> T(X, op(L3, rdiv(x10, Y)))
(44.285713) 4976. T(X, op(L3, rdiv(x10, L2))) -> T(X, x10)
(46.285713) 4977. L(ldiv(X, T3), rdiv(L2, ldiv(X, T3)), x10) -> ldiv(op(x10, X), op(L2, x10))
(46.285713) 4978. op(T(x10, L3), ldiv(x7, X)) -> op(x10, ldiv(T2, X))
(46.285713) 4979. op(ldiv(x7, X), T(x10, L3)) -> op(ldiv(T2, X), x10)
(46.285713) 4980. K(X, op(L3, rdiv(x10, L2))) -> K(X, x10)
(46.285713) 4981. K(op(L3, rdiv(x10, L2)), X) -> K(x10, X)
(47.0) 4982. op(rdiv(L2, rdiv(T3, x7)), x10) -> op(x10, x7)
(47.0) 4983. T(rdiv(L2, rdiv(T3, x7)), x10) -> x7
(45.285713) 4984. T(X, op(X, T(X, Y))) -> L(X, X, X)
(48.285713) 4985. R(rdiv(ldiv(X, zero), Y), Y, X) = rdiv(zero, op(Y, ldiv(ldiv(X, zero), zero)))
(44.428574) 4986. R(rdiv(X, Y), Y, rdiv(zero, X)) -> rdiv(zero, op(Y, ldiv(X, zero)))
(47.14286) 4987. L(R(X, x7, X), T2, X) -> X
(47.14286) 4988. L(R(X, T3, X), L2, X) -> X
(47.14286) 4989. op(X, T(Y, op(Y, X))) -> op(L(Y, X, Y), X)
(42.285713) 4990. op(X, rdiv(L3, T3)) = op(rdiv(L3, T3), X)
(42.428574) 4991. T(rdiv(L3, T3), X) -> rdiv(L3, T3)
(45.0) 4992. op(L3, rdiv(L3, T3)) -> rdiv(L3, rdiv(T3, L3))
(46.285713) 4993. ldiv(rdiv(L3, T3), X) -> rdiv(X, rdiv(L3, T3))
(46.428574) 4994. R(rdiv(L3, T3), X, rdiv(L3, T3)) -> rdiv(L3, T3)
(46.428574) 4995. a(rdiv(L3, T3), X, rdiv(L3, T3)) -> zero
(47.14286) 4996. rdiv(X, K(Y, op(Y, Y))) -> op(X, a(Y, Y, Y))
(47.14286) 4997. op(X, a(Y, rdiv(L2, T2), X)) -> X
(41.857143) 4998. a(X, rdiv(L2, T2), Y) -> zero
(47.14286) 4999. op(X, a(rdiv(L2, T2), Y, X)) -> X
(41.857143) 5000. a(rdiv(L2, T2), X, Y) -> zero
(47.14286) 5001. op(X, a(Y, rdiv(L3, T2), X)) -> X
(41.857143) 5002. a(X, rdiv(L3, T2), Y) -> zero
(47.14286) 5003. op(X, a(rdiv(L3, T2), Y, X)) -> X
(41.857143) 5004. a(rdiv(L3, T2), X, Y) -> zero
(47.14286) 5005. L(X, rdiv(T(T2, Y), L2), Z) -> X
(47.14286) 5006. L(X, rdiv(T(T2, Y), L3), Z) -> X
(47.14286) 5007. R(X, rdiv(rdiv(T3, L2), X), X) -> ldiv(ldiv(X, zero), zero)
(47.14286) 5008. L(X, rdiv(rdiv(T3, L2), X), X) -> rdiv(zero, rdiv(zero, X))
(47.14286) 5009. op(X, a(rdiv(L2, x7), Y, X)) -> X
(41.857143) 5010. a(rdiv(L2, x7), X, Y) -> zero
(47.14286) 5011. R(X, T(Y, rdiv(Z, Y)), rdiv(Z, Y)) = R(X, ldiv(ldiv(Y, Z), Z), ldiv(Y, Z))
(47.14286) 5012. L(X, Y, rdiv(T(T2, Z), L2)) -> X
(47.14286) 5013. L(X, Y, rdiv(T(T2, Z), L3)) -> X
(47.14286) 5014. L(X, op(Y, rdiv(zero, X)), X) -> L(X, rdiv(Y, X), X)
(47.14286) 5015. op(L(X, rdiv(zero, Y), Y), X) -> op(X, L(X, rdiv(zero, Y), Y))
(47.285713) 5016. ldiv(op(X, op(Y, Z)), op(X, op(Z, Y))) -> K(Z, Y)
(47.285713) 5017. T(R(X, Y, rdiv(zero, Y)), X) -> R(X, Y, rdiv(zero, Y))
(47.285713) 5018. R(X, T(ldiv(X, zero), X), Y) -> R(X, rdiv(zero, X), Y)
(47.285713) 5019. rdiv(op(X, Y), rdiv(X, K(Y, op(X, Y)))) -> L(Y, X, Y)
(47.285713) 5020. rdiv(T(X, op(X, Y)), L(X, Y, X)) -> K(X, Y)
(47.285713) 5021. ldiv(T(X, op(X, Y)), L(X, Y, X)) -> K(Y, X)
(47.285713) 5022. rdiv(L(X, Y, X), T(X, op(X, Y))) -> K(Y, X)
(47.285713) 5023. op(L(x7, X, T2), x7) -> op(x7, L(x7, X, T2))
(47.285713) 5024. rdiv(op(x7, L(x10, X, x10)), T2) -> L(x10, X, x10)
(47.285713) 5025. rdiv(op(L2, L(x10, X, x10)), T3) -> L(x10, X, x10)
(47.285713) 5026. ldiv(L(x7, X, T2), x7) -> rdiv(x7, L(x7, X, T2))
(47.285713) 5027. ldiv(L(T3, X, L2), T3) -> rdiv(T3, L(T3, X, L2))
(47.285713) 5028. ldiv(x7, L(x7, X, T2)) -> rdiv(L(x7, X, T2), x7)
(47.285713) 5029. ldiv(T3, L(T3, X, L2)) -> rdiv(L(T3, X, L2), T3)
(60.0) 5030. rdiv(T(T2, x10), K(L3, op(L3, x10))) -> R(T2, T(x10, ?), T2)
(47.857143) 5031. R(T2, T(x10, X), T2) ~> R(T2, T(x10, ?), T2)
(47.285713) 5032. R(X, Y, T(ldiv(Y, zero), Z)) -> R(X, Y, rdiv(zero, Y))
(47.285713) 5033. op(R(L3, X, L3), T2) -> op(T2, R(L3, X, L3))
(47.285713) 5034. op(R(L3, X, L3), x7) -> op(x7, R(L3, X, L3))
(47.285713) 5035. op(R(L3, X, L3), L2) -> op(L2, R(L3, X, L3))
(47.285713) 5036. a(L2, ldiv(T3, X), L2) -> a(L2, rdiv(X, T3), L2)
(47.285713) 5037. op(R(X, Y, X), ldiv(X, zero)) -> a(X, Y, X)
(47.0) 5038. a(ldiv(L2, zero), T2, ldiv(L2, zero)) -> K(rdiv(zero, L3), L3)
(47.285713) 5039. op(R(L3, X, L3), T3) -> op(T3, R(L3, X, L3))
(47.285713) 5040. R(L3, ldiv(T3, X), L3) -> R(L3, rdiv(X, T3), L3)
(47.285713) 5041. ldiv(rdiv(X, R(X, Y, X)), zero) -> a(X, Y, X)
(47.285713) 5042. rdiv(zero, rdiv(X, R(X, Y, X))) -> a(X, Y, X)
(43.714287) 5043. rdiv(X, R(X, Y, X)) = ldiv(a(X, Y, X), zero)
(47.285713) 5044. R(X, T2, ldiv(x7, zero)) -> R(X, T2, rdiv(zero, x7))
(47.285713) 5045. op(L(x7, X, T2), L3) -> op(L3, L(x7, X, T2))
(47.285713) 5046. a(L3, ldiv(T2, X), L3) -> a(L3, rdiv(X, T2), L3)
(47.285713) 5047. a(L3, ldiv(x7, X), L3) -> a(L3, rdiv(X, x7), L3)
(47.285713) 5048. a(L3, ldiv(L2, X), L3) -> a(L3, rdiv(X, L2), L3)
(47.285713) 5049. a(L3, ldiv(T3, X), L3) -> a(L3, rdiv(X, T3), L3)
(47.285713) 5050. R(T2, ldiv(L2, X), T2) -> R(T2, rdiv(X, L2), T2)
(47.285713) 5051. R(T2, ldiv(T3, X), T2) -> R(T2, rdiv(X, T3), T2)
(47.285713) 5052. R(x7, ldiv(L3, X), x7) -> R(x7, rdiv(X, L3), x7)
(47.285713) 5053. R(x7, ldiv(T3, X), x7) -> R(x7, rdiv(X, T3), x7)
(47.285713) 5054. R(L2, ldiv(L3, X), L2) -> R(L2, rdiv(X, L3), L2)
(47.285713) 5055. R(L2, ldiv(T2, X), L2) -> R(L2, rdiv(X, T2), L2)
(47.285713) 5056. R(L2, ldiv(x7, X), L2) -> R(L2, rdiv(X, x7), L2)
(47.285713) 5057. op(R(T3, X, T3), L3) -> op(L3, R(T3, X, T3))
(47.285713) 5058. op(R(T3, X, T3), T2) -> op(T2, R(T3, X, T3))
(47.285713) 5059. op(R(T3, X, T3), x7) -> op(x7, R(T3, X, T3))
(47.285713) 5060. op(L(x7, X, T2), L2) -> op(L2, L(x7, X, T2))
(47.285713) 5061. op(L(x7, X, T2), T3) -> op(T3, L(x7, X, T2))
(47.285713) 5062. L(T(x7, X), T2, T2) -> L(T(x7, X), L3, T2)
(47.285713) 5063. L(T(T3, X), L2, T2) -> L(T(T3, X), L3, L2)
(47.285713) 5064. L(L2, rdiv(X, T2), T2) -> L(L2, rdiv(X, L2), L2)
(47.285713) 5065. op(R(x7, X, x7), L2) -> op(L2, R(x7, X, x7))
(47.285713) 5066. op(L2, a(x7, X, L2)) -> R(L2, X, L2)
(41.285713) 5067. a(x7, X, L2) -> a(L2, X, L2)
(47.285713) 5068. L(L3, rdiv(X, T2), T2) -> L(L3, rdiv(X, L3), L3)
(47.285713) 5069. op(R(T2, X, T2), L3) -> op(L3, R(T2, X, T2))
(47.285713) 5070. op(L3, a(T2, X, L3)) -> R(L3, X, L3)
(41.285713) 5071. a(T2, X, L3) -> a(L3, X, L3)
(47.285713) 5072. a(x7, ldiv(L2, X), x7) -> a(x7, rdiv(X, L2), x7)
(47.285713) 5073. a(T2, ldiv(L3, X), T2) -> a(T2, rdiv(X, L3), T2)
(47.285713) 5074. a(T3, T(X, L3), T3) -> a(T3, X, T3)
(47.285713) 5075. L(L3, rdiv(X, T2), L3) -> L(L3, rdiv(X, L3), L3)
(47.285713) 5076. ldiv(L(L3, X, L3), T3) -> rdiv(T3, L(L3, X, L3))
(47.285713) 5077. ldiv(R(L3, X, L3), T3) -> rdiv(T3, R(L3, X, L3))
(47.285713) 5078. rdiv(x7, op(X, a(L2, x10, L2))) -> rdiv(L(x7, x10, T2), X)
(42.0) 5079. rdiv(L(x7, x10, T2), L2) -> rdiv(x7, R(L2, x10, L2))
(44.0) 5080. ldiv(L2, L(x7, x10, T2)) -> rdiv(x7, R(L2, x10, L2))
(47.285713) 5081. rdiv(op(X, x7), a(L2, x10, L2)) -> op(X, L(x7, x10, T2))
(47.285713) 5082. ldiv(L(x7, x10, T2), op(x7, X)) -> op(X, a(L2, x10, L2))
(45.0) 5083. K(L3, rdiv(L(x7, x10, T2), L3)) -> zero
(47.0) 5084. T(L3, rdiv(L(x7, x10, T2), L3)) -> L3
(46.0) 5085. ldiv(L3, L(x7, x10, T2)) -> rdiv(L(x7, x10, T2), L3)
(47.0) 5086. K(rdiv(L(x7, x10, T2), L3), L3) -> zero
(73.28572) 5087. L(rdiv(X, a(L2, x10, L2)), rdiv(T2, L(x7, x10, T2)), L(x7, x10, T2)) -> ldiv(x7, op(L(x7, x10, T2), X))
(47.285713) 5088. L(x7, rdiv(X, T2), T2) -> L(x7, rdiv(X, L3), L3)
(45.0) 5089. L(x7, rdiv(L2, L3), L3) -> x7
(47.285713) 5090. ldiv(R(L3, X, L3), T2) -> rdiv(T2, R(L3, X, L3))
(47.285713) 5091. L(T(x7, X), L2, T2) -> L(T(x7, X), L3, T2)
(47.285713) 5092. L(T(T3, X), L2, L2) -> L(T(T3, X), L3, L2)
(47.285713) 5093. ldiv(L(L3, X, L3), x7) -> rdiv(x7, L(L3, X, L3))
(47.285713) 5094. ldiv(R(L3, X, L3), x7) -> rdiv(x7, R(L3, X, L3))
(47.285713) 5095. ldiv(L2, L(L3, X, L3)) -> rdiv(L(L3, X, L3), L2)
(47.285713) 5096. a(T(x10, X), x7, T(x10, X)) -> a(T(x10, X), T2, T(x10, X))
(47.285713) 5097. a(T3, ldiv(L2, X), T3) -> a(T3, rdiv(X, L2), T3)
(47.285713) 5098. a(T(x10, X), T3, T(x10, X)) -> a(T(x10, X), L2, T(x10, X))
(47.285713) 5099. a(x7, ldiv(T2, X), x7) -> a(x7, rdiv(X, T2), x7)
(47.285713) 5100. a(T2, ldiv(x7, X), T2) -> a(T2, rdiv(X, x7), T2)
(47.285713) 5101. a(T3, ldiv(L3, X), T3) -> a(T3, rdiv(X, L3), T3)
(47.285713) 5102. ldiv(R(x7, X, x7), L3) -> rdiv(L3, R(x7, X, x7))
(47.285713) 5103. ldiv(L(x7, X, T2), L3) -> rdiv(L3, L(x7, X, T2))
(47.857143) 5104. op(ldiv(X, T3), ldiv(ldiv(X, L3), L3)) -> T3
(46.142857) 5105. T(ldiv(X, T3), X) = ldiv(ldiv(ldiv(X, L3), L3), T3)
(47.285713) 5106. a(T3, ldiv(T3, zero), X) -> a(L2, ldiv(L2, zero), X)
(47.285713) 5107. a(rdiv(zero, T3), T3, X) -> a(rdiv(zero, L2), L2, X)
(47.285713) 5108. ldiv(T2, L(T3, X, L2)) -> rdiv(L(T3, X, L2), T2)
(47.285713) 5109. ldiv(x7, L(T3, X, L2)) -> rdiv(L(T3, X, L2), x7)
(47.285713) 5110. ldiv(rdiv(L(x7, x10, T2), X), x7) -> op(X, a(L2, x10, L2))
(47.285713) 5111. op(rdiv(X, x7), L(x7, x10, T2)) -> rdiv(X, a(L2, x10, L2))
(44.571426) 5112. L(X, L(x7, x10, T2), Y) -> L(X, T2, Y)
(46.571426) 5113. L(X, Y, L(x7, x10, T2)) -> L(X, Y, T2)
(47.285713) 5114. R(X, T2, rdiv(T3, ldiv(x10, L2))) -> R(X, T2, x10)
(47.285717) 5115. rdiv(op(X, T(x10, L3)), op(L2, x10)) -> R(rdiv(X, T3), L2, x10)
(42.0) 5116. rdiv(op(x10, L3), op(L2, x10)) -> R(rdiv(L3, T3), L2, x10)
(43.428574) 5117. op(L(X, X, X), a(X, X, X)) -> X
(46.57143) 5118. rdiv(X, op(Y, a(X, X, X))) -> rdiv(L(X, X, X), Y)
(46.57143) 5119. ldiv(X, op(L(X, X, X), Y)) -> rdiv(Y, a(X, X, X))
(46.57143) 5120. rdiv(op(X, Y), a(Y, Y, Y)) -> op(X, L(Y, Y, Y))
(46.57143) 5121. ldiv(L(X, X, X), op(X, Y)) -> op(Y, a(X, X, X))
(46.57143) 5122. ldiv(rdiv(L(X, X, X), Y), X) -> op(Y, a(X, X, X))
(46.0) 5123. rdiv(x7, L(L2, L3, L2)) -> rdiv(T2, L(T3, L3, L2))
(46.57143) 5124. rdiv(T(X, Y), a(X, X, X)) -> L(T(X, Y), X, X)
(45.857143) 5125. T(X, L(T(Y, Z), Y, Y)) -> T(X, Y)
(45.857143) 5126. K(X, L(T(Y, Z), Y, Y)) -> K(X, Y)
(45.857143) 5127. K(L(T(X, Y), X, X), Z) -> K(X, Z)
(46.57143) 5128. rdiv(ldiv(X, Y), a(Y, Y, Y)) -> ldiv(X, L(Y, Y, Y))
(46.57143) 5129. rdiv(op(X, L(Y, Y, Y)), Y) -> rdiv(X, a(Y, Y, Y))
(49.57143) 5130. rdiv(op(X, X), a(X, X, X)) -> rdiv(op(X, op(X, X)), X)
(46.57143) 5131. op(rdiv(X, Y), L(Y, Y, Y)) -> rdiv(X, a(Y, Y, Y))
(47.14286) 5132. rdiv(op(X, op(X, X)), X) -> op(X, L(X, X, X))
(47.285713) 5133. ldiv(L(T(X, Y), X, X), T(X, Y)) -> a(X, X, X)
(45.857143) 5134. a(R(X, X, X), R(X, X, X), R(X, X, X)) -> a(X, X, X)
(45.857143) 5135. a(R(X, Y, X), R(X, Y, X), R(X, Y, X)) -> a(X, X, X)
(47.285713) 5136. rdiv(T(X, Y), L(T(X, Y), X, X)) -> a(X, X, X)
(47.428574) 5137. op(op(ldiv(X, rdiv(Y, Z)), X), Z) = rdiv(Y, K(X, rdiv(rdiv(Y, Z), X)))
(41.571426) 5138. op(op(ldiv(X, x10), X), T3) -> op(L2, op(ldiv(X, x10), X))
(43.571426) 5139. op(op(X, rdiv(x10, X)), T3) -> op(L2, op(X, rdiv(x10, X)))
(47.0) 5140. R(L2, rdiv(zero, T2), T2) -> ldiv(ldiv(L2, zero), zero)
(47.0) 5141. R(L3, rdiv(zero, T2), T2) -> ldiv(ldiv(L3, zero), zero)
(45.57143) 5142. op(op(ldiv(X, Y), X), T(Z, Y)) -> op(Z, op(ldiv(X, Y), X))
(47.428574) 5143. op(op(X, rdiv(rdiv(Y, Z), X)), Z) = rdiv(Y, K(rdiv(rdiv(Y, Z), X), X))
(45.57143) 5144. op(op(X, rdiv(Y, X)), T(Z, Y)) -> op(Z, op(X, rdiv(Y, X)))
(46.285713) 5145. ldiv(op(X, op(Y, rdiv(Z, Y))), op(Y, rdiv(Z, Y))) -> ldiv(op(X, Z), Z)
(42.857143) 5146. ldiv(op(X, op(Y, Z)), op(Y, Z)) <-> ldiv(op(X, op(Z, Y)), op(Z, Y))
(44.285713) 5147. ldiv(op(X, op(T3, x10)), op(T3, x10)) -> ldiv(op(X, op(L2, x10)), op(L2, x10))
(78.0) 5148. rdiv(ldiv(op(X, op(Y, Z)), op(Y, op(Z, a(W, V, U)))), a(W, V, U)) -> ldiv(op(X, op(Y, Z)), op(Y, Z))
(46.285713) 5149. ldiv(op(X, op(x10, x7)), op(x10, x7)) -> ldiv(op(X, op(T2, x10)), op(T2, x10))
(47.428574) 5150. rdiv(X, op(T(L2, X), X)) = rdiv(T(X, L3), op(L2, X))
(47.0) 5151. rdiv(L2, ldiv(rdiv(zero, L2), x7)) -> rdiv(zero, x7)
(47.428574) 5152. rdiv(X, op(T(T2, X), X)) = rdiv(T(X, L3), op(T2, X))
(47.428574) 5153. rdiv(a(X, Y, X), R(X, Y, X)) -> rdiv(zero, X)
(47.428574) 5154. L(X, rdiv(Y, R(Y, Z, Y)), W) -> X
(47.428574) 5155. R(X, rdiv(Y, R(Y, Z, Y)), X) -> X
(47.428574) 5156. L(X, Y, rdiv(Z, R(Z, W, Z))) -> X
(47.428574) 5157. rdiv(X, op(T(x7, X), X)) = rdiv(T(X, L3), op(x7, X))
(47.428574) 5158. rdiv(X, K(rdiv(op(Y, X), Z), Z)) = ldiv(Y, op(Z, rdiv(op(Y, X), Z)))
(47.428574) 5159. rdiv(X, K(Y, rdiv(op(Z, X), Y))) = ldiv(Z, op(ldiv(Y, op(Z, X)), Y))
(47.571426) 5160. op(rdiv(X, L2), T(T3, Y)) -> rdiv(X, rdiv(L2, T(T3, Y)))
(47.571426) 5161. K(op(L2, op(X, T3)), Y) -> K(op(L3, op(X, L2)), Y)
(47.571426) 5162. K(op(T2, op(X, x7)), Y) -> K(op(L3, op(X, L3)), Y)
(43.571426) 5163. K(op(X, rdiv(L3, L2)), Y) -> K(X, Y)
(45.571426) 5164. K(rdiv(X, rdiv(L3, L2)), Y) -> K(X, Y)
(45.571426) 5165. K(op(L3, rdiv(X, L2)), Y) -> K(X, Y)
(45.857143) 5166. K(X, rdiv(X, rdiv(L3, L2))) -> zero
(46.285713) 5167. op(rdiv(L3, L2), rdiv(X, rdiv(L3, L2))) -> X
(47.571426) 5168. T(X, op(L2, op(Y, T3))) -> T(X, op(L3, op(L2, Y)))
(47.571426) 5169. T(X, op(L3, op(T2, Y))) = T(X, op(L3, op(Y, x7)))
(47.571426) 5170. op(rdiv(X, T3), T(L2, Y)) -> rdiv(X, rdiv(T3, T(L2, Y)))
(47.571426) 5171. T(X, op(Y, op(T2, x10))) -> T(X, op(Y, op(L3, x10)))
(44.571426) 5172. L(X, op(T2, x10), X) -> L(X, op(L3, x10), X)
(47.0) 5173. T(op(T2, x10), op(L3, x10)) -> op(T2, x10)
(47.571426) 5174. T(X, op(Y, op(L2, x10))) -> T(X, op(Y, op(L3, x10)))
(44.571426) 5175. L(X, op(L2, x10), X) -> L(X, op(L3, x10), X)
(47.571426) 5176. T(X, op(Y, op(T2, x7))) = T(X, op(L3, op(Y, x7)))
(47.571426) 5177. T(X, op(L2, op(x10, Y))) -> T(X, op(L3, op(Y, x10)))
(47.571426) 5178. K(X, op(Y, op(x10, x7))) -> K(X, op(Y, op(T2, x10)))
(47.571426) 5179. T(X, op(x10, op(Y, x7))) = T(X, op(Y, op(L3, x10)))
(47.571426) 5180. T(op(X, rdiv(T3, X)), L3) -> op(X, rdiv(T3, X))
(63.571426) 5181. ldiv(T3, K(rdiv(L3, rdiv(L2, X)), rdiv(L3, X))) -> ldiv(T3, K(X, rdiv(L3, X)))
(47.571426) 5182. K(X, rdiv(Y, op(x10, x7))) -> K(X, rdiv(Y, op(T2, x10)))
(47.571426) 5183. K(X, rdiv(Y, op(T3, x10))) -> K(X, rdiv(Y, op(L2, x10)))
(47.571426) 5184. K(X, rdiv(op(x10, x7), Y)) -> K(X, rdiv(op(T2, x10), Y))
(47.571426) 5185. K(X, rdiv(op(T3, x10), Y)) -> K(X, rdiv(op(L2, x10), Y))
(47.571426) 5186. op(T(T(x10, X), Y), T3) -> op(L2, T(T(x10, X), Y))
(47.571426) 5187. op(T(x10, X), T(T3, Y)) = op(T(L2, Y), T(x10, X))
(63.571426) 5188. T(X, op(L2, rdiv(rdiv(T3, L2), ldiv(Y, T3)))) -> T(X, Y)
(63.571423) 5189. K(op(L2, rdiv(rdiv(T3, L2), ldiv(X, T3))), Y) -> K(X, Y)
(47.571426) 5190. K(X, rdiv(op(Y, T3), L3)) -> K(X, Y)
(62.42857) 5191. K(X, rdiv(L3, ldiv(rdiv(K(Y, Z), W), L2))) -> K(X, rdiv(zero, W))
(63.571426) 5192. ldiv(T3, K(rdiv(L3, X), rdiv(L3, ldiv(X, L2)))) -> ldiv(T3, K(rdiv(L3, X), X))
(47.571426) 5193. T(T(rdiv(X, T3), X), L3) -> T(ldiv(T3, X), X)
(63.571426) 5194. T(X, op(L3, rdiv(rdiv(Y, op(L2, x10)), L2))) -> T(X, rdiv(Y, op(L2, x10)))
(47.571426) 5195. op(op(X, rdiv(L2, X)), T3) -> op(T3, op(X, rdiv(L2, X)))
(47.571426) 5196. op(op(X, rdiv(T3, X)), L2) -> op(L2, op(X, rdiv(T3, X)))
(47.571426) 5197. op(op(ldiv(X, L2), X), T3) -> op(T3, op(ldiv(X, L2), X))
(47.571426) 5198. op(op(ldiv(X, T3), X), L2) -> op(L2, op(ldiv(X, T3), X))
(47.571426) 5199. K(op(X, op(x10, x7)), Y) -> K(op(X, op(T2, x10)), Y)
(47.571426) 5200. K(rdiv(X, op(x10, x7)), Y) -> K(rdiv(X, op(T2, x10)), Y)
(47.571426) 5201. K(rdiv(X, op(T3, x10)), Y) -> K(rdiv(X, op(L2, x10)), Y)
(47.571426) 5202. K(rdiv(op(x10, x7), X), Y) -> K(rdiv(op(T2, x10), X), Y)
(47.571426) 5203. K(rdiv(op(T3, x10), X), Y) -> K(rdiv(op(L2, x10), X), Y)
(47.571426) 5204. K(op(X, op(L2, x10)), Y) = K(op(op(T3, x10), X), Y)
(47.571426) 5205. op(T(X, L3), op(L2, X)) -> op(X, op(X, L2))
(47.571426) 5206. op(op(L2, X), T(X, L3)) -> op(op(X, L2), X)
(47.571426) 5207. T(ldiv(ldiv(L2, X), X), L3) -> ldiv(ldiv(L2, X), X)
(47.571426) 5208. op(T(X, L3), op(X, L2)) -> op(X, op(T(X, L3), L2))
(47.571426) 5209. op(T(L2, X), T(Y, L3)) -> op(Y, T(L2, X))
(47.571426) 5210. T(T(rdiv(X, L2), X), L3) -> T(ldiv(L2, X), X)
(47.571426) 5211. op(T(X, L3), op(T2, X)) -> op(X, op(X, T2))
(47.571426) 5212. op(op(T2, X), T(X, L3)) -> op(op(X, T2), X)
(47.571426) 5213. T(ldiv(ldiv(T2, X), X), L3) -> ldiv(ldiv(T2, X), X)
(47.571426) 5214. op(T(X, L3), op(X, T2)) -> op(X, op(T(X, L3), T2))
(47.571426) 5215. op(T(T2, X), T(Y, L3)) -> op(Y, T(T2, X))
(47.571426) 5216. T(T(rdiv(X, T2), X), L3) -> T(ldiv(T2, X), X)
(47.571426) 5217. rdiv(op(T2, X), K(X, L3)) -> op(T(T2, X), X)
(47.571426) 5218. rdiv(op(T2, X), K(Y, L3)) -> op(T(T2, Y), X)
(47.571426) 5219. rdiv(op(X, T2), K(Y, L3)) -> op(X, T(T2, Y))
(47.571426) 5220. rdiv(ldiv(X, T2), K(Y, L3)) -> ldiv(X, T(T2, Y))
(47.571426) 5221. rdiv(T(T2, X), K(Y, L3)) -> T(T(T2, X), Y)
(47.571426) 5222. rdiv(op(L2, X), K(X, L3)) -> op(T(L2, X), X)
(47.571426) 5223. rdiv(op(L2, X), K(Y, L3)) -> op(T(L2, Y), X)
(42.285713) 5224. op(L2, T(L3, X)) -> op(L3, T(L2, X))
(47.571426) 5225. rdiv(op(X, L2), K(Y, L3)) -> op(X, T(L2, Y))
(47.571426) 5226. rdiv(ldiv(X, L2), K(Y, L3)) -> ldiv(X, T(L2, Y))
(47.571426) 5227. rdiv(T(L2, X), K(Y, L3)) -> T(T(L2, X), Y)
(47.571426) 5228. rdiv(ldiv(L2, X), K(L3, Y)) -> ldiv(T(L2, Y), X)
(47.571426) 5229. rdiv(L2, rdiv(X, K(L3, Y))) -> rdiv(T(L2, Y), X)
(47.571426) 5230. op(rdiv(X, rdiv(L3, T2)), Y) -> op(X, rdiv(Y, rdiv(L3, T2)))
(47.571426) 5231. op(X, rdiv(Y, rdiv(L3, T2))) -> rdiv(T2, ldiv(op(X, Y), L3))
(47.571426) 5232. ldiv(rdiv(X, rdiv(L3, T2)), Y) -> rdiv(L3, ldiv(ldiv(X, Y), T2))
(47.571426) 5233. ldiv(X, rdiv(Y, rdiv(T2, L3))) -> rdiv(L3, ldiv(ldiv(X, Y), T2))
(47.571426) 5234. rdiv(rdiv(X, rdiv(L3, T2)), Y) -> rdiv(X, rdiv(Y, rdiv(T2, L3)))
(42.285713) 5235. rdiv(X, rdiv(L3, L2)) = rdiv(L2, ldiv(X, L3))
(45.571426) 5236. K(rdiv(X, rdiv(L3, x7)), Y) -> K(X, Y)
(47.571426) 5237. op(rdiv(X, rdiv(T2, L3)), Y) -> rdiv(L3, ldiv(op(X, Y), T2))
(47.571426) 5238. ldiv(X, rdiv(Y, rdiv(L3, T2))) -> rdiv(T2, ldiv(ldiv(X, Y), L3))
(40.285713) 5239. ldiv(ldiv(x7, X), L3) -> ldiv(ldiv(L3, X), x7)
(44.285713) 5240. rdiv(L2, ldiv(L3, X)) -> rdiv(L3, ldiv(L2, X))
(47.0) 5241. rdiv(L2, rdiv(zero, L3)) -> rdiv(L3, rdiv(zero, L2))
(47.571426) 5242. rdiv(X, rdiv(Y, rdiv(T2, L3))) = rdiv(T2, ldiv(rdiv(X, Y), L3))
(45.857143) 5243. rdiv(op(X, x7), op(X, L3)) -> rdiv(x7, L3)
(47.571426) 5244. ldiv(rdiv(X, rdiv(T2, L3)), Y) -> rdiv(T2, ldiv(ldiv(X, Y), L3))
(47.571426) 5245. op(X, rdiv(Y, rdiv(T2, L3))) -> rdiv(L3, ldiv(op(X, Y), T2))
(47.571426) 5246. rdiv(rdiv(X, rdiv(T2, L3)), Y) -> rdiv(X, rdiv(Y, rdiv(L3, T2)))
(45.571426) 5247. K(rdiv(X, rdiv(x7, L3)), Y) -> K(X, Y)
(45.571426) 5248. K(X, rdiv(Y, rdiv(x7, L3))) -> K(X, Y)
(47.571426) 5249. T(rdiv(X, rdiv(T2, L3)), Y) -> rdiv(L3, ldiv(T(X, Y), T2))
(47.571426) 5250. rdiv(T2, rdiv(X, K(L3, Y))) -> rdiv(T(T2, Y), X)
(47.571426) 5251. rdiv(ldiv(T2, X), K(L3, Y)) -> ldiv(T(T2, Y), X)
(47.571426) 5252. op(T(x7, X), T(Y, L3)) -> op(Y, T(x7, X))
(47.571426) 5253. rdiv(x7, rdiv(X, K(L3, Y))) -> rdiv(T(x7, Y), X)
(47.571426) 5254. rdiv(op(X, x7), K(Y, L3)) -> op(X, T(x7, Y))
(42.285713) 5255. op(T(L3, X), x7) -> op(L3, T(x7, X))
(42.285713) 5256. op(T(T2, X), x7) -> op(T2, T(x7, X))
(44.285713) 5257. op(x7, T(L3, X)) -> op(L3, T(x7, X))
(44.285713) 5258. op(x7, T(T2, X)) -> op(T2, T(x7, X))
(47.571426) 5259. rdiv(op(x7, X), K(Y, L3)) -> op(T(x7, Y), X)
(47.571426) 5260. rdiv(ldiv(X, x7), K(Y, L3)) -> ldiv(X, T(x7, Y))
(47.571426) 5261. rdiv(ldiv(x7, X), K(L3, Y)) -> ldiv(T(x7, Y), X)
(47.571426) 5262. rdiv(T(x7, X), K(Y, L3)) -> T(T(x7, X), Y)
  (simplifying queued critical pairs...)
(34.0) 5263. a(x7, x10, x7) -> a(L2, x10, L2)
(38.285713) 5264. op(rdiv(T3, X), x7) -> op(rdiv(L2, X), T2)
(39.714287) 5265. R(X, Y, rdiv(L3, T2)) -> X
(40.0) 5266. a(rdiv(zero, x10), x10, x7) -> a(rdiv(zero, x10), x10, T2)
(40.0) 5267. L(x7, L3, T2) -> L(x7, L3, L3)
(40.0) 5268. L(x7, L3, L2) -> L(x7, L3, L3)
(40.285713) 5269. op(ldiv(X, T3), x7) -> op(ldiv(X, L2), T2)
(40.714287) 5270. R(X, rdiv(Y, K(Y, Z)), Z) -> R(X, Y, Z)
(40.857143) 5271. op(ldiv(T(X, Y), Y), T(X, Y)) -> op(ldiv(X, Y), X)
(41.0) 5272. K(rdiv(L3, L(T2, x10, L3)), L3) -> zero
(41.0) 5273. K(L3, rdiv(L3, L(T2, x10, L3))) -> zero
(41.285713) 5274. op(R(x10, X, x10), T2) -> op(x7, R(x10, X, x10))
(41.714287) 5275. L(ldiv(X, K(Y, X)), X, Y) -> ldiv(op(X, Y), Y)
(42.0) 5276. T(X, R(X, rdiv(X, Y), Y)) -> X
(42.0) 5277. a(T2, L2, T2) -> a(L2, T2, L2)
(42.0) 5278. ldiv(x7, R(x7, x10, T2)) -> a(L2, x10, L2)
(42.285713) 5279. op(T3, ldiv(X, x7)) -> op(L2, ldiv(X, T2))
(42.285713) 5280. op(rdiv(T3, X), op(x10, x7)) -> op(rdiv(L2, X), op(x10, T2))
(42.285713) 5281. op(x7, rdiv(T3, X)) -> op(T2, rdiv(L2, X))
(42.285713) 5282. op(rdiv(x7, X), T2) -> op(rdiv(T2, X), x7)
(42.285713) 5283. op(x7, ldiv(X, T3)) -> op(T2, ldiv(X, L2))
(42.285713) 5284. op(ldiv(X, x7), T2) -> op(ldiv(X, T2), x7)
(42.428574) 5285. R(rdiv(x7, L3), L3, X) -> rdiv(x7, L3)
(42.714287) 5286. R(X, Y, rdiv(Z, K(W, V))) -> R(X, Y, Z)
(39.14286) 5287. R(X, Y, op(Z, W)) <-> R(X, Y, op(W, Z))
(39.14286) 5288. R(X, Y, ldiv(Z, W)) -> R(X, Y, rdiv(W, Z))
(34.57143) 5289. R(X, Y, T3) -> R(X, Y, L2)
(39.285713) 5290. R(X, Y, T(Z, W)) -> R(X, Y, Z)
(34.57143) 5291. R(X, Y, x7) -> R(X, Y, T2)
(41.285713) 5292. R(X, x7, L2) -> R(X, L2, T2)
(42.571426) 5293. R(X, Y, op(x10, x7)) -> R(X, Y, op(T2, x10))
(42.571426) 5294. R(X, Y, op(T3, x10)) -> R(X, Y, op(L2, x10))
(42.714287) 5295. R(X, rdiv(Y, K(Z, W)), V) -> R(X, Y, V)
(39.14286) 5296. R(X, op(Y, Z), W) <-> R(X, op(Z, Y), W)
(39.14286) 5297. R(X, ldiv(Y, Z), W) -> R(X, rdiv(Z, Y), W)
(34.57143) 5298. R(X, T3, Y) -> R(X, L2, Y)
(36.57143) 5299. a(X, T3, X) -> a(X, L2, X)
(39.285713) 5300. R(X, T(Y, Z), W) -> R(X, Y, W)
(34.57143) 5301. R(X, x7, Y) -> R(X, T2, Y)
(36.57143) 5302. a(X, x7, X) -> a(X, T2, X)
(40.0) 5303. a(T3, L2, T3) -> a(L3, L3, L3)
(41.14286) 5304. a(X, op(Y, Z), X) <-> a(X, op(Z, Y), X)
(41.14286) 5305. a(X, ldiv(Y, Z), X) -> a(X, rdiv(Z, Y), X)
(41.285713) 5306. a(X, T(Y, Z), X) -> a(X, Y, X)
(42.571426) 5307. R(X, op(x10, x7), Y) -> R(X, op(T2, x10), Y)
(42.571426) 5308. R(X, op(T3, x10), Y) -> R(X, op(L2, x10), Y)
(42.714287) 5309. R(X, Y, R(Z, Z, Z)) -> R(X, Y, Z)
(42.714287) 5310. R(X, R(Y, Y, Y), Z) -> R(X, Y, Z)
(50.285713) 5311. T(rdiv(X, T(Y, X)), Y) -> ldiv(Y, T(X, Y))
(42.857143) 5312. op(T(X, Y), rdiv(Y, T(X, Y))) -> op(X, rdiv(Y, X))
(43.0) 5313. op(ldiv(x7, zero), L2) -> op(ldiv(T2, zero), T3)
(43.0) 5314. op(op(x10, x7), rdiv(L2, op(x10, x7))) -> op(op(x10, T2), rdiv(L2, op(x10, T2)))
(43.0) 5315. rdiv(rdiv(x10, T3), L2) -> rdiv(rdiv(x10, L2), T3)
(43.0) 5316. R(x7, rdiv(T3, L3), T2) -> x7
(43.0) 5317. op(x8, T(T2, op(x8, x9))) -> ldiv(x9, op(L3, op(x9, x8)))
(43.0) 5318. a(L3, T2, rdiv(L3, T2)) -> zero
(43.0) 5319. R(T3, rdiv(L2, x7), L2) -> T3
(43.0) 5320. R(T3, rdiv(L3, T2), L2) -> T3
(43.285713) 5321. ldiv(x7, R(L2, X, L2)) -> rdiv(R(L2, X, L2), x7)
(43.714287) 5322. R(rdiv(K(X, Y), X), X, Y) -> rdiv(Y, op(Y, X))
(42.857143) 5323. rdiv(ldiv(X, Y), op(ldiv(X, Y), X)) -> rdiv(rdiv(Y, X), Y)
(43.714287) 5324. T(X, R(T3, Y, L2)) -> T(X, L3)
(43.714287) 5325. T(X, R(x7, Y, T2)) -> T(X, L3)
(43.857143) 5326. T(X, R(Y, rdiv(Y, Z), Z)) -> T(X, Y)
(43.857143) 5327. K(X, rdiv(L3, ldiv(X, L2))) -> zero
(43.857143) 5328. a(T(X, Y), X, T(X, Y)) -> a(X, X, X)
(44.0) 5329. R(X, rdiv(zero, a(Y, Z, W)), V) -> X
(37.714287) 5330. R(X, rdiv(L3, T2), Y) -> X
(37.714287) 5331. R(X, rdiv(L2, x7), Y) -> X
(44.0) 5332. R(X, Y, rdiv(zero, a(Z, W, V))) -> X
(37.714287) 5333. R(X, Y, rdiv(L2, x7)) -> X
(44.0) 5334. a(x10, ldiv(x10, zero), x7) -> a(x10, ldiv(x10, zero), T2)
(44.0) 5335. op(L2, a(L3, L3, L3)) -> R(L2, L2, L2)
(44.0) 5336. rdiv(x7, R(x7, x10, T2)) -> rdiv(L2, R(L2, x10, L2))
(44.0) 5337. op(x7, a(L2, x10, L2)) -> R(x7, x10, T2)
(44.0) 5338. a(x7, L2, x7) -> a(L2, T2, L2)
(44.142857) 5339. rdiv(X, op(L3, X)) = R(rdiv(zero, L3), T2, X)
(44.142857) 5340. op(ldiv(T(X, L3), T3), T(X, L3)) -> op(ldiv(X, T3), X)
(44.142857) 5341. op(ldiv(T(X, L3), T2), T(X, L3)) -> op(ldiv(X, T2), X)
(44.14286) 5342. ldiv(T(rdiv(X, Y), Z), X) -> rdiv(X, T(ldiv(Y, X), Z))
(44.14286) 5343. T(rdiv(op(X, Y), X), Z) = rdiv(T(Y, Z), K(Y, X))
(51.57143) 5344. rdiv(X, T(ldiv(Y, T(X, Y)), Y)) -> T(T(Y, X), rdiv(X, Y))
(44.14286) 5345. K(X, R(X, rdiv(X, Y), Y)) -> zero
(44.14286) 5346. K(R(X, rdiv(X, Y), Y), X) -> zero
(51.714287) 5347. ldiv(X, op(op(ldiv(Y, X), Y), Y)) -> rdiv(X, rdiv(X, Y))
(44.285713) 5348. T(X, op(L2, op(x8, x9))) -> T(X, op(L3, op(x8, x9)))
(44.285713) 5349. ldiv(op(op(X, T3), x10), T3) -> ldiv(op(op(X, L2), x10), L2)
(44.285713) 5350. ldiv(T3, op(op(X, T3), x10)) -> ldiv(L2, op(op(X, L2), x10))
(44.285713) 5351. op(T2, T(T3, X)) -> op(T3, T(T2, X))
(44.285713) 5352. rdiv(rdiv(T3, X), T2) -> rdiv(rdiv(L2, X), x7)
(44.285713) 5353. rdiv(ldiv(x7, X), L3) -> rdiv(ldiv(L3, X), x7)
(44.285713) 5354. ldiv(ldiv(L2, X), L3) -> ldiv(ldiv(L3, X), L2)
(44.285713) 5355. rdiv(T3, ldiv(x7, X)) -> rdiv(L2, ldiv(T2, X))
(44.285713) 5356. rdiv(L3, rdiv(X, rdiv(x7, L3))) -> rdiv(x7, X)
(40.285713) 5357. ldiv(rdiv(x7, X), L3) -> rdiv(X, rdiv(x7, L3))
(44.285713) 5358. op(op(T3, X), op(x10, x7)) -> op(op(L2, X), op(x10, T2))
(44.285713) 5359. op(x7, rdiv(T2, X)) -> op(T2, rdiv(x7, X))
(44.285713) 5360. op(x7, ldiv(X, T2)) -> op(T2, ldiv(X, x7))
(44.285713) 5361. T(T(rdiv(X, Y), Z), Y) -> T(ldiv(Y, X), Z)
(44.285713) 5362. ldiv(L2, op(X, T(x10, L3))) -> ldiv(T3, op(X, x10))
(39.0) 5363. ldiv(L2, op(x10, L3)) -> rdiv(op(x10, L3), T3)
(41.0) 5364. rdiv(op(x10, L3), L2) -> rdiv(op(L3, x10), T3)
(41.0) 5365. op(op(x10, L3), T3) -> op(op(L3, x10), L2)
(44.428574) 5366. K(L3, R(T3, X, L2)) -> zero
(44.428574) 5367. K(R(T3, X, L2), L3) -> zero
(44.428574) 5368. K(L3, R(x7, X, T2)) -> zero
(44.428574) 5369. K(R(x7, X, T2), L3) -> zero
(44.428574) 5370. R(rdiv(L2, x7), T2, X) -> rdiv(L2, x7)
(44.571426) 5371. R(X, Y, R(L2, x10, L2)) -> R(X, Y, L2)
(44.571426) 5372. R(X, R(L2, x10, L2), Y) -> R(X, L2, Y)
(44.571426) 5373. a(X, op(x10, x7), X) -> a(X, op(T2, x10), X)
(44.571426) 5374. a(X, op(T3, x10), X) -> a(X, op(L2, x10), X)
(44.57143) 5375. R(X, rdiv(Y, X), Z) = rdiv(op(Y, Z), op(ldiv(X, Y), Z))
(44.14286) 5376. R(rdiv(X, Y), rdiv(X, rdiv(X, Y)), Z) = rdiv(op(X, Z), op(Y, Z))
(42.714287) 5377. R(X, rdiv(op(X, Y), X), Z) -> R(X, Y, Z)
(44.14286) 5378. R(X, R(Y, rdiv(X, Y), Y), Z) -> R(X, Y, Z)
(44.714287) 5379. R(X, Y, op(Z, rdiv(W, Z))) -> R(X, Y, W)
(42.714287) 5380. R(X, Y, L(Z, W, Z)) -> R(X, Y, Z)
(44.714287) 5381. R(X, Y, rdiv(Z, rdiv(Z, W))) -> R(X, Y, W)
(44.714287) 5382. R(X, Y, R(Z, W, Z)) -> R(X, Y, Z)
(44.714287) 5383. R(X, op(Y, rdiv(Z, Y)), W) -> R(X, Z, W)
(42.714287) 5384. R(X, L(Y, Z, Y), W) -> R(X, Y, W)
(44.714287) 5385. R(X, rdiv(Y, rdiv(Y, Z)), W) -> R(X, Z, W)
(44.714287) 5386. R(X, R(Y, Z, Y), W) -> R(X, Y, W)
(44.714287) 5387. a(X, R(Y, Y, Y), X) -> a(X, Y, X)
(44.714287) 5388. a(X, L(Y, Z, Y), X) -> a(X, Y, X)
(44.857143) 5389. op(ldiv(ldiv(X, Y), X), ldiv(X, Y)) -> op(ldiv(rdiv(Y, X), X), rdiv(Y, X))
(44.857143) 5390. rdiv(rdiv(op(X, Y), X), op(X, Y)) -> rdiv(Y, op(Y, X))
(45.0) 5391. op(op(x8, x9), T(L2, x8)) -> op(x9, op(x7, T(x8, x9)))
(45.0) 5392. op(op(x8, x9), T(L3, x8)) -> op(x9, op(T2, T(x8, x9)))
(45.0) 5393. R(T2, rdiv(zero, L2), T2) -> ldiv(ldiv(T2, zero), zero)
(45.0) 5394. rdiv(rdiv(zero, T3), x7) -> rdiv(rdiv(zero, L2), T2)
(45.0) 5395. op(L(T2, x10, L3), rdiv(T3, L(T2, x10, L3))) -> T3
(44.0) 5396. rdiv(T3, L(T2, x10, L3)) -> rdiv(L2, L(x7, x10, T2))
(45.0) 5397. rdiv(rdiv(zero, x7), T3) -> rdiv(rdiv(zero, T2), L2)
(45.0) 5398. T(L3, rdiv(L3, L(T2, x10, L3))) -> L3
(45.0) 5399. op(x7, R(x10, T2, x10)) -> T(op(x10, x7), x10)
(45.0) 5400. R(T3, rdiv(L3, T3), L2) -> T3
(45.0) 5401. R(x7, rdiv(T3, x7), T2) -> x7
(45.0) 5402. ldiv(T3, rdiv(x10, L2)) -> ldiv(L2, rdiv(x10, T3))
(45.0) 5403. rdiv(rdiv(x10, T3), x7) -> rdiv(rdiv(x10, L2), T2)
(45.0) 5404. L(x10, rdiv(L3, x10), x10) -> rdiv(L2, rdiv(T3, x10))
(45.0) 5405. R(x10, rdiv(T3, x10), x10) -> ldiv(ldiv(x10, L2), T3)
(45.285713) 5406. op(R(L2, X, L2), T3) -> op(T3, R(L2, X, L2))
(45.285713) 5407. op(R(T2, X, T2), x7) -> op(x7, R(T2, X, T2))
(45.285713) 5408. ldiv(T3, R(L2, X, L2)) -> rdiv(R(L2, X, L2), T3)
(45.285713) 5409. op(L(T3, X, L2), x7) -> op(x7, L(T3, X, L2))
(45.285713) 5410. ldiv(T2, R(L3, X, L3)) -> rdiv(R(L3, X, L3), T2)
(45.285713) 5411. T(R(T3, X, L2), L3) -> R(T3, X, L2)
(45.285713) 5412. ldiv(T3, R(T3, X, L2)) -> a(T3, X, T3)
(45.285713) 5413. rdiv(R(T3, X, L2), T3) -> a(T3, X, T3)
(45.285713) 5414. T(R(x7, X, T2), L3) -> R(x7, X, T2)
(45.285713) 5415. ldiv(x7, R(x7, X, T2)) -> a(x7, X, x7)
(45.0) 5416. a(x7, rdiv(T3, L3), x7) -> zero
(45.285713) 5417. rdiv(R(x7, X, T2), x7) -> a(x7, X, x7)
(45.571426) 5418. T(X, op(L3, rdiv(Y, L2))) -> T(X, Y)
(45.571426) 5419. K(op(L3, rdiv(X, T3)), Y) -> K(X, Y)
(45.571426) 5420. K(X, op(L3, rdiv(Y, T3))) -> K(X, Y)
(45.571426) 5421. K(X, op(L3, rdiv(Y, L2))) -> K(X, Y)
(45.571426) 5422. T(X, op(L2, rdiv(Y, x7))) -> T(X, Y)
(45.571426) 5423. K(op(L3, rdiv(X, T2)), Y) -> K(X, Y)
(45.571426) 5424. K(op(T2, rdiv(X, L3)), Y) -> K(X, Y)
(45.571426) 5425. K(op(L3, rdiv(X, x7)), Y) -> K(X, Y)
(45.571426) 5426. K(op(L2, rdiv(X, x7)), Y) -> K(X, Y)
(45.571426) 5427. K(rdiv(L3, rdiv(L2, X)), Y) -> K(X, Y)
(45.571426) 5428. K(rdiv(L3, ldiv(X, L2)), Y) -> K(X, Y)
(45.57143) 5429. rdiv(X, rdiv(Y, K(Z, rdiv(X, Z)))) -> rdiv(op(Z, rdiv(X, Z)), Y)
(45.57143) 5430. ldiv(op(T(X, Y), Z), op(X, Y)) -> ldiv(op(X, Z), op(Y, X))
(42.285713) 5431. ldiv(op(x7, X), op(x10, x7)) -> ldiv(op(T2, X), op(x10, T2))
(42.285713) 5432. ldiv(op(T3, X), op(L2, x10)) -> ldiv(op(L2, X), op(x10, L2))
(44.285713) 5433. ldiv(op(X, x7), op(x10, x7)) -> ldiv(op(X, T2), op(x10, T2))
(44.285713) 5434. ldiv(op(X, T3), op(L2, x10)) -> ldiv(op(X, L2), op(x10, L2))
(45.57143) 5435. ldiv(op(X, Y), op(T(X, Y), Z)) -> ldiv(op(Y, X), op(X, Z))
(42.285713) 5436. ldiv(op(x10, x7), op(x7, X)) -> ldiv(op(x10, T2), op(T2, X))
(44.285713) 5437. ldiv(op(x10, x7), op(X, x7)) -> ldiv(op(x10, T2), op(X, T2))
(45.714287) 5438. op(T(L2, X), op(X, T3)) -> op(L2, op(T3, X))
(45.714287) 5439. op(T(T2, X), op(X, x7)) -> op(T2, op(x7, X))
(46.285713) 5440. ldiv(rdiv(X, rdiv(x7, L3)), L3) -> ldiv(X, x7)
(45.714287) 5441. rdiv(X, T(T2, rdiv(X, L3))) -> ldiv(T2, X)
(45.714287) 5442. rdiv(X, T(L2, rdiv(X, L3))) -> ldiv(L2, X)
(45.714287) 5443. ldiv(x7, op(T(L2, X), X)) -> rdiv(op(L2, X), x7)
(45.714287) 5444. ldiv(op(L2, X), K(L3, X)) -> ldiv(op(X, L2), zero)
(45.714287) 5445. rdiv(op(X, L2), T(x7, X)) -> ldiv(T2, op(X, T3))
(45.714287) 5446. ldiv(T(T2, X), op(L3, X)) -> ldiv(T2, op(X, L3))
(45.714287) 5447. ldiv(T2, op(T(L3, X), X)) -> rdiv(op(L3, X), T2)
(45.714287) 5448. ldiv(rdiv(L3, X), T(T2, X)) -> rdiv(op(T2, X), L3)
(45.714287) 5449. rdiv(op(X, L3), T(T2, X)) -> ldiv(T2, op(X, L3))
(46.285713) 5450. rdiv(L2, ldiv(ldiv(X, L3), L3)) -> ldiv(X, L2)
(45.714287) 5451. rdiv(L3, T(ldiv(X, T2), X)) -> ldiv(ldiv(X, T2), L3)
(45.714287) 5452. ldiv(op(X, T2), op(x7, X)) -> rdiv(T(L2, X), T3)
(45.714287) 5453. K(R(T3, X, L2), Y) -> K(L3, Y)
(45.714287) 5454. K(X, R(T3, Y, L2)) -> K(X, L3)
(45.714287) 5455. K(R(x7, X, T2), Y) -> K(L3, Y)
(45.714287) 5456. K(X, R(x7, Y, T2)) -> K(X, L3)
(45.857143) 5457. rdiv(T(op(X, a(Y, Z, W)), V), a(Y, Z, W)) -> T(X, V)
(44.428574) 5458. op(T(X, Y), a(Z, W, V)) -> T(op(X, a(Z, W, V)), Y)
(45.857143) 5459. K(X, R(Y, rdiv(Y, Z), Z)) -> K(X, Y)
(45.857143) 5460. K(R(X, rdiv(X, Y), Y), Z) -> K(X, Z)
(45.857143) 5461. ldiv(X, rdiv(T2, ldiv(X, L3))) -> rdiv(T2, L3)
(45.857143) 5462. rdiv(X, rdiv(L3, ldiv(X, T2))) -> rdiv(T2, L3)
(41.0) 5463. rdiv(zero, rdiv(L3, T3)) -> rdiv(T3, L3)
(42.428574) 5464. T(rdiv(T3, L3), X) -> rdiv(T3, L3)
(43.0) 5465. ldiv(rdiv(T3, L3), zero) -> rdiv(L3, T3)
(43.0) 5466. rdiv(zero, rdiv(T3, L3)) -> rdiv(L3, T3)
(45.857143) 5467. rdiv(rdiv(T2, ldiv(X, L3)), X) -> rdiv(T2, L3)
(45.857143) 5468. ldiv(rdiv(L3, ldiv(X, T2)), X) -> rdiv(T2, L3)
(45.857143) 5469. L(R(T2, X, T2), X, L3) -> T2
(45.857143) 5470. rdiv(X, rdiv(X, rdiv(L3, x7))) -> rdiv(L3, x7)
(45.857143) 5471. rdiv(K(L3, X), T(T3, X)) -> rdiv(zero, T3)
(45.857143) 5472. rdiv(X, rdiv(X, rdiv(x7, L3))) -> rdiv(x7, L3)
(45.0) 5473. ldiv(T3, rdiv(x7, L3)) -> ldiv(L3, rdiv(x7, T3))
(45.0) 5474. rdiv(rdiv(x7, T3), L3) -> rdiv(rdiv(x7, L3), T3)
(45.857143) 5475. R(X, Y, rdiv(Z, rdiv(T3, L2))) -> R(X, Y, Z)
(39.714287) 5476. R(X, Y, rdiv(L3, x7)) -> X
(39.714287) 5477. R(X, Y, rdiv(T3, x7)) -> X
(42.428574) 5478. a(rdiv(T3, x7), X, rdiv(T3, x7)) -> zero
(43.0) 5479. a(L3, x7, rdiv(L3, x7)) -> zero
(43.0) 5480. a(T3, x7, rdiv(T3, x7)) -> zero
(45.857143) 5481. R(X, rdiv(Y, rdiv(T3, L2)), Z) -> R(X, Y, Z)
(39.714287) 5482. R(X, rdiv(L3, x7), Y) -> X
(39.714287) 5483. R(X, rdiv(T3, x7), Y) -> X
(41.857143) 5484. a(X, rdiv(T3, x7), X) -> zero
(45.857143) 5485. T(op(x7, a(X, Y, Z)), x10) -> op(T2, a(X, Y, Z))
(41.285713) 5486. op(T2, a(x7, X, x7)) -> T(R(x7, X, T2), x10)
(44.0) 5487. L(X, R(x7, Y, T2), X) -> L(X, L3, X)
(45.857143) 5488. T(op(L2, a(X, Y, Z)), x10) -> op(T3, a(X, Y, Z))
(41.285713) 5489. op(T3, a(L2, X, L2)) -> T(R(L2, X, L2), x10)
(46.0) 5490. op(T2, L(L2, L3, L2)) -> op(L2, L(T2, L3, T2))
(46.0) 5491. op(x7, L(L2, L3, L2)) -> op(L2, L(x7, L3, L3))
(43.0) 5492. K(L3, L(x7, L3, L3)) -> zero
(43.0) 5493. K(L(x7, L3, L3), L3) -> zero
(44.285713) 5494. T(X, L(x7, L3, L3)) -> T(X, L3)
(44.285713) 5495. K(L(x7, L3, L3), X) -> K(L3, X)
(44.285713) 5496. K(X, L(x7, L3, L3)) -> K(X, L3)
(46.0) 5497. op(L2, L(L3, L3, L3)) -> op(L3, L(L2, L3, L2))
(46.0) 5498. op(T2, L(L3, L3, L3)) -> op(L3, L(T2, L3, T2))
(46.0) 5499. op(T2, a(L3, L3, L3)) -> R(T2, T2, T2)
(38.0) 5500. R(T2, T2, T2) -> R(T2, L3, T2)
(40.0) 5501. a(L3, T2, L3) -> a(L3, L3, L3)
(42.0) 5502. R(L3, L3, T2) -> R(L3, L3, L3)
(46.0) 5503. op(T3, a(L3, L3, L3)) -> R(T3, L2, L2)
(46.0) 5504. op(x7, a(L3, L3, L3)) -> R(x7, T2, T2)
(46.0) 5505. rdiv(L(T2, x10, L3), T2) -> rdiv(L2, R(L2, x10, L2))
(38.0) 5506. R(L2, L2, L2) -> R(L2, L3, L2)
(40.0) 5507. a(L2, L3, L2) -> a(L3, L3, L3)
(38.0) 5508. R(x7, T2, T2) -> R(x7, L3, T2)
(40.0) 5509. a(x7, L3, x7) -> a(L3, L3, L3)
(46.0) 5510. op(R(L2, L3, L2), T2) -> op(x7, R(T3, L2, L2))
(46.0) 5511. T(L(x7, L3, L3), L3) -> L(x7, L3, L3)
(46.0) 5512. ldiv(R(x7, x10, T2), x7) -> rdiv(L2, R(L2, x10, L2))
(46.0) 5513. ldiv(op(L2, L2), op(x10, L2)) -> L(ldiv(T3, x10), L2, L2)
(46.0) 5514. op(T2, a(L2, x10, L2)) -> T(R(x7, x10, T2), x10)
(46.142857) 5515. rdiv(X, op(T3, X)) = R(rdiv(zero, T3), L2, X)
(46.142857) 5516. rdiv(X, op(T2, X)) = R(rdiv(zero, T2), L3, X)
(62.142853) 5517. R(rdiv(zero, T2), rdiv(rdiv(L3, T2), rdiv(zero, T2)), X) = rdiv(X, op(T2, X))
(46.142857) 5518. op(rdiv(T2, X), rdiv(L3, rdiv(T2, X))) -> op(ldiv(X, L3), X)
(44.428574) 5519. op(T(x7, X), rdiv(L3, T(x7, X))) -> L3
(46.142857) 5520. op(ldiv(T(X, L3), L2), T(X, L3)) -> op(ldiv(X, L2), X)
(46.142857) 5521. op(ldiv(T(X, L3), x7), T(X, L3)) -> op(ldiv(X, x7), X)
(46.142857) 5522. rdiv(X, op(x7, X)) = R(rdiv(zero, x7), T2, X)
(46.142857) 5523. op(T(X, L3), rdiv(T3, T(X, L3))) -> op(X, rdiv(T3, X))
(46.142857) 5524. op(T(X, L3), rdiv(T2, T(X, L3))) -> op(X, rdiv(T2, X))
(46.142857) 5525. op(T(X, L3), rdiv(L2, T(X, L3))) -> op(X, rdiv(L2, X))
(46.142857) 5526. op(T(X, L3), rdiv(x7, T(X, L3))) -> op(X, rdiv(x7, X))
(46.142857) 5527. rdiv(rdiv(op(L3, X), T2), op(L3, X)) -> rdiv(X, op(X, T2))
(46.142857) 5528. rdiv(rdiv(op(T2, X), L3), op(T2, X)) -> rdiv(X, op(X, L3))
(46.14286) 5529. op(T(T(X, Y), Z), X) -> op(X, T(T(X, Y), Z))
(46.14286) 5530. ldiv(X, op(Y, T(X, Z))) -> rdiv(T(Y, X), K(Z, X))
(46.14286) 5531. R(X, Y, op(Z, a(W, V, U))) -> R(X, Y, Z)
(42.571426) 5532. R(X, Y, L(x7, x10, T2)) -> R(X, Y, T2)
(44.0) 5533. R(X, Y, R(x7, Z, T2)) -> R(X, Y, T2)
(44.714287) 5534. R(X, Y, rdiv(op(Z, W), Z)) -> R(X, Y, W)
(44.571426) 5535. R(X, Y, R(T3, x10, L2)) -> R(X, Y, L2)
(44.714287) 5536. K(op(X, Y), R(op(X, Y), X, Y)) -> zero
(46.14286) 5537. R(X, rdiv(Y, a(Z, W, V)), U) -> R(X, Y, U)
(46.14286) 5538. L(X, Y, rdiv(Z, a(W, V, U))) -> L(X, Y, Z)
(71.14285) 5539. rdiv(ldiv(op(X, Y), op(X, op(Z, a(?, ?, ?)))), a(?, ?, ?)) = L(ldiv(Y, Z), Y, X)
(78.71428) 5540. rdiv(ldiv(op(X, Y), op(X, op(Z, a(W, V, U)))), a(W, V, U)) ~> rdiv(ldiv(op(X, Y), op(X, op(Z, a(?, ?, ?)))), a(?, ?, ?))
(60.85714) 5541. rdiv(L(op(X, a(?, ?, ?)), Y, Z), a(?, ?, ?)) -> L(X, rdiv(Y, a(?, ?, ?)), Z)
(52.428574) 5542. L(X, rdiv(Y, a(Z, W, V)), U) ~> L(X, rdiv(Y, a(?, ?, ?)), U)
(74.14285) 5543. rdiv(X, K(Y, op(Z, X))) = rdiv(ldiv(Z, T(op(Z, op(X, a(?, ?, ?))), Y)), a(?, ?, ?))
(80.71428) 5544. rdiv(ldiv(X, T(op(X, op(Y, a(Z, W, V))), U)), a(Z, W, V)) ~> rdiv(ldiv(X, T(op(X, op(Y, a(?, ?, ?))), U)), a(?, ?, ?))
(46.14286) 5545. ldiv(op(X, rdiv(Y, X)), op(rdiv(Y, X), Z)) -> ldiv(Y, op(ldiv(X, Y), Z))
(46.14286) 5546. op(T(X, Y), ldiv(Z, X)) -> op(X, ldiv(Z, T(X, Y)))
(46.14286) 5547. op(ldiv(ldiv(X, Y), Y), Y) = op(X, op(X, rdiv(Y, X)))
(45.285713) 5548. op(R(L2, X, L2), x7) -> op(x7, R(L2, X, L2))
(46.14286) 5549. op(op(T(X, Y), Z), X) -> op(op(X, Z), T(X, Y))
(46.14286) 5550. R(X, Y, rdiv(Z, a(W, V, U))) -> R(X, Y, Z)
(46.14286) 5551. T(T(X, Y), rdiv(Y, X)) -> ldiv(ldiv(X, T(Y, X)), Y)
(46.14286) 5552. rdiv(rdiv(X, rdiv(X, Y)), X) = rdiv(Y, op(Y, rdiv(X, Y)))
(46.14286) 5553. T(X, rdiv(ldiv(Y, Z), Z)) -> T(X, rdiv(rdiv(Z, Y), Z))
(46.285713) 5554. op(ldiv(L3, op(T3, X)), L3) -> op(X, T3)
(42.285713) 5555. ldiv(L3, op(T3, X)) -> rdiv(op(X, T3), L3)
(42.285713) 5556. op(ldiv(X, T3), L2) -> op(ldiv(X, L2), T3)
(44.285713) 5557. op(ldiv(X, x7), T3) -> op(ldiv(X, T2), L2)
(46.285713) 5558. op(rdiv(zero, T(L2, X)), T3) -> rdiv(T3, T(L2, X))
(46.285713) 5559. T(X, R(rdiv(T3, x7), T2, x10)) -> X
(46.285713) 5560. op(T3, rdiv(x7, X)) -> op(L2, rdiv(T2, X))
(46.285713) 5561. op(ldiv(L3, op(X, L2)), L3) -> op(T(X, L3), L2)
(46.285713) 5562. T(rdiv(X, rdiv(L3, T2)), L3) -> ldiv(L3, op(X, T2))
(46.285713) 5563. ldiv(x7, rdiv(L2, X)) -> ldiv(T2, rdiv(T3, X))
(46.285713) 5564. ldiv(ldiv(T3, X), L3) -> ldiv(ldiv(L3, X), T3)
(46.285713) 5565. rdiv(L2, rdiv(L2, T(L3, X))) -> T(L3, X)
(46.285713) 5566. op(rdiv(L2, ldiv(X, T3)), T2) -> op(X, x7)
(42.285713) 5567. op(ldiv(T3, X), T2) -> op(ldiv(L2, X), x7)
(46.285713) 5568. op(ldiv(X, T3), op(x10, x7)) -> op(ldiv(X, L2), op(x10, T2))
(46.285713) 5569. R(X, rdiv(x7, T3), L2) -> X
(46.285713) 5570. T(X, R(T3, L2, T2)) -> T(X, L3)
(46.285713) 5571. rdiv(rdiv(X, rdiv(T2, T3)), L2) -> rdiv(X, x7)
(46.285713) 5572. rdiv(rdiv(T3, L2), T(T3, X)) -> rdiv(zero, T(L2, X))
(46.285713) 5573. K(op(L2, op(x8, x9)), X) -> K(op(L3, op(x8, x9)), X)
(46.285713) 5574. ldiv(op(x10, op(X, T3)), T3) -> ldiv(op(x10, op(X, L2)), L2)
(44.0) 5575. a(x10, ldiv(x10, zero), T3) -> a(x10, ldiv(x10, zero), L2)
(46.285713) 5576. ldiv(T3, op(x10, op(X, T3))) -> ldiv(L2, op(x10, op(X, L2)))
(46.285713) 5577. rdiv(rdiv(X, x7), T2) -> rdiv(rdiv(X, T2), x7)
(46.285713) 5578. ldiv(x7, ldiv(L3, X)) -> ldiv(L3, ldiv(x7, X))
(46.285713) 5579. rdiv(x7, rdiv(X, rdiv(L3, x7))) -> rdiv(L3, X)
(42.285713) 5580. ldiv(rdiv(L3, X), x7) -> rdiv(X, rdiv(L3, x7))
(46.285713) 5581. op(op(X, T3), op(x10, x7)) -> op(op(X, L2), op(x10, T2))
(46.285713) 5582. op(T(T3, X), op(x10, x7)) -> op(T(L2, X), op(x10, T2))
(46.285713) 5583. ldiv(L2, T(T(x10, X), L3)) -> ldiv(T3, T(x10, X))
(46.285713) 5584. ldiv(L2, op(T(x10, L3), X)) -> ldiv(T3, op(x10, X))
(46.285713) 5585. ldiv(x7, op(X, T(x10, L3))) -> ldiv(T2, op(X, x10))
(46.285713) 5586. rdiv(op(X, rdiv(Y, X)), op(Z, op(X, rdiv(Y, X)))) -> rdiv(Y, op(Z, Y))
(44.285713) 5587. rdiv(L(X, Y, X), op(Z, L(X, Y, X))) -> rdiv(X, op(Z, X))
(46.285713) 5588. rdiv(op(X, rdiv(Y, X)), op(op(X, rdiv(Y, X)), Z)) -> rdiv(Y, op(Y, Z))
(44.285713) 5589. rdiv(L(X, Y, X), op(L(X, Y, X), Z)) -> rdiv(X, op(X, Z))
(44.857143) 5590. rdiv(ldiv(X, Y), op(ldiv(X, Y), Z)) -> rdiv(rdiv(Y, X), op(rdiv(Y, X), Z))
(46.285713) 5591. ldiv(T(T3, X), op(L2, x10)) -> rdiv(T(x10, L3), K(L3, X))
(54.285717) 5592. rdiv(ldiv(op(L2, x10), T3), K(X, L3)) -> ldiv(op(x10, x7), T(x7, X))
(46.285713) 5593. op(rdiv(T3, L3), X) = op(X, rdiv(T3, L3))
(46.285713) 5594. ldiv(rdiv(T3, L3), X) -> rdiv(X, rdiv(T3, L3))
(46.428574) 5595. K(X, rdiv(zero, op(Y, rdiv(X, Y)))) -> K(X, rdiv(zero, X))
(44.428574) 5596. K(X, rdiv(zero, L(X, Y, X))) -> K(X, rdiv(zero, X))
(46.428574) 5597. a(ldiv(X, zero), ldiv(ldiv(X, zero), zero), Y) -> a(rdiv(zero, X), X, Y)
(46.428574) 5598. T(op(X, Y), R(op(X, Y), X, Y)) -> op(X, Y)
(46.428574) 5599. op(a(X, Y, Z), T(W, V)) -> T(op(W, a(X, Y, Z)), V)
(46.428574) 5600. rdiv(rdiv(T(L3, X), T2), T(L3, X)) -> rdiv(zero, T2)
(46.428574) 5601. op(T(L3, X), rdiv(L2, T(L3, X))) -> L2
(46.428574) 5602. K(rdiv(zero, L(X, Y, X)), X) -> K(rdiv(zero, X), X)
(46.571426) 5603. R(X, R(x7, x10, T2), Y) -> R(X, T2, Y)
(46.571426) 5604. R(X, R(T3, x10, L2), Y) -> R(X, L2, Y)
(46.571426) 5605. a(X, R(L2, x10, L2), X) -> a(X, L2, X)
(46.571426) 5606. R(X, Y, L(T3, x10, L2)) -> R(X, Y, L2)
(46.571426) 5607. R(X, L(T3, x10, L2), Y) -> R(X, L2, Y)
(46.571426) 5608. L(X, L(T2, x10, L3), Y) -> L(X, T2, Y)
(46.571426) 5609. L(X, Y, L(T2, x10, L3)) -> L(X, Y, T2)
(46.57143) 5610. op(X, ldiv(L(X, X, X), Y)) -> op(Y, a(X, X, X))
(46.57143) 5611. op(R(X, X, X), ldiv(X, Y)) -> op(Y, a(X, X, X))
(46.57143) 5612. op(rdiv(X, L(Y, Y, Y)), Y) -> op(X, a(Y, Y, Y))
(46.57143) 5613. op(rdiv(X, Y), R(Y, Y, Y)) -> op(X, a(Y, Y, Y))
(44.0) 5614. op(R(L2, L3, L2), x10) -> op(x10, R(T3, L2, L2))
(44.0) 5615. T(R(L2, L3, L2), x10) -> R(T3, L2, L2)
(46.57143) 5616. rdiv(R(X, rdiv(X, Y), Y), X) -> a(X, rdiv(X, Y), Y)
(41.0) 5617. a(T3, T2, rdiv(L2, x7)) -> zero
(43.0) 5618. a(T2, rdiv(T2, L2), L2) -> zero
(43.0) 5619. a(L3, rdiv(L3, x7), x7) -> zero
(43.0) 5620. a(T3, rdiv(T3, x7), x7) -> zero
(45.0) 5621. L(rdiv(L2, x7), L2, T2) -> rdiv(L2, x7)
(46.57143) 5622. R(X, Y, op(Z, T(W, V))) -> R(X, Y, op(Z, W))
(41.857143) 5623. R(X, Y, op(Z, x7)) -> R(X, Y, op(Z, T2))
(41.857143) 5624. R(X, Y, op(Z, T3)) -> R(X, Y, op(Z, L2))
(43.857143) 5625. R(X, Y, op(Z, T2)) = R(X, Y, op(x7, Z))
(43.857143) 5626. R(X, Y, op(Z, L2)) = R(X, Y, op(T3, Z))
(45.857143) 5627. R(X, Y, op(x7, Z)) -> R(X, Y, op(T2, Z))
(43.714287) 5628. R(X, Y, rdiv(x7, L3)) -> X
(45.857143) 5629. R(X, Y, op(T3, Z)) -> R(X, Y, op(L2, Z))
(46.57143) 5630. R(X, op(Y, T(Z, W)), V) -> R(X, op(Y, Z), V)
(41.857143) 5631. R(X, op(Y, x7), Z) -> R(X, op(Y, T2), Z)
(41.857143) 5632. R(X, op(Y, T3), Z) -> R(X, op(Y, L2), Z)
(43.857143) 5633. a(X, op(Y, x7), X) -> a(X, op(Y, T2), X)
(43.857143) 5634. R(X, op(x7, Y), Z) = R(X, op(Y, T2), Z)
(43.857143) 5635. a(X, op(Y, T3), X) -> a(X, op(Y, L2), X)
(43.857143) 5636. R(X, op(T3, Y), Z) = R(X, op(Y, L2), Z)
(45.857143) 5637. a(X, op(Y, T2), X) = a(X, op(x7, Y), X)
(45.857143) 5638. R(X, op(x7, Y), Z) -> R(X, op(T2, Y), Z)
(43.714287) 5639. R(X, rdiv(x7, L3), Y) -> X
(45.857143) 5640. a(X, op(Y, L2), X) = a(X, op(T3, Y), X)
(45.857143) 5641. R(X, op(T3, Y), Z) -> R(X, op(L2, Y), Z)
(45.857143) 5642. a(X, rdiv(x7, L3), X) -> zero
(46.571426) 5643. a(X, op(T3, T2), X) -> a(X, op(L2, T2), X)
(46.714287) 5644. op(rdiv(K(X, Y), X), op(Y, X)) -> L(Y, X, rdiv(zero, X))
(45.285713) 5645. L(X, Y, rdiv(zero, T(Y, X))) -> L(X, Y, rdiv(zero, Y))
(46.714287) 5646. rdiv(K(X, Y), T(X, op(X, Y))) -> rdiv(zero, L(X, Y, X))
(46.714287) 5647. rdiv(op(X, R(X, Y, X)), X) -> R(X, Y, X)
(46.714287) 5648. R(X, Y, rdiv(K(Z, W), V)) -> R(X, Y, rdiv(zero, V))
(46.714287) 5649. R(X, rdiv(K(Y, Z), W), V) -> R(X, rdiv(zero, W), V)
(46.714287) 5650. a(X, rdiv(Y, K(Z, W)), X) -> a(X, Y, X)
(46.571426) 5651. a(X, R(x7, x10, T2), X) -> a(X, T2, X)
(46.714287) 5652. R(X, rdiv(op(Y, Z), Y), W) -> R(X, Z, W)
(46.571426) 5653. R(X, L(x7, x10, T2), Y) -> R(X, T2, Y)
(46.714287) 5654. a(X, R(Y, Z, Y), X) -> a(X, Y, X)
(46.714287) 5655. a(X, rdiv(op(X, Y), X), X) -> a(X, Y, X)
(46.714287) 5656. a(X, op(Y, rdiv(Z, Y)), X) -> a(X, Z, X)
(46.571426) 5657. a(X, L(T3, x10, L2), X) -> a(X, L2, X)
(46.714287) 5658. a(X, rdiv(Y, rdiv(Y, Z)), X) -> a(X, Z, X)
(46.857143) 5659. op(ldiv(T(X, Y), Z), T(X, Y)) -> op(ldiv(X, Z), X)
(46.857143) 5660. ldiv(op(X, ldiv(Y, Z)), ldiv(Y, Z)) -> ldiv(op(X, rdiv(Z, Y)), rdiv(Z, Y))
(46.857143) 5661. op(ldiv(X, Y), rdiv(X, ldiv(X, Y))) -> op(rdiv(Y, X), rdiv(X, rdiv(Y, X)))
(46.857143) 5662. rdiv(ldiv(X, Y), op(Z, ldiv(X, Y))) -> rdiv(rdiv(Y, X), op(Z, rdiv(Y, X)))
(47.0) 5663. rdiv(L2, ldiv(op(x9, op(x8, x7)), x7)) -> op(x9, op(x8, L2))
(43.0) 5664. ldiv(op(x9, op(x8, x7)), x7) -> ldiv(op(x9, op(x8, L2)), L2)
(47.0) 5665. rdiv(L3, ldiv(op(x9, op(x8, T2)), T2)) -> op(x9, op(x8, L3))
(43.0) 5666. ldiv(op(x9, op(x8, T2)), T2) -> ldiv(op(x9, op(x8, L3)), L3)
(45.0) 5667. ldiv(op(op(x8, T2), x9), T2) -> ldiv(op(op(x8, L3), x9), L3)
(47.0) 5668. rdiv(T3, K(L3, rdiv(zero, L3))) -> rdiv(zero, rdiv(zero, T3))
(47.0) 5669. rdiv(x7, K(L3, rdiv(zero, L3))) -> rdiv(zero, rdiv(zero, x7))
(47.0) 5670. op(op(T(T2, x10), x10), x7) -> op(op(T2, x10), T2)
(47.0) 5671. T(R(x10, L2, x10), op(L3, x10)) -> T(x10, L3)
(44.57143) 5672. op(X, a(X, rdiv(X, Y), Y)) -> R(X, rdiv(X, Y), Y)
(46.57143) 5673. ldiv(X, R(X, rdiv(X, Y), Y)) -> a(X, rdiv(X, Y), Y)
(46.57143) 5674. T(R(X, rdiv(X, Y), Y), X) -> R(X, rdiv(X, Y), Y)
(47.0) 5675. ldiv(R(X, Y, rdiv(X, Y)), X) -> rdiv(zero, a(X, Y, ldiv(Y, X)))
(47.0) 5676. op(L2, rdiv(L3, rdiv(L2, T2))) -> op(L3, T2)
(47.0) 5677. ldiv(op(T2, rdiv(zero, L3)), rdiv(zero, L3)) -> ldiv(T2, zero)
(47.0) 5678. L(T2, rdiv(zero, L2), L2) -> rdiv(zero, rdiv(zero, T2))
(47.0) 5679. R(T3, rdiv(L3, L2), L2) -> T3
(47.0) 5680. op(L2, rdiv(T2, ldiv(x10, T3))) -> op(x10, T2)
(55.0) 5681. R(ldiv(L3, zero), T2, rdiv(zero, L3)) -> T(ldiv(L3, zero), L3)
(47.0) 5682. rdiv(L3, ldiv(op(L2, x10), T3)) -> op(x10, L3)
(47.0) 5683. rdiv(rdiv(T2, L3), rdiv(T3, L3)) -> rdiv(T2, T3)
(47.0) 5684. rdiv(rdiv(L3, rdiv(T2, T3)), T3) -> rdiv(L3, T2)
(47.0) 5685. R(T2, rdiv(L2, L3), L3) -> T2
(47.0) 5686. L(L3, rdiv(L2, L3), T2) -> L3
(47.0) 5687. R(T2, rdiv(L2, L3), T2) -> T2
(47.0) 5688. L(T3, rdiv(L2, L3), L2) -> T3
(47.0) 5689. op(rdiv(L3, rdiv(L2, x7)), L2) -> op(L3, x7)
(47.0) 5690. rdiv(ldiv(ldiv(T2, zero), zero), T3) -> op(x7, rdiv(zero, L2))
(47.0) 5691. rdiv(T3, ldiv(L3, zero)) -> rdiv(L3, ldiv(T3, zero))
(47.0) 5692. rdiv(rdiv(T2, T3), rdiv(L3, T3)) -> rdiv(T2, L3)
(47.0) 5693. R(T2, rdiv(T3, L3), L3) -> T2
(47.0) 5694. ldiv(T2, rdiv(zero, L2)) -> ldiv(L2, rdiv(zero, T2))
(47.0) 5695. rdiv(op(T2, x10), op(x10, x7)) -> rdiv(T2, rdiv(L2, rdiv(T3, x7)))
(47.0) 5696. rdiv(rdiv(T3, L2), rdiv(zero, L3)) -> rdiv(zero, rdiv(zero, T(L3, x10)))
(47.0) 5697. rdiv(ldiv(ldiv(L2, zero), zero), T3) -> op(L2, rdiv(zero, T3))
(57.0) 5698. op(L3, rdiv(ldiv(ldiv(L2, zero), zero), L3)) -> ldiv(ldiv(L2, zero), zero)
(47.0) 5699. op(L(x7, x10, T2), rdiv(T2, L(x7, x10, T2))) -> T2
(47.0) 5700. ldiv(L2, ldiv(T2, op(x10, L2))) -> ldiv(T2, T(x10, L3))
(47.0) 5701. rdiv(op(T3, x10), T(L3, x10)) -> rdiv(op(L2, x10), L3)
(46.285713) 5702. T(X, rdiv(op(L2, x10), L3)) -> T(X, x10)
(46.285713) 5703. K(X, rdiv(op(L2, x10), L3)) -> K(X, x10)
(47.0) 5704. ldiv(op(T3, x10), T(L3, x10)) -> ldiv(op(L2, x10), L3)
(47.0) 5705. ldiv(T3, rdiv(zero, x7)) -> ldiv(L2, rdiv(zero, T2))
(47.0) 5706. R(L3, rdiv(zero, T2), L3) -> ldiv(ldiv(L3, zero), zero)
(51.0) 5707. op(rdiv(L2, rdiv(T3, x7)), T2) -> op(T2, rdiv(L2, rdiv(T3, x7)))
(47.0) 5708. op(T2, rdiv(L2, rdiv(T3, x7))) -> op(x7, x7)
(47.0) 5709. op(op(x10, x7), ldiv(op(L2, x10), T3)) -> x7
(47.0) 5710. op(rdiv(L2, op(x10, x7)), op(x10, T2)) -> T3
(47.0) 5711. rdiv(T3, R(T3, L2, L2)) -> K(L3, op(L3, L3))
(47.0) 5712. op(T3, R(T3, L2, L2)) -> T(op(T3, T3), L3)
(47.0) 5713. R(T3, rdiv(L2, T2), L2) -> T3
(47.0) 5714. rdiv(x7, R(x7, L3, T2)) -> K(L3, op(L3, L3))
(47.0) 5715. op(x7, R(x7, L3, T2)) -> T(op(x7, x7), L3)
(47.0) 5716. R(x7, rdiv(T2, L2), T2) -> x7
(47.0) 5717. R(x7, rdiv(zero, L3), L3) -> ldiv(ldiv(x7, zero), zero)
(47.0) 5718. R(x7, rdiv(x7, T3), T2) -> x7
(47.0) 5719. R(T2, rdiv(zero, L2), L2) -> ldiv(ldiv(T2, zero), zero)
(47.0) 5720. R(rdiv(zero, x7), L3, T2) -> rdiv(L3, op(L3, x7))
(47.0) 5721. R(rdiv(zero, L3), L2, T2) -> rdiv(L3, op(L3, L3))
(47.0) 5722. ldiv(op(op(x10, L2), x10), L2) -> ldiv(op(op(L2, x10), x10), T3)
(47.0) 5723. ldiv(T3, op(op(L2, x10), x10)) -> ldiv(L2, op(op(x10, L2), x10))
(47.0) 5724. rdiv(rdiv(zero, x7), L3) -> rdiv(rdiv(zero, L3), x7)
(47.0) 5725. rdiv(rdiv(T3, x7), L3) -> rdiv(rdiv(T3, L3), x7)
(47.0) 5726. ldiv(rdiv(zero, L2), L3) -> ldiv(rdiv(zero, L3), L2)
(47.0) 5727. rdiv(T3, rdiv(zero, x7)) -> rdiv(L2, rdiv(zero, T2))
(47.0) 5728. ldiv(T3, op(T(L3, x10), x10)) -> rdiv(op(L3, x10), T3)
(47.0) 5729. op(L2, rdiv(op(x10, L3), T3)) -> op(x10, L3)
(47.0) 5730. R(rdiv(L2, x7), L3, T2) -> rdiv(L2, x7)
(47.0) 5731. a(T2, rdiv(zero, L2), T2) -> K(L3, rdiv(zero, L3))
(47.0) 5732. ldiv(T2, rdiv(x10, L2)) -> ldiv(L2, rdiv(x10, T2))
(47.0) 5733. op(T3, R(L2, L3, L2)) -> T(op(L2, T3), L3)
(47.0) 5734. op(x7, R(T2, L3, T2)) -> T(op(T2, x7), L3)
(47.0) 5735. rdiv(rdiv(T2, L2), L3) -> rdiv(rdiv(T2, L3), L2)
(47.0) 5736. L(rdiv(L3, x7), L3, T2) -> rdiv(L3, x7)
(47.0) 5737. L(rdiv(T3, x7), L2, T2) -> rdiv(T3, x7)
(47.0) 5738. T(rdiv(T2, rdiv(L3, x7)), x10) -> rdiv(T2, rdiv(L3, T2))
(47.0) 5739. T(rdiv(T2, rdiv(T3, x7)), x10) -> rdiv(T2, rdiv(L2, x7))
(47.0) 5740. T(ldiv(ldiv(x7, zero), zero), x10) -> ldiv(ldiv(T2, zero), zero)
(47.0) 5741. T(rdiv(L2, rdiv(L3, T2)), x10) -> rdiv(T3, rdiv(L3, T2))
(47.0) 5742. T(ldiv(ldiv(L2, zero), zero), x10) -> ldiv(ldiv(T3, zero), zero)
(47.0) 5743. rdiv(L(T2, x10, L3), x7) -> K(L3, op(L3, x10))
(47.0) 5744. R(rdiv(zero, T2), L3, rdiv(zero, T2)) -> ldiv(T2, zero)
(47.0) 5745. op(x7, R(L2, L2, T2)) -> T(op(L2, x7), L3)
(46.285713) 5746. T(X, R(L2, L2, T2)) -> T(X, L3)
(46.285713) 5747. K(R(L2, L2, T2), X) -> K(L3, X)
(46.285713) 5748. K(X, R(L2, L2, T2)) -> K(X, L3)
(47.0) 5749. a(x7, rdiv(x7, T3), T3) -> zero
(47.0) 5750. a(x7, L3, rdiv(x7, L3)) -> zero
(47.0) 5751. a(x7, rdiv(x7, L3), L3) -> zero
(47.14286) 5752. op(L(X, Y, X), Y) = rdiv(op(X, op(Y, X)), X)
(44.0) 5753. R(L(X, Y, X), Y, X) -> X
(43.714287) 5754. R(X, rdiv(L3, L2), X) -> X
(45.857143) 5755. a(X, rdiv(L3, L2), X) -> zero
(46.428574) 5756. R(rdiv(L3, L2), X, rdiv(L3, L2)) -> rdiv(L3, L2)
(46.428574) 5757. a(rdiv(L3, L2), X, rdiv(L3, L2)) -> zero
(47.0) 5758. R(L2, rdiv(L2, L3), L2) -> L2
(47.0) 5759. L(x7, rdiv(L3, L2), L3) -> x7
(47.0) 5760. R(x7, rdiv(L3, L2), T2) -> x7
(47.0) 5761. L(T2, rdiv(L3, L2), L3) -> T2
(52.0) 5762. R(X, Y, rdiv(T(T2, Z), T3)) -> R(X, Y, rdiv(T2, L2))
(41.714287) 5763. R(X, Y, rdiv(T2, L2)) -> X
(45.0) 5764. a(T2, L2, rdiv(T2, L2)) -> zero
(47.14286) 5765. R(X, Y, rdiv(T(T2, Z), L3)) -> X
(47.14286) 5766. R(X, Y, rdiv(T3, T(L2, Z))) -> X
(52.0) 5767. R(X, rdiv(T(T2, Y), T3), Z) -> R(X, rdiv(T2, L2), Z)
(41.714287) 5768. R(X, rdiv(T2, L2), Y) -> X
(47.14286) 5769. R(X, rdiv(T(T2, Y), L3), Z) -> X
(47.14286) 5770. R(X, rdiv(T3, T(L2, Y)), Z) -> X
(47.14286) 5771. R(L(X, L3, X), T2, X) -> X
(47.14286) 5772. R(L(X, L3, X), L2, X) -> X
(47.285713) 5773. T(L(L2, L3, L2), X) -> L(T(L2, X), L3, L2)
(47.285713) 5774. ldiv(T3, L(L2, X, L2)) -> rdiv(L(L2, X, L2), T3)
(47.285713) 5775. L(X, rdiv(zero, T2), T2) -> L(X, rdiv(zero, T2), L3)
(47.285713) 5776. rdiv(x7, R(x7, X, T2)) -> rdiv(zero, a(x7, X, x7))
(47.285713) 5777. L(T2, rdiv(X, T2), T2) -> L(T2, rdiv(X, L3), L3)
(45.0) 5778. L(T2, rdiv(L2, L3), L3) -> T2
(47.285713) 5779. ldiv(T2, L(L2, X, L2)) -> rdiv(L(L2, X, L2), T2)
(47.285713) 5780. ldiv(T2, R(L2, X, L2)) -> rdiv(R(L2, X, L2), T2)
(47.285713) 5781. ldiv(R(T2, X, T2), x7) -> rdiv(x7, R(T2, X, T2))
(47.285713) 5782. ldiv(L2, R(L3, X, L3)) -> rdiv(R(L3, X, L3), L2)
(47.285713) 5783. ldiv(R(T3, X, L2), T3) -> rdiv(T3, R(T3, X, L2))
(47.285713) 5784. op(R(T3, X, L2), L2) -> op(L2, R(T3, X, L2))
(47.285713) 5785. ldiv(R(x7, X, T2), x7) -> rdiv(zero, a(x7, X, x7))
(47.285713) 5786. op(R(x7, X, T2), T2) -> op(T2, R(x7, X, T2))
(47.285713) 5787. R(X, rdiv(zero, L2), T2) -> R(X, rdiv(zero, L2), L2)
(47.285713) 5788. R(rdiv(zero, L3), T2, X) -> R(rdiv(zero, L3), L3, X)
(47.285713) 5789. R(x7, rdiv(T3, ldiv(x10, L2)), X) -> R(x7, x10, X)
(47.285713) 5790. a(R(X, X, X), X, R(X, X, X)) -> a(X, X, X)
(47.285713) 5791. a(L(X, Y, X), X, L(X, Y, X)) -> a(X, X, X)
(47.285713) 5792. ldiv(L(L3, X, L3), L2) -> rdiv(L2, L(L3, X, L3))
(47.285713) 5793. ldiv(R(L3, X, L3), L2) -> rdiv(L2, R(L3, X, L3))
(47.285713) 5794. op(R(x7, X, T2), L3) -> op(L3, R(x7, X, T2))
(47.285713) 5795. op(R(L2, X, L2), L3) -> op(L3, R(L2, X, L2))
(47.285713) 5796. op(R(L2, X, L2), T2) -> op(T2, R(L2, X, L2))
(47.285717) 5797. op(R(X, X, X), L(X, X, X)) -> op(X, X)
(47.428574) 5798. a(T(T3, X), L2, T(T3, X)) -> a(L3, L3, L3)
(47.428574) 5799. a(T(x7, X), T2, T(x7, X)) -> a(L3, L3, L3)
(47.428574) 5800. R(X, rdiv(Y, R(Y, Z, Y)), W) -> X
(47.428574) 5801. R(X, Y, rdiv(Z, R(Z, W, Z))) -> X
(47.571426) 5802. op(T(T3, X), op(Y, L2)) -> op(T(L2, X), op(Y, T3))
(47.571426) 5803. op(T(x7, X), op(Y, T2)) -> op(T(T2, X), op(Y, x7))
(48.142857) 5804. ldiv(ldiv(ldiv(X, L3), L3), L2) = T(ldiv(X, L2), X)
(47.571426) 5805. K(op(X, op(L2, x10)), Y) -> K(op(X, op(L3, x10)), Y)
(47.571426) 5806. op(T(X, L3), op(x7, X)) -> op(X, op(X, x7))
(47.571426) 5807. op(op(x7, X), T(X, L3)) -> op(op(X, x7), X)
(47.571426) 5808. T(X, rdiv(Y, rdiv(x7, T3))) -> T(X, Y)
(47.571426) 5809. T(X, op(L2, rdiv(Y, T2))) -> T(X, Y)
(47.571426) 5810. T(X, rdiv(rdiv(L3, T2), Y)) -> T(X, rdiv(zero, Y))
(47.571426) 5811. K(X, rdiv(rdiv(L3, T2), Y)) -> K(X, rdiv(zero, Y))
(47.571426) 5812. K(rdiv(rdiv(L3, T2), X), Y) -> K(rdiv(zero, X), Y)
(47.571426) 5813. op(op(T(L3, X), X), T2) -> op(op(L3, X), T(T2, X))
(47.571426) 5814. ldiv(L3, op(T(T2, X), X)) -> rdiv(X, rdiv(L3, T(T2, X)))
(47.571426) 5815. K(op(X, rdiv(L2, L3)), Y) -> K(X, Y)
(47.571426) 5816. T(X, rdiv(op(T2, Y), L3)) -> T(X, Y)
(47.571426) 5817. K(rdiv(op(T2, X), L3), Y) -> K(X, Y)
(47.571426) 5818. K(X, rdiv(op(T2, Y), L3)) -> K(X, Y)
(47.571426) 5819. K(op(L2, rdiv(X, T2)), Y) -> K(X, Y)
(47.571426) 5820. op(rdiv(X, rdiv(L2, x7)), Y) -> op(X, rdiv(Y, rdiv(L2, x7)))
(46.285713) 5821. op(L2, rdiv(X, rdiv(L2, x7))) -> op(x7, X)
(46.285713) 5822. op(T3, rdiv(X, rdiv(L2, x7))) -> op(T2, X)
(47.571426) 5823. op(X, rdiv(Y, rdiv(L2, x7))) -> rdiv(T2, ldiv(op(X, Y), T3))
(47.571426) 5824. ldiv(rdiv(X, rdiv(L2, x7)), Y) -> rdiv(L2, ldiv(ldiv(X, Y), x7))
(46.285713) 5825. rdiv(L2, ldiv(ldiv(L2, X), x7)) -> ldiv(x7, X)
(46.285713) 5826. rdiv(L2, ldiv(ldiv(X, T2), x7)) -> ldiv(X, T3)
(42.285713) 5827. ldiv(ldiv(X, T2), x7) -> ldiv(ldiv(X, T3), L2)
(47.0) 5828. rdiv(L2, rdiv(L2, rdiv(T3, x7))) -> rdiv(T3, x7)
(47.285713) 5829. ldiv(L(T2, X, T2), T3) -> rdiv(T3, L(T2, X, T2))
(47.285713) 5830. ldiv(R(T2, X, T2), T3) -> rdiv(T3, R(T2, X, T2))
(47.571426) 5831. ldiv(X, rdiv(Y, rdiv(T2, T3))) -> rdiv(L2, ldiv(ldiv(X, Y), x7))
(47.571426) 5832. rdiv(rdiv(X, rdiv(L2, x7)), Y) -> rdiv(X, rdiv(Y, rdiv(T2, T3)))
(45.571426) 5833. K(rdiv(X, rdiv(T3, x7)), Y) -> K(X, Y)
(47.571426) 5834. op(rdiv(X, rdiv(T2, T3)), Y) -> rdiv(L2, ldiv(op(X, Y), x7))
(47.571426) 5835. ldiv(X, rdiv(Y, rdiv(L2, x7))) -> rdiv(T2, ldiv(ldiv(X, Y), T3))
(46.285713) 5836. rdiv(L3, ldiv(ldiv(L3, X), T3)) -> ldiv(T3, X)
(42.285713) 5837. ldiv(T3, op(L3, X)) -> rdiv(L3, ldiv(X, T3))
(46.285713) 5838. rdiv(op(X, L3), T3) -> rdiv(L3, ldiv(X, T3))
(47.285713) 5839. ldiv(T3, R(L3, X, L3)) -> rdiv(R(L3, X, L3), T3)
(47.571426) 5840. rdiv(X, rdiv(Y, rdiv(T2, T3))) = rdiv(T2, ldiv(rdiv(X, Y), T3))
(40.285713) 5841. rdiv(x7, op(X, L2)) -> rdiv(T2, op(X, T3))
(42.285713) 5842. rdiv(x7, op(L2, X)) -> rdiv(T2, op(T3, X))
(44.285713) 5843. rdiv(rdiv(x7, X), L2) -> rdiv(rdiv(T2, X), T3)
(45.857143) 5844. rdiv(op(X, T2), op(X, L2)) -> rdiv(T2, L2)
(46.285713) 5845. rdiv(rdiv(L2, X), L2) -> rdiv(rdiv(L3, X), L3)
(46.285713) 5846. ldiv(T3, rdiv(T2, X)) -> ldiv(L2, rdiv(x7, X))
(46.285713) 5847. rdiv(op(x7, X), L2) -> rdiv(op(T2, X), T3)
(47.571426) 5848. ldiv(rdiv(X, rdiv(T2, T3)), Y) -> rdiv(T2, ldiv(ldiv(X, Y), T3))
(47.571426) 5849. op(X, rdiv(Y, rdiv(T2, T3))) -> rdiv(L2, ldiv(op(X, Y), x7))
(47.571426) 5850. rdiv(rdiv(X, rdiv(T2, T3)), Y) -> rdiv(X, rdiv(Y, rdiv(L2, x7)))
(45.571426) 5851. K(rdiv(X, rdiv(x7, T3)), Y) -> K(X, Y)
(45.571426) 5852. K(X, rdiv(Y, rdiv(x7, T3))) -> K(X, Y)
(46.285713) 5853. rdiv(rdiv(X, rdiv(x7, T3)), T3) -> rdiv(X, x7)
(47.571426) 5854. T(rdiv(X, rdiv(T2, T3)), Y) -> rdiv(L2, ldiv(T(X, Y), x7))
(63.571426) 5855. T(X, op(L3, op(Y, rdiv(rdiv(L3, T2), L2)))) -> T(X, Y)
(63.571426) 5856. T(X, op(L3, rdiv(Y, rdiv(L2, rdiv(L3, T2))))) -> T(X, Y)
(47.571426) 5857. K(X, rdiv(op(L2, Y), L3)) -> K(X, Y)
(47.571426) 5858. T(X, rdiv(op(L2, Y), L3)) -> T(X, Y)
(47.571426) 5859. K(X, rdiv(L3, ldiv(Y, T2))) -> K(X, Y)
(47.571426) 5860. T(X, rdiv(L3, ldiv(Y, T2))) -> T(X, Y)
(47.571426) 5861. K(X, rdiv(op(x7, Y), L3)) -> K(X, Y)
(47.571426) 5862. K(rdiv(op(x7, X), L3), Y) -> K(X, Y)
(55.571426) 5863. op(ldiv(ldiv(X, L3), L3), ldiv(X, L2)) -> op(X, rdiv(L2, X))
(47.571426) 5864. T(X, rdiv(op(x7, Y), L3)) -> T(X, Y)
(47.571426) 5865. T(X, rdiv(Y, rdiv(L3, L2))) -> T(X, Y)
(47.571426) 5866. K(X, rdiv(L3, ldiv(Y, L2))) -> K(X, Y)
(47.571426) 5867. T(X, rdiv(L3, op(Y, x7))) -> T(X, rdiv(L3, op(Y, L2)))
(47.571426) 5868. ldiv(rdiv(x7, X), T(L2, Y)) -> rdiv(X, rdiv(T2, T(T3, Y)))
(47.571426) 5869. T(X, rdiv(Y, rdiv(L3, T3))) -> T(X, Y)
(47.571426) 5870. ldiv(rdiv(T2, X), T(L3, Y)) -> rdiv(X, rdiv(T2, T(L3, Y)))
(48.142857) 5871. ldiv(ldiv(ldiv(X, L3), L3), T2) = T(ldiv(X, T2), X)
(47.571426) 5872. K(rdiv(L3, ldiv(X, T2)), Y) -> K(X, Y)
(47.571426) 5873. T(X, rdiv(op(T3, Y), L3)) -> T(X, Y)
(47.571426) 5874. ldiv(op(X, rdiv(T2, X)), x7) -> rdiv(op(ldiv(X, L2), X), T3)
(47.571426) 5875. ldiv(op(ldiv(X, T2), X), x7) -> rdiv(op(X, rdiv(L2, X)), T3)
(47.571426) 5876. op(rdiv(X, T2), T(x7, Y)) -> rdiv(X, rdiv(T3, T(L2, Y)))
(47.571426) 5877. T(X, rdiv(L3, op(Y, T2))) -> T(X, rdiv(L3, op(Y, L2)))
(47.571426) 5878. ldiv(op(op(X, x7), Y), L2) -> ldiv(op(op(X, T2), Y), T3)
(47.571426) 5879. op(rdiv(X, rdiv(X, T2)), x7) -> op(x7, rdiv(X, rdiv(X, T2)))
(47.571426) 5880. op(op(ldiv(X, T2), X), x7) -> op(x7, op(ldiv(X, T2), X))
(47.571426) 5881. op(op(X, rdiv(T2, X)), x7) -> op(x7, op(X, rdiv(T2, X)))
(47.571426) 5882. ldiv(x7, op(T(L2, X), Y)) -> rdiv(T(L2, X), ldiv(Y, x7))
(46.285713) 5883. rdiv(L3, rdiv(L3, T(L2, X))) -> T(L2, X)
(46.428574) 5884. op(T(L2, X), rdiv(L3, T(L2, X))) -> L3
(47.571426) 5885. ldiv(ldiv(x7, X), T(T3, Y)) -> ldiv(ldiv(L2, X), T(T2, Y))
(47.571426) 5886. T(X, rdiv(L3, ldiv(x7, Y))) -> T(X, rdiv(L3, ldiv(L2, Y)))
(47.571426) 5887. ldiv(x7, op(ldiv(X, L2), X)) -> rdiv(op(ldiv(X, L2), X), x7)
(47.571426) 5888. K(X, rdiv(Y, rdiv(L3, T3))) -> K(X, Y)
(47.571426) 5889. K(X, op(rdiv(L3, T3), Y)) -> K(X, Y)
(47.571426) 5890. rdiv(L2, K(X, rdiv(L3, X))) -> op(ldiv(X, L2), X)
(47.571426) 5891. rdiv(L2, K(rdiv(L3, X), X)) -> op(X, rdiv(L2, X))
(47.571426) 5892. ldiv(op(T3, X), T(T3, Y)) -> ldiv(op(L3, X), T(L3, Y))
(47.571426) 5893. T(X, rdiv(L3, op(Y, T3))) -> T(X, rdiv(L3, op(Y, L3)))
(47.571426) 5894. op(T3, ldiv(T(L3, X), Y)) -> rdiv(T3, ldiv(Y, T(L3, X)))
(47.571426) 5895. T(X, op(Y, R(L2, x10, L2))) -> T(X, op(Y, L3))
(47.571426) 5896. T(ldiv(ldiv(x7, X), X), L3) -> ldiv(ldiv(x7, X), X)
(47.571426) 5897. op(T(X, L3), op(X, x7)) -> op(X, op(T(X, L3), x7))
(47.571426) 5898. T(T(rdiv(X, x7), X), L3) -> T(ldiv(x7, X), X)
(47.571426) 5899. T(X, op(Y, L(x7, x10, T2))) -> T(X, op(Y, L3))
(47.571426) 5900. T(X, rdiv(Y, L(x7, x10, T2))) -> T(X, rdiv(Y, L3))
(46.285713) 5901. T(X, rdiv(L(x7, x10, T2), L3)) -> X
(46.0) 5902. ldiv(T2, L(x7, x10, T2)) -> rdiv(L(x7, x10, T2), T2)
(47.571426) 5903. T(X, op(Y, rdiv(T3, L3))) -> T(X, Y)
(43.714287) 5904. L(X, rdiv(L2, L3), X) -> X
(45.714287) 5905. R(X, rdiv(L2, L3), X) -> X
(47.0) 5906. R(rdiv(T3, L3), rdiv(T3, L3), rdiv(T3, L3)) -> rdiv(T3, L3)
(47.0) 5907. a(rdiv(T3, L3), rdiv(T3, L3), rdiv(T3, L3)) -> zero
(47.571426) 5908. K(op(X, rdiv(T3, L3)), Y) -> K(X, Y)
(47.571426) 5909. T(X, op(L2, rdiv(Y, L3))) -> T(X, Y)
(47.571426) 5910. K(rdiv(op(T3, X), L3), Y) -> K(X, Y)
(47.571426) 5911. K(rdiv(X, rdiv(L3, T3)), Y) -> K(X, Y)
(47.571426) 5912. K(X, rdiv(Y, rdiv(L3, L2))) -> K(X, Y)
(47.571426) 5913. K(X, op(rdiv(L3, L2), Y)) -> K(X, Y)
(47.571426) 5914. K(X, op(Y, rdiv(T3, L3))) -> K(X, Y)
(47.571426) 5915. rdiv(L3, ldiv(rdiv(X, Y), T2)) = rdiv(X, rdiv(Y, rdiv(L3, T2)))
(47.571426) 5916. K(op(L2, rdiv(x10, X)), Y) -> K(op(L3, rdiv(x10, X)), Y)
(47.571426) 5917. K(X, op(Y, L(x7, x10, T2))) -> K(X, op(Y, L3))
(47.571426) 5918. ldiv(ldiv(X, T3), T(T3, Y)) -> ldiv(ldiv(X, L3), T(L3, Y))
(46.285713) 5919. rdiv(T(L3, X), rdiv(L3, T3)) -> T(T3, X)
(47.571426) 5920. ldiv(T(ldiv(X, T3), X), T3) -> ldiv(T(ldiv(X, L3), X), L3)
(47.571426) 5921. op(op(ldiv(X, L3), X), T2) -> op(T2, op(ldiv(X, L3), X))
(47.571426) 5922. op(op(X, rdiv(L3, X)), T2) -> op(T2, op(X, rdiv(L3, X)))
(45.0) 5923. L(ldiv(T2, zero), L3, T2) -> ldiv(op(L3, T2), L3)
(47.571426) 5924. T(op(ldiv(X, T3), X), L3) -> op(ldiv(X, T3), X)
(47.571426) 5925. op(T3, R(X, L2, X)) -> T(op(X, T3), X)
(47.571426) 5926. op(x7, R(X, T2, X)) -> T(op(X, x7), X)
(47.571426) 5927. ldiv(T(rdiv(x7, X), Y), L2) -> rdiv(L2, T(ldiv(X, x7), Y))
(47.571426) 5928. ldiv(T(rdiv(T2, X), Y), L3) -> rdiv(L3, T(ldiv(X, T2), Y))
(47.571426) 5929. ldiv(T(rdiv(T2, X), Y), x7) -> rdiv(x7, T(ldiv(X, T2), Y))
(47.571426) 5930. T(T(rdiv(X, T3), Y), L3) -> T(ldiv(T3, X), Y)
(47.571426) 5931. T(T(rdiv(X, L2), Y), L3) -> T(ldiv(L2, X), Y)
(47.571426) 5932. T(T(rdiv(X, T2), Y), L3) -> T(ldiv(T2, X), Y)
(47.571426) 5933. T(T(rdiv(X, x7), Y), L3) -> T(ldiv(x7, X), Y)
(47.571426) 5934. T(rdiv(X, rdiv(L3, T2)), Y) -> rdiv(T2, ldiv(T(X, Y), L3))
(46.285713) 5935. rdiv(L3, rdiv(L3, T(T2, X))) -> T(T2, X)
(46.428574) 5936. op(T(T2, X), rdiv(L2, T(T2, X))) -> L2
(47.571426) 5937. T(rdiv(X, rdiv(L2, x7)), Y) -> rdiv(T2, ldiv(T(X, Y), T3))
(47.571426) 5938. T(X, rdiv(Y, rdiv(T3, L3))) -> T(X, Y)
(47.571426) 5939. K(X, rdiv(Y, rdiv(T3, L3))) -> K(X, Y)
(47.571426) 5940. K(rdiv(X, rdiv(T3, L3)), Y) -> K(X, Y)
(47.571426) 5941. rdiv(ldiv(X, T3), K(Y, L3)) -> ldiv(X, T(T3, Y))
(47.571426) 5942. rdiv(T(T3, X), K(Y, L3)) -> T(T(T3, X), Y)
(47.57143) 5943. L(ldiv(X, K(Y, Z)), X, Y) -> ldiv(op(Y, X), T(Y, Z))
(47.57143) 5944. rdiv(ldiv(X, Y), K(Z, rdiv(X, Z))) -> ldiv(op(Z, rdiv(X, Z)), Y)
(47.571426) 5945. ldiv(op(X, rdiv(L3, X)), T2) -> rdiv(T2, op(X, rdiv(L3, X)))
(47.571426) 5946. ldiv(op(X, rdiv(T2, X)), T3) -> rdiv(op(ldiv(X, L2), X), x7)
(45.857143) 5947. ldiv(T(T2, X), T(T3, X)) -> rdiv(L2, x7)
(47.571426) 5948. ldiv(op(X, rdiv(L2, X)), x7) -> rdiv(T2, op(X, rdiv(T3, X)))
(47.57143) 5949. rdiv(ldiv(X, Y), K(rdiv(Y, Z), Z)) -> ldiv(X, op(Z, rdiv(Y, Z)))
(47.571426) 5950. ldiv(L3, op(X, rdiv(T2, X))) -> rdiv(op(X, rdiv(T2, X)), L3)
(47.571426) 5951. ldiv(T2, op(X, rdiv(T3, X))) -> rdiv(op(X, rdiv(L2, X)), x7)
(47.571426) 5952. ldiv(L2, op(X, rdiv(x7, X))) -> rdiv(op(X, rdiv(T2, X)), T3)
(47.57143) 5953. rdiv(ldiv(op(X, Y), Z), K(X, Y)) -> ldiv(op(T(X, Y), Y), Z)
(47.57143) 5954. rdiv(ldiv(X, op(Y, Z)), K(Z, Y)) -> ldiv(X, op(T(Y, Z), Z))
(44.285713) 5955. ldiv(op(T3, X), op(T3, x10)) -> ldiv(op(L2, X), op(L2, x10))
(46.285713) 5956. ldiv(op(X, T3), op(T3, x10)) -> ldiv(op(X, L2), op(L2, x10))
(47.57143) 5957. op(rdiv(X, Y), op(ldiv(Z, Y), Z)) -> rdiv(X, K(Z, rdiv(Y, Z)))
(47.57143) 5958. op(rdiv(X, op(ldiv(Y, Z), Y)), Z) -> rdiv(X, K(rdiv(Z, Y), Y))
(45.0) 5959. op(ldiv(ldiv(x10, L3), L3), T2) -> op(x7, ldiv(ldiv(x10, L3), L3))
(47.0) 5960. T(R(T2, x10, T2), op(L3, x10)) -> T(T2, x10)
(47.57143) 5961. op(rdiv(X, Y), op(Z, rdiv(Y, Z))) -> rdiv(X, K(rdiv(Y, Z), Z))
(47.57143) 5962. op(rdiv(X, op(Y, rdiv(Z, Y))), Z) -> rdiv(X, K(Y, rdiv(Z, Y)))
(47.57143) 5963. op(X, ldiv(op(ldiv(Y, X), Y), Z)) -> rdiv(Z, K(rdiv(X, Y), Y))
(47.57143) 5964. op(X, ldiv(op(Y, rdiv(X, Y)), Z)) -> rdiv(Z, K(Y, rdiv(X, Y)))
(45.0) 5965. op(x10, op(ldiv(x10, T3), x10)) -> op(T3, rdiv(L2, rdiv(T3, x10)))
(47.57143) 5966. rdiv(op(X, op(Y, Z)), K(X, Z)) -> op(X, op(Y, T(Z, X)))
(47.57143) 5967. ldiv(rdiv(X, Y), op(ldiv(Z, X), Z)) -> rdiv(Y, K(Z, rdiv(X, Z)))
(47.57143) 5968. ldiv(rdiv(op(ldiv(X, Y), X), Z), Y) -> rdiv(Z, K(rdiv(Y, X), X))
(47.57143) 5969. ldiv(rdiv(X, Y), op(Z, rdiv(X, Z))) -> rdiv(Y, K(rdiv(X, Z), Z))
(47.57143) 5970. ldiv(rdiv(op(X, rdiv(Y, X)), Z), Y) -> rdiv(Z, K(X, rdiv(Y, X)))
(47.57143) 5971. rdiv(ldiv(X, Y), K(rdiv(X, Z), Z)) -> ldiv(op(ldiv(Z, X), Z), Y)
(47.571426) 5972. ldiv(op(ldiv(X, L3), X), T2) -> rdiv(T2, op(ldiv(X, L3), X))
(47.571426) 5973. ldiv(op(ldiv(X, T2), X), T3) -> rdiv(op(X, rdiv(L2, X)), x7)
(47.571426) 5974. ldiv(op(ldiv(X, L2), X), x7) -> rdiv(T2, op(ldiv(X, T3), X))
(47.57143) 5975. rdiv(ldiv(X, Y), K(Z, rdiv(Y, Z))) -> ldiv(X, op(ldiv(Z, Y), Z))
(47.571426) 5976. ldiv(L3, op(ldiv(X, T2), X)) -> rdiv(op(ldiv(X, T2), X), L3)
(47.571426) 5977. ldiv(T2, op(ldiv(X, T3), X)) -> rdiv(op(ldiv(X, L2), X), x7)
(47.571426) 5978. ldiv(L2, op(ldiv(X, x7), X)) -> rdiv(op(ldiv(X, T2), X), T3)
(47.57143) 5979. R(rdiv(K(X, Y), Z), Z, X) -> rdiv(T(X, Y), op(Z, X))
(47.57143) 5980. rdiv(op(X, op(Y, rdiv(Z, Y))), Z) -> rdiv(X, K(rdiv(Z, Y), Y))
(47.57143) 5981. rdiv(op(X, Y), op(Z, rdiv(Y, Z))) -> rdiv(X, K(Z, rdiv(Y, Z)))
(47.57143) 5982. rdiv(op(X, op(ldiv(Y, Z), Y)), Z) -> rdiv(X, K(Y, rdiv(Z, Y)))
(47.57143) 5983. rdiv(op(X, Y), op(ldiv(Z, Y), Z)) -> rdiv(X, K(rdiv(Y, Z), Z))
(39.0) 5984. R(T3, rdiv(x10, T3), L2) -> ldiv(ldiv(L2, x10), x10)
(44.285713) 5985. R(T(X, Y), rdiv(Y, T(X, Y)), X) -> ldiv(ldiv(X, Y), Y)
(41.0) 5986. R(T2, rdiv(x10, T2), T2) -> ldiv(ldiv(x7, x10), x10)
(41.714287) 5987. R(X, rdiv(L3, T3), X) -> X
(43.857143) 5988. a(X, rdiv(L3, T3), X) -> zero
(45.0) 5989. R(x7, rdiv(L3, T3), T2) -> x7
(45.857143) 5990. R(T(X, op(X, Y)), Y, X) -> T(X, Y)
(43.714287) 5991. R(X, rdiv(T3, L3), X) -> X
(45.0) 5992. R(L(x7, L3, L3), L2, T2) -> x7
(45.857143) 5993. a(X, rdiv(T3, L3), X) -> zero
(46.0) 5994. T(R(x10, T2, x10), L3) -> R(T(x10, L3), T2, x10)
(46.428574) 5995. R(rdiv(x7, T3), X, rdiv(x7, T3)) -> rdiv(x7, T3)
(46.428574) 5996. a(rdiv(x7, T3), X, rdiv(x7, T3)) -> zero
(47.0) 5997. R(T(x10, L3), rdiv(T2, x10), x10) -> ldiv(ldiv(x10, L3), L3)
(47.0) 5998. T(ldiv(ldiv(x7, x10), x10), x10) -> ldiv(ldiv(T2, x10), x10)
(47.0) 5999. R(L(T3, L3, L2), L2, L2) -> T3
(47.0) 6000. R(L(x7, L3, L3), T2, T2) -> x7
(47.0) 6001. R(L(T3, L3, L2), L3, L2) -> T3
(47.0) 6002. R(L(x7, L3, L3), L3, T2) -> x7
(47.0) 6003. R(T3, rdiv(zero, x7), L2) -> ldiv(ldiv(T3, zero), zero)
(47.0) 6004. R(L3, rdiv(zero, x7), L3) -> ldiv(ldiv(L3, zero), zero)
(47.0) 6005. R(T3, rdiv(L2, L3), L2) -> T3
(47.0) 6006. R(x7, rdiv(L2, L3), T2) -> x7
(47.0) 6007. R(T3, rdiv(T3, L3), L2) -> T3
(47.57143) 6008. op(X, op(ldiv(Y, T(Z, X)), Y)) -> op(op(ldiv(Y, Z), Y), X)
(42.14286) 6009. op(ldiv(X, T(Y, Z)), X) -> T(op(ldiv(X, Y), X), Z)
(47.571426) 6010. op(op(ldiv(X, T2), X), L3) -> op(L3, op(ldiv(X, T2), X))
(47.57143) 6011. op(X, op(Y, rdiv(T(Z, X), Y))) -> op(op(Y, rdiv(Z, Y)), X)
(42.14286) 6012. op(X, rdiv(T(Y, Z), X)) -> T(op(X, rdiv(Y, X)), Z)
(46.57143) 6013. L(X, rdiv(T(Y, Z), X), X) -> L(X, rdiv(Y, X), X)
(47.571426) 6014. op(op(X, rdiv(T2, X)), L3) -> op(L3, op(X, rdiv(T2, X)))
(47.57143) 6015. rdiv(T(X, Y), K(Z, rdiv(X, Z))) -> T(op(ldiv(Z, X), Z), Y)
(47.57143) 6016. L(T(T(X, Y), Y), Y, X) -> T(T(X, Y), op(X, Y))
(47.57143) 6017. ldiv(L(X, Y, X), op(Y, X)) -> rdiv(Y, K(X, op(X, Y)))
(48.428574) 6018. op(R(X, Y, rdiv(X, Y)), X) -> op(X, R(X, Y, rdiv(X, Y)))
(59.0) 6019. rdiv(X, rdiv(K(X, Y), K(op(X, Y), Y))) -> rdiv(T(op(Y, X), Y), Y)
(52.285717) 6020. rdiv(L2, ldiv(op(X, rdiv(L3, L2)), L3)) -> X
(45.14286) 6021. T(R(X, X, X), Y) -> R(T(X, Y), X, X)
(63.57143) 6022. T(X, op(Y, rdiv(L3, rdiv(T3, L3)))) -> T(X, op(Y, L3))
(47.57143) 6023. K(op(T2, X), Y) -> K(op(L3, X), Y)
(47.57143) 6024. T(X, op(L2, Y)) -> T(X, op(L3, Y))
(63.57143) 6025. T(X, op(L3, rdiv(L3, rdiv(L2, Y)))) -> T(X, op(Y, L3))
(47.57143) 6026. K(op(L2, X), Y) -> K(op(L3, X), Y)
(47.57143) 6027. a(X, rdiv(L(X, Y, X), X), X) -> zero
(47.57143) 6028. rdiv(T(op(X, Y), Z), K(Y, X)) -> T(op(T(X, Y), Y), Z)
(47.57143) 6029. T(op(X, rdiv(K(Y, Z), X)), W) -> op(X, rdiv(K(Y, Z), X))
(47.57143) 6030. ldiv(op(X, Y), op(Z, T(X, Y))) -> ldiv(op(Y, X), op(Z, X))
(45.57143) 6031. ldiv(op(X, Y), op(Y, Y)) = L(ldiv(X, T(Y, X)), X, Y)
(46.285713) 6032. rdiv(T2, ldiv(ldiv(X, zero), T3)) -> ldiv(X, rdiv(T2, T3))
(47.0) 6033. T(R(L2, x10, L2), op(L3, x10)) -> T3
(47.57143) 6034. rdiv(op(X, rdiv(Y, X)), ldiv(Z, Y)) -> rdiv(Z, K(rdiv(Y, X), X))
(47.57143) 6035. rdiv(X, ldiv(Y, op(Z, rdiv(X, Z)))) -> rdiv(Y, K(Z, rdiv(X, Z)))
(46.142857) 6036. rdiv(x7, K(L3, rdiv(X, L3))) = rdiv(X, rdiv(X, x7))
(46.142857) 6037. rdiv(T2, K(L3, rdiv(X, L3))) = rdiv(X, rdiv(X, T2))
(46.285713) 6038. rdiv(L3, ldiv(rdiv(X, L3), x7)) -> rdiv(X, x7)
(42.285713) 6039. ldiv(rdiv(X, x7), L3) -> ldiv(rdiv(X, L3), x7)
(42.285713) 6040. rdiv(x7, rdiv(X, L3)) -> rdiv(L3, rdiv(X, x7))
(46.285713) 6041. rdiv(L3, ldiv(ldiv(L3, X), x7)) -> ldiv(x7, X)
(47.285713) 6042. ldiv(x7, L(L3, X, L3)) -> rdiv(L(L3, X, L3), x7)
(47.285713) 6043. ldiv(x7, R(L3, X, L3)) -> rdiv(R(L3, X, L3), x7)
(47.57143) 6044. rdiv(op(ldiv(X, Y), X), ldiv(Z, Y)) -> rdiv(Z, K(X, rdiv(Y, X)))
(47.57143) 6045. rdiv(X, ldiv(Y, op(ldiv(Z, X), Z))) -> rdiv(Y, K(rdiv(X, Z), Z))
(47.57143) 6046. rdiv(op(ldiv(X, Y), X), K(Z, Y)) -> T(op(ldiv(X, Y), X), Z)
(46.285713) 6047. rdiv(L3, rdiv(L3, T(x7, X))) -> T(x7, X)
(47.57143) 6048. rdiv(op(X, rdiv(Y, X)), K(Z, Y)) -> T(op(X, rdiv(Y, X)), Z)
(59.57143) 6049. rdiv(T3, rdiv(K(X, L3), K(L3, Y))) -> T(T(T3, X), Y)
(44.14286) 6050. T(op(X, rdiv(Y, X)), X) = op(X, rdiv(Y, T(X, Y)))
(47.0) 6051. T(op(L3, rdiv(x10, L3)), L3) -> op(L2, rdiv(x10, T3))
(47.428574) 6052. T(op(X, rdiv(L2, X)), X) = op(X, rdiv(L2, T(X, L3)))
(47.428574) 6053. T(op(X, rdiv(T2, X)), X) = op(X, rdiv(T2, T(X, L3)))
(47.428574) 6054. T(op(X, rdiv(x7, X)), X) = op(X, rdiv(x7, T(X, L3)))
(47.57143) 6055. rdiv(op(X, ldiv(ldiv(Y, X), X)), X) = ldiv(ldiv(Y, X), T(X, Y))
(41.285713) 6056. op(L3, a(T2, X, T2)) -> R(L3, X, T2)
(40.0) 6057. R(L3, T2, T2) -> R(L3, L3, L3)
(40.428574) 6058. K(L3, R(L3, X, T2)) -> zero
(40.428574) 6059. K(R(L3, X, T2), L3) -> zero
(40.428574) 6060. T(L3, R(L3, X, T2)) -> L3
(41.714287) 6061. T(X, R(L3, Y, T2)) -> T(X, L3)
(41.714287) 6062. K(X, R(L3, Y, T2)) -> K(X, L3)
(41.714287) 6063. K(R(L3, X, T2), Y) -> K(L3, Y)
(43.285713) 6064. ldiv(L3, R(L3, X, T2)) -> a(T2, X, T2)
(43.285713) 6065. rdiv(R(L3, X, T2), L3) -> a(T2, X, T2)
(43.285713) 6066. T(R(L3, X, T2), L3) -> R(L3, X, T2)
(45.285713) 6067. op(L2, a(x7, X, x7)) -> R(L2, X, T2)
(40.0) 6068. R(L2, T2, T2) -> R(L2, L3, L2)
(40.0) 6069. R(L2, x10, T2) -> R(L2, x10, L2)
(50.0) 6070. op(L2, a(L3, L3, L3)) -> R(L2, L3, T2)
(44.0) 6071. R(L2, L3, T2) -> R(L2, L3, L2)
(44.428574) 6072. K(L3, R(L2, X, T2)) -> zero
(44.428574) 6073. K(R(L2, X, T2), L3) -> zero
(44.428574) 6074. T(L2, R(L2, X, T2)) -> L2
(45.285713) 6075. ldiv(R(L3, X, T2), L3) -> rdiv(T2, R(T2, X, T2))
(45.285713) 6076. rdiv(T2, R(T2, X, T2)) -> rdiv(L3, R(L3, X, T2))
(45.285713) 6077. op(T2, R(L3, X, T2)) -> op(L3, R(T2, X, T2))
(45.714287) 6078. T(X, R(L2, Y, T2)) -> T(X, L3)
(45.714287) 6079. K(X, R(L2, Y, T2)) -> K(X, L3)
(45.714287) 6080. K(R(L2, X, T2), Y) -> K(L3, Y)
(46.0) 6081. rdiv(op(L3, L(x7, x10, T2)), L3) -> L(x7, x10, T2)
(46.0) 6082. L(X, R(L3, Y, T2), X) -> L(X, L3, X)
(46.0) 6083. R(X, Y, R(L3, Z, T2)) -> R(X, Y, L3)
(46.285713) 6084. rdiv(op(L3, T(T2, X)), L3) -> T(T2, X)
(46.714287) 6085. ldiv(T(X, Y), T(op(X, Y), Y)) -> R(Y, X, Y)
(45.714287) 6086. op(T(X, Y), R(Y, X, Y)) -> T(op(X, Y), Y)
(45.714287) 6087. op(R(X, Y, X), T(Y, X)) -> T(op(X, Y), X)
(43.0) 6088. op(R(x7, x10, T2), x10) -> T(op(T2, x10), L3)
(43.14286) 6089. T(R(X, Y, X), Y) -> R(T(X, Y), Y, X)
(44.0) 6090. T(R(x7, x10, T2), x10) -> R(T2, x10, T2)
(45.0) 6091. op(x10, R(x7, x10, T2)) -> T(op(x10, T2), L3)
(52.57143) 6092. rdiv(T(op(X, Y), X), K(Y, X)) -> op(R(X, Y, X), Y)
(45.0) 6093. op(R(T2, L2, T2), L2) -> T(op(L2, T2), L3)
(45.14286) 6094. T(op(T(X, Y), Y), X) -> op(R(X, Y, X), Y)
(45.0) 6095. op(R(L2, x10, L2), x10) -> T(op(T3, x10), L3)
(45.0) 6096. op(L3, R(x7, L3, T2)) -> T(op(L3, x7), L3)
(46.428574) 6097. R(rdiv(T3, L3), X, rdiv(T3, L3)) -> rdiv(T3, L3)
(46.428574) 6098. a(rdiv(T3, L3), X, rdiv(T3, L3)) -> zero
(46.571426) 6099. T(R(X, L2, X), L3) -> R(T(X, L3), L2, X)
(46.571426) 6100. T(R(X, T2, X), L3) -> R(T(X, L3), T2, X)
(46.571426) 6101. T(R(T3, X, L2), X) -> R(T(T3, X), X, L2)
(46.571426) 6102. T(R(x7, X, T2), X) -> R(T(x7, X), X, T2)
(47.0) 6103. R(L3, rdiv(L3, T3), T2) -> L3
(47.0) 6104. a(L3, rdiv(zero, T2), T2) -> K(L3, rdiv(zero, L3))
(47.0) 6105. R(L2, rdiv(T3, L3), T2) -> L2
(47.0) 6106. R(L2, rdiv(L3, T3), T2) -> L2
(47.0) 6107. op(R(T2, L2, T2), T3) -> T(op(T3, T2), L3)
(47.0) 6108. op(R(x7, L2, T2), T3) -> T(op(L2, T2), L3)
(47.0) 6109. L(R(T2, L2, T2), L3, T2) -> T2
(47.285713) 6110. op(R(L3, X, T2), L3) -> op(L3, R(L3, X, T2))
(47.285713) 6111. op(R(L3, X, T2), x7) -> op(x7, R(L3, X, T2))
(47.285713) 6112. op(R(L3, X, T2), T2) -> op(L3, R(T2, X, T2))
(47.285713) 6113. op(R(L3, X, T2), L2) -> op(L2, R(L3, X, T2))
(47.285713) 6114. op(R(L3, X, T2), T3) -> op(T3, R(L3, X, T2))
(47.285713) 6115. ldiv(T2, R(L3, X, T2)) -> rdiv(R(L3, X, T2), T2)
(47.285713) 6116. ldiv(L2, R(L3, X, T2)) -> rdiv(R(L3, X, T2), L2)
(47.285713) 6117. ldiv(L2, R(L2, X, T2)) -> a(x7, X, x7)
(47.285713) 6118. rdiv(R(L2, X, T2), L2) -> a(x7, X, x7)
(47.285713) 6119. T(R(L2, X, T2), L3) -> R(L2, X, T2)
(47.57143) 6120. rdiv(ldiv(ldiv(X, Y), Y), K(Y, X)) -> T(ldiv(ldiv(X, Y), Y), Y)
(47.57143) 6121. ldiv(op(X, T(Y, Z)), op(Y, Z)) -> ldiv(op(X, Y), op(Z, Y))
(45.57143) 6122. L(ldiv(T(X, Y), Y), X, X) -> ldiv(op(X, X), op(Y, X))
(47.57143) 6123. ldiv(op(X, Y), op(Y, op(Y, X))) -> T(T(Y, X), op(X, Y))
(55.142857) 6124. ldiv(ldiv(ldiv(X, zero), zero), K(X, rdiv(zero, X))) -> ldiv(X, zero)
(47.714287) 6125. op(rdiv(X, Y), ldiv(ldiv(Y, X), X)) -> op(Y, rdiv(X, Y))
(46.142857) 6126. op(L3, rdiv(op(L2, X), L3)) = op(T(L2, X), X)
(46.142857) 6127. op(L3, rdiv(op(T2, X), L3)) = op(T(T2, X), X)
(47.0) 6128. T(op(L2, L2), op(L3, L3)) -> op(L2, L2)
(47.0) 6129. T(op(L2, T2), op(L3, L3)) -> op(L2, T2)
(47.0) 6130. T(op(L2, T3), op(L3, L3)) -> op(L2, T3)
(47.0) 6131. T(op(T2, T2), op(L3, L3)) -> op(T2, T2)
(47.0) 6132. T(op(T3, T2), op(L3, L3)) -> op(T3, T2)
(47.714287) 6133. op(op(L(X, Y, X), Y), X) -> op(X, op(Y, X))
(47.714287) 6134. op(op(X, T2), T(x7, X)) -> op(op(T2, X), x7)
(47.714287) 6135. ldiv(L2, op(T(T3, X), X)) -> rdiv(op(T3, X), L2)
(47.714287) 6136. rdiv(op(X, op(x10, T2)), L(x10, T2, X)) -> op(X, x7)
(43.714287) 6137. op(op(X, x7), L(x10, T2, X)) -> op(X, op(x10, T2))
(47.714287) 6138. rdiv(op(X, op(L2, x10)), L(T3, x10, X)) -> op(X, x10)
(47.714287) 6139. ldiv(R(x7, x10, X), op(op(x10, T2), X)) -> op(x10, X)
(46.285713) 6140. ldiv(x7, T(op(x10, T2), X)) -> rdiv(x10, K(X, op(L3, x10)))
(47.714287) 6141. ldiv(R(x10, L2, X), op(op(L2, x10), X)) -> op(T3, X)
(43.714287) 6142. op(R(x10, L2, X), op(T3, X)) -> op(op(L2, x10), X)
(46.285713) 6143. ldiv(x10, T(op(L2, x10), X)) -> rdiv(T3, K(X, op(L3, x10)))
(47.714287) 6144. ldiv(R(rdiv(x7, X), X, x10), op(x10, T2)) -> op(X, x10)
(47.714287) 6145. ldiv(R(rdiv(x10, X), X, L2), op(L2, x10)) -> op(X, T3)
(41.142857) 6146. R(rdiv(x10, X), X, L2) = rdiv(op(L2, x10), op(X, T3))
(44.285713) 6147. rdiv(op(x10, L2), op(X, L2)) -> rdiv(op(L2, x10), op(X, T3))
(46.285713) 6148. rdiv(op(x10, L2), op(L2, X)) -> rdiv(op(L2, x10), op(T3, X))
(47.714287) 6149. rdiv(op(x10, T2), L(ldiv(X, x10), X, T2)) -> op(x7, X)
(47.714287) 6150. rdiv(op(L2, x10), L(ldiv(X, T3), X, x10)) -> op(x10, X)
(47.714287) 6151. T(rdiv(X, op(Y, Z)), op(Z, Y)) -> ldiv(op(Y, Z), X)
(46.57143) 6152. T(rdiv(X, R(Y, Z, Y)), Y) -> ldiv(R(Y, Z, Y), X)
(47.0) 6153. ldiv(op(L2, x10), T(T3, x10)) -> ldiv(op(x10, L2), T3)
(47.571426) 6154. T(rdiv(X, T(L2, Y)), L3) -> ldiv(T(L2, Y), X)
(47.571426) 6155. T(rdiv(X, T(T2, Y)), L3) -> ldiv(T(T2, Y), X)
(47.571426) 6156. T(rdiv(X, T(x7, Y)), L3) -> ldiv(T(x7, Y), X)
(47.714287) 6157. T(X, rdiv(op(op(Y, Z), W), Y)) -> T(X, op(Z, W))
(42.428574) 6158. T(X, rdiv(Y, op(Z, Y))) -> T(X, rdiv(zero, Z))
(44.14286) 6159. T(X, op(Y, rdiv(Z, W))) -> T(X, rdiv(op(Y, Z), W))
(44.14286) 6160. T(X, rdiv(op(Y, Z), W)) -> T(X, rdiv(Z, rdiv(W, Y)))
(81.285706) 6161. T(X, rdiv(Y, rdiv(op(ldiv(Z, W), Z), rdiv(V, K(Z, rdiv(W, Z)))))) -> T(X, rdiv(V, rdiv(W, Y)))
(44.14286) 6162. T(X, rdiv(Y, rdiv(Z, W))) <-> T(X, rdiv(W, rdiv(Z, Y)))
(59.0) 6163. T(X, rdiv(Y, rdiv(rdiv(Y, op(Z, Y)), Z))) -> T(X, op(Y, op(Z, Z)))
(44.428574) 6164. T(X, rdiv(ldiv(Y, Z), Z)) -> T(X, rdiv(zero, Y))
(44.428574) 6165. T(X, rdiv(Y, op(Y, Z))) -> T(X, rdiv(zero, Z))
(44.428574) 6166. K(X, rdiv(Y, op(Z, Y))) -> K(X, rdiv(zero, Z))
(44.428574) 6167. K(rdiv(X, op(Y, X)), Z) -> K(rdiv(zero, Y), Z)
(81.57142) 6168. T(X, rdiv(Y, rdiv(op(op(Y, rdiv(Z, Y)), W), rdiv(T(Z, W), Y)))) -> T(X, rdiv(zero, W))
(44.428574) 6169. T(X, rdiv(rdiv(Y, Z), Y)) -> T(X, rdiv(zero, Z))
(44.857143) 6170. T(X, rdiv(zero, ldiv(Y, Z))) -> T(X, rdiv(Y, Z))
(59.71428) 6171. T(X, rdiv(rdiv(Y, Z), rdiv(W, rdiv(Y, rdiv(Y, Z))))) -> T(X, rdiv(Y, W))
(44.857143) 6172. T(X, rdiv(zero, rdiv(Y, Z))) -> T(X, rdiv(Z, Y))
(61.571426) 6173. T(X, rdiv(Y, rdiv(op(L2, x10), op(op(L2, x10), op(L2, x10))))) -> T(X, op(Y, op(L3, x10)))
(61.571426) 6174. T(X, rdiv(Y, rdiv(op(T2, x10), op(op(T2, x10), op(T2, x10))))) -> T(X, op(Y, op(L3, x10)))
(61.571426) 6175. T(X, rdiv(L3, rdiv(rdiv(T3, op(L2, Y)), x10))) -> T(X, op(Y, op(L3, x10)))
(45.714287) 6176. T(X, R(op(Y, Z), Y, Z)) -> T(X, op(Y, Z))
(45.714287) 6177. T(X, op(Y, L(Z, Y, W))) -> T(X, op(Y, Z))
(61.0) 6178. T(X, rdiv(Y, rdiv(rdiv(K(Y, Z), W), Z))) -> T(X, op(W, op(Y, Z)))
(46.14286) 6179. K(X, op(Y, rdiv(Z, W))) -> K(X, rdiv(op(Y, Z), W))
(46.14286) 6180. T(X, op(rdiv(Y, Z), W)) -> T(X, rdiv(Y, rdiv(Z, W)))
(46.14286) 6181. K(op(X, rdiv(Y, Z)), W) -> K(rdiv(op(X, Y), Z), W)
(46.14286) 6182. K(X, rdiv(op(Y, Z), W)) -> K(X, rdiv(Z, rdiv(W, Y)))
(46.14286) 6183. K(rdiv(op(X, Y), Z), W) -> K(rdiv(Y, rdiv(Z, X)), W)
(46.14286) 6184. T(X, rdiv(Y, ldiv(Z, W))) -> T(X, rdiv(Y, rdiv(W, Z)))
(46.14286) 6185. K(X, rdiv(Y, rdiv(Z, W))) <-> K(X, rdiv(W, rdiv(Z, Y)))
(46.14286) 6186. K(rdiv(X, rdiv(Y, Z)), W) <-> K(rdiv(Z, rdiv(Y, X)), W)
(46.285713) 6187. T(X, rdiv(L3, op(L2, x10))) -> T(X, rdiv(zero, x10))
(46.285713) 6188. T(X, rdiv(L3, op(T2, x10))) -> T(X, rdiv(zero, x10))
(56.571426) 6189. T(X, rdiv(zero, op(T2, a(Y, Z, W)))) -> T(X, rdiv(zero, L3))
(64.57143) 6190. T(X, rdiv(L3, op(L2, op(x10, a(Y, Z, W))))) -> T(X, rdiv(zero, x10))
(46.285713) 6191. T(X, R(rdiv(L3, T3), L2, x10)) -> X
(46.428574) 6192. T(X, R(Y, rdiv(zero, Y), Z)) -> T(X, Y)
(46.428574) 6193. K(X, rdiv(ldiv(Y, Z), Z)) -> K(X, rdiv(zero, Y))
(46.428574) 6194. K(rdiv(ldiv(X, Y), Y), Z) -> K(rdiv(zero, X), Z)
(46.428574) 6195. K(X, rdiv(Y, op(Y, Z))) -> K(X, rdiv(zero, Z))
(46.428574) 6196. K(rdiv(X, op(X, Y)), Z) -> K(rdiv(zero, Y), Z)
(83.57142) 6197. K(X, rdiv(Y, rdiv(op(op(Y, rdiv(Z, Y)), W), rdiv(T(Z, W), Y)))) -> K(X, rdiv(zero, W))
(83.57142) 6198. K(rdiv(X, rdiv(op(op(X, rdiv(Y, X)), Z), rdiv(T(Y, Z), X))), W) -> K(rdiv(zero, Z), W)
(46.428574) 6199. K(X, rdiv(rdiv(Y, Z), Y)) -> K(X, rdiv(zero, Z))
(46.428574) 6200. K(rdiv(rdiv(X, Y), X), Z) -> K(rdiv(zero, Y), Z)
(46.714287) 6201. T(op(X, Y), rdiv(zero, X)) = ldiv(ldiv(op(X, Y), Y), Y)
(46.714287) 6202. T(X, rdiv(Y, rdiv(X, Z))) = ldiv(ldiv(X, op(Y, Z)), op(Y, Z))
(46.857143) 6203. T(X, rdiv(zero, rdiv(X, Y))) = ldiv(ldiv(X, Y), Y)
(70.85714) 6204. T(X, rdiv(Y, rdiv(rdiv(L3, L2), op(Z, rdiv(L3, L2))))) -> T(X, op(Y, Z))
(70.85715) 6205. T(X, rdiv(Y, rdiv(T(x10, L3), op(x10, ldiv(Z, L2))))) -> T(X, rdiv(Y, rdiv(Z, L3)))
(45.571426) 6206. T(X, rdiv(Y, rdiv(L2, L3))) -> T(X, Y)
(70.85714) 6207. T(X, rdiv(Y, rdiv(rdiv(T3, L3), op(Z, rdiv(T3, L3))))) -> T(X, op(Y, Z))
(46.857143) 6208. K(X, rdiv(zero, ldiv(Y, Z))) -> K(X, rdiv(Y, Z))
(61.71428) 6209. K(X, rdiv(rdiv(Y, Z), rdiv(W, rdiv(Y, rdiv(Y, Z))))) -> K(X, rdiv(Y, W))
(46.857143) 6210. K(rdiv(zero, ldiv(X, Y)), Z) -> K(rdiv(X, Y), Z)
(61.71428) 6211. K(rdiv(rdiv(X, Y), rdiv(Z, rdiv(X, rdiv(X, Y)))), W) -> K(rdiv(X, Z), W)
(53.714287) 6212. T(X, rdiv(Y, rdiv(Z, K(W, Y)))) -> T(X, rdiv(Y, Z))
(57.142853) 6213. T(X, rdiv(Y, op(Z, a(W, V, U)))) -> T(X, rdiv(Y, Z))
(49.714287) 6214. T(X, rdiv(R(Y, Z, Y), W)) -> T(X, rdiv(Y, W))
(46.857143) 6215. K(X, rdiv(zero, rdiv(Y, Z))) -> K(X, rdiv(Z, Y))
(46.857143) 6216. K(rdiv(zero, rdiv(X, Y)), Z) -> K(rdiv(Y, X), Z)
(47.0) 6217. T(X, R(Y, rdiv(x7, Y), x10)) -> T(X, Y)
(71.57143) 6218. T(X, rdiv(Y, rdiv(op(T3, x10), op(op(L2, x10), op(L2, x10))))) -> T(X, op(Y, op(L3, x10)))
(47.571426) 6219. T(X, op(L3, L(Y, T2, x10))) -> T(X, op(Y, L3))
(47.571426) 6220. T(X, rdiv(L3, op(Y, L2))) -> T(X, rdiv(zero, Y))
(47.571426) 6221. T(X, rdiv(x10, rdiv(Y, x7))) -> T(X, rdiv(L3, rdiv(Y, x10)))
(47.571426) 6222. T(X, rdiv(rdiv(L2, x7), Y)) -> T(X, rdiv(zero, Y))
(47.571426) 6223. T(X, rdiv(rdiv(L2, T2), Y)) -> T(X, rdiv(zero, Y))
(47.571426) 6224. T(X, rdiv(ldiv(Y, x7), L3)) -> T(X, rdiv(zero, Y))
(47.571426) 6225. T(X, rdiv(ldiv(Y, T2), L3)) -> T(X, rdiv(zero, Y))
(47.571426) 6226. K(X, rdiv(L3, op(Y, L2))) -> K(X, rdiv(zero, Y))
(47.571426) 6227. K(rdiv(L3, op(X, L2)), Y) -> K(rdiv(zero, X), Y)
(47.571426) 6228. T(X, rdiv(rdiv(T3, Y), L3)) -> T(X, rdiv(zero, Y))
(47.571426) 6229. T(X, rdiv(rdiv(x7, Y), L3)) -> T(X, rdiv(zero, Y))
(47.571426) 6230. T(X, rdiv(rdiv(T2, Y), L3)) -> T(X, rdiv(zero, Y))
(55.571426) 6231. T(X, rdiv(L3, rdiv(Y, rdiv(L2, T3)))) -> T(X, rdiv(L3, Y))
(55.571426) 6232. T(X, rdiv(L3, rdiv(Y, rdiv(T3, L2)))) -> T(X, rdiv(L3, Y))
(55.571426) 6233. T(X, rdiv(L3, rdiv(Y, rdiv(L2, x7)))) -> T(X, rdiv(L3, Y))
(55.571426) 6234. T(X, rdiv(L3, rdiv(Y, rdiv(L3, T2)))) -> T(X, rdiv(L3, Y))
(55.571426) 6235. T(X, rdiv(ldiv(rdiv(Y, L2), T3), L3)) -> T(X, rdiv(L3, Y))
(47.571426) 6236. K(X, rdiv(Y, rdiv(L2, L3))) -> K(X, Y)
(47.571426) 6237. K(rdiv(X, rdiv(L2, L3)), Y) -> K(X, Y)
(48.85714) 6238. ldiv(ldiv(X, Y), Y) = T(X, rdiv(Y, rdiv(X, K(?, ?))))
(52.571426) 6239. T(X, rdiv(Y, rdiv(X, K(Z, W)))) ~> T(X, rdiv(Y, rdiv(X, K(?, ?))))
(43.571426) 6240. rdiv(T2, K(rdiv(L3, X), X)) -> op(X, rdiv(T2, X))
(44.857143) 6241. ldiv(ldiv(ldiv(X, zero), Y), Y) = T(ldiv(X, zero), op(X, Y))
(45.571426) 6242. rdiv(T2, K(X, rdiv(L3, X))) -> op(ldiv(X, T2), X)
(45.857143) 6243. ldiv(rdiv(L2, ldiv(X, x7)), X) -> rdiv(T2, T3)
(45.857143) 6244. ldiv(rdiv(T2, ldiv(X, L3)), X) -> rdiv(L3, T2)
(43.0) 6245. rdiv(rdiv(L3, T2), T3) -> rdiv(rdiv(L3, T3), T2)
(45.0) 6246. ldiv(T2, rdiv(L3, T3)) -> ldiv(T3, rdiv(L3, T2))
(45.0) 6247. rdiv(rdiv(L3, T2), L2) -> rdiv(rdiv(L3, L2), T2)
(45.857143) 6248. ldiv(rdiv(T2, ldiv(X, T3)), X) -> rdiv(L2, x7)
(46.428574) 6249. op(R(L3, X, L3), rdiv(T2, R(L3, X, L3))) -> T2
(46.857143) 6250. T(ldiv(X, zero), op(Y, X)) = ldiv(ldiv(ldiv(X, zero), Y), Y)
(46.857143) 6251. ldiv(ldiv(rdiv(zero, X), Y), Y) = T(rdiv(zero, X), op(X, Y))
(47.428574) 6252. ldiv(ldiv(T(?, X), Y), Y) = T(T(?, X), rdiv(Y, ?))
(47.571426) 6253. rdiv(x7, K(rdiv(L3, X), X)) -> op(X, rdiv(x7, X))
(47.571426) 6254. rdiv(K(rdiv(L3, X), X), T2) -> rdiv(zero, op(X, rdiv(T2, X)))
(47.571426) 6255. rdiv(op(ldiv(X, L3), X), T2) -> rdiv(L3, op(X, rdiv(T2, X)))
(50.142857) 6256. op(L3, rdiv(X, T(L3, x10))) = T(op(L2, rdiv(X, T3)), X)
(47.714287) 6257. rdiv(op(X, Y), T(T(Y, X), X)) -> T(T(X, Y), Y)
(45.0) 6258. rdiv(op(x10, L2), T(T3, x10)) -> ldiv(T3, op(x10, L2))
(47.714287) 6259. K(rdiv(X, rdiv(Y, K(Z, W))), Y) -> K(rdiv(X, Y), Y)
(45.714287) 6260. K(rdiv(X, L(Y, Z, Y)), Y) -> K(rdiv(X, Y), Y)
(47.714287) 6261. K(X, rdiv(Y, rdiv(X, K(Z, W)))) -> K(X, rdiv(Y, X))
(45.714287) 6262. K(X, rdiv(Y, L(X, Z, X))) -> K(X, rdiv(Y, X))
(47.714287) 6263. ldiv(R(X, rdiv(zero, Y), Y), X) -> rdiv(zero, a(X, rdiv(zero, Y), Y))
(47.714287) 6264. T(X, R(X, rdiv(zero, x7), T2)) -> X
(47.714287) 6265. ldiv(R(X, Y, X), T(X, Y)) -> K(X, op(X, Y))
(47.0) 6266. rdiv(T3, R(T3, L3, L2)) -> K(L3, op(L3, L3))
(40.0) 6267. R(T3, L2, L2) -> R(T3, L3, L2)
(42.0) 6268. a(T3, L3, T3) -> a(L3, L3, L3)
(47.714287) 6269. rdiv(T(X, Y), R(X, Y, X)) -> K(X, op(X, Y))
(45.0) 6270. rdiv(L2, R(L2, L3, L2)) -> K(L3, op(L3, L3))
(47.714287) 6271. L(X, op(L2, rdiv(zero, T3)), Y) -> X
(47.714287) 6272. op(T(X, Y), op(Z, T(Y, X))) -> op(X, op(Z, Y))
(47.714287) 6273. op(op(T(X, Y), Z), T(Y, X)) -> op(op(X, Z), Y)
(44.285713) 6274. op(op(T(x10, L3), X), T2) -> op(op(x10, X), x7)
(44.285713) 6275. op(op(T(x10, L3), X), T3) -> op(op(x10, X), L2)
(46.285713) 6276. op(op(X, T(x10, L3)), T2) -> op(op(X, x10), x7)
(46.285713) 6277. op(T(T(x10, X), L3), T2) -> op(T(x10, X), x7)
(46.285713) 6278. op(op(X, T(x10, L3)), T3) -> op(op(X, x10), L2)
(47.714287) 6279. R(X, L2, rdiv(T(L2, X), T3)) -> X
(55.142853) 6280. R(X, L2, rdiv(op(L2, X), op(X, T3))) -> X
(47.714287) 6281. rdiv(X, rdiv(X, T(ldiv(Y, X), X))) -> T(rdiv(X, Y), X)
(47.714287) 6282. T(op(X, T(Y, Z)), op(X, Y)) -> op(X, T(Y, Z))
(47.714287) 6283. T(rdiv(L2, rdiv(T3, X)), X) -> rdiv(L2, rdiv(T3, X))
(47.714287) 6284. T(rdiv(T3, X), rdiv(L3, X)) -> rdiv(T3, X)
(58.14286) 6285. ldiv(rdiv(L2, X), T(T3, X)) = rdiv(T3, ldiv(rdiv(op(L3, X), L3), L2))
(47.714287) 6286. op(rdiv(X, op(ldiv(X, Y), X)), Y) -> ldiv(ldiv(X, Y), Y)
(46.142857) 6287. ldiv(ldiv(ldiv(X, L2), L3), L3) = T(ldiv(X, L2), X)
(47.714287) 6288. ldiv(rdiv(ldiv(ldiv(X, Y), Y), Y), X) -> op(ldiv(X, Y), X)
(50.142857) 6289. rdiv(T(L2, X), op(T3, X)) -> rdiv(L3, op(X, T(L3, x10)))
(47.714287) 6290. ldiv(rdiv(X, Y), rdiv(Y, rdiv(Y, X))) -> op(ldiv(X, Y), X)
(49.714287) 6291. op(rdiv(X, Y), op(ldiv(X, Y), X)) -> rdiv(Y, rdiv(Y, X))
(47.0) 6292. rdiv(T3, rdiv(T3, T(X, L3))) = L(X, rdiv(L3, X), X)
(46.285713) 6293. rdiv(T3, rdiv(T3, T(L3, X))) -> T(L3, X)
(47.0) 6294. rdiv(T3, rdiv(L2, rdiv(L3, T3))) -> rdiv(L3, L2)
(47.714287) 6295. op(T(T(X, Y), Y), T(Y, X)) -> op(T(X, Y), Y)
(47.714287) 6296. T(X, rdiv(Y, rdiv(Z, op(Z, W)))) -> T(X, op(Y, W))
(44.14286) 6297. T(X, op(Y, ldiv(Z, W))) -> T(X, rdiv(Y, rdiv(Z, W)))
(46.14286) 6298. T(X, op(ldiv(Y, Z), W)) -> T(X, rdiv(Z, rdiv(Y, W)))
(46.14286) 6299. T(X, op(Y, rdiv(Z, W))) -> T(X, rdiv(Y, rdiv(W, Z)))
(68.428566) 6300. T(X, rdiv(Y, rdiv(Z, T(W, rdiv(ldiv(Z, Y), W))))) -> T(X, rdiv(Y, rdiv(Z, W)))
(46.857143) 6301. T(X, rdiv(Y, rdiv(Z, T3))) -> T(X, rdiv(Y, rdiv(Z, L3)))
(47.714287) 6302. T(X, rdiv(Y, rdiv(rdiv(Y, Z), W))) -> T(X, op(Z, W))
(70.0) 6303. T(X, rdiv(Y, rdiv(K(rdiv(Z, Y), Y), op(W, ldiv(Y, Z))))) -> T(X, op(Z, W))
(57.571426) 6304. T(X, rdiv(Y, rdiv(rdiv(T3, L3), L2))) -> T(X, op(Y, L3))
(65.57143) 6305. T(X, rdiv(Y, rdiv(rdiv(L3, x7), T(L3, x10)))) -> T(X, op(Y, L3))
(65.0) 6306. T(X, rdiv(Y, rdiv(rdiv(L3, T3), T(L3, Z)))) -> T(X, op(Y, L3))
(59.57143) 6307. T(X, rdiv(Y, rdiv(rdiv(T3, L3), x7))) -> T(X, op(Y, L3))
(59.57143) 6308. T(X, rdiv(Y, rdiv(rdiv(T2, L3), L3))) -> T(X, op(Y, L3))
(59.57143) 6309. T(X, rdiv(Y, rdiv(rdiv(x7, L3), L3))) -> T(X, op(Y, L3))
(59.57143) 6310. T(X, rdiv(Y, rdiv(rdiv(L3, T3), T2))) -> T(X, op(Y, L3))
(61.57143) 6311. T(X, rdiv(Y, rdiv(rdiv(L2, L3), L3))) -> T(X, op(Y, L3))
(61.57143) 6312. T(X, rdiv(Y, rdiv(rdiv(L2, L3), x7))) -> T(X, op(Y, L3))
(63.57143) 6313. T(X, rdiv(Y, rdiv(rdiv(T3, L3), L3))) -> T(X, op(Y, L3))
(47.714287) 6314. K(X, op(Y, R(Z, Z, Z))) -> K(X, op(Y, Z))
(47.714287) 6315. T(X, op(R(Y, Y, Y), Z)) -> T(X, op(Y, Z))
(47.714287) 6316. K(X, R(op(Y, Z), Z, Y)) -> K(X, op(Y, Z))
(47.714287) 6317. T(op(T(X, Y), Y), op(Y, X)) -> op(T(X, Y), Y)
(47.714287) 6318. K(X, rdiv(Y, L(Z, W, Z))) -> K(X, rdiv(Y, Z))
(47.714287) 6319. K(op(X, R(Y, Y, Y)), Z) -> K(op(X, Y), Z)
(47.714287) 6320. K(R(op(X, Y), Y, X), Z) -> K(op(X, Y), Z)
(47.714287) 6321. K(rdiv(X, L(Y, Z, Y)), W) -> K(rdiv(X, Y), W)
(47.714287) 6322. K(op(L(X, Y, X), Z), W) -> K(op(X, Z), W)
(47.714287) 6323. ldiv(op(X, T3), K(X, L3)) -> ldiv(op(T3, X), zero)
(47.714287) 6324. ldiv(op(T3, X), K(L3, X)) -> ldiv(op(X, T3), zero)
(47.714287) 6325. rdiv(K(X, L3), op(X, T2)) -> rdiv(zero, op(T2, X))
(47.714287) 6326. ldiv(op(X, T2), K(X, L3)) -> ldiv(op(T2, X), zero)
(47.714287) 6327. rdiv(K(X, L3), op(X, L2)) -> rdiv(zero, op(L2, X))
(47.714287) 6328. ldiv(op(X, L2), K(X, L3)) -> ldiv(op(L2, X), zero)
(47.714287) 6329. ldiv(op(T2, X), K(L3, X)) -> ldiv(op(X, T2), zero)
(47.714287) 6330. T(op(ldiv(T2, X), L3), X) -> op(ldiv(T2, X), L3)
(47.714287) 6331. rdiv(op(L3, X), T(T2, X)) -> rdiv(X, rdiv(T2, L3))
(47.714287) 6332. ldiv(op(x7, X), K(L3, X)) -> ldiv(op(X, x7), zero)
(47.714287) 6333. T(op(ldiv(x7, X), L3), X) -> op(ldiv(x7, X), L3)
(47.714287) 6334. rdiv(op(L3, X), T(x7, X)) -> rdiv(X, rdiv(x7, L3))
(47.714287) 6335. T(op(ldiv(L2, X), L3), X) -> op(ldiv(L2, X), L3)
(47.714287) 6336. rdiv(op(L3, X), T(L2, X)) -> rdiv(op(X, L3), L2)
(47.714287) 6337. L(X, op(T2, rdiv(zero, L2)), Y) -> X
(47.714287) 6338. L(X, Y, op(T2, rdiv(zero, L2))) -> X
(47.714287) 6339. L(X, op(T2, rdiv(zero, L3)), Y) -> X
(47.714287) 6340. L(X, Y, op(T2, rdiv(zero, L3))) -> X
(47.714287) 6341. T(X, op(Y, R(Z, W, Z))) -> T(X, op(Y, Z))
(55.142853) 6342. T(X, rdiv(Y, rdiv(a(Y, Z, Y), W))) -> T(X, op(Y, W))
(52.142857) 6343. op(T(T3, X), T(X, L3)) -> op(L3, rdiv(op(X, T3), L3))
(63.142857) 6344. T(op(x7, X), rdiv(L3, rdiv(K(X, L3), X))) -> op(x7, X)
(47.714287) 6345. T(rdiv(X, rdiv(T2, L2)), X) -> rdiv(X, rdiv(T2, L2))
(47.714287) 6346. rdiv(X, rdiv(T2, T(L2, X))) -> rdiv(op(L2, X), T2)
(47.714287) 6347. T(ldiv(T2, op(X, T3)), X) -> ldiv(T2, op(X, T3))
(47.714287) 6348. op(op(X, L2), T(x7, X)) -> op(op(L2, X), x7)
(47.714287) 6349. op(T(x7, X), op(X, L2)) -> op(L2, op(x7, X))
(47.714287) 6350. rdiv(op(X, L2), T(T2, X)) -> ldiv(T2, op(X, L2))
(47.714287) 6351. T(ldiv(T2, op(X, L2)), X) -> ldiv(T2, op(X, L2))
(47.714287) 6352. op(op(X, L2), T(T2, X)) -> op(op(L2, X), T2)
(47.714287) 6353. op(T(T2, X), op(X, L2)) -> op(L2, op(T2, X))
(47.714287) 6354. ldiv(op(L3, X), T(T2, X)) -> ldiv(op(X, L3), T2)
(47.714287) 6355. T(ldiv(T2, op(X, L3)), X) -> ldiv(T2, op(X, L3))
(47.714287) 6356. op(op(X, L3), T(T2, X)) -> op(op(L3, X), T2)
(47.714287) 6357. op(T(T2, X), op(X, L3)) -> op(L3, op(T2, X))
(47.714287) 6358. T(rdiv(X, rdiv(L2, T2)), X) -> rdiv(X, rdiv(L2, T2))
(47.714287) 6359. rdiv(T3, T(ldiv(X, x7), X)) -> ldiv(ldiv(X, x7), T3)
(47.714287) 6360. T(op(ldiv(x7, X), T3), X) -> op(ldiv(x7, X), T3)
(47.714287) 6361. T(op(ldiv(T2, X), L2), X) -> op(ldiv(T2, X), L2)
(47.714287) 6362. rdiv(x7, T(ldiv(X, T3), X)) -> ldiv(ldiv(X, T3), x7)
(58.14286) 6363. ldiv(ldiv(rdiv(X, rdiv(L2, T2)), T3), L2) = rdiv(x7, T(ldiv(X, L2), X))
(58.14286) 6364. rdiv(L2, ldiv(ldiv(ldiv(X, T3), T2), L3)) = rdiv(x7, T(ldiv(X, L3), X))
(47.714287) 6365. ldiv(op(X, L2), op(x7, X)) -> rdiv(T(T2, X), T3)
(47.714287) 6366. ldiv(op(L2, X), op(X, x7)) -> rdiv(T2, T(T3, X))
(45.0) 6367. L(rdiv(x7, T3), L2, x10) -> rdiv(x7, T3)
(47.714287) 6368. ldiv(op(L3, X), op(X, T2)) -> rdiv(T2, T(L3, X))
(47.714287) 6369. rdiv(op(L2, X), T(x7, X)) -> rdiv(X, rdiv(T2, T3))
(49.571426) 6370. ldiv(T(x7, X), op(L2, X)) -> rdiv(L2, ldiv(X, T(x7, X)))
(58.14286) 6371. op(rdiv(T2, ldiv(ldiv(L3, X), T3)), L3) = T(op(ldiv(L2, X), x7), X)
(58.14286) 6372. rdiv(L3, ldiv(ldiv(ldiv(X, L3), T2), T3)) = rdiv(T2, T(ldiv(X, T3), X))
(49.571426) 6373. T(ldiv(ldiv(X, T3), T2), X) -> rdiv(T2, T(ldiv(X, T3), X))
(47.714287) 6374. T(ldiv(ldiv(X, L2), T3), X) -> ldiv(ldiv(X, L2), T3)
(56.285717) 6375. rdiv(L3, rdiv(L3, ldiv(ldiv(X, L2), T3))) -> rdiv(X, rdiv(L2, T3))
(58.14286) 6376. rdiv(L3, rdiv(L3, rdiv(X, rdiv(L2, x7)))) = T(rdiv(T2, rdiv(T3, X)), X)
(47.714287) 6377. rdiv(L2, ldiv(X, T(x7, X))) -> ldiv(T2, op(X, T3))
(47.714287) 6378. T(rdiv(X, L2), rdiv(X, L3)) -> rdiv(X, L2)
(47.714287) 6379. rdiv(op(T2, X), T(L3, X)) -> rdiv(X, rdiv(L3, T2))
(47.714287) 6380. rdiv(X, rdiv(L3, T(T2, X))) -> rdiv(op(T2, X), L3)
(47.714287) 6381. ldiv(op(T2, X), T(L3, X)) -> ldiv(op(X, T2), L3)
(47.714287) 6382. T(rdiv(T2, X), rdiv(L3, X)) -> rdiv(T2, X)
(58.14286) 6383. rdiv(L3, rdiv(L3, rdiv(X, rdiv(L3, T2)))) = T(rdiv(T2, rdiv(L3, X)), X)
(47.714287) 6384. rdiv(X, T(x7, rdiv(X, L3))) -> ldiv(x7, X)
(47.714287) 6385. T(op(X, x7), op(L3, X)) -> op(X, x7)
(47.714287) 6386. ldiv(rdiv(op(L2, X), x7), X) -> rdiv(T2, T(T3, X))
(47.714287) 6387. ldiv(rdiv(T2, T(T3, X)), X) -> rdiv(op(L2, X), x7)
(47.714287) 6388. rdiv(X, rdiv(op(L2, X), x7)) -> rdiv(T2, T(T3, X))
(47.714287) 6389. ldiv(rdiv(op(L3, X), T2), X) -> rdiv(T2, T(L3, X))
(47.714287) 6390. ldiv(rdiv(T2, T(L3, X)), X) -> rdiv(op(L3, X), T2)
(47.714287) 6391. rdiv(X, rdiv(op(L3, X), T2)) -> rdiv(T2, T(L3, X))
(47.714287) 6392. T(op(x7, X), op(L3, X)) -> op(x7, X)
(47.714287) 6393. L(T(x7, X), X, L2) -> T(x7, op(X, L3))
(42.0) 6394. L(x7, L2, L2) -> L(x7, L3, L3)
(42.0) 6395. L(T2, x10, L2) -> L(T2, x10, L3)
(47.0) 6396. L(x7, rdiv(L2, L3), L2) -> x7
(47.714287) 6397. L(T(L2, X), X, T2) -> T(L2, op(X, L3))
(42.0) 6398. L(T3, x10, T2) -> L(T3, x10, L2)
(47.0) 6399. L(L2, rdiv(L2, L3), T2) -> L2
(47.714287) 6400. T(rdiv(X, rdiv(L3, L2)), X) -> rdiv(X, rdiv(L3, L2))
(47.714287) 6401. T(op(L2, X), op(L3, X)) -> op(L2, X)
(47.714287) 6402. T(op(X, T3), op(L3, X)) -> op(X, T3)
(47.714287) 6403. T(rdiv(L3, rdiv(x7, X)), X) -> rdiv(L3, rdiv(x7, X))
(47.714287) 6404. T(rdiv(X, rdiv(x7, L3)), X) -> rdiv(X, rdiv(x7, L3))
(47.714287) 6405. L(T(T2, X), X, L3) -> T(T2, op(X, L3))
(46.0) 6406. T(T2, op(L3, L3)) -> L(T2, L3, L3)
(42.0) 6407. L(T2, L3, L2) -> L(T2, L3, L3)
(44.0) 6408. L(T2, L3, T2) -> L(T2, L3, L3)
(47.714287) 6409. L(T(L3, X), X, T2) -> T(L3, op(X, L3))
(42.0) 6410. L(L3, T2, T2) -> L(L3, L3, L3)
(47.714287) 6411. T(op(T2, X), op(L3, X)) -> op(T2, X)
(47.714287) 6412. T(ldiv(ldiv(X, T2), L3), X) -> ldiv(ldiv(X, T2), L3)
(47.714287) 6413. T(rdiv(L3, rdiv(T3, X)), X) -> rdiv(L3, rdiv(T3, X))
(47.714287) 6414. T(rdiv(L3, rdiv(L2, X)), X) -> rdiv(L3, rdiv(L2, X))
(47.714287) 6415. ldiv(T(x7, X), op(T2, X)) -> ldiv(x7, op(X, T2))
(47.714287) 6416. ldiv(x7, op(T(T2, X), X)) -> rdiv(op(T2, X), x7)
(47.714287) 6417. rdiv(X, rdiv(L2, T(T3, X))) -> rdiv(op(T2, X), x7)
(47.714287) 6418. rdiv(op(X, x7), T(T2, X)) -> ldiv(T2, op(X, x7))
(47.285713) 6419. ldiv(T2, R(x7, X, T2)) -> rdiv(R(x7, X, T2), T2)
(47.714287) 6420. rdiv(K(X, L3), op(X, x7)) -> rdiv(zero, op(x7, X))
(47.714287) 6421. rdiv(X, rdiv(T3, T(L2, X))) -> rdiv(op(x7, X), T2)
(47.714287) 6422. T(ldiv(T2, op(X, x7)), X) -> ldiv(T2, op(X, x7))
(47.714287) 6423. ldiv(op(X, x7), K(X, L3)) -> ldiv(op(x7, X), zero)
(47.714287) 6424. op(op(X, x7), T(T2, X)) -> op(op(T2, X), x7)
(47.714287) 6425. rdiv(op(X, T2), T(x7, X)) -> ldiv(x7, op(X, T2))
(47.285713) 6426. ldiv(x7, R(T2, X, T2)) -> rdiv(R(T2, X, T2), x7)
(47.714287) 6427. T(ldiv(x7, op(X, T2)), X) -> ldiv(x7, op(X, T2))
(47.714287) 6428. T(rdiv(X, T3), rdiv(X, L3)) -> rdiv(X, T3)
(47.714287) 6429. rdiv(X, T(T3, rdiv(X, L3))) -> ldiv(T3, X)
(47.714287) 6430. ldiv(op(x7, X), op(X, T2)) -> rdiv(T3, T(L2, X))
(47.714287) 6431. T(op(T3, rdiv(X, L3)), X) -> op(T3, rdiv(X, L3))
(47.714287) 6432. rdiv(T(L2, X), ldiv(X, x7)) -> rdiv(op(L2, X), x7)
(47.714287) 6433. T(rdiv(x7, X), rdiv(L3, X)) -> rdiv(x7, X)
(47.714287) 6434. T(rdiv(X, rdiv(T3, x7)), X) -> rdiv(X, rdiv(T3, x7))
(47.714287) 6435. T(rdiv(X, rdiv(L3, x7)), X) -> rdiv(X, rdiv(L3, x7))
(60.285717) 6436. T(rdiv(L3, ldiv(rdiv(X, L3), T3)), rdiv(X, L3)) -> rdiv(L3, ldiv(rdiv(X, L3), T3))
(47.714287) 6437. rdiv(L3, T(ldiv(X, x7), X)) -> ldiv(ldiv(X, x7), L3)
(47.714287) 6438. rdiv(T2, T(ldiv(X, L3), X)) -> ldiv(ldiv(X, L3), T2)
(47.714287) 6439. rdiv(T(L3, X), ldiv(X, T2)) -> rdiv(op(L3, X), T2)
(47.714287) 6440. T(op(L3, rdiv(X, T3)), X) -> op(L3, rdiv(X, T3))
(47.714287) 6441. rdiv(T(L2, X), ldiv(X, T3)) -> rdiv(op(L2, X), T3)
(47.714287) 6442. T(ldiv(ldiv(X, T2), L2), X) -> ldiv(ldiv(X, T2), L2)
(47.714287) 6443. T(ldiv(ldiv(X, L3), T3), X) -> ldiv(ldiv(X, L3), T3)
(47.714287) 6444. T(X, rdiv(Y, R(Z, W, Z))) -> T(X, rdiv(Y, Z))
(47.714287) 6445. K(X, rdiv(Y, R(Z, W, Z))) -> K(X, rdiv(Y, Z))
(47.714287) 6446. K(rdiv(X, R(Y, Z, Y)), W) -> K(rdiv(X, Y), W)
(80.85713) 6447. T(X, rdiv(Y, rdiv(a(Z, W, Z), op(V, rdiv(R(Z, W, Z), Y))))) -> T(X, op(Z, V))
(47.714287) 6448. K(op(X, R(Y, Z, Y)), W) -> K(op(X, Y), W)
(47.714287) 6449. op(rdiv(X, rdiv(Y, K(Z, W))), Y) -> rdiv(X, K(W, Z))
(47.714287) 6450. rdiv(a(X, ldiv(X, zero), Y), Y) -> rdiv(zero, L(Y, rdiv(zero, X), X))
(47.714287) 6451. ldiv(X, L(X, Y, rdiv(zero, Y))) -> rdiv(zero, a(rdiv(zero, Y), Y, X))
(47.714287) 6452. rdiv(a(rdiv(zero, X), X, Y), Y) -> rdiv(zero, L(Y, X, rdiv(zero, X)))
(47.714287) 6453. ldiv(L(X, rdiv(zero, Y), Y), zero) = ldiv(X, a(Y, ldiv(Y, zero), X))
(47.714287) 6454. op(rdiv(X, Y), op(ldiv(Y, X), Y)) -> op(ldiv(Y, X), X)
(44.714287) 6455. op(ldiv(X, Y), op(ldiv(X, Y), X)) -> op(T(ldiv(X, Y), X), Y)
(47.714287) 6456. T(X, rdiv(Y, rdiv(Z, op(W, Z)))) -> T(X, op(Y, W))
(47.571426) 6457. T(X, op(Y, R(x7, x10, T2))) -> T(X, op(Y, L3))
(46.285713) 6458. T(X, rdiv(L3, R(x7, x10, T2))) -> X
(46.0) 6459. ldiv(R(x7, x10, T2), L3) -> rdiv(L3, R(x7, x10, T2))
(47.714287) 6460. rdiv(T(T2, X), op(L3, X)) -> rdiv(T2, op(X, L3))
(47.714287) 6461. T(X, rdiv(L(Y, Y, Y), Z)) -> T(X, rdiv(Y, Z))
(47.714287) 6462. K(X, rdiv(L(Y, Y, Y), Z)) -> K(X, rdiv(Y, Z))
(47.714287) 6463. K(rdiv(L(X, X, X), Y), Z) -> K(rdiv(X, Y), Z)
(47.714287) 6464. T(X, rdiv(X, rdiv(L3, L2))) -> X
(47.714287) 6465. op(X, R(T3, X, L2)) -> T(op(T3, X), L3)
(42.0) 6466. R(L3, L2, L3) -> R(L3, L3, L3)
(44.0) 6467. a(L3, L2, L3) -> a(L3, L3, L3)
(47.714287) 6468. op(X, R(x7, X, T2)) -> T(op(x7, X), L3)
(47.714287) 6469. R(X, Y, op(T2, rdiv(zero, L3))) -> X
(47.714287) 6470. R(X, op(T2, rdiv(zero, L3)), Y) -> X
(71.14286) 6471. T(ldiv(T2, op(X, L3)), rdiv(X, rdiv(T(T2, X), L3))) -> ldiv(T2, op(X, L3))
(79.14286) 6472. rdiv(ldiv(T2, op(X, L3)), K(rdiv(X, rdiv(T(T2, X), L3)), L3)) -> rdiv(X, rdiv(T2, L3))
(47.714287) 6473. T(rdiv(op(T2, X), L3), X) -> rdiv(op(T2, X), L3)
(47.714287) 6474. rdiv(L3, T(ldiv(X, T3), X)) -> ldiv(ldiv(X, T3), L3)
(47.0) 6475. op(rdiv(T3, L3), rdiv(L3, rdiv(T3, L3))) -> L3
(47.714287) 6476. rdiv(L3, T(ldiv(X, L2), X)) -> ldiv(ldiv(X, L2), L3)
(47.0) 6477. op(rdiv(L2, L3), rdiv(L3, rdiv(L2, L3))) -> L3
(47.714287) 6478. K(X, R(op(Y, Z), Y, Z)) -> K(X, op(Y, Z))
(47.714287) 6479. K(R(op(X, Y), X, Y), Z) -> K(op(X, Y), Z)
(47.714287) 6480. T(ldiv(L3, op(X, T2)), X) -> ldiv(L3, op(X, T2))
(47.714287) 6481. rdiv(T2, T(ldiv(X, L2), X)) -> ldiv(ldiv(X, L2), T2)
(47.714287) 6482. T(rdiv(X, rdiv(x7, T3)), X) -> rdiv(X, rdiv(x7, T3))
(47.714287) 6483. rdiv(L2, T(ldiv(X, x7), X)) -> ldiv(ldiv(X, T2), T3)
(47.714287) 6484. T(X, rdiv(Y, op(Z, rdiv(W, Z)))) -> T(X, rdiv(Y, W))
(47.714287) 6485. T(X, rdiv(Y, rdiv(Z, rdiv(W, Y)))) -> T(X, rdiv(W, Z))
(44.14286) 6486. T(X, rdiv(ldiv(Y, Z), W)) -> T(X, rdiv(rdiv(Z, Y), W))
(45.714287) 6487. T(X, rdiv(L(Y, Z, Y), W)) -> T(X, rdiv(Y, W))
(46.14286) 6488. K(X, rdiv(ldiv(Y, Z), W)) -> K(X, rdiv(rdiv(Z, Y), W))
(46.14286) 6489. K(rdiv(ldiv(X, Y), Z), W) -> K(rdiv(rdiv(Y, X), Z), W)
(46.714287) 6490. T(X, rdiv(rdiv(Y, Z), X)) = ldiv(ldiv(X, ldiv(Z, Y)), ldiv(Z, Y))
(47.571426) 6491. T(X, rdiv(L(x7, x10, T2), Y)) -> T(X, rdiv(L3, Y))
(47.714287) 6492. T(X, rdiv(Y, rdiv(Z, ldiv(Y, W)))) -> T(X, rdiv(W, Z))
(47.571426) 6493. T(X, rdiv(L(T2, x10, L3), Y)) -> T(X, rdiv(L3, Y))
(46.285713) 6494. T(X, rdiv(L3, L(T2, x10, L3))) -> X
(46.0) 6495. ldiv(L(T2, x10, L3), L3) -> rdiv(L3, L(T2, x10, L3))
(62.57142) 6496. T(X, rdiv(Y, rdiv(K(rdiv(rdiv(Y, Z), W), W), V))) -> T(X, op(Y, V))
(62.571426) 6497. rdiv(X, K(Y, rdiv(Z, rdiv(rdiv(Y, W), ldiv(Z, Y))))) -> rdiv(X, K(Y, W))
(70.0) 6498. T(X, rdiv(Y, rdiv(Z, rdiv(op(W, Z), K(rdiv(Y, V), V))))) -> T(X, op(Y, W))
(47.714287) 6499. T(ldiv(ldiv(X, Y), T(Y, X)), Y) -> ldiv(ldiv(X, Y), Y)
(45.0) 6500. T(ldiv(ldiv(x10, L2), T3), L3) -> ldiv(ldiv(x10, L3), L3)
(43.0) 6501. R(x10, rdiv(L3, x10), x10) -> ldiv(ldiv(x10, L2), T3)
(47.714287) 6502. rdiv(ldiv(X, Y), K(Y, rdiv(Y, X))) -> T(ldiv(X, Y), Y)
(42.0) 6503. rdiv(T2, L(T2, x10, L3)) -> a(L2, x10, L2)
(44.0) 6504. ldiv(L(T2, x10, L3), T2) -> a(L2, x10, L2)
(45.0) 6505. rdiv(x7, L(T2, x10, L3)) -> K(op(L3, x10), L3)
(46.0) 6506. ldiv(L(T2, x10, L3), zero) -> ldiv(T2, a(L2, x10, L2))
(46.0) 6507. rdiv(a(L2, x10, L2), T2) -> rdiv(zero, L(T2, x10, L3))
(46.571426) 6508. R(X, Y, L(T2, x10, L3)) -> R(X, Y, T2)
(46.571426) 6509. R(X, L(T2, x10, L3), Y) -> R(X, T2, Y)
(46.571426) 6510. a(X, L(T2, x10, L3), X) -> a(X, T2, X)
(47.0) 6511. rdiv(L(T2, L3, L3), T2) -> K(L3, op(L3, L3))
(45.0) 6512. T(T2, L(T2, L3, L3)) -> T2
(45.0) 6513. K(L3, L(T2, L3, L3)) -> zero
(45.0) 6514. K(L(T2, L3, L3), L3) -> zero
(46.285713) 6515. T(X, L(T2, L3, L3)) -> T(X, L3)
(46.285713) 6516. K(L(T2, L3, L3), X) -> K(L3, X)
(46.285713) 6517. K(X, L(T2, L3, L3)) -> K(X, L3)
(47.0) 6518. ldiv(L(T2, x10, L3), x7) -> K(op(L3, x10), L3)
(47.714287) 6519. ldiv(X, T(Y, X)) = rdiv(Y, T(ldiv(ldiv(X, Y), Y), Y))
(44.14286) 6520. T(ldiv(ldiv(X, Y), Y), Y) = ldiv(ldiv(X, T(Y, X)), Y)
(46.0) 6521. ldiv(L(x7, L3, L3), x7) -> a(L3, L3, L3)
(47.0) 6522. rdiv(L2, ldiv(rdiv(x10, T3), T3)) -> rdiv(x10, T(T3, x10))
(47.0) 6523. ldiv(ldiv(x10, T(L3, x10)), L3) -> ldiv(ldiv(x10, T3), L2)
(46.57143) 6524. R(X, rdiv(Y, T(X, Y)), X) -> R(X, rdiv(Y, X), X)
(44.0) 6525. R(x7, rdiv(x10, x7), T2) -> R(x7, rdiv(x10, T2), T2)
(44.0) 6526. R(L2, rdiv(x10, T3), L2) -> R(L2, rdiv(x10, L2), L2)
(46.0) 6527. a(L2, rdiv(x10, T3), L2) -> a(L2, rdiv(x10, L2), L2)
(47.714287) 6528. ldiv(L3, op(T(L2, X), X)) -> rdiv(op(L2, X), L3)
(47.714287) 6529. ldiv(T2, op(T(L2, X), X)) -> rdiv(op(L2, X), T2)
(47.714287) 6530. ldiv(L3, op(T(T2, X), X)) -> rdiv(op(T2, X), L3)
(47.714287) 6531. op(R(x10, L2, rdiv(X, T3)), X) -> op(op(L2, x10), ldiv(T3, X))
(47.714287) 6532. op(R(x10, L2, X), op(X, T3)) -> op(op(L2, x10), T(X, L3))
(47.714287) 6533. T(X, op(L3, L(x10, T2, Y))) -> T(X, op(L3, x10))
(47.714287) 6534. T(X, R(rdiv(Y, Z), Z, W)) -> T(X, rdiv(Y, Z))
(40.428574) 6535. T(X, R(Y, Z, W)) -> T(X, Y)
(42.428574) 6536. K(X, R(Y, Z, W)) -> K(X, Y)
(42.428574) 6537. K(R(X, Y, Z), W) -> K(X, W)
(42.714287) 6538. K(R(X, Y, Z), X) -> zero
(43.285713) 6539. T(R(X, Y, Z), X) -> R(X, Y, Z)
(46.571426) 6540. T(R(L2, X, Y), L3) -> R(L2, X, Y)
(46.571426) 6541. T(R(T2, X, Y), L3) -> R(T2, X, Y)
(46.571426) 6542. T(R(T3, X, Y), L3) -> R(T3, X, Y)
(46.571426) 6543. T(R(x7, X, Y), L3) -> R(x7, X, Y)
(47.14286) 6544. op(R(X, Y, Z), X) -> op(X, R(X, Y, Z))
(47.714287) 6545. T(X, rdiv(L3, R(x7, Y, T2))) -> X
(47.285713) 6546. ldiv(R(x7, X, T2), L3) -> rdiv(L3, R(x7, X, T2))
(47.285713) 6547. ldiv(R(x7, X, T2), T2) -> rdiv(T2, R(x7, X, T2))
(47.714287) 6548. T(X, rdiv(L3, R(L3, Y, T2))) -> X
(47.285713) 6549. ldiv(R(L3, X, T2), T2) -> rdiv(T2, R(L3, X, T2))
(47.714287) 6550. K(X, op(Y, L(Z, Y, W))) -> K(X, op(Y, Z))
(47.714287) 6551. K(op(X, L(Y, X, Z)), W) -> K(op(X, Y), W)
(47.714287) 6552. op(T(?, X), rdiv(Y, T(?, X))) -> op(?, rdiv(Y, ?))
(47.714287) 6553. op(T(L3, X), op(X, T2)) -> op(L3, op(T2, X))
(47.714287) 6554. op(T(L3, X), op(X, x7)) -> op(L3, op(x7, X))
(47.714287) 6555. op(T(L3, X), op(X, L2)) -> op(L3, op(L2, X))
(47.714287) 6556. T(op(ldiv(T3, X), L3), X) -> op(ldiv(T3, X), L3)
(48.428574) 6557. op(L(X, Y, X), op(X, Y)) -> op(X, op(L(X, Y, X), Y))
(47.714287) 6558. K(X, rdiv(L(Y, Z, Y), W)) -> K(X, rdiv(Y, W))
(47.714287) 6559. K(rdiv(L(X, Y, X), Z), W) -> K(rdiv(X, Z), W)
(47.714287) 6560. T(R(L3, X, T2), op(X, L3)) -> T(L3, X)
(45.0) 6561. R(L3, rdiv(x7, T3), T2) -> L3
(46.0) 6562. L(X, R(L3, Y, T2), Z) -> L(X, L3, Z)
(46.0) 6563. L(X, Y, R(L3, Z, T2)) -> L(X, Y, L3)
(46.0) 6564. R(X, R(L3, Y, T2), Z) -> R(X, L3, Z)
(47.0) 6565. R(L3, rdiv(L2, L3), T2) -> L3
(47.714287) 6566. T(rdiv(op(L2, X), x7), X) -> rdiv(op(L2, X), x7)
(47.714287) 6567. T(rdiv(op(L3, X), T2), X) -> rdiv(op(L3, X), T2)
(45.142853) 6568. ldiv(L(X, Y, Z), op(Z, op(Y, X))) -> T(op(Z, Y), X)
(38.714287) 6569. T(op(X, Y), rdiv(zero, Y)) = ldiv(ldiv(op(X, Y), X), X)
(43.0) 6570. T(op(L2, x10), rdiv(zero, L3)) -> ldiv(ldiv(op(L2, x10), x10), x10)
(43.714287) 6571. T(X, rdiv(rdiv(X, Y), rdiv(X, Z))) -> T(X, rdiv(Z, Y))
(40.14286) 6572. T(X, rdiv(ldiv(Y, X), Z)) = T(X, rdiv(rdiv(X, Z), Y))
(42.14286) 6573. T(X, rdiv(rdiv(X, Y), Z)) <-> T(X, rdiv(rdiv(X, Z), Y))
(44.14286) 6574. K(X, rdiv(rdiv(X, Y), Z)) <-> K(X, rdiv(rdiv(X, Z), Y))
(44.14286) 6575. K(rdiv(rdiv(X, Y), Z), X) <-> K(rdiv(rdiv(X, Z), Y), X)
(44.285713) 6576. ldiv(L(ldiv(X, zero), X, Y), Y) -> T(op(Y, X), rdiv(zero, X))
(44.285713) 6577. ldiv(L(X, rdiv(zero, X), Y), Y) -> T(op(Y, rdiv(zero, X)), X)
(45.57143) 6578. T(op(X, Y), rdiv(rdiv(Z, X), Y)) = ldiv(ldiv(op(X, Y), Z), Z)
(44.14286) 6579. ldiv(ldiv(T(X, Y), Z), Z) = T(T(X, Y), rdiv(Z, X))
(44.857143) 6580. op(T(X, Y), rdiv(Z, T(X, Y))) -> op(X, rdiv(Z, X))
(45.714287) 6581. T(X, rdiv(X, rdiv(Y, K(Z, W)))) -> T(X, rdiv(X, Y))
(46.85714) 6582. ldiv(ldiv(X, Y), Y) = T(X, rdiv(rdiv(Y, rdiv(X, ?)), ?))
(50.571426) 6583. T(X, rdiv(rdiv(Y, rdiv(X, Z)), Z)) ~> T(X, rdiv(rdiv(Y, rdiv(X, ?)), ?))
(49.0) 6584. ldiv(L(ldiv(X, Y), X, Z), op(Z, Y)) -> T(op(Z, X), rdiv(Y, X))
(46.285713) 6585. rdiv(X, T(op(X, Y), rdiv(zero, Y))) -> ldiv(op(X, Y), X)
(46.285713) 6586. T(T(X, Y), rdiv(X, rdiv(T(X, Y), Z))) -> T(T(X, Y), Z)
(46.714287) 6587. op(X, rdiv(rdiv(X, Y), X)) = rdiv(T(X, rdiv(zero, Y)), Y)
(47.428574) 6588. ldiv(ldiv(T(X, Y), zero), zero) = ldiv(ldiv(X, zero), K(X, Y))
(46.857143) 6589. rdiv(rdiv(X, Y), rdiv(rdiv(X, Y), X)) -> rdiv(X, K(X, rdiv(zero, Y)))
(47.0) 6590. op(L3, R(x10, T2, x10)) -> T(op(x10, L3), x10)
(40.0) 6591. R(x10, T2, x10) -> R(x10, L3, x10)
(42.0) 6592. a(x10, T2, x10) -> a(x10, L3, x10)
(55.0) 6593. R(ldiv(ldiv(X, zero), zero), rdiv(zero, X), X) -> ldiv(T(ldiv(X, zero), X), zero)
(47.0) 6594. rdiv(zero, a(X, Y, ldiv(Y, X))) = rdiv(X, R(X, Y, rdiv(X, Y)))
(47.142853) 6595. op(L(X, Y, Z), T(op(Z, Y), X)) -> op(Z, op(Y, X))
(44.14286) 6596. op(L(op(X, Y), Y, X), op(X, Y)) -> op(X, op(Y, op(X, Y)))
(40.714287) 6597. K(op(X, Y), L(op(X, Y), Y, X)) -> zero
(40.714287) 6598. K(L(op(X, Y), Y, X), op(X, Y)) -> zero
(42.14286) 6599. K(X, L(X, rdiv(X, Y), Y)) -> zero
(42.14286) 6600. K(X, L(X, Y, rdiv(X, Y))) -> zero
(42.14286) 6601. K(L(X, rdiv(X, Y), Y), X) -> zero
(42.14286) 6602. K(L(X, Y, rdiv(X, Y)), X) -> zero
(42.714287) 6603. K(op(X, Y), L(op(X, Y), X, Y)) -> zero
(42.714287) 6604. K(L(op(X, Y), X, Y), op(X, Y)) -> zero
(44.0) 6605. T(X, L(X, rdiv(X, Y), Y)) -> X
(44.0) 6606. T(X, L(X, Y, rdiv(X, Y))) -> X
(44.428574) 6607. T(op(X, Y), L(op(X, Y), Y, X)) -> op(X, Y)
(45.14286) 6608. T(L(op(X, Y), Y, X), op(X, Y)) -> L(op(X, Y), Y, X)
(45.57143) 6609. op(L(X, rdiv(X, Y), Y), X) -> op(Y, op(ldiv(Y, X), X))
(45.57143) 6610. op(L(X, Y, rdiv(X, Y)), X) -> op(rdiv(X, Y), op(Y, X))
(45.857143) 6611. K(L3, L(T3, rdiv(L2, X), X)) -> zero
(45.857143) 6612. K(L3, L(T3, X, rdiv(L2, X))) -> zero
(45.857143) 6613. T(T3, L(T3, X, rdiv(L2, X))) -> T3
(46.0) 6614. T(L(T2, L3, L3), L3) -> L(T2, L3, L3)
(46.428574) 6615. T(op(X, Y), L(op(X, Y), X, Y)) -> op(X, Y)
(46.57143) 6616. T(L(X, rdiv(X, Y), Y), X) -> L(X, rdiv(X, Y), Y)
(46.57143) 6617. T(L(X, Y, rdiv(X, Y)), X) -> L(X, Y, rdiv(X, Y))
(47.285717) 6618. op(L(X, X, X), R(X, X, X)) -> op(X, X)
(45.285713) 6619. op(R(X, X, X), R(X, X, X)) -> T(T(op(X, X), X), X)
(47.428574) 6620. T(op(rdiv(X, Y), Z), rdiv(Y, Z)) = ldiv(ldiv(op(rdiv(X, Y), Z), X), X)
(47.57143) 6621. ldiv(ldiv(op(X, Y), Z), Z) = T(op(X, Y), rdiv(rdiv(Z, Y), X))
(47.714287) 6622. T(X, rdiv(rdiv(X, rdiv(X, Y)), Z)) -> T(X, rdiv(Y, Z))
(47.714287) 6623. K(X, rdiv(R(X, X, X), Y)) -> K(X, rdiv(X, Y))
(47.714287) 6624. K(X, rdiv(R(X, Y, X), Z)) -> K(X, rdiv(X, Z))
(47.714287) 6625. K(rdiv(R(X, X, X), Y), X) -> K(rdiv(X, Y), X)
(47.714287) 6626. K(rdiv(R(X, Y, X), Z), X) -> K(rdiv(X, Z), X)
(47.714287) 6627. T(op(X, Y), rdiv(rdiv(Z, X), Y)) -> T(op(X, Y), rdiv(Z, op(X, Y)))
(47.714287) 6628. K(op(X, Y), rdiv(rdiv(Z, X), Y)) -> K(op(X, Y), rdiv(Z, op(X, Y)))
(47.571426) 6629. K(X, rdiv(rdiv(T2, L2), X)) -> K(X, rdiv(zero, X))
(47.714287) 6630. K(rdiv(rdiv(X, Y), Z), op(Y, Z)) -> K(rdiv(X, op(Y, Z)), op(Y, Z))
(47.571426) 6631. K(rdiv(rdiv(T2, L2), X), X) -> K(rdiv(zero, X), X)
(47.714287) 6632. T(X, rdiv(X, rdiv(K(Y, Z), W))) -> T(X, op(X, W))
(47.714287) 6633. rdiv(zero, a(X, rdiv(zero, Y), Y)) = rdiv(X, R(X, rdiv(zero, Y), Y))
(48.85714) 6634. ldiv(ldiv(X, Y), Y) = T(X, rdiv(rdiv(Y, ldiv(?, X)), ?))
(52.571426) 6635. T(X, rdiv(rdiv(Y, ldiv(Z, X)), Z)) ~> T(X, rdiv(rdiv(Y, ldiv(?, X)), ?))
(47.714287) 6636. K(X, rdiv(rdiv(Y, Z), ldiv(Z, X))) -> K(X, rdiv(Y, X))
(44.14286) 6637. K(X, rdiv(op(Y, Z), X)) -> K(X, rdiv(Y, ldiv(Z, X)))
(44.14286) 6638. K(X, rdiv(Y, ldiv(Z, X))) <-> K(X, rdiv(Z, ldiv(Y, X)))
(57.0) 6639. K(X, rdiv(Y, ldiv(L(Y, Z, Y), X))) -> K(X, rdiv(Y, ldiv(Y, X)))
(46.14286) 6640. K(rdiv(X, ldiv(Y, Z)), Z) -> K(rdiv(X, rdiv(Z, Y)), Z)
(47.571426) 6641. K(X, rdiv(rdiv(L2, T2), X)) -> K(X, rdiv(zero, X))
(47.571426) 6642. K(X, rdiv(R(L2, x10, L2), X)) -> K(X, rdiv(L3, X))
(59.0) 6643. K(X, rdiv(L3, ldiv(L(x10, Y, x10), X))) -> K(X, rdiv(L3, ldiv(x10, X)))
(47.571426) 6644. K(X, rdiv(x10, ldiv(x7, X))) -> K(X, rdiv(L3, ldiv(x10, X)))
(47.714287) 6645. K(X, rdiv(rdiv(Y, rdiv(X, Z)), Z)) -> K(X, rdiv(Y, X))
(47.714287) 6646. K(X, rdiv(Y, rdiv(X, rdiv(Z, Y)))) -> K(X, rdiv(Z, X))
(44.14286) 6647. K(X, rdiv(Y, ldiv(Z, X))) -> K(X, rdiv(Y, rdiv(X, Z)))
(47.571426) 6648. K(X, rdiv(L(x7, x10, T2), X)) -> K(X, rdiv(L3, X))
(47.714287) 6649. K(X, rdiv(R(Y, Y, Y), X)) -> K(X, rdiv(Y, X))
(47.714287) 6650. K(X, rdiv(Y, rdiv(X, ldiv(Y, Z)))) -> K(X, rdiv(Z, X))
(46.857143) 6651. K(X, rdiv(Y, rdiv(X, L2))) -> K(X, rdiv(Y, rdiv(X, L3)))
(46.857143) 6652. K(X, rdiv(Y, rdiv(X, x7))) -> K(X, rdiv(Y, rdiv(X, L3)))
(47.714287) 6653. K(rdiv(X, rdiv(Y, rdiv(Z, X))), Y) -> K(rdiv(Z, Y), Y)
(47.571426) 6654. K(rdiv(R(L2, x10, L2), X), X) -> K(rdiv(L3, X), X)
(47.571426) 6655. K(rdiv(L(x7, x10, T2), X), X) -> K(rdiv(L3, X), X)
(47.714287) 6656. K(rdiv(rdiv(X, rdiv(Y, Z)), Z), Y) -> K(rdiv(X, Y), Y)
(47.714287) 6657. K(rdiv(R(X, X, X), Y), Y) -> K(rdiv(X, Y), Y)
(47.714287) 6658. K(rdiv(X, rdiv(Y, ldiv(X, Z))), Y) -> K(rdiv(Z, Y), Y)
(47.714287) 6659. K(X, rdiv(R(Y, Z, Y), X)) -> K(X, rdiv(Y, X))
(47.714287) 6660. K(rdiv(R(X, Y, X), Z), Z) -> K(rdiv(X, Z), Z)
(37.714287) 6661. T(op(X, Y), L(Z, Y, X)) -> T(op(X, Y), Z)
(37.857143) 6662. T(X, L(Y, rdiv(X, Z), Z)) -> T(X, Y)
(37.857143) 6663. T(X, L(Y, Z, rdiv(X, Z))) -> T(X, Y)
(39.714287) 6664. T(op(X, Y), L(Z, X, Y)) -> T(op(X, Y), Z)
(43.714287) 6665. T(X, rdiv(Y, rdiv(X, rdiv(X, Z)))) -> T(X, rdiv(Y, Z))
(43.857143) 6666. K(X, L(Y, rdiv(X, Z), Z)) -> K(X, Y)
(43.857143) 6667. K(L(X, rdiv(Y, Z), Z), Y) -> K(X, Y)
(43.857143) 6668. K(X, L(Y, Z, rdiv(X, Z))) -> K(X, Y)
(43.857143) 6669. K(L(X, Y, rdiv(Z, Y)), Z) -> K(X, Z)
(45.714287) 6670. K(op(X, Y), L(Z, X, Y)) -> K(op(X, Y), Z)
(45.714287) 6671. K(L(X, Y, Z), op(Y, Z)) -> K(X, op(Y, Z))
(46.14286) 6672. T(op(X, Y), rdiv(Z, rdiv(op(X, Y), X))) -> T(op(X, Y), rdiv(Z, Y))
(46.14286) 6673. T(op(X, Y), rdiv(X, rdiv(op(X, Y), Z))) -> T(op(X, Y), rdiv(Z, Y))
(46.85714) 6674. T(X, rdiv(rdiv(Y, rdiv(X, ?)), ?)) -> T(X, rdiv(Y, X))
(47.14286) 6675. T(T3, L(X, Y, rdiv(L2, Y))) -> T(T3, X)
(47.14286) 6676. T(T3, L(X, rdiv(L2, Y), Y)) -> T(T3, X)
(47.285713) 6677. T(R(L2, L3, L2), X) -> R(T(L2, X), L2, L2)
(47.714287) 6678. K(op(X, Y), L(Z, Y, X)) -> K(op(X, Y), Z)
(47.714287) 6679. K(X, op(Y, R(Z, W, Z))) -> K(X, op(Y, Z))
(47.857143) 6680. rdiv(T(X, Y), rdiv(Z, K(Y, X))) -> rdiv(X, Z)
(45.857143) 6681. rdiv(T(L3, X), T(x7, X)) -> rdiv(L3, x7)
(45.857143) 6682. rdiv(T(L3, X), T(L2, X)) -> rdiv(L3, L2)
(46.14286) 6683. rdiv(X, T(T(Y, X), X)) = rdiv(T(X, Y), T(Y, X))
(46.14286) 6684. rdiv(X, op(Y, T(Z, X))) = rdiv(T(X, Z), op(Y, Z))
(46.14286) 6685. rdiv(X, op(T(Y, X), Z)) = rdiv(T(X, Y), op(Y, Z))
(46.714287) 6686. rdiv(X, ldiv(Y, K(Z, X))) = rdiv(T(X, Z), ldiv(Y, zero))
(47.857143) 6687. ldiv(op(X, Y), rdiv(op(X, Y), X)) -> L(ldiv(X, zero), X, Y)
(47.857143) 6688. T(op(L(X, Y, X), Y), X) -> op(Y, X)
(47.857143) 6689. rdiv(ldiv(T(X, Y), Z), K(Y, X)) -> ldiv(X, Z)
(68.428566) 6690. rdiv(ldiv(T(X, Y), Z), rdiv(K(Y, X), K(X, W))) -> rdiv(ldiv(X, Z), K(W, X))
(46.14286) 6691. rdiv(T(X, Y), ldiv(X, Z)) -> rdiv(X, ldiv(T(X, Y), Z))
(46.714287) 6692. rdiv(K(X, Y), ldiv(X, Z)) -> rdiv(zero, ldiv(T(X, Y), Z))
(46.714287) 6693. ldiv(ldiv(T(X, Y), Z), zero) = ldiv(ldiv(X, Z), K(X, Y))
(47.857143) 6694. L(X, op(L2, rdiv(Y, T3)), Z) -> L(X, Y, Z)
(47.857143) 6695. rdiv(T(T(X, Y), Z), K(X, Y)) -> T(X, Z)
(46.14286) 6696. rdiv(X, T(T(Y, X), Z)) = rdiv(T(X, Y), T(Y, Z))
(46.714287) 6697. rdiv(K(X, Y), T(Y, Z)) -> rdiv(zero, T(T(Y, X), Z))
(47.857143) 6698. rdiv(rdiv(X, rdiv(Y, a(Z, W, V))), a(Z, W, V)) -> rdiv(X, Y)
(46.428574) 6699. rdiv(rdiv(X, Y), a(Z, W, V)) -> rdiv(X, op(Y, a(Z, W, V)))
(47.571426) 6700. rdiv(X, rdiv(Y, rdiv(L2, x7))) = rdiv(L2, ldiv(rdiv(X, Y), x7))
(42.285713) 6701. rdiv(T3, rdiv(X, x7)) -> rdiv(L2, rdiv(X, T2))
(44.285713) 6702. rdiv(T3, rdiv(T2, X)) -> rdiv(L2, rdiv(x7, X))
(44.285713) 6703. rdiv(T3, rdiv(X, L2)) -> rdiv(L2, rdiv(X, T3))
(45.857143) 6704. rdiv(X, rdiv(X, rdiv(T3, x7))) -> rdiv(T3, x7)
(46.0) 6705. rdiv(R(L2, x10, L2), T2) -> rdiv(L2, L(T2, x10, L3))
(46.0) 6706. rdiv(R(L2, x10, L2), x7) -> rdiv(L2, L(x7, x10, T2))
(46.285713) 6707. rdiv(L2, ldiv(rdiv(X, L2), x7)) -> rdiv(X, x7)
(46.285713) 6708. rdiv(T3, rdiv(T3, X)) -> rdiv(L2, rdiv(L2, X))
(47.571426) 6709. K(X, rdiv(rdiv(L2, x7), X)) -> K(X, rdiv(zero, X))
(47.571426) 6710. K(rdiv(rdiv(L2, x7), X), Y) -> K(rdiv(zero, X), Y)
(47.571426) 6711. K(X, rdiv(rdiv(L2, x7), Y)) -> K(X, rdiv(zero, Y))
(47.714287) 6712. rdiv(L2, T(ldiv(X, T2), X)) -> ldiv(ldiv(X, T2), L2)
(47.857143) 6713. op(ldiv(op(X, rdiv(L2, X)), T3), op(X, rdiv(L2, X))) -> T3
(47.571426) 6714. ldiv(op(X, rdiv(L2, X)), T3) -> rdiv(T3, op(X, rdiv(L2, X)))
(71.57143) 6715. rdiv(T3, rdiv(op(X, rdiv(L2, X)), K(L3, rdiv(L3, op(X, rdiv(L2, X)))))) -> rdiv(T3, op(X, rdiv(L2, X)))
(47.857143) 6716. op(ldiv(op(ldiv(X, L2), X), T3), op(ldiv(X, L2), X)) -> T3
(47.571426) 6717. ldiv(op(ldiv(X, L2), X), T3) -> rdiv(T3, op(ldiv(X, L2), X))
(47.857143) 6718. op(op(X, rdiv(L2, X)), rdiv(T3, op(X, rdiv(L2, X)))) -> T3
(55.571426) 6719. op(rdiv(X, rdiv(X, L2)), rdiv(T3, rdiv(X, rdiv(X, L2)))) -> rdiv(op(L3, rdiv(X, L3)), rdiv(X, T3))
(47.857143) 6720. op(op(ldiv(X, L2), X), rdiv(T3, op(ldiv(X, L2), X))) -> T3
(47.857143) 6721. op(ldiv(op(X, rdiv(x7, X)), T2), op(X, rdiv(x7, X))) -> T2
(47.571426) 6722. ldiv(op(X, rdiv(x7, X)), T2) -> rdiv(T2, op(X, rdiv(x7, X)))
(47.857143) 6723. op(ldiv(op(ldiv(X, x7), X), T2), op(ldiv(X, x7), X)) -> T2
(47.571426) 6724. ldiv(op(ldiv(X, x7), X), T2) -> rdiv(T2, op(ldiv(X, x7), X))
(47.857143) 6725. op(op(X, rdiv(x7, X)), rdiv(T2, op(X, rdiv(x7, X)))) -> T2
(55.571426) 6726. op(rdiv(X, rdiv(X, x7)), rdiv(T2, rdiv(X, rdiv(X, x7)))) -> rdiv(op(L3, rdiv(X, L3)), rdiv(X, T2))
(47.857143) 6727. op(op(ldiv(X, x7), X), rdiv(T2, op(ldiv(X, x7), X))) -> T2
(47.857143) 6728. L(X, Y, op(L2, rdiv(Z, T3))) -> L(X, Y, Z)
(48.428574) 6729. L(ldiv(X, zero), X, Y) = ldiv(op(T(Y, ?), X), T(Y, ?))
(49.428574) 6730. ldiv(op(T(X, Y), Z), T(X, Y)) ~> ldiv(op(T(X, ?), Z), T(X, ?))
(47.857143) 6731. L(R(x7, X, T2), X, T2) -> x7
(47.857143) 6732. L(R(T3, X, L2), X, L2) -> T3
(47.857143) 6733. rdiv(op(X, op(a(Y, Z, W), V)), a(Y, Z, W)) -> op(X, V)
(47.857143) 6734. K(op(a(X, Y, Z), W), V) -> K(W, V)
(47.857143) 6735. rdiv(rdiv(T3, X), rdiv(L2, X)) -> rdiv(T3, L2)
(47.857143) 6736. T(rdiv(T(X, rdiv(X, Y)), Y), X) -> rdiv(X, Y)
(50.57143) 6737. T(rdiv(X, R(X, Y, X)), X) -> rdiv(X, R(X, Y, X))
(46.0) 6738. ldiv(L(T2, L3, L3), T2) -> a(L3, L3, L3)
(47.857143) 6739. T(X, L(T(Y, Z), W, Y)) -> T(X, Y)
(47.857143) 6740. K(L(T(X, Y), Z, X), W) -> K(X, W)
(47.857143) 6741. K(X, L(T(Y, Z), W, Y)) -> K(X, Y)
(47.857143) 6742. rdiv(K(X, Y), op(Z, T(X, Y))) -> rdiv(zero, op(Z, X))
(44.285713) 6743. rdiv(rdiv(T3, L2), op(X, T2)) -> rdiv(zero, op(X, x7))
(44.285713) 6744. rdiv(rdiv(T3, L2), op(X, T3)) -> rdiv(zero, op(X, L2))
(46.285713) 6745. rdiv(rdiv(T3, L2), T(T2, X)) -> rdiv(zero, T(x7, X))
(46.285713) 6746. rdiv(rdiv(T3, L2), op(T2, X)) -> rdiv(zero, op(x7, X))
(46.285713) 6747. rdiv(rdiv(L2, T3), op(X, x7)) -> rdiv(zero, op(X, T2))
(46.285713) 6748. ldiv(op(X, T3), rdiv(T3, L2)) -> ldiv(op(X, L2), zero)
(46.285713) 6749. rdiv(rdiv(T3, L2), op(T3, X)) -> rdiv(zero, op(L2, X))
(46.285713) 6750. rdiv(rdiv(L2, T3), op(X, L2)) -> rdiv(zero, op(X, T3))
(46.857143) 6751. T(X, op(Y, op(Z, x7))) -> T(X, op(Y, op(Z, T2)))
(46.857143) 6752. T(X, rdiv(Y, op(Z, x7))) -> T(X, rdiv(Y, op(Z, T2)))
(46.857143) 6753. K(rdiv(X, op(Y, x7)), Z) -> K(rdiv(X, op(Y, T2)), Z)
(46.857143) 6754. T(X, op(Y, op(Z, T2))) -> T(X, op(Y, op(Z, L3)))
(43.857143) 6755. L(X, op(Y, T2), X) -> L(X, op(Y, L3), X)
(45.857143) 6756. L(X, op(Y, L3), X) = L(X, op(T2, Y), X)
(46.857143) 6757. T(X, op(Y, op(Z, T3))) -> T(X, op(Y, op(Z, L2)))
(46.857143) 6758. T(X, rdiv(Y, op(Z, T3))) -> T(X, rdiv(Y, op(Z, L2)))
(46.857143) 6759. K(rdiv(X, op(Y, T3)), Z) -> K(rdiv(X, op(Y, L2)), Z)
(46.857143) 6760. T(X, op(Y, op(Z, L2))) -> T(X, op(Y, op(Z, L3)))
(43.857143) 6761. L(X, op(Y, L2), X) -> L(X, op(Y, L3), X)
(45.857143) 6762. L(X, op(Y, L3), X) = L(X, op(L2, Y), X)
(47.285713) 6763. L(x7, op(X, T2), T2) -> L(x7, op(X, L3), T2)
(47.285713) 6764. L(T3, op(X, T2), L2) -> L(T3, op(X, L3), L2)
(47.285713) 6765. L(x7, op(X, L2), T2) -> L(x7, op(X, L3), T2)
(47.285713) 6766. L(T3, op(X, L2), L2) -> L(T3, op(X, L3), L2)
(47.571426) 6767. K(rdiv(L3, op(X, T2)), Y) -> K(rdiv(zero, X), Y)
(47.857143) 6768. op(rdiv(op(X, Y), X), T(Y, X)) -> op(Y, Y)
(63.285706) 6769. ldiv(X, op(ldiv(rdiv(op(Y, ldiv(X, Y)), Y), Y), rdiv(op(Y, ldiv(X, Y)), Y))) -> rdiv(Y, X)
(47.857143) 6770. rdiv(op(T(X, Y), Z), op(X, Z)) -> K(X, Y)
(47.571426) 6771. K(X, rdiv(L3, op(Y, x7))) -> K(X, rdiv(zero, Y))
(47.571426) 6772. K(X, rdiv(L3, op(Y, T2))) -> K(X, rdiv(zero, Y))
(47.571426) 6773. K(X, rdiv(L3, op(Y, T3))) -> K(X, rdiv(zero, Y))
(47.857143) 6774. ldiv(op(T(X, Y), Z), op(X, Z)) -> K(Y, X)
(47.857143) 6775. ldiv(op(X, Y), op(T(X, Z), Y)) -> K(X, Z)
(47.857143) 6776. op(T(X, Y), rdiv(op(Y, X), Y)) -> op(X, X)
(47.857143) 6777. rdiv(op(X, Y), op(T(X, Z), Y)) -> K(Z, X)
(47.857143) 6778. L(X, rdiv(Y, rdiv(L3, T2)), X) -> L(X, Y, X)
(47.857143) 6779. L(X, rdiv(Y, rdiv(T2, L3)), X) -> L(X, Y, X)
(47.857143) 6780. a(X, rdiv(K(Y, Z), X), X) -> K(X, rdiv(zero, X))
(47.857143) 6781. ldiv(T(T3, X), K(L3, X)) -> ldiv(T3, zero)
(47.857143) 6782. ldiv(X, rdiv(X, rdiv(T2, L2))) -> rdiv(L2, T2)
(63.85714) 6783. rdiv(L3, rdiv(L3, op(T3, a(X, Y, Z)))) -> op(T3, a(X, Y, Z))
(47.857143) 6784. L(X, rdiv(Y, rdiv(L2, x7)), X) -> L(X, Y, X)
(47.857143) 6785. L(X, rdiv(Y, rdiv(T2, T3)), X) -> L(X, Y, X)
(47.857143) 6786. rdiv(rdiv(X, rdiv(T2, L2)), X) -> rdiv(L2, T2)
(43.714287) 6787. R(X, Y, rdiv(L2, T2)) -> X
(43.714287) 6788. R(X, rdiv(L2, T2), Y) -> X
(47.0) 6789. a(L2, T2, rdiv(L2, T2)) -> zero
(47.857143) 6790. rdiv(T(L3, X), T(T3, X)) -> rdiv(L3, T3)
(47.857143) 6791. ldiv(X, rdiv(X, rdiv(x7, T3))) -> rdiv(T3, x7)
(47.857143) 6792. ldiv(X, rdiv(T2, ldiv(X, T3))) -> rdiv(T2, T3)
(47.857143) 6793. rdiv(X, rdiv(T2, ldiv(X, T3))) -> rdiv(L2, x7)
(47.857143) 6794. rdiv(rdiv(T2, ldiv(X, T3)), X) -> rdiv(T2, T3)
(47.857143) 6795. ldiv(rdiv(x7, ldiv(X, T3)), X) -> rdiv(T3, x7)
(47.857143) 6796. ldiv(X, rdiv(x7, ldiv(X, T3))) -> rdiv(x7, T3)
(47.857143) 6797. ldiv(X, rdiv(X, rdiv(T3, x7))) -> rdiv(x7, T3)
(47.857143) 6798. rdiv(X, rdiv(x7, ldiv(X, T3))) -> rdiv(T3, x7)
(47.857143) 6799. K(X, op(rdiv(L3, L2), X)) -> zero
(47.857143) 6800. ldiv(T(T3, X), T(x7, X)) -> rdiv(x7, T3)
(49.0) 6801. rdiv(rdiv(L3, rdiv(T3, x7)), L3) -> rdiv(x7, T3)
(47.857143) 6802. ldiv(ldiv(T2, X), ldiv(T3, X)) -> rdiv(T2, T3)
(47.857143) 6803. ldiv(ldiv(T3, X), ldiv(T2, X)) -> rdiv(L2, x7)
(47.857143) 6804. rdiv(ldiv(T3, X), ldiv(T2, X)) -> rdiv(T2, T3)
(47.857143) 6805. rdiv(ldiv(T2, X), ldiv(T3, X)) -> rdiv(L2, x7)
(47.857143) 6806. ldiv(rdiv(X, T2), rdiv(X, T3)) -> rdiv(T2, T3)
(47.857143) 6807. ldiv(rdiv(X, T3), rdiv(X, T2)) -> rdiv(L2, x7)
(47.857143) 6808. rdiv(rdiv(X, T3), rdiv(X, T2)) -> rdiv(T2, T3)
(47.857143) 6809. rdiv(rdiv(X, T2), rdiv(X, T3)) -> rdiv(L2, x7)
(47.857143) 6810. K(rdiv(X, rdiv(x7, T3)), X) -> zero
(47.857143) 6811. K(rdiv(X, rdiv(L3, T3)), X) -> zero
(47.857143) 6812. K(X, op(rdiv(L3, T3), X)) -> zero
(47.857143) 6813. K(X, rdiv(X, rdiv(L3, T3))) -> zero
(47.857143) 6814. rdiv(X, rdiv(X, rdiv(x7, T3))) -> rdiv(x7, T3)
(47.857143) 6815. rdiv(rdiv(X, rdiv(T3, x7)), X) -> rdiv(x7, T3)
(43.714287) 6816. R(X, Y, rdiv(x7, T3)) -> X
(43.714287) 6817. R(X, rdiv(x7, T3), Y) -> X
(47.0) 6818. a(x7, T3, rdiv(x7, T3)) -> zero
(44.428574) 6819. L(rdiv(x7, T3), L2, X) -> rdiv(x7, T3)
(44.428574) 6820. R(rdiv(x7, T3), L2, X) -> rdiv(x7, T3)
(47.857143) 6821. ldiv(op(T2, X), op(T3, X)) -> rdiv(L2, x7)
(47.857143) 6822. rdiv(ldiv(X, T2), ldiv(X, x7)) -> rdiv(T3, L2)
(47.857143) 6823. ldiv(X, rdiv(L2, ldiv(X, x7))) -> rdiv(L2, x7)
(47.857143) 6824. rdiv(X, rdiv(L2, ldiv(X, x7))) -> rdiv(T2, T3)
(47.857143) 6825. rdiv(rdiv(L2, ldiv(X, x7)), X) -> rdiv(L2, x7)
(47.857143) 6826. ldiv(X, rdiv(L3, ldiv(X, T2))) -> rdiv(L3, T2)
(47.857143) 6827. rdiv(rdiv(L3, ldiv(X, T2)), X) -> rdiv(L3, T2)
(47.857143) 6828. ldiv(T(T3, X), T(T2, X)) -> rdiv(T2, T3)
(47.857143) 6829. ldiv(T(T2, X), T(L2, X)) -> rdiv(L2, T2)
(47.857143) 6830. ldiv(T(L2, X), T(T2, X)) -> rdiv(T2, L2)
(47.857143) 6831. rdiv(T(L2, X), T(T2, X)) -> rdiv(L2, T2)
(47.857143) 6832. rdiv(T(T2, X), T(L2, X)) -> rdiv(T2, L2)
(47.857143) 6833. ldiv(ldiv(T2, X), ldiv(x7, X)) -> rdiv(T3, L2)
(47.857143) 6834. rdiv(ldiv(T2, X), ldiv(x7, X)) -> rdiv(L2, T3)
(47.857143) 6835. ldiv(ldiv(x7, X), ldiv(T2, X)) -> rdiv(L2, T3)
(47.857143) 6836. ldiv(ldiv(X, T2), ldiv(X, L2)) -> rdiv(L2, T2)
(47.857143) 6837. ldiv(ldiv(X, L2), ldiv(X, T2)) -> rdiv(T2, L2)
(47.857143) 6838. rdiv(ldiv(X, L2), ldiv(X, T2)) -> rdiv(L2, T2)
(47.857143) 6839. rdiv(ldiv(X, T2), ldiv(X, L2)) -> rdiv(T2, L2)
(47.857143) 6840. ldiv(rdiv(X, T2), rdiv(X, x7)) -> rdiv(T3, L2)
(47.857143) 6841. rdiv(rdiv(X, T2), rdiv(X, x7)) -> rdiv(L2, T3)
(47.857143) 6842. ldiv(rdiv(X, x7), rdiv(X, T2)) -> rdiv(L2, T3)
(47.857143) 6843. rdiv(ldiv(x7, X), ldiv(T2, X)) -> rdiv(T3, L2)
(47.857143) 6844. L(X, Y, op(Z, T2)) = L(X, Y, op(x7, Z))
(47.857143) 6845. R(X, rdiv(rdiv(T3, L2), X), Y) -> R(X, rdiv(zero, X), Y)
(45.285713) 6846. R(T2, rdiv(zero, x7), X) -> R(T2, rdiv(zero, T2), X)
(47.0) 6847. a(T2, rdiv(zero, x7), x7) -> K(L3, rdiv(zero, L3))
(47.285713) 6848. R(T3, rdiv(zero, T3), X) -> R(T3, rdiv(zero, L2), X)
(47.857143) 6849. K(rdiv(R(L2, X, L2), L3), Y) -> zero
(47.285713) 6850. ldiv(L3, R(L2, X, L2)) -> rdiv(R(L2, X, L2), L3)
(47.857143) 6851. rdiv(rdiv(X, L3), rdiv(X, x7)) -> rdiv(x7, L3)
(47.857143) 6852. rdiv(rdiv(T2, X), rdiv(x7, X)) -> rdiv(T3, L2)
(47.857143) 6853. ldiv(rdiv(T3, ldiv(X, x7)), X) -> rdiv(x7, T3)
(47.857143) 6854. ldiv(X, rdiv(T3, ldiv(X, x7))) -> rdiv(T3, x7)
(47.857143) 6855. rdiv(X, rdiv(T3, ldiv(X, x7))) -> rdiv(x7, T3)
(47.857143) 6856. rdiv(rdiv(X, x7), rdiv(X, T2)) -> rdiv(T3, L2)
(47.857143) 6857. rdiv(rdiv(X, L2), rdiv(X, T3)) -> rdiv(T3, L2)
(63.85714) 6858. K(rdiv(L3, rdiv(rdiv(x7, L3), rdiv(X, x7))), X) -> zero
(63.85714) 6859. K(rdiv(L3, rdiv(rdiv(x7, L3), rdiv(X, T2))), X) -> zero
(47.857143) 6860. L(x10, T2, rdiv(op(X, rdiv(x7, X)), T2)) -> x10
(47.857143) 6861. rdiv(op(x10, rdiv(L2, X)), rdiv(T3, X)) -> T(x10, L3)
(46.285713) 6862. rdiv(L2, ldiv(ldiv(X, x10), T3)) -> ldiv(X, T(x10, L3))
(46.285713) 6863. rdiv(T3, ldiv(ldiv(x10, X), L2)) -> ldiv(T(x10, L3), X)
(46.285713) 6864. rdiv(L2, ldiv(rdiv(x10, X), T3)) -> rdiv(T(x10, L3), X)
(63.857143) 6865. K(X, rdiv(L3, rdiv(rdiv(x7, L3), rdiv(X, L2)))) -> zero
(47.857143) 6866. rdiv(T(L2, X), T(L3, X)) -> rdiv(L2, L3)
(47.857143) 6867. rdiv(T(x7, X), T(L3, X)) -> rdiv(x7, L3)
(47.857143) 6868. rdiv(rdiv(X, rdiv(L3, x7)), X) -> rdiv(x7, L3)
(44.428574) 6869. L(rdiv(x7, L3), L3, X) -> rdiv(x7, L3)
(47.857143) 6870. rdiv(X, rdiv(L3, ldiv(X, x7))) -> rdiv(x7, L3)
(47.857143) 6871. rdiv(rdiv(x7, ldiv(X, L3)), X) -> rdiv(x7, L3)
(47.857143) 6872. ldiv(op(L3, X), op(x7, X)) -> rdiv(x7, L3)
(47.857143) 6873. R(X, Y, rdiv(Z, rdiv(L2, T3))) -> R(X, Y, Z)
(47.714287) 6874. R(X, Y, rdiv(L2, T(T3, x10))) -> X
(47.857143) 6875. L(R(x7, X, T2), X, L3) -> x7
(47.857143) 6876. R(X, rdiv(Y, rdiv(L2, T3)), Z) -> R(X, Y, Z)
(47.714287) 6877. R(X, rdiv(L2, T(T3, x10)), Y) -> X
(47.857143) 6878. a(X, rdiv(L2, x7), rdiv(X, rdiv(L2, x7))) -> zero
(63.857143) 6879. K(X, rdiv(L3, rdiv(rdiv(x7, L3), rdiv(X, T3)))) -> zero
(47.857143) 6880. rdiv(T(op(a(X, Y, Z), W), V), a(X, Y, Z)) -> T(W, V)
(47.857143) 6881. ldiv(rdiv(L3, X), rdiv(T2, X)) -> rdiv(T2, L3)
(47.857143) 6882. rdiv(rdiv(T2, X), rdiv(L3, X)) -> rdiv(T2, L3)
(47.857143) 6883. rdiv(rdiv(X, rdiv(x7, L3)), X) -> rdiv(L3, x7)
(47.857143) 6884. ldiv(X, rdiv(X, rdiv(L3, x7))) -> rdiv(x7, L3)
(47.857143) 6885. ldiv(X, rdiv(X, rdiv(x7, L3))) -> rdiv(L3, x7)
(47.857143) 6886. rdiv(rdiv(X, rdiv(x7, T3)), X) -> rdiv(T3, x7)
(47.857143) 6887. a(X, rdiv(Y, rdiv(T3, L2)), X) -> a(X, Y, X)
(47.857143) 6888. R(X, Y, rdiv(Z, rdiv(L3, T2))) -> R(X, Y, Z)
(34.57143) 6889. R(X, Y, T2) -> R(X, Y, L3)
(37.285713) 6890. a(T2, X, T2) -> a(L3, X, L3)
(40.0) 6891. a(L2, T2, L2) -> a(L3, L3, L3)
(42.0) 6892. R(L2, x10, L2) -> R(L2, x10, L3)
(42.0) 6893. R(L2, L2, L3) -> R(L2, L3, L2)
(43.714287) 6894. R(X, Y, rdiv(L3, T3)) -> X
(45.0) 6895. R(T2, rdiv(L3, T3), L3) -> T2
(45.285713) 6896. ldiv(T2, R(T2, X, L3)) -> a(L3, X, L3)
(45.285713) 6897. rdiv(R(T2, X, L3), T2) -> a(L3, X, L3)
(46.0) 6898. ldiv(x7, R(x7, x10, L3)) -> a(L2, x10, L2)
(46.0) 6899. R(L2, L3, L2) -> R(L2, L3, L3)
(46.0) 6900. T(R(x7, x10, L3), x10) -> R(T2, x10, L3)
(46.285713) 6901. op(X, rdiv(T3, L3)) -> rdiv(X, rdiv(L3, T3))
(46.571426) 6902. T(R(T2, X, L3), X) -> R(T(T2, X), X, L3)
(47.0) 6903. R(T2, rdiv(zero, T2), L3) -> ldiv(ldiv(T2, zero), zero)
(47.0) 6904. R(x7, rdiv(zero, x7), L3) -> ldiv(ldiv(x7, zero), zero)
(47.0) 6905. R(x7, rdiv(zero, T2), L3) -> ldiv(ldiv(x7, zero), zero)
(47.0) 6906. op(T2, R(T2, L3, L3)) -> T(op(T2, T2), L3)
(47.0) 6907. L(R(x7, x10, L3), x10, T2) -> x7
(47.0) 6908. R(T2, rdiv(zero, L2), L3) -> ldiv(ldiv(T2, zero), zero)
(47.0) 6909. ldiv(R(x7, x10, L3), T2) -> K(L3, op(L3, x10))
(47.0) 6910. rdiv(T2, R(x7, x10, L3)) -> K(L3, op(L3, x10))
(47.0) 6911. ldiv(T2, R(x7, x10, L3)) -> K(op(L3, x10), L3)
(47.0) 6912. rdiv(R(x7, x10, L3), T2) -> K(op(L3, x10), L3)
(47.0) 6913. R(T2, rdiv(L3, L2), L3) -> T2
(47.0) 6914. R(T2, rdiv(x10, T2), L3) -> ldiv(ldiv(x7, x10), x10)
(47.0) 6915. R(x7, rdiv(L3, T3), L3) -> x7
(47.0) 6916. R(L(x7, L3, L3), L2, L3) -> x7
(47.0) 6917. op(R(x7, x10, L3), x10) -> T(op(T2, x10), L3)
(47.0) 6918. op(x10, R(x7, x10, L3)) -> T(op(x10, T2), L3)
(47.0) 6919. op(R(T2, L2, L3), L2) -> T(op(L2, T2), L3)
(47.0) 6920. op(L3, R(x7, L3, L3)) -> T(op(L3, x7), L3)
(47.0) 6921. a(L3, T3, rdiv(L3, T3)) -> zero
(47.285713) 6922. rdiv(T2, R(T2, X, L3)) -> rdiv(L3, R(L3, X, L3))
(47.285713) 6923. ldiv(R(T2, X, L3), T2) -> rdiv(L3, R(L3, X, L3))
(47.285713) 6924. op(R(T2, X, L3), x7) -> op(x7, R(T2, X, L3))
(47.285713) 6925. ldiv(x7, R(x7, X, L3)) -> a(x7, X, x7)
(47.285713) 6926. rdiv(R(x7, X, L3), x7) -> a(x7, X, x7)
(47.285713) 6927. op(T2, R(L3, X, L3)) -> op(L3, R(T2, X, L3))
(47.285713) 6928. op(T2, a(L3, X, L3)) -> R(T2, X, L3)
(46.0) 6929. R(T2, L2, L3) -> R(T2, L3, L3)
(55.285713) 6930. op(L3, rdiv(R(T2, X, L3), L3)) -> R(T2, X, L3)
(47.714287) 6931. op(X, R(T2, X, L3)) -> T(op(T2, X), L3)
(47.857143) 6932. R(X, Y, rdiv(Z, rdiv(L2, x7))) -> R(X, Y, Z)
(34.57143) 6933. R(X, Y, L2) -> R(X, Y, L3)
(34.57143) 6934. R(X, Y, x7) -> R(X, Y, L3)
(37.285713) 6935. R(X, L2, L3) -> R(X, L3, L3)
(41.714287) 6936. R(X, Y, rdiv(T3, L3)) -> X
(43.0) 6937. R(L2, rdiv(L3, T3), L3) -> L2
(43.714287) 6938. R(X, Y, rdiv(L2, L3)) -> X
(44.285713) 6939. op(X, rdiv(L3, T3)) -> rdiv(X, rdiv(T3, L3))
(44.285713) 6940. op(rdiv(T3, L3), X) -> rdiv(X, rdiv(L3, T3))
(45.0) 6941. a(T3, L3, rdiv(T3, L3)) -> zero
(45.285713) 6942. ldiv(L2, R(L2, X, L3)) -> a(L2, X, L2)
(45.285713) 6943. rdiv(R(L2, X, L3), L2) -> a(L2, X, L2)
(46.0) 6944. T(R(L2, L3, L3), x10) -> R(T3, L3, L3)
(46.285713) 6945. op(X, rdiv(L3, L2)) -> rdiv(X, rdiv(L2, L3))
(46.285713) 6946. op(rdiv(L3, T3), X) -> rdiv(X, rdiv(T3, L3))
(46.428574) 6947. a(rdiv(L2, L3), X, rdiv(L2, L3)) -> zero
(46.571426) 6948. T(R(L2, X, L3), X) -> R(T(L2, X), X, L3)
(46.571426) 6949. T(R(x7, X, L3), X) -> R(T(x7, X), X, L3)
(47.0) 6950. R(L2, rdiv(zero, L2), L3) -> ldiv(ldiv(L2, zero), zero)
(47.0) 6951. R(L(L2, L3, L2), L3, L3) -> L2
(47.0) 6952. R(T3, rdiv(zero, L2), L3) -> ldiv(ldiv(T3, zero), zero)
(47.0) 6953. op(L2, R(L2, L3, L3)) -> T(op(L2, L2), L3)
(47.0) 6954. R(x7, rdiv(zero, L2), L3) -> ldiv(ldiv(x7, zero), zero)
(47.0) 6955. rdiv(T3, R(L2, x10, L3)) -> K(L3, op(L3, x10))
(47.0) 6956. ldiv(R(L2, x10, L3), T3) -> K(L3, op(L3, x10))
(47.0) 6957. ldiv(T3, R(L2, x10, L3)) -> K(op(L3, x10), L3)
(47.0) 6958. rdiv(R(L2, x10, L3), T3) -> K(op(L3, x10), L3)
(47.0) 6959. R(rdiv(zero, L2), L3, L3) -> rdiv(L3, op(L3, L2))
(47.0) 6960. R(L2, rdiv(zero, T3), L3) -> ldiv(ldiv(L2, zero), zero)
(47.0) 6961. R(T3, rdiv(L3, T3), L3) -> T3
(47.0) 6962. R(L2, rdiv(L3, L2), L3) -> L2
(47.0) 6963. R(T3, rdiv(x10, T3), L3) -> ldiv(ldiv(L2, x10), x10)
(47.0) 6964. R(L2, rdiv(T3, L3), L3) -> L2
(47.0) 6965. op(R(L2, x10, L3), x10) -> T(op(T3, x10), L3)
(47.0) 6966. rdiv(L2, R(L2, L3, L3)) -> K(L3, op(L3, L3))
(47.0) 6967. rdiv(x7, R(x7, L3, L3)) -> K(L3, op(L3, L3))
(47.0) 6968. op(x7, R(x7, L3, L3)) -> T(op(x7, x7), L3)
(47.0) 6969. R(x7, rdiv(L3, L2), L3) -> x7
(47.0) 6970. R(rdiv(x7, T3), L3, L3) -> rdiv(x7, T3)
(47.0) 6971. a(L2, L3, rdiv(L2, L3)) -> zero
(47.285713) 6972. ldiv(R(L2, X, L3), L2) -> rdiv(L2, R(L2, X, L3))
(47.285713) 6973. ldiv(R(L2, X, L3), T3) -> rdiv(T3, R(L2, X, L3))
(47.285713) 6974. ldiv(x7, R(L2, X, L3)) -> rdiv(R(L2, X, L3), x7)
(47.285713) 6975. op(R(L2, X, L3), T3) -> op(T3, R(L2, X, L3))
(47.285713) 6976. ldiv(T3, R(L2, X, L3)) -> rdiv(R(L2, X, L3), T3)
(47.285713) 6977. ldiv(T3, R(T3, X, L3)) -> a(T3, X, T3)
(42.0) 6978. a(T3, T2, T3) -> a(L3, L3, L3)
(47.0) 6979. a(T3, rdiv(T3, L3), L3) -> zero
(47.285713) 6980. rdiv(R(T3, X, L3), T3) -> a(T3, X, T3)
(47.285713) 6981. op(R(L2, X, L3), x7) -> op(x7, R(L2, X, L3))
(47.285713) 6982. rdiv(x7, R(x7, X, L3)) -> rdiv(zero, a(x7, X, x7))
(47.285713) 6983. ldiv(R(x7, X, L3), x7) -> rdiv(zero, a(x7, X, x7))
(47.285713) 6984. op(R(x7, X, L3), T2) -> op(T2, R(x7, X, L3))
(47.714287) 6985. op(X, R(L2, X, L3)) -> T(op(L2, X), L3)
(47.714287) 6986. op(X, R(x7, X, L3)) -> T(op(x7, X), L3)
(47.857143) 6987. R(X, rdiv(Y, rdiv(T2, L3)), Z) -> R(X, Y, Z)
(34.57143) 6988. R(X, T2, Y) -> R(X, L3, Y)
(36.57143) 6989. a(X, T2, X) -> a(X, L3, X)
(43.714287) 6990. R(X, rdiv(T3, L3), Y) -> X
(44.428574) 6991. R(rdiv(L3, T2), L3, X) -> rdiv(L3, T2)
(46.428574) 6992. R(rdiv(L2, x7), L3, X) -> rdiv(L2, x7)
(47.0) 6993. R(rdiv(zero, x7), L3, rdiv(zero, x7)) -> ldiv(x7, zero)
(47.0) 6994. R(rdiv(zero, L2), L3, rdiv(zero, L2)) -> ldiv(L2, zero)
(47.0) 6995. R(rdiv(zero, T3), L3, rdiv(zero, T3)) -> ldiv(T3, zero)
(47.0) 6996. op(T2, R(x7, L3, L3)) -> T(op(T2, x7), L3)
(47.0) 6997. op(x7, R(x10, L3, x10)) -> T(op(x10, x7), x10)
(47.0) 6998. op(x7, R(L2, L3, L3)) -> T(op(L2, x7), L3)
(47.14286) 6999. L(R(X, L3, X), T2, X) -> X
(47.428574) 7000. a(T(T2, X), L3, T(T2, X)) -> a(L3, L3, L3)
(47.571426) 7001. op(T2, R(X, L3, X)) -> T(op(X, T2), X)
(47.857143) 7002. R(X, rdiv(Y, rdiv(T2, T3)), Z) -> R(X, Y, Z)
(34.57143) 7003. R(X, L2, Y) -> R(X, L3, Y)
(36.57143) 7004. a(X, L2, X) -> a(X, L3, X)
(43.714287) 7005. R(X, rdiv(L3, T3), Y) -> X
(46.142857) 7006. R(rdiv(zero, L2), L3, X) = rdiv(X, op(L2, X))
(46.428574) 7007. R(rdiv(x7, T3), L3, X) -> rdiv(x7, T3)
(47.0) 7008. R(rdiv(zero, T3), L3, x10) -> rdiv(x10, op(T3, x10))
(47.0) 7009. op(T3, R(x10, L3, x10)) -> T(op(L2, x10), x10)
(47.0) 7010. op(L2, R(x10, L3, x10)) -> T(op(x10, L2), x10)
(47.0) 7011. op(L2, R(T3, L3, L3)) -> T(op(L2, T3), L3)
(47.0) 7012. op(R(T2, L3, L3), L2) -> T(op(L2, T2), L3)
(47.0) 7013. rdiv(op(L2, x10), L3) -> rdiv(x10, rdiv(L3, T3))
(47.0) 7014. a(L3, rdiv(L3, T3), T3) -> zero
(47.0) 7015. rdiv(x10, rdiv(T3, L3)) -> rdiv(L3, ldiv(x10, T3))
(47.14286) 7016. L(R(X, L3, X), L2, X) -> X
(47.428574) 7017. a(T(L2, X), L3, T(L2, X)) -> a(L3, L3, L3)
(47.571426) 7018. op(L2, R(X, L3, X)) -> T(op(X, L2), X)
(47.857143) 7019. L(X, Y, rdiv(Z, rdiv(T2, L3))) -> L(X, Y, Z)
(34.57143) 7020. L(X, Y, T2) -> L(X, Y, L3)
(43.714287) 7021. L(X, Y, rdiv(L2, L3)) -> X
(43.714287) 7022. T(X, L(T2, Y, L3)) -> T(X, L3)
(43.714287) 7023. K(L(T2, X, L3), Y) -> K(L3, Y)
(43.714287) 7024. K(X, L(T2, Y, L3)) -> K(X, L3)
(44.0) 7025. L(L2, L2, L3) -> L(L2, L3, L2)
(44.0) 7026. L(T3, L2, L3) -> L(T3, L3, L2)
(44.0) 7027. L(L2, L3, L2) -> L(L2, L3, L3)
(44.0) 7028. L(T3, x10, L2) -> L(T3, x10, L3)
(45.0) 7029. L(rdiv(L3, T2), L3, L3) -> rdiv(L3, T2)
(45.285713) 7030. T(L(T2, X, L3), L3) -> L(T2, X, L3)
(45.285713) 7031. T(L(x7, X, L3), L3) -> L(x7, X, L3)
(44.428574) 7032. K(L(x7, X, L3), L3) -> zero
(44.428574) 7033. K(L3, L(x7, X, L3)) -> zero
(44.428574) 7034. T(L3, L(x7, X, L3)) -> L3
(45.714287) 7035. T(L(T2, X, L3), X) -> T(T2, op(X, L3))
(45.714287) 7036. L(T(x7, X), X, L3) -> T(x7, op(X, L3))
(45.714287) 7037. T(X, L(x7, Y, L3)) -> T(X, L3)
(45.714287) 7038. K(L(x7, X, L3), Y) -> K(L3, Y)
(45.714287) 7039. K(X, L(x7, Y, L3)) -> K(X, L3)
(45.714287) 7040. T(L(x7, X, L3), X) -> T(x7, op(X, L3))
(46.0) 7041. rdiv(x7, L(x7, L3, L3)) -> a(L3, L3, L3)
(46.0) 7042. rdiv(T2, L(T2, L3, L3)) -> a(L3, L3, L3)
(46.0) 7043. ldiv(L(x7, x10, L3), x7) -> a(L2, x10, L2)
(46.0) 7044. rdiv(x7, L(x7, x10, L3)) -> a(L2, x10, L2)
(46.0) 7045. L(T3, L3, L2) -> L(T3, L3, L3)
(46.285713) 7046. op(rdiv(L3, L2), X) -> rdiv(X, rdiv(L2, L3))
(46.285713) 7047. op(rdiv(L2, L3), X) -> rdiv(X, rdiv(L3, L2))
(46.285713) 7048. op(X, rdiv(L2, L3)) -> rdiv(X, rdiv(L3, L2))
(47.0) 7049. L(T2, rdiv(zero, T2), L3) -> rdiv(zero, rdiv(zero, T2))
(47.0) 7050. L(x7, rdiv(zero, T2), L3) -> rdiv(zero, rdiv(zero, x7))
(47.0) 7051. L(x7, rdiv(x10, T2), L3) -> rdiv(x10, rdiv(x10, T2))
(47.0) 7052. rdiv(L(x7, L3, L3), x7) -> K(L3, op(L3, L3))
(47.0) 7053. ldiv(x7, L(x7, L3, L3)) -> K(L3, op(L3, L3))
(47.0) 7054. ldiv(x7, L(T2, x10, L3)) -> K(L3, op(L3, x10))
(47.0) 7055. L(rdiv(L2, x7), L2, L3) -> rdiv(L2, x7)
(47.0) 7056. L(ldiv(T2, zero), L3, L3) -> ldiv(op(L3, T2), L3)
(47.285713) 7057. op(L(T2, X, L3), T2) -> op(T2, L(T2, X, L3))
(47.285713) 7058. op(L(T2, X, L3), x7) -> op(x7, L(T2, X, L3))
(47.285713) 7059. ldiv(L(T2, X, L3), T2) -> rdiv(T2, L(T2, X, L3))
(47.285713) 7060. ldiv(T2, L(T2, X, L3)) -> rdiv(L(T2, X, L3), T2)
(47.285713) 7061. ldiv(L(T2, X, L3), x7) -> rdiv(x7, L(T2, X, L3))
(47.285713) 7062. op(L(x7, X, L3), T2) -> op(T2, L(x7, X, L3))
(47.285713) 7063. op(L(T2, X, L3), L2) -> op(L2, L(T2, X, L3))
(47.285713) 7064. op(L(T2, X, L3), L3) -> op(L3, L(T2, X, L3))
(47.285713) 7065. op(L(T2, X, L3), T3) -> op(T3, L(T2, X, L3))
(47.285713) 7066. L(T(T2, X), L2, L3) -> L(T(T2, X), L3, L3)
(47.285713) 7067. ldiv(x7, L(T2, X, L3)) -> rdiv(L(T2, X, L3), x7)
(47.285713) 7068. L(T2, op(X, T2), L3) -> L(T2, op(X, L3), L3)
(47.285713) 7069. L(T2, op(X, L2), L3) -> L(T2, op(X, L3), L3)
(47.857143) 7070. L(X, Y, rdiv(Z, rdiv(T2, T3))) -> L(X, Y, Z)
(34.57143) 7071. L(X, Y, L2) -> L(X, Y, L3)
(37.285713) 7072. L(X, L2, L3) -> L(X, L3, L3)
(43.0) 7073. L(L2, rdiv(L3, L2), L3) -> L2
(43.714287) 7074. L(X, Y, rdiv(L3, L2)) -> X
(43.714287) 7075. T(X, L(L2, Y, L3)) -> T(X, L3)
(43.714287) 7076. K(L(L2, X, L3), Y) -> K(L3, Y)
(43.714287) 7077. K(X, L(L2, Y, L3)) -> K(X, L3)
(45.0) 7078. L(T3, rdiv(L3, L2), L3) -> T3
(45.0) 7079. rdiv(op(L3, L3), L2) -> rdiv(L3, rdiv(L2, L3))
(45.285713) 7080. T(L(L2, X, L3), L3) -> L(L2, X, L3)
(45.714287) 7081. L(T(L2, X), X, L3) -> T(L2, op(X, L3))
(44.285713) 7082. op(L2, op(L3, X)) -> op(L3, op(L2, X))
(44.285713) 7083. op(L2, op(X, L3)) -> op(L3, op(X, L2))
(45.0) 7084. L(L2, rdiv(L2, L3), L3) -> L2
(45.714287) 7085. T(L(L2, X, L3), X) -> T(L2, op(X, L3))
(45.714287) 7086. L(T(T3, X), X, L3) -> T(T3, op(X, L3))
(44.285713) 7087. op(T3, op(L3, X)) -> op(L3, op(T3, X))
(44.285713) 7088. op(T3, op(X, L3)) -> op(L3, op(X, T3))
(45.0) 7089. L(T3, rdiv(L2, L3), L3) -> T3
(45.714287) 7090. T(X, L(T3, Y, L3)) -> T(X, L3)
(45.714287) 7091. K(L(T3, X, L3), Y) -> K(L3, Y)
(45.714287) 7092. K(X, L(T3, Y, L3)) -> K(X, L3)
(46.0) 7093. rdiv(T3, L(T3, x10, L3)) -> a(L2, x10, L2)
(46.0) 7094. rdiv(L2, L(L2, L3, L3)) -> a(L3, L3, L3)
(46.0) 7095. ldiv(L(T3, x10, L3), T3) -> a(L2, x10, L2)
(46.285713) 7096. rdiv(X, rdiv(L2, L3)) = rdiv(L3, ldiv(X, L2))
(46.285713) 7097. op(op(T3, X), L3) -> op(op(L3, X), T3)
(46.285713) 7098. op(op(X, T3), L3) -> op(op(X, L3), T3)
(47.0) 7099. L(L2, rdiv(zero, L2), L3) -> rdiv(zero, rdiv(zero, L2))
(47.0) 7100. L(L2, rdiv(x10, L2), L3) -> rdiv(x10, rdiv(x10, T3))
(47.0) 7101. L(T3, rdiv(zero, L2), L3) -> rdiv(zero, rdiv(zero, T3))
(47.0) 7102. rdiv(L(L2, L3, L3), L2) -> K(L3, op(L3, L3))
(47.0) 7103. ldiv(L2, L(T3, x10, L3)) -> K(L3, op(L3, x10))
(47.0) 7104. rdiv(L(T3, x10, L3), L2) -> K(L3, op(L3, x10))
(47.0) 7105. ldiv(L(T3, x10, L3), L2) -> K(op(L3, x10), L3)
(47.0) 7106. rdiv(L2, L(T3, x10, L3)) -> K(op(L3, x10), L3)
(47.0) 7107. L(rdiv(x7, T3), L3, L3) -> rdiv(x7, T3)
(47.0) 7108. op(op(L2, L2), L3) -> op(op(L3, L2), L2)
(47.0) 7109. op(op(L3, L2), L3) -> op(op(L3, L3), L2)
(47.285713) 7110. op(L(L2, X, L3), L2) -> op(L2, L(L2, X, L3))
(47.285713) 7111. ldiv(L(L2, X, L3), L2) -> rdiv(L2, L(L2, X, L3))
(47.285713) 7112. ldiv(L2, L(L2, X, L3)) -> rdiv(L(L2, X, L3), L2)
(47.285713) 7113. op(L(L2, X, L3), T3) -> op(T3, L(L2, X, L3))
(47.285713) 7114. op(L(T3, X, L3), L2) -> op(L2, L(T3, X, L3))
(47.285713) 7115. op(L(T3, X, L3), T3) -> op(T3, L(T3, X, L3))
(47.285713) 7116. T(L(T3, x10, L3), X) -> L(T(T3, X), x10, L3)
(47.285713) 7117. op(L(L2, X, L3), x7) -> op(x7, L(L2, X, L3))
(47.285713) 7118. op(L(L2, X, L3), L3) -> op(L3, L(L2, X, L3))
(47.285713) 7119. op(L(L2, X, L3), T2) -> op(T2, L(L2, X, L3))
(47.285713) 7120. T(L(T3, X, L3), L3) -> L(T3, X, L3)
(47.285713) 7121. ldiv(L(L2, X, L3), T3) -> rdiv(T3, L(L2, X, L3))
(47.285713) 7122. ldiv(x7, L(L2, X, L3)) -> rdiv(L(L2, X, L3), x7)
(47.285713) 7123. ldiv(L2, L(T3, X, L3)) -> rdiv(L(T3, X, L3), L2)
(47.285713) 7124. op(L(T3, X, L3), x7) -> op(x7, L(T3, X, L3))
(47.285713) 7125. L(L2, op(X, T2), L3) -> L(L2, op(X, L3), L3)
(47.285713) 7126. L(L2, op(X, L2), L3) -> L(L2, op(X, L3), L3)
(47.714287) 7127. T(L(T3, X, L3), X) -> T(T3, op(X, L3))
(47.857143) 7128. R(X, Y, rdiv(Z, rdiv(T2, L3))) -> R(X, Y, Z)
(47.857143) 7129. R(X, Y, rdiv(Z, rdiv(T2, T3))) -> R(X, Y, Z)
(47.857143) 7130. a(X, rdiv(X, rdiv(L2, x7)), rdiv(L2, x7)) -> zero
(47.857143) 7131. a(X, op(x7, Y), X) -> a(X, op(T2, Y), X)
(47.857143) 7132. a(X, op(T3, Y), X) -> a(X, op(L2, Y), X)
(45.857143) 7133. a(X, rdiv(L2, L3), X) -> zero
(47.857143) 7134. a(X, op(T2, rdiv(zero, L2)), X) -> zero
(47.857143) 7135. a(X, op(T2, rdiv(zero, L3)), X) -> zero
(47.857143) 7136. ldiv(rdiv(L3, ldiv(X, T3)), X) -> rdiv(T3, L3)
(44.285713) 7137. rdiv(L3, ldiv(X, T3)) = rdiv(X, rdiv(T3, L3))
(47.0) 7138. ldiv(x7, rdiv(T3, L3)) -> ldiv(L3, rdiv(T3, x7))
(47.857143) 7139. ldiv(X, rdiv(X, rdiv(T3, L3))) -> rdiv(L3, T3)
(47.857143) 7140. R(L(x7, X, L3), X, L3) -> x7
(47.0) 7141. R(x7, rdiv(L2, L3), L3) -> x7
(47.857143) 7142. R(L(T3, X, L3), X, L3) -> T3
(47.0) 7143. R(T3, rdiv(L3, L2), L3) -> T3
(47.0) 7144. R(T3, rdiv(L2, L3), L3) -> T3
(62.714283) 7145. K(rdiv(X, rdiv(L3, rdiv(L2, K(X, Y)))), X) -> zero
(62.714283) 7146. K(X, rdiv(X, rdiv(L3, rdiv(L2, K(Y, Z))))) -> zero
(63.857143) 7147. K(X, rdiv(X, rdiv(L3, rdiv(L2, rdiv(T3, L2))))) -> zero
(66.14285) 7148. K(X, rdiv(X, rdiv(L3, rdiv(L2, a(Y, Z, W))))) -> zero
(63.857143) 7149. K(X, rdiv(X, rdiv(L3, rdiv(L2, rdiv(T2, T3))))) -> zero
(63.857143) 7150. K(X, rdiv(X, rdiv(L3, rdiv(L2, rdiv(L3, T2))))) -> zero
(63.857143) 7151. K(X, rdiv(X, rdiv(L3, rdiv(L2, rdiv(T2, L2))))) -> zero
(47.857143) 7152. rdiv(ldiv(T3, X), ldiv(x7, X)) -> rdiv(x7, T3)
(47.857143) 7153. rdiv(rdiv(X, T3), rdiv(X, x7)) -> rdiv(x7, T3)
(44.428574) 7154. L(rdiv(T2, L2), L2, X) -> rdiv(T2, L2)
(47.0) 7155. L(rdiv(T2, L2), L3, L3) -> rdiv(T2, L2)
(44.428574) 7156. R(rdiv(T2, L2), L3, X) -> rdiv(T2, L2)
(62.714283) 7157. K(rdiv(X, rdiv(L3, rdiv(T3, K(X, Y)))), X) -> zero
(62.714283) 7158. K(X, rdiv(X, rdiv(L3, rdiv(T3, K(Y, Z))))) -> zero
(55.857143) 7159. K(X, rdiv(X, rdiv(L3, T(T3, x10)))) -> zero
(66.14285) 7160. K(X, rdiv(X, rdiv(L3, rdiv(T3, a(Y, Z, W))))) -> zero
(63.857143) 7161. K(X, rdiv(X, rdiv(L3, rdiv(L2, rdiv(x7, T3))))) -> zero
(63.857143) 7162. K(X, rdiv(X, rdiv(L3, rdiv(T3, rdiv(L3, T2))))) -> zero
(55.857143) 7163. K(X, rdiv(X, rdiv(L3, T(T2, x10)))) -> zero
(63.857143) 7164. K(X, rdiv(X, rdiv(L3, rdiv(T3, rdiv(x7, T3))))) -> zero
(47.857143) 7165. ldiv(T(T3, X), T(L3, X)) -> rdiv(L3, T3)
(49.0) 7166. rdiv(rdiv(L3, rdiv(T3, L3)), L3) -> rdiv(L3, T3)
(47.857143) 7167. K(rdiv(X, rdiv(T3, L3)), X) -> zero
(47.857143) 7168. rdiv(T(T3, X), T(T2, X)) -> rdiv(L2, x7)
(47.857143) 7169. R(T(X, op(Y, X)), Y, X) -> T(X, Y)
(47.0) 7170. R(L(T2, L3, L3), L3, L3) -> T2
(47.0) 7171. R(L(T2, x10, L3), x10, L3) -> T2
(47.857143) 7172. K(rdiv(X, rdiv(L2, L3)), X) -> zero
(47.857143) 7173. ldiv(rdiv(L2, X), rdiv(x7, X)) -> rdiv(T2, T3)
(47.857143) 7174. ldiv(rdiv(T3, X), rdiv(T2, X)) -> rdiv(T2, T3)
(47.857143) 7175. ldiv(ldiv(X, L2), ldiv(X, x7)) -> rdiv(T2, T3)
(47.857143) 7176. ldiv(ldiv(X, T3), ldiv(X, T2)) -> rdiv(T2, T3)
(47.857143) 7177. ldiv(rdiv(T2, X), rdiv(L3, X)) -> rdiv(L3, T2)
(47.857143) 7178. ldiv(rdiv(T2, X), rdiv(T3, X)) -> rdiv(L2, x7)
(47.857143) 7179. ldiv(ldiv(X, x7), ldiv(X, L2)) -> rdiv(L2, x7)
(47.857143) 7180. ldiv(ldiv(X, T2), ldiv(X, T3)) -> rdiv(L2, x7)
(47.857143) 7181. rdiv(X, rdiv(X, rdiv(L3, L2))) -> rdiv(L3, L2)
(47.857143) 7182. K(L3, L(x7, X, rdiv(T2, X))) -> zero
(47.857143) 7183. K(L3, L(L2, rdiv(L2, X), X)) -> zero
(47.857143) 7184. K(L3, L(T2, rdiv(T2, X), X)) -> zero
(47.857143) 7185. K(L3, L(T2, X, rdiv(T2, X))) -> zero
(47.857143) 7186. K(L3, L(x7, rdiv(T2, X), X)) -> zero
(47.857143) 7187. K(L3, L(L2, X, rdiv(L2, X))) -> zero
(47.857143) 7188. K(L(x7, X, rdiv(T2, X)), L3) -> zero
(47.857143) 7189. K(L(T3, X, rdiv(L2, X)), L3) -> zero
(47.857143) 7190. K(L(L2, rdiv(L2, X), X), L3) -> zero
(47.857143) 7191. K(L(T2, rdiv(T2, X), X), L3) -> zero
(47.857143) 7192. T(T2, L(L3, rdiv(L3, X), X)) -> T2
(47.857143) 7193. T(x7, L(L3, rdiv(L3, X), X)) -> x7
(47.857143) 7194. T(L2, L(L3, rdiv(L3, X), X)) -> L2
(47.857143) 7195. K(L(T2, X, rdiv(T2, X)), L3) -> zero
(47.857143) 7196. K(L(x7, rdiv(T2, X), X), L3) -> zero
(47.857143) 7197. K(L(T3, rdiv(L2, X), X), L3) -> zero
(47.857143) 7198. K(L(L2, X, rdiv(L2, X)), L3) -> zero
(47.857143) 7199. T(T2, L(L3, X, rdiv(L3, X))) -> T2
(47.857143) 7200. T(x7, L(L3, X, rdiv(L3, X))) -> x7
(47.857143) 7201. T(L2, L(L3, X, rdiv(L3, X))) -> L2
(47.857143) 7202. T(x7, L(x7, X, rdiv(T2, X))) -> x7
(47.857143) 7203. T(x7, L(L2, rdiv(L2, X), X)) -> x7
(47.857143) 7204. T(x7, L(x7, rdiv(T2, X), X)) -> x7
(47.857143) 7205. T(x7, L(L2, X, rdiv(L2, X))) -> x7
(47.857143) 7206. T(L3, L(T3, rdiv(L2, X), X)) -> L3
(47.857143) 7207. T(L3, L(T3, X, rdiv(L2, X))) -> L3
(47.857143) 7208. ldiv(T(x7, X), T(L3, X)) -> rdiv(L3, x7)
(47.857143) 7209. ldiv(T(L2, X), T(L3, X)) -> rdiv(L3, L2)
(49.0) 7210. rdiv(rdiv(L3, rdiv(L2, L3)), L3) -> rdiv(L3, L2)
(47.857143) 7211. ldiv(T(L3, X), T(L2, X)) -> rdiv(L2, L3)
(47.857143) 7212. ldiv(T(L3, X), T(x7, X)) -> rdiv(x7, L3)
(47.857143) 7213. ldiv(T(L3, X), T(T3, X)) -> rdiv(T3, L3)
(47.857143) 7214. R(X, Y, rdiv(T3, Z)) -> R(X, Y, rdiv(L2, Z))
(45.714287) 7215. R(X, Y, rdiv(L3, L2)) -> X
(47.857143) 7216. R(X, rdiv(T3, Y), Z) -> R(X, rdiv(L2, Y), Z)
(45.714287) 7217. R(X, rdiv(L3, L2), Y) -> X
(45.714287) 7218. R(X, rdiv(L2, L3), Y) -> X
(47.857143) 7219. L(X, op(T2, Y), X) -> L(X, op(L3, Y), X)
(47.857143) 7220. L(X, op(L2, Y), X) -> L(X, op(L3, Y), X)
(47.857143) 7221. R(X, Y, rdiv(x7, Z)) -> R(X, Y, rdiv(T2, Z))
(47.857143) 7222. R(X, rdiv(x7, Y), Z) -> R(X, rdiv(T2, Y), Z)
(47.857143) 7223. R(X, Y, rdiv(Z, x7)) -> R(X, Y, rdiv(Z, T2))
(47.857143) 7224. R(X, rdiv(Y, x7), Z) -> R(X, rdiv(Y, T2), Z)
(47.857143) 7225. R(X, Y, rdiv(Z, T3)) -> R(X, Y, rdiv(Z, L2))
(47.857143) 7226. R(X, rdiv(Y, T3), Z) -> R(X, rdiv(Y, L2), Z)
(47.857143) 7227. L(R(T2, X, L3), X, L3) -> T2
(47.857143) 7228. R(L(T2, X, L3), X, L3) -> T2
(47.857143) 7229. L(R(L2, X, L3), X, L3) -> L2
(46.285713) 7230. op(op(L2, X), L3) -> op(op(L3, X), L2)
(47.857143) 7231. R(L(L2, X, L3), X, L3) -> L2
(47.857143) 7232. L(R(x7, X, L3), X, L3) -> x7
(47.857143) 7233. K(L3, L(T3, rdiv(T2, X), X)) -> zero
(48.0) 7234. rdiv(op(X, Y), op(Y, a(Z, W, V))) -> rdiv(X, a(Z, W, V))
(47.285713) 7235. rdiv(X, a(L2, x10, L2)) -> rdiv(X, a(L3, x10, L3))
(40.0) 7236. a(L2, x10, L2) -> a(L3, x10, L3)
(48.0) 7237. rdiv(X, ldiv(Y, op(X, a(Z, W, V)))) -> rdiv(Y, a(Z, W, V))
(46.57143) 7238. rdiv(X, ldiv(Y, R(X, Z, X))) -> rdiv(Y, a(X, Z, X))
(46.57143) 7239. rdiv(L(X, X, X), ldiv(Y, X)) -> rdiv(Y, a(X, X, X))
(48.0) 7240. rdiv(L(X, Y, rdiv(zero, Y)), op(Y, X)) -> rdiv(zero, Y)
(48.0) 7241. rdiv(op(X, Y), rdiv(Y, a(Z, W, V))) -> op(X, a(Z, W, V))
(48.0) 7242. rdiv(op(X, op(Y, a(Z, W, V))), Y) -> op(X, a(Z, W, V))
(46.57143) 7243. op(X, a(Y, X, Z)) = rdiv(ldiv(Y, op(op(Y, X), Z)), Z)
(41.14286) 7244. op(X, a(Y, X, Y)) = rdiv(T(op(Y, X), Y), Y)
(62.428566) 7245. T(X, op(Y, op(Z, op(W, a(Y, W, Y))))) -> T(X, op(Z, op(Y, W)))
(45.57143) 7246. ldiv(X, op(op(X, Y), Z)) = op(op(Y, a(X, Y, Z)), Z)
(43.0) 7247. op(R(T3, L3, L3), L2) -> T(op(L2, T3), L3)
(46.0) 7248. rdiv(a(rdiv(zero, X), rdiv(zero, X), X), X) -> R(rdiv(zero, X), rdiv(zero, X), X)
(46.0) 7249. rdiv(T(op(x10, T2), L3), x7) -> op(x10, a(L3, x10, L3))
(44.0) 7250. rdiv(T2, a(L3, x10, L3)) -> L(T2, x10, L3)
(46.0) 7251. rdiv(L2, K(x10, op(L3, x10))) -> op(T3, a(x10, L3, x10))
(46.0) 7252. rdiv(x7, a(L3, x10, L3)) -> L(x7, x10, L3)
(46.0) 7253. rdiv(T3, a(L3, x10, L3)) -> L(T3, x10, L3)
(46.285713) 7254. rdiv(rdiv(X, rdiv(T3, L3)), L3) -> rdiv(X, T3)
(42.285713) 7255. op(rdiv(X, T3), L3) -> rdiv(X, rdiv(T3, L3))
(44.285713) 7256. op(L3, ldiv(T3, X)) -> rdiv(X, rdiv(T3, L3))
(46.428574) 7257. op(X, a(op(X, Y), X, Y)) = rdiv(R(op(X, Y), X, Y), Y)
(46.57143) 7258. rdiv(op(X, R(Y, Z, Y)), Y) -> op(X, a(Y, Z, Y))
(46.57143) 7259. rdiv(op(X, Y), L(Y, Y, Y)) -> op(X, a(Y, Y, Y))
(47.142857) 7260. op(X, a(L2, X, L2)) = rdiv(T(op(L2, X), L3), L2)
(47.0) 7261. rdiv(rdiv(L3, rdiv(T2, L2)), L2) -> rdiv(L3, T2)
(47.142857) 7262. op(X, a(L3, X, L3)) = rdiv(T(op(T2, X), L3), T2)
(47.142857) 7263. op(X, a(x7, X, x7)) = rdiv(T(op(x7, X), L3), x7)
(46.0) 7264. T(R(x7, L3, L3), x10) -> R(T2, L3, L3)
(47.0) 7265. rdiv(rdiv(L2, rdiv(T3, x7)), x7) -> rdiv(L2, T3)
(47.0) 7266. rdiv(rdiv(T2, rdiv(L3, x7)), x7) -> rdiv(T2, L3)
(47.57143) 7267. T(op(X, a(Y, X, Y)), Y) -> rdiv(T(op(X, Y), Y), Y)
(44.14286) 7268. ldiv(X, T(op(X, Y), X)) -> rdiv(T(op(Y, X), X), X)
(44.0) 7269. ldiv(L(x7, x10, L3), L2) -> rdiv(L2, L(x7, x10, L3))
(46.0) 7270. ldiv(R(x7, L3, L3), T2) -> rdiv(T2, R(x7, L3, L3))
(46.0) 7271. ldiv(L(x7, x10, L3), T3) -> rdiv(T3, L(x7, x10, L3))
(46.0) 7272. ldiv(L(x7, x10, L3), T2) -> rdiv(T2, L(x7, x10, L3))
(46.14286) 7273. rdiv(T(op(X, Y), Y), Y) = rdiv(X, K(Y, op(Y, X)))
  (simplifying rules with respect to one another...)
  (delete rule 276)
  (delete rule 312)
(39.142857) 7274. R(rdiv(x10, X), X, L3) = rdiv(op(L2, x10), op(X, T3))
  (delete rule 319)
(39.285713) 7275. rdiv(op(X, x10), op(x10, T2)) -> R(rdiv(X, x7), L3, x10)
  (delete rule 331)
(39.57143) 7276. R(rdiv(X, Y), Y, rdiv(Z, X)) = rdiv(Z, op(Y, ldiv(X, Z)))
  (delete rule 365)
  (delete rule 381)
  (delete rule 384)
  (delete rule 399)
  (delete rule 460)
  (delete rule 468)
  (delete rule 469)
  (delete rule 506)
  (delete rule 522)
  (delete rule 560)
  (delete rule 561)
  (delete rule 562)
  (delete rule 579)
  (delete rule 632)
(38.285713) 7277. op(op(X, T2), T(x10, L3)) -> op(op(X, x7), x10)
  (delete rule 662)
  (delete rule 703)
  (delete rule 708)
  (delete rule 710)
  (delete rule 717)
(42.428574) 7278. R(X, Y, rdiv(Z, op(X, Y))) = rdiv(Z, op(Y, ldiv(op(X, Y), Z)))
  (delete rule 910)
  (delete rule 933)
  (delete rule 934)
  (delete rule 960)
  (delete rule 964)
  (delete rule 967)
(37.857143) 7279. T(rdiv(op(X, Y), X), op(X, Y)) -> L(Y, X, Y)
  (delete rule 1088)
  (delete rule 1199)
(42.285713) 7280. ldiv(T2, T(x7, X)) -> rdiv(T(L2, X), T3)
  (delete rule 1236)
  (delete rule 1238)
  (delete rule 1246)
  (delete rule 1276)
  (delete rule 1288)
  (delete rule 1289)
  (delete rule 1296)
  (delete rule 1320)
  (delete rule 1329)
  (delete rule 1370)
  (delete rule 1405)
  (delete rule 1435)
  (delete rule 1460)
  (delete rule 1462)
  (delete rule 1463)
  (delete rule 1513)
  (delete rule 1514)
  (delete rule 1517)
  (delete rule 1518)
  (delete rule 1520)
  (delete rule 1528)
(42.57143) 7281. R(rdiv(X, Y), Y, Z) = rdiv(op(Z, X), op(Y, T(Z, X)))
  (delete rule 1534)
(44.428574) 7282. R(X, rdiv(Y, X), rdiv(Z, Y)) = rdiv(Z, op(ldiv(X, Y), ldiv(Y, Z)))
  (delete rule 1535)
(44.428574) 7283. R(X, rdiv(rdiv(Y, Z), X), Z) = rdiv(Y, op(ldiv(X, rdiv(Y, Z)), Z))
  (delete rule 1560)
  (delete rule 1570)
(41.571426) 7284. T(X, op(Y, op(T3, x10))) -> T(X, op(Y, op(L3, x10)))
  (delete rule 1572)
  (delete rule 1575)
  (delete rule 1581)
  (delete rule 1582)
  (delete rule 1589)
  (delete rule 1593)
  (delete rule 1616)
(53.0) 7285. ldiv(rdiv(zero, x7), L(x10, T2, rdiv(zero, T2))) -> op(x10, T2)
  (delete rule 1626)
  (delete rule 1629)
  (delete rule 1630)
  (delete rule 1631)
  (delete rule 1632)
  (delete rule 1633)
  (delete rule 1636)
  (delete rule 1637)
  (delete rule 1641)
(45.142853) 7286. ldiv(R(X, rdiv(Y, X), Z), op(Y, Z)) -> op(ldiv(X, Y), Z)
  (delete rule 1666)
  (delete rule 1667)
  (delete rule 1671)
  (delete rule 1674)
  (delete rule 1680)
  (delete rule 1682)
  (delete rule 1688)
  (delete rule 1691)
  (delete rule 1712)
  (delete rule 1719)
  (delete rule 1750)
  (delete rule 1773)
  (delete rule 1788)
  (delete rule 1795)
  (delete rule 1807)
(41.0) 7287. L(x7, rdiv(x10, L3), L3) -> rdiv(x10, rdiv(x10, T2))
  (delete rule 1817)
  (delete rule 1818)
  (delete rule 1819)
  (delete rule 1820)
  (delete rule 1821)
  (delete rule 1824)
  (delete rule 1829)
  (delete rule 1830)
  (delete rule 1831)
  (delete rule 1846)
  (delete rule 1847)
  (delete rule 1856)
  (delete rule 1861)
(45.714287) 7288. rdiv(x7, T(ldiv(X, T2), X)) -> ldiv(ldiv(X, T3), L2)
  (delete rule 1866)
  (delete rule 1867)
  (delete rule 1869)
  (delete rule 1870)
  (delete rule 1915)
(34.57143) 7289. L(X, Y, x7) -> L(X, Y, L3)
  (delete rule 1916)
(34.57143) 7290. L(X, Y, T3) -> L(X, Y, L3)
  (delete rule 1927)
  (delete rule 1928)
  (delete rule 1943)
  (delete rule 1955)
  (delete rule 1956)
  (delete rule 1999)
  (delete rule 2025)
  (delete rule 2026)
  (delete rule 2056)
(46.0) 7291. rdiv(op(x9, op(x8, x7)), op(x8, L2)) -> R(x9, x8, L3)
  (delete rule 2066)
  (delete rule 2067)
  (delete rule 2078)
(46.0) 7292. rdiv(L(T3, x10, L3), T3) -> rdiv(L2, R(L2, x10, L3))
  (delete rule 2079)
  (delete rule 2080)
  (delete rule 2081)
  (delete rule 2082)
  (delete rule 2084)
(46.0) 7293. ldiv(R(T3, L3, L3), L2) -> rdiv(L2, R(T3, L3, L3))
  (delete rule 2089)
  (delete rule 2093)
  (delete rule 2102)
(53.571426) 7294. L(ldiv(x7, X), T2, rdiv(X, T2)) -> T(rdiv(X, x7), X)
  (delete rule 2123)
(46.14286) 7295. K(X, op(Y, ldiv(Z, W))) -> K(X, rdiv(Y, rdiv(Z, W)))
  (delete rule 2126)
  (delete rule 2145)
  (delete rule 2148)
  (delete rule 2149)
  (delete rule 2184)
  (delete rule 2198)
  (delete rule 2203)
(39.142857) 7296. L(ldiv(X, x10), X, L3) = ldiv(op(x7, X), op(x10, T2))
  (delete rule 2204)
(39.285713) 7297. rdiv(op(X, T3), op(L2, x10)) -> R(rdiv(X, x10), x10, L3)
  (delete rule 2205)
(39.285713) 7298. ldiv(op(x10, T2), op(x7, X)) -> L(ldiv(x10, X), x10, L3)
  (delete rule 2214)
(42.0) 7299. op(op(L2, x10), ldiv(T3, zero)) -> R(x10, L3, rdiv(zero, L2))
  (delete rule 2228)
  (delete rule 2233)
(48.85714) 7300. R(X, rdiv(Y, X), rdiv(Z, ldiv(X, Y))) = rdiv(op(Y, ldiv(ldiv(X, Y), Z)), Z)
  (delete rule 2234)
(50.285713) 7301. R(X, rdiv(zero, X), rdiv(Y, ldiv(X, zero))) = rdiv(ldiv(ldiv(X, zero), Y), Y)
  (delete rule 2250)
  (delete rule 2273)
  (delete rule 2296)
  (delete rule 2301)
(44.285713) 7302. R(rdiv(rdiv(X, T3), x10), x10, L3) -> rdiv(X, op(L2, x10))
  (delete rule 2302)
(44.285713) 7303. L(ldiv(x10, ldiv(x7, X)), x10, L3) -> ldiv(op(x10, T2), X)
  (delete rule 2309)
  (delete rule 2310)
  (delete rule 2312)
(42.57143) 7304. op(X, a(X, Y, ldiv(Y, X))) -> R(X, Y, rdiv(X, Y))
  (delete rule 2313)
  (delete rule 2314)
  (delete rule 2315)
  (delete rule 2316)
  (delete rule 2317)
  (delete rule 2318)
  (delete rule 2319)
  (delete rule 2320)
  (delete rule 2322)
(44.571426) 7305. L(X, L(T3, x10, L3), Y) -> L(X, L2, Y)
  (delete rule 2323)
(44.571426) 7306. L(X, Y, L(T3, x10, L3)) -> L(X, Y, L3)
  (delete rule 2327)
  (delete rule 2333)
  (delete rule 2336)
  (delete rule 2337)
  (delete rule 2340)
  (delete rule 2341)
  (delete rule 2345)
  (delete rule 2349)
  (delete rule 2352)
  (delete rule 2354)
  (delete rule 2357)
  (delete rule 2358)
(44.714287) 7307. T(rdiv(op(X, rdiv(Y, X)), X), Y) -> L(rdiv(Y, X), X, rdiv(Y, X))
  (delete rule 2360)
  (delete rule 2361)
  (delete rule 2363)
  (delete rule 2364)
  (delete rule 2365)
  (delete rule 2380)
(44.57143) 7308. rdiv(op(X, Y), L(Y, X, Y)) -> op(X, a(Y, X, Y))
  (delete rule 2381)
  (delete rule 2382)
  (delete rule 2383)
  (delete rule 2384)
  (delete rule 2387)
  (delete rule 2388)
  (delete rule 2398)
  (delete rule 2399)
  (delete rule 2400)
  (delete rule 2406)
  (delete rule 2407)
  (delete rule 2408)
  (delete rule 2410)
(45.571426) 7309. K(op(X, op(T3, x10)), Y) -> K(op(X, op(L3, x10)), Y)
  (delete rule 2418)
  (delete rule 2422)
  (delete rule 2429)
  (delete rule 2431)
(46.0) 7310. ldiv(T3, T(op(L2, x10), x10)) -> R(x10, L3, x10)
  (delete rule 2432)
  (delete rule 2436)
(47.85714) 7311. L(X, rdiv(Y, a(?, ?, ?)), X) -> L(X, Y, X)
  (delete rule 2444)
(46.14286) 7312. K(op(X, ldiv(Y, Z)), W) -> K(rdiv(X, rdiv(Y, Z)), W)
  (delete rule 2447)
(46.14286) 7313. K(op(rdiv(X, Y), Z), W) -> K(rdiv(X, rdiv(Y, Z)), W)
  (delete rule 2448)
  (delete rule 2450)
(53.714287) 7314. T(X, rdiv(Y, rdiv(K(Z, Y), Z))) -> T(X, op(Y, Z))
  (delete rule 2460)
  (delete rule 2465)
  (delete rule 2481)
  (delete rule 2484)
  (delete rule 2493)
  (delete rule 2505)
(44.285713) 7315. op(R(X, x10, L3), op(x10, x7)) -> op(op(X, x10), x7)
  (delete rule 2526)
(44.285713) 7316. op(op(T3, x10), L(X, x10, L3)) -> op(T3, op(x10, X))
  (delete rule 2530)
  (delete rule 2536)
  (delete rule 2537)
  (delete rule 2538)
  (delete rule 2544)
(44.571426) 7317. L(X, R(T3, x10, L3), Y) -> L(X, L2, Y)
  (delete rule 2548)
  (delete rule 2549)
  (delete rule 2553)
  (delete rule 2554)
(46.571426) 7318. L(X, R(x7, x10, L3), Y) -> L(X, T2, Y)
  (delete rule 2556)
  (delete rule 2558)
(46.571426) 7319. L(X, Y, R(x7, x10, L3)) -> L(X, Y, L3)
  (delete rule 2559)
(46.571426) 7320. L(X, Y, R(T3, x10, L3)) -> L(X, Y, L3)
  (delete rule 2669)
  (delete rule 2671)
  (delete rule 2674)
  (delete rule 2675)
  (delete rule 2704)
  (delete rule 2740)
  (delete rule 2748)
  (delete rule 2759)
  (delete rule 2762)
  (delete rule 2773)
  (delete rule 2810)
(40.285713) 7321. op(T(L3, X), L2) -> op(L3, T(L2, X))
  (delete rule 2811)
  (delete rule 2821)
(40.285713) 7322. op(rdiv(X, L3), x7) -> rdiv(X, rdiv(L3, x7))
  (delete rule 2822)
(40.285713) 7323. op(rdiv(X, x7), L3) -> rdiv(X, rdiv(x7, L3))
  (delete rule 2823)
(40.285713) 7324. op(rdiv(X, L3), L2) -> rdiv(X, rdiv(L3, L2))
  (delete rule 2826)
(40.285713) 7325. op(rdiv(X, L2), L3) -> rdiv(X, rdiv(L2, L3))
  (delete rule 2842)
  (delete rule 2855)
(41.0) 7326. rdiv(rdiv(T2, L3), x7) -> rdiv(rdiv(T3, L3), L2)
  (delete rule 2871)
  (delete rule 2877)
  (delete rule 2888)
  (delete rule 2889)
  (delete rule 2890)
  (delete rule 2891)
  (delete rule 2893)
  (delete rule 2897)
  (delete rule 2901)
  (delete rule 2925)
(42.0) 7327. T(L2, op(L3, L3)) -> L(L2, L3, L3)
  (delete rule 2931)
(42.285713) 7328. op(T(T3, X), T2) -> op(T3, T(T2, X))
  (delete rule 2937)
(53.714287) 7329. L(ldiv(X, rdiv(L2, x7)), X, L3) -> ldiv(op(T2, X), T3)
  (delete rule 2943)
  (delete rule 2945)
(42.285713) 7330. op(rdiv(X, x7), T3) -> rdiv(X, rdiv(x7, T3))
  (delete rule 2946)
  (delete rule 2971)
  (delete rule 2974)
  (delete rule 2987)
  (delete rule 2990)
  (delete rule 3003)
  (delete rule 3004)
  (delete rule 3006)
  (delete rule 3015)
  (delete rule 3020)
  (delete rule 3022)
  (delete rule 3024)
  (delete rule 3025)
  (delete rule 3034)
  (delete rule 3037)
  (delete rule 3047)
  (delete rule 3052)
  (delete rule 3055)
  (delete rule 3061)
  (delete rule 3062)
(42.0) 7331. T(x7, op(L3, L3)) -> L(x7, L3, L3)
  (delete rule 3063)
(42.0) 7332. T(T3, op(L3, L3)) -> L(T3, L3, L3)
  (delete rule 3064)
  (delete rule 3066)
  (delete rule 3070)
  (delete rule 3076)
  (delete rule 3077)
  (delete rule 3079)
  (delete rule 3082)
  (delete rule 3090)
  (delete rule 3103)
  (delete rule 3108)
(46.714287) 7333. ldiv(X, T(op(T2, X), L3)) -> R(T2, X, L3)
  (delete rule 3109)
  (delete rule 3110)
  (delete rule 3111)
  (delete rule 3112)
  (delete rule 3113)
  (delete rule 3116)
  (delete rule 3117)
  (delete rule 3118)
  (delete rule 3119)
  (delete rule 3122)
  (delete rule 3132)
  (delete rule 3138)
  (delete rule 3140)
  (delete rule 3146)
  (delete rule 3147)
  (delete rule 3151)
  (delete rule 3161)
  (delete rule 3165)
  (delete rule 3168)
  (delete rule 3169)
(41.0) 7334. rdiv(rdiv(L3, x7), T3) -> rdiv(rdiv(L3, L2), T2)
  (delete rule 3170)
  (delete rule 3177)
  (delete rule 3200)
  (delete rule 3201)
  (delete rule 3203)
  (delete rule 3210)
  (delete rule 3213)
(52.285717) 7335. rdiv(L2, ldiv(rdiv(rdiv(T2, T3), X), x7)) -> rdiv(zero, X)
  (delete rule 3217)
  (delete rule 3219)
  (delete rule 3223)
  (delete rule 3235)
  (delete rule 3242)
  (delete rule 3244)
  (delete rule 3254)
  (delete rule 3260)
  (delete rule 3261)
  (delete rule 3262)
  (delete rule 3263)
  (delete rule 3269)
  (delete rule 3271)
  (delete rule 3274)
  (delete rule 3279)
  (delete rule 3283)
  (delete rule 3299)
  (delete rule 3301)
  (delete rule 3302)
  (delete rule 3303)
  (delete rule 3320)
  (delete rule 3323)
  (delete rule 3324)
  (delete rule 3329)
  (delete rule 3334)
  (delete rule 3335)
  (delete rule 3349)
  (delete rule 3351)
  (delete rule 3353)
  (delete rule 3354)
  (delete rule 3356)
  (delete rule 3357)
  (delete rule 3358)
  (delete rule 3359)
  (delete rule 3360)
  (delete rule 3365)
  (delete rule 3366)
  (delete rule 3367)
  (delete rule 3369)
  (delete rule 3371)
  (delete rule 3372)
  (delete rule 3373)
  (delete rule 3374)
  (delete rule 3375)
  (delete rule 3380)
  (delete rule 3382)
  (delete rule 3383)
  (delete rule 3387)
(44.0) 7336. rdiv(T2, a(L3, L3, L3)) -> L(T2, L3, L3)
  (delete rule 3388)
(44.0) 7337. rdiv(x7, a(L3, L3, L3)) -> L(x7, L3, L3)
  (delete rule 3389)
(44.0) 7338. rdiv(L2, a(L3, L3, L3)) -> L(L2, L3, L3)
  (delete rule 3390)
  (delete rule 3391)
  (delete rule 3392)
  (delete rule 3393)
  (delete rule 3394)
  (delete rule 3395)
  (delete rule 3396)
  (delete rule 3397)
  (delete rule 3398)
  (delete rule 3406)
  (delete rule 3416)
  (delete rule 3418)
  (delete rule 3419)
  (delete rule 3425)
  (delete rule 3427)
  (delete rule 3428)
  (delete rule 3429)
  (delete rule 3431)
(53.0) 7339. R(ldiv(T2, zero), L3, rdiv(zero, T2)) -> T(ldiv(T2, zero), L3)
  (delete rule 3433)
  (delete rule 3434)
(41.0) 7340. ldiv(L3, op(x10, T2)) -> rdiv(x10, rdiv(L3, x7))
  (delete rule 3435)
(42.0) 7341. T(x7, op(L3, x10)) -> L(T2, x10, L3)
  (delete rule 3438)
  (delete rule 3439)
  (delete rule 3441)
  (delete rule 3443)
  (delete rule 3444)
  (delete rule 3446)
  (delete rule 3449)
  (delete rule 3450)
  (delete rule 3452)
  (delete rule 3453)
  (delete rule 3454)
  (delete rule 3455)
  (delete rule 3457)
  (delete rule 3458)
(53.0) 7342. T(op(ldiv(L3, x10), L3), L3) -> op(ldiv(T3, x10), L2)
  (delete rule 3459)
  (delete rule 3460)
  (delete rule 3461)
  (delete rule 3462)
  (delete rule 3463)
  (delete rule 3464)
  (delete rule 3465)
  (delete rule 3466)
  (delete rule 3469)
  (delete rule 3470)
  (delete rule 3471)
  (delete rule 3472)
  (delete rule 3473)
  (delete rule 3477)
  (delete rule 3478)
  (delete rule 3479)
  (delete rule 3480)
  (delete rule 3481)
  (delete rule 3482)
  (delete rule 3483)
  (delete rule 3484)
  (delete rule 3485)
  (delete rule 3486)
  (delete rule 3487)
  (delete rule 3489)
  (delete rule 3494)
  (delete rule 3504)
  (delete rule 3505)
  (delete rule 3507)
  (delete rule 3517)
  (delete rule 3527)
  (delete rule 3529)
  (delete rule 3531)
  (delete rule 3532)
  (delete rule 3533)
  (delete rule 3535)
(42.285713) 7343. ldiv(rdiv(L2, X), L3) -> rdiv(X, rdiv(L2, L3))
  (delete rule 3539)
(44.285713) 7344. ldiv(rdiv(T3, X), L3) -> rdiv(X, rdiv(T3, L3))
  (delete rule 3541)
  (delete rule 3542)
  (delete rule 3543)
  (delete rule 3544)
(44.0) 7345. T(L2, op(L3, x10)) -> L(T3, x10, L3)
  (delete rule 3546)
  (delete rule 3547)
  (delete rule 3552)
  (delete rule 3554)
  (delete rule 3555)
  (delete rule 3557)
(61.57143) 7346. T(X, rdiv(L3, rdiv(rdiv(T2, Y), L3))) -> T(X, op(Y, L3))
  (delete rule 3560)
  (delete rule 3561)
  (delete rule 3565)
(45.714287) 7347. L(op(X, a(x7, x10, X)), x10, L3) -> X
  (delete rule 3566)
  (delete rule 3572)
  (delete rule 3573)
  (delete rule 3574)
  (delete rule 3582)
  (delete rule 3583)
(42.285713) 7348. ldiv(L3, op(x7, X)) -> rdiv(X, rdiv(L3, x7))
  (delete rule 3593)
  (delete rule 3594)
  (delete rule 3596)
  (delete rule 3599)
  (delete rule 3600)
  (delete rule 3601)
  (delete rule 3604)
  (delete rule 3606)
  (delete rule 3615)
  (delete rule 3621)
(61.85714) 7349. rdiv(L3, rdiv(L3, op(T2, a(X, Y, Z)))) -> op(T2, a(X, Y, Z))
  (delete rule 3622)
  (delete rule 3623)
(61.85714) 7350. rdiv(L3, rdiv(L3, op(L2, a(X, Y, Z)))) -> op(L2, a(X, Y, Z))
  (delete rule 3624)
  (delete rule 3625)
(61.85714) 7351. rdiv(L2, rdiv(L2, op(x7, a(X, Y, Z)))) -> op(x7, a(X, Y, Z))
  (delete rule 3629)
  (delete rule 3630)
  (delete rule 3640)
  (delete rule 3641)
  (delete rule 3642)
  (delete rule 3644)
  (delete rule 3645)
  (delete rule 3646)
  (delete rule 3647)
  (delete rule 3656)
  (delete rule 3657)
  (delete rule 3658)
  (delete rule 3659)
  (delete rule 3660)
  (delete rule 3661)
  (delete rule 3678)
  (delete rule 3679)
  (delete rule 3680)
  (delete rule 3681)
  (delete rule 3682)
  (delete rule 3683)
  (delete rule 3685)
(46.0) 7352. a(x7, rdiv(zero, T2), x7) -> a(L3, rdiv(zero, T2), L3)
  (delete rule 3686)
(68.0) 7353. K(op(L3, op(x10, op(L2, x10))), op(L3, x10)) -> a(op(T3, x10), op(L2, x10), op(T3, x10))
  (delete rule 3687)
  (delete rule 3688)
(46.0) 7354. ldiv(L(x7, L3, L3), T2) -> rdiv(T3, L(L2, L3, L3))
  (delete rule 3689)
(46.0) 7355. rdiv(T3, a(L3, L3, L3)) -> L(T3, L3, L3)
  (delete rule 3690)
  (delete rule 3691)
(45.0) 7356. a(L3, rdiv(zero, L2), L3) -> K(L3, rdiv(zero, L3))
  (delete rule 3692)
  (delete rule 3693)
  (delete rule 3694)
(54.0) 7357. ldiv(ldiv(L(T3, x10, L3), L3), L3) -> L(T3, x10, L3)
  (delete rule 3695)
(66.0) 7358. L(T(T3, rdiv(L3, L(T3, x10, L3))), x10, L3) -> L(T3, x10, L3)
  (delete rule 3696)
(46.0) 7359. rdiv(L2, a(L3, x10, L3)) -> L(L2, x10, L3)
  (delete rule 3697)
(46.0) 7360. rdiv(L2, L(L2, x10, L3)) -> a(L3, x10, L3)
  (delete rule 3698)
(46.0) 7361. ldiv(L(L2, L3, L3), x7) -> rdiv(T2, L(T3, L3, L3))
  (delete rule 3704)
  (delete rule 3708)
  (delete rule 3709)
  (delete rule 3710)
  (delete rule 3713)
  (delete rule 3716)
  (delete rule 3734)
  (delete rule 3735)
  (delete rule 3738)
  (delete rule 3739)
  (delete rule 3742)
  (delete rule 3743)
  (delete rule 3752)
  (delete rule 3753)
  (delete rule 3756)
  (delete rule 3758)
(40.285713) 7362. op(T2, ldiv(L2, X)) -> rdiv(X, rdiv(L2, T2))
  (delete rule 3760)
  (delete rule 3762)
  (delete rule 3763)
  (delete rule 3774)
  (delete rule 3781)
  (delete rule 3782)
  (delete rule 3783)
  (delete rule 3784)
  (delete rule 3797)
  (delete rule 3798)
  (delete rule 3800)
  (delete rule 3801)
  (delete rule 3802)
  (delete rule 3806)
  (delete rule 3808)
  (delete rule 3809)
  (delete rule 3810)
  (delete rule 3812)
  (delete rule 3814)
  (delete rule 3815)
  (delete rule 3825)
  (delete rule 3826)
(46.285713) 7363. rdiv(T2, ldiv(rdiv(zero, X), T3)) -> rdiv(rdiv(T2, T3), X)
  (delete rule 3835)
  (delete rule 3837)
(39.285713) 7364. L(X, T2, L3) -> L(X, L3, L3)
  (delete rule 3838)
  (delete rule 3840)
  (delete rule 3843)
  (delete rule 3856)
  (delete rule 3857)
  (delete rule 3859)
  (delete rule 3862)
  (delete rule 3870)
  (delete rule 3872)
  (delete rule 3878)
  (delete rule 3879)
  (delete rule 3880)
  (delete rule 3881)
  (delete rule 3883)
  (delete rule 3886)
  (delete rule 3889)
  (delete rule 3890)
  (delete rule 3891)
  (delete rule 3892)
  (delete rule 3894)
  (delete rule 3903)
  (delete rule 3906)
(46.285713) 7365. rdiv(T2, ldiv(rdiv(zero, X), L3)) -> rdiv(rdiv(T2, L3), X)
  (delete rule 3912)
  (delete rule 3914)
  (delete rule 3917)
  (delete rule 3918)
  (delete rule 3925)
  (delete rule 3927)
(54.285717) 7366. rdiv(L2, ldiv(ldiv(X, rdiv(T2, T3)), x7)) -> ldiv(X, zero)
  (delete rule 3928)
  (delete rule 3932)
  (delete rule 3935)
  (delete rule 3937)
  (delete rule 3944)
  (delete rule 3950)
  (delete rule 3952)
  (delete rule 3953)
  (delete rule 3954)
  (delete rule 3960)
  (delete rule 3961)
(46.285713) 7367. rdiv(L3, ldiv(rdiv(zero, X), T2)) -> rdiv(rdiv(L3, T2), X)
  (delete rule 3965)
  (delete rule 3966)
  (delete rule 3967)
  (delete rule 3972)
  (delete rule 3973)
  (delete rule 3974)
  (delete rule 3975)
  (delete rule 3976)
  (delete rule 3980)
  (delete rule 3983)
  (delete rule 3984)
  (delete rule 3987)
  (delete rule 3988)
  (delete rule 3992)
  (delete rule 3993)
  (delete rule 3996)
  (delete rule 3997)
  (delete rule 3998)
  (delete rule 3999)
  (delete rule 4005)
  (delete rule 4008)
  (delete rule 4009)
(46.0) 7368. rdiv(L(T2, L3, L3), L3) -> rdiv(T2, R(L3, L3, L3))
  (delete rule 4010)
  (delete rule 4013)
  (delete rule 4019)
  (delete rule 4026)
  (delete rule 4033)
  (delete rule 4035)
  (delete rule 4050)
  (delete rule 4051)
  (delete rule 4052)
  (delete rule 4054)
  (delete rule 4055)
  (delete rule 4064)
  (delete rule 4065)
  (delete rule 4066)
  (delete rule 4073)
  (delete rule 4074)
  (delete rule 4077)
  (delete rule 4084)
  (delete rule 4085)
  (delete rule 4086)
  (delete rule 4087)
  (delete rule 4094)
  (delete rule 4098)
  (delete rule 4107)
  (delete rule 4108)
  (delete rule 4110)
  (delete rule 4112)
  (delete rule 4113)
(44.0) 7369. ldiv(T2, R(x7, L3, L3)) -> rdiv(L2, L(T3, L3, L3))
  (delete rule 4114)
  (delete rule 4122)
  (delete rule 4123)
  (delete rule 4124)
  (delete rule 4126)
  (delete rule 4130)
  (delete rule 4134)
(41.0) 7370. T(R(x7, x10, L3), op(L3, x10)) -> T2
  (delete rule 4135)
  (delete rule 4136)
  (delete rule 4137)
  (delete rule 4138)
  (delete rule 4140)
  (delete rule 4141)
  (delete rule 4144)
  (delete rule 4146)
  (delete rule 4147)
  (delete rule 4150)
(45.0) 7371. op(x10, rdiv(x10, rdiv(x10, T2))) -> op(L2, op(ldiv(L2, x10), x7))
  (delete rule 4151)
(43.0) 7372. R(x10, rdiv(T2, x10), x10) -> ldiv(ldiv(x10, L2), T3)
  (delete rule 4152)
(45.0) 7373. T(R(T3, x10, L3), op(L3, x10)) -> T(T3, x10)
  (delete rule 4153)
  (delete rule 4154)
  (delete rule 4155)
  (delete rule 4160)
  (delete rule 4164)
  (delete rule 4165)
  (delete rule 4173)
(46.0) 7374. rdiv(T2, L(x7, L3, L3)) -> rdiv(T3, L(L2, L3, L3))
  (delete rule 4174)
(46.0) 7375. ldiv(T2, L(x7, L3, L3)) -> rdiv(L(x7, L3, L3), T2)
  (delete rule 4175)
(46.0) 7376. rdiv(R(T2, L3, L3), x7) -> rdiv(T3, L(L2, L3, L3))
  (delete rule 4176)
(46.0) 7377. rdiv(T2, K(L3, op(L3, x10))) -> R(x7, x10, L3)
  (delete rule 4177)
  (delete rule 4178)
  (delete rule 4179)
  (delete rule 4180)
  (delete rule 4181)
(46.0) 7378. ldiv(L(T3, L3, L3), L2) -> rdiv(L2, L(T3, L3, L3))
  (delete rule 4182)
(46.0) 7379. ldiv(L2, R(T3, L3, L3)) -> rdiv(T3, L(L2, L3, L3))
  (delete rule 4183)
  (delete rule 4184)
  (delete rule 4185)
  (delete rule 4186)
(46.0) 7380. rdiv(R(L2, L3, L3), T3) -> rdiv(L2, L(T3, L3, L3))
  (delete rule 4187)
  (delete rule 4195)
  (delete rule 4196)
  (delete rule 4210)
(44.0) 7381. rdiv(T3, K(L3, op(L3, x10))) -> R(L2, x10, L3)
  (delete rule 4213)
  (delete rule 4215)
  (delete rule 4216)
  (delete rule 4217)
  (delete rule 4219)
  (delete rule 4220)
  (delete rule 4221)
  (delete rule 4222)
  (delete rule 4223)
  (delete rule 4224)
  (delete rule 4225)
  (delete rule 4234)
  (delete rule 4235)
  (delete rule 4236)
  (delete rule 4238)
  (delete rule 4241)
(46.0) 7382. ldiv(T3, K(L3, op(L3, x10))) -> ldiv(R(L2, x10, L3), zero)
  (delete rule 4243)
(46.0) 7383. rdiv(R(T3, L3, L3), L2) -> rdiv(T3, L(L2, L3, L3))
  (delete rule 4244)
  (delete rule 4246)
(44.285713) 7384. op(T(x10, L3), T(T2, X)) -> op(x10, T(x7, X))
  (delete rule 4250)
  (delete rule 4253)
  (delete rule 4258)
(46.285713) 7385. T(X, op(L3, L(T3, x10, L3))) -> T(X, op(L3, L3))
  (delete rule 4260)
  (delete rule 4263)
(46.285713) 7386. op(op(x10, x7), L(X, x10, L3)) -> op(x7, op(T(x10, L3), X))
  (delete rule 4265)
  (delete rule 4274)
  (delete rule 4275)
  (delete rule 4276)
  (delete rule 4279)
  (delete rule 4289)
(40.285713) 7387. op(rdiv(X, L2), T2) -> rdiv(X, rdiv(L2, T2))
  (delete rule 4292)
  (delete rule 4302)
  (delete rule 4303)
(41.0) 7388. rdiv(op(L2, x10), T2) -> rdiv(L2, ldiv(x10, x7))
  (delete rule 4304)
  (delete rule 4305)
  (delete rule 4306)
  (delete rule 4310)
  (delete rule 4311)
  (delete rule 4312)
  (delete rule 4315)
  (delete rule 4324)
  (delete rule 4325)
  (delete rule 4326)
  (delete rule 4329)
  (delete rule 4330)
  (delete rule 4331)
  (delete rule 4332)
  (delete rule 4333)
  (delete rule 4334)
  (delete rule 4344)
  (delete rule 4345)
(46.285713) 7389. rdiv(L2, ldiv(T(X, L3), x7)) -> ldiv(T2, op(X, T3))
  (delete rule 4346)
  (delete rule 4347)
  (delete rule 4348)
  (delete rule 4349)
  (delete rule 4350)
  (delete rule 4354)
  (delete rule 4355)
(40.0) 7390. rdiv(a(L3, x10, L3), x7) -> rdiv(zero, L(x7, x10, L3))
  (delete rule 4364)
  (delete rule 4365)
  (delete rule 4372)
  (delete rule 4375)
  (delete rule 4376)
  (delete rule 4377)
  (delete rule 4378)
  (delete rule 4379)
  (delete rule 4380)
  (delete rule 4381)
  (delete rule 4382)
(43.0) 7391. rdiv(L3, ldiv(rdiv(x10, L3), T3)) -> rdiv(x10, T3)
  (delete rule 4383)
  (delete rule 4384)
  (delete rule 4386)
(59.57143) 7392. T(X, rdiv(L3, rdiv(rdiv(T3, Y), L3))) -> T(X, op(Y, L3))
  (delete rule 4388)
(59.57143) 7393. T(X, rdiv(L3, rdiv(rdiv(x7, Y), L3))) -> T(X, op(Y, L3))
  (delete rule 4389)
  (delete rule 4391)
  (delete rule 4392)
(40.0) 7394. ldiv(L(T2, x10, L3), T3) -> rdiv(L2, L(x7, x10, L3))
  (delete rule 4393)
(44.0) 7395. ldiv(L(x7, x10, L3), zero) -> ldiv(x7, a(L3, x10, L3))
  (delete rule 4394)
(44.0) 7396. rdiv(L(x7, x10, L3), x7) -> rdiv(L2, R(L2, x10, L3))
  (delete rule 4398)
(40.285713) 7397. op(L2, ldiv(L3, X)) -> rdiv(X, rdiv(L3, L2))
  (delete rule 4399)
  (delete rule 4401)
  (delete rule 4402)
  (delete rule 4403)
  (delete rule 4404)
(44.285713) 7398. ldiv(rdiv(L3, X), L2) -> rdiv(X, rdiv(L3, L2))
  (delete rule 4406)
  (delete rule 4407)
  (delete rule 4408)
  (delete rule 4410)
  (delete rule 4412)
  (delete rule 4413)
  (delete rule 4414)
  (delete rule 4415)
  (delete rule 4416)
(45.0) 7399. op(op(x10, x7), op(T3, x10)) -> op(op(L2, x10), op(x10, T2))
  (delete rule 4417)
  (delete rule 4419)
  (delete rule 4420)
  (delete rule 4422)
  (delete rule 4423)
(45.0) 7400. op(L3, rdiv(x10, rdiv(L3, T3))) -> op(T3, x10)
  (delete rule 4424)
  (delete rule 4425)
  (delete rule 4426)
  (delete rule 4427)
  (delete rule 4428)
  (delete rule 4429)
  (delete rule 4430)
  (delete rule 4431)
  (delete rule 4433)
  (delete rule 4437)
  (delete rule 4438)
  (delete rule 4439)
  (delete rule 4440)
  (delete rule 4441)
  (delete rule 4442)
  (delete rule 4443)
  (delete rule 4444)
  (delete rule 4445)
  (delete rule 4446)
  (delete rule 4447)
  (delete rule 4448)
  (delete rule 4449)
  (delete rule 4450)
  (delete rule 4451)
  (delete rule 4452)
  (delete rule 4453)
  (delete rule 4454)
  (delete rule 4462)
  (delete rule 4478)
(46.0) 7401. rdiv(T3, L(T3, L3, L3)) -> a(L3, L3, L3)
  (delete rule 4479)
(46.0) 7402. rdiv(x7, L(T2, L3, L3)) -> rdiv(L2, L(T3, L3, L3))
  (delete rule 4480)
  (delete rule 4481)
  (delete rule 4482)
(46.0) 7403. rdiv(L(T3, x10, L3), x7) -> rdiv(T3, R(x7, x10, L3))
  (delete rule 4483)
  (delete rule 4484)
(60.857143) 7404. ldiv(op(X, rdiv(T2, L(x7, x10, L3))), op(X, T2)) -> L(x7, x10, L3)
  (delete rule 4485)
  (delete rule 4486)
(46.0) 7405. ldiv(R(L2, x10, L3), L3) -> rdiv(L3, R(L2, x10, L3))
  (delete rule 4487)
  (delete rule 4488)
  (delete rule 4489)
  (delete rule 4490)
  (delete rule 4492)
  (delete rule 4493)
  (delete rule 4496)
  (delete rule 4497)
  (delete rule 4499)
(54.285717) 7406. rdiv(L3, ldiv(rdiv(X, rdiv(L3, x7)), x7)) -> X
  (delete rule 4500)
  (delete rule 4503)
  (delete rule 4512)
(62.285717) 7407. rdiv(T3, ldiv(rdiv(op(X, L2), L3), L2)) -> rdiv(op(X, T3), L3)
  (delete rule 4513)
(46.285713) 7408. rdiv(L3, rdiv(L3, T(T3, X))) -> T(T3, X)
  (delete rule 4514)
  (delete rule 4515)
  (delete rule 4516)
  (delete rule 4520)
  (delete rule 4522)
  (delete rule 4523)
  (delete rule 4524)
  (delete rule 4525)
  (delete rule 4526)
  (delete rule 4530)
  (delete rule 4533)
  (delete rule 4536)
  (delete rule 4537)
(42.285713) 7409. op(L3, ldiv(x7, X)) -> rdiv(X, rdiv(x7, L3))
  (delete rule 4540)
(44.285713) 7410. op(L3, ldiv(L2, X)) -> rdiv(X, rdiv(L2, L3))
  (delete rule 4542)
(42.285713) 7411. op(x7, ldiv(L3, X)) -> rdiv(X, rdiv(L3, x7))
  (delete rule 4551)
  (delete rule 4556)
  (delete rule 4559)
  (delete rule 4560)
  (delete rule 4564)
  (delete rule 4572)
  (delete rule 4573)
  (delete rule 4576)
  (delete rule 4579)
  (delete rule 4581)
  (delete rule 4584)
  (delete rule 4585)
  (delete rule 4586)
  (delete rule 4587)
  (delete rule 4588)
  (delete rule 4589)
  (delete rule 4590)
  (delete rule 4593)
  (delete rule 4594)
(46.428574) 7412. K(rdiv(L3, L(x7, x10, L3)), X) -> zero
  (delete rule 4595)
(46.428574) 7413. K(X, rdiv(L3, L(x7, x10, L3))) -> zero
  (delete rule 4596)
  (delete rule 4597)
  (delete rule 4598)
  (delete rule 4601)
  (delete rule 4602)
  (delete rule 4603)
  (delete rule 4604)
  (delete rule 4605)
(53.428574) 7414. a(ldiv(X, Y), rdiv(Y, X), ldiv(X, Y)) -> a(rdiv(Y, X), rdiv(Y, X), rdiv(Y, X))
  (delete rule 4606)
  (delete rule 4607)
  (delete rule 4613)
  (delete rule 4614)
  (delete rule 4615)
  (delete rule 4616)
  (delete rule 4618)
  (delete rule 4623)
  (delete rule 4625)
  (delete rule 4626)
  (delete rule 4632)
  (delete rule 4636)
  (delete rule 4637)
  (delete rule 4641)
  (delete rule 4647)
  (delete rule 4648)
  (delete rule 4649)
  (delete rule 4650)
  (delete rule 4651)
  (delete rule 4652)
  (delete rule 4653)
  (delete rule 4654)
  (delete rule 4655)
  (delete rule 4656)
  (delete rule 4657)
  (delete rule 4658)
  (delete rule 4659)
  (delete rule 4667)
  (delete rule 4671)
  (delete rule 4672)
  (delete rule 4674)
  (delete rule 4678)
(46.714287) 7415. ldiv(ldiv(L2, X), T(X, L3)) -> R(L2, rdiv(X, L2), L3)
  (delete rule 4679)
  (delete rule 4680)
  (delete rule 4681)
  (delete rule 4682)
(46.714287) 7416. ldiv(ldiv(T2, X), T(X, L3)) -> R(T2, rdiv(X, T2), L3)
  (delete rule 4683)
  (delete rule 4684)
(37.285713) 7417. a(x7, X, T2) -> a(L3, X, L3)
  (delete rule 4685)
  (delete rule 4686)
  (delete rule 4688)
  (delete rule 4689)
(46.714287) 7418. ldiv(ldiv(x7, X), T(X, L3)) -> R(x7, rdiv(X, T2), L3)
  (delete rule 4690)
  (delete rule 4692)
  (delete rule 4693)
(46.714287) 7419. ldiv(X, T(op(L2, X), L3)) -> R(L2, X, L3)
  (delete rule 4694)
  (delete rule 4695)
  (delete rule 4696)
  (delete rule 4697)
  (delete rule 4698)
(46.714287) 7420. ldiv(X, T(op(x7, X), L3)) -> R(x7, X, L3)
  (delete rule 4699)
  (delete rule 4700)
  (delete rule 4701)
  (delete rule 4702)
  (delete rule 4707)
(61.142853) 7421. rdiv(X, rdiv(X, T(T(ldiv(Y, X), X), Y))) -> T(ldiv(Y, X), X)
  (delete rule 4712)
  (delete rule 4721)
(47.0) 7422. R(rdiv(zero, T3), L3, L3) -> rdiv(L3, op(L3, T3))
  (delete rule 4722)
(47.0) 7423. R(rdiv(zero, x7), L3, L3) -> rdiv(L3, op(L3, x7))
  (delete rule 4723)
(47.0) 7424. ldiv(R(X, Y, rdiv(Z, op(X, Y))), Z) -> op(Y, ldiv(op(X, Y), Z))
  (delete rule 4741)
  (delete rule 4745)
(47.0) 7425. rdiv(L(T3, L3, L3), T3) -> K(L3, op(L3, L3))
  (delete rule 4747)
  (delete rule 4748)
  (delete rule 4752)
  (delete rule 4753)
  (delete rule 4754)
(47.0) 7426. op(R(L2, L3, L3), rdiv(T3, R(L2, L3, L3))) -> T3
  (delete rule 4755)
(47.0) 7427. op(R(x7, L3, L3), rdiv(T2, R(x7, L3, L3))) -> T2
  (delete rule 4756)
  (delete rule 4758)
(47.0) 7428. L(ldiv(x7, zero), L3, L3) -> ldiv(op(L3, x7), L3)
  (delete rule 4762)
  (delete rule 4764)
(47.0) 7429. op(x10, rdiv(x10, rdiv(x10, T3))) -> op(L3, op(ldiv(L3, x10), L2))
  (delete rule 4769)
  (delete rule 4771)
  (delete rule 4772)
  (delete rule 4775)
  (delete rule 4776)
  (delete rule 4777)
  (delete rule 4778)
  (delete rule 4780)
(47.0) 7430. ldiv(L(x7, x10, L3), L(T2, x10, L3)) -> rdiv(T3, L2)
  (delete rule 4781)
  (delete rule 4782)
(46.0) 7431. rdiv(L2, rdiv(L2, L(x7, x10, L3))) -> L(x7, x10, L3)
  (delete rule 4783)
(45.0) 7432. op(L(x7, x10, L3), rdiv(L2, L(x7, x10, L3))) -> L2
  (delete rule 4784)
  (delete rule 4785)
  (delete rule 4786)
  (delete rule 4787)
  (delete rule 4788)
  (delete rule 4789)
  (delete rule 4790)
  (delete rule 4794)
(47.0) 7433. L(X, rdiv(L3, X), X) = rdiv(L2, rdiv(L2, T(X, L3)))
  (delete rule 4797)
  (delete rule 4798)
  (delete rule 4799)
  (delete rule 4800)
(47.0) 7434. a(L3, rdiv(zero, x7), L3) -> K(L3, rdiv(zero, L3))
  (delete rule 4801)
(47.0) 7435. a(L3, rdiv(zero, T2), L3) -> K(L3, rdiv(zero, L3))
  (delete rule 4802)
  (delete rule 4803)
  (delete rule 4804)
  (delete rule 4806)
  (delete rule 4807)
  (delete rule 4808)
  (delete rule 4809)
  (delete rule 4810)
  (delete rule 4812)
  (delete rule 4813)
  (delete rule 4815)
  (delete rule 4816)
  (delete rule 4817)
  (delete rule 4819)
  (delete rule 4821)
(55.0) 7436. R(ldiv(x7, zero), L3, rdiv(zero, T2)) -> T(ldiv(x7, zero), L3)
  (delete rule 4822)
  (delete rule 4823)
  (delete rule 4824)
  (delete rule 4825)
  (delete rule 4826)
  (delete rule 4827)
  (delete rule 4828)
(55.0) 7437. R(ldiv(L2, zero), L3, rdiv(zero, L2)) -> T(ldiv(L2, zero), L3)
  (delete rule 4829)
  (delete rule 4830)
  (delete rule 4831)
(47.0) 7438. a(ldiv(x7, zero), L3, ldiv(x7, zero)) -> K(rdiv(zero, L3), L3)
  (delete rule 4832)
  (delete rule 4834)
  (delete rule 4835)
  (delete rule 4836)
  (delete rule 4837)
  (delete rule 4838)
  (delete rule 4839)
  (delete rule 4840)
  (delete rule 4841)
  (delete rule 4842)
(47.0) 7439. rdiv(op(L3, x10), T2) -> rdiv(L3, ldiv(x10, x7))
  (delete rule 4844)
  (delete rule 4846)
  (delete rule 4852)
  (delete rule 4853)
  (delete rule 4854)
  (delete rule 4855)
  (delete rule 4856)
  (delete rule 4857)
  (delete rule 4859)
  (delete rule 4860)
  (delete rule 4862)
  (delete rule 4864)
  (delete rule 4865)
  (delete rule 4866)
  (delete rule 4867)
  (delete rule 4868)
  (delete rule 4869)
  (delete rule 4870)
  (delete rule 4871)
  (delete rule 4872)
  (delete rule 4873)
  (delete rule 4876)
  (delete rule 4878)
  (delete rule 4880)
(43.0) 7440. op(op(x10, T2), T(L3, x10)) -> op(op(L3, x10), T2)
  (delete rule 4881)
  (delete rule 4882)
  (delete rule 4885)
(47.0) 7441. op(L2, op(ldiv(L2, x10), T2)) -> op(L3, op(ldiv(L3, x10), T2))
  (delete rule 4886)
(44.0) 7442. L(T2, rdiv(x10, L2), L3) -> L(T2, rdiv(x10, L3), L3)
  (delete rule 4888)
  (delete rule 4889)
  (delete rule 4890)
(47.0) 7443. op(L(x7, x10, L3), a(L3, x10, L3)) -> x7
  (delete rule 4891)
(42.571426) 7444. L(X, L(x7, x10, L3), X) -> L(X, L3, X)
  (delete rule 4892)
  (delete rule 4893)
(47.0) 7445. rdiv(x7, ldiv(x10, T(L3, x10))) -> ldiv(L3, op(x10, x7))
  (delete rule 4894)
  (delete rule 4896)
  (delete rule 4898)
  (delete rule 4904)
  (delete rule 4905)
  (delete rule 4906)
  (delete rule 4907)
  (delete rule 4909)
  (delete rule 4910)
  (delete rule 4911)
  (delete rule 4913)
  (delete rule 4914)
  (delete rule 4915)
  (delete rule 4916)
  (delete rule 4917)
  (delete rule 4918)
  (delete rule 4925)
  (delete rule 4931)
  (delete rule 4932)
  (delete rule 4933)
  (delete rule 4935)
  (delete rule 4936)
  (delete rule 4937)
  (delete rule 4938)
  (delete rule 4939)
(47.0) 7446. L(L(T3, x10, L3), L3, L3) -> L(L(T3, L3, L3), x10, L3)
  (delete rule 4941)
  (delete rule 4942)
  (delete rule 4943)
  (delete rule 4944)
  (delete rule 4947)
(47.0) 7447. L(T2, rdiv(zero, L2), L3) -> rdiv(zero, rdiv(zero, T2))
  (delete rule 4948)
(47.0) 7448. op(L(x7, x10, L3), rdiv(T3, L(x7, x10, L3))) -> T3
  (delete rule 4949)
  (delete rule 4951)
  (delete rule 4952)
  (delete rule 4956)
(47.142853) 7449. ldiv(R(rdiv(X, Y), Y, rdiv(Z, X)), Z) -> op(Y, ldiv(X, Z))
  (delete rule 4963)
  (delete rule 4966)
  (delete rule 4967)
(47.14286) 7450. R(X, rdiv(T2, X), x10) = rdiv(op(x10, T2), op(ldiv(X, x7), x10))
  (delete rule 4968)
(47.14286) 7451. R(X, rdiv(x10, X), L3) = rdiv(op(L2, x10), op(ldiv(X, x10), T3))
  (delete rule 4974)
  (delete rule 4975)
  (delete rule 4976)
  (delete rule 4980)
  (delete rule 4981)
  (delete rule 4986)
  (delete rule 4987)
  (delete rule 4988)
  (delete rule 4990)
  (delete rule 4992)
  (delete rule 4994)
  (delete rule 4997)
  (delete rule 4999)
  (delete rule 5001)
  (delete rule 5003)
  (delete rule 5009)
  (delete rule 5011)
  (delete rule 5017)
  (delete rule 5018)
  (delete rule 5023)
(47.285713) 7452. op(L(x7, X, L3), x7) -> op(x7, L(x7, X, L3))
  (delete rule 5026)
(47.285713) 7453. ldiv(L(x7, X, L3), x7) -> rdiv(x7, L(x7, X, L3))
  (delete rule 5027)
(47.285713) 7454. ldiv(L(T3, X, L3), T3) -> rdiv(T3, L(T3, X, L3))
  (delete rule 5028)
(47.285713) 7455. ldiv(x7, L(x7, X, L3)) -> rdiv(L(x7, X, L3), x7)
  (delete rule 5029)
(47.285713) 7456. ldiv(T3, L(T3, X, L3)) -> rdiv(L(T3, X, L3), T3)
  (delete rule 5030)
(58.0) 7457. rdiv(T(T2, x10), K(L3, op(L3, x10))) -> R(T2, x10, L3)
  (delete rule 5031)
  (delete rule 5032)
  (delete rule 5033)
(47.285713) 7458. op(R(L3, X, L3), T2) -> op(L3, R(T2, X, L3))
  (delete rule 5036)
  (delete rule 5038)
(47.0) 7459. a(ldiv(L2, zero), L3, ldiv(L2, zero)) -> K(rdiv(zero, L3), L3)
  (delete rule 5040)
  (delete rule 5044)
  (delete rule 5045)
(47.285713) 7460. op(L(x7, X, L3), L3) -> op(L3, L(x7, X, L3))
  (delete rule 5046)
  (delete rule 5047)
  (delete rule 5048)
  (delete rule 5049)
  (delete rule 5050)
  (delete rule 5051)
  (delete rule 5052)
  (delete rule 5053)
  (delete rule 5054)
  (delete rule 5055)
  (delete rule 5056)
  (delete rule 5057)
(47.285713) 7461. op(R(T3, X, L3), L3) -> op(L3, R(T3, X, L3))
  (delete rule 5058)
(47.285713) 7462. op(R(T3, X, L3), T2) -> op(T2, R(T3, X, L3))
  (delete rule 5059)
(47.285713) 7463. op(R(T3, X, L3), x7) -> op(x7, R(T3, X, L3))
  (delete rule 5060)
(47.285713) 7464. op(L(x7, X, L3), L2) -> op(L2, L(x7, X, L3))
  (delete rule 5061)
(47.285713) 7465. op(L(x7, X, L3), T3) -> op(T3, L(x7, X, L3))
  (delete rule 5062)
  (delete rule 5063)
  (delete rule 5064)
(47.285713) 7466. L(L2, rdiv(X, T2), L3) -> L(L2, rdiv(X, L2), L3)
  (delete rule 5065)
(47.285713) 7467. op(R(x7, X, L3), L2) -> op(L2, R(x7, X, L3))
  (delete rule 5066)
  (delete rule 5068)
  (delete rule 5069)
(47.285713) 7468. op(R(T2, X, L3), L3) -> op(L3, R(T2, X, L3))
  (delete rule 5070)
  (delete rule 5072)
  (delete rule 5073)
  (delete rule 5074)
  (delete rule 5078)
(47.285713) 7469. rdiv(x7, op(X, a(L3, x10, L3))) -> rdiv(L(x7, x10, L3), X)
  (delete rule 5079)
(42.0) 7470. rdiv(L(x7, x10, L3), L2) -> rdiv(x7, R(L2, x10, L3))
  (delete rule 5080)
(44.0) 7471. ldiv(L2, L(x7, x10, L3)) -> rdiv(x7, R(L2, x10, L3))
  (delete rule 5081)
(47.285713) 7472. rdiv(op(X, x7), a(L3, x10, L3)) -> op(X, L(x7, x10, L3))
  (delete rule 5082)
(47.285713) 7473. ldiv(L(x7, x10, L3), op(x7, X)) -> op(X, a(L3, x10, L3))
  (delete rule 5083)
  (delete rule 5084)
  (delete rule 5085)
(46.0) 7474. ldiv(L3, L(x7, x10, L3)) -> rdiv(L(x7, x10, L3), L3)
  (delete rule 5086)
  (delete rule 5087)
(73.28572) 7475. L(rdiv(X, a(L3, x10, L3)), rdiv(T2, L(x7, x10, L3)), L3) -> ldiv(x7, op(L(x7, x10, L3), X))
  (delete rule 5088)
(47.285713) 7476. L(x7, rdiv(X, T2), L3) -> L(x7, rdiv(X, L3), L3)
  (delete rule 5091)
  (delete rule 5092)
  (delete rule 5096)
  (delete rule 5097)
  (delete rule 5098)
  (delete rule 5099)
  (delete rule 5100)
  (delete rule 5101)
  (delete rule 5102)
(47.285713) 7477. ldiv(R(x7, X, L3), L3) -> rdiv(L3, R(x7, X, L3))
  (delete rule 5103)
(47.285713) 7478. ldiv(L(x7, X, L3), L3) -> rdiv(L3, L(x7, X, L3))
  (delete rule 5108)
(47.285713) 7479. ldiv(T2, L(T3, X, L3)) -> rdiv(L(T3, X, L3), T2)
  (delete rule 5109)
(47.285713) 7480. ldiv(x7, L(T3, X, L3)) -> rdiv(L(T3, X, L3), x7)
  (delete rule 5110)
(47.285713) 7481. ldiv(rdiv(L(x7, x10, L3), X), x7) -> op(X, a(L3, x10, L3))
  (delete rule 5111)
(47.285713) 7482. op(rdiv(X, x7), L(x7, x10, L3)) -> rdiv(X, a(L3, x10, L3))
  (delete rule 5112)
(44.571426) 7483. L(X, L(x7, x10, L3), Y) -> L(X, T2, Y)
  (delete rule 5113)
(46.571426) 7484. L(X, Y, L(x7, x10, L3)) -> L(X, Y, L3)
  (delete rule 5114)
  (delete rule 5115)
(47.285717) 7485. rdiv(op(X, T(x10, L3)), op(L2, x10)) -> R(rdiv(X, T3), L3, x10)
  (delete rule 5116)
(42.0) 7486. rdiv(op(x10, L3), op(L2, x10)) -> R(rdiv(L3, T3), L3, x10)
  (delete rule 5123)
(46.0) 7487. rdiv(x7, L(L2, L3, L3)) -> rdiv(T2, L(T3, L3, L3))
  (delete rule 5125)
  (delete rule 5126)
  (delete rule 5127)
  (delete rule 5130)
  (delete rule 5134)
  (delete rule 5135)
(45.285713) 7488. a(R(X, Y, X), X, R(X, Y, X)) -> a(X, X, X)
  (delete rule 5140)
(47.0) 7489. R(L2, rdiv(zero, T2), L3) -> ldiv(ldiv(L2, zero), zero)
  (delete rule 5141)
  (delete rule 5151)
  (delete rule 5155)
  (delete rule 5158)
(47.428574) 7490. rdiv(X, K(rdiv(Y, rdiv(Z, X)), Z)) = ldiv(Y, op(Z, rdiv(op(Y, X), Z)))
  (delete rule 5159)
(47.428574) 7491. rdiv(X, K(Y, rdiv(Z, rdiv(Y, X)))) = ldiv(Z, op(ldiv(Y, op(Z, X)), Y))
  (delete rule 5161)
(47.571426) 7492. K(op(L3, op(X, T3)), Y) -> K(op(L3, op(X, L2)), Y)
  (delete rule 5162)
(47.571426) 7493. K(op(L3, op(X, x7)), Y) -> K(op(L3, op(X, L3)), Y)
  (delete rule 5163)
  (delete rule 5165)
  (delete rule 5167)
(54.285717) 7494. rdiv(L3, ldiv(rdiv(X, rdiv(L3, L2)), L2)) -> X
  (delete rule 5168)
(47.571426) 7495. T(X, op(L3, op(Y, L3))) = T(X, op(L3, op(L2, Y)))
  (delete rule 5169)
(47.571426) 7496. T(X, op(L3, op(T2, Y))) = T(X, op(L3, op(Y, L3)))
  (delete rule 5172)
  (delete rule 5173)
  (delete rule 5175)
  (delete rule 5176)
  (delete rule 5177)
  (delete rule 5179)
  (delete rule 5181)
  (delete rule 5184)
  (delete rule 5185)
  (delete rule 5188)
  (delete rule 5189)
  (delete rule 5190)
  (delete rule 5191)
  (delete rule 5192)
  (delete rule 5193)
  (delete rule 5194)
  (delete rule 5200)
  (delete rule 5202)
  (delete rule 5203)
  (delete rule 5204)
(47.571426) 7497. K(op(X, op(L3, x10)), Y) = K(op(op(T3, x10), X), Y)
  (delete rule 5210)
  (delete rule 5216)
  (delete rule 5217)
  (delete rule 5222)
  (delete rule 5230)
(47.571426) 7498. op(rdiv(X, rdiv(L3, T2)), Y) -> rdiv(T2, ldiv(op(X, Y), L3))
  (delete rule 5263)
(34.0) 7499. a(x7, x10, x7) -> a(L3, x10, L3)
  (delete rule 5267)
  (delete rule 5268)
  (delete rule 5270)
  (delete rule 5271)
  (delete rule 5276)
  (delete rule 5277)
  (delete rule 5278)
  (delete rule 5289)
(34.57143) 7500. R(X, Y, T3) -> R(X, Y, L3)
  (delete rule 5291)
  (delete rule 5292)
  (delete rule 5293)
  (delete rule 5294)
  (delete rule 5298)
(34.57143) 7501. R(X, T3, Y) -> R(X, L3, Y)
  (delete rule 5299)
(36.57143) 7502. a(X, T3, X) -> a(X, L3, X)
  (delete rule 5301)
(34.57143) 7503. R(X, x7, Y) -> R(X, L3, Y)
  (delete rule 5302)
(36.57143) 7504. a(X, x7, X) -> a(X, L3, X)
  (delete rule 5303)
  (delete rule 5307)
  (delete rule 5308)
  (delete rule 5309)
  (delete rule 5310)
  (delete rule 5312)
  (delete rule 5316)
  (delete rule 5319)
  (delete rule 5320)
  (delete rule 5321)
  (delete rule 5324)
  (delete rule 5325)
  (delete rule 5326)
  (delete rule 5327)
  (delete rule 5329)
  (delete rule 5331)
  (delete rule 5332)
  (delete rule 5333)
  (delete rule 5335)
  (delete rule 5336)
(44.0) 7505. rdiv(L2, R(L2, x10, L3)) -> rdiv(L3, R(L3, x10, L3))
  (delete rule 5337)
(44.0) 7506. op(x7, a(L3, x10, L3)) -> R(x7, x10, L3)
  (delete rule 5338)
  (delete rule 5339)
  (delete rule 5340)
  (delete rule 5341)
  (delete rule 5344)
(51.57143) 7507. rdiv(X, T(ldiv(Y, T(X, Y)), Y)) -> ldiv(ldiv(Y, T(X, Y)), X)
  (delete rule 5345)
  (delete rule 5346)
  (delete rule 5348)
  (delete rule 5363)
(39.0) 7508. ldiv(L2, op(x10, L3)) -> rdiv(L3, ldiv(x10, T3))
  (delete rule 5366)
  (delete rule 5367)
  (delete rule 5368)
  (delete rule 5369)
  (delete rule 5370)
  (delete rule 5371)
  (delete rule 5372)
  (delete rule 5373)
  (delete rule 5374)
  (delete rule 5376)
  (delete rule 5377)
  (delete rule 5378)
  (delete rule 5387)
  (delete rule 5393)
  (delete rule 5395)
(57.0) 7509. op(L(T2, x10, L3), rdiv(L2, L(x7, x10, L3))) -> T3
  (delete rule 5396)
(44.0) 7510. rdiv(T3, L(T2, x10, L3)) -> rdiv(L2, L(x7, x10, L3))
  (delete rule 5398)
  (delete rule 5399)
  (delete rule 5400)
  (delete rule 5401)
  (delete rule 5405)
  (delete rule 5406)
  (delete rule 5407)
  (delete rule 5408)
  (delete rule 5409)
  (delete rule 5411)
  (delete rule 5412)
  (delete rule 5413)
  (delete rule 5414)
  (delete rule 5415)
  (delete rule 5416)
  (delete rule 5417)
  (delete rule 5418)
  (delete rule 5419)
  (delete rule 5420)
  (delete rule 5421)
  (delete rule 5422)
  (delete rule 5423)
  (delete rule 5424)
  (delete rule 5425)
  (delete rule 5426)
  (delete rule 5427)
  (delete rule 5428)
  (delete rule 5453)
  (delete rule 5454)
  (delete rule 5455)
  (delete rule 5456)
  (delete rule 5459)
  (delete rule 5460)
  (delete rule 5465)
  (delete rule 5466)
  (delete rule 5469)
  (delete rule 5476)
  (delete rule 5477)
  (delete rule 5482)
  (delete rule 5483)
  (delete rule 5486)
(41.285713) 7511. op(T2, a(x7, X, x7)) -> T(R(x7, X, L3), x10)
  (delete rule 5487)
(44.0) 7512. L(X, R(x7, Y, L3), X) -> L(X, L3, X)
  (delete rule 5489)
(41.285713) 7513. op(T3, a(L2, X, L2)) -> T(R(L2, X, L3), x10)
  (delete rule 5490)
(46.0) 7514. op(T2, L(L2, L3, L3)) -> op(L2, L(T2, L3, L3))
  (delete rule 5491)
(46.0) 7515. op(x7, L(L2, L3, L3)) -> op(L2, L(x7, L3, L3))
  (delete rule 5492)
  (delete rule 5493)
  (delete rule 5494)
  (delete rule 5495)
  (delete rule 5496)
  (delete rule 5497)
(46.0) 7516. op(L2, L(L3, L3, L3)) -> op(L3, L(L2, L3, L3))
  (delete rule 5498)
(46.0) 7517. op(T2, L(L3, L3, L3)) -> op(L3, L(T2, L3, L3))
  (delete rule 5499)
  (delete rule 5500)
  (delete rule 5501)
  (delete rule 5502)
  (delete rule 5503)
(46.0) 7518. op(T3, a(L3, L3, L3)) -> R(T3, L3, L3)
  (delete rule 5504)
(46.0) 7519. op(x7, a(L3, L3, L3)) -> R(x7, L3, L3)
  (delete rule 5505)
(46.0) 7520. rdiv(L(T2, x10, L3), T2) -> rdiv(L3, R(L3, x10, L3))
  (delete rule 5506)
  (delete rule 5508)
  (delete rule 5510)
(45.0) 7521. op(x7, R(T3, L3, L3)) -> T(op(L2, T2), L3)
  (delete rule 5511)
  (delete rule 5512)
  (delete rule 5513)
(46.0) 7522. ldiv(op(L2, L2), op(x10, L2)) -> L(ldiv(T3, x10), L3, L3)
  (delete rule 5514)
  (delete rule 5515)
(46.142857) 7523. rdiv(X, op(T3, X)) = R(rdiv(zero, T3), L3, X)
  (delete rule 5519)
  (delete rule 5520)
  (delete rule 5521)
  (delete rule 5522)
(46.142857) 7524. rdiv(X, op(x7, X)) = R(rdiv(zero, x7), L3, X)
  (delete rule 5523)
  (delete rule 5524)
  (delete rule 5525)
  (delete rule 5526)
  (delete rule 5532)
(42.571426) 7525. R(X, Y, L(x7, x10, L3)) -> R(X, Y, L3)
  (delete rule 5533)
(44.0) 7526. R(X, Y, R(x7, Z, L3)) -> R(X, Y, L3)
  (delete rule 5535)
(44.571426) 7527. R(X, Y, R(T3, x10, L3)) -> R(X, Y, L3)
  (delete rule 5536)
  (delete rule 5548)
  (delete rule 5553)
  (delete rule 5554)
  (delete rule 5559)
  (delete rule 5562)
  (delete rule 5569)
  (delete rule 5570)
  (delete rule 5571)
  (delete rule 5573)
  (delete rule 5592)
(46.285713) 7528. ldiv(op(x10, x7), T(x7, X)) -> ldiv(op(L2, x10), T(T3, X))
  (delete rule 5593)
  (delete rule 5596)
  (delete rule 5598)
  (delete rule 5601)
  (delete rule 5602)
  (delete rule 5603)
(46.571426) 7529. R(X, R(x7, x10, L3), Y) -> R(X, L3, Y)
  (delete rule 5604)
(46.571426) 7530. R(X, R(T3, x10, L3), Y) -> R(X, L3, Y)
  (delete rule 5605)
  (delete rule 5606)
(46.571426) 7531. R(X, Y, L(T3, x10, L3)) -> R(X, Y, L3)
  (delete rule 5607)
(46.571426) 7532. R(X, L(T3, x10, L3), Y) -> R(X, L3, Y)
  (delete rule 5609)
(46.571426) 7533. L(X, Y, L(T2, x10, L3)) -> L(X, Y, L3)
  (delete rule 5614)
(44.0) 7534. op(R(L2, L3, L3), x10) -> op(x10, R(T3, L3, L3))
  (delete rule 5615)
  (delete rule 5621)
  (delete rule 5625)
  (delete rule 5626)
  (delete rule 5628)
  (delete rule 5634)
  (delete rule 5636)
  (delete rule 5637)
  (delete rule 5639)
  (delete rule 5640)
  (delete rule 5643)
  (delete rule 5651)
(46.571426) 7535. a(X, R(x7, x10, L3), X) -> a(X, L3, X)
  (delete rule 5653)
(46.571426) 7536. R(X, L(x7, x10, L3), Y) -> R(X, L3, Y)
  (delete rule 5657)
(46.571426) 7537. a(X, L(T3, x10, L3), X) -> a(X, L3, X)
  (delete rule 5663)
  (delete rule 5665)
  (delete rule 5669)
  (delete rule 5671)
  (delete rule 5674)
  (delete rule 5675)
(46.428574) 7538. ldiv(R(X, Y, rdiv(X, Y)), X) -> rdiv(X, R(X, Y, rdiv(X, Y)))
  (delete rule 5678)
  (delete rule 5679)
  (delete rule 5681)
  (delete rule 5683)
  (delete rule 5684)
  (delete rule 5685)
  (delete rule 5686)
  (delete rule 5687)
  (delete rule 5688)
  (delete rule 5689)
  (delete rule 5692)
  (delete rule 5693)
  (delete rule 5699)
(47.0) 7539. op(L(x7, x10, L3), rdiv(T2, L(x7, x10, L3))) -> T2
  (delete rule 5701)
(47.0) 7540. rdiv(op(T3, x10), T(L3, x10)) -> rdiv(x10, rdiv(L3, T3))
  (delete rule 5702)
  (delete rule 5703)
  (delete rule 5707)
(47.0) 7541. op(rdiv(L2, rdiv(T3, x7)), T2) -> op(x7, x7)
  (delete rule 5711)
  (delete rule 5712)
(47.0) 7542. op(T3, R(T3, L3, L3)) -> T(op(T3, T3), L3)
  (delete rule 5713)
  (delete rule 5714)
  (delete rule 5715)
  (delete rule 5716)
  (delete rule 5718)
  (delete rule 5719)
  (delete rule 5720)
  (delete rule 5721)
  (delete rule 5727)
  (delete rule 5729)
(47.0) 7543. op(L2, rdiv(L3, ldiv(x10, T3))) -> op(x10, L3)
  (delete rule 5730)
  (delete rule 5731)
  (delete rule 5733)
(47.0) 7544. op(T3, R(L2, L3, L3)) -> T(op(L2, T3), L3)
  (delete rule 5734)
(47.0) 7545. op(x7, R(T2, L3, L3)) -> T(op(T2, x7), L3)
  (delete rule 5736)
(47.0) 7546. L(rdiv(L3, x7), L3, L3) -> rdiv(L3, x7)
  (delete rule 5737)
(47.0) 7547. L(rdiv(T3, x7), L3, L3) -> rdiv(T3, x7)
  (delete rule 5741)
  (delete rule 5745)
  (delete rule 5746)
  (delete rule 5747)
  (delete rule 5748)
  (delete rule 5754)
  (delete rule 5756)
  (delete rule 5758)
  (delete rule 5760)
  (delete rule 5762)
(47.14286) 7548. R(X, Y, rdiv(T(T2, Z), L2)) -> X
  (delete rule 5766)
  (delete rule 5767)
(47.14286) 7549. R(X, rdiv(T(T2, Y), L2), Z) -> X
  (delete rule 5770)
  (delete rule 5771)
  (delete rule 5772)
  (delete rule 5773)
(47.285713) 7550. T(L(L2, L3, L3), X) -> L(T(L2, X), L3, L3)
  (delete rule 5774)
(47.285713) 7551. ldiv(T3, L(L2, X, L3)) -> rdiv(L(L2, X, L3), T3)
  (delete rule 5775)
  (delete rule 5776)
  (delete rule 5777)
(47.285713) 7552. L(T2, rdiv(X, T2), L3) -> L(T2, rdiv(X, L3), L3)
  (delete rule 5779)
(47.285713) 7553. ldiv(T2, L(L2, X, L3)) -> rdiv(L(L2, X, L3), T2)
  (delete rule 5780)
(47.285713) 7554. ldiv(T2, R(L2, X, L3)) -> rdiv(R(L2, X, L3), T2)
  (delete rule 5781)
(47.285713) 7555. ldiv(R(T2, X, L3), x7) -> rdiv(x7, R(T2, X, L3))
  (delete rule 5783)
(47.285713) 7556. ldiv(R(T3, X, L3), T3) -> rdiv(T3, R(T3, X, L3))
  (delete rule 5784)
(47.285713) 7557. op(R(T3, X, L3), L2) -> op(L2, R(T3, X, L3))
  (delete rule 5785)
  (delete rule 5786)
  (delete rule 5787)
  (delete rule 5788)
  (delete rule 5789)
  (delete rule 5790)
  (delete rule 5794)
(47.285713) 7558. op(R(x7, X, L3), L3) -> op(L3, R(x7, X, L3))
  (delete rule 5795)
(47.285713) 7559. op(R(L2, X, L3), L3) -> op(L3, R(L2, X, L3))
  (delete rule 5796)
(47.285713) 7560. op(R(L2, X, L3), T2) -> op(T2, R(L2, X, L3))
  (delete rule 5798)
(47.428574) 7561. a(T(T3, X), L3, T(T3, X)) -> a(L3, L3, L3)
  (delete rule 5799)
(47.428574) 7562. a(T(x7, X), L3, T(x7, X)) -> a(L3, L3, L3)
  (delete rule 5808)
  (delete rule 5809)
  (delete rule 5814)
  (delete rule 5815)
  (delete rule 5816)
  (delete rule 5817)
  (delete rule 5818)
  (delete rule 5819)
  (delete rule 5820)
(47.571426) 7563. op(rdiv(X, rdiv(L2, x7)), Y) -> rdiv(T2, ldiv(op(X, Y), T3))
  (delete rule 5821)
  (delete rule 5822)
  (delete rule 5826)
  (delete rule 5828)
  (delete rule 5829)
(47.285713) 7564. ldiv(L(T2, X, L3), T3) -> rdiv(T3, L(T2, X, L3))
  (delete rule 5830)
(47.285713) 7565. ldiv(R(T2, X, L3), T3) -> rdiv(T3, R(T2, X, L3))
  (delete rule 5837)
(42.285713) 7566. ldiv(T3, op(L3, X)) -> rdiv(X, rdiv(T3, L3))
  (delete rule 5838)
(46.285713) 7567. rdiv(op(X, L3), T3) -> rdiv(X, rdiv(T3, L3))
  (delete rule 5855)
(63.571426) 7568. T(X, op(L3, op(Y, rdiv(rdiv(L3, L2), T2)))) -> T(X, Y)
  (delete rule 5856)
  (delete rule 5857)
  (delete rule 5858)
  (delete rule 5860)
  (delete rule 5861)
  (delete rule 5862)
  (delete rule 5864)
  (delete rule 5866)
  (delete rule 5867)
  (delete rule 5869)
  (delete rule 5873)
  (delete rule 5877)
(45.571426) 7569. T(X, rdiv(L3, op(Y, T2))) -> T(X, rdiv(zero, Y))
  (delete rule 5884)
  (delete rule 5886)
(47.571426) 7570. T(X, rdiv(L3, rdiv(Y, x7))) -> T(X, rdiv(L3, rdiv(Y, L2)))
  (delete rule 5889)
  (delete rule 5893)
  (delete rule 5895)
  (delete rule 5898)
  (delete rule 5899)
(47.571426) 7571. T(X, op(Y, L(x7, x10, L3))) -> T(X, op(Y, L3))
  (delete rule 5900)
(47.571426) 7572. T(X, rdiv(Y, L(x7, x10, L3))) -> T(X, rdiv(Y, L3))
  (delete rule 5901)
  (delete rule 5902)
(46.0) 7573. ldiv(T2, L(x7, x10, L3)) -> rdiv(L(x7, x10, L3), T2)
  (delete rule 5903)
  (delete rule 5905)
  (delete rule 5906)
  (delete rule 5907)
  (delete rule 5908)
  (delete rule 5909)
  (delete rule 5910)
  (delete rule 5913)
  (delete rule 5914)
  (delete rule 5916)
  (delete rule 5917)
(47.571426) 7574. K(X, op(Y, L(x7, x10, L3))) -> K(X, op(Y, L3))
  (delete rule 5923)
  (delete rule 5925)
(47.571426) 7575. op(T3, R(X, L3, X)) -> T(op(X, T3), X)
  (delete rule 5926)
(47.571426) 7576. op(x7, R(X, L3, X)) -> T(op(X, x7), X)
  (delete rule 5936)
  (delete rule 5960)
(47.0) 7577. T(R(T2, x10, L3), op(L3, x10)) -> T(T2, x10)
  (delete rule 5984)
(39.0) 7578. R(T3, rdiv(x10, L2), L3) -> ldiv(ldiv(L2, x10), x10)
  (delete rule 5986)
  (delete rule 5987)
  (delete rule 5989)
  (delete rule 5990)
  (delete rule 5991)
  (delete rule 5992)
  (delete rule 5994)
  (delete rule 5995)
  (delete rule 5998)
  (delete rule 5999)
  (delete rule 6000)
  (delete rule 6001)
  (delete rule 6002)
  (delete rule 6003)
(47.0) 7579. R(T3, rdiv(zero, T2), L3) -> ldiv(ldiv(T3, zero), zero)
  (delete rule 6004)
  (delete rule 6005)
  (delete rule 6006)
  (delete rule 6007)
  (delete rule 6008)
  (delete rule 6011)
  (delete rule 6018)
  (delete rule 6019)
(58.0) 7580. rdiv(X, rdiv(K(X, Y), K(op(X, Y), Y))) -> op(X, a(Y, X, Y))
  (delete rule 6020)
(52.285717) 7581. rdiv(L2, ldiv(rdiv(X, rdiv(L2, L3)), L3)) -> X
  (delete rule 6022)
  (delete rule 6025)
(63.57143) 7582. T(X, rdiv(L3, rdiv(rdiv(L2, Y), L3))) -> T(X, op(Y, L3))
  (delete rule 6033)
(47.0) 7583. T(R(L2, x10, L3), op(L3, x10)) -> T3
  (delete rule 6056)
  (delete rule 6057)
  (delete rule 6058)
  (delete rule 6059)
  (delete rule 6060)
  (delete rule 6061)
  (delete rule 6062)
  (delete rule 6063)
  (delete rule 6064)
  (delete rule 6065)
  (delete rule 6066)
  (delete rule 6067)
(45.285713) 7584. op(L2, a(x7, X, x7)) -> R(L2, X, L3)
  (delete rule 6068)
  (delete rule 6069)
  (delete rule 6070)
(50.0) 7585. op(L2, a(L3, L3, L3)) -> R(L2, L3, L3)
  (delete rule 6071)
  (delete rule 6072)
  (delete rule 6073)
  (delete rule 6074)
  (delete rule 6075)
  (delete rule 6076)
  (delete rule 6077)
  (delete rule 6078)
  (delete rule 6079)
  (delete rule 6080)
  (delete rule 6081)
(46.0) 7586. rdiv(op(L3, L(x7, x10, L3)), L3) -> L(x7, x10, L3)
  (delete rule 6082)
  (delete rule 6083)
  (delete rule 6088)
  (delete rule 6090)
  (delete rule 6091)
  (delete rule 6093)
  (delete rule 6095)
  (delete rule 6096)
  (delete rule 6097)
  (delete rule 6099)
  (delete rule 6100)
  (delete rule 6101)
(46.571426) 7587. T(R(T3, X, L3), X) -> R(T(T3, X), X, L3)
  (delete rule 6102)
  (delete rule 6103)
  (delete rule 6105)
  (delete rule 6106)
  (delete rule 6107)
(47.0) 7588. op(R(T2, L3, L3), T3) -> T(op(T3, T2), L3)
  (delete rule 6108)
(47.0) 7589. op(R(x7, L3, L3), T3) -> T(op(L2, T2), L3)
  (delete rule 6109)
  (delete rule 6110)
  (delete rule 6111)
  (delete rule 6112)
  (delete rule 6113)
  (delete rule 6114)
  (delete rule 6115)
  (delete rule 6116)
  (delete rule 6117)
(39.285713) 7590. a(x7, X, x7) -> a(L2, X, L2)
  (delete rule 6118)
  (delete rule 6119)
  (delete rule 6120)
(47.57143) 7591. rdiv(ldiv(ldiv(X, Y), Y), K(Y, X)) -> ldiv(ldiv(X, T(Y, X)), Y)
  (delete rule 6141)
(47.714287) 7592. ldiv(R(x10, L3, X), op(op(L2, x10), X)) -> op(T3, X)
  (delete rule 6142)
(43.714287) 7593. op(R(x10, L3, X), op(T3, X)) -> op(op(L2, x10), X)
  (delete rule 6145)
(47.714287) 7594. ldiv(R(rdiv(x10, X), X, L3), op(L2, x10)) -> op(X, T3)
  (delete rule 6146)
  (delete rule 6149)
(47.714287) 7595. rdiv(op(x10, T2), L(ldiv(X, x10), X, L3)) -> op(x7, X)
  (delete rule 6157)
  (delete rule 6159)
  (delete rule 6160)
(44.14286) 7596. T(X, rdiv(op(Y, Z), W)) -> T(X, rdiv(Y, rdiv(W, Z)))
  (delete rule 6161)
(81.285706) 7597. T(X, rdiv(Y, rdiv(op(ldiv(Z, W), Z), rdiv(V, K(Z, rdiv(W, Z)))))) -> T(X, rdiv(Y, rdiv(W, V)))
  (delete rule 6163)
  (delete rule 6168)
(59.285713) 7598. T(X, rdiv(Y, op(Z, op(W, rdiv(Y, W))))) -> T(X, rdiv(zero, Z))
  (delete rule 6170)
  (delete rule 6171)
  (delete rule 6173)
  (delete rule 6174)
  (delete rule 6176)
  (delete rule 6179)
(46.14286) 7599. K(X, op(Y, rdiv(Z, W))) -> K(X, rdiv(Y, rdiv(W, Z)))
  (delete rule 6181)
(46.14286) 7600. K(op(X, rdiv(Y, Z)), W) -> K(rdiv(X, rdiv(Z, Y)), W)
  (delete rule 6182)
(46.14286) 7601. K(X, rdiv(op(Y, Z), W)) -> K(X, rdiv(Y, rdiv(W, Z)))
  (delete rule 6183)
(46.14286) 7602. K(rdiv(op(X, Y), Z), W) -> K(rdiv(X, rdiv(Z, Y)), W)
  (delete rule 6189)
  (delete rule 6191)
  (delete rule 6192)
  (delete rule 6204)
  (delete rule 6207)
  (delete rule 6217)
  (delete rule 6224)
  (delete rule 6225)
  (delete rule 6235)
  (delete rule 6238)
  (delete rule 6241)
  (delete rule 6252)
  (delete rule 6260)
  (delete rule 6262)
  (delete rule 6263)
(47.14286) 7603. ldiv(R(X, rdiv(zero, Y), Y), X) -> rdiv(X, R(X, rdiv(zero, Y), Y))
  (delete rule 6264)
  (delete rule 6266)
(47.0) 7604. rdiv(T3, R(T3, L3, L3)) -> K(L3, op(L3, L3))
  (delete rule 6267)
  (delete rule 6270)
  (delete rule 6271)
  (delete rule 6279)
  (delete rule 6280)
(55.142853) 7605. R(X, L3, rdiv(op(L2, X), op(X, T3))) -> X
  (delete rule 6289)
(48.285713) 7606. rdiv(L3, op(X, T(L3, x10))) -> rdiv(L2, op(X, T3))
  (delete rule 6292)
  (delete rule 6293)
  (delete rule 6300)
(68.428566) 7607. T(X, rdiv(Y, rdiv(Z, T(W, rdiv(rdiv(Y, Z), W))))) -> T(X, rdiv(Y, rdiv(Z, W)))
  (delete rule 6314)
  (delete rule 6316)
  (delete rule 6319)
  (delete rule 6320)
  (delete rule 6344)
  (delete rule 6367)
  (delete rule 6370)
(47.714287) 7608. ldiv(T(x7, X), op(L2, X)) -> ldiv(T2, op(X, T3))
  (delete rule 6393)
  (delete rule 6394)
  (delete rule 6395)
  (delete rule 6396)
  (delete rule 6397)
  (delete rule 6398)
  (delete rule 6399)
  (delete rule 6407)
  (delete rule 6408)
  (delete rule 6409)
  (delete rule 6410)
  (delete rule 6419)
(47.285713) 7609. ldiv(T2, R(x7, X, L3)) -> rdiv(R(x7, X, L3), T2)
  (delete rule 6426)
(47.285713) 7610. ldiv(x7, R(T2, X, L3)) -> rdiv(R(T2, X, L3), x7)
  (delete rule 6457)
(47.571426) 7611. T(X, op(Y, R(x7, x10, L3))) -> T(X, op(Y, L3))
  (delete rule 6458)
  (delete rule 6459)
  (delete rule 6460)
  (delete rule 6461)
  (delete rule 6462)
  (delete rule 6463)
  (delete rule 6465)
(47.714287) 7612. op(X, R(T3, X, L3)) -> T(op(T3, X), L3)
  (delete rule 6466)
  (delete rule 6467)
  (delete rule 6468)
  (delete rule 6475)
(55.0) 7613. rdiv(rdiv(L3, rdiv(T3, L3)), rdiv(L3, T3)) -> L3
  (delete rule 6477)
  (delete rule 6478)
  (delete rule 6479)
  (delete rule 6491)
(47.571426) 7614. T(X, rdiv(L(x7, x10, L3), Y)) -> T(X, rdiv(L3, Y))
  (delete rule 6503)
(42.0) 7615. rdiv(T2, L(T2, x10, L3)) -> a(L3, x10, L3)
  (delete rule 6504)
  (delete rule 6506)
(46.0) 7616. ldiv(L(T2, x10, L3), zero) -> ldiv(T2, a(L3, x10, L3))
  (delete rule 6507)
(46.0) 7617. rdiv(a(L3, x10, L3), T2) -> rdiv(zero, L(T2, x10, L3))
  (delete rule 6508)
(46.571426) 7618. R(X, Y, L(T2, x10, L3)) -> R(X, Y, L3)
  (delete rule 6509)
(46.571426) 7619. R(X, L(T2, x10, L3), Y) -> R(X, L3, Y)
  (delete rule 6510)
(46.571426) 7620. a(X, L(T2, x10, L3), X) -> a(X, L3, X)
  (delete rule 6512)
  (delete rule 6513)
  (delete rule 6514)
  (delete rule 6515)
  (delete rule 6516)
  (delete rule 6517)
  (delete rule 6518)
  (delete rule 6519)
  (delete rule 6521)
  (delete rule 6522)
  (delete rule 6525)
  (delete rule 6526)
  (delete rule 6531)
(47.714287) 7621. op(R(x10, L3, rdiv(X, L2)), X) -> op(op(L2, x10), ldiv(T3, X))
  (delete rule 6532)
(47.714287) 7622. op(R(x10, L3, X), op(X, T3)) -> op(op(L2, x10), T(X, L3))
  (delete rule 6534)
  (delete rule 6545)
(47.714287) 7623. T(X, rdiv(L3, R(x7, Y, L3))) -> X
  (delete rule 6546)
  (delete rule 6547)
(47.285713) 7624. ldiv(R(x7, X, L3), T2) -> rdiv(T2, R(x7, X, L3))
  (delete rule 6548)
  (delete rule 6549)
  (delete rule 6552)
  (delete rule 6560)
  (delete rule 6561)
  (delete rule 6562)
  (delete rule 6563)
  (delete rule 6564)
  (delete rule 6565)
  (delete rule 6572)
  (delete rule 6588)
  (delete rule 6590)
  (delete rule 6591)
  (delete rule 6592)
  (delete rule 6597)
  (delete rule 6598)
  (delete rule 6603)
  (delete rule 6604)
  (delete rule 6607)
  (delete rule 6613)
  (delete rule 6614)
  (delete rule 6615)
  (delete rule 6623)
  (delete rule 6625)
  (delete rule 6636)
  (delete rule 6637)
  (delete rule 6638)
  (delete rule 6639)
(57.0) 7625. K(X, rdiv(Y, rdiv(X, L(Y, Z, Y)))) -> K(X, rdiv(Y, rdiv(X, Y)))
  (delete rule 6642)
  (delete rule 6643)
(59.0) 7626. K(X, rdiv(L3, rdiv(X, L(x10, Y, x10)))) -> K(X, rdiv(L3, rdiv(X, x10)))
  (delete rule 6644)
  (delete rule 6648)
(47.571426) 7627. K(X, rdiv(L(x7, x10, L3), X)) -> K(X, rdiv(L3, X))
  (delete rule 6649)
  (delete rule 6654)
  (delete rule 6655)
(47.571426) 7628. K(rdiv(L(x7, x10, L3), X), X) -> K(rdiv(L3, X), X)
  (delete rule 6657)
  (delete rule 6670)
  (delete rule 6677)
(47.285713) 7629. T(R(L2, L3, L3), X) -> R(T(L2, X), L3, L3)
  (delete rule 6683)
  (delete rule 6698)
  (delete rule 6705)
(46.0) 7630. rdiv(R(L2, x10, L3), T2) -> rdiv(L2, L(T2, x10, L3))
  (delete rule 6706)
(46.0) 7631. rdiv(R(L2, x10, L3), x7) -> rdiv(L2, L(x7, x10, L3))
  (delete rule 6709)
  (delete rule 6713)
  (delete rule 6716)
  (delete rule 6721)
  (delete rule 6723)
  (delete rule 6731)
  (delete rule 6732)
(47.857143) 7632. L(R(T3, X, L3), X, L3) -> T3
  (delete rule 6738)
  (delete rule 6751)
(46.857143) 7633. T(X, op(Y, op(Z, x7))) -> T(X, op(Y, op(Z, L3)))
  (delete rule 6756)
  (delete rule 6757)
(46.857143) 7634. T(X, op(Y, op(Z, T3))) -> T(X, op(Y, op(Z, L3)))
  (delete rule 6762)
  (delete rule 6763)
(47.285713) 7635. L(x7, op(X, T2), L3) -> L(x7, op(X, L3), L3)
  (delete rule 6764)
(47.285713) 7636. L(T3, op(X, T2), L3) -> L(T3, op(X, L3), L3)
  (delete rule 6765)
(47.285713) 7637. L(x7, op(X, L2), L3) -> L(x7, op(X, L3), L3)
  (delete rule 6766)
(47.285713) 7638. L(T3, op(X, L2), L3) -> L(T3, op(X, L3), L3)
  (delete rule 6799)
  (delete rule 6801)
  (delete rule 6812)
  (delete rule 6816)
  (delete rule 6817)
  (delete rule 6820)
  (delete rule 6846)
  (delete rule 6848)
  (delete rule 6849)
(47.857143) 7639. K(rdiv(R(L2, X, L3), L3), Y) -> zero
  (delete rule 6850)
(47.285713) 7640. ldiv(L3, R(L2, X, L3)) -> rdiv(R(L2, X, L3), L3)
  (delete rule 6875)
  (delete rule 6891)
  (delete rule 6892)
  (delete rule 6893)
  (delete rule 6894)
  (delete rule 6895)
  (delete rule 6898)
  (delete rule 6899)
  (delete rule 6900)
  (delete rule 6904)
  (delete rule 6907)
  (delete rule 6909)
  (delete rule 6911)
  (delete rule 6913)
  (delete rule 6915)
  (delete rule 6916)
  (delete rule 6918)
  (delete rule 6919)
  (delete rule 6920)
  (delete rule 6925)
(47.285713) 7641. ldiv(x7, R(x7, X, L3)) -> a(L2, X, L2)
  (delete rule 6926)
(47.285713) 7642. rdiv(R(x7, X, L3), x7) -> a(L2, X, L2)
  (delete rule 6929)
  (delete rule 6935)
  (delete rule 6936)
  (delete rule 6937)
  (delete rule 6944)
  (delete rule 6951)
  (delete rule 6956)
  (delete rule 6957)
  (delete rule 6959)
  (delete rule 6960)
  (delete rule 6961)
  (delete rule 6962)
  (delete rule 6963)
  (delete rule 6964)
  (delete rule 6967)
  (delete rule 6969)
  (delete rule 6970)
  (delete rule 6978)
  (delete rule 6982)
(47.285713) 7643. rdiv(x7, R(x7, X, L3)) -> rdiv(L2, R(L2, X, L3))
  (delete rule 6983)
(47.285713) 7644. ldiv(R(x7, X, L3), x7) -> rdiv(L2, R(L2, X, L3))
  (delete rule 6990)
  (delete rule 6993)
(55.0) 7645. R(rdiv(zero, x7), L3, rdiv(zero, T2)) -> ldiv(x7, zero)
  (delete rule 6995)
(55.0) 7646. R(rdiv(zero, T3), L3, rdiv(zero, L2)) -> ldiv(T3, zero)
  (delete rule 6997)
  (delete rule 7005)
  (delete rule 7008)
  (delete rule 7009)
  (delete rule 7010)
  (delete rule 7015)
  (delete rule 7025)
  (delete rule 7026)
  (delete rule 7027)
  (delete rule 7028)
  (delete rule 7032)
  (delete rule 7033)
  (delete rule 7034)
  (delete rule 7043)
  (delete rule 7044)
(46.0) 7647. rdiv(x7, L(x7, x10, L3)) -> a(L3, x10, L3)
  (delete rule 7045)
  (delete rule 7049)
  (delete rule 7050)
  (delete rule 7051)
  (delete rule 7053)
  (delete rule 7054)
  (delete rule 7055)
(47.0) 7648. L(rdiv(L2, x7), L3, L3) -> rdiv(L2, x7)
  (delete rule 7066)
  (delete rule 7093)
(46.0) 7649. rdiv(T3, L(T3, x10, L3)) -> a(L3, x10, L3)
  (delete rule 7095)
  (delete rule 7103)
  (delete rule 7108)
  (delete rule 7141)
  (delete rule 7143)
  (delete rule 7144)
  (delete rule 7166)
  (delete rule 7170)
  (delete rule 7171)
  (delete rule 7235)
  (delete rule 7247)
  (delete rule 7263)
(47.142857) 7650. op(X, a(L2, X, L2)) = rdiv(T(op(x7, X), L3), x7)
  (delete rule 7270)
(63.571426) 7651. T(X, rdiv(Y, rdiv(rdiv(L(x7, x10, L3), L3), L3))) -> T(X, op(Y, L3))
(63.571426) 7652. T(X, rdiv(L3, rdiv(rdiv(L(x7, x10, L3), Y), L3))) -> T(X, op(Y, L3))
(37.285713) 7653. rdiv(X, a(X, Y, X)) -> L(X, Y, X)
(66.14286) 7654. T(L2, rdiv(rdiv(X, rdiv(L2, L(x7, x10, L3))), L3)) = ldiv(ldiv(L2, X), X)
(39.0) 7655. ldiv(rdiv(x10, T3), L3) -> ldiv(rdiv(x10, L3), T3)
(39.142857) 7656. R(rdiv(x10, X), X, L3) = rdiv(op(x10, T2), op(X, T2))
(39.285713) 7657. ldiv(L(X, Y, X), X) -> a(X, Y, X)
(39.285713) 7658. rdiv(X, L(X, Y, X)) -> a(X, Y, X)
(67.71428) 7659. T(X, rdiv(L3, rdiv(X, rdiv(L2, L(x7, x10, L3))))) -> ldiv(ldiv(X, L3), L3)
(67.71428) 7660. T(X, rdiv(L3, rdiv(X, rdiv(T3, L(x7, x10, L3))))) -> ldiv(ldiv(X, L3), L3)
(68.14286) 7661. T(T3, rdiv(rdiv(X, rdiv(T3, L(x7, x10, L3))), L3)) = ldiv(ldiv(T3, X), X)
(67.71428) 7662. T(X, rdiv(L3, rdiv(X, rdiv(T2, L(x7, x10, L3))))) -> ldiv(ldiv(X, L3), L3)
(68.14286) 7663. T(T2, rdiv(rdiv(X, rdiv(T2, L(x7, x10, L3))), L3)) = ldiv(ldiv(T2, X), X)
(41.0) 7664. L(x7, rdiv(x10, L2), L3) -> rdiv(x10, rdiv(x10, T2))
(65.0) 7665. T(X, rdiv(Y, rdiv(rdiv(T(T3, Z), L3), L3))) -> T(X, op(Y, L3))
(41.14286) 7666. rdiv(L(X, Y, X), X) -> rdiv(X, R(X, Y, X))
(41.14286) 7667. ldiv(X, L(X, Y, X)) -> rdiv(X, R(X, Y, X))
(41.714287) 7668. rdiv(a(X, Y, X), X) -> rdiv(zero, L(X, Y, X))
(41.857143) 7669. R(rdiv(L3, T2), X, Y) -> rdiv(L3, T2)
(41.857143) 7670. R(rdiv(L2, x7), X, Y) -> rdiv(L2, x7)
(41.857143) 7671. K(L(X, x10, L3), X) -> zero
(41.857143) 7672. K(X, L(X, x10, L3)) -> zero
(42.0) 7673. rdiv(L(x7, x10, L3), L3) -> rdiv(x7, R(L3, x10, L3))
(42.0) 7674. op(L2, a(L3, x10, L3)) -> R(L2, x10, L3)
(42.0) 7675. L(rdiv(L3, T3), L2, x10) -> R(rdiv(L3, T3), L3, x10)
(42.285713) 7676. ldiv(op(X, L2), op(x10, L2)) -> ldiv(op(X, L3), op(x10, L3))
(42.285713) 7677. rdiv(op(x10, L3), op(X, L3)) -> rdiv(op(L2, x10), op(X, T3))
(42.285713) 7678. ldiv(op(X, T2), op(T2, x10)) -> ldiv(op(X, L3), op(L3, x10))
(42.285713) 7679. ldiv(op(x7, X), op(x10, T2)) -> ldiv(op(L3, X), op(L3, x10))
(42.285713) 7680. ldiv(op(T2, x10), op(X, T2)) -> ldiv(op(L3, x10), op(X, L3))
(42.285713) 7681. ldiv(op(X, T2), op(x10, T2)) -> ldiv(op(X, L3), op(x10, L3))
(42.285713) 7682. rdiv(op(x10, T2), op(X, T2)) -> rdiv(op(L2, x10), op(X, T3))
(43.0) 7683. rdiv(rdiv(L3, x7), L2) -> rdiv(rdiv(L3, L2), x7)
(43.0) 7684. L(L2, rdiv(x10, L3), L3) -> rdiv(x10, rdiv(x10, T3))
(43.142857) 7685. ldiv(op(T2, X), op(T2, x10)) = L(ldiv(X, x10), X, L3)
(43.285713) 7686. op(x7, a(L3, X, L3)) -> R(x7, X, L3)
(45.285713) 7687. ldiv(x7, R(x7, X, L3)) -> a(L3, X, L3)
(37.285713) 7688. a(L2, X, L2) -> a(L3, X, L3)
(45.285713) 7689. rdiv(R(x7, X, L3), x7) -> a(L3, X, L3)
(41.285713) 7690. T(R(x7, X, L3), x10) -> R(T2, X, L3)
(43.285713) 7691. op(T3, a(L3, X, L3)) -> T(R(L2, X, L3), x10)
(43.285713) 7692. rdiv(x7, L(x7, X, L3)) -> a(L3, X, L3)
(67.0) 7693. T(X, rdiv(L3, rdiv(rdiv(K(Y, op(L3, x10)), Y), x10))) -> T(X, op(Y, op(L3, x10)))
(43.571426) 7694. T(X, L(Y, x10, L3)) -> T(X, Y)
(43.571426) 7695. K(L(X, x10, L3), Y) -> K(X, Y)
(43.571426) 7696. K(X, L(Y, x10, L3)) -> K(X, Y)
(77.85714) 7697. T(X, rdiv(Y, rdiv(rdiv(T2, rdiv(L3, a(Z, W, V))), L3))) -> T(X, op(Y, L3))
(77.85714) 7698. T(X, rdiv(Y, rdiv(rdiv(L2, rdiv(L3, a(Z, W, V))), L3))) -> T(X, op(Y, L3))
(77.85714) 7699. T(X, rdiv(Y, rdiv(rdiv(x7, rdiv(L3, a(Z, W, V))), L3))) -> T(X, op(Y, L3))
(43.714287) 7700. ldiv(L(X, Y, X), zero) = ldiv(X, a(X, Y, X))
(43.714287) 7701. T(X, L(X, x10, L3)) -> X
(43.857143) 7702. a(X, rdiv(Y, x7), X) -> a(X, rdiv(Y, T2), X)
(43.857143) 7703. a(X, rdiv(x7, X), X) -> a(X, rdiv(L3, X), X)
(44.0) 7704. rdiv(L(x7, L3, L3), T2) -> rdiv(x7, R(T2, L3, L3))
(44.0) 7705. L(X, R(L2, Y, L3), Z) -> L(X, L2, Z)
(44.0) 7706. L(X, Y, R(L2, Z, L3)) -> L(X, Y, L3)
(44.0) 7707. rdiv(L(L2, L3, L3), T3) -> rdiv(L2, R(T3, L3, L3))
(44.0) 7708. R(X, Y, R(L2, Z, L3)) -> R(X, Y, L3)
(44.0) 7709. R(X, R(L2, Y, L3), Z) -> R(X, L3, Z)
(44.0) 7710. ldiv(op(L3, x7), op(x10, L3)) -> L(ldiv(T2, x10), L3, L3)
(60.142853) 7711. rdiv(op(L2, x10), rdiv(T3, K(rdiv(X, x10), x10))) = rdiv(X, rdiv(X, x10))
(44.285713) 7712. R(rdiv(rdiv(X, x10), x7), L3, x10) -> rdiv(X, op(x10, T2))
(48.285717) 7713. rdiv(T2, ldiv(rdiv(op(L2, x10), X), T3)) -> rdiv(op(x10, T2), X)
(44.285713) 7714. ldiv(op(L2, X), op(x10, L2)) -> ldiv(op(L3, X), op(x10, L3))
(44.285713) 7715. rdiv(op(x10, L3), op(L3, X)) -> rdiv(op(L2, x10), op(T3, X))
(44.285713) 7716. ldiv(op(T2, X), op(T2, x10)) -> ldiv(op(L3, X), op(L3, x10))
(44.285713) 7717. ldiv(op(T2, X), op(x10, T2)) -> ldiv(op(L3, X), op(x10, L3))
(44.285713) 7718. rdiv(op(x10, T2), op(T2, X)) -> rdiv(op(L2, x10), op(T3, X))
(44.285713) 7719. ldiv(rdiv(op(x10, T2), X), T2) -> ldiv(rdiv(op(L2, x10), X), T3)
(32.0) 7720. a(T3, x10, T3) -> a(L3, x10, L3)
(44.0) 7721. rdiv(T3, R(T3, x10, L3)) -> rdiv(L3, R(L3, x10, L3))
  (hard) L(Y, X, Y) = T(rdiv(op(X, Y), X), op(Y, X))
(44.714287) 7722. T(L(X, x10, L3), X) -> L(X, x10, L3)
(45.0) 7723. rdiv(op(x10, L2), L3) -> rdiv(L2, ldiv(x10, L3))
(61.0) 7724. R(rdiv(x7, T3), rdiv(L2, ldiv(x10, T2)), L3) -> rdiv(x7, T3)
(45.0) 7725. op(R(x9, x8, L3), op(x8, L2)) -> op(x9, op(x8, x7))
(45.0) 7726. op(op(x10, x7), T(L3, x10)) -> op(op(L3, x10), x7)
(45.0) 7727. op(x10, ldiv(ldiv(T3, x10), x10)) -> op(L3, op(L2, rdiv(x10, L3)))
(45.285713) 7728. ldiv(L(T2, X, L3), T2) -> a(L3, X, L3)
(45.285713) 7729. ldiv(L(L2, X, L3), L2) -> a(L3, X, L3)
(45.285713) 7730. ldiv(L(x7, X, L3), x7) -> a(L3, X, L3)
(45.285713) 7731. ldiv(L(T3, X, L3), T3) -> a(T3, X, T3)
(45.285713) 7732. rdiv(T2, L(T2, X, L3)) -> a(L3, X, L3)
(45.285713) 7733. rdiv(L2, L(L2, X, L3)) -> a(L3, X, L3)
(45.285713) 7734. rdiv(T3, L(T3, X, L3)) -> a(T3, X, T3)
(45.285713) 7735. op(R(x7, X, L3), x10) -> op(x10, R(T2, X, L3))
(45.285713) 7736. rdiv(x7, a(L3, X, L3)) -> L(x7, X, L3)
(45.571426) 7737. K(X, op(Y, op(L2, x10))) -> K(X, op(Y, op(L3, x10)))
(45.57143) 7738. rdiv(op(X, Y), op(Z, T(X, Y))) -> rdiv(op(Y, X), op(Z, X))
(42.285713) 7739. rdiv(op(x10, x7), op(X, x7)) -> rdiv(op(L2, x10), op(X, T3))
(44.285713) 7740. rdiv(op(x10, x7), op(x7, X)) -> rdiv(op(L2, x10), op(T3, X))
(45.714287) 7741. rdiv(T(X, Y), a(X, Y, X)) -> T(X, op(X, Y))
(45.857143) 7742. ldiv(op(X, T2), op(op(X, x7), x10)) -> T(x10, L3)
(45.857143) 7743. a(X, rdiv(Y, T3), X) -> a(X, rdiv(Y, L2), X)
(45.857143) 7744. a(X, rdiv(T3, Y), X) -> a(X, rdiv(L2, Y), X)
(45.857143) 7745. a(X, rdiv(L2, X), X) -> a(X, rdiv(L3, X), X)
(45.857143) 7746. a(X, op(Y, T2), X) -> a(X, op(Y, L3), X)
(45.857143) 7747. a(X, op(Y, L2), X) -> a(X, op(Y, L3), X)
(45.857143) 7748. R(X, rdiv(T2, X), X) -> R(X, rdiv(L3, X), X)
(46.0) 7749. rdiv(T3, rdiv(L2, L(x7, x10, L3))) -> L(T2, x10, L3)
(46.0) 7750. rdiv(x7, L(L2, x10, L3)) -> rdiv(T2, L(T3, x10, L3))
(46.0) 7751. a(X, R(L2, Y, L3), X) -> a(X, L3, X)
(46.0) 7752. rdiv(R(L3, x10, L3), T2) -> rdiv(L3, L(T2, x10, L3))
(46.0) 7753. a(X, R(x7, Y, L3), X) -> a(X, L3, X)
(46.0) 7754. op(L2, R(L3, x10, L3)) -> op(L3, R(L2, x10, L3))
(46.0) 7755. R(X, Y, R(T2, Z, L3)) -> R(X, Y, L3)
(46.0) 7756. rdiv(L(L3, L3, L3), T3) -> rdiv(L3, R(T3, L3, L3))
(46.0) 7757. rdiv(L(x7, x10, L3), T3) -> rdiv(x7, R(T3, x10, L3))
(46.0) 7758. rdiv(op(L2, x10), op(T3, T2)) -> R(rdiv(x10, T2), L3, L3)
(46.0) 7759. rdiv(a(L3, x10, L3), T3) -> rdiv(zero, L(T3, x10, L3))
(46.0) 7760. rdiv(op(L2, x10), op(L2, T2)) -> R(rdiv(x10, x7), L3, L3)
(46.0) 7761. op(x7, L(T2, x10, L3)) -> op(T2, L(x7, x10, L3))
(46.14286) 7762. rdiv(op(X, rdiv(Y, X)), op(Z, rdiv(Y, X))) -> rdiv(Y, op(Z, ldiv(X, Y)))
(46.285713) 7763. op(op(X, ldiv(Y, Z)), rdiv(Z, op(X, ldiv(Y, Z)))) -> op(ldiv(rdiv(Y, X), Z), rdiv(Y, X))
(41.428574) 7764. op(ldiv(rdiv(zero, X), Y), rdiv(zero, X)) = op(op(X, Y), rdiv(Y, op(X, Y)))
(44.714287) 7765. op(T(X, Y), rdiv(zero, X)) = op(X, rdiv(K(X, Y), X))
(46.285713) 7766. ldiv(op(x10, L3), op(X, L3)) -> ldiv(op(L2, x10), op(X, T3))
(46.285713) 7767. ldiv(op(x10, T2), T(x7, X)) -> ldiv(op(L3, x10), T(L3, X))
(46.285713) 7768. op(R(X, x10, L3), op(x10, T2)) -> op(op(X, x10), T2)
(46.285713) 7769. op(op(L2, x10), L(X, x10, L3)) -> op(L2, op(x10, X))
(46.285713) 7770. T(X, rdiv(L3, R(L2, x10, L3))) -> X
(46.285713) 7771. op(op(x10, T2), L(X, x10, L3)) -> op(x7, op(x10, X))
(46.285713) 7772. rdiv(L2, rdiv(X, rdiv(L3, L2))) -> rdiv(L3, X)
(46.285713) 7773. R(rdiv(x7, X), rdiv(T2, rdiv(x7, X)), x10) -> rdiv(op(x10, T2), op(X, x10))
(53.714287) 7774. op(op(X, T3), rdiv(L3, op(X, L3))) -> op(op(X, L2), rdiv(T3, op(X, L2)))
(46.428574) 7775. rdiv(X, op(Y, ldiv(ldiv(Z, X), X))) = R(rdiv(ldiv(Z, X), Y), Y, Z)
(46.428574) 7776. R(rdiv(ldiv(X, Y), Z), Z, X) = rdiv(Y, op(Z, T(X, rdiv(Y, X))))
(46.428574) 7777. rdiv(op(X, Y), op(Z, T(Y, X))) = R(rdiv(T(X, Y), Z), Z, Y)
(45.714287) 7778. R(rdiv(T(x10, L3), X), X, L3) -> rdiv(op(x10, x7), op(X, T2))
(45.0) 7779. R(rdiv(x7, L3), x10, L3) -> rdiv(x7, L3)
(42.285713) 7780. rdiv(op(x10, x7), op(X, T2)) -> rdiv(op(x10, L2), op(X, T3))
(44.285713) 7781. rdiv(op(x10, x7), op(T2, X)) -> rdiv(op(x10, L2), op(T3, X))
(46.285713) 7782. rdiv(op(x10, x7), T(T2, X)) -> rdiv(op(x10, L2), T(T3, X))
(46.428574) 7783. op(L(L2, X, L3), rdiv(T3, L(L2, X, L3))) -> T3
(43.285713) 7784. rdiv(L2, a(L3, X, L3)) -> L(L2, X, L3)
(46.428574) 7785. op(L(x7, X, L3), rdiv(T2, L(x7, X, L3))) -> T2
(45.285713) 7786. ldiv(L(x7, X, L3), T2) -> rdiv(T2, L(x7, X, L3))
(56.85714) 7787. rdiv(L(X, Y, X), rdiv(X, R(X, Y, X))) -> X
(46.571426) 7788. L(X, R(T2, x10, L3), Y) -> L(X, T2, Y)
(46.571426) 7789. L(X, Y, R(T2, x10, L3)) -> L(X, Y, L3)
(46.571426) 7790. R(X, R(T2, x10, L3), Y) -> R(X, L3, Y)
(46.571426) 7791. op(X, a(T3, X, T3)) -> op(X, a(L3, X, L3))
(39.285713) 7792. a(T3, X, T3) -> a(L3, X, L3)
(46.571426) 7793. a(X, op(L2, x10), X) -> a(X, op(L3, x10), X)
(46.571426) 7794. a(X, R(T3, x10, L3), X) -> a(X, L3, X)
(46.571426) 7795. a(X, L(x7, x10, L3), X) -> a(X, L3, X)
(47.428574) 7796. rdiv(op(T(X, ?), Y), T(X, ?)) = rdiv(Y, K(Y, X))
(49.428574) 7797. rdiv(op(T(X, Y), Z), T(X, Y)) ~> rdiv(op(T(X, ?), Z), T(X, ?))
(47.0) 7798. R(L3, rdiv(zero, L2), L3) -> ldiv(ldiv(L3, zero), zero)
(47.0) 7799. op(op(T3, x10), T(L3, x10)) -> op(op(L3, x10), T(T3, x10))
(47.0) 7800. op(rdiv(x10, rdiv(L3, T3)), L3) -> op(L2, x10)
(47.0) 7801. op(op(T2, x10), T(L3, x10)) -> op(op(L3, x10), T(T2, x10))
(47.0) 7802. ldiv(x7, rdiv(T2, rdiv(T3, x7))) -> rdiv(T2, T3)
(47.0) 7803. rdiv(op(x10, x7), op(L2, x10)) -> rdiv(x7, T3)
(47.0) 7804. rdiv(L2, T(ldiv(x10, T3), x10)) -> ldiv(ldiv(x10, T3), L2)
(47.0) 7805. op(rdiv(L3, ldiv(x10, T3)), T3) -> op(x10, L3)
(47.0) 7806. K(L3, rdiv(L3, R(L2, x10, L3))) -> zero
(47.0) 7807. K(rdiv(L3, R(L2, x10, L3)), L3) -> zero
(47.0) 7808. L(x7, rdiv(zero, L2), L3) -> rdiv(zero, rdiv(zero, x7))
(47.0) 7809. rdiv(op(T2, x10), op(op(T2, x10), T2)) -> rdiv(op(L2, x10), op(op(L2, x10), T2))
(45.0) 7810. rdiv(op(x10, T2), T(T3, x10)) -> rdiv(x10, rdiv(T3, x7))
(45.0) 7811. op(rdiv(x10, rdiv(T3, x7)), T3) -> op(x10, x7)
(43.0) 7812. R(rdiv(x7, T3), x10, L3) -> rdiv(x7, T3)
(52.0) 7813. R(rdiv(zero, L3), L3, op(L2, x10)) -> R(rdiv(zero, L3), L3, op(L3, x10))
(47.0) 7814. rdiv(op(L2, x10), op(op(L2, x10), T2)) -> rdiv(op(L3, x10), op(op(L3, x10), T2))
(47.0) 7815. rdiv(op(T2, x10), op(op(T2, x10), x7)) -> rdiv(op(L2, x10), op(op(L2, x10), x7))
(47.0) 7816. op(L3, rdiv(rdiv(T3, L3), L2)) -> op(T3, rdiv(zero, L2))
(47.0) 7817. ldiv(L3, op(op(L3, x10), T2)) -> T(op(T2, x10), L3)
(44.0) 7818. op(T2, a(L3, x10, T2)) -> R(T2, x10, L3)
(38.0) 7819. a(L3, x10, T2) -> a(L3, x10, L3)
(44.571426) 7820. R(X, Y, op(T2, x10)) -> R(X, Y, op(L3, x10))
(47.0) 7821. op(op(L2, x10), T(L3, x10)) -> op(op(L3, x10), T3)
(47.0) 7822. op(op(x10, L3), T(T3, x10)) -> op(op(L3, x10), T3)
(47.0) 7823. ldiv(rdiv(x10, rdiv(T3, x7)), T2) -> ldiv(x10, T(T3, x10))
(47.0) 7824. rdiv(op(op(L3, x10), T3), L3) -> op(T3, x10)
(47.142853) 7825. ldiv(R(rdiv(X, Y), Y, Z), op(Z, X)) -> op(Y, T(Z, X))
(47.142853) 7826. ldiv(R(X, Y, Z), op(op(Y, X), Z)) -> op(T(Y, X), Z)
(46.57143) 7827. rdiv(op(X, Y), a(X, X, X)) -> op(L(X, X, X), Y)
(47.142857) 7828. R(rdiv(L3, X), X, L3) = rdiv(op(L3, T2), op(X, T2))
(47.142857) 7829. rdiv(op(L3, T2), op(X, L3)) = R(rdiv(T2, X), X, L3)
(47.14286) 7830. R(rdiv(T3, X), X, x10) = rdiv(op(L2, x10), op(X, T(x10, L3)))
(42.0) 7831. rdiv(op(L2, x10), op(x10, L3)) -> R(rdiv(T3, L3), L3, x10)
(42.0) 7832. L(rdiv(T3, L3), L3, x10) -> R(rdiv(T3, L3), L3, x10)
(46.0) 7833. ldiv(op(L3, x10), op(T3, x10)) -> R(rdiv(T3, L3), L3, x10)
(47.285713) 7834. rdiv(L(x7, X, L3), x7) -> rdiv(L3, R(L3, X, L3))
(47.285713) 7835. rdiv(L(T3, X, L3), T3) -> rdiv(T3, R(T3, X, L3))
(63.285717) 7836. rdiv(T2, rdiv(K(X, L3), a(L3, L3, L3))) -> T(R(T2, L3, L3), X)
(47.285713) 7837. rdiv(T3, R(T3, X, L3)) -> rdiv(L3, R(L3, X, L3))
(47.285713) 7838. T(R(T2, L3, L3), X) -> R(T(T2, X), L3, L3)
(47.285713) 7839. rdiv(T2, a(L3, X, L3)) -> L(T2, X, L3)
(47.285713) 7840. a(L3, rdiv(X, L2), L3) -> a(L3, rdiv(X, L3), L3)
(47.285713) 7841. rdiv(L(T2, X, L3), T2) -> rdiv(L3, R(L3, X, L3))
(47.285713) 7842. rdiv(L(L2, X, L3), L2) -> rdiv(L2, R(L2, X, L3))
(47.285713) 7843. ldiv(T2, L(T2, X, L3)) -> rdiv(L3, R(L3, X, L3))
(47.285713) 7844. ldiv(L2, L(L2, X, L3)) -> rdiv(L2, R(L2, X, L3))
(47.285713) 7845. ldiv(x7, L(x7, X, L3)) -> rdiv(L3, R(L3, X, L3))
(47.285713) 7846. ldiv(T3, L(T3, X, L3)) -> rdiv(L3, R(L3, X, L3))
(47.285713) 7847. rdiv(L2, R(L2, X, L3)) -> rdiv(L3, R(L3, X, L3))
(47.285713) 7848. op(R(L3, X, L3), x7) -> op(L3, R(x7, X, L3))
(47.285713) 7849. op(L2, a(L3, X, L3)) -> R(L2, X, L3)
(47.285713) 7850. ldiv(L(T2, X, L3), zero) -> ldiv(T2, a(L3, X, L3))
(47.285713) 7851. ldiv(L(L2, X, L3), zero) -> ldiv(L2, a(L3, X, L3))
(47.285713) 7852. ldiv(L(x7, X, L3), zero) -> ldiv(x7, a(L3, X, L3))
(47.285713) 7853. ldiv(L(T3, X, L3), zero) -> ldiv(T3, a(L3, X, L3))
(94.14286) 7854. rdiv(ldiv(L(T2, X, L3), op(L3, rdiv(T2, L(L3, X, L3)))), a(L3, X, L3)) -> a(L3, X, L3)
(94.14286) 7855. rdiv(ldiv(L(L2, X, L3), op(L3, rdiv(L2, L(L3, X, L3)))), a(L3, X, L3)) -> a(L3, X, L3)
(94.14286) 7856. rdiv(ldiv(L(T3, X, L3), op(L3, rdiv(R(T3, X, L3), L3))), a(L3, X, L3)) -> a(L3, X, L3)
(47.285713) 7857. rdiv(T3, L(T3, X, L3)) -> a(L3, X, L3)
(47.285713) 7858. rdiv(a(L3, X, L3), L2) -> rdiv(zero, L(L2, X, L3))
(47.285713) 7859. rdiv(R(L3, X, L3), L2) -> rdiv(L3, L(L2, X, L3))
(47.285713) 7860. T(R(L2, X, L3), x10) -> R(T3, X, L3)
(47.285713) 7861. rdiv(T3, a(L3, X, L3)) -> L(T3, X, L3)
(47.428574) 7862. op(L(X, Y, X), a(X, Y, X)) -> X
(63.571423) 7863. rdiv(op(L2, x10), rdiv(T3, K(op(X, x10), Y))) -> rdiv(x10, K(Y, op(X, x10)))
(63.571423) 7864. rdiv(op(L2, x10), rdiv(T3, K(rdiv(x10, X), Y))) -> rdiv(x10, K(Y, rdiv(x10, X)))
(47.571426) 7865. K(op(X, op(T2, x10)), Y) -> K(op(X, op(L3, x10)), Y)
(47.571426) 7866. rdiv(op(L2, x10), rdiv(T3, K(X, Y))) -> rdiv(x10, K(Y, X))
(47.571426) 7867. T(X, rdiv(L3, op(T2, Y))) -> T(X, rdiv(zero, Y))
(47.571426) 7868. T(X, rdiv(zero, op(Y, L2))) -> T(X, rdiv(zero, op(Y, L3)))
(47.571426) 7869. T(X, rdiv(rdiv(L2, Y), L3)) -> T(X, rdiv(zero, Y))
(47.57143) 7870. rdiv(op(X, Y), op(T(X, Y), Z)) -> rdiv(op(Y, X), op(X, Z))
(47.714287) 7871. op(op(X, L(X, X, X)), X) -> op(X, op(X, X))
(47.714287) 7872. op(op(X, x7), T(x10, op(X, L3))) -> op(x10, op(X, x7))
(45.0) 7873. op(op(ldiv(L3, zero), x7), x10) -> op(x10, op(ldiv(L3, zero), x7))
(45.0) 7874. T(op(ldiv(L3, zero), x7), x10) -> op(ldiv(L3, zero), x7)
(47.714287) 7875. rdiv(op(op(X, x7), x10), K(X, L3)) -> op(op(x7, X), x10)
(47.714287) 7876. op(rdiv(op(X, rdiv(Y, X)), X), Y) -> op(rdiv(Y, X), op(X, rdiv(Y, X)))
(47.714287) 7877. T(X, rdiv(L3, R(L2, Y, L3))) -> X
(47.285713) 7878. ldiv(R(L2, X, L3), L3) -> rdiv(L3, R(L2, X, L3))
(47.285713) 7879. ldiv(R(L2, X, L3), T2) -> rdiv(T2, R(L2, X, L3))
(47.714287) 7880. op(T(L2, X), op(X, T2)) -> op(L2, op(T2, X))
(47.714287) 7881. rdiv(a(X, Y, X), K(X, Y)) -> K(op(X, Y), X)
(47.714287) 7882. rdiv(R(X, Y, X), T(X, Y)) -> K(op(X, Y), X)
(47.714287) 7883. op(rdiv(op(X, Y), X), op(Y, X)) -> op(Y, op(X, Y))
(47.857143) 7884. rdiv(X, rdiv(X, rdiv(L2, L3))) -> rdiv(L2, L3)
(47.857143) 7885. a(X, rdiv(T2, X), X) -> a(X, rdiv(L3, X), X)
(47.857143) 7886. a(X, rdiv(L2, T(T3, x10)), X) -> zero
(47.857143) 7887. a(X, rdiv(x7, Y), X) -> a(X, rdiv(T2, Y), X)
(47.857143) 7888. rdiv(X, rdiv(T2, ldiv(X, L3))) -> rdiv(L3, T2)
(47.857143) 7889. ldiv(op(T2, X), op(op(x7, X), x10)) -> T(x10, L3)
(47.857143) 7890. R(X, rdiv(L2, X), X) -> R(X, rdiv(L3, X), X)
(47.857143) 7891. R(X, op(Y, T2), X) -> R(X, op(Y, L3), X)
(47.857143) 7892. a(X, op(Y, L3), X) = a(X, op(T2, Y), X)
(47.857143) 7893. R(X, op(Y, L2), X) -> R(X, op(Y, L3), X)
(47.857143) 7894. a(X, op(Y, L3), X) = a(X, op(L2, Y), X)
(47.857143) 7895. T(op(X, L(X, X, X)), X) -> op(X, X)
(48.0) 7896. rdiv(X, rdiv(ldiv(Y, X), a(Z, W, V))) -> op(Y, a(Z, W, V))
(48.0) 7897. op(L(x7, L3, L3), x10) -> op(x10, L(T2, L3, L3))
(48.0) 7898. op(T3, L(L2, L3, L3)) -> op(L2, L(T3, L3, L3))
(48.0) 7899. ldiv(op(X, Y), R(X, Y, rdiv(zero, Y))) -> ldiv(Y, zero)
(48.0) 7900. L(rdiv(zero, T2), L3, rdiv(zero, T2)) -> rdiv(zero, rdiv(zero, rdiv(zero, T2)))
(45.0) 7901. a(rdiv(zero, T2), L3, rdiv(zero, T2)) -> K(rdiv(zero, L3), L3)
(55.42857) 7902. op(X, R(ldiv(X, zero), Y, rdiv(zero, X))) -> a(ldiv(X, zero), Y, ldiv(X, zero))
(48.0) 7903. rdiv(a(L3, L3, L3), x7) -> rdiv(zero, L(x7, L3, L3))
(48.0) 7904. rdiv(a(L3, L3, L3), T2) -> rdiv(zero, L(T2, L3, L3))
(48.0) 7905. ldiv(L3, L(T2, L3, L3)) -> rdiv(T2, R(L3, L3, L3))
(48.0) 7906. ldiv(L3, L(x7, L3, L3)) -> rdiv(L(x7, L3, L3), L3)
(48.0) 7907. ldiv(L2, L(T2, L3, L3)) -> rdiv(L(T2, L3, L3), L2)
(48.0) 7908. rdiv(T3, L(T2, L3, L3)) -> rdiv(L2, L(x7, L3, L3))
(48.0) 7909. rdiv(L(T3, L3, L3), T2) -> rdiv(L(L2, L3, L3), x7)
(48.0) 7910. ldiv(L(T2, L3, L3), L3) -> rdiv(L3, L(T2, L3, L3))
(48.0) 7911. ldiv(L(L2, L3, L3), T2) -> rdiv(T2, L(L2, L3, L3))
(60.0) 7912. rdiv(op(op(L3, L3), T3), op(L3, L2)) -> R(T(L3, x10), L3, L3)
(53.0) 7913. L(rdiv(zero, x7), L3, rdiv(zero, T2)) -> rdiv(zero, rdiv(zero, rdiv(zero, x7)))
(48.0) 7914. ldiv(L2, L(x7, L3, L3)) -> rdiv(L(T2, L3, L3), T3)
(48.0) 7915. rdiv(x7, R(T2, L3, L3)) -> rdiv(L2, R(T3, L3, L3))
(48.0) 7916. rdiv(L(x7, L3, L3), L3) -> rdiv(x7, R(L3, L3, L3))
(48.0) 7917. op(rdiv(X, op(Y, a(Z, W, V))), Y) -> rdiv(X, a(Z, W, V))
(48.0) 7918. op(rdiv(X, Y), op(Y, a(Z, W, V))) -> op(X, a(Z, W, V))
(46.57143) 7919. op(rdiv(X, Y), R(Y, Z, Y)) -> op(X, a(Y, Z, Y))
(48.0) 7920. op(L(x7, x10, L3), x10) -> op(x10, L(T2, x10, L3))
(48.0) 7921. op(T3, L(x7, L3, L3)) -> op(L2, L(T2, L3, L3))
(48.0) 7922. rdiv(L(L2, L3, L3), L3) -> rdiv(L2, R(L3, L3, L3))
(48.0) 7923. rdiv(rdiv(T2, rdiv(L3, X)), T2) = rdiv(X, op(X, rdiv(L3, X)))
(40.285713) 7924. rdiv(rdiv(T2, X), T2) -> rdiv(rdiv(L3, X), L3)
(42.285713) 7925. ldiv(T2, rdiv(T2, X)) -> ldiv(L3, rdiv(L3, X))
(47.714287) 7926. T(rdiv(T2, rdiv(L3, X)), X) -> rdiv(T2, rdiv(L3, X))
(48.0) 7927. R(X, op(a(Y, Z, W), a(Y, Z, W)), V) -> X
(48.0) 7928. L(X, Y, op(a(Z, W, V), a(Z, W, V))) -> X
(81.14285) 7929. rdiv(ldiv(ldiv(X, Y), op(a(Z, W, V), op(Y, a(Z, W, V)))), op(a(Z, W, V), a(Z, W, V))) -> ldiv(ldiv(X, Y), Y)
(48.0) 7930. rdiv(rdiv(T3, L2), L(T2, x10, L3)) -> rdiv(zero, L(x7, x10, L3))
(47.571426) 7931. T(X, op(Y, L(T2, x10, L3))) -> T(X, op(Y, L3))
(48.0) 7932. ldiv(T3, L(L3, L3, L3)) -> rdiv(L3, R(T3, L3, L3))
(56.0) 7933. rdiv(op(x10, T2), a(L3, L3, L3)) -> op(x10, L(T2, L3, L3))
(48.0) 7934. ldiv(L2, L(T2, x10, L3)) -> rdiv(L(T2, x10, L3), L2)
(48.0) 7935. ldiv(L(T2, x10, L3), L2) -> rdiv(L2, L(T2, x10, L3))
(56.0) 7936. ldiv(L3, rdiv(L3, L(T2, x10, L3))) -> ldiv(T2, a(L3, x10, L3))
(48.0) 7937. L(X, R(T2, Y, L3), Z) -> L(X, T2, Z)
(48.0) 7938. L(X, Y, R(T2, Z, L3)) -> L(X, Y, L3)
(48.0) 7939. R(X, R(T2, Y, L3), Z) -> R(X, L3, Z)
(48.0) 7940. L(X, R(x7, Y, L3), Z) -> L(X, T2, Z)
(48.0) 7941. L(X, Y, R(x7, Z, L3)) -> L(X, Y, L3)
(48.0) 7942. R(X, R(x7, Y, L3), Z) -> R(X, L3, Z)
(48.0) 7943. L(X, Y, L(T2, Z, L3)) -> L(X, Y, L3)
(48.0) 7944. L(X, L(T2, Y, L3), Z) -> L(X, T2, Z)
(48.0) 7945. R(X, Y, L(T2, Z, L3)) -> R(X, Y, L3)
(48.0) 7946. R(X, L(T2, Y, L3), Z) -> R(X, L3, Z)
(48.0) 7947. a(X, L(T2, Y, L3), X) -> a(X, L3, X)
(48.0) 7948. L(X, Y, L(L2, Z, L3)) -> L(X, Y, L3)
(48.0) 7949. L(X, L(L2, Y, L3), Z) -> L(X, L2, Z)
(48.0) 7950. R(X, Y, L(L2, Z, L3)) -> R(X, Y, L3)
(48.0) 7951. R(X, L(L2, Y, L3), Z) -> R(X, L3, Z)
(48.0) 7952. a(X, L(L2, Y, L3), X) -> a(X, L3, X)
(48.0) 7953. op(R(rdiv(zero, X), rdiv(zero, X), X), X) -> a(rdiv(zero, X), rdiv(zero, X), X)
(56.0) 7954. rdiv(rdiv(L3, L(T2, x10, L3)), L3) -> rdiv(zero, L(T2, x10, L3))
(48.0) 7955. rdiv(T(op(L2, T2), L3), T3) -> R(x7, L3, L3)
(47.0) 7956. op(T3, R(x7, L3, L3)) -> T(op(L2, T2), L3)
(48.0) 7957. ldiv(T2, T(op(T3, T2), L3)) -> R(T3, L3, L3)
(47.0) 7958. op(T2, R(T3, L3, L3)) -> T(op(T3, T2), L3)
(48.0) 7959. L(X, Y, L(x7, Z, L3)) -> L(X, Y, L3)
(48.0) 7960. L(X, L(x7, Y, L3), Z) -> L(X, T2, Z)
(48.0) 7961. R(X, Y, L(x7, Z, L3)) -> R(X, Y, L3)
(48.0) 7962. R(X, L(x7, Y, L3), Z) -> R(X, L3, Z)
(48.0) 7963. a(X, L(x7, Y, L3), X) -> a(X, L3, X)
(48.0) 7964. L(X, Y, L(T3, Z, L3)) -> L(X, Y, L3)
(48.0) 7965. L(X, L(T3, Y, L3), Z) -> L(X, L2, Z)
(48.0) 7966. R(X, Y, L(T3, Z, L3)) -> R(X, Y, L3)
(48.0) 7967. R(X, L(T3, Y, L3), Z) -> R(X, L3, Z)
(48.0) 7968. a(X, L(T3, Y, L3), X) -> a(X, L3, X)
(48.0) 7969. T(L(x7, L3, L3), x10) -> L(T2, L3, L3)
(48.0) 7970. rdiv(R(L3, L3, L3), T2) -> rdiv(L3, L(T2, L3, L3))
(56.0) 7971. rdiv(rdiv(L3, L(T2, L3, L3)), L3) -> rdiv(zero, L(T2, L3, L3))
(48.0) 7972. rdiv(R(L3, L3, L3), x7) -> rdiv(L3, L(x7, L3, L3))
(48.0) 7973. a(R(x7, x10, L3), L3, R(x7, x10, L3)) -> a(L3, L3, L3)
(48.0) 7974. rdiv(R(T2, L3, L3), L2) -> rdiv(T2, L(L2, L3, L3))
(48.0) 7975. rdiv(L(T3, x10, L3), T2) -> rdiv(L2, R(x7, x10, L3))
(48.0) 7976. rdiv(K(L3, op(L3, x10)), T3) -> rdiv(zero, R(L2, x10, L3))
(48.0) 7977. rdiv(L(T2, x10, L3), T3) -> rdiv(x7, R(L2, x10, L3))
(48.0) 7978. op(rdiv(zero, L(x7, x10, L3)), x7) -> a(L3, x10, L3)
(48.0) 7979. ldiv(R(L2, x10, L3), x7) -> rdiv(x7, R(L2, x10, L3))
(56.0) 7980. R(R(L2, L3, L3), rdiv(L3, R(L2, L3, L3)), L3) -> R(L2, L3, L3)
(48.0) 7981. L(X, R(T3, Y, L3), Z) -> L(X, L2, Z)
(48.0) 7982. L(X, Y, R(T3, Z, L3)) -> L(X, Y, L3)
(48.0) 7983. R(X, Y, R(T3, Z, L3)) -> R(X, Y, L3)
(48.0) 7984. R(X, R(T3, Y, L3), Z) -> R(X, L3, Z)
(48.0) 7985. rdiv(L(T2, x10, L3), L3) -> rdiv(T2, R(L3, x10, L3))
(48.0) 7986. rdiv(L3, rdiv(L3, L(x7, x10, L3))) -> L(x7, x10, L3)
(47.0) 7987. op(L(x7, x10, L3), rdiv(L3, L(x7, x10, L3))) -> L3
(48.0) 7988. T(rdiv(L3, L(T2, x10, L3)), L3) -> rdiv(L3, L(T2, x10, L3))
(48.0) 7989. ldiv(x7, T(op(L2, T2), L3)) -> R(T3, L3, L3)
(48.0) 7990. ldiv(op(L3, L2), op(x10, L3)) -> L(ldiv(T3, x10), L3, L3)
(48.0) 7991. rdiv(L(L3, L3, L3), x7) -> rdiv(L3, R(x7, L3, L3))
(48.0) 7992. rdiv(x7, R(L2, x10, L3)) -> rdiv(T2, R(T3, x10, L3))
(48.0) 7993. rdiv(L(x7, x10, L3), T2) -> rdiv(L2, R(T3, x10, L3))
(48.0) 7994. ldiv(R(T2, x10, L3), L3) -> rdiv(L3, R(T2, x10, L3))
(48.0) 7995. op(L(T3, L3, L3), L3) -> op(L3, L(T3, L3, L3))
(48.0) 7996. ldiv(R(T3, L3, L3), T2) -> ldiv(R(L2, L3, L3), x7)
(48.142853) 7997. ldiv(op(X, Y), op(Y, op(T(X, Y), Z))) -> L(Z, X, Y)
(41.285713) 7998. T(L(X, Y, Z), X) -> L(X, Y, Z)
(40.57143) 7999. T(X, L(X, Y, Z)) -> X
(40.714287) 8000. K(L(X, Y, Z), X) -> zero
(40.714287) 8001. K(X, L(X, Y, Z)) -> zero
(41.857143) 8002. L(rdiv(L3, T2), X, Y) -> rdiv(L3, T2)
(42.428574) 8003. T(X, L(Y, Z, W)) -> T(X, Y)
(43.857143) 8004. L(rdiv(L2, x7), X, Y) -> rdiv(L2, x7)
(43.857143) 8005. K(L(T2, X, Y), L3) -> zero
(43.857143) 8006. K(L(L2, X, Y), L3) -> zero
(43.857143) 8007. K(L(T3, X, Y), L3) -> zero
(43.857143) 8008. K(L(x7, X, Y), L3) -> zero
(43.857143) 8009. K(L3, L(L2, X, Y)) -> zero
(43.857143) 8010. K(L3, L(T2, X, Y)) -> zero
(43.857143) 8011. K(L3, L(T3, X, Y)) -> zero
(43.857143) 8012. K(L3, L(x7, X, Y)) -> zero
(44.428574) 8013. K(L(X, Y, Z), W) -> K(X, W)
(44.428574) 8014. K(X, L(Y, Z, W)) -> K(X, Y)
(44.571426) 8015. T(L(L2, X, Y), L3) -> L(L2, X, Y)
(44.571426) 8016. T(L(T2, X, Y), L3) -> L(T2, X, Y)
(44.571426) 8017. T(L(x7, X, Y), L3) -> L(x7, X, Y)
(45.14286) 8018. op(L(X, Y, Z), X) -> op(X, L(X, Y, Z))
(46.571426) 8019. op(L(L3, X, Y), T2) -> op(T2, L(L3, X, Y))
(46.571426) 8020. op(L(L3, X, Y), x7) -> op(x7, L(L3, X, Y))
(46.571426) 8021. op(L(L3, X, Y), L2) -> op(L2, L(L3, X, Y))
(46.571426) 8022. op(L(L3, X, Y), T3) -> op(T3, L(L3, X, Y))
(46.571426) 8023. T(L(T3, X, Y), L3) -> L(T3, X, Y)
(46.85714) 8024. L(op(X, a(Y, T(Z, Y), X)), Z, Y) -> X
(48.142853) 8025. rdiv(L(T(X, Y), Y, Z), K(X, Y)) -> L(X, Y, Z)
(44.57143) 8026. rdiv(L(X, Y, Z), K(Y, X)) -> L(T(X, Y), Y, Z)
(39.0) 8027. L(T(x7, x8), x8, x9) -> T(L2, x8)
(39.0) 8028. L(T(T2, x8), x8, x9) -> T(L3, x8)
(44.57143) 8029. T(L(T(X, Y), Y, Z), X) -> L(T(X, Y), Y, Z)
(45.285713) 8030. rdiv(L2, ldiv(L(T2, x10, X), T3)) -> L(x7, x10, X)
(41.285713) 8031. ldiv(L(x7, x10, X), L2) -> ldiv(L(T2, x10, X), T3)
(45.285713) 8032. rdiv(L2, ldiv(L(T3, x10, X), T3)) -> L(L2, x10, X)
(41.285713) 8033. ldiv(L(T3, x10, X), T3) -> ldiv(L(L2, x10, X), L2)
(44.0) 8034. a(rdiv(zero, x10), x10, T3) -> a(rdiv(zero, x10), x10, L2)
(45.285713) 8035. ldiv(L(x7, x10, X), x7) -> ldiv(L(T2, x10, X), T2)
(47.0) 8036. op(op(x9, x8), T(L2, x8)) -> op(x9, op(x7, x8))
(47.0) 8037. op(op(x9, x8), T(L3, x8)) -> op(x9, op(T2, x8))
(47.285713) 8038. op(L(x7, x10, X), T2) -> op(L(T2, x10, X), x7)
(47.285713) 8039. op(L(T3, x10, X), x7) -> op(L(L2, x10, X), T2)
(48.142853) 8040. ldiv(op(X, op(Y, Z)), op(op(X, Y), Z)) -> a(X, Y, Z)
(33.285713) 8041. a(L2, X, T3) -> a(L3, X, L3)
(33.285713) 8042. a(T2, X, x7) -> a(L3, X, L3)
(35.285713) 8043. a(X, x7, T2) -> a(X, T2, x7)
(35.285713) 8044. a(T3, L2, X) -> a(L2, T3, X)
(35.285713) 8045. a(x7, T2, X) -> a(T2, x7, X)
(35.285713) 8046. a(X, T2, L2) -> a(X, L2, T2)
(35.285713) 8047. a(T2, L2, X) -> a(L2, T2, X)
(35.285713) 8048. a(X, x7, L2) -> a(X, L2, x7)
(35.285713) 8049. a(x7, L2, X) -> a(L2, x7, X)
(35.285713) 8050. a(L2, L3, X) -> a(L3, L2, X)
(35.285713) 8051. a(X, T2, L3) -> a(X, L3, T2)
(35.285713) 8052. a(T2, L3, X) -> a(L3, T2, X)
(37.285713) 8053. a(X, T3, L2) -> a(X, L2, T3)
(37.285713) 8054. a(X, T2, T3) -> a(X, T3, T2)
(37.285713) 8055. a(T2, T3, X) -> a(T3, T2, X)
(37.285713) 8056. a(X, T3, L3) -> a(X, L3, T3)
(37.285713) 8057. a(T3, L3, X) -> a(L3, T3, X)
(37.285713) 8058. a(X, x7, L3) -> a(X, L3, x7)
(37.285713) 8059. a(x7, L3, X) -> a(L3, x7, X)
(37.285713) 8060. a(L2, X, x7) -> a(L3, X, L3)
(37.285713) 8061. a(L3, X, T2) -> a(L3, X, L3)
(37.285713) 8062. a(X, x7, T3) -> a(X, L2, T2)
(37.285713) 8063. a(x7, T3, X) -> a(L2, T2, X)
(38.0) 8064. a(L2, L2, T2) -> a(L3, L3, L3)
(38.0) 8065. a(L2, T2, T2) -> a(L3, L3, L3)
(38.0) 8066. a(L3, L3, x7) -> a(L3, L3, L3)
(38.0) 8067. a(L3, L2, L2) -> a(L3, L3, L3)
(38.0) 8068. a(L3, L2, T3) -> a(L3, L3, L3)
(38.0) 8069. a(L3, T2, x7) -> a(L3, L3, L3)
(39.14286) 8070. a(T(X, Y), X, Y) -> a(X, T(X, Y), Y)
(39.285713) 8071. a(x7, X, T3) -> a(L2, X, T2)
(39.285713) 8072. a(T3, X, x7) -> a(L2, X, T2)
(39.285713) 8073. a(T2, X, L2) -> a(L2, X, T2)
(39.857143) 8074. a(X, Y, rdiv(L3, T2)) -> zero
(40.0) 8075. a(x10, x7, op(x10, T2)) -> a(x10, T2, op(x10, x7))
(40.0) 8076. a(op(T3, x10), L2, x10) -> a(op(L2, x10), T3, x10)
(40.0) 8077. a(T3, x10, op(L2, x10)) -> a(L2, x10, op(T3, x10))
(40.0) 8078. a(T3, T3, T2) -> a(L3, L3, L3)
(40.0) 8079. a(L2, T3, T2) -> a(L3, L3, L3)
(40.0) 8080. a(T3, T2, T2) -> a(L3, L3, T3)
(40.0) 8081. a(L3, L3, T3) -> a(L3, L3, L3)
(40.0) 8082. a(L3, T3, T3) -> a(L3, L3, L3)
(40.0) 8083. a(L3, x7, x7) -> a(L3, L3, L3)
(40.0) 8084. a(L3, L2, x7) -> a(L3, L3, L3)
(41.285713) 8085. a(X, T3, x7) -> a(X, L2, T2)
(41.285713) 8086. a(T3, x7, X) -> a(L2, T2, X)
(41.285713) 8087. a(x7, X, L3) -> a(L3, X, x7)
(41.285713) 8088. a(T2, X, T3) -> a(T3, X, T2)
(41.285713) 8089. a(T(x10, L3), X, T2) -> a(x10, X, x7)
(41.285713) 8090. a(T(x10, L3), X, T3) -> a(x10, X, L2)
(41.285713) 8091. a(L2, X, L3) -> a(L3, X, L2)
(41.285713) 8092. a(T3, X, L3) -> a(L3, X, T3)
(41.857143) 8093. a(X, Y, rdiv(L2, x7)) -> zero
(41.857143) 8094. a(X, rdiv(L2, x7), Y) -> zero
(42.0) 8095. a(L2, x10, T(T3, x10)) -> a(L3, x10, L3)
(42.0) 8096. a(x7, T(T2, x10), x10) -> a(T2, T2, x10)
(42.0) 8097. a(op(x10, L2), T3, x10) -> a(op(L2, x10), L2, x10)
(42.14286) 8098. a(X, Y, op(Z, a(X, Y, Z))) -> a(X, Y, Z)
(33.0) 8099. a(x9, x8, T2) -> rdiv(T2, L3)
(33.0) 8100. a(x9, x8, x7) -> rdiv(T2, T3)
(40.714287) 8101. a(X, Y, R(X, Y, X)) -> a(X, Y, X)
(41.0) 8102. a(T(x9, x8), x8, x7) -> rdiv(T2, T3)
(41.0) 8103. a(T(x9, x8), x8, T2) -> rdiv(T2, L3)
(42.571426) 8104. a(T(X, L3), X, L2) -> a(X, T(X, L3), L2)
(42.571426) 8105. a(T(X, L3), X, T2) -> a(X, T(X, L3), T2)
(42.571426) 8106. a(T(X, L3), X, x7) -> a(X, T(X, L3), x7)
(42.714287) 8107. a(X, Y, rdiv(Z, K(W, V))) -> a(X, Y, Z)
(39.14286) 8108. a(X, Y, op(Z, W)) <-> a(X, Y, op(W, Z))
(39.14286) 8109. a(X, Y, ldiv(Z, W)) -> a(X, Y, rdiv(W, Z))
(39.285713) 8110. a(X, Y, T(Z, W)) -> a(X, Y, Z)
(34.57143) 8111. a(X, Y, x7) -> a(X, Y, T2)
(33.0) 8112. rdiv(T2, T3) -> rdiv(T2, L3)
(25.0) 8113. T3 -> L3

The conjecture is true! Here is a proof.

Axiom 1 (sos): op(X, zero) = X.
Axiom 2 (sos): op(zero, X) = X.
Axiom 3 (sos): rdiv(op(X, Y), Y) = X.
Axiom 4 (sos): ldiv(X, op(X, Y)) = Y.
Axiom 5 (sos): T(X, Y) = ldiv(Y, op(X, Y)).
Axiom 6 (sos): K(X, K(Y, Z)) = 1.
Axiom 7 (sos): K(K(X, Y), Z) = 1.
Axiom 8 (sos): op(X, ldiv(X, Y)) = Y.
Axiom 9 (sos): op(rdiv(X, Y), Y) = X.
Axiom 10 (sos): K(X, a(Y, Z, W)) = 1.
Axiom 11 (sos): K(a(X, Y, Z), W) = 1.
Axiom 12 (sos): a(X, K(Y, Z), W) = 1.
Axiom 13 (sos): a(K(X, Y), Z, W) = 1.
Axiom 14 (sos): a(X, Y, a(Z, W, V)) = 1.
Axiom 15 (sos): a(X, a(Y, Z, W), V) = 1.
Axiom 16 (sos): a(a(X, Y, Z), W, V) = 1.
Axiom 17 (sos): op(X, Y) = op(op(Y, X), K(X, Y)).
Axiom 18 (sos): R(X, Y, Z) = rdiv(op(op(X, Y), Z), op(Y, Z)).
Axiom 19 (sos): L(X, Y, Z) = ldiv(op(Z, Y), op(Z, op(Y, X))).
Axiom 20 (sos): op(op(X, Y), Z) = op(op(X, op(Y, Z)), a(X, Y, Z)).

Lemma 21: op(X, K(zero, X)) = X.
Proof:
  op(X, K(zero, X))
= { by axiom 1 (sos) R->L }
  op(op(X, zero), K(zero, X)) (peak)
= { by axiom 17 (sos) R->L }
  op(zero, X)
= { by axiom 2 (sos) }
  X

Lemma 22: ldiv(X, X) = zero.
Proof:
  ldiv(X, X)
= { by axiom 1 (sos) R->L }
  ldiv(X, op(X, zero)) (peak)
= { by axiom 4 (sos) }
  zero

Lemma 23: K(zero, X) = zero.
Proof:
  K(zero, X)
= { by axiom 4 (sos) R->L }
  ldiv(X, op(X, K(zero, X))) (peak)
= { by lemma 21 }
  ldiv(X, X)
= { by lemma 22 }
  zero

Lemma 24: 1 = zero.
Proof:
  1
= { by axiom 6 (sos) R->L }
  K(zero, K(X, Y)) (peak)
= { by lemma 23 }
  zero

Lemma 25: rdiv(X, X) = zero.
Proof:
  rdiv(X, X)
= { by axiom 2 (sos) R->L }
  rdiv(op(zero, X), X) (peak)
= { by axiom 3 (sos) }
  zero

Lemma 26: rdiv(X, zero) = X.
Proof:
  rdiv(X, zero)
= { by axiom 1 (sos) R->L }
  rdiv(op(X, zero), zero) (peak)
= { by axiom 3 (sos) }
  X

Lemma 27: rdiv(op(X, Y), K(X, Y)) = op(Y, X).
Proof:
  rdiv(op(X, Y), K(X, Y))
= { by axiom 17 (sos) }
  rdiv(op(op(Y, X), K(X, Y)), K(X, Y)) (peak)
= { by axiom 3 (sos) }
  op(Y, X)

Lemma 28: op(K(X, Y), Z) = op(Z, K(X, Y)).
Proof:
  op(K(X, Y), Z)
= { by lemma 27 R->L }
  rdiv(op(Z, K(X, Y)), K(Z, K(X, Y))) (peak)
= { by axiom 6 (sos) }
  rdiv(op(Z, K(X, Y)), 1)
= { by lemma 24 }
  rdiv(op(Z, K(X, Y)), zero)
= { by lemma 26 }
  op(Z, K(X, Y))

Lemma 29: op(op(X, K(Y, Z)), W) = op(K(Y, Z), op(X, W)).
Proof:
  op(op(X, K(Y, Z)), W) (peak)
= { by lemma 28 R->L }
  op(op(K(Y, Z), X), W)
= { by axiom 20 (sos) }
  op(op(K(Y, Z), op(X, W)), a(K(Y, Z), X, W)) (peak)
= { by lemma 28 }
  op(op(op(X, W), K(Y, Z)), a(K(Y, Z), X, W)) (peak)
= { by axiom 13 (sos) }
  op(op(op(X, W), K(Y, Z)), 1)
= { by lemma 24 }
  op(op(op(X, W), K(Y, Z)), zero)
= { by axiom 1 (sos) }
  op(op(X, W), K(Y, Z))
= { by lemma 28 R->L }
  op(K(Y, Z), op(X, W))

Lemma 30: op(K(X, Y), op(Z, W)) = op(Z, op(W, K(X, Y))).
Proof:
  op(K(X, Y), op(Z, W))
= { by lemma 29 R->L }
  op(op(Z, K(X, Y)), W)
= { by axiom 20 (sos) }
  op(op(Z, op(K(X, Y), W)), a(Z, K(X, Y), W)) (peak)
= { by lemma 28 }
  op(op(Z, op(W, K(X, Y))), a(Z, K(X, Y), W)) (peak)
= { by axiom 12 (sos) }
  op(op(Z, op(W, K(X, Y))), 1)
= { by lemma 24 }
  op(op(Z, op(W, K(X, Y))), zero)
= { by axiom 1 (sos) }
  op(Z, op(W, K(X, Y)))

Lemma 31: op(K(X, Y), op(Y, X)) = op(X, Y).
Proof:
  op(K(X, Y), op(Y, X))
= { by axiom 17 (sos) }
  op(op(op(Y, X), K(X, Y)), K(K(X, Y), op(Y, X))) (peak)
= { by axiom 17 (sos) R->L }
  op(op(X, Y), K(K(X, Y), op(Y, X)))
= { by axiom 7 (sos) }
  op(op(X, Y), 1)
= { by lemma 24 }
  op(op(X, Y), zero)
= { by axiom 1 (sos) }
  op(X, Y)

Lemma 32: op(X, op(Y, K(Y, X))) = op(Y, X).
Proof:
  op(X, op(Y, K(Y, X)))
= { by lemma 30 R->L }
  op(K(Y, X), op(X, Y)) (peak)
= { by lemma 31 }
  op(Y, X)

Lemma 33: op(X, K(X, Y)) = T(X, Y).
Proof:
  op(X, K(X, Y))
= { by axiom 4 (sos) R->L }
  ldiv(Y, op(Y, op(X, K(X, Y)))) (peak)
= { by lemma 32 }
  ldiv(Y, op(X, Y))
= { by axiom 5 (sos) R->L }
  T(X, Y)

Lemma 34: op(op(X, K(Y, X)), Y) = op(Y, X).
Proof:
  op(op(X, K(Y, X)), Y)
= { by lemma 28 R->L }
  op(op(K(Y, X), X), Y)
= { by axiom 20 (sos) }
  op(op(K(Y, X), op(X, Y)), a(K(Y, X), X, Y)) (peak)
= { by lemma 31 }
  op(op(Y, X), a(K(Y, X), X, Y))
= { by axiom 13 (sos) }
  op(op(Y, X), 1)
= { by lemma 24 }
  op(op(Y, X), zero)
= { by axiom 1 (sos) }
  op(Y, X)

Lemma 35: op(X, K(Y, X)) = rdiv(op(Y, X), Y).
Proof:
  op(X, K(Y, X))
= { by axiom 3 (sos) R->L }
  rdiv(op(op(X, K(Y, X)), Y), Y) (peak)
= { by lemma 34 }
  rdiv(op(Y, X), Y)

Lemma 36: rdiv(op(X, Z), op(Y, Z)) = R(rdiv(X, Y), Y, Z).
Proof:
  rdiv(op(X, Z), op(Y, Z))
= { by axiom 9 (sos) R->L }
  rdiv(op(op(rdiv(X, Y), Y), Z), op(Y, Z)) (peak)
= { by axiom 18 (sos) R->L }
  R(rdiv(X, Y), Y, Z)

Lemma 37: R(rdiv(zero, X), X, Y) = rdiv(Y, op(X, Y)).
Proof:
  R(rdiv(zero, X), X, Y) (peak)
= { by lemma 36 R->L }
  rdiv(op(zero, Y), op(X, Y)) (peak)
= { by axiom 2 (sos) }
  rdiv(Y, op(X, Y))

Lemma 38: ldiv(rdiv(X, Y), X) = Y.
Proof:
  ldiv(rdiv(X, Y), X)
= { by axiom 9 (sos) R->L }
  ldiv(rdiv(X, Y), op(rdiv(X, Y), Y)) (peak)
= { by axiom 4 (sos) }
  Y

Lemma 39: ldiv(R(rdiv(zero, X), X, Y), Y) = op(X, Y).
Proof:
  ldiv(R(rdiv(zero, X), X, Y), Y) (peak)
= { by lemma 37 }
  ldiv(rdiv(Y, op(X, Y)), Y) (peak)
= { by lemma 38 }
  op(X, Y)

Lemma 40: op(X, K(Y, rdiv(X, Y))) = op(Y, rdiv(X, Y)).
Proof:
  op(X, K(Y, rdiv(X, Y)))
= { by axiom 9 (sos) R->L }
  op(op(rdiv(X, Y), Y), K(Y, rdiv(X, Y))) (peak)
= { by axiom 17 (sos) R->L }
  op(Y, rdiv(X, Y))

Lemma 41: op(K(X, Y), rdiv(Z, K(X, Y))) = Z.
Proof:
  op(K(X, Y), rdiv(Z, K(X, Y)))
= { by lemma 40 R->L }
  op(Z, K(K(X, Y), rdiv(Z, K(X, Y)))) (peak)
= { by axiom 7 (sos) }
  op(Z, 1)
= { by lemma 24 }
  op(Z, zero)
= { by axiom 1 (sos) }
  Z

Lemma 42: T(rdiv(X, Y), Y) = ldiv(Y, X).
Proof:
  T(rdiv(X, Y), Y)
= { by axiom 5 (sos) }
  ldiv(Y, op(rdiv(X, Y), Y)) (peak)
= { by axiom 9 (sos) }
  ldiv(Y, X)

Lemma 43: T(X, K(Y, Z)) = X.
Proof:
  T(X, K(Y, Z))
= { by axiom 5 (sos) }
  ldiv(K(Y, Z), op(X, K(Y, Z))) (peak)
= { by lemma 28 R->L }
  ldiv(K(Y, Z), op(K(Y, Z), X)) (peak)
= { by axiom 4 (sos) }
  X

Lemma 44: ldiv(K(X, Y), Z) = rdiv(Z, K(X, Y)).
Proof:
  ldiv(K(X, Y), Z)
= { by lemma 42 R->L }
  T(rdiv(Z, K(X, Y)), K(X, Y)) (peak)
= { by lemma 43 }
  rdiv(Z, K(X, Y))

Lemma 45: rdiv(op(op(X, Y), ldiv(Y, Z)), Z) = R(X, Y, ldiv(Y, Z)).
Proof:
  rdiv(op(op(X, Y), ldiv(Y, Z)), Z)
= { by axiom 8 (sos) R->L }
  rdiv(op(op(X, Y), ldiv(Y, Z)), op(Y, ldiv(Y, Z))) (peak)
= { by axiom 18 (sos) R->L }
  R(X, Y, ldiv(Y, Z))

Lemma 46: op(op(K(X, Y), Z), W) = op(Z, op(W, K(X, Y))).
Proof:
  op(op(K(X, Y), Z), W) (peak)
= { by lemma 28 }
  op(op(Z, K(X, Y)), W) (peak)
= { by lemma 29 }
  op(K(X, Y), op(Z, W))
= { by lemma 30 }
  op(Z, op(W, K(X, Y)))

Lemma 47: R(X, K(Y, Z), rdiv(W, K(Y, Z))) = X.
Proof:
  R(X, K(Y, Z), rdiv(W, K(Y, Z)))
= { by lemma 44 R->L }
  R(X, K(Y, Z), ldiv(K(Y, Z), W))
= { by lemma 45 R->L }
  rdiv(op(op(X, K(Y, Z)), ldiv(K(Y, Z), W)), W) (peak)
= { by lemma 28 R->L }
  rdiv(op(op(K(Y, Z), X), ldiv(K(Y, Z), W)), W) (peak)
= { by lemma 46 }
  rdiv(op(X, op(ldiv(K(Y, Z), W), K(Y, Z))), W)
= { by lemma 44 }
  rdiv(op(X, op(rdiv(W, K(Y, Z)), K(Y, Z))), W)
= { by axiom 9 (sos) }
  rdiv(op(X, W), W)
= { by axiom 3 (sos) }
  X

Lemma 48: rdiv(rdiv(X, K(Y, Z)), X) = rdiv(zero, K(Y, Z)).
Proof:
  rdiv(rdiv(X, K(Y, Z)), X)
= { by lemma 41 R->L }
  rdiv(rdiv(X, K(Y, Z)), op(K(Y, Z), rdiv(X, K(Y, Z)))) (peak)
= { by lemma 37 R->L }
  R(rdiv(zero, K(Y, Z)), K(Y, Z), rdiv(X, K(Y, Z)))
= { by lemma 47 }
  rdiv(zero, K(Y, Z))

Lemma 49: rdiv(op(X, Y), op(Y, X)) = K(X, Y).
Proof:
  rdiv(op(X, Y), op(Y, X))
= { by lemma 31 R->L }
  rdiv(op(K(X, Y), op(Y, X)), op(Y, X)) (peak)
= { by axiom 3 (sos) }
  K(X, Y)

Lemma 50: rdiv(zero, K(X, Y)) = K(Y, X).
Proof:
  rdiv(zero, K(X, Y))
= { by lemma 48 R->L }
  rdiv(rdiv(op(X, Y), K(X, Y)), op(X, Y)) (peak)
= { by lemma 27 }
  rdiv(op(Y, X), op(X, Y))
= { by lemma 49 }
  K(Y, X)

Lemma 51: rdiv(op(X, K(Y, Z)), X) = K(Y, Z).
Proof:
  rdiv(op(X, K(Y, Z)), X) (peak)
= { by lemma 28 R->L }
  rdiv(op(K(Y, Z), X), X) (peak)
= { by axiom 3 (sos) }
  K(Y, Z)

Lemma 52: R(rdiv(X, Y), Y, ldiv(Y, Z)) = rdiv(op(X, ldiv(Y, Z)), Z).
Proof:
  R(rdiv(X, Y), Y, ldiv(Y, Z))
= { by lemma 36 R->L }
  rdiv(op(X, ldiv(Y, Z)), op(Y, ldiv(Y, Z))) (peak)
= { by axiom 8 (sos) }
  rdiv(op(X, ldiv(Y, Z)), Z)

Lemma 53: R(K(X, Y), Z, ldiv(Z, W)) = K(X, Y).
Proof:
  R(K(X, Y), Z, ldiv(Z, W))
= { by lemma 51 R->L }
  R(rdiv(op(Z, K(X, Y)), Z), Z, ldiv(Z, W)) (peak)
= { by lemma 52 }
  rdiv(op(op(Z, K(X, Y)), ldiv(Z, W)), W) (peak)
= { by lemma 29 }
  rdiv(op(K(X, Y), op(Z, ldiv(Z, W))), W)
= { by axiom 8 (sos) }
  rdiv(op(K(X, Y), W), W)
= { by axiom 3 (sos) }
  K(X, Y)

Lemma 54: R(K(X, Y), Z, W) = K(X, Y).
Proof:
  R(K(X, Y), Z, W)
= { by axiom 4 (sos) R->L }
  R(K(X, Y), Z, ldiv(Z, op(Z, W))) (peak)
= { by lemma 53 }
  K(X, Y)

Lemma 55: op(K(X, Y), Z) = rdiv(Z, K(Y, X)).
Proof:
  op(K(X, Y), Z)
= { by lemma 39 R->L }
  ldiv(R(rdiv(zero, K(X, Y)), K(X, Y), Z), Z) (peak)
= { by lemma 50 }
  ldiv(R(K(Y, X), K(X, Y), Z), Z)
= { by lemma 54 }
  ldiv(K(Y, X), Z)
= { by lemma 44 }
  rdiv(Z, K(Y, X))

Lemma 56: op(X, K(Y, Z)) = rdiv(X, K(Z, Y)).
Proof:
  op(X, K(Y, Z))
= { by axiom 17 (sos) }
  op(op(K(Y, Z), X), K(X, K(Y, Z))) (peak)
= { by lemma 55 }
  op(rdiv(X, K(Z, Y)), K(X, K(Y, Z)))
= { by axiom 6 (sos) }
  op(rdiv(X, K(Z, Y)), 1)
= { by lemma 24 }
  op(rdiv(X, K(Z, Y)), zero)
= { by axiom 1 (sos) }
  rdiv(X, K(Z, Y))

Lemma 57: op(X, T(Y, X)) = op(Y, X).
Proof:
  op(X, T(Y, X))
= { by axiom 5 (sos) }
  op(X, ldiv(X, op(Y, X))) (peak)
= { by axiom 8 (sos) }
  op(Y, X)

Lemma 58: op(K(X, Y), X) = T(X, Y).
Proof:
  op(K(X, Y), X)
= { by axiom 17 (sos) }
  op(op(X, K(X, Y)), K(K(X, Y), X)) (peak)
= { by lemma 33 }
  op(T(X, Y), K(K(X, Y), X))
= { by axiom 7 (sos) }
  op(T(X, Y), 1)
= { by lemma 24 }
  op(T(X, Y), zero)
= { by axiom 1 (sos) }
  T(X, Y)

Lemma 59: op(K(X, Y), Y) = rdiv(op(X, Y), X).
Proof:
  op(K(X, Y), Y)
= { by axiom 17 (sos) }
  op(op(Y, K(X, Y)), K(K(X, Y), Y)) (peak)
= { by lemma 35 }
  op(rdiv(op(X, Y), X), K(K(X, Y), Y)) (peak)
= { by axiom 7 (sos) }
  op(rdiv(op(X, Y), X), 1)
= { by lemma 24 }
  op(rdiv(op(X, Y), X), zero)
= { by axiom 1 (sos) }
  rdiv(op(X, Y), X)

Lemma 60: ldiv(X, T(X, Y)) = K(X, Y).
Proof:
  ldiv(X, T(X, Y))
= { by lemma 33 R->L }
  ldiv(X, op(X, K(X, Y))) (peak)
= { by axiom 4 (sos) }
  K(X, Y)

Lemma 61: rdiv(X, ldiv(Y, X)) = Y.
Proof:
  rdiv(X, ldiv(Y, X))
= { by axiom 8 (sos) R->L }
  rdiv(op(Y, ldiv(Y, X)), ldiv(Y, X)) (peak)
= { by axiom 3 (sos) }
  Y

Lemma 62: rdiv(op(X, Y), T(X, Y)) = Y.
Proof:
  rdiv(op(X, Y), T(X, Y))
= { by axiom 5 (sos) }
  rdiv(op(X, Y), ldiv(Y, op(X, Y))) (peak)
= { by lemma 61 }
  Y

Lemma 63: rdiv(T(X, Y), X) = K(X, Y).
Proof:
  rdiv(T(X, Y), X)
= { by lemma 43 R->L }
  rdiv(T(X, Y), T(X, K(X, Y)))
= { by lemma 33 R->L }
  rdiv(op(X, K(X, Y)), T(X, K(X, Y))) (peak)
= { by lemma 62 }
  K(X, Y)

Lemma 64: ldiv(X, T(X, Y)) = rdiv(T(X, Y), X).
Proof:
  ldiv(X, T(X, Y)) (peak)
= { by lemma 60 }
  K(X, Y)
= { by lemma 63 R->L }
  rdiv(T(X, Y), X)

Lemma 65: ldiv(X, rdiv(op(Y, X), Y)) = K(Y, X).
Proof:
  ldiv(X, rdiv(op(Y, X), Y)) (peak)
= { by lemma 35 R->L }
  ldiv(X, op(X, K(Y, X))) (peak)
= { by axiom 4 (sos) }
  K(Y, X)

Lemma 66: K(X, T(Y, X)) = ldiv(T(Y, X), Y).
Proof:
  K(X, T(Y, X))
= { by lemma 65 R->L }
  ldiv(T(Y, X), rdiv(op(X, T(Y, X)), X)) (peak)
= { by lemma 57 }
  ldiv(T(Y, X), rdiv(op(Y, X), X))
= { by axiom 3 (sos) }
  ldiv(T(Y, X), Y)

Lemma 67: ldiv(op(X, Y), op(Y, X)) = K(Y, X).
Proof:
  ldiv(op(X, Y), op(Y, X))
= { by axiom 17 (sos) }
  ldiv(op(X, Y), op(op(X, Y), K(Y, X))) (peak)
= { by axiom 4 (sos) }
  K(Y, X)

Lemma 68: K(X, rdiv(op(X, Y), X)) = L(K(X, Y), Y, X).
Proof:
  K(X, rdiv(op(X, Y), X)) (peak)
= { by lemma 35 R->L }
  K(X, op(Y, K(X, Y)))
= { by lemma 67 R->L }
  ldiv(op(op(Y, K(X, Y)), X), op(X, op(Y, K(X, Y)))) (peak)
= { by lemma 34 }
  ldiv(op(X, Y), op(X, op(Y, K(X, Y))))
= { by axiom 19 (sos) R->L }
  L(K(X, Y), Y, X)

Lemma 69: T(K(X, Y), Z) = K(X, Y).
Proof:
  T(K(X, Y), Z)
= { by axiom 5 (sos) }
  ldiv(Z, op(K(X, Y), Z)) (peak)
= { by lemma 28 }
  ldiv(Z, op(Z, K(X, Y))) (peak)
= { by axiom 4 (sos) }
  K(X, Y)

Lemma 70: L(K(X, Y), Z, W) = K(X, Y).
Proof:
  L(K(X, Y), Z, W)
= { by axiom 19 (sos) }
  ldiv(op(W, Z), op(W, op(Z, K(X, Y)))) (peak)
= { by lemma 30 R->L }
  ldiv(op(W, Z), op(K(X, Y), op(W, Z))) (peak)
= { by axiom 5 (sos) R->L }
  T(K(X, Y), op(W, Z))
= { by lemma 69 }
  K(X, Y)

Lemma 71: K(X, rdiv(op(X, Y), X)) = K(X, Y).
Proof:
  K(X, rdiv(op(X, Y), X)) (peak)
= { by lemma 68 }
  L(K(X, Y), Y, X) (peak)
= { by lemma 70 }
  K(X, Y)

Lemma 72: K(X, T(Y, X)) = K(X, Y).
Proof:
  K(X, T(Y, X))
= { by lemma 71 R->L }
  K(X, rdiv(op(X, T(Y, X)), X)) (peak)
= { by lemma 57 }
  K(X, rdiv(op(Y, X), X))
= { by axiom 3 (sos) }
  K(X, Y)

Lemma 73: ldiv(T(X, Y), X) = K(Y, X).
Proof:
  ldiv(T(X, Y), X) (peak)
= { by lemma 66 R->L }
  K(Y, T(X, Y)) (peak)
= { by lemma 72 }
  K(Y, X)

Lemma 74: T(X, ldiv(X, Y)) = ldiv(ldiv(X, Y), Y).
Proof:
  T(X, ldiv(X, Y))
= { by axiom 5 (sos) }
  ldiv(ldiv(X, Y), op(X, ldiv(X, Y))) (peak)
= { by axiom 8 (sos) }
  ldiv(ldiv(X, Y), Y)

Lemma 75: rdiv(X, T(Y, ldiv(Y, X))) = ldiv(Y, X).
Proof:
  rdiv(X, T(Y, ldiv(Y, X))) (peak)
= { by lemma 74 }
  rdiv(X, ldiv(ldiv(Y, X), X)) (peak)
= { by lemma 61 }
  ldiv(Y, X)

Lemma 76: T(X, ldiv(T(Y, Z), Y)) = X.
Proof:
  T(X, ldiv(T(Y, Z), Y)) (peak)
= { by lemma 66 R->L }
  T(X, K(Z, T(Y, Z))) (peak)
= { by lemma 43 }
  X

Lemma 77: ldiv(T(X, Y), X) = rdiv(X, T(X, Y)).
Proof:
  ldiv(T(X, Y), X)
= { by lemma 75 R->L }
  rdiv(X, T(T(X, Y), ldiv(T(X, Y), X))) (peak)
= { by lemma 76 }
  rdiv(X, T(X, Y))

Lemma 78: rdiv(X, K(Y, X)) = T(X, Y).
Proof:
  rdiv(X, K(Y, X))
= { by lemma 73 R->L }
  rdiv(X, ldiv(T(X, Y), X)) (peak)
= { by lemma 61 }
  T(X, Y)

Lemma 79: L(rdiv(X, T(X, Y)), Z, W) = rdiv(X, T(X, Y)).
Proof:
  L(rdiv(X, T(X, Y)), Z, W)
= { by lemma 77 R->L }
  L(ldiv(T(X, Y), X), Z, W) (peak)
= { by lemma 66 R->L }
  L(K(Y, T(X, Y)), Z, W) (peak)
= { by lemma 70 }
  K(Y, T(X, Y))
= { by lemma 66 }
  ldiv(T(X, Y), X) (peak)
= { by lemma 77 }
  rdiv(X, T(X, Y))

Lemma 80: ldiv(op(Z, X), op(Z, Y)) = L(ldiv(X, Y), X, Z).
Proof:
  ldiv(op(Z, X), op(Z, Y))
= { by axiom 8 (sos) R->L }
  ldiv(op(Z, X), op(Z, op(X, ldiv(X, Y)))) (peak)
= { by axiom 19 (sos) R->L }
  L(ldiv(X, Y), X, Z)

Lemma 81: L(rdiv(X, T(X, Y)), T(X, Y), Y) = K(Y, X).
Proof:
  L(rdiv(X, T(X, Y)), T(X, Y), Y)
= { by lemma 77 R->L }
  L(ldiv(T(X, Y), X), T(X, Y), Y) (peak)
= { by lemma 80 R->L }
  ldiv(op(Y, T(X, Y)), op(Y, X))
= { by lemma 57 }
  ldiv(op(X, Y), op(Y, X))
= { by lemma 67 }
  K(Y, X)

Lemma 82: rdiv(Y, T(Y, X)) = K(X, Y).
Proof:
  rdiv(Y, T(Y, X))
= { by lemma 79 R->L }
  L(rdiv(Y, T(Y, X)), T(Y, X), X) (peak)
= { by lemma 81 }
  K(X, Y)

Lemma 83: rdiv(T(X, Y), K(X, Y)) = X.
Proof:
  rdiv(T(X, Y), K(X, Y))
= { by lemma 33 R->L }
  rdiv(op(X, K(X, Y)), K(X, Y)) (peak)
= { by axiom 3 (sos) }
  X

Lemma 84: ldiv(T(X, Y), op(X, Y)) = T(Y, T(X, Y)).
Proof:
  ldiv(T(X, Y), op(X, Y))
= { by lemma 57 R->L }
  ldiv(T(X, Y), op(Y, T(X, Y))) (peak)
= { by axiom 5 (sos) R->L }
  T(Y, T(X, Y))

Lemma 85: ldiv(op(X, Y), op(X, op(Z, Y))) = L(T(Z, Y), Y, X).
Proof:
  ldiv(op(X, Y), op(X, op(Z, Y))) (peak)
= { by lemma 80 }
  L(ldiv(Y, op(Z, Y)), Y, X) (peak)
= { by axiom 5 (sos) R->L }
  L(T(Z, Y), Y, X)

Lemma 86: op(op(X, Y), K(Z, W)) = op(X, op(Y, K(Z, W))).
Proof:
  op(op(X, Y), K(Z, W)) (peak)
= { by lemma 28 R->L }
  op(K(Z, W), op(X, Y)) (peak)
= { by lemma 30 }
  op(X, op(Y, K(Z, W))) (peak)

Lemma 87: L(T(X, Y), Y, K(Z, W)) = T(X, rdiv(Y, K(W, Z))).
Proof:
  L(T(X, Y), Y, K(Z, W))
= { by lemma 85 R->L }
  ldiv(op(K(Z, W), Y), op(K(Z, W), op(X, Y))) (peak)
= { by lemma 28 }
  ldiv(op(K(Z, W), Y), op(op(X, Y), K(Z, W))) (peak)
= { by lemma 55 }
  ldiv(rdiv(Y, K(W, Z)), op(op(X, Y), K(Z, W)))
= { by lemma 86 }
  ldiv(rdiv(Y, K(W, Z)), op(X, op(Y, K(Z, W))))
= { by lemma 56 }
  ldiv(rdiv(Y, K(W, Z)), op(X, rdiv(Y, K(W, Z))))
= { by axiom 5 (sos) R->L }
  T(X, rdiv(Y, K(W, Z)))

Lemma 88: R(X, K(Y, Z), W) = X.
Proof:
  R(X, K(Y, Z), W)
= { by axiom 3 (sos) R->L }
  R(X, K(Y, Z), rdiv(op(W, K(Y, Z)), K(Y, Z))) (peak)
= { by lemma 47 }
  X

Lemma 89: ldiv(R(X, Y, Z), op(op(X, Y), Z)) = op(Y, Z).
Proof:
  ldiv(R(X, Y, Z), op(op(X, Y), Z))
= { by axiom 18 (sos) }
  ldiv(rdiv(op(op(X, Y), Z), op(Y, Z)), op(op(X, Y), Z)) (peak)
= { by lemma 38 }
  op(Y, Z)

Lemma 90: ldiv(op(X, Y), op(op(Y, X), Z)) = rdiv(Z, K(X, Y)).
Proof:
  ldiv(op(X, Y), op(op(Y, X), Z))
= { by lemma 88 R->L }
  ldiv(R(op(X, Y), K(Y, X), Z), op(op(Y, X), Z))
= { by axiom 17 (sos) }
  ldiv(R(op(X, Y), K(Y, X), Z), op(op(op(X, Y), K(Y, X)), Z)) (peak)
= { by lemma 89 }
  op(K(Y, X), Z)
= { by lemma 55 }
  rdiv(Z, K(X, Y))

Lemma 91: L(X, Y, K(Z, W)) = X.
Proof:
  L(X, Y, K(Z, W))
= { by axiom 19 (sos) }
  ldiv(op(K(Z, W), Y), op(K(Z, W), op(Y, X)))
= { by lemma 29 R->L }
  ldiv(op(K(Z, W), Y), op(op(Y, K(Z, W)), X)) (peak)
= { by lemma 90 }
  rdiv(X, K(K(Z, W), Y))
= { by axiom 7 (sos) }
  rdiv(X, 1)
= { by lemma 24 }
  rdiv(X, zero)
= { by lemma 26 }
  X

Lemma 92: T(X, rdiv(Y, K(Z, W))) = T(X, Y).
Proof:
  T(X, rdiv(Y, K(Z, W)))
= { by lemma 87 R->L }
  L(T(X, Y), Y, K(W, Z)) (peak)
= { by lemma 91 }
  T(X, Y)

Lemma 93: T(X, T(Y, Z)) = T(X, Y).
Proof:
  T(X, T(Y, Z))
= { by lemma 92 R->L }
  T(X, rdiv(T(Y, Z), K(Y, Z))) (peak)
= { by lemma 83 }
  T(X, Y)

Lemma 94: ldiv(ldiv(ldiv(X, Y), Y), Y) = T(ldiv(X, Y), X).
Proof:
  ldiv(ldiv(ldiv(X, Y), Y), Y)
= { by axiom 8 (sos) R->L }
  ldiv(ldiv(ldiv(X, Y), Y), op(X, ldiv(X, Y))) (peak)
= { by lemma 74 R->L }
  ldiv(T(X, ldiv(X, Y)), op(X, ldiv(X, Y))) (peak)
= { by lemma 84 }
  T(ldiv(X, Y), T(X, ldiv(X, Y)))
= { by lemma 93 }
  T(ldiv(X, Y), X)

Lemma 95: T(X, rdiv(Y, X)) = ldiv(ldiv(X, Y), Y).
Proof:
  T(X, rdiv(Y, X))
= { by lemma 38 R->L }
  T(ldiv(rdiv(Y, X), Y), rdiv(Y, X)) (peak)
= { by lemma 94 R->L }
  ldiv(ldiv(ldiv(rdiv(Y, X), Y), Y), Y) (peak)
= { by lemma 38 }
  ldiv(ldiv(X, Y), Y)

Lemma 96: T(X, rdiv(op(X, Y), X)) = T(X, Y).
Proof:
  T(X, rdiv(op(X, Y), X))
= { by lemma 95 }
  ldiv(ldiv(X, op(X, Y)), op(X, Y)) (peak)
= { by axiom 4 (sos) }
  ldiv(Y, op(X, Y))
= { by axiom 5 (sos) R->L }
  T(X, Y)

Lemma 97: K(rdiv(op(X, Y), X), X) = K(Y, X).
Proof:
  K(rdiv(op(X, Y), X), X)
= { by lemma 72 R->L }
  K(rdiv(op(X, Y), X), T(X, rdiv(op(X, Y), X))) (peak)
= { by lemma 66 }
  ldiv(T(X, rdiv(op(X, Y), X)), X)
= { by lemma 96 }
  ldiv(T(X, Y), X)
= { by lemma 73 }
  K(Y, X)

Lemma 98: rdiv(op(X, Y), X) = rdiv(Y, K(Y, X)).
Proof:
  rdiv(op(X, Y), X)
= { by lemma 83 R->L }
  rdiv(T(rdiv(op(X, Y), X), X), K(rdiv(op(X, Y), X), X)) (peak)
= { by lemma 97 }
  rdiv(T(rdiv(op(X, Y), X), X), K(Y, X))
= { by lemma 42 }
  rdiv(ldiv(X, op(X, Y)), K(Y, X))
= { by axiom 4 (sos) }
  rdiv(Y, K(Y, X))

Lemma 99: R(rdiv(zero, X), X, ldiv(X, Y)) = rdiv(ldiv(X, Y), Y).
Proof:
  R(rdiv(zero, X), X, ldiv(X, Y)) (peak)
= { by lemma 52 }
  rdiv(op(zero, ldiv(X, Y)), Y) (peak)
= { by axiom 2 (sos) }
  rdiv(ldiv(X, Y), Y)

Lemma 100: R(X, Y, K(Z, W)) = X.
Proof:
  R(X, Y, K(Z, W))
= { by axiom 18 (sos) }
  rdiv(op(op(X, Y), K(Z, W)), op(Y, K(Z, W))) (peak)
= { by lemma 86 }
  rdiv(op(X, op(Y, K(Z, W))), op(Y, K(Z, W)))
= { by axiom 3 (sos) }
  X

Lemma 101: rdiv(K(X, Y), Y) = rdiv(zero, T(Y, X)).
Proof:
  rdiv(K(X, Y), Y)
= { by lemma 72 R->L }
  rdiv(K(X, T(Y, X)), Y) (peak)
= { by lemma 66 }
  rdiv(ldiv(T(Y, X), Y), Y)
= { by lemma 99 R->L }
  R(rdiv(zero, T(Y, X)), T(Y, X), ldiv(T(Y, X), Y)) (peak)
= { by lemma 73 }
  R(rdiv(zero, T(Y, X)), T(Y, X), K(X, Y))
= { by lemma 100 }
  rdiv(zero, T(Y, X))

Lemma 102: K(X, ldiv(X, Y)) = K(X, rdiv(Y, X)).
Proof:
  K(X, ldiv(X, Y))
= { by lemma 71 R->L }
  K(X, rdiv(op(X, ldiv(X, Y)), X)) (peak)
= { by axiom 8 (sos) }
  K(X, rdiv(Y, X))

Lemma 103: K(X, T(Y, Z)) = K(X, Y).
Proof:
  K(X, T(Y, Z))
= { by lemma 60 R->L }
  ldiv(X, T(X, T(Y, Z))) (peak)
= { by lemma 93 }
  ldiv(X, T(X, Y))
= { by lemma 60 }
  K(X, Y)

Lemma 104: K(X, ldiv(Y, Z)) = K(X, rdiv(Z, Y)).
Proof:
  K(X, ldiv(Y, Z))
= { by lemma 42 R->L }
  K(X, T(rdiv(Z, Y), Y)) (peak)
= { by lemma 103 }
  K(X, rdiv(Z, Y))

Lemma 105: rdiv(op(X, T(Y, X)), X) = Y.
Proof:
  rdiv(op(X, T(Y, X)), X) (peak)
= { by lemma 57 }
  rdiv(op(Y, X), X)
= { by axiom 3 (sos) }
  Y

Lemma 106: K(X, T(Y, X)) = rdiv(Y, T(Y, X)).
Proof:
  K(X, T(Y, X))
= { by lemma 65 R->L }
  ldiv(T(Y, X), rdiv(op(X, T(Y, X)), X)) (peak)
= { by lemma 105 }
  ldiv(T(Y, X), Y)
= { by lemma 77 }
  rdiv(Y, T(Y, X))

Lemma 107: T(X, ldiv(X, Y)) = T(X, rdiv(Y, X)).
Proof:
  T(X, ldiv(X, Y))
= { by lemma 33 R->L }
  op(X, K(X, ldiv(X, Y))) (peak)
= { by lemma 102 }
  op(X, K(X, rdiv(Y, X)))
= { by lemma 33 }
  T(X, rdiv(Y, X))

Lemma 108: K(ldiv(X, Y), X) = K(rdiv(Y, X), X).
Proof:
  K(ldiv(X, Y), X)
= { by lemma 72 R->L }
  K(ldiv(X, Y), T(X, ldiv(X, Y))) (peak)
= { by lemma 66 }
  ldiv(T(X, ldiv(X, Y)), X)
= { by lemma 107 }
  ldiv(T(X, rdiv(Y, X)), X)
= { by lemma 73 }
  K(rdiv(Y, X), X)

Lemma 109: op(X, rdiv(Y, K(Y, X))) = op(T(X, Y), Y).
Proof:
  op(X, rdiv(Y, K(Y, X)))
= { by lemma 72 R->L }
  op(X, rdiv(Y, K(Y, T(X, Y))))
= { by lemma 56 R->L }
  op(X, op(Y, K(T(X, Y), Y)))
= { by lemma 86 R->L }
  op(op(X, Y), K(T(X, Y), Y))
= { by lemma 57 R->L }
  op(op(Y, T(X, Y)), K(T(X, Y), Y)) (peak)
= { by axiom 17 (sos) R->L }
  op(T(X, Y), Y)

Lemma 110: K(X, rdiv(Y, K(Y, X))) = K(X, Y).
Proof:
  K(X, rdiv(Y, K(Y, X)))
= { by lemma 55 R->L }
  K(X, op(K(X, Y), Y)) (peak)
= { by lemma 59 }
  K(X, rdiv(op(X, Y), X)) (peak)
= { by lemma 68 }
  L(K(X, Y), Y, X) (peak)
= { by lemma 70 }
  K(X, Y)

Lemma 111: rdiv(X, T(ldiv(Y, X), Y)) = ldiv(ldiv(Y, X), X).
Proof:
  rdiv(X, T(ldiv(Y, X), Y)) (peak)
= { by lemma 94 R->L }
  rdiv(X, ldiv(ldiv(ldiv(Y, X), X), X)) (peak)
= { by lemma 61 }
  ldiv(ldiv(Y, X), X)

Lemma 112: rdiv(op(X, Y), T(Y, X)) = T(X, Y).
Proof:
  rdiv(op(X, Y), T(Y, X))
= { by axiom 4 (sos) R->L }
  rdiv(op(X, Y), T(ldiv(X, op(X, Y)), X)) (peak)
= { by lemma 111 }
  ldiv(ldiv(X, op(X, Y)), op(X, Y))
= { by axiom 4 (sos) }
  ldiv(Y, op(X, Y))
= { by axiom 5 (sos) R->L }
  T(X, Y)

Lemma 113: op(T(X, Y), T(Y, X)) = op(X, Y).
Proof:
  op(T(X, Y), T(Y, X))
= { by lemma 112 R->L }
  op(rdiv(op(X, Y), T(Y, X)), T(Y, X)) (peak)
= { by axiom 9 (sos) }
  op(X, Y)

Lemma 114: op(rdiv(X, K(X, Y)), Y) = op(Y, X).
Proof:
  op(rdiv(X, K(X, Y)), Y)
= { by axiom 17 (sos) }
  op(op(Y, rdiv(X, K(X, Y))), K(rdiv(X, K(X, Y)), Y)) (peak)
= { by lemma 109 }
  op(op(T(Y, X), X), K(rdiv(X, K(X, Y)), Y))
= { by lemma 86 }
  op(T(Y, X), op(X, K(rdiv(X, K(X, Y)), Y)))
= { by lemma 56 }
  op(T(Y, X), rdiv(X, K(Y, rdiv(X, K(X, Y)))))
= { by lemma 110 }
  op(T(Y, X), rdiv(X, K(Y, X)))
= { by lemma 78 }
  op(T(Y, X), T(X, Y))
= { by lemma 113 }
  op(Y, X)

Lemma 115: op(X, rdiv(Y, K(Z, W))) = rdiv(op(X, Y), K(Z, W)).
Proof:
  op(X, rdiv(Y, K(Z, W)))
= { by lemma 56 R->L }
  op(X, op(Y, K(W, Z)))
= { by lemma 46 R->L }
  op(op(K(W, Z), X), Y)
= { by lemma 114 R->L }
  op(op(rdiv(X, K(X, K(W, Z))), K(W, Z)), Y) (peak)
= { by lemma 29 }
  op(K(W, Z), op(rdiv(X, K(X, K(W, Z))), Y))
= { by lemma 55 }
  rdiv(op(rdiv(X, K(X, K(W, Z))), Y), K(Z, W))
= { by axiom 6 (sos) }
  rdiv(op(rdiv(X, 1), Y), K(Z, W))
= { by lemma 24 }
  rdiv(op(rdiv(X, zero), Y), K(Z, W))
= { by lemma 26 }
  rdiv(op(X, Y), K(Z, W))

Lemma 116: rdiv(op(op(X, Y), Z), a(X, Y, Z)) = op(X, op(Y, Z)).
Proof:
  rdiv(op(op(X, Y), Z), a(X, Y, Z))
= { by axiom 20 (sos) }
  rdiv(op(op(X, op(Y, Z)), a(X, Y, Z)), a(X, Y, Z)) (peak)
= { by axiom 3 (sos) }
  op(X, op(Y, Z))

Lemma 117: rdiv(op(op(X, Y), Z), K(X, Y)) = op(op(Y, X), Z).
Proof:
  rdiv(op(op(X, Y), Z), K(X, Y))
= { by lemma 115 R->L }
  op(op(X, Y), rdiv(Z, K(X, Y)))
= { by lemma 55 R->L }
  op(op(X, Y), op(K(Y, X), Z))
= { by lemma 116 R->L }
  rdiv(op(op(op(X, Y), K(Y, X)), Z), a(op(X, Y), K(Y, X), Z)) (peak)
= { by axiom 17 (sos) R->L }
  rdiv(op(op(Y, X), Z), a(op(X, Y), K(Y, X), Z))
= { by axiom 12 (sos) }
  rdiv(op(op(Y, X), Z), 1)
= { by lemma 24 }
  rdiv(op(op(Y, X), Z), zero)
= { by lemma 26 }
  op(op(Y, X), Z)

Lemma 118: rdiv(op(X, op(Y, Z)), K(Y, Z)) = op(X, op(Z, Y)).
Proof:
  rdiv(op(X, op(Y, Z)), K(Y, Z))
= { by lemma 55 R->L }
  op(K(Z, Y), op(X, op(Y, Z)))
= { by lemma 29 R->L }
  op(op(X, K(Z, Y)), op(Y, Z))
= { by axiom 20 (sos) }
  op(op(X, op(K(Z, Y), op(Y, Z))), a(X, K(Z, Y), op(Y, Z))) (peak)
= { by lemma 31 }
  op(op(X, op(Z, Y)), a(X, K(Z, Y), op(Y, Z)))
= { by axiom 12 (sos) }
  op(op(X, op(Z, Y)), 1)
= { by lemma 24 }
  op(op(X, op(Z, Y)), zero)
= { by axiom 1 (sos) }
  op(X, op(Z, Y))

Lemma 119: op(op(X, Y), T(Z, op(Y, X))) = op(Z, op(X, Y)).
Proof:
  op(op(X, Y), T(Z, op(Y, X)))
= { by lemma 117 R->L }
  rdiv(op(op(Y, X), T(Z, op(Y, X))), K(Y, X)) (peak)
= { by lemma 57 }
  rdiv(op(Z, op(Y, X)), K(Y, X))
= { by lemma 118 }
  op(Z, op(X, Y))

Lemma 120: T(X, op(Y, Z)) = T(X, op(Z, Y)).
Proof:
  T(X, op(Y, Z))
= { by axiom 4 (sos) R->L }
  ldiv(op(Z, Y), op(op(Z, Y), T(X, op(Y, Z)))) (peak)
= { by lemma 119 }
  ldiv(op(Z, Y), op(X, op(Z, Y)))
= { by axiom 5 (sos) R->L }
  T(X, op(Z, Y))

Lemma 121: op(a(X, Y, Z), W) = op(W, a(X, Y, Z)).
Proof:
  op(a(X, Y, Z), W)
= { by lemma 27 R->L }
  rdiv(op(W, a(X, Y, Z)), K(W, a(X, Y, Z))) (peak)
= { by axiom 10 (sos) }
  rdiv(op(W, a(X, Y, Z)), 1)
= { by lemma 24 }
  rdiv(op(W, a(X, Y, Z)), zero)
= { by lemma 26 }
  op(W, a(X, Y, Z))

Lemma 122: op(a(X, Y, Z), rdiv(W, a(X, Y, Z))) = W.
Proof:
  op(a(X, Y, Z), rdiv(W, a(X, Y, Z)))
= { by lemma 40 R->L }
  op(W, K(a(X, Y, Z), rdiv(W, a(X, Y, Z)))) (peak)
= { by axiom 11 (sos) }
  op(W, 1)
= { by lemma 24 }
  op(W, zero)
= { by axiom 1 (sos) }
  W

Lemma 123: ldiv(a(X, Y, Z), W) = rdiv(W, a(X, Y, Z)).
Proof:
  ldiv(a(X, Y, Z), W)
= { by lemma 122 R->L }
  ldiv(a(X, Y, Z), op(a(X, Y, Z), rdiv(W, a(X, Y, Z)))) (peak)
= { by axiom 4 (sos) }
  rdiv(W, a(X, Y, Z))

Lemma 124: op(op(X, Y), a(Z, W, V)) = op(X, op(Y, a(Z, W, V))).
Proof:
  op(op(X, Y), a(Z, W, V))
= { by axiom 20 (sos) }
  op(op(X, op(Y, a(Z, W, V))), a(X, Y, a(Z, W, V))) (peak)
= { by lemma 121 R->L }
  op(op(X, op(a(Z, W, V), Y)), a(X, Y, a(Z, W, V))) (peak)
= { by axiom 14 (sos) }
  op(op(X, op(a(Z, W, V), Y)), 1)
= { by lemma 24 }
  op(op(X, op(a(Z, W, V), Y)), zero)
= { by axiom 1 (sos) }
  op(X, op(a(Z, W, V), Y))
= { by lemma 121 }
  op(X, op(Y, a(Z, W, V)))

Lemma 125: R(X, Y, a(Z, W, V)) = X.
Proof:
  R(X, Y, a(Z, W, V))
= { by axiom 18 (sos) }
  rdiv(op(op(X, Y), a(Z, W, V)), op(Y, a(Z, W, V))) (peak)
= { by lemma 124 }
  rdiv(op(X, op(Y, a(Z, W, V))), op(Y, a(Z, W, V)))
= { by axiom 3 (sos) }
  X

Lemma 126: op(X, op(Y, a(Z, X, Y))) = ldiv(Z, op(op(Z, X), Y)).
Proof:
  op(X, op(Y, a(Z, X, Y)))
= { by lemma 124 R->L }
  op(op(X, Y), a(Z, X, Y))
= { by lemma 89 R->L }
  ldiv(R(Z, op(X, Y), a(Z, X, Y)), op(op(Z, op(X, Y)), a(Z, X, Y))) (peak)
= { by axiom 20 (sos) R->L }
  ldiv(R(Z, op(X, Y), a(Z, X, Y)), op(op(Z, X), Y))
= { by lemma 125 }
  ldiv(Z, op(op(Z, X), Y))

Lemma 127: ldiv(Z, ldiv(Y, op(op(Y, Z), X))) = op(X, a(Y, Z, X)).
Proof:
  ldiv(Z, ldiv(Y, op(op(Y, Z), X))) (peak)
= { by lemma 126 R->L }
  ldiv(Z, op(Z, op(X, a(Y, Z, X)))) (peak)
= { by axiom 4 (sos) }
  op(X, a(Y, Z, X))

Lemma 128: op(op(X, Y), L(Z, Y, X)) = op(X, op(Y, Z)).
Proof:
  op(op(X, Y), L(Z, Y, X))
= { by axiom 19 (sos) }
  op(op(X, Y), ldiv(op(X, Y), op(X, op(Y, Z)))) (peak)
= { by axiom 8 (sos) }
  op(X, op(Y, Z))

Lemma 129: op(L(X, Y, Z), a(Z, Y, L(X, Y, Z))) = X.
Proof:
  op(L(X, Y, Z), a(Z, Y, L(X, Y, Z))) (peak)
= { by lemma 127 R->L }
  ldiv(Y, ldiv(Z, op(op(Z, Y), L(X, Y, Z))))
= { by lemma 128 }
  ldiv(Y, ldiv(Z, op(Z, op(Y, X))))
= { by axiom 4 (sos) }
  ldiv(Y, op(Y, X))
= { by axiom 4 (sos) }
  X

Lemma 130: a(X, Y, L(Z, Y, X)) = ldiv(L(Z, Y, X), Z).
Proof:
  a(X, Y, L(Z, Y, X))
= { by axiom 4 (sos) R->L }
  ldiv(L(Z, Y, X), op(L(Z, Y, X), a(X, Y, L(Z, Y, X)))) (peak)
= { by lemma 129 }
  ldiv(L(Z, Y, X), Z)

Lemma 131: T(X, a(Y, Z, W)) = X.
Proof:
  T(X, a(Y, Z, W))
= { by axiom 5 (sos) }
  ldiv(a(Y, Z, W), op(X, a(Y, Z, W))) (peak)
= { by lemma 121 R->L }
  ldiv(a(Y, Z, W), op(a(Y, Z, W), X)) (peak)
= { by axiom 4 (sos) }
  X

Lemma 132: ldiv(L(X, Y, Z), X) = rdiv(X, L(X, Y, Z)).
Proof:
  ldiv(L(X, Y, Z), X) (peak)
= { by lemma 130 R->L }
  a(Z, Y, L(X, Y, Z))
= { by lemma 62 R->L }
  rdiv(op(L(X, Y, Z), a(Z, Y, L(X, Y, Z))), T(L(X, Y, Z), a(Z, Y, L(X, Y, Z)))) (peak)
= { by lemma 129 }
  rdiv(X, T(L(X, Y, Z), a(Z, Y, L(X, Y, Z))))
= { by lemma 131 }
  rdiv(X, L(X, Y, Z))

Lemma 133: ldiv(op(X, op(Y, Z)), op(op(X, Y), Z)) = a(X, Y, Z).
Proof:
  ldiv(op(X, op(Y, Z)), op(op(X, Y), Z))
= { by lemma 116 R->L }
  ldiv(rdiv(op(op(X, Y), Z), a(X, Y, Z)), op(op(X, Y), Z)) (peak)
= { by lemma 38 }
  a(X, Y, Z)

Lemma 134: op(X, op(Y, op(Z, a(X, Y, Z)))) = op(op(X, Y), Z).
Proof:
  op(X, op(Y, op(Z, a(X, Y, Z))))
= { by lemma 124 R->L }
  op(X, op(op(Y, Z), a(X, Y, Z)))
= { by lemma 124 R->L }
  op(op(X, op(Y, Z)), a(X, Y, Z)) (peak)
= { by axiom 20 (sos) R->L }
  op(op(X, Y), Z)

Lemma 135: L(a(X, Y, Z), W, V) = a(X, Y, Z).
Proof:
  L(a(X, Y, Z), W, V)
= { by axiom 19 (sos) }
  ldiv(op(V, W), op(V, op(W, a(X, Y, Z))))
= { by lemma 124 R->L }
  ldiv(op(V, W), op(op(V, W), a(X, Y, Z))) (peak)
= { by axiom 4 (sos) }
  a(X, Y, Z)

Lemma 136: a(X, Y, op(Z, a(X, Y, Z))) = a(X, Y, Z).
Proof:
  a(X, Y, op(Z, a(X, Y, Z)))
= { by lemma 133 R->L }
  ldiv(op(X, op(Y, op(Z, a(X, Y, Z)))), op(op(X, Y), op(Z, a(X, Y, Z)))) (peak)
= { by lemma 134 }
  ldiv(op(op(X, Y), Z), op(op(X, Y), op(Z, a(X, Y, Z))))
= { by axiom 19 (sos) R->L }
  L(a(X, Y, Z), Z, op(X, Y))
= { by lemma 135 }
  a(X, Y, Z)

Lemma 137: rdiv(op(X, a(Y, Z, W)), X) = a(Y, Z, W).
Proof:
  rdiv(op(X, a(Y, Z, W)), X) (peak)
= { by lemma 121 R->L }
  rdiv(op(a(Y, Z, W), X), X) (peak)
= { by axiom 3 (sos) }
  a(Y, Z, W)

Lemma 138: a(X, Y, L(Z, Y, X)) = rdiv(Z, L(Z, Y, X)).
Proof:
  a(X, Y, L(Z, Y, X))
= { by lemma 137 R->L }
  rdiv(op(L(Z, Y, X), a(X, Y, L(Z, Y, X))), L(Z, Y, X)) (peak)
= { by lemma 129 }
  rdiv(Z, L(Z, Y, X))

Lemma 139: op(K(X, Y), op(Z, Y)) = op(Z, rdiv(op(X, Y), X)).
Proof:
  op(K(X, Y), op(Z, Y)) (peak)
= { by lemma 30 }
  op(Z, op(Y, K(X, Y))) (peak)
= { by lemma 35 }
  op(Z, rdiv(op(X, Y), X)) (peak)

Lemma 140: op(X, rdiv(op(Z, Y), Z)) = rdiv(op(X, Y), K(Y, Z)).
Proof:
  op(X, rdiv(op(Z, Y), Z)) (peak)
= { by lemma 139 R->L }
  op(K(Z, Y), op(X, Y)) (peak)
= { by lemma 28 }
  op(op(X, Y), K(Z, Y)) (peak)
= { by lemma 56 }
  rdiv(op(X, Y), K(Y, Z))

Lemma 141: K(rdiv(X, K(Y, Z)), W) = K(X, W).
Proof:
  K(rdiv(X, K(Y, Z)), W)
= { by lemma 72 R->L }
  K(rdiv(X, K(Y, Z)), T(W, rdiv(X, K(Y, Z)))) (peak)
= { by lemma 66 }
  ldiv(T(W, rdiv(X, K(Y, Z))), W) (peak)
= { by lemma 92 }
  ldiv(T(W, X), W)
= { by lemma 73 }
  K(X, W)

Lemma 142: rdiv(op(X, Y), K(Y, X)) = op(T(X, Y), Y).
Proof:
  rdiv(op(X, Y), K(Y, X))
= { by lemma 141 R->L }
  rdiv(op(X, Y), K(rdiv(Y, K(Y, X)), X))
= { by lemma 114 R->L }
  rdiv(op(rdiv(Y, K(Y, X)), X), K(rdiv(Y, K(Y, X)), X)) (peak)
= { by lemma 27 }
  op(X, rdiv(Y, K(Y, X)))
= { by lemma 109 }
  op(T(X, Y), Y)

Lemma 143: op(X, rdiv(op(X, Y), X)) = op(T(X, Y), Y).
Proof:
  op(X, rdiv(op(X, Y), X)) (peak)
= { by lemma 140 }
  rdiv(op(X, Y), K(Y, X)) (peak)
= { by lemma 142 }
  op(T(X, Y), Y)

Lemma 144: op(L(X, Y, Z), rdiv(X, L(X, Y, Z))) = X.
Proof:
  op(L(X, Y, Z), rdiv(X, L(X, Y, Z)))
= { by lemma 129 R->L }
  op(L(X, Y, Z), rdiv(op(L(X, Y, Z), a(Z, Y, L(X, Y, Z))), L(X, Y, Z))) (peak)
= { by lemma 143 }
  op(T(L(X, Y, Z), a(Z, Y, L(X, Y, Z))), a(Z, Y, L(X, Y, Z)))
= { by lemma 131 }
  op(L(X, Y, Z), a(Z, Y, L(X, Y, Z)))
= { by lemma 129 }
  X

Lemma 145: rdiv(Z, L(Z, Y, X)) = a(X, Y, Z).
Proof:
  rdiv(Z, L(Z, Y, X))
= { by lemma 132 R->L }
  ldiv(L(Z, Y, X), Z) (peak)
= { by lemma 130 R->L }
  a(X, Y, L(Z, Y, X))
= { by lemma 136 R->L }
  a(X, Y, op(L(Z, Y, X), a(X, Y, L(Z, Y, X)))) (peak)
= { by lemma 138 }
  a(X, Y, op(L(Z, Y, X), rdiv(Z, L(Z, Y, X)))) (peak)
= { by lemma 144 }
  a(X, Y, Z)

Lemma 146: L(ldiv(X, ldiv(Y, Z)), X, Y) = ldiv(op(Y, X), Z).
Proof:
  L(ldiv(X, ldiv(Y, Z)), X, Y) (peak)
= { by lemma 80 R->L }
  ldiv(op(Y, X), op(Y, ldiv(Y, Z))) (peak)
= { by axiom 8 (sos) }
  ldiv(op(Y, X), Z)

Lemma 147: ldiv(rdiv(X, K(Y, Z)), W) = ldiv(X, rdiv(W, K(Z, Y))).
Proof:
  ldiv(rdiv(X, K(Y, Z)), W)
= { by lemma 55 R->L }
  ldiv(op(K(Z, Y), X), W)
= { by lemma 146 R->L }
  L(ldiv(X, ldiv(K(Z, Y), W)), X, K(Z, Y)) (peak)
= { by lemma 91 }
  ldiv(X, ldiv(K(Z, Y), W))
= { by lemma 44 }
  ldiv(X, rdiv(W, K(Z, Y)))

Lemma 148: ldiv(X, rdiv(op(X, Y), K(Z, W))) = rdiv(Y, K(Z, W)).
Proof:
  ldiv(X, rdiv(op(X, Y), K(Z, W)))
= { by lemma 55 R->L }
  ldiv(X, op(K(W, Z), op(X, Y)))
= { by lemma 100 R->L }
  ldiv(R(X, Y, K(W, Z)), op(K(W, Z), op(X, Y))) (peak)
= { by lemma 28 }
  ldiv(R(X, Y, K(W, Z)), op(op(X, Y), K(W, Z))) (peak)
= { by lemma 89 }
  op(Y, K(W, Z))
= { by lemma 56 }
  rdiv(Y, K(Z, W))

Lemma 149: ldiv(X, rdiv(Y, K(Z, W))) = rdiv(ldiv(X, Y), K(Z, W)).
Proof:
  ldiv(X, rdiv(Y, K(Z, W)))
= { by axiom 8 (sos) R->L }
  ldiv(X, rdiv(op(X, ldiv(X, Y)), K(Z, W))) (peak)
= { by lemma 148 }
  rdiv(ldiv(X, Y), K(Z, W))

Lemma 150: R(rdiv(rdiv(X, Y), Z), Z, Y) = rdiv(X, op(Z, Y)).
Proof:
  R(rdiv(rdiv(X, Y), Z), Z, Y) (peak)
= { by lemma 36 R->L }
  rdiv(op(rdiv(X, Y), Y), op(Z, Y)) (peak)
= { by axiom 9 (sos) }
  rdiv(X, op(Z, Y))

Lemma 151: rdiv(rdiv(X, K(Y, Z)), W) = rdiv(X, rdiv(W, K(Z, Y))).
Proof:
  rdiv(rdiv(X, K(Y, Z)), W)
= { by lemma 100 R->L }
  R(rdiv(rdiv(X, K(Y, Z)), W), W, K(Y, Z)) (peak)
= { by lemma 150 }
  rdiv(X, op(W, K(Y, Z)))
= { by lemma 56 }
  rdiv(X, rdiv(W, K(Z, Y)))

Lemma 152: rdiv(op(X, T(Z, Y)), op(Z, Y)) = R(rdiv(X, Y), Y, T(Z, Y)).
Proof:
  rdiv(op(X, T(Z, Y)), op(Z, Y))
= { by lemma 57 R->L }
  rdiv(op(X, T(Z, Y)), op(Y, T(Z, Y))) (peak)
= { by lemma 36 }
  R(rdiv(X, Y), Y, T(Z, Y))

Lemma 153: rdiv(op(X, Y), T(Y, Z)) = rdiv(X, K(Y, Z)).
Proof:
  rdiv(op(X, Y), T(Y, Z))
= { by lemma 43 R->L }
  rdiv(op(X, T(Y, K(Y, Z))), T(Y, Z))
= { by lemma 33 R->L }
  rdiv(op(X, T(Y, K(Y, Z))), op(Y, K(Y, Z)))
= { by lemma 152 }
  R(rdiv(X, K(Y, Z)), K(Y, Z), T(Y, K(Y, Z))) (peak)
= { by lemma 88 }
  rdiv(X, K(Y, Z))

Lemma 154: rdiv(K(X, Y), K(X, Z)) = rdiv(T(X, Y), T(X, Z)).
Proof:
  rdiv(K(X, Y), K(X, Z))
= { by lemma 153 R->L }
  rdiv(op(K(X, Y), X), T(X, Z)) (peak)
= { by lemma 58 }
  rdiv(T(X, Y), T(X, Z))

Lemma 155: a(X, Y, rdiv(Z, K(W, V))) = a(X, Y, Z).
Proof:
  a(X, Y, rdiv(Z, K(W, V)))
= { by lemma 133 R->L }
  ldiv(op(X, op(Y, rdiv(Z, K(W, V)))), op(op(X, Y), rdiv(Z, K(W, V)))) (peak)
= { by lemma 115 }
  ldiv(op(X, rdiv(op(Y, Z), K(W, V))), op(op(X, Y), rdiv(Z, K(W, V))))
= { by lemma 115 }
  ldiv(rdiv(op(X, op(Y, Z)), K(W, V)), op(op(X, Y), rdiv(Z, K(W, V))))
= { by lemma 147 }
  ldiv(op(X, op(Y, Z)), rdiv(op(op(X, Y), rdiv(Z, K(W, V))), K(V, W)))
= { by lemma 149 }
  rdiv(ldiv(op(X, op(Y, Z)), op(op(X, Y), rdiv(Z, K(W, V)))), K(V, W))
= { by lemma 115 }
  rdiv(ldiv(op(X, op(Y, Z)), rdiv(op(op(X, Y), Z), K(W, V))), K(V, W))
= { by lemma 149 }
  rdiv(rdiv(ldiv(op(X, op(Y, Z)), op(op(X, Y), Z)), K(W, V)), K(V, W))
= { by lemma 151 }
  rdiv(ldiv(op(X, op(Y, Z)), op(op(X, Y), Z)), rdiv(K(V, W), K(V, W)))
= { by lemma 133 }
  rdiv(a(X, Y, Z), rdiv(K(V, W), K(V, W)))
= { by lemma 154 }
  rdiv(a(X, Y, Z), rdiv(T(V, W), T(V, W)))
= { by lemma 25 }
  rdiv(a(X, Y, Z), zero)
= { by lemma 26 }
  a(X, Y, Z)

Lemma 156: a(X, Y, T(Z, W)) = a(X, Y, Z).
Proof:
  a(X, Y, T(Z, W))
= { by lemma 155 R->L }
  a(X, Y, rdiv(T(Z, W), K(Z, W))) (peak)
= { by lemma 83 }
  a(X, Y, Z)

Lemma 157: K(X, a(Y, Z, W)) = zero.
Proof:
  K(X, a(Y, Z, W)) (peak)
= { by axiom 10 (sos) }
  1
= { by lemma 24 }
  zero

Lemma 158: a(a(X, Y, Z), W, V) = zero.
Proof:
  a(a(X, Y, Z), W, V) (peak)
= { by axiom 16 (sos) }
  1
= { by lemma 24 }
  zero

Lemma 159: L(op(X, a(Y, Z, X)), Z, Y) = X.
Proof:
  L(op(X, a(Y, Z, X)), Z, Y)
= { by axiom 19 (sos) }
  ldiv(op(Y, Z), op(Y, op(Z, op(X, a(Y, Z, X))))) (peak)
= { by lemma 134 }
  ldiv(op(Y, Z), op(op(Y, Z), X))
= { by axiom 4 (sos) }
  X

Lemma 160: L(X, Y, a(Z, W, V)) = X.
Proof:
  L(X, Y, a(Z, W, V))
= { by axiom 1 (sos) R->L }
  L(op(X, zero), Y, a(Z, W, V))
= { by lemma 158 R->L }
  L(op(X, a(a(Z, W, V), Y, X)), Y, a(Z, W, V)) (peak)
= { by lemma 159 }
  X

Lemma 161: ldiv(X, op(Y, op(ldiv(Y, X), Z))) = L(Z, ldiv(Y, X), Y).
Proof:
  ldiv(X, op(Y, op(ldiv(Y, X), Z)))
= { by axiom 8 (sos) R->L }
  ldiv(op(Y, ldiv(Y, X)), op(Y, op(ldiv(Y, X), Z))) (peak)
= { by axiom 19 (sos) R->L }
  L(Z, ldiv(Y, X), Y)

Lemma 162: op(rdiv(X, K(Y, Z)), W) = rdiv(op(X, W), K(Y, Z)).
Proof:
  op(rdiv(X, K(Y, Z)), W)
= { by lemma 56 R->L }
  op(op(X, K(Z, Y)), W) (peak)
= { by lemma 28 R->L }
  op(op(K(Z, Y), X), W) (peak)
= { by lemma 46 }
  op(X, op(W, K(Z, Y)))
= { by lemma 56 }
  op(X, rdiv(W, K(Y, Z)))
= { by lemma 115 }
  rdiv(op(X, W), K(Y, Z))

Lemma 163: rdiv(rdiv(X, Y), K(Z, W)) = rdiv(X, rdiv(Y, K(W, Z))).
Proof:
  rdiv(rdiv(X, Y), K(Z, W))
= { by lemma 88 R->L }
  R(rdiv(rdiv(X, Y), K(Z, W)), K(Z, W), Y) (peak)
= { by lemma 150 }
  rdiv(X, op(K(Z, W), Y))
= { by lemma 55 }
  rdiv(X, rdiv(Y, K(W, Z)))

Lemma 164: L(X, rdiv(Y, K(Z, W)), V) = L(X, Y, V).
Proof:
  L(X, rdiv(Y, K(Z, W)), V)
= { by lemma 148 R->L }
  L(X, ldiv(V, rdiv(op(V, Y), K(Z, W))), V)
= { by lemma 161 R->L }
  ldiv(rdiv(op(V, Y), K(Z, W)), op(V, op(ldiv(V, rdiv(op(V, Y), K(Z, W))), X))) (peak)
= { by lemma 148 }
  ldiv(rdiv(op(V, Y), K(Z, W)), op(V, op(rdiv(Y, K(Z, W)), X)))
= { by lemma 147 }
  ldiv(op(V, Y), rdiv(op(V, op(rdiv(Y, K(Z, W)), X)), K(W, Z)))
= { by lemma 149 }
  rdiv(ldiv(op(V, Y), op(V, op(rdiv(Y, K(Z, W)), X))), K(W, Z))
= { by lemma 162 }
  rdiv(ldiv(op(V, Y), op(V, rdiv(op(Y, X), K(Z, W)))), K(W, Z))
= { by lemma 115 }
  rdiv(ldiv(op(V, Y), rdiv(op(V, op(Y, X)), K(Z, W))), K(W, Z))
= { by lemma 149 }
  rdiv(rdiv(ldiv(op(V, Y), op(V, op(Y, X))), K(Z, W)), K(W, Z))
= { by lemma 163 }
  rdiv(ldiv(op(V, Y), op(V, op(Y, X))), rdiv(K(Z, W), K(Z, W)))
= { by axiom 19 (sos) R->L }
  rdiv(L(X, Y, V), rdiv(K(Z, W), K(Z, W)))
= { by lemma 25 }
  rdiv(L(X, Y, V), zero)
= { by lemma 26 }
  L(X, Y, V)

Lemma 165: L(X, op(Y, Z), W) = L(X, op(Z, Y), W).
Proof:
  L(X, op(Y, Z), W)
= { by lemma 164 R->L }
  L(X, rdiv(op(Y, Z), K(Y, Z)), W) (peak)
= { by lemma 27 }
  L(X, op(Z, Y), W)

Lemma 166: op(X, K(rdiv(Y, X), X)) = rdiv(Y, rdiv(Y, X)).
Proof:
  op(X, K(rdiv(Y, X), X))
= { by lemma 35 }
  rdiv(op(rdiv(Y, X), X), rdiv(Y, X)) (peak)
= { by axiom 9 (sos) }
  rdiv(Y, rdiv(Y, X))

Lemma 167: op(ldiv(X, Y), K(X, rdiv(Y, X))) = rdiv(Y, X).
Proof:
  op(ldiv(X, Y), K(X, rdiv(Y, X)))
= { by lemma 102 R->L }
  op(ldiv(X, Y), K(X, ldiv(X, Y)))
= { by lemma 61 R->L }
  op(ldiv(X, Y), K(rdiv(Y, ldiv(X, Y)), ldiv(X, Y))) (peak)
= { by lemma 166 }
  rdiv(Y, rdiv(Y, ldiv(X, Y)))
= { by lemma 61 }
  rdiv(Y, X)

Lemma 168: L(X, ldiv(Y, Z), W) = L(X, rdiv(Z, Y), W).
Proof:
  L(X, ldiv(Y, Z), W)
= { by lemma 164 R->L }
  L(X, rdiv(ldiv(Y, Z), K(rdiv(Z, Y), Y)), W)
= { by lemma 55 R->L }
  L(X, op(K(Y, rdiv(Z, Y)), ldiv(Y, Z)), W) (peak)
= { by lemma 165 R->L }
  L(X, op(ldiv(Y, Z), K(Y, rdiv(Z, Y))), W)
= { by lemma 167 }
  L(X, rdiv(Z, Y), W)

Lemma 169: ldiv(X, op(Y, op(ldiv(Y, X), Z))) = L(Z, rdiv(X, Y), Y).
Proof:
  ldiv(X, op(Y, op(ldiv(Y, X), Z)))
= { by axiom 8 (sos) R->L }
  ldiv(op(Y, ldiv(Y, X)), op(Y, op(ldiv(Y, X), Z))) (peak)
= { by axiom 19 (sos) R->L }
  L(Z, ldiv(Y, X), Y)
= { by lemma 168 }
  L(Z, rdiv(X, Y), Y)

Lemma 170: L(ldiv(ldiv(X, Y), Z), rdiv(Y, X), X) = ldiv(Y, op(X, Z)).
Proof:
  L(ldiv(ldiv(X, Y), Z), rdiv(Y, X), X)
= { by lemma 169 R->L }
  ldiv(Y, op(X, op(ldiv(X, Y), ldiv(ldiv(X, Y), Z)))) (peak)
= { by axiom 8 (sos) }
  ldiv(Y, op(X, Z))

Lemma 171: ldiv(rdiv(X, a(Y, Z, W)), V) = ldiv(X, op(V, a(Y, Z, W))).
Proof:
  ldiv(rdiv(X, a(Y, Z, W)), V)
= { by lemma 123 R->L }
  ldiv(ldiv(a(Y, Z, W), X), V)
= { by lemma 160 R->L }
  L(ldiv(ldiv(a(Y, Z, W), X), V), rdiv(X, a(Y, Z, W)), a(Y, Z, W)) (peak)
= { by lemma 170 }
  ldiv(X, op(a(Y, Z, W), V))
= { by lemma 121 }
  ldiv(X, op(V, a(Y, Z, W)))

Lemma 172: rdiv(op(op(X, rdiv(Y, Z)), Z), Y) = R(X, rdiv(Y, Z), Z).
Proof:
  rdiv(op(op(X, rdiv(Y, Z)), Z), Y)
= { by axiom 9 (sos) R->L }
  rdiv(op(op(X, rdiv(Y, Z)), Z), op(rdiv(Y, Z), Z)) (peak)
= { by axiom 18 (sos) R->L }
  R(X, rdiv(Y, Z), Z)

Lemma 173: ldiv(X, op(op(Y, rdiv(X, Z)), Z)) = T(R(Y, rdiv(X, Z), Z), X).
Proof:
  ldiv(X, op(op(Y, rdiv(X, Z)), Z))
= { by lemma 42 R->L }
  T(rdiv(op(op(Y, rdiv(X, Z)), Z), X), X) (peak)
= { by lemma 172 }
  T(R(Y, rdiv(X, Z), Z), X)

Lemma 174: T(X, rdiv(Y, a(Z, W, V))) = T(X, Y).
Proof:
  T(X, rdiv(Y, a(Z, W, V)))
= { by axiom 5 (sos) }
  ldiv(rdiv(Y, a(Z, W, V)), op(X, rdiv(Y, a(Z, W, V)))) (peak)
= { by lemma 171 }
  ldiv(Y, op(op(X, rdiv(Y, a(Z, W, V))), a(Z, W, V)))
= { by lemma 173 }
  T(R(X, rdiv(Y, a(Z, W, V)), a(Z, W, V)), Y)
= { by lemma 125 }
  T(X, Y)

Lemma 175: T(X, op(Y, a(Z, W, V))) = T(X, Y).
Proof:
  T(X, op(Y, a(Z, W, V)))
= { by lemma 174 R->L }
  T(X, rdiv(op(Y, a(Z, W, V)), a(Z, W, V))) (peak)
= { by axiom 3 (sos) }
  T(X, Y)

Lemma 176: T(X, op(a(Y, Z, W), V)) = T(X, V).
Proof:
  T(X, op(a(Y, Z, W), V)) (peak)
= { by lemma 121 }
  T(X, op(V, a(Y, Z, W))) (peak)
= { by lemma 175 }
  T(X, V)

Lemma 177: T(X, L(Y, W, V)) = T(X, T(Y, Z)).
Proof:
  T(X, L(Y, W, V))
= { by lemma 176 R->L }
  T(X, op(a(V, W, L(Y, W, V)), L(Y, W, V))) (peak)
= { by lemma 120 R->L }
  T(X, op(L(Y, W, V), a(V, W, L(Y, W, V))))
= { by lemma 129 }
  T(X, Y)
= { by lemma 93 R->L }
  T(X, T(Y, Z)) (peak)

Lemma 178: K(X, L(Y, W, V)) = K(X, T(Y, Z)).
Proof:
  K(X, L(Y, W, V))
= { by lemma 60 R->L }
  ldiv(X, T(X, L(Y, W, V))) (peak)
= { by lemma 177 }
  ldiv(X, T(X, T(Y, Z))) (peak)
= { by lemma 60 }
  K(X, T(Y, Z))

Lemma 179: op(rdiv(X, op(Y, Z)), op(Z, Y)) = rdiv(X, K(Y, Z)).
Proof:
  op(rdiv(X, op(Y, Z)), op(Z, Y))
= { by lemma 118 R->L }
  rdiv(op(rdiv(X, op(Y, Z)), op(Y, Z)), K(Y, Z)) (peak)
= { by axiom 9 (sos) }
  rdiv(X, K(Y, Z))

Lemma 180: rdiv(op(X, Y), K(Z, Y)) = op(X, T(Y, Z)).
Proof:
  rdiv(op(X, Y), K(Z, Y))
= { by lemma 55 R->L }
  op(K(Y, Z), op(X, Y)) (peak)
= { by lemma 30 }
  op(X, op(Y, K(Y, Z))) (peak)
= { by lemma 33 }
  op(X, T(Y, Z))

Lemma 181: op(R(X, Y, Z), op(Z, Y)) = op(op(X, Y), T(Z, Y)).
Proof:
  op(R(X, Y, Z), op(Z, Y))
= { by axiom 18 (sos) }
  op(rdiv(op(op(X, Y), Z), op(Y, Z)), op(Z, Y)) (peak)
= { by lemma 179 }
  rdiv(op(op(X, Y), Z), K(Y, Z))
= { by lemma 180 }
  op(op(X, Y), T(Z, Y))

Lemma 182: op(R(X, Y, rdiv(Z, Y)), Z) = op(op(X, Y), ldiv(Y, Z)).
Proof:
  op(R(X, Y, rdiv(Z, Y)), Z)
= { by axiom 9 (sos) R->L }
  op(R(X, Y, rdiv(Z, Y)), op(rdiv(Z, Y), Y)) (peak)
= { by lemma 181 }
  op(op(X, Y), T(rdiv(Z, Y), Y))
= { by lemma 42 }
  op(op(X, Y), ldiv(Y, Z))

Lemma 183: rdiv(op(op(X, Y), ldiv(Y, Z)), Z) = R(X, Y, rdiv(Z, Y)).
Proof:
  rdiv(op(op(X, Y), ldiv(Y, Z)), Z)
= { by lemma 182 R->L }
  rdiv(op(R(X, Y, rdiv(Z, Y)), Z), Z) (peak)
= { by axiom 3 (sos) }
  R(X, Y, rdiv(Z, Y))

Lemma 184: R(X, Y, ldiv(Y, Z)) = R(X, Y, rdiv(Z, Y)).
Proof:
  R(X, Y, ldiv(Y, Z))
= { by axiom 3 (sos) R->L }
  R(rdiv(op(X, Y), Y), Y, ldiv(Y, Z)) (peak)
= { by lemma 52 }
  rdiv(op(op(X, Y), ldiv(Y, Z)), Z) (peak)
= { by lemma 183 }
  R(X, Y, rdiv(Z, Y))

Lemma 185: R(X, Y, T(Z, Y)) = R(X, Y, Z).
Proof:
  R(X, Y, T(Z, Y))
= { by axiom 5 (sos) }
  R(X, Y, ldiv(Y, op(Z, Y))) (peak)
= { by lemma 184 }
  R(X, Y, rdiv(op(Z, Y), Y))
= { by axiom 3 (sos) }
  R(X, Y, Z)

Lemma 186: L(X, K(Y, Z), W) = X.
Proof:
  L(X, K(Y, Z), W)
= { by lemma 43 R->L }
  L(T(X, K(Y, Z)), K(Y, Z), W)
= { by lemma 85 R->L }
  ldiv(op(W, K(Y, Z)), op(W, op(X, K(Y, Z))))
= { by lemma 46 R->L }
  ldiv(op(W, K(Y, Z)), op(op(K(Y, Z), W), X)) (peak)
= { by lemma 90 }
  rdiv(X, K(W, K(Y, Z)))
= { by axiom 6 (sos) }
  rdiv(X, 1)
= { by lemma 24 }
  rdiv(X, zero)
= { by lemma 26 }
  X

Lemma 187: T(X, L(Y, Z, W)) = T(X, Y).
Proof:
  T(X, L(Y, Z, W))
= { by lemma 175 R->L }
  T(X, op(L(Y, Z, W), a(W, Z, L(Y, Z, W)))) (peak)
= { by lemma 129 }
  T(X, Y)

Lemma 188: ldiv(rdiv(X, L(X, Y, Z)), W) = rdiv(W, rdiv(X, L(X, Y, Z))).
Proof:
  ldiv(rdiv(X, L(X, Y, Z)), W)
= { by lemma 132 R->L }
  ldiv(ldiv(L(X, Y, Z), X), W) (peak)
= { by lemma 130 R->L }
  ldiv(a(Z, Y, L(X, Y, Z)), W) (peak)
= { by lemma 123 }
  rdiv(W, a(Z, Y, L(X, Y, Z)))
= { by lemma 138 }
  rdiv(W, rdiv(X, L(X, Y, Z))) (peak)

Lemma 189: ldiv(R(rdiv(X, Y), Y, Z), op(X, Z)) = op(Y, Z).
Proof:
  ldiv(R(rdiv(X, Y), Y, Z), op(X, Z)) (peak)
= { by lemma 36 R->L }
  ldiv(rdiv(op(X, Z), op(Y, Z)), op(X, Z)) (peak)
= { by lemma 38 }
  op(Y, Z)

Lemma 190: ldiv(rdiv(X, Y), T(X, Z)) = rdiv(Y, K(Z, X)).
Proof:
  ldiv(rdiv(X, Y), T(X, Z))
= { by lemma 100 R->L }
  ldiv(R(rdiv(X, Y), Y, K(X, Z)), T(X, Z))
= { by lemma 33 R->L }
  ldiv(R(rdiv(X, Y), Y, K(X, Z)), op(X, K(X, Z))) (peak)
= { by lemma 189 }
  op(Y, K(X, Z))
= { by lemma 56 }
  rdiv(Y, K(Z, X))

Lemma 191: ldiv(rdiv(X, Y), T(X, Z)) = rdiv(Y, rdiv(X, T(X, Z))).
Proof:
  ldiv(rdiv(X, Y), T(X, Z)) (peak)
= { by lemma 190 }
  rdiv(Y, K(Z, X))
= { by lemma 82 R->L }
  rdiv(Y, rdiv(X, T(X, Z)))

Lemma 192: rdiv(L(X, Z, W), T(L(X, Z, W), Y)) = rdiv(X, T(X, Y)).
Proof:
  rdiv(L(X, Z, W), T(L(X, Z, W), Y)) (peak)
= { by lemma 82 }
  K(Y, L(X, Z, W))
= { by lemma 178 }
  K(Y, T(X, Y)) (peak)
= { by lemma 106 }
  rdiv(X, T(X, Y)) (peak)

Lemma 193: ldiv(rdiv(X, T(X, Y)), Z) = rdiv(Z, rdiv(X, T(X, Y))).
Proof:
  ldiv(rdiv(X, T(X, Y)), Z)
= { by lemma 77 R->L }
  ldiv(ldiv(T(X, Y), X), Z) (peak)
= { by lemma 66 R->L }
  ldiv(K(Y, T(X, Y)), Z) (peak)
= { by lemma 44 }
  rdiv(Z, K(Y, T(X, Y)))
= { by lemma 66 }
  rdiv(Z, ldiv(T(X, Y), X)) (peak)
= { by lemma 77 }
  rdiv(Z, rdiv(X, T(X, Y)))

Lemma 194: rdiv(X, rdiv(X, T(X, Y))) = T(X, Y).
Proof:
  rdiv(X, rdiv(X, T(X, Y)))
= { by lemma 193 R->L }
  ldiv(rdiv(X, T(X, Y)), X) (peak)
= { by lemma 38 }
  T(X, Y)

Lemma 195: rdiv(T(X, Y), rdiv(X, L(X, Z, W))) = T(L(X, Z, W), Y).
Proof:
  rdiv(T(X, Y), rdiv(X, L(X, Z, W)))
= { by lemma 188 R->L }
  ldiv(rdiv(X, L(X, Z, W)), T(X, Y))
= { by lemma 191 }
  rdiv(L(X, Z, W), rdiv(X, T(X, Y)))
= { by lemma 192 R->L }
  rdiv(L(X, Z, W), rdiv(L(X, Z, W), T(L(X, Z, W), Y))) (peak)
= { by lemma 194 }
  T(L(X, Z, W), Y)

Lemma 196: rdiv(X, K(X, rdiv(Y, X))) = rdiv(Y, rdiv(Y, X)).
Proof:
  rdiv(X, K(X, rdiv(Y, X)))
= { by lemma 43 R->L }
  rdiv(T(X, K(rdiv(Y, X), X)), K(X, rdiv(Y, X)))
= { by lemma 56 R->L }
  op(T(X, K(rdiv(Y, X), X)), K(rdiv(Y, X), X))
= { by lemma 142 R->L }
  rdiv(op(X, K(rdiv(Y, X), X)), K(K(rdiv(Y, X), X), X)) (peak)
= { by lemma 166 }
  rdiv(rdiv(Y, rdiv(Y, X)), K(K(rdiv(Y, X), X), X)) (peak)
= { by axiom 7 (sos) }
  rdiv(rdiv(Y, rdiv(Y, X)), 1)
= { by lemma 24 }
  rdiv(rdiv(Y, rdiv(Y, X)), zero)
= { by lemma 26 }
  rdiv(Y, rdiv(Y, X))

Lemma 197: op(rdiv(op(Z, X), Z), Y) = op(X, op(Y, K(Z, X))).
Proof:
  op(rdiv(op(Z, X), Z), Y) (peak)
= { by lemma 35 R->L }
  op(op(X, K(Z, X)), Y) (peak)
= { by lemma 29 }
  op(K(Z, X), op(X, Y))
= { by lemma 30 }
  op(X, op(Y, K(Z, X)))

Lemma 198: op(T(X, Y), op(Z, rdiv(X, T(X, Y)))) = op(X, Z).
Proof:
  op(T(X, Y), op(Z, rdiv(X, T(X, Y))))
= { by lemma 77 R->L }
  op(T(X, Y), op(Z, ldiv(T(X, Y), X))) (peak)
= { by lemma 66 R->L }
  op(T(X, Y), op(Z, K(Y, T(X, Y)))) (peak)
= { by lemma 197 R->L }
  op(rdiv(op(Y, T(X, Y)), Y), Z)
= { by lemma 105 }
  op(X, Z)

Lemma 199: op(X, rdiv(Y, T(Y, Z))) = ldiv(T(Y, Z), op(Y, X)).
Proof:
  op(X, rdiv(Y, T(Y, Z)))
= { by axiom 4 (sos) R->L }
  ldiv(T(Y, Z), op(T(Y, Z), op(X, rdiv(Y, T(Y, Z))))) (peak)
= { by lemma 198 }
  ldiv(T(Y, Z), op(Y, X))

Lemma 200: K(rdiv(X, T(X, Y)), Z) = zero.
Proof:
  K(rdiv(X, T(X, Y)), Z)
= { by lemma 77 R->L }
  K(ldiv(T(X, Y), X), Z) (peak)
= { by lemma 66 R->L }
  K(K(Y, T(X, Y)), Z) (peak)
= { by axiom 7 (sos) }
  1
= { by lemma 24 }
  zero

Lemma 201: op(rdiv(X, T(X, Y)), Z) = ldiv(T(X, Y), op(X, Z)).
Proof:
  op(rdiv(X, T(X, Y)), Z)
= { by axiom 17 (sos) }
  op(op(Z, rdiv(X, T(X, Y))), K(rdiv(X, T(X, Y)), Z)) (peak)
= { by lemma 199 }
  op(ldiv(T(X, Y), op(X, Z)), K(rdiv(X, T(X, Y)), Z))
= { by lemma 200 }
  op(ldiv(T(X, Y), op(X, Z)), zero)
= { by axiom 1 (sos) }
  ldiv(T(X, Y), op(X, Z))

Lemma 202: op(X, L(Y, ldiv(Z, X), Z)) = op(Z, op(ldiv(Z, X), Y)).
Proof:
  op(X, L(Y, ldiv(Z, X), Z))
= { by axiom 8 (sos) R->L }
  op(op(Z, ldiv(Z, X)), L(Y, ldiv(Z, X), Z)) (peak)
= { by lemma 128 }
  op(Z, op(ldiv(Z, X), Y))

Lemma 203: op(X, op(ldiv(X, zero), Y)) = L(Y, ldiv(X, zero), X).
Proof:
  op(X, op(ldiv(X, zero), Y))
= { by lemma 202 R->L }
  op(zero, L(Y, ldiv(X, zero), X)) (peak)
= { by axiom 2 (sos) }
  L(Y, ldiv(X, zero), X)

Lemma 204: op(X, ldiv(T(X, Y), zero)) = rdiv(X, T(X, Y)).
Proof:
  op(X, ldiv(T(X, Y), zero))
= { by lemma 198 R->L }
  op(T(X, Y), op(ldiv(T(X, Y), zero), rdiv(X, T(X, Y)))) (peak)
= { by lemma 203 }
  L(rdiv(X, T(X, Y)), ldiv(T(X, Y), zero), T(X, Y))
= { by lemma 79 }
  rdiv(X, T(X, Y))

Lemma 205: R(rdiv(X, Y), Y, ldiv(X, Z)) = rdiv(Z, op(Y, ldiv(X, Z))).
Proof:
  R(rdiv(X, Y), Y, ldiv(X, Z)) (peak)
= { by lemma 36 R->L }
  rdiv(op(X, ldiv(X, Z)), op(Y, ldiv(X, Z))) (peak)
= { by axiom 8 (sos) }
  rdiv(Z, op(Y, ldiv(X, Z)))

Lemma 206: ldiv(op(ldiv(X, Y), X), Y) = K(X, ldiv(X, Y)).
Proof:
  ldiv(op(ldiv(X, Y), X), Y)
= { by axiom 8 (sos) R->L }
  ldiv(op(ldiv(X, Y), X), op(X, ldiv(X, Y))) (peak)
= { by lemma 67 }
  K(X, ldiv(X, Y))

Lemma 207: ldiv(X, op(Y, T(X, Y))) = Y.
Proof:
  ldiv(X, op(Y, T(X, Y))) (peak)
= { by lemma 57 }
  ldiv(X, op(X, Y))
= { by axiom 4 (sos) }
  Y

Lemma 208: L(ldiv(X, T(X, Y)), X, Y) = K(X, Y).
Proof:
  L(ldiv(X, T(X, Y)), X, Y) (peak)
= { by lemma 80 R->L }
  ldiv(op(Y, X), op(Y, T(X, Y))) (peak)
= { by lemma 57 }
  ldiv(op(Y, X), op(X, Y))
= { by lemma 67 }
  K(X, Y)

Lemma 209: K(X, rdiv(op(Y, T(X, Y)), X)) = rdiv(T(X, Y), X).
Proof:
  K(X, rdiv(op(Y, T(X, Y)), X))
= { by lemma 102 R->L }
  K(X, ldiv(X, op(Y, T(X, Y))))
= { by lemma 206 R->L }
  ldiv(op(ldiv(X, op(Y, T(X, Y))), X), op(Y, T(X, Y))) (peak)
= { by lemma 207 }
  ldiv(op(Y, X), op(Y, T(X, Y)))
= { by lemma 80 }
  L(ldiv(X, T(X, Y)), X, Y)
= { by lemma 208 }
  K(X, Y)
= { by lemma 63 R->L }
  rdiv(T(X, Y), X)

Lemma 210: R(rdiv(T(X, Y), X), Z, W) = rdiv(T(X, Y), X).
Proof:
  R(rdiv(T(X, Y), X), Z, W)
= { by lemma 209 R->L }
  R(K(X, rdiv(op(Y, T(X, Y)), X)), Z, W) (peak)
= { by lemma 54 }
  K(X, rdiv(op(Y, T(X, Y)), X))
= { by lemma 209 }
  rdiv(T(X, Y), X)

Lemma 211: rdiv(zero, rdiv(X, T(X, Y))) = rdiv(T(X, Y), X).
Proof:
  rdiv(zero, rdiv(X, T(X, Y)))
= { by lemma 204 R->L }
  rdiv(zero, op(X, ldiv(T(X, Y), zero)))
= { by lemma 205 R->L }
  R(rdiv(T(X, Y), X), X, ldiv(T(X, Y), zero)) (peak)
= { by lemma 210 }
  rdiv(T(X, Y), X)

Lemma 212: ldiv(rdiv(T(X, Y), X), Z) = rdiv(Z, rdiv(T(X, Y), X)).
Proof:
  ldiv(rdiv(T(X, Y), X), Z)
= { by lemma 209 R->L }
  ldiv(K(X, rdiv(op(Y, T(X, Y)), X)), Z) (peak)
= { by lemma 44 }
  rdiv(Z, K(X, rdiv(op(Y, T(X, Y)), X)))
= { by lemma 209 }
  rdiv(Z, rdiv(T(X, Y), X))

Lemma 213: ldiv(T(X, Y), op(X, Z)) = rdiv(Z, rdiv(T(X, Y), X)).
Proof:
  ldiv(T(X, Y), op(X, Z))
= { by lemma 201 R->L }
  op(rdiv(X, T(X, Y)), Z)
= { by lemma 39 R->L }
  ldiv(R(rdiv(zero, rdiv(X, T(X, Y))), rdiv(X, T(X, Y)), Z), Z) (peak)
= { by lemma 211 }
  ldiv(R(rdiv(T(X, Y), X), rdiv(X, T(X, Y)), Z), Z)
= { by lemma 210 }
  ldiv(rdiv(T(X, Y), X), Z)
= { by lemma 212 }
  rdiv(Z, rdiv(T(X, Y), X))

Lemma 214: L(ldiv(X, Y), X, rdiv(Z, Y)) = ldiv(op(rdiv(Z, Y), X), Z).
Proof:
  L(ldiv(X, Y), X, rdiv(Z, Y)) (peak)
= { by lemma 80 R->L }
  ldiv(op(rdiv(Z, Y), X), op(rdiv(Z, Y), Y)) (peak)
= { by axiom 9 (sos) }
  ldiv(op(rdiv(Z, Y), X), Z)

Lemma 215: ldiv(X, op(ldiv(Y, X), Y)) = K(ldiv(Y, X), Y).
Proof:
  ldiv(X, op(ldiv(Y, X), Y))
= { by axiom 8 (sos) R->L }
  ldiv(op(Y, ldiv(Y, X)), op(ldiv(Y, X), Y)) (peak)
= { by lemma 67 }
  K(ldiv(Y, X), Y)

Lemma 216: K(rdiv(op(X, T(Y, X)), Y), Y) = rdiv(Y, T(Y, X)).
Proof:
  K(rdiv(op(X, T(Y, X)), Y), Y)
= { by lemma 108 R->L }
  K(ldiv(Y, op(X, T(Y, X))), Y)
= { by lemma 215 R->L }
  ldiv(op(X, T(Y, X)), op(ldiv(Y, op(X, T(Y, X))), Y)) (peak)
= { by lemma 207 }
  ldiv(op(X, T(Y, X)), op(X, Y))
= { by lemma 80 }
  L(ldiv(T(Y, X), Y), T(Y, X), X)
= { by lemma 77 }
  L(rdiv(Y, T(Y, X)), T(Y, X), X)
= { by lemma 81 }
  K(X, Y)
= { by lemma 82 R->L }
  rdiv(Y, T(Y, X))

Lemma 217: L(X, Y, rdiv(Z, T(Z, W))) = X.
Proof:
  L(X, Y, rdiv(Z, T(Z, W)))
= { by lemma 216 R->L }
  L(X, Y, K(rdiv(op(W, T(Z, W)), Z), Z)) (peak)
= { by lemma 91 }
  X

Lemma 218: ldiv(rdiv(X, rdiv(T(Y, Z), Y)), Y) = ldiv(X, T(Y, Z)).
Proof:
  ldiv(rdiv(X, rdiv(T(Y, Z), Y)), Y)
= { by lemma 213 R->L }
  ldiv(ldiv(T(Y, Z), op(Y, X)), Y)
= { by lemma 201 R->L }
  ldiv(op(rdiv(Y, T(Y, Z)), X), Y)
= { by lemma 214 R->L }
  L(ldiv(X, T(Y, Z)), X, rdiv(Y, T(Y, Z))) (peak)
= { by lemma 217 }
  ldiv(X, T(Y, Z))

Lemma 219: rdiv(Y, ldiv(X, T(Y, Z))) = rdiv(X, rdiv(T(Y, Z), Y)).
Proof:
  rdiv(Y, ldiv(X, T(Y, Z)))
= { by lemma 218 R->L }
  rdiv(Y, ldiv(rdiv(X, rdiv(T(Y, Z), Y)), Y)) (peak)
= { by lemma 61 }
  rdiv(X, rdiv(T(Y, Z), Y))

Lemma 220: R(X, rdiv(T(Y, Z), Y), W) = X.
Proof:
  R(X, rdiv(T(Y, Z), Y), W)
= { by lemma 209 R->L }
  R(X, K(Y, rdiv(op(Z, T(Y, Z)), Y)), W) (peak)
= { by lemma 88 }
  X

Lemma 221: T(rdiv(T(X, Y), X), Z) = rdiv(T(X, Y), X).
Proof:
  T(rdiv(T(X, Y), X), Z)
= { by lemma 64 R->L }
  T(ldiv(X, T(X, Y)), Z) (peak)
= { by lemma 60 }
  T(K(X, Y), Z)
= { by lemma 69 }
  K(X, Y)
= { by lemma 63 R->L }
  rdiv(T(X, Y), X)

Lemma 222: ldiv(X, op(Y, rdiv(X, Y))) = K(Y, rdiv(X, Y)).
Proof:
  ldiv(X, op(Y, rdiv(X, Y)))
= { by axiom 9 (sos) R->L }
  ldiv(op(rdiv(X, Y), Y), op(Y, rdiv(X, Y))) (peak)
= { by lemma 67 }
  K(Y, rdiv(X, Y))

Lemma 223: rdiv(op(K(X, Y), Z), K(X, Y)) = Z.
Proof:
  rdiv(op(K(X, Y), Z), K(X, Y)) (peak)
= { by lemma 28 }
  rdiv(op(Z, K(X, Y)), K(X, Y)) (peak)
= { by axiom 3 (sos) }
  Z

Lemma 224: rdiv(op(rdiv(T(X, Y), X), Z), rdiv(T(X, Y), X)) = Z.
Proof:
  rdiv(op(rdiv(T(X, Y), X), Z), rdiv(T(X, Y), X))
= { by lemma 209 R->L }
  rdiv(op(rdiv(T(X, Y), X), Z), K(X, rdiv(op(Y, T(X, Y)), X)))
= { by lemma 209 R->L }
  rdiv(op(K(X, rdiv(op(Y, T(X, Y)), X)), Z), K(X, rdiv(op(Y, T(X, Y)), X))) (peak)
= { by lemma 223 }
  Z

Lemma 225: rdiv(zero, rdiv(T(X, Y), X)) = rdiv(X, T(X, Y)).
Proof:
  rdiv(zero, rdiv(T(X, Y), X))
= { by lemma 221 R->L }
  rdiv(zero, T(rdiv(T(X, Y), X), X))
= { by lemma 101 R->L }
  rdiv(K(X, rdiv(T(X, Y), X)), rdiv(T(X, Y), X))
= { by lemma 222 R->L }
  rdiv(ldiv(T(X, Y), op(X, rdiv(T(X, Y), X))), rdiv(T(X, Y), X))
= { by lemma 199 R->L }
  rdiv(op(rdiv(T(X, Y), X), rdiv(X, T(X, Y))), rdiv(T(X, Y), X)) (peak)
= { by lemma 224 }
  rdiv(X, T(X, Y))

Lemma 226: R(rdiv(X, T(X, Y)), Z, W) = rdiv(X, T(X, Y)).
Proof:
  R(rdiv(X, T(X, Y)), Z, W)
= { by lemma 77 R->L }
  R(ldiv(T(X, Y), X), Z, W) (peak)
= { by lemma 66 R->L }
  R(K(Y, T(X, Y)), Z, W) (peak)
= { by lemma 54 }
  K(Y, T(X, Y))
= { by lemma 66 }
  ldiv(T(X, Y), X) (peak)
= { by lemma 77 }
  rdiv(X, T(X, Y))

Lemma 227: op(rdiv(T(X, Y), X), Z) = rdiv(Z, rdiv(X, T(X, Y))).
Proof:
  op(rdiv(T(X, Y), X), Z)
= { by lemma 39 R->L }
  ldiv(R(rdiv(zero, rdiv(T(X, Y), X)), rdiv(T(X, Y), X), Z), Z) (peak)
= { by lemma 225 }
  ldiv(R(rdiv(X, T(X, Y)), rdiv(T(X, Y), X), Z), Z)
= { by lemma 226 }
  ldiv(rdiv(X, T(X, Y)), Z)
= { by lemma 193 }
  rdiv(Z, rdiv(X, T(X, Y)))

Lemma 228: rdiv(Z, ldiv(rdiv(X, Y), T(Z, W))) = rdiv(X, rdiv(Y, rdiv(Z, T(Z, W)))).
Proof:
  rdiv(Z, ldiv(rdiv(X, Y), T(Z, W))) (peak)
= { by lemma 219 }
  rdiv(rdiv(X, Y), rdiv(T(Z, W), Z))
= { by lemma 220 R->L }
  R(rdiv(rdiv(X, Y), rdiv(T(Z, W), Z)), rdiv(T(Z, W), Z), Y) (peak)
= { by lemma 150 }
  rdiv(X, op(rdiv(T(Z, W), Z), Y))
= { by lemma 227 }
  rdiv(X, rdiv(Y, rdiv(Z, T(Z, W))))

Lemma 229: rdiv(T(X, Y), rdiv(Z, rdiv(X, T(X, Y)))) = rdiv(X, Z).
Proof:
  rdiv(T(X, Y), rdiv(Z, rdiv(X, T(X, Y)))) (peak)
= { by lemma 228 R->L }
  rdiv(X, ldiv(rdiv(T(X, Y), Z), T(X, Y)))
= { by lemma 38 }
  rdiv(X, Z)

Lemma 230: K(rdiv(X, rdiv(X, Y)), Z) = K(Y, Z).
Proof:
  K(rdiv(X, rdiv(X, Y)), Z) (peak)
= { by lemma 196 R->L }
  K(rdiv(Y, K(Y, rdiv(X, Y))), Z) (peak)
= { by lemma 141 }
  K(Y, Z)

Lemma 231: K(rdiv(X, rdiv(Y, T(Y, Z))), W) = K(X, W).
Proof:
  K(rdiv(X, rdiv(Y, T(Y, Z))), W)
= { by lemma 77 R->L }
  K(rdiv(X, ldiv(T(Y, Z), Y)), W) (peak)
= { by lemma 66 R->L }
  K(rdiv(X, K(Z, T(Y, Z))), W) (peak)
= { by lemma 141 }
  K(X, W)

Lemma 232: K(rdiv(T(X, Y), rdiv(X, Z)), W) = K(Z, W).
Proof:
  K(rdiv(T(X, Y), rdiv(X, Z)), W)
= { by lemma 229 R->L }
  K(rdiv(T(X, Y), rdiv(T(X, Y), rdiv(Z, rdiv(X, T(X, Y))))), W) (peak)
= { by lemma 230 }
  K(rdiv(Z, rdiv(X, T(X, Y))), W)
= { by lemma 231 }
  K(Z, W)

Lemma 233: rdiv(op(X, T(Y, Z)), op(Y, Z)) = R(rdiv(X, Z), Z, Y).
Proof:
  rdiv(op(X, T(Y, Z)), op(Y, Z))
= { by lemma 57 R->L }
  rdiv(op(X, T(Y, Z)), op(Z, T(Y, Z))) (peak)
= { by lemma 36 }
  R(rdiv(X, Z), Z, T(Y, Z))
= { by lemma 185 }
  R(rdiv(X, Z), Z, Y)

Lemma 234: op(R(X, Y, Z), op(Y, Z)) = op(op(X, Y), Z).
Proof:
  op(R(X, Y, Z), op(Y, Z))
= { by axiom 18 (sos) }
  op(rdiv(op(op(X, Y), Z), op(Y, Z)), op(Y, Z)) (peak)
= { by axiom 9 (sos) }
  op(op(X, Y), Z)

Lemma 235: rdiv(op(X, T(Y, Z)), K(Y, Z)) = op(X, Y).
Proof:
  rdiv(op(X, T(Y, Z)), K(Y, Z))
= { by lemma 179 R->L }
  op(rdiv(op(X, T(Y, Z)), op(Y, Z)), op(Z, Y)) (peak)
= { by lemma 233 }
  op(R(rdiv(X, Z), Z, Y), op(Z, Y))
= { by lemma 234 }
  op(op(rdiv(X, Z), Z), Y)
= { by axiom 9 (sos) }
  op(X, Y)

Lemma 236: L(ldiv(X, Y), X, rdiv(Z, X)) = ldiv(Z, op(rdiv(Z, X), Y)).
Proof:
  L(ldiv(X, Y), X, rdiv(Z, X))
= { by lemma 80 R->L }
  ldiv(op(rdiv(Z, X), X), op(rdiv(Z, X), Y)) (peak)
= { by axiom 9 (sos) }
  ldiv(Z, op(rdiv(Z, X), Y))

Lemma 237: L(ldiv(X, zero), X, rdiv(Y, X)) = ldiv(Y, rdiv(Y, X)).
Proof:
  L(ldiv(X, zero), X, rdiv(Y, X)) (peak)
= { by lemma 236 }
  ldiv(Y, op(rdiv(Y, X), zero)) (peak)
= { by axiom 1 (sos) }
  ldiv(Y, rdiv(Y, X))

Lemma 238: ldiv(op(X, T(Y, Z)), op(X, Y)) = K(Z, Y).
Proof:
  ldiv(op(X, T(Y, Z)), op(X, Y))
= { by lemma 235 R->L }
  ldiv(op(X, T(Y, Z)), rdiv(op(X, T(Y, Z)), K(Y, Z))) (peak)
= { by lemma 237 R->L }
  L(ldiv(K(Y, Z), zero), K(Y, Z), rdiv(op(X, T(Y, Z)), K(Y, Z))) (peak)
= { by lemma 186 }
  ldiv(K(Y, Z), zero)
= { by lemma 44 }
  rdiv(zero, K(Y, Z))
= { by lemma 50 }
  K(Z, Y)

Lemma 239: T(X, L(T(Y, V), U, T)) = T(X, L(Y, Z, W)).
Proof:
  T(X, L(T(Y, V), U, T))
= { by lemma 176 R->L }
  T(X, op(a(T, U, L(T(Y, V), U, T)), L(T(Y, V), U, T))) (peak)
= { by lemma 120 R->L }
  T(X, op(L(T(Y, V), U, T), a(T, U, L(T(Y, V), U, T))))
= { by lemma 129 }
  T(X, T(Y, V))
= { by lemma 177 R->L }
  T(X, L(Y, Z, W)) (peak)

Lemma 240: K(L(T(X, V), U, T), W) = K(L(X, Y, Z), W).
Proof:
  K(L(T(X, V), U, T), W)
= { by lemma 238 R->L }
  ldiv(op(S, T(W, L(T(X, V), U, T))), op(S, W)) (peak)
= { by lemma 239 }
  ldiv(op(S, T(W, L(X, Y, Z))), op(S, W)) (peak)
= { by lemma 238 }
  K(L(X, Y, Z), W)

Lemma 241: L(X, Y, rdiv(T(Z, W), Z)) = X.
Proof:
  L(X, Y, rdiv(T(Z, W), Z))
= { by lemma 209 R->L }
  L(X, Y, K(Z, rdiv(op(W, T(Z, W)), Z))) (peak)
= { by lemma 91 }
  X

Lemma 242: ldiv(rdiv(X, rdiv(Y, T(Y, Z))), T(Y, Z)) = ldiv(X, Y).
Proof:
  ldiv(rdiv(X, rdiv(Y, T(Y, Z))), T(Y, Z))
= { by lemma 227 R->L }
  ldiv(op(rdiv(T(Y, Z), Y), X), T(Y, Z)) (peak)
= { by lemma 214 R->L }
  L(ldiv(X, Y), X, rdiv(T(Y, Z), Y)) (peak)
= { by lemma 241 }
  ldiv(X, Y)

Lemma 243: rdiv(T(Y, Z), ldiv(X, Y)) = rdiv(X, rdiv(Y, T(Y, Z))).
Proof:
  rdiv(T(Y, Z), ldiv(X, Y))
= { by lemma 242 R->L }
  rdiv(T(Y, Z), ldiv(rdiv(X, rdiv(Y, T(Y, Z))), T(Y, Z))) (peak)
= { by lemma 61 }
  rdiv(X, rdiv(Y, T(Y, Z)))

Lemma 244: K(rdiv(T(X, Y), ldiv(Z, X)), W) = K(Z, W).
Proof:
  K(rdiv(T(X, Y), ldiv(Z, X)), W) (peak)
= { by lemma 243 }
  K(rdiv(Z, rdiv(X, T(X, Y))), W) (peak)
= { by lemma 231 }
  K(Z, W)

Lemma 245: K(rdiv(T(X, W), Y), Z) = K(rdiv(X, Y), Z).
Proof:
  K(rdiv(T(X, W), Y), Z)
= { by lemma 38 R->L }
  K(rdiv(T(X, W), ldiv(rdiv(X, Y), X)), Z) (peak)
= { by lemma 244 }
  K(rdiv(X, Y), Z)

Lemma 246: K(X, rdiv(T(Y, W), Z)) = K(X, rdiv(Y, Z)).
Proof:
  K(X, rdiv(T(Y, W), Z))
= { by lemma 50 R->L }
  rdiv(zero, K(rdiv(T(Y, W), Z), X)) (peak)
= { by lemma 245 }
  rdiv(zero, K(rdiv(Y, Z), X))
= { by lemma 50 }
  K(X, rdiv(Y, Z))

Lemma 247: K(X, rdiv(T(Y, Z), L(Y, W, V))) = zero.
Proof:
  K(X, rdiv(T(Y, Z), L(Y, W, V))) (peak)
= { by lemma 246 }
  K(X, rdiv(Y, L(Y, W, V)))
= { by lemma 104 R->L }
  K(X, ldiv(L(Y, W, V), Y))
= { by lemma 130 R->L }
  K(X, a(V, W, L(Y, W, V))) (peak)
= { by lemma 157 }
  zero

Lemma 248: rdiv(T(X, W), T(L(X, Y, Z), W)) = rdiv(X, L(X, Y, Z)).
Proof:
  rdiv(T(X, W), T(L(X, Y, Z), W))
= { by lemma 195 R->L }
  rdiv(T(X, W), rdiv(T(X, W), rdiv(X, L(X, Y, Z)))) (peak)
= { by lemma 196 R->L }
  rdiv(rdiv(X, L(X, Y, Z)), K(rdiv(X, L(X, Y, Z)), rdiv(T(X, W), rdiv(X, L(X, Y, Z))))) (peak)
= { by lemma 163 }
  rdiv(X, rdiv(L(X, Y, Z), K(rdiv(T(X, W), rdiv(X, L(X, Y, Z))), rdiv(X, L(X, Y, Z)))))
= { by lemma 232 }
  rdiv(X, rdiv(L(X, Y, Z), K(L(X, Y, Z), rdiv(X, L(X, Y, Z)))))
= { by lemma 240 R->L }
  rdiv(X, rdiv(L(X, Y, Z), K(L(T(X, V), U, T), rdiv(X, L(X, Y, Z)))))
= { by lemma 246 R->L }
  rdiv(X, rdiv(L(X, Y, Z), K(L(T(X, V), U, T), rdiv(T(X, S), L(X, Y, Z))))) (peak)
= { by lemma 247 }
  rdiv(X, rdiv(L(X, Y, Z), zero))
= { by lemma 26 }
  rdiv(X, L(X, Y, Z))

Lemma 249: rdiv(T(Z, W), T(L(Z, Y, X), W)) = a(X, Y, L(Z, Y, X)).
Proof:
  rdiv(T(Z, W), T(L(Z, Y, X), W)) (peak)
= { by lemma 248 }
  rdiv(Z, L(Z, Y, X))
= { by lemma 129 R->L }
  rdiv(op(L(Z, Y, X), a(X, Y, L(Z, Y, X))), L(Z, Y, X)) (peak)
= { by lemma 137 }
  a(X, Y, L(Z, Y, X))

Lemma 250: a(X, a(Y, Z, W), V) = zero.
Proof:
  a(X, a(Y, Z, W), V) (peak)
= { by axiom 15 (sos) }
  1
= { by lemma 24 }
  zero

Lemma 251: L(X, a(Y, Z, W), V) = X.
Proof:
  L(X, a(Y, Z, W), V)
= { by axiom 1 (sos) R->L }
  L(op(X, zero), a(Y, Z, W), V)
= { by lemma 250 R->L }
  L(op(X, a(V, a(Y, Z, W), X)), a(Y, Z, W), V) (peak)
= { by lemma 159 }
  X

Lemma 252: rdiv(W, rdiv(T(X, V), T(L(X, Y, Z), V))) = ldiv(X, op(L(X, Y, Z), W)).
Proof:
  rdiv(W, rdiv(T(X, V), T(L(X, Y, Z), V))) (peak)
= { by lemma 248 }
  rdiv(W, rdiv(X, L(X, Y, Z)))
= { by lemma 138 R->L }
  rdiv(W, a(Z, Y, L(X, Y, Z)))
= { by lemma 123 R->L }
  ldiv(a(Z, Y, L(X, Y, Z)), W)
= { by lemma 251 R->L }
  L(ldiv(a(Z, Y, L(X, Y, Z)), W), a(Z, Y, L(X, Y, Z)), L(X, Y, Z)) (peak)
= { by lemma 80 R->L }
  ldiv(op(L(X, Y, Z), a(Z, Y, L(X, Y, Z))), op(L(X, Y, Z), W))
= { by lemma 129 }
  ldiv(X, op(L(X, Y, Z), W))

Lemma 253: ldiv(X, op(rdiv(X, Y), op(Y, Z))) = L(Z, Y, rdiv(X, Y)).
Proof:
  ldiv(X, op(rdiv(X, Y), op(Y, Z)))
= { by axiom 9 (sos) R->L }
  ldiv(op(rdiv(X, Y), Y), op(rdiv(X, Y), op(Y, Z))) (peak)
= { by axiom 19 (sos) R->L }
  L(Z, Y, rdiv(X, Y))

Lemma 254: T(rdiv(X, K(X, Y)), op(Y, X)) = L(X, Y, rdiv(X, K(X, Y))).
Proof:
  T(rdiv(X, K(X, Y)), op(Y, X)) (peak)
= { by lemma 98 R->L }
  T(rdiv(op(Y, X), Y), op(Y, X))
= { by axiom 5 (sos) }
  ldiv(op(Y, X), op(rdiv(op(Y, X), Y), op(Y, X))) (peak)
= { by lemma 253 }
  L(X, Y, rdiv(op(Y, X), Y))
= { by lemma 98 }
  L(X, Y, rdiv(X, K(X, Y)))

Lemma 255: T(X, op(X, a(Y, Z, W))) = X.
Proof:
  T(X, op(X, a(Y, Z, W))) (peak)
= { by lemma 121 R->L }
  T(X, op(a(Y, Z, W), X))
= { by lemma 26 R->L }
  T(rdiv(X, zero), op(a(Y, Z, W), X))
= { by lemma 24 R->L }
  T(rdiv(X, 1), op(a(Y, Z, W), X))
= { by axiom 10 (sos) R->L }
  T(rdiv(X, K(X, a(Y, Z, W))), op(a(Y, Z, W), X)) (peak)
= { by lemma 254 }
  L(X, a(Y, Z, W), rdiv(X, K(X, a(Y, Z, W))))
= { by axiom 10 (sos) }
  L(X, a(Y, Z, W), rdiv(X, 1))
= { by lemma 24 }
  L(X, a(Y, Z, W), rdiv(X, zero))
= { by lemma 26 }
  L(X, a(Y, Z, W), X)
= { by lemma 251 }
  X

Lemma 256: T(L(T(X, Y), Z, W), L(X, V, U)) = L(T(X, Y), Z, W).
Proof:
  T(L(T(X, Y), Z, W), L(X, V, U)) (peak)
= { by lemma 177 }
  T(L(T(X, Y), Z, W), T(X, Y))
= { by lemma 129 R->L }
  T(L(T(X, Y), Z, W), op(L(T(X, Y), Z, W), a(W, Z, L(T(X, Y), Z, W)))) (peak)
= { by lemma 255 }
  L(T(X, Y), Z, W)

Lemma 257: T(L(X, Y, Z), L(T(X, W), V, U)) = L(X, Y, Z).
Proof:
  T(L(X, Y, Z), L(T(X, W), V, U))
= { by lemma 112 R->L }
  rdiv(op(L(X, Y, Z), L(T(X, W), V, U)), T(L(T(X, W), V, U), L(X, Y, Z))) (peak)
= { by lemma 256 }
  rdiv(op(L(X, Y, Z), L(T(X, W), V, U)), L(T(X, W), V, U))
= { by axiom 3 (sos) }
  L(X, Y, Z)

Lemma 258: rdiv(X, rdiv(T(X, Y), T(L(X, Z, W), Y))) = L(X, Z, W).
Proof:
  rdiv(X, rdiv(T(X, Y), T(L(X, Z, W), Y))) (peak)
= { by lemma 252 }
  ldiv(X, op(L(X, Z, W), X))
= { by axiom 5 (sos) R->L }
  T(L(X, Z, W), X)
= { by lemma 187 R->L }
  T(L(X, Z, W), L(X, V, U)) (peak)
= { by lemma 239 R->L }
  T(L(X, Z, W), L(T(X, T), S, X2)) (peak)
= { by lemma 257 }
  L(X, Z, W)

Lemma 259: op(L(X, Y, Z), rdiv(T(X, W), T(L(X, Y, Z), W))) = X.
Proof:
  op(L(X, Y, Z), rdiv(T(X, W), T(L(X, Y, Z), W)))
= { by lemma 258 R->L }
  op(rdiv(X, rdiv(T(X, W), T(L(X, Y, Z), W))), rdiv(T(X, W), T(L(X, Y, Z), W))) (peak)
= { by axiom 9 (sos) }
  X

Lemma 260: rdiv(T(Z, W), T(L(Z, Y, X), W)) = a(X, Y, Z).
Proof:
  rdiv(T(Z, W), T(L(Z, Y, X), W)) (peak)
= { by lemma 248 }
  rdiv(Z, L(Z, Y, X))
= { by lemma 138 R->L }
  a(X, Y, L(Z, Y, X))
= { by lemma 136 R->L }
  a(X, Y, op(L(Z, Y, X), a(X, Y, L(Z, Y, X)))) (peak)
= { by lemma 249 R->L }
  a(X, Y, op(L(Z, Y, X), rdiv(T(Z, V), T(L(Z, Y, X), V)))) (peak)
= { by lemma 259 }
  a(X, Y, Z)

Lemma 261: rdiv(T(X, V), L(T(X, V), Z, W)) = rdiv(T(X, Y), T(L(X, Z, W), Y)).
Proof:
  rdiv(T(X, V), L(T(X, V), Z, W)) (peak)
= { by lemma 145 }
  a(W, Z, T(X, V))
= { by lemma 156 }
  a(W, Z, X)
= { by lemma 260 R->L }
  rdiv(T(X, Y), T(L(X, Z, W), Y)) (peak)

Lemma 262: rdiv(X, rdiv(X, L(X, Y, Z))) = L(X, Y, Z).
Proof:
  rdiv(X, rdiv(X, L(X, Y, Z)))
= { by lemma 132 R->L }
  rdiv(X, ldiv(L(X, Y, Z), X)) (peak)
= { by lemma 61 }
  L(X, Y, Z)

Lemma 263: T(L(X, Y, Z), W) = L(T(X, W), Y, Z).
Proof:
  T(L(X, Y, Z), W)
= { by lemma 38 R->L }
  ldiv(rdiv(T(X, W), T(L(X, Y, Z), W)), T(X, W)) (peak)
= { by lemma 261 R->L }
  ldiv(rdiv(T(X, W), L(T(X, W), Y, Z)), T(X, W))
= { by lemma 188 }
  rdiv(T(X, W), rdiv(T(X, W), L(T(X, W), Y, Z)))
= { by lemma 262 }
  L(T(X, W), Y, Z)

Goal 1 (goals): T(L(x7, x8, x9), x10) = L(T(x7, x10), x8, x9).
Proof:
  T(L(x7, x8, x9), x10) (peak)
= { by lemma 263 }
  L(T(x7, x10), x8, x9)

RESULT: Theorem (the conjecture is true).
