Here is the input problem:
  Axiom 1 (flattening): T2 = T(x3, x6).
  Axiom 2 (sos): op(X, zero) = X.
  Axiom 3 (sos): op(zero, X) = X.
  Axiom 4 (flattening): R2 = R(x3, x4, x5).
  Axiom 5 (sos): rdiv(op(X, Y), Y) = X.
  Axiom 6 (sos): ldiv(X, op(X, Y)) = Y.
  Axiom 7 (sos): T(X, Y) = ldiv(Y, op(X, Y)).
  Axiom 8 (sos): K(X, K(Y, Z)) = 1.
  Axiom 9 (sos): K(K(X, Y), Z) = 1.
  Axiom 10 (sos): op(X, ldiv(X, Y)) = Y.
  Axiom 11 (sos): op(rdiv(X, Y), Y) = X.
  Axiom 12 (flattening): R3 = R(T(x3, x6), x4, x5).
  Axiom 13 (flattening): T3 = T(R(x3, x4, x5), x6).
  Axiom 14 (sos): K(X, a(Y, Z, W)) = 1.
  Axiom 15 (sos): K(a(X, Y, Z), W) = 1.
  Axiom 16 (sos): a(X, Y, K(Z, W)) = 1.
  Axiom 17 (sos): a(X, K(Y, Z), W) = 1.
  Axiom 18 (sos): a(K(X, Y), Z, W) = 1.
  Axiom 19 (sos): a(X, Y, a(Z, W, V)) = 1.
  Axiom 20 (sos): a(X, a(Y, Z, W), V) = 1.
  Axiom 21 (sos): a(a(X, Y, Z), W, V) = 1.
  Axiom 22 (sos): op(X, Y) = op(op(Y, X), K(X, Y)).
  Axiom 23 (sos): R(X, Y, Z) = rdiv(op(op(X, Y), Z), op(Y, Z)).
  Axiom 24 (sos): L(X, Y, Z) = ldiv(op(Z, Y), op(Z, op(Y, X))).
  Axiom 25 (sos): op(op(X, Y), Z) = op(op(X, op(Y, Z)), a(X, Y, Z)).
  Goal 1 (goals): T(R(x3, x4, x5), x6) = R(T(x3, x6), x4, x5).

(13.0) 1. T(x3, x6) -> T2
(12.285714) 2. op(X, zero) -> X
(12.285714) 3. op(zero, X) -> X
(17.0) 4. R(x3, x4, x5) -> R2
(19.142859) 5. rdiv(op(X, Y), Y) -> X
(19.142859) 6. ldiv(X, op(X, Y)) -> Y
(21.000002) 7. ldiv(X, op(Y, X)) -> T(Y, X)
(19.285715) 8. K(X, K(Y, Z)) -> 1
(19.285715) 9. K(K(X, Y), Z) -> 1
(19.142859) 10. op(X, ldiv(X, Y)) -> Y
(19.142859) 11. op(rdiv(X, Y), Y) -> X
(17.0) 12. R(T2, x4, x5) -> R3
(13.0) 13. T(R2, x6) -> T3
(22.714287) 14. K(X, a(Y, Z, W)) -> 1
(22.714287) 15. K(a(X, Y, Z), W) -> 1
(22.714287) 16. a(X, Y, K(Z, W)) -> 1
(22.714287) 17. a(X, K(Y, Z), W) -> 1
(22.714287) 18. a(K(X, Y), Z, W) -> 1
(26.142859) 19. a(X, Y, a(Z, W, V)) -> 1
(26.142859) 20. a(X, a(Y, Z, W), V) -> 1
(26.142859) 21. a(a(X, Y, Z), W, V) -> 1
(28.428574) 22. op(op(X, Y), K(Y, X)) -> op(Y, X)
(36.714287) 23. rdiv(op(op(X, Y), Z), op(Y, Z)) -> R(X, Y, Z)
(36.714287) 24. ldiv(op(X, Y), op(X, op(Y, Z))) -> L(Z, Y, X)
(41.142853) 25. op(op(X, op(Y, Z)), a(X, Y, Z)) -> op(op(X, Y), Z)
(13.714287) 26. T(X, X) -> X
(13.857143) 27. rdiv(X, X) -> zero
(13.857143) 28. ldiv(X, X) -> zero
(14.285714) 29. rdiv(X, zero) -> X
(14.285714) 30. ldiv(zero, X) -> X
(14.428572) 31. K(X, 1) -> 1
(14.428572) 32. K(1, X) -> 1
(14.428572) 33. T(zero, X) -> zero
(14.285714) 34. T(X, zero) -> X
(17.714287) 35. R(X, Y, zero) -> X
(17.714287) 36. R(X, zero, Y) -> X
(17.714287) 37. L(X, zero, Y) -> X
(17.714287) 38. L(X, Y, zero) -> X
(17.857143) 39. a(X, Y, 1) -> 1
(17.857143) 40. a(X, 1, Y) -> 1
(17.857143) 41. a(1, X, Y) -> 1
(21.142859) 42. rdiv(X, ldiv(Y, X)) -> Y
(21.142859) 43. ldiv(rdiv(X, Y), X) -> Y
(21.714287) 44. op(X, K(zero, X)) -> X
(16.428572) 45. K(zero, X) -> zero
(11.0) 46. 1 -> zero
(18.428572) 47. K(X, zero) -> zero
(21.857143) 48. a(X, Y, zero) -> zero
(21.857143) 49. a(X, zero, Y) -> zero
(21.857143) 50. a(zero, X, Y) -> zero
(23.000002) 51. op(X, T(Y, X)) -> op(Y, X)
(19.0) 52. op(x3, x6) -> op(x6, T2)
(19.0) 53. op(x6, T3) -> op(R2, x6)
(23.000002) 54. T(rdiv(X, Y), Y) -> ldiv(Y, X)
(23.857143) 55. T(X, op(X, X)) -> L(X, X, X)
(17.857143) 56. R(zero, X, Y) -> zero
(17.857143) 57. L(zero, X, Y) -> zero
(24.857143) 58. T(X, ldiv(X, Y)) = ldiv(ldiv(X, Y), Y)
(27.0) 59. rdiv(op(x6, T2), x6) -> x3
(27.0) 60. ldiv(x3, op(x6, T2)) -> x6
(27.0) 61. rdiv(op(R2, x6), T3) -> x6
(29.0) 62. ldiv(T3, op(R2, x6)) -> T(x6, T3)
(30.428574) 63. rdiv(op(X, Y), K(X, Y)) -> op(Y, X)
(26.857143) 64. op(K(X, Y), Z) = op(Z, K(X, Y))
(25.142859) 65. T(X, K(Y, Z)) -> X
(27.000002) 66. T(K(X, Y), Z) -> K(X, Y)
(30.428574) 67. ldiv(op(X, Y), op(Y, X)) -> K(Y, X)
(15.857143) 68. K(X, X) -> zero
(30.57143) 69. rdiv(op(X, Y), T(X, Y)) -> Y
(30.857143) 70. ldiv(K(X, Y), Z) -> rdiv(Z, K(X, Y))
(31.142859) 71. op(a(X, Y, Z), W) = op(W, a(X, Y, Z))
(28.57143) 72. T(X, a(Y, Z, W)) -> X
(31.285715) 73. T(a(X, Y, Z), W) -> a(X, Y, Z)
(32.285713) 74. op(X, K(ldiv(Y, X), Y)) -> op(ldiv(Y, X), Y)
(27.57143) 75. op(ldiv(X, zero), X) -> K(ldiv(X, zero), X)
(29.57143) 76. op(X, rdiv(zero, X)) -> K(X, rdiv(zero, X))
(32.285713) 77. op(X, K(Y, rdiv(X, Y))) -> op(Y, rdiv(X, Y))
(31.142859) 78. op(K(X, Y), rdiv(Z, K(X, Y))) -> Z
(30.428574) 79. op(K(X, Y), op(Y, X)) -> op(X, Y)
(32.428574) 80. rdiv(X, T(Y, ldiv(Y, X))) -> ldiv(Y, X)
(32.428574) 81. rdiv(op(X, Y), op(Y, X)) -> K(X, Y)
(32.428574) 82. op(op(X, K(Y, X)), Y) -> op(Y, X)
(28.857143) 83. op(X, K(Y, X)) = rdiv(op(Y, X), Y)
(30.857143) 84. op(K(X, Y), Y) = rdiv(op(X, Y), X)
(33.14286) 85. R(rdiv(X, Y), Y, Z) = rdiv(op(X, Z), op(Y, Z))
(30.857143) 86. R(rdiv(zero, X), X, Y) = rdiv(Y, op(X, Y))
(33.14286) 87. L(ldiv(X, Y), X, Z) = ldiv(op(Z, X), op(Z, Y))
(30.285715) 88. L(T(X, Y), Y, X) -> T(X, op(X, Y))
(30.0) 89. T(x3, op(x6, T2)) -> L(T2, x6, x3)
(30.0) 90. T(R2, op(R2, x6)) -> L(T3, x6, R2)
(30.857143) 91. L(ldiv(X, zero), X, Y) = ldiv(op(Y, X), Y)
(33.0) 92. L(K(X, Y), Z, K(X, Y)) -> K(X, Y)
(33.14286) 93. rdiv(op(K(X, Y), Z), K(X, Y)) -> Z
(33.714287) 94. ldiv(ldiv(X, zero), K(ldiv(X, zero), X)) -> X
(34.285713) 95. ldiv(T(X, Y), op(X, Y)) -> T(Y, T(X, Y))
(34.285713) 96. rdiv(X, K(Y, ldiv(Y, X))) -> op(ldiv(Y, X), Y)
(34.285713) 97. rdiv(X, K(rdiv(X, Y), Y)) -> op(Y, rdiv(X, Y))
(34.285713) 98. ldiv(X, op(ldiv(Y, X), Y)) -> K(ldiv(Y, X), Y)
(34.285713) 99. ldiv(op(ldiv(X, Y), X), Y) -> K(X, ldiv(X, Y))
(34.285713) 100. ldiv(X, op(Y, rdiv(X, Y))) -> K(Y, rdiv(X, Y))
(34.285713) 101. ldiv(op(X, rdiv(Y, X)), Y) -> K(rdiv(Y, X), X)
(34.428574) 102. rdiv(op(X, K(Y, Z)), X) -> K(Y, Z)
(33.0) 103. R(K(X, Y), Z, K(X, Y)) -> K(X, Y)
(34.428574) 104. rdiv(X, rdiv(X, K(Y, Z))) -> K(Y, Z)
(34.57143) 105. op(a(X, Y, Z), rdiv(W, a(X, Y, Z))) -> W
(33.14286) 106. ldiv(a(X, Y, Z), W) -> rdiv(W, a(X, Y, Z))
(34.57143) 107. T(op(X, K(Y, X)), Y) -> X
(35.0) 108. rdiv(op(R2, x6), T(x6, T3)) -> T3
(35.14286) 109. rdiv(K(ldiv(X, zero), X), X) -> ldiv(X, zero)
(35.714287) 110. op(R(X, Y, Z), op(Y, Z)) -> op(op(X, Y), Z)
(29.0) 111. op(op(x3, x4), x5) -> op(R2, op(x4, x5))
(29.0) 112. op(op(T2, x4), x5) -> op(R3, op(x4, x5))
(35.714287) 113. op(op(X, Y), L(Z, Y, X)) -> op(X, op(Y, Z))
(35.714287) 114. rdiv(K(X, rdiv(zero, X)), rdiv(zero, X)) -> X
(36.285713) 115. rdiv(op(ldiv(X, Y), X), Y) -> K(ldiv(X, Y), X)
(36.285713) 116. rdiv(op(X, rdiv(Y, X)), Y) -> K(X, rdiv(Y, X))
(36.285713) 117. rdiv(X, op(ldiv(Y, X), Y)) -> K(Y, ldiv(Y, X))
(36.285713) 118. rdiv(X, op(Y, rdiv(X, Y))) -> K(rdiv(X, Y), Y)
(36.428574) 119. ldiv(X, rdiv(op(Y, X), Y)) -> K(Y, X)
(25.0) 120. K(x6, T3) -> ldiv(T3, R2)
(25.0) 121. K(x6, T2) -> ldiv(T2, x3)
(32.285713) 122. T(X, ldiv(T3, R2)) -> X
(29.0) 123. ldiv(T3, R2) -> rdiv(R2, T3)
(32.285713) 124. T(X, ldiv(T2, x3)) -> X
(29.0) 125. ldiv(T2, x3) -> rdiv(x3, T2)
(32.428574) 126. K(X, rdiv(R2, T3)) -> zero
(32.428574) 127. K(rdiv(R2, T3), X) -> zero
(32.428574) 128. K(X, rdiv(x3, T2)) -> zero
(32.428574) 129. K(rdiv(x3, T2), X) -> zero
(32.857143) 130. K(X, T(Y, X)) = ldiv(T(Y, X), Y)
(34.285713) 131. T(X, rdiv(R2, T3)) -> X
(34.285713) 132. T(X, rdiv(x3, T2)) -> X
(34.428574) 133. T(rdiv(R2, T3), X) -> rdiv(R2, T3)
(34.428574) 134. T(rdiv(x3, T2), X) -> rdiv(x3, T2)
(34.857143) 135. ldiv(T(X, Y), X) -> rdiv(X, T(X, Y))
(35.0) 136. op(T3, rdiv(R2, T3)) -> R2
(35.0) 137. op(T2, rdiv(x3, T2)) -> x3
(35.857143) 138. a(X, Y, rdiv(R2, T3)) -> zero
(35.857143) 139. a(X, rdiv(R2, T3), Y) -> zero
(35.857143) 140. a(rdiv(R2, T3), X, Y) -> zero
(35.857143) 141. a(X, Y, rdiv(x3, T2)) -> zero
(35.857143) 142. a(X, rdiv(x3, T2), Y) -> zero
(35.857143) 143. a(rdiv(x3, T2), X, Y) -> zero
(36.285713) 144. ldiv(X, R(X, X, X)) -> K(op(X, X), X)
(36.285713) 145. op(X, rdiv(R2, T3)) = op(rdiv(R2, T3), X)
(36.285713) 146. ldiv(rdiv(R2, T3), X) -> rdiv(X, rdiv(R2, T3))
(35.0) 147. rdiv(R2, rdiv(R2, T3)) -> T3
(36.285713) 148. op(X, rdiv(x3, T2)) = op(rdiv(x3, T2), X)
(36.285713) 149. ldiv(rdiv(x3, T2), X) -> rdiv(X, rdiv(x3, T2))
(35.0) 150. rdiv(x3, rdiv(x3, T2)) -> T2
(36.428574) 151. rdiv(rdiv(op(X, Y), X), Y) -> K(X, Y)
(32.857143) 152. K(X, T(Y, X)) = rdiv(Y, T(Y, X))
(36.285713) 153. rdiv(R(X, X, X), X) -> K(op(X, X), X)
(36.57143) 154. rdiv(op(a(X, Y, Z), W), a(X, Y, Z)) -> W
(36.714287) 155. ldiv(ldiv(ldiv(X, Y), Y), Y) = T(ldiv(X, Y), T(X, ldiv(X, Y)))
(37.0) 156. op(K(x6, x3), op(x6, T2)) -> op(x6, x3)
(37.0) 157. op(K(T3, x6), op(R2, x6)) -> op(T3, x6)
(37.0) 158. rdiv(op(x6, T2), K(x3, x6)) -> op(x6, x3)
(37.0) 159. rdiv(op(R2, x6), rdiv(R2, T3)) -> op(T3, x6)
(33.0) 160. L(rdiv(x3, T2), T2, x6) -> K(x6, x3)
(33.0) 161. L(ldiv(x3, T2), x3, x6) -> K(x3, x6)
(37.0) 162. ldiv(op(R2, x6), op(T3, x6)) -> K(T3, x6)
(37.0) 163. ldiv(op(T3, x6), op(R2, x6)) -> rdiv(R2, T3)
(37.0) 164. ldiv(X, K(ldiv(X, zero), X)) -> T(ldiv(X, zero), X)
(37.0) 165. rdiv(op(x6, T2), op(x6, x3)) -> K(x3, x6)
(37.0) 166. rdiv(op(x6, x3), op(x6, T2)) -> K(x6, x3)
(33.0) 167. R(rdiv(R2, T3), T3, x6) -> rdiv(R2, T3)
(33.0) 168. R(rdiv(T3, R2), R2, x6) -> K(T3, x6)
(37.0) 169. rdiv(op(R2, op(x4, x5)), x5) -> op(x3, x4)
(37.0) 170. rdiv(op(R3, op(x4, x5)), x5) -> op(T2, x4)
(37.14286) 171. ldiv(X, K(X, rdiv(zero, X))) -> rdiv(zero, X)
(37.14286) 172. K(X, rdiv(op(X, Y), X)) = L(K(X, Y), Y, X)
(35.0) 173. L(rdiv(R2, T3), T3, x6) -> K(x6, R2)
(37.285713) 174. op(X, K(op(X, X), X)) -> R(X, X, X)
(37.285713) 175. L(a(X, Y, Z), W, a(X, Y, Z)) -> a(X, Y, Z)
(37.571426) 176. rdiv(zero, K(ldiv(X, zero), X)) -> K(X, ldiv(X, zero))
(37.714287) 177. R(rdiv(rdiv(X, Y), Z), Z, Y) -> rdiv(X, op(Z, Y))
(34.428574) 178. R(K(X, Y), Y, X) -> K(X, Y)
(37.714287) 179. L(ldiv(X, ldiv(Y, Z)), X, Y) -> ldiv(op(Y, X), Z)
(37.857143) 180. rdiv(X, op(ldiv(Y, zero), X)) = R(Y, ldiv(Y, zero), X)
(37.857143) 181. rdiv(X, K(ldiv(X, zero), X)) -> R(X, ldiv(X, zero), X)
(37.857143) 182. ldiv(op(X, rdiv(zero, Y)), X) = L(Y, rdiv(zero, Y), X)
(38.0) 183. T(X, L(K(Y, Z), Z, Y)) -> X
(38.14286) 184. op(op(X, K(Y, Z)), W) -> op(K(Y, Z), op(X, W))
(38.14286) 185. op(K(X, Y), op(Z, W)) = op(Z, op(W, K(X, Y)))
(32.428574) 186. L(K(X, Y), Z, W) -> K(X, Y)
(36.428574) 187. op(X, op(Y, K(Y, X))) -> op(Y, X)
(31.000002) 188. op(X, K(X, Y)) -> T(X, Y)
(33.0) 189. ldiv(X, T(X, Y)) -> K(X, Y)
(29.0) 190. K(x3, x6) -> ldiv(x3, T2)
(29.0) 191. K(R2, x6) -> ldiv(R2, T3)
(33.0) 192. op(K(X, Y), X) -> T(X, Y)
(33.0) 193. rdiv(T(X, Y), X) -> K(X, Y)
(29.0) 194. K(x3, x6) -> rdiv(T2, x3)
(29.0) 195. K(R2, x6) -> rdiv(T3, R2)
(31.0) 196. ldiv(x3, T2) -> rdiv(T2, x3)
(31.0) 197. ldiv(R2, T3) -> rdiv(T3, R2)
(35.0) 198. op(x6, rdiv(R2, T3)) -> T(x6, T3)
(35.0) 199. op(x6, rdiv(x3, T2)) -> T(x6, T2)
(36.285713) 200. T(X, rdiv(T2, x3)) -> X
(36.285713) 201. T(X, rdiv(T3, R2)) -> X
(36.428574) 202. K(X, rdiv(T2, x3)) -> zero
(36.428574) 203. K(rdiv(T2, x3), X) -> zero
(36.428574) 204. K(X, rdiv(T3, R2)) -> zero
(36.428574) 205. K(rdiv(T3, R2), X) -> zero
(37.0) 206. op(x3, rdiv(T2, x3)) -> T2
(37.0) 207. op(R2, rdiv(T3, R2)) -> T3
(37.857143) 208. L(rdiv(R2, T3), X, Y) -> rdiv(R2, T3)
(29.0) 209. K(x6, R2) -> rdiv(R2, T3)
(39.0) 210. op(x6, rdiv(R2, T3)) -> T(x6, R2)
(33.0) 211. T(x6, T3) -> T(x6, R2)
(37.857143) 212. L(rdiv(x3, T2), X, Y) -> rdiv(x3, T2)
(29.0) 213. K(x6, x3) -> rdiv(x3, T2)
(31.0) 214. T(x6, x3) -> T(x6, T2)
(38.285713) 215. op(X, K(rdiv(Y, X), X)) = rdiv(Y, rdiv(Y, X))
(35.0) 216. op(x6, rdiv(T2, x3)) -> rdiv(op(x6, T2), x3)
(37.0) 217. op(rdiv(T2, x3), x6) -> rdiv(op(x6, T2), x3)
(38.428574) 218. ldiv(R(rdiv(zero, X), X, Y), Y) -> op(X, Y)
(38.428574) 219. rdiv(X, L(ldiv(Y, zero), Y, X)) -> op(X, Y)
(38.428574) 220. R(rdiv(R2, T3), X, rdiv(R2, T3)) -> rdiv(R2, T3)
(38.428574) 221. R(rdiv(x3, T2), X, rdiv(x3, T2)) -> rdiv(x3, T2)
(38.428574) 222. K(X, rdiv(op(X, Y), X)) -> K(X, Y)
(33.0) 223. K(X, T(Y, X)) -> K(X, Y)
(34.857143) 224. K(X, ldiv(X, Y)) -> K(X, rdiv(Y, X))
(35.0) 225. ldiv(T(X, Y), X) -> K(Y, X)
(33.0) 226. K(T2, x6) -> rdiv(T2, x3)
(35.0) 227. rdiv(X, T(X, Y)) -> K(Y, X)
(35.0) 228. T(X, T(Y, X)) -> T(X, Y)
(35.0) 229. K(T3, x6) -> rdiv(T3, R2)
(36.857143) 230. T(X, ldiv(X, Y)) -> T(X, rdiv(Y, X))
(37.0) 231. rdiv(X, K(Y, X)) -> T(X, Y)
(37.0) 232. ldiv(K(X, Y), Y) -> T(Y, X)
(37.0) 233. K(T(X, Y), Y) -> K(X, Y)
(38.428574) 234. T(rdiv(T2, x3), X) -> rdiv(T2, x3)
(38.428574) 235. T(rdiv(T3, R2), X) -> rdiv(T3, R2)
(38.571426) 236. rdiv(ldiv(X, zero), K(ldiv(X, zero), X)) -> L(ldiv(X, zero), X, ldiv(X, zero))
(38.57143) 237. rdiv(T(X, Y), K(X, Y)) -> X
(35.0) 238. rdiv(T2, rdiv(T2, x3)) -> x3
(35.0) 239. rdiv(T3, rdiv(T3, R2)) -> R2
(38.714287) 240. rdiv(op(X, a(Y, Z, W)), X) -> a(Y, Z, W)
(37.285713) 241. R(a(X, Y, Z), W, a(X, Y, Z)) -> a(X, Y, Z)
(36.285713) 242. ldiv(T(X, rdiv(Y, X)), Y) -> T(ldiv(X, Y), X)
(38.285713) 243. ldiv(T(X, Y), op(Y, X)) -> T(T(Y, X), X)
(35.0) 244. T(T(x6, T2), x3) -> ldiv(T2, op(x6, x3))
(35.0) 245. T(T(x6, R2), R2) -> ldiv(T3, op(x6, R2))
(38.285713) 246. rdiv(X, T(ldiv(Y, X), Y)) -> T(Y, rdiv(X, Y))
(36.285713) 247. T(ldiv(X, Y), X) = ldiv(ldiv(ldiv(X, Y), Y), Y)
(38.285713) 248. rdiv(X, T(ldiv(Y, X), Y)) -> ldiv(ldiv(Y, X), X)
(30.857143) 249. ldiv(ldiv(X, Y), Y) = T(X, rdiv(Y, X))
(38.428574) 250. rdiv(op(X, Y), T(Y, X)) -> T(X, Y)
(35.0) 251. rdiv(op(x6, x3), T2) -> T(x6, T2)
(35.0) 252. rdiv(op(x6, R2), T3) -> T(x6, R2)
(37.0) 253. op(T(x6, T2), T2) -> op(x6, x3)
(37.0) 254. op(T(x6, R2), T3) -> op(x6, R2)
(38.428574) 255. T(X, rdiv(op(X, Y), X)) -> T(X, Y)
(38.428574) 256. rdiv(X, T(Y, rdiv(X, Y))) -> ldiv(Y, X)
(38.428574) 257. T(X, op(Y, K(X, Y))) -> T(X, Y)
(38.714287) 258. rdiv(X, rdiv(X, a(Y, Z, W))) -> a(Y, Z, W)
(38.857143) 259. K(ldiv(X, Y), X) -> K(rdiv(Y, X), X)
(39.0) 260. op(rdiv(x3, T2), op(x6, T2)) -> op(x6, x3)
(39.0) 261. op(op(R2, x6), rdiv(T3, R2)) -> op(T3, x6)
(55.0) 262. T(ldiv(X, zero), rdiv(K(rdiv(zero, X), X), ldiv(X, zero))) -> T(ldiv(X, zero), X)
(39.0) 263. K(rdiv(op(x6, T2), x3), x3) -> rdiv(x3, T2)
(38.285713) 264. op(rdiv(x3, T2), rdiv(X, rdiv(x3, T2))) -> X
(38.285713) 265. rdiv(op(rdiv(x3, T2), X), rdiv(x3, T2)) -> X
(39.0) 266. K(x3, rdiv(op(x6, T2), x3)) -> rdiv(T2, x3)
(33.857143) 267. a(X, Y, rdiv(T2, x3)) -> zero
(33.857143) 268. a(X, rdiv(T2, x3), Y) -> zero
(33.857143) 269. a(rdiv(T2, x3), X, Y) -> zero
(34.285713) 270. op(X, rdiv(T2, x3)) = op(rdiv(T2, x3), X)
(34.285713) 271. ldiv(rdiv(T2, x3), X) -> rdiv(X, rdiv(T2, x3))
(35.857143) 272. L(rdiv(T2, x3), X, Y) -> rdiv(T2, x3)
(36.428574) 273. R(rdiv(T2, x3), X, rdiv(T2, x3)) -> rdiv(T2, x3)
(38.285713) 274. op(rdiv(T2, x3), rdiv(X, rdiv(T2, x3))) -> X
(38.285713) 275. rdiv(op(rdiv(T2, x3), X), rdiv(T2, x3)) -> X
(39.0) 276. ldiv(X, K(rdiv(zero, X), X)) -> T(ldiv(X, zero), X)
(39.0) 277. ldiv(x5, op(R2, op(x4, x5))) -> T(op(x3, x4), x5)
(39.0) 278. ldiv(x5, op(R3, op(x4, x5))) -> T(op(T2, x4), x5)
(39.0) 279. rdiv(op(x6, x3), op(x6, T2)) -> rdiv(x3, T2)
(39.0) 280. rdiv(op(x6, T2), op(x6, x3)) -> rdiv(T2, x3)
(39.0) 281. op(rdiv(R2, T3), op(T3, x6)) -> op(R2, x6)
(35.0) 282. L(x6, T3, rdiv(R2, T3)) -> x6
(39.0) 283. R(rdiv(x3, T2), T2, x6) -> rdiv(x3, T2)
(39.0) 284. op(R2, op(x6, rdiv(T3, R2))) -> op(T3, x6)
(35.0) 285. op(x6, rdiv(T3, R2)) -> ldiv(R2, op(T3, x6))
(37.0) 286. L(rdiv(T3, R2), x6, R2) -> rdiv(T3, R2)
(37.0) 287. op(rdiv(T3, R2), x6) -> ldiv(R2, op(T3, x6))
(39.0) 288. op(x3, T(x6, T2)) -> op(x6, x3)
(45.857143) 289. op(ldiv(X, Y), K(X, rdiv(Y, X))) -> rdiv(Y, X)
(38.57143) 290. op(T(X, Y), K(Y, X)) -> X
(39.0) 291. rdiv(op(T3, T(x6, R2)), T3) -> x6
(35.0) 292. op(T3, T(x6, R2)) -> op(R2, x6)
(35.0) 293. K(T3, T(x6, R2)) -> rdiv(T3, R2)
(35.0) 294. T(T3, T(x6, R2)) -> T(T3, x6)
(37.0) 295. K(T(x6, R2), T3) -> rdiv(R2, T3)
(37.857143) 296. a(X, Y, rdiv(T3, R2)) -> zero
(37.857143) 297. a(X, rdiv(T3, R2), Y) -> zero
(37.857143) 298. a(rdiv(T3, R2), X, Y) -> zero
(38.285713) 299. op(X, rdiv(T3, R2)) = op(rdiv(T3, R2), X)
(38.285713) 300. ldiv(rdiv(T3, R2), X) -> rdiv(X, rdiv(T3, R2))
(39.0) 301. op(rdiv(T3, R2), T(x6, R2)) -> x6
(35.0) 302. rdiv(x6, rdiv(T3, R2)) -> T(x6, R2)
(39.0) 303. T(x3, T(x6, T2)) -> T2
(39.0) 304. T(x3, rdiv(op(x6, T2), x3)) -> T2
(39.0) 305. T(T(x6, T2), T2) -> ldiv(T2, op(x6, x3))
(39.0) 306. T(T(x6, R2), T3) -> ldiv(T3, op(x6, R2))
(39.14286) 307. R(X, ldiv(X, zero), X) -> ldiv(ldiv(X, zero), zero)
(39.0) 308. rdiv(op(x6, T2), x3) -> rdiv(x6, rdiv(x3, T2))
(37.0) 309. op(T3, rdiv(T3, R2)) -> T(T3, x6)
(39.142857) 310. R(rdiv(x3, X), X, x6) = rdiv(op(x6, T2), op(X, x6))
(39.0) 311. R(T2, rdiv(x3, T2), x6) -> T2
(39.142857) 312. R(rdiv(x6, X), X, T3) = rdiv(op(R2, x6), op(X, T3))
(39.142857) 313. L(ldiv(X, x6), X, x3) = ldiv(op(x3, X), op(x6, T2))
(39.142857) 314. L(ldiv(X, T3), X, x6) = ldiv(op(x6, X), op(R2, x6))
(35.0) 315. L(rdiv(T3, R2), R2, x6) -> rdiv(T3, R2)
(39.14286) 316. T(X, op(X, K(Y, Z))) -> L(X, K(Y, Z), X)
(38.285713) 317. L(X, K(X, Y), X) -> T(X, T(X, Y))
(36.428574) 318. K(X, op(Y, K(X, Y))) -> K(X, Y)
(39.285713) 319. rdiv(op(X, x6), op(x6, T2)) -> R(rdiv(X, x3), x3, x6)
(35.0) 320. R(rdiv(T2, x3), x3, x6) -> rdiv(T2, x3)
(39.285713) 321. rdiv(op(X, T3), op(R2, x6)) -> R(rdiv(X, x6), x6, T3)
(35.0) 322. R(rdiv(R2, T3), x6, T3) -> rdiv(R2, T3)
(39.0) 323. ldiv(T3, R(R2, x6, T3)) -> K(op(R2, x6), T3)
(39.0) 324. rdiv(R(R2, x6, T3), T3) -> K(op(R2, x6), T3)
(39.285713) 325. ldiv(op(x6, T2), op(x3, X)) -> L(ldiv(x6, X), x6, x3)
(39.285713) 326. ldiv(op(R2, x6), op(x6, X)) -> L(ldiv(T3, X), T3, x6)
(39.714287) 327. ldiv(rdiv(zero, X), K(X, rdiv(zero, X))) -> ldiv(ldiv(X, zero), zero)
(39.571426) 328. rdiv(zero, K(X, rdiv(zero, X))) -> K(rdiv(zero, X), X)
(55.0) 329. K(rdiv(K(rdiv(zero, X), X), ldiv(X, zero)), ldiv(X, zero)) -> K(X, rdiv(zero, X))
(40.142857) 330. K(rdiv(zero, X), rdiv(zero, rdiv(zero, X))) -> K(rdiv(zero, X), X)
(39.57143) 331. R(rdiv(X, Y), Y, ldiv(X, Z)) = rdiv(Z, op(Y, ldiv(X, Z)))
(39.57143) 332. R(rdiv(X, Y), Y, ldiv(Y, Z)) = rdiv(op(X, ldiv(Y, Z)), Z)
(39.57143) 333. L(ldiv(X, Y), X, rdiv(Z, X)) = ldiv(Z, op(rdiv(Z, X), Y))
(39.57143) 334. L(ldiv(X, Y), X, rdiv(Z, Y)) = ldiv(op(rdiv(Z, Y), X), Z)
(39.57143) 335. L(ldiv(X, T(Y, Z)), X, Z) -> ldiv(op(Z, X), op(Y, Z))
(39.57143) 336. op(R(X, Y, ldiv(Y, Z)), Z) -> op(op(X, Y), ldiv(Y, Z))
(37.857143) 337. op(op(X, Y), ldiv(Y, zero)) -> R(X, Y, ldiv(Y, zero))
(35.14286) 338. R(X, rdiv(zero, X), X) -> ldiv(ldiv(X, zero), zero)
(35.571426) 339. R(ldiv(X, zero), X, ldiv(X, zero)) -> T(ldiv(X, zero), X)
(39.57143) 340. op(R(X, rdiv(Y, Z), Z), Y) -> op(op(X, rdiv(Y, Z)), Z)
(37.857143) 341. op(op(X, rdiv(zero, Y)), Y) -> R(X, rdiv(zero, Y), Y)
(39.57143) 342. op(X, L(Y, ldiv(Z, X), Z)) -> op(Z, op(ldiv(Z, X), Y))
(37.857143) 343. op(X, op(ldiv(X, zero), Y)) -> L(Y, ldiv(X, zero), X)
(39.57143) 344. op(X, L(Y, Z, rdiv(X, Z))) -> op(rdiv(X, Z), op(Z, Y))
(37.857143) 345. op(rdiv(zero, X), op(X, Y)) -> L(Y, X, rdiv(zero, X))
(39.0) 346. op(rdiv(zero, T3), R2) -> rdiv(R2, T3)
(39.0) 347. op(rdiv(zero, T2), x3) -> rdiv(x3, T2)
(39.714287) 348. L(ldiv(X, Y), X, rdiv(Y, X)) -> T(rdiv(Y, X), Y)
(37.0) 349. L(T(x6, R2), T3, x6) -> T(x6, op(R2, x6))
(39.714287) 350. R(rdiv(zero, X), X, rdiv(zero, X)) -> ldiv(X, zero)
(39.857143) 351. rdiv(X, K(X, rdiv(zero, X))) -> L(X, rdiv(zero, X), X)
(48.428574) 352. rdiv(X, K(rdiv(zero, rdiv(zero, X)), rdiv(zero, X))) -> L(X, rdiv(zero, X), X)
(39.857143) 353. rdiv(op(X, rdiv(x3, T2)), X) -> rdiv(x3, T2)
(39.857143) 354. rdiv(X, rdiv(X, rdiv(x3, T2))) -> rdiv(x3, T2)
(39.857143) 355. rdiv(op(X, rdiv(T2, x3)), X) -> rdiv(T2, x3)
(39.857143) 356. rdiv(X, rdiv(X, rdiv(T2, x3))) -> rdiv(T2, x3)
(39.857143) 357. L(rdiv(T3, R2), X, Y) -> rdiv(T3, R2)
(39.857143) 358. R(K(X, Y), Z, ldiv(Z, W)) -> K(X, Y)
(34.428574) 359. R(K(X, Y), Z, W) -> K(X, Y)
(37.857143) 360. R(rdiv(R2, T3), X, Y) -> rdiv(R2, T3)
(37.857143) 361. R(rdiv(x3, T2), X, Y) -> rdiv(x3, T2)
(37.857143) 362. R(rdiv(T2, x3), X, Y) -> rdiv(T2, x3)
(35.14286) 363. L(X, ldiv(X, zero), X) -> rdiv(zero, rdiv(zero, X))
(39.857143) 364. R(rdiv(T3, R2), X, Y) -> rdiv(T3, R2)
(40.0) 365. T(R(X, X, X), op(X, X)) -> X
(40.0) 366. op(T3, K(op(R2, x6), T3)) -> R(R2, x6, T3)
(40.14286) 367. op(op(K(X, Y), Z), W) -> op(Z, op(W, K(X, Y)))
(40.14286) 368. op(X, op(Y, K(Z, X))) = op(rdiv(op(Z, X), Z), Y)
(37.14286) 369. op(R(X, X, X), X) -> op(X, R(X, X, X))
(34.57143) 370. T(X, R(X, X, X)) -> X
(34.714287) 371. K(X, R(X, X, X)) -> zero
(34.714287) 372. K(R(X, X, X), X) -> zero
(37.285713) 373. T(R(X, X, X), X) -> R(X, X, X)
(40.0) 374. op(R(R2, x6, T3), T3) -> op(T3, R(R2, x6, T3))
(37.0) 375. T(T3, R(R2, x6, T3)) -> T3
(37.0) 376. K(T3, R(R2, x6, T3)) -> zero
(37.0) 377. K(R(R2, x6, T3), T3) -> zero
(40.0) 378. T(R(R2, x6, T3), T3) -> R(R2, x6, T3)
(40.14286) 379. op(op(X, Y), K(Z, W)) -> op(X, op(Y, K(Z, W)))
(32.57143) 380. R(X, Y, K(Z, W)) -> X
(35.714287) 381. R(X, Y, rdiv(R2, T3)) -> X
(35.714287) 382. R(X, Y, rdiv(x3, T2)) -> X
(35.714287) 383. R(X, Y, rdiv(T2, x3)) -> X
(37.714287) 384. R(X, Y, rdiv(T3, R2)) -> X
(40.14286) 385. op(K(X, Y), op(Z, W)) = op(Z, op(K(X, Y), W))
(40.14286) 386. op(K(X, Y), op(Z, Y)) = op(Z, rdiv(op(X, Y), X))
(40.285713) 387. ldiv(ldiv(X, Y), rdiv(Y, X)) -> K(X, rdiv(Y, X))
(40.285713) 388. ldiv(X, rdiv(Y, rdiv(Y, X))) -> K(rdiv(Y, X), X)
(40.285713) 389. op(rdiv(R2, T3), rdiv(X, rdiv(R2, T3))) -> X
(40.285713) 390. rdiv(op(rdiv(R2, T3), X), rdiv(R2, T3)) -> X
(40.285713) 391. rdiv(rdiv(X, Y), ldiv(Y, X)) -> K(Y, rdiv(X, Y))
(40.285713) 392. rdiv(rdiv(X, rdiv(X, Y)), Y) -> K(rdiv(X, Y), Y)
(40.285713) 393. ldiv(X, L(X, X, X)) -> K(X, op(X, X))
(40.285713) 394. rdiv(L(X, X, X), X) -> K(X, op(X, X))
(40.285713) 395. R(rdiv(zero, X), X, ldiv(X, Y)) = rdiv(ldiv(X, Y), Y)
(35.428574) 396. rdiv(K(X, Y), Y) -> rdiv(zero, T(Y, X))
(37.0) 397. rdiv(rdiv(x3, T2), x3) -> rdiv(zero, T2)
(38.428574) 398. rdiv(K(X, Y), op(X, Y)) -> rdiv(zero, op(Y, X))
(39.0) 399. rdiv(rdiv(R2, T3), R2) -> rdiv(zero, T3)
(39.0) 400. rdiv(rdiv(R2, T3), T3) -> rdiv(zero, T(T3, x6))
(39.0) 401. rdiv(rdiv(x3, T2), T2) -> rdiv(zero, T(T2, x6))
(40.285713) 402. L(ldiv(X, zero), X, rdiv(Y, X)) = ldiv(Y, rdiv(Y, X))
(39.571426) 403. ldiv(X, ldiv(ldiv(X, zero), zero)) -> K(X, rdiv(zero, X))
(40.285713) 404. op(T3, op(X, rdiv(R2, T3))) -> op(R2, X)
(31.0) 405. op(T3, R2) -> op(R2, T3)
(31.0) 406. T(R2, T3) -> R2
(31.0) 407. T(T3, R2) -> T3
(31.0) 408. K(R2, T3) -> zero
(31.0) 409. K(T3, R2) -> zero
(35.0) 410. op(R2, ldiv(T3, zero)) -> rdiv(R2, T3)
(36.285713) 411. op(X, rdiv(R2, T3)) -> ldiv(T3, op(R2, X))
(37.0) 412. ldiv(R2, rdiv(R2, T3)) -> ldiv(T3, zero)
(37.0) 413. rdiv(zero, rdiv(R2, T3)) -> rdiv(T3, R2)
(38.285713) 414. op(rdiv(R2, T3), X) -> ldiv(T3, op(R2, X))
(39.0) 415. rdiv(op(R2, T3), R2) -> T3
(39.0) 416. K(T3, rdiv(zero, T3)) -> K(R2, ldiv(T3, zero))
(39.0) 417. K(R2, ldiv(T3, zero)) -> K(R2, rdiv(zero, T3))
(39.0) 418. T(R2, ldiv(T3, zero)) -> T(R2, rdiv(zero, T3))
(39.0) 419. rdiv(zero, rdiv(T3, R2)) -> rdiv(R2, T3)
(40.285713) 420. op(T2, op(X, rdiv(x3, T2))) -> op(x3, X)
(31.0) 421. op(x3, T2) -> op(T2, x3)
(31.0) 422. T(T2, x3) -> T2
(31.0) 423. T(x3, T2) -> x3
(31.0) 424. K(T2, x3) -> zero
(31.0) 425. K(x3, T2) -> zero
(35.0) 426. op(x3, ldiv(T2, zero)) -> rdiv(x3, T2)
(36.285713) 427. op(X, rdiv(x3, T2)) -> ldiv(T2, op(x3, X))
(37.0) 428. ldiv(x3, rdiv(x3, T2)) -> ldiv(T2, zero)
(37.0) 429. rdiv(zero, rdiv(x3, T2)) -> rdiv(T2, x3)
(37.0) 430. rdiv(zero, rdiv(T2, x3)) -> rdiv(x3, T2)
(38.285713) 431. op(rdiv(x3, T2), X) -> ldiv(T2, op(x3, X))
(39.0) 432. rdiv(op(T2, x3), T2) -> x3
(39.0) 433. K(x3, ldiv(T2, zero)) -> K(T2, rdiv(zero, T2))
(39.0) 434. K(x3, rdiv(zero, T2)) -> K(T2, rdiv(zero, T2))
(39.0) 435. T(x3, ldiv(T2, zero)) -> T(x3, rdiv(zero, T2))
(39.0) 436. T(rdiv(zero, T2), x3) -> ldiv(T2, zero)
(40.285713) 437. ldiv(T3, op(R2, op(X, T3))) -> op(X, R2)
(36.285713) 438. op(T3, op(X, R2)) -> op(R2, op(X, T3))
(36.285713) 439. op(rdiv(X, T3), R2) -> ldiv(T3, op(R2, X))
(40.285713) 440. ldiv(T2, op(x3, op(X, T2))) -> op(X, x3)
(36.285713) 441. op(x3, op(X, T2)) -> op(T2, op(X, x3))
(36.285713) 442. op(rdiv(X, T2), x3) -> ldiv(T2, op(x3, X))
(40.285713) 443. ldiv(T3, op(R2, X)) -> rdiv(X, rdiv(T3, R2))
(40.285713) 444. ldiv(T2, op(x3, X)) -> rdiv(X, rdiv(T2, x3))
(40.285713) 445. op(rdiv(T2, x3), X) -> rdiv(X, rdiv(x3, T2))
(40.428574) 446. op(T(X, Y), T(Y, X)) -> op(X, Y)
(40.428574) 447. K(rdiv(op(X, Y), X), X) -> K(Y, X)
(36.857143) 448. rdiv(op(X, Y), X) = rdiv(Y, K(Y, X))
(38.857143) 449. op(X, K(Y, X)) -> rdiv(X, K(X, Y))
(38.857143) 450. op(K(X, Y), Y) -> rdiv(Y, K(Y, X))
(39.0) 451. K(ldiv(T3, zero), R2) -> K(rdiv(zero, T3), R2)
(39.0) 452. K(ldiv(T2, zero), x3) -> K(rdiv(zero, T2), x3)
(40.428574) 453. T(X, rdiv(Y, K(Y, X))) -> T(X, Y)
(40.428574) 454. K(rdiv(X, K(X, Y)), Y) -> K(X, Y)
(40.428574) 455. K(T(X, Y), T(Y, X)) -> K(X, Y)
(37.0) 456. K(T(x6, T2), x3) -> rdiv(x3, T2)
(37.0) 457. K(x3, T(x6, T2)) -> rdiv(T2, x3)
(40.285713) 458. op(X, rdiv(T2, x3)) -> rdiv(X, rdiv(x3, T2))
(40.0) 459. L(rdiv(zero, X), X, rdiv(zero, X)) -> rdiv(K(X, rdiv(zero, X)), X)
(40.57143) 460. R(X, ldiv(X, Y), Z) = rdiv(op(Y, Z), op(ldiv(X, Y), Z))
(40.428574) 461. R(T3, rdiv(R2, T3), X) -> T3
(40.428574) 462. R(T2, rdiv(x3, T2), X) -> T2
(40.57143) 463. rdiv(op(op(X, Y), ldiv(Y, Z)), Z) -> R(X, Y, ldiv(Y, Z))
(36.57143) 464. R(X, K(Y, Z), rdiv(W, K(Y, Z))) -> X
(30.57143) 465. R(X, K(Y, Z), W) -> X
(33.714287) 466. R(X, rdiv(x3, T2), Y) -> X
(33.714287) 467. R(X, rdiv(T2, x3), Y) -> X
(35.714287) 468. R(X, rdiv(R2, T3), Y) -> X
(37.714287) 469. R(X, rdiv(T3, R2), Y) -> X
(38.428574) 470. rdiv(rdiv(X, K(Y, Z)), X) -> rdiv(zero, K(Y, Z))
(31.57143) 471. rdiv(zero, K(X, Y)) -> K(Y, X)
(34.857143) 472. op(K(X, Y), Z) -> rdiv(Z, K(Y, X))
(36.857143) 473. op(X, K(Y, Z)) -> rdiv(X, K(Z, Y))
(38.285713) 474. op(rdiv(T3, R2), X) -> rdiv(X, rdiv(R2, T3))
(39.857143) 475. rdiv(rdiv(X, rdiv(x3, T2)), X) -> rdiv(T2, x3)
(39.857143) 476. rdiv(rdiv(X, rdiv(T2, x3)), X) -> rdiv(x3, T2)
(40.285713) 477. op(X, rdiv(T3, R2)) -> rdiv(X, rdiv(R2, T3))
(40.57143) 478. rdiv(op(op(X, rdiv(Y, Z)), Z), Y) -> R(X, rdiv(Y, Z), Z)
(40.57143) 479. ldiv(X, op(Y, op(ldiv(Y, X), Z))) -> L(Z, ldiv(Y, X), Y)
(33.14286) 480. L(X, rdiv(zero, X), X) -> rdiv(zero, rdiv(zero, X))
(33.714287) 481. L(ldiv(X, zero), X, ldiv(X, zero)) -> rdiv(zero, X)
(36.428574) 482. ldiv(X, rdiv(X, K(Y, Z))) -> K(Z, Y)
(37.0) 483. L(T3, rdiv(T3, R2), R2) -> T3
(37.0) 484. L(T2, rdiv(T2, x3), x3) -> T2
(39.857143) 485. ldiv(X, rdiv(X, rdiv(x3, T2))) -> rdiv(T2, x3)
(39.857143) 486. ldiv(X, rdiv(X, rdiv(T2, x3))) -> rdiv(x3, T2)
(40.285713) 487. L(X, rdiv(R2, T3), T3) -> X
(40.285713) 488. L(X, rdiv(x3, T2), T2) -> X
(40.57143) 489. ldiv(X, op(rdiv(X, Y), op(Y, Z))) -> L(Z, Y, rdiv(X, Y))
(44.428574) 490. T(rdiv(X, K(X, Y)), op(Y, X)) -> L(X, Y, rdiv(X, K(X, Y)))
(37.14286) 491. T(X, rdiv(X, K(Y, Z))) -> L(X, K(Z, Y), X)
(40.285713) 492. L(X, rdiv(T2, x3), x3) -> X
(40.57143) 493. L(X, rdiv(Y, X), Z) = ldiv(op(Z, rdiv(Y, X)), op(Z, Y))
(37.0) 494. L(x3, rdiv(T2, x3), x6) -> x3
(39.0) 495. L(T3, rdiv(R2, T3), x6) -> T3
(40.57143) 496. T(rdiv(X, K(X, Y)), Y) -> X
(48.0) 497. rdiv(rdiv(X, K(X, Y)), K(Y, X)) -> X
(40.714287) 498. T(ldiv(ldiv(X, Y), Y), ldiv(X, Y)) -> ldiv(T(ldiv(X, Y), X), Y)
(40.714287) 499. rdiv(K(X, rdiv(Y, X)), Y) -> rdiv(zero, op(ldiv(X, Y), X))
(40.714287) 500. rdiv(K(rdiv(X, Y), Y), X) -> rdiv(zero, op(Y, rdiv(X, Y)))
(40.857143) 501. K(rdiv(X, Y), rdiv(X, rdiv(X, Y))) -> K(rdiv(X, Y), Y)
(41.0) 502. ldiv(R2, op(T3, x6)) -> rdiv(x6, rdiv(R2, T3))
(41.0) 503. rdiv(T3, rdiv(R2, T3)) -> T(T3, x6)
(41.0) 504. rdiv(T2, rdiv(x3, T2)) -> T(T2, x6)
(41.0) 505. rdiv(x6, rdiv(T2, x3)) -> T(x6, T2)
(41.0) 506. ldiv(T(T3, x6), op(R2, x6)) -> ldiv(T3, op(x6, R2))
(41.0) 507. rdiv(op(x6, x3), rdiv(x3, T2)) -> op(x6, T2)
(41.0) 508. rdiv(op(T3, x6), rdiv(T3, R2)) -> op(R2, x6)
(41.0) 509. rdiv(op(x6, T2), rdiv(T2, x3)) -> op(x6, x3)
(41.0) 510. rdiv(T(x6, R2), rdiv(R2, T3)) -> x6
(41.0) 511. rdiv(T(T3, x6), rdiv(T3, R2)) -> T3
(41.0) 512. rdiv(op(x6, R2), rdiv(R2, T3)) -> op(R2, x6)
(41.0) 513. rdiv(op(x6, T2), rdiv(x3, T2)) -> op(T2, x6)
(41.0) 514. rdiv(R(X, Y, ldiv(Y, zero)), ldiv(Y, zero)) -> op(X, Y)
(40.857143) 515. rdiv(K(X, Y), ldiv(Z, zero)) -> rdiv(Z, K(Y, X))
(41.0) 516. ldiv(rdiv(zero, X), L(Y, X, rdiv(zero, X))) -> op(X, Y)
(40.857143) 517. ldiv(rdiv(zero, X), K(Y, Z)) -> rdiv(X, K(Z, Y))
(41.0) 518. op(rdiv(zero, X), T(X, Y)) -> K(X, Y)
(37.0) 519. op(rdiv(zero, x3), T2) -> rdiv(T2, x3)
(37.0) 520. op(rdiv(zero, R2), T3) -> rdiv(T3, R2)
(39.0) 521. rdiv(rdiv(T2, x3), T2) -> rdiv(zero, x3)
(39.0) 522. rdiv(rdiv(T3, R2), T3) -> rdiv(zero, R2)
(41.0) 523. op(R2, rdiv(x6, rdiv(R2, T3))) -> op(T3, x6)
(41.0) 524. rdiv(rdiv(R2, T3), op(R2, x6)) -> rdiv(zero, op(T3, x6))
(41.0) 525. rdiv(rdiv(T2, x3), x6) -> rdiv(zero, T(x6, T2))
(41.0) 526. rdiv(rdiv(T3, R2), x6) -> rdiv(zero, T(x6, R2))
(41.0) 527. K(rdiv(zero, T3), T3) -> K(rdiv(zero, T3), R2)
(41.0) 528. K(rdiv(zero, T2), x3) -> K(rdiv(zero, T2), T2)
(41.0) 529. rdiv(op(op(T3, x6), R2), T3) -> op(R2, x6)
(37.0) 530. op(op(T3, x6), R2) -> op(op(R2, x6), T3)
(41.0) 531. T(rdiv(zero, x3), T2) -> ldiv(T2, rdiv(T2, x3))
(41.0) 532. T(rdiv(zero, R2), T3) -> ldiv(T3, rdiv(T3, R2))
(41.0) 533. T(rdiv(zero, T3), R2) -> ldiv(T3, zero)
(48.571426) 534. rdiv(K(rdiv(zero, X), X), T(ldiv(X, zero), X)) -> X
(40.285713) 535. ldiv(L(X, X, X), X) -> K(op(X, X), X)
(38.428574) 536. K(X, rdiv(Y, K(Y, X))) -> K(X, Y)
(48.0) 537. rdiv(K(X, Y), rdiv(Z, K(Y, X))) -> rdiv(zero, Z)
(41.285713) 538. rdiv(X, K(X, op(X, X))) -> R(X, X, X)
(40.285713) 539. ldiv(R(X, X, X), X) -> K(X, op(X, X))
(40.285713) 540. rdiv(X, R(X, X, X)) -> K(X, op(X, X))
(41.428574) 541. T(X, op(X, a(Y, Z, W))) -> L(X, a(Y, Z, W), X)
(48.57143) 542. T(X, rdiv(K(X, rdiv(zero, X)), X)) -> ldiv(ldiv(X, zero), zero)
(48.428574) 543. K(rdiv(K(X, rdiv(zero, X)), X), X) -> K(rdiv(zero, X), X)
(41.571426) 544. op(x3, rdiv(x6, K(X, Y))) -> rdiv(op(x6, T2), K(X, Y))
(41.571426) 545. op(x6, rdiv(T3, K(X, Y))) -> rdiv(op(R2, x6), K(X, Y))
(41.571426) 546. ldiv(rdiv(zero, X), ldiv(X, zero)) -> K(rdiv(zero, X), X)
(41.571426) 547. rdiv(ldiv(ldiv(X, zero), zero), X) -> K(X, rdiv(zero, X))
(41.571426) 548. rdiv(ldiv(X, zero), rdiv(zero, X)) -> K(rdiv(zero, X), X)
(34.285713) 549. op(X, rdiv(Y, K(Y, X))) -> op(T(X, Y), Y)
(34.428574) 550. op(rdiv(X, K(X, Y)), Y) -> op(Y, X)
(36.285713) 551. ldiv(X, op(T(X, Y), Y)) -> rdiv(Y, K(Y, X))
(33.0) 552. ldiv(x3, op(T2, x6)) -> rdiv(x6, rdiv(x3, T2))
(38.285713) 553. rdiv(op(X, Y), K(Y, X)) -> op(T(X, Y), Y)
(40.14286) 554. op(X, rdiv(Y, K(Z, W))) -> rdiv(op(X, Y), K(Z, W))
(40.285713) 555. rdiv(X, K(Y, rdiv(X, Y))) -> op(ldiv(Y, X), Y)
(40.285713) 556. rdiv(X, K(X, rdiv(Y, X))) = rdiv(Y, rdiv(Y, X))
(40.714287) 557. rdiv(rdiv(X, K(X, Y)), K(X, Y)) -> rdiv(op(T(Y, X), X), Y)
(41.0) 558. rdiv(op(R2, x6), rdiv(T3, R2)) -> op(x6, R2)
(41.0) 559. op(x3, rdiv(x6, rdiv(x3, T2))) -> op(T2, x6)
(39.857143) 560. ldiv(op(X, Y), op(T(X, Y), Y)) -> K(X, Y)
(39.857143) 561. ldiv(op(T(X, Y), Y), op(X, Y)) -> K(Y, X)
(40.714287) 562. rdiv(K(X, Y), op(Y, X)) -> rdiv(zero, op(T(Y, X), X))
(41.714287) 563. rdiv(op(X, op(Y, Z)), K(Y, Z)) -> op(X, op(Z, Y))
(39.0) 564. rdiv(op(T2, x6), rdiv(T2, x3)) -> op(x6, T2)
(41.714287) 565. L(T(X, Y), T(Y, X), X) -> T(X, op(Y, X))
(39.0) 566. L(T2, T(x6, T2), x3) -> T(x3, op(x6, x3))
(39.0) 567. L(T3, T(x6, R2), R2) -> T(R2, op(x6, R2))
(41.857143) 568. rdiv(rdiv(X, rdiv(T3, R2)), X) -> rdiv(R2, T3)
(41.857143) 569. rdiv(X, rdiv(X, rdiv(R2, T3))) -> rdiv(R2, T3)
(41.857143) 570. ldiv(op(T3, X), op(R2, X)) -> rdiv(R2, T3)
(41.857143) 571. ldiv(op(T2, X), op(x3, X)) -> rdiv(x3, T2)
(41.857143) 572. rdiv(rdiv(X, rdiv(R2, T3)), X) -> rdiv(T3, R2)
(41.857143) 573. ldiv(X, op(R2, ldiv(T3, X))) -> rdiv(R2, T3)
(38.285713) 574. op(R2, ldiv(T3, X)) -> rdiv(X, rdiv(T3, R2))
(41.857143) 575. ldiv(X, op(x3, ldiv(T2, X))) -> rdiv(x3, T2)
(38.285713) 576. op(x3, ldiv(T2, X)) -> rdiv(X, rdiv(T2, x3))
(41.857143) 577. ldiv(X, rdiv(X, rdiv(R2, T3))) -> rdiv(T3, R2)
(41.857143) 578. rdiv(op(T(X, Y), Y), K(X, Y)) -> op(X, Y)
(41.857143) 579. rdiv(op(X, Y), op(T(X, Y), Y)) -> K(Y, X)
(42.0) 580. ldiv(rdiv(X, K(X, Y)), op(Y, X)) -> Y
(42.0) 581. rdiv(T3, K(T3, op(R2, x6))) -> R(R2, x6, T3)
(41.0) 582. ldiv(R(R2, x6, T3), T3) -> K(T3, op(R2, x6))
(41.0) 583. rdiv(T3, R(R2, x6, T3)) -> K(T3, op(R2, x6))
(41.0) 584. op(x6, R(R2, x6, T3)) -> T(op(R2, x6), T3)
(42.0) 585. op(op(x6, T2), ldiv(x6, zero)) -> R(x3, x6, ldiv(x6, zero))
(42.0) 586. op(op(R2, x6), ldiv(T3, zero)) -> R(x6, T3, ldiv(T3, zero))
(42.0) 587. op(rdiv(zero, x3), op(x6, T2)) -> L(x6, x3, rdiv(zero, x3))
(42.0) 588. op(rdiv(zero, x6), op(R2, x6)) -> L(T3, x6, rdiv(zero, x6))
(42.0) 589. L(X, K(Y, Z), K(Z, Y)) -> X
(42.0) 590. T(R2, op(R2, T3)) -> L(R2, T3, R2)
(42.0) 591. T(T2, op(T2, x3)) -> L(T2, x3, T2)
(42.142857) 592. K(rdiv(zero, rdiv(zero, X)), rdiv(zero, X)) -> K(X, rdiv(zero, X))
(42.14286) 593. R(rdiv(zero, X), X, T(Y, X)) = rdiv(T(Y, X), op(Y, X))
(38.857143) 594. rdiv(zero, rdiv(X, K(Y, Z))) -> rdiv(K(Y, Z), X)
(40.285713) 595. rdiv(X, rdiv(Y, rdiv(Y, X))) -> K(X, rdiv(Y, X))
(40.857143) 596. ldiv(rdiv(K(X, Y), Z), zero) -> rdiv(Z, K(X, Y))
(41.14286) 597. rdiv(ldiv(X, K(Y, Z)), K(Y, Z)) -> ldiv(X, zero)
(42.14286) 598. op(rdiv(X, K(Y, Z)), W) -> rdiv(op(X, W), K(Y, Z))
(42.14286) 599. op(rdiv(op(X, Y), X), Z) = rdiv(op(Y, Z), K(Y, X))
(42.14286) 600. op(rdiv(X, rdiv(X, Y)), Y) -> op(Y, rdiv(X, rdiv(X, Y)))
(34.857143) 601. op(T(X, Y), X) -> op(X, T(X, Y))
(33.14286) 602. T(X, T(X, Y)) -> X
(33.285713) 603. K(X, T(X, Y)) -> zero
(33.285713) 604. K(T(X, Y), X) -> zero
(35.0) 605. T(T(X, Y), X) -> T(X, Y)
(38.57143) 606. T(X, rdiv(Y, rdiv(Y, X))) -> X
(38.57143) 607. T(X, L(X, X, X)) -> X
(38.57143) 608. L(X, K(Y, X), X) -> X
(38.714287) 609. K(X, rdiv(Y, rdiv(Y, X))) -> zero
(38.714287) 610. K(rdiv(X, rdiv(X, Y)), Y) -> zero
(38.714287) 611. K(X, L(X, X, X)) -> zero
(38.714287) 612. K(L(X, X, X), X) -> zero
(40.714287) 613. K(X, rdiv(X, K(X, Y))) -> zero
(40.714287) 614. K(ldiv(X, Y), rdiv(Y, X)) -> zero
(40.714287) 615. K(rdiv(X, K(X, Y)), X) -> zero
(40.714287) 616. K(rdiv(X, Y), ldiv(Y, X)) -> zero
(41.0) 617. T(x3, L(T2, x6, x3)) -> x3
(41.0) 618. T(R2, L(T3, x6, R2)) -> R2
(41.0) 619. K(x3, L(T2, x6, x3)) -> zero
(41.0) 620. K(R2, L(T3, x6, R2)) -> zero
(41.0) 621. K(L(T2, x6, x3), x3) -> zero
(41.0) 622. K(L(T3, x6, R2), R2) -> zero
(41.14286) 623. op(L(X, X, X), X) -> op(X, L(X, X, X))
(41.285713) 624. T(L(X, X, X), X) -> L(X, X, X)
(42.14286) 625. rdiv(op(X, Y), K(Y, Z)) = op(X, rdiv(op(Z, Y), Z))
(42.14286) 626. rdiv(rdiv(X, Y), K(Z, W)) -> rdiv(X, rdiv(Y, K(W, Z)))
(42.14286) 627. L(op(X, Y), K(Y, X), op(X, Y)) -> T(op(X, Y), op(Y, X))
(46.57143) 628. L(ldiv(X, zero), X, K(Y, Z)) = ldiv(rdiv(X, K(Z, Y)), K(Y, Z))
(38.571426) 629. L(X, rdiv(zero, X), K(Y, Z)) -> X
(41.714287) 630. L(X, rdiv(zero, X), rdiv(x3, T2)) -> X
(41.714287) 631. L(X, rdiv(zero, X), rdiv(T2, x3)) -> X
(42.285713) 632. op(R(X, x3, x6), op(x6, T2)) -> op(op(X, x3), x6)
(42.285713) 633. op(R(X, x6, T3), op(R2, x6)) -> op(op(X, x6), T3)
(42.285713) 634. op(op(x6, T2), L(X, x6, x3)) -> op(x3, op(x6, X))
(42.285713) 635. op(op(R2, x6), L(X, T3, x6)) -> op(x6, op(T3, X))
(50.285717) 636. rdiv(rdiv(X, rdiv(R2, T3)), rdiv(T3, R2)) -> X
(50.285717) 637. rdiv(rdiv(X, rdiv(x3, T2)), rdiv(T2, x3)) -> X
(50.285717) 638. rdiv(rdiv(X, rdiv(T3, R2)), rdiv(R2, T3)) -> X
(50.285717) 639. rdiv(rdiv(X, rdiv(T2, x3)), rdiv(x3, T2)) -> X
(42.285713) 640. rdiv(op(X, Y), K(Z, X)) -> op(T(X, Z), Y)
(42.285713) 641. rdiv(op(X, Y), K(Z, Y)) -> op(X, T(Y, Z))
(38.285713) 642. op(T(x6, X), T2) -> op(x3, T(x6, X))
(36.428574) 643. T(x3, T(x6, X)) -> T2
(38.428574) 644. K(T(x6, X), T2) -> rdiv(x3, T2)
(38.428574) 645. K(T(x6, X), x3) -> rdiv(x3, T2)
(40.285713) 646. T(T(x6, X), x3) -> T(T(x6, X), T2)
(40.285713) 647. K(x3, T(x6, X)) -> K(T2, T(x6, X))
(40.428574) 648. K(x3, T(x6, X)) -> rdiv(T2, x3)
(40.428574) 649. T(T2, T(x6, X)) -> T(T2, x6)
(40.428574) 650. K(T2, T(x6, X)) -> rdiv(T2, x3)
(42.285713) 651. rdiv(X, L(X, X, X)) -> K(op(X, X), X)
(42.285713) 652. ldiv(ldiv(ldiv(X, Y), Y), X) -> K(rdiv(Y, X), X)
(42.285713) 653. rdiv(X, ldiv(ldiv(X, Y), Y)) -> K(rdiv(Y, X), X)
(42.285713) 654. T(T(X, Y), T(Y, X)) -> T(T(X, Y), Y)
(42.285713) 655. op(R2, rdiv(X, rdiv(R2, T3))) -> op(T3, X)
(38.285713) 656. ldiv(R2, op(T3, X)) -> rdiv(X, rdiv(R2, T3))
(39.0) 657. op(T3, op(R2, x6)) -> op(R2, op(T3, x6))
(36.0) 658. L(x6, T3, R2) -> L(x6, R2, T3)
(42.285713) 659. rdiv(op(T3, X), rdiv(T3, R2)) -> op(R2, X)
(39.0) 660. K(T3, rdiv(zero, R2)) -> K(R2, rdiv(zero, R2))
(39.0) 661. op(T3, ldiv(R2, zero)) -> rdiv(T3, R2)
(41.0) 662. ldiv(T3, rdiv(T3, R2)) -> ldiv(R2, zero)
(41.0) 663. K(rdiv(zero, R2), T3) -> K(rdiv(zero, R2), R2)
(42.285713) 664. op(x3, rdiv(X, rdiv(x3, T2))) -> op(T2, X)
(38.285713) 665. ldiv(x3, op(T2, X)) -> rdiv(X, rdiv(x3, T2))
(39.0) 666. op(x3, op(T2, x6)) -> op(T2, op(x6, T2))
(40.0) 667. T(x3, op(T2, x6)) -> L(T2, x6, T2)
(42.285713) 668. rdiv(op(T2, X), rdiv(T2, x3)) -> op(x3, X)
(39.0) 669. K(x3, rdiv(zero, x3)) -> K(T2, rdiv(zero, x3))
(41.0) 670. ldiv(T2, rdiv(T2, x3)) -> ldiv(x3, zero)
(41.0) 671. K(rdiv(zero, x3), x3) -> K(rdiv(zero, x3), T2)
(42.285713) 672. op(rdiv(X, rdiv(T2, x3)), T2) -> op(X, x3)
(38.285713) 673. rdiv(op(X, x3), T2) -> rdiv(X, rdiv(T2, x3))
(38.285713) 674. op(op(x3, X), T2) -> op(op(T2, X), x3)
(39.0) 675. op(op(x6, x3), T2) -> op(op(x6, T2), x3)
(36.0) 676. R(x6, x3, T2) -> R(x6, T2, x3)
(39.0) 677. op(op(x6, T2), T2) -> op(op(T2, x6), x3)
(39.0) 678. op(T(T2, x6), x3) -> op(T2, T2)
(40.285713) 679. op(T(x3, X), T2) -> op(T2, T(x3, X))
(38.428574) 680. T(T2, T(x3, X)) -> T2
(38.428574) 681. K(T2, T(x3, X)) -> zero
(38.428574) 682. K(T(x3, X), T2) -> zero
(40.285713) 683. T(T(x3, X), T2) -> T(x3, X)
(41.0) 684. rdiv(op(T2, T2), x3) -> T(T2, x6)
(41.0) 685. T(T(T2, x6), x3) -> T(T2, x6)
(41.0) 686. K(x3, T(T2, x6)) -> zero
(41.0) 687. T(x3, T(T2, x6)) -> x3
(41.0) 688. K(T(T2, x6), x3) -> zero
(42.285713) 689. op(rdiv(X, rdiv(x3, T2)), x3) -> op(X, T2)
(38.285713) 690. rdiv(op(X, T2), x3) -> rdiv(X, rdiv(x3, T2))
(42.285713) 691. ldiv(rdiv(X, rdiv(X, Y)), Y) -> K(Y, rdiv(X, Y))
(42.285713) 692. rdiv(ldiv(X, Y), rdiv(Y, X)) -> K(rdiv(Y, X), X)
(42.285713) 693. rdiv(zero, rdiv(X, rdiv(x3, T2))) -> rdiv(rdiv(x3, T2), X)
(42.285713) 694. rdiv(zero, rdiv(X, rdiv(T2, x3))) -> rdiv(rdiv(T2, x3), X)
(42.285713) 695. T(rdiv(X, rdiv(X, Y)), Y) -> rdiv(X, rdiv(X, Y))
(42.285713) 696. rdiv(op(X, T3), rdiv(T3, R2)) -> op(X, R2)
(38.285713) 697. op(T(T3, X), R2) -> op(R2, T(T3, X))
(36.428574) 698. T(R2, T(T3, X)) -> R2
(36.428574) 699. K(R2, T(T3, X)) -> zero
(36.428574) 700. K(T(T3, X), R2) -> zero
(38.285713) 701. T(T(T3, X), R2) -> T(T3, X)
(42.285713) 702. rdiv(op(X, T2), rdiv(T2, x3)) -> op(X, x3)
(38.285713) 703. op(T(T2, X), x3) -> op(x3, T(T2, X))
(36.428574) 704. T(x3, T(T2, X)) -> x3
(36.428574) 705. K(x3, T(T2, X)) -> zero
(36.428574) 706. K(T(T2, X), x3) -> zero
(38.285713) 707. op(op(X, x3), T2) -> op(op(X, T2), x3)
(35.285713) 708. R(X, x3, T2) -> R(X, T2, x3)
(38.285713) 709. T(T(T2, X), x3) -> T(T2, X)
(41.0) 710. op(x3, T(T2, x6)) -> op(T2, T2)
(42.285713) 711. op(X, rdiv(op(X, Y), X)) = op(T(X, Y), Y)
(42.285713) 712. op(T(R2, X), T3) -> op(T3, T(R2, X))
(40.428574) 713. T(T3, T(R2, X)) -> T3
(40.428574) 714. K(T3, T(R2, X)) -> zero
(40.428574) 715. K(T(R2, X), T3) -> zero
(42.285713) 716. T(T(R2, X), T3) -> T(R2, X)
(42.428574) 717. R(X, Y, ldiv(op(X, Y), Z)) = rdiv(Z, op(Y, ldiv(op(X, Y), Z)))
(42.428574) 718. L(X, Y, rdiv(Z, op(Y, X))) = ldiv(op(rdiv(Z, op(Y, X)), Y), Z)
(28.57143) 719. L(X, Y, K(X, Y)) -> X
(33.0) 720. L(T2, x6, rdiv(x3, T2)) -> T2
(35.0) 721. L(x3, x6, rdiv(T2, x3)) -> x3
(37.0) 722. L(x6, T2, rdiv(x3, T2)) -> x6
(38.0) 723. L(X, T(Y, X), K(X, Y)) -> X
(41.0) 724. L(R2, x6, rdiv(T3, R2)) -> R2
(41.0) 725. L(x6, R2, rdiv(R2, T3)) -> x6
(41.0) 726. L(x6, x3, rdiv(x3, T2)) -> x6
(37.0) 727. ldiv(T(x6, T2), op(x6, x3)) -> T2
(42.428574) 728. op(op(X, a(Y, Z, W)), V) = op(op(X, V), a(Y, Z, W))
(42.428574) 729. op(op(X, a(Y, Z, W)), V) -> op(X, op(V, a(Y, Z, W)))
(42.0) 730. R(X, a(Y, Z, W), rdiv(V, a(Y, Z, W))) -> X
(36.0) 731. R(X, a(Y, Z, W), V) -> X
(42.428574) 732. op(op(X, Y), a(Z, W, V)) -> op(X, op(Y, a(Z, W, V)))
(34.0) 733. R(X, Y, a(Z, W, V)) -> X
(36.714287) 734. L(a(X, Y, Z), W, V) -> a(X, Y, Z)
(42.428574) 735. ldiv(R(X, ldiv(X, zero), Y), Y) -> op(ldiv(X, zero), Y)
(42.428574) 736. rdiv(X, L(Y, rdiv(zero, Y), X)) -> op(X, rdiv(zero, Y))
(42.428574) 737. rdiv(R(X, rdiv(zero, Y), Y), Y) -> op(X, rdiv(zero, Y))
(42.428574) 738. ldiv(X, L(Y, ldiv(X, zero), X)) -> op(ldiv(X, zero), Y)
(40.857143) 739. rdiv(ldiv(X, zero), K(Y, Z)) -> ldiv(X, K(Z, Y))
(42.428574) 740. rdiv(op(X, T(X, Y)), X) -> T(X, Y)
(42.428574) 741. T(ldiv(X, Y), rdiv(Y, X)) -> ldiv(X, Y)
(42.428574) 742. rdiv(X, rdiv(op(Y, X), Y)) -> K(X, Y)
(42.428574) 743. T(rdiv(X, Y), ldiv(Y, X)) -> rdiv(X, Y)
(42.571426) 744. op(ldiv(ldiv(X, Y), Y), T(ldiv(X, Y), X)) -> Y
(42.571426) 745. T(X, rdiv(X, rdiv(T2, x3))) -> L(X, rdiv(x3, T2), X)
(42.571426) 746. T(X, rdiv(X, rdiv(x3, T2))) -> L(X, rdiv(T2, x3), X)
(42.57143) 747. ldiv(op(X, Y), op(X, op(Z, Y))) -> L(T(Z, Y), Y, X)
(32.57143) 748. L(X, K(X, Y), Y) -> X
(34.57143) 749. L(X, K(Y, Z), Y) -> X
(35.0) 750. L(x6, rdiv(T3, R2), R2) -> x6
(37.857143) 751. L(T(X, Y), Y, K(Y, X)) -> T(X, Y)
(30.57143) 752. L(X, Y, K(Y, X)) -> X
(33.0) 753. L(T3, x6, rdiv(R2, T3)) -> T3
(35.0) 754. L(x6, x3, rdiv(T2, x3)) -> x6
(38.285713) 755. L(X, rdiv(R2, T3), x6) -> X
(38.285713) 756. L(X, rdiv(x3, T2), x6) -> X
(38.285713) 757. L(X, rdiv(T3, R2), T3) -> X
(40.0) 758. T(R2, op(T3, x6)) -> L(T3, x6, T3)
(40.285713) 759. L(X, rdiv(T3, R2), R2) -> X
(41.0) 760. L(R2, rdiv(T3, R2), x6) -> R2
(41.0) 761. L(x6, rdiv(R2, T3), R2) -> x6
(41.0) 762. L(x6, rdiv(x3, T2), x3) -> x6
(41.0) 763. L(x6, R2, rdiv(T3, R2)) -> x6
(41.0) 764. L(R2, x6, rdiv(R2, T3)) -> R2
(41.0) 765. L(x3, x6, rdiv(x3, T2)) -> x3
(41.57143) 766. L(T(X, Y), Y, K(Z, W)) -> T(X, rdiv(Y, K(W, Z)))
(39.14286) 767. T(X, rdiv(X, K(Y, Z))) -> L(X, X, K(Z, Y))
(37.14286) 768. L(X, K(Y, Z), X) = L(X, X, K(Y, Z))
(36.57143) 769. L(X, X, K(X, Y)) -> X
(38.571426) 770. L(X, X, rdiv(T2, x3)) = L(X, rdiv(T2, x3), X)
(37.0) 771. L(x3, x3, rdiv(T2, x3)) -> x3
(38.571426) 772. L(X, X, rdiv(x3, T2)) = L(X, rdiv(x3, T2), X)
(37.0) 773. L(T2, T2, rdiv(x3, T2)) -> T2
(40.571426) 774. T(x3, rdiv(x6, K(X, Y))) -> L(T2, x6, K(Y, X))
(39.0) 775. L(T2, x6, rdiv(R2, T3)) -> T2
(39.0) 776. L(T2, x6, rdiv(T2, x3)) -> T2
(40.571426) 777. T(R2, rdiv(x6, K(X, Y))) -> L(T3, x6, K(Y, X))
(39.0) 778. L(T3, x6, rdiv(x3, T2)) -> T(R2, T(x6, T2))
(39.0) 779. L(T3, x6, rdiv(T3, R2)) -> T3
(40.571426) 780. L(X, X, K(rdiv(zero, X), X)) -> X
(40.571426) 781. L(X, X, rdiv(R2, T3)) = L(X, rdiv(R2, T3), X)
(39.0) 782. L(T3, T3, rdiv(R2, T3)) -> T3
(40.57143) 783. L(X, X, K(Y, X)) -> X
(41.0) 784. L(x6, x6, rdiv(R2, T3)) -> x6
(41.0) 785. L(x6, x6, rdiv(x3, T2)) -> x6
(41.0) 786. L(R2, R2, rdiv(T3, R2)) -> R2
(41.0) 787. L(T3, T3, rdiv(T3, R2)) -> T3
(41.0) 788. T(x3, rdiv(x6, rdiv(x3, T2))) -> T2
(41.0) 789. T(R2, rdiv(x6, rdiv(R2, T3))) -> T3
(42.0) 790. L(X, K(X, Y), T(Y, X)) -> X
(42.428574) 791. L(T2, x6, K(x6, X)) -> T2
(46.0) 792. T(rdiv(X, rdiv(X, Y)), ldiv(Y, X)) -> Y
(42.571426) 793. L(X, X, rdiv(T3, R2)) = L(X, rdiv(T3, R2), X)
(42.57143) 794. rdiv(K(X, Y), T(X, Y)) -> rdiv(zero, X)
(42.57143) 795. T(X, ldiv(ldiv(X, Y), Y)) -> X
(42.57143) 796. L(ldiv(X, zero), X, K(Y, Z)) -> ldiv(X, zero)
(42.57143) 797. rdiv(a(X, Y, Z), op(W, a(X, Y, Z))) -> rdiv(zero, W)
(42.57143) 798. T(X, rdiv(op(Y, X), Y)) -> X
(42.57143) 799. T(X, rdiv(K(Y, Z), X)) -> ldiv(ldiv(X, zero), zero)
(42.714287) 800. L(rdiv(X, K(Y, Z)), K(Y, Z), rdiv(X, K(Y, Z))) -> T(rdiv(X, K(Y, Z)), X)
(49.57143) 801. rdiv(X, rdiv(K(X, Y), K(Y, X))) -> rdiv(op(T(Y, X), X), Y)
(42.714287) 802. K(X, ldiv(ldiv(X, Y), Y)) -> zero
(42.714287) 803. K(ldiv(ldiv(X, Y), Y), X) -> zero
(42.714287) 804. K(X, rdiv(op(Y, X), Y)) -> zero
(42.714287) 805. K(rdiv(op(X, Y), X), Y) -> zero
(58.85714) 806. rdiv(X, K(ldiv(Y, zero), rdiv(zero, rdiv(zero, Y)))) -> rdiv(X, K(rdiv(zero, Y), Y))
(42.857143) 807. K(rdiv(X, rdiv(X, Y)), rdiv(X, Y)) -> K(Y, rdiv(X, Y))
(42.857143) 808. op(ldiv(ldiv(X, Y), Y), ldiv(X, Y)) -> op(X, rdiv(Y, X))
(42.857143) 809. op(rdiv(X, Y), rdiv(X, rdiv(X, Y))) -> op(ldiv(Y, X), Y)
(42.857143) 810. rdiv(op(X, Y), rdiv(op(X, Y), X)) -> rdiv(X, K(X, Y))
(42.857143) 811. rdiv(zero, ldiv(X, K(Y, Z))) -> rdiv(X, K(Y, Z))
(43.0) 812. ldiv(op(x3, x4), op(R2, op(x4, x5))) -> x5
(43.0) 813. ldiv(op(T2, x4), op(R3, op(x4, x5))) -> x5
(43.0) 814. ldiv(x3, L(T2, x6, x3)) -> K(x3, op(x6, T2))
(43.0) 815. ldiv(R2, L(T3, x6, R2)) -> K(R2, op(R2, x6))
(43.0) 816. rdiv(L(T2, x6, x3), x3) -> K(x3, op(x6, T2))
(43.0) 817. rdiv(L(T3, x6, R2), R2) -> K(R2, op(R2, x6))
(43.0) 818. rdiv(T(x6, T2), rdiv(x3, T2)) -> x6
(43.0) 819. K(R2, ldiv(T3, op(x6, R2))) -> rdiv(T3, R2)
(43.0) 820. rdiv(op(R2, x6), T(T3, x6)) -> T(x6, R2)
(43.0) 821. rdiv(op(x6, x3), T(x6, T2)) -> x3
(51.0) 822. rdiv(op(x6, T2), rdiv(x6, rdiv(x3, T2))) -> rdiv(x3, rdiv(T2, x3))
(43.0) 823. rdiv(T(T2, x6), rdiv(T2, x3)) -> T2
(41.0) 824. L(T2, T2, rdiv(T2, x3)) -> T2
(43.0) 825. K(rdiv(x6, rdiv(x3, T2)), T2) -> rdiv(x3, T2)
(43.0) 826. op(X, T(ldiv(X, zero), Y)) -> K(ldiv(X, zero), Y)
(43.0) 827. op(rdiv(zero, T(X, Y)), X) -> K(Y, X)
(43.0) 828. T(R(R2, x6, T3), op(R2, x6)) -> T3
(43.0) 829. rdiv(rdiv(T2, x3), op(x6, T2)) -> rdiv(zero, op(x6, x3))
(43.0) 830. rdiv(rdiv(R2, T3), ldiv(T3, zero)) -> R2
(43.0) 831. rdiv(rdiv(x3, T2), ldiv(T2, zero)) -> x3
(43.0) 832. K(ldiv(T2, zero), x3) -> K(rdiv(zero, T2), T2)
(43.0) 833. op(T3, op(R2, T3)) -> op(R2, op(T3, T3))
(40.0) 834. L(T3, T3, R2) -> L(T3, R2, T3)
(43.0) 835. op(x3, op(T2, x3)) -> op(T2, op(x3, x3))
(40.0) 836. L(x3, x3, T2) -> L(x3, T2, x3)
(43.0) 837. rdiv(rdiv(x3, T2), op(x6, T2)) -> rdiv(zero, op(T2, x6))
(43.0) 838. rdiv(rdiv(T3, R2), op(R2, x6)) -> rdiv(zero, op(x6, R2))
(41.0) 839. T(rdiv(zero, x3), T2) -> ldiv(x3, zero)
(41.0) 840. T(rdiv(zero, R2), T3) -> ldiv(R2, zero)
(43.0) 841. K(T3, rdiv(x6, rdiv(R2, T3))) -> rdiv(T3, R2)
(43.0) 842. K(T2, rdiv(x6, rdiv(x3, T2))) -> rdiv(T2, x3)
(38.285713) 843. L(X, rdiv(T2, x3), T2) -> X
(43.0) 844. op(rdiv(x6, rdiv(R2, T3)), T3) -> op(T3, x6)
(43.0) 845. op(rdiv(x6, rdiv(x3, T2)), T2) -> op(T2, x6)
(43.0) 846. op(T(T3, x6), T(x6, R2)) -> op(T3, x6)
(43.0) 847. rdiv(rdiv(x3, T2), op(x6, x3)) -> rdiv(zero, op(x6, T2))
(39.0) 848. L(x6, x6, rdiv(T2, x3)) -> x6
(43.0) 849. L(x6, x6, rdiv(T3, R2)) -> x6
(43.0) 850. L(R2, R2, rdiv(R2, T3)) -> R2
(43.0) 851. L(x3, x3, rdiv(x3, T2)) -> x3
(43.0) 852. K(x6, rdiv(x6, rdiv(x3, T2))) -> zero
(43.0) 853. K(rdiv(x6, rdiv(x3, T2)), x6) -> zero
(43.0) 854. T(x3, L(x6, x6, x6)) -> T2
(43.0) 855. op(R2, T(T3, x6)) -> op(T3, T3)
(43.0) 856. K(T3, ldiv(R2, zero)) -> K(R2, rdiv(zero, R2))
(43.0) 857. T(T3, ldiv(R2, zero)) -> T(T3, rdiv(zero, R2))
(43.0) 858. K(ldiv(R2, zero), T3) -> K(rdiv(zero, R2), R2)
(43.0) 859. T(x3, L(T2, x6, T2)) -> x3
(43.0) 860. K(x3, L(T2, x6, T2)) -> zero
(43.0) 861. K(L(T2, x6, T2), x3) -> zero
(43.0) 862. op(T2, ldiv(x3, zero)) -> rdiv(T2, x3)
(43.0) 863. T(R2, L(T3, T3, T3)) -> R2
(43.0) 864. K(R2, L(T3, T3, T3)) -> zero
(43.0) 865. K(L(T3, T3, T3), R2) -> zero
(43.0) 866. T(x3, L(T2, T2, T2)) -> x3
(43.0) 867. K(x3, L(T2, T2, T2)) -> zero
(43.0) 868. K(L(T2, T2, T2), x3) -> zero
(43.0) 869. rdiv(op(x6, x3), T(T2, x6)) -> ldiv(T2, op(x6, x3))
(43.0) 870. L(T2, rdiv(x6, rdiv(x3, T2)), rdiv(x3, T2)) -> T2
(43.0) 871. L(x3, rdiv(x6, rdiv(x3, T2)), rdiv(x3, T2)) -> x3
(43.0) 872. T(R2, L(T3, x6, T3)) -> R2
(43.0) 873. K(R2, L(T3, x6, T3)) -> zero
(43.0) 874. K(L(T3, x6, T3), R2) -> zero
(43.0) 875. rdiv(op(x3, x3), rdiv(x3, T2)) -> op(T2, x3)
(43.0) 876. T(rdiv(x6, rdiv(x3, T2)), x3) -> x6
(43.0) 877. T(rdiv(x6, rdiv(R2, T3)), R2) -> x6
(43.0) 878. T(rdiv(x6, rdiv(x3, T2)), T2) -> x6
(41.0) 879. L(x6, T2, rdiv(T2, x3)) -> x6
(41.0) 880. L(T2, rdiv(T2, x3), x6) -> T2
(43.0) 881. T(R2, ldiv(T3, op(x6, R2))) -> T3
(43.0) 882. T(rdiv(x6, rdiv(R2, T3)), T3) -> x6
(41.0) 883. L(x6, T3, rdiv(T3, R2)) -> x6
(41.0) 884. L(T3, rdiv(T3, R2), x6) -> T3
(43.142853) 885. rdiv(op(op(X, Y), Z), a(X, Y, Z)) -> op(X, op(Y, Z))
(41.714287) 886. rdiv(op(op(X, Y), Z), K(X, Y)) -> op(op(Y, X), Z)
(38.14286) 887. op(op(X, Y), op(Y, X)) <-> op(op(Y, X), op(X, Y))
(34.714287) 888. K(op(X, Y), op(Y, X)) -> zero
(36.428574) 889. T(op(X, Y), op(Y, X)) -> op(X, Y)
(36.57143) 890. T(X, op(ldiv(Y, X), Y)) -> X
(36.57143) 891. T(X, op(Y, rdiv(X, Y))) -> X
(36.714287) 892. K(X, op(ldiv(Y, X), Y)) -> zero
(36.714287) 893. K(op(ldiv(X, Y), X), Y) -> zero
(36.714287) 894. K(X, op(Y, rdiv(X, Y))) -> zero
(36.714287) 895. K(op(X, rdiv(Y, X)), Y) -> zero
(39.0) 896. K(op(x6, T2), op(x6, x3)) -> zero
(39.0) 897. K(op(x6, x3), op(x6, T2)) -> zero
(39.0) 898. K(op(R2, x6), op(T3, x6)) -> zero
(39.0) 899. K(op(T3, x6), op(R2, x6)) -> zero
(40.14286) 900. op(op(ldiv(X, Y), X), Y) -> op(Y, op(ldiv(X, Y), X))
(40.14286) 901. op(op(X, rdiv(Y, X)), Y) -> op(Y, op(X, rdiv(Y, X)))
(40.285713) 902. T(op(ldiv(X, Y), X), Y) -> op(ldiv(X, Y), X)
(40.285713) 903. T(op(X, rdiv(Y, X)), Y) -> op(X, rdiv(Y, X))
(41.0) 904. T(op(x6, T2), op(x6, x3)) -> op(x6, T2)
(41.0) 905. T(op(x6, x3), op(x6, T2)) -> op(x6, x3)
(41.0) 906. T(op(R2, x6), op(T3, x6)) -> op(R2, x6)
(41.0) 907. T(op(T3, x6), op(R2, x6)) -> op(T3, x6)
(42.428574) 908. L(op(X, Y), K(X, Y), op(X, Y)) -> op(X, Y)
(42.0) 909. L(X, X, K(Y, rdiv(X, Y))) -> X
(42.0) 910. L(X, X, K(rdiv(X, Y), Y)) -> X
(43.0) 911. op(op(x6, x3), op(x6, T2)) -> op(op(x6, T2), op(x6, x3))
(40.0) 912. R(x6, x3, op(x6, T2)) -> R(x6, T2, op(x6, x3))
(43.0) 913. op(op(T3, x6), op(R2, x6)) -> op(op(R2, x6), op(T3, x6))
(40.0) 914. L(x6, T3, op(R2, x6)) -> L(x6, R2, op(T3, x6))
(43.142857) 915. L(rdiv(zero, X), X, rdiv(zero, X)) -> rdiv(zero, rdiv(zero, rdiv(zero, X)))
(43.285713) 916. rdiv(op(X, op(Y, Z)), L(Z, Y, X)) -> op(X, Y)
(42.285713) 917. rdiv(op(R2, X), rdiv(R2, T3)) -> op(T3, X)
(38.285713) 918. op(T3, ldiv(R2, X)) -> rdiv(X, rdiv(R2, T3))
(38.285713) 919. op(T3, op(R2, X)) -> op(R2, op(T3, X))
(35.285713) 920. L(X, T3, R2) -> L(X, R2, T3)
(42.285713) 921. rdiv(op(x3, X), rdiv(x3, T2)) -> op(T2, X)
(38.285713) 922. op(T2, ldiv(x3, X)) -> rdiv(X, rdiv(x3, T2))
(38.285713) 923. op(x3, op(T2, X)) -> op(T2, op(x3, X))
(35.285713) 924. L(X, x3, T2) -> L(X, T2, x3)
(43.285713) 925. ldiv(R(X, Y, Z), op(op(X, Y), Z)) -> op(Y, Z)
(41.57143) 926. op(X, op(Y, a(Z, X, Y))) = ldiv(Z, op(op(Z, X), Y))
(42.285713) 927. ldiv(X, op(T(X, Y), Z)) -> rdiv(Z, K(Y, X))
(43.285713) 928. ldiv(R(rdiv(X, Y), Y, Z), op(X, Z)) -> op(Y, Z)
(40.285713) 929. ldiv(rdiv(T3, X), R2) -> rdiv(X, rdiv(T3, R2))
(40.285713) 930. ldiv(rdiv(T2, X), x3) -> rdiv(X, rdiv(T2, x3))
(42.285713) 931. ldiv(rdiv(X, Y), T(X, Z)) -> rdiv(Y, K(Z, X))
(38.285713) 932. ldiv(rdiv(x3, X), T2) -> rdiv(X, rdiv(x3, T2))
(38.285713) 933. ldiv(rdiv(R2, X), T3) -> rdiv(X, rdiv(R2, T3))
(43.285713) 934. rdiv(op(X, Y), L(ldiv(Z, Y), Z, X)) -> op(X, Z)
(43.285713) 935. R(X, rdiv(zero, R2), T3) -> R(X, rdiv(zero, R2), R2)
(43.285713) 936. R(X, rdiv(zero, x3), x3) -> R(X, rdiv(zero, x3), T2)
(43.285713) 937. L(T(X, T3), R2, T3) -> L(T(X, R2), R2, T3)
(40.0) 938. T(T3, op(R2, T3)) -> L(T3, R2, T3)
(43.0) 939. T(T3, L(T3, R2, T3)) -> T3
(43.0) 940. K(T3, L(T3, R2, T3)) -> zero
(43.0) 941. K(L(T3, R2, T3), T3) -> zero
(43.0) 942. T(R2, L(T3, R2, T3)) -> R2
(43.0) 943. K(R2, L(T3, R2, T3)) -> zero
(43.0) 944. K(L(T3, R2, T3), R2) -> zero
(43.285713) 945. L(T(X, x3), T2, x3) -> L(T(X, T2), T2, x3)
(40.0) 946. T(x3, op(T2, x3)) -> L(x3, T2, x3)
(43.0) 947. T(x3, L(x3, T2, x3)) -> x3
(43.0) 948. K(x3, L(x3, T2, x3)) -> zero
(43.0) 949. K(L(x3, T2, x3), x3) -> zero
(43.285713) 950. ldiv(X, R(X, Y, ldiv(Y, zero))) -> a(X, Y, ldiv(Y, zero))
(37.571426) 951. a(ldiv(X, zero), X, ldiv(X, zero)) -> K(rdiv(zero, X), X)
(39.0) 952. a(X, rdiv(zero, X), X) -> K(X, rdiv(zero, X))
(43.285713) 953. ldiv(X, R(X, rdiv(zero, Y), Y)) -> a(X, rdiv(zero, Y), Y)
(50.85714) 954. rdiv(K(rdiv(zero, X), X), K(X, rdiv(zero, X))) -> op(T(ldiv(X, zero), X), X)
(43.428574) 955. T(X, op(a(Y, Z, W), X)) -> L(X, a(Y, Z, W), X)
(43.571426) 956. op(rdiv(X, rdiv(T2, x3)), Y) -> rdiv(op(X, Y), rdiv(T2, x3))
(43.571426) 957. op(X, rdiv(Y, rdiv(T2, x3))) -> rdiv(op(X, Y), rdiv(T2, x3))
(43.571426) 958. op(rdiv(X, rdiv(x3, T2)), Y) -> rdiv(op(X, Y), rdiv(x3, T2))
(43.571426) 959. op(X, rdiv(Y, rdiv(x3, T2))) -> rdiv(op(X, Y), rdiv(x3, T2))
(42.285713) 960. rdiv(op(X, x3), rdiv(x3, T2)) -> op(X, T2)
(38.285713) 961. op(rdiv(X, x3), T2) -> rdiv(X, rdiv(x3, T2))
(43.285713) 962. R(X, rdiv(zero, T2), x3) -> R(X, rdiv(zero, T2), T2)
(43.57143) 963. R(rdiv(X, K(X, Y)), Y, X) -> rdiv(X, K(X, op(Y, X)))
(43.57143) 964. rdiv(op(X, Y), K(Z, rdiv(X, Z))) -> op(op(ldiv(Z, X), Z), Y)
(43.57143) 965. rdiv(op(X, Y), K(rdiv(X, Z), Z)) -> op(op(Z, rdiv(X, Z)), Y)
(41.857143) 966. rdiv(op(T(X, Y), Y), op(X, Y)) -> K(X, Y)
(43.0) 967. K(x3, rdiv(x6, rdiv(x3, T2))) -> rdiv(T2, x3)
(43.714287) 968. K(op(X, X), R(X, X, X)) -> K(op(X, X), X)
(43.714287) 969. T(rdiv(op(X, Y), X), op(X, Y)) -> L(Y, X, rdiv(op(X, Y), X))
(43.714287) 970. op(rdiv(X, op(Y, Z)), op(Z, Y)) -> rdiv(X, K(Y, Z))
(43.57143) 971. op(R(X, Y, Z), op(Z, Y)) -> op(op(X, Y), T(Z, Y))
(40.285713) 972. op(rdiv(X, Y), T(Y, Z)) -> rdiv(X, K(Z, Y))
(36.285713) 973. op(rdiv(X, R2), T3) -> rdiv(X, rdiv(R2, T3))
(42.14286) 974. op(X, T(ldiv(X, Y), Z)) = rdiv(Y, K(Z, ldiv(X, Y)))
(42.285713) 975. rdiv(op(R2, x6), K(X, T3)) -> op(x6, T(T3, X))
(43.0) 976. op(op(x3, x4), T(x5, x4)) -> op(R2, op(x5, x4))
(37.0) 977. R(x3, x4, T(x5, x4)) -> R2
(43.0) 978. op(op(T2, x4), T(x5, x4)) -> op(R3, op(x5, x4))
(37.0) 979. R(T2, x4, T(x5, x4)) -> R3
(43.714287) 980. L(X, rdiv(zero, X), rdiv(R2, T3)) -> X
(43.714287) 981. rdiv(op(X, R2), K(X, T3)) -> op(R2, X)
(30.285715) 982. K(X, T3) -> K(X, R2)
(30.285715) 983. K(T3, X) -> K(R2, X)
(32.285713) 984. T(X, T3) -> T(X, R2)
(40.285713) 985. op(T3, T(X, R2)) -> op(X, T3)
(40.285713) 986. rdiv(T3, K(X, R2)) -> T(T3, X)
(40.285713) 987. T(T3, T(X, R2)) -> T(T3, X)
(41.714287) 988. L(X, T3, K(X, R2)) -> X
(41.714287) 989. L(X, K(X, R2), T3) -> X
(41.714287) 990. L(X, K(R2, Y), T3) -> X
(41.714287) 991. L(X, T3, K(R2, X)) -> X
(41.857143) 992. L(T3, X, K(X, R2)) -> T3
(41.857143) 993. L(T3, X, K(R2, X)) -> T3
(41.857143) 994. L(T3, K(R2, X), X) -> T3
(42.142857) 995. rdiv(op(T3, X), T3) = rdiv(X, K(X, R2))
(42.285713) 996. K(ldiv(T3, X), R2) -> K(rdiv(X, T3), R2)
(42.285713) 997. rdiv(K(X, R2), T3) -> rdiv(zero, T(T3, X))
(42.285713) 998. op(T(R2, X), x6) -> op(x6, T(T3, X))
(42.285713) 999. K(R2, ldiv(T3, X)) -> K(R2, rdiv(X, T3))
(42.285713) 1000. T(rdiv(X, T3), R2) -> ldiv(T3, X)
(42.285713) 1001. T(T(R2, X), x6) -> T(T3, X)
(42.428574) 1002. L(T3, T3, K(X, R2)) -> T3
(42.428574) 1003. L(T3, T3, K(R2, X)) -> T3
(43.0) 1004. K(R(T3, T3, T3), R2) -> zero
(43.0) 1005. K(R(R2, x6, T3), R2) -> zero
(43.0) 1006. K(R2, R(T3, T3, T3)) -> zero
(43.0) 1007. K(R2, R(R2, x6, T3)) -> zero
(43.714287) 1008. rdiv(op(X, x3), K(X, T2)) -> op(x3, X)
(30.285715) 1009. K(X, x3) -> K(X, T2)
(30.285715) 1010. K(x3, X) -> K(T2, X)
(32.285713) 1011. T(X, x3) -> T(X, T2)
(38.285713) 1012. op(x3, T(X, T2)) -> op(X, x3)
(40.285713) 1013. rdiv(x3, K(X, T2)) -> T(x3, X)
(40.285713) 1014. T(x3, T(X, T2)) -> T(x3, X)
(41.714287) 1015. L(X, x3, K(X, T2)) -> X
(41.714287) 1016. L(X, K(X, T2), x3) -> X
(41.714287) 1017. L(X, K(T2, Y), x3) -> X
(41.714287) 1018. L(X, x3, K(T2, X)) -> X
(41.857143) 1019. L(x3, X, K(X, T2)) -> x3
(41.857143) 1020. L(x3, X, K(T2, X)) -> x3
(41.857143) 1021. L(x3, K(T2, X), X) -> x3
(42.142857) 1022. rdiv(op(x3, X), x3) = rdiv(X, K(X, T2))
(42.285713) 1023. K(ldiv(x3, X), T2) -> K(rdiv(X, x3), T2)
(42.285713) 1024. rdiv(K(X, T2), x3) -> rdiv(zero, T(x3, X))
(42.285713) 1025. K(T2, ldiv(x3, X)) -> K(T2, rdiv(X, x3))
(42.285713) 1026. T(rdiv(X, x3), T2) -> ldiv(x3, X)
(42.428574) 1027. L(x3, x3, K(X, T2)) -> x3
(42.428574) 1028. L(x3, x3, K(T2, X)) -> x3
(43.0) 1029. K(R(x3, x3, x3), T2) -> zero
(43.0) 1030. K(L(x3, x3, x3), T2) -> zero
(43.0) 1031. K(L(T2, x6, x3), T2) -> zero
(43.0) 1032. K(T2, R(x3, x3, x3)) -> zero
(43.0) 1033. K(T2, L(x3, x3, x3)) -> zero
(43.0) 1034. K(T2, L(T2, x6, x3)) -> zero
(43.714287) 1035. op(rdiv(X, K(X, T2)), x3) -> op(x3, X)
(43.714287) 1036. op(op(X, Y), ldiv(op(Y, X), Z)) -> rdiv(Z, K(Y, X))
(43.714287) 1037. op(op(X, Y), T(Z, op(Y, X))) -> op(Z, op(X, Y))
(30.857143) 1038. T(X, op(Y, Z)) <-> T(X, op(Z, Y))
(30.0) 1039. L(T2, x6, x3) -> L(T2, x6, T2)
(34.285713) 1040. T(X, op(x6, x3)) -> T(X, op(T2, x6))
(34.285713) 1041. T(X, op(T3, x6)) -> T(X, op(R2, x6))
(34.857143) 1042. K(op(X, Y), Z) <-> K(op(Y, X), Z)
(36.285713) 1043. K(op(x6, x3), X) -> K(op(T2, x6), X)
(36.285713) 1044. K(op(T3, x6), X) -> K(op(R2, x6), X)
(36.857143) 1045. K(X, op(Y, Z)) <-> K(X, op(Z, Y))
(38.0) 1046. L(T3, x6, T3) -> L(T3, x6, R2)
(38.285713) 1047. K(X, op(x6, x3)) -> K(X, op(T2, x6))
(38.285713) 1048. K(X, op(T3, x6)) -> K(X, op(R2, x6))
(38.428574) 1049. T(X, op(Y, rdiv(Z, Y))) -> T(X, Z)
(40.428574) 1050. K(op(X, rdiv(Y, X)), Z) -> K(Y, Z)
(42.428574) 1051. K(X, op(Y, rdiv(Z, Y))) -> K(X, Z)
(43.0) 1052. T(op(x6, x3), op(T2, x6)) -> op(x6, x3)
(43.714287) 1053. L(T(T3, X), X, R2) -> T(T3, op(X, R2))
(43.714287) 1054. L(T(R2, X), X, T3) -> T(R2, op(X, T3))
(43.714287) 1055. L(T(x3, X), X, T2) -> T(x3, op(X, T2))
(42.0) 1056. T(x3, op(T2, T2)) -> L(x3, T2, T2)
(43.714287) 1057. L(T(T2, X), X, x3) -> T(T2, op(X, x3))
(42.0) 1058. T(T2, op(x3, x3)) -> L(T2, x3, x3)
(43.714287) 1059. ldiv(op(X, Y), op(op(Y, X), Z)) -> rdiv(Z, K(X, Y))
(30.57143) 1060. L(X, Y, K(Z, W)) -> X
(32.57143) 1061. L(X, K(Y, Z), W) -> X
(33.714287) 1062. L(X, Y, rdiv(x3, T2)) -> X
(33.0) 1063. T(R2, T(x6, T2)) -> T3
(33.714287) 1064. L(X, Y, rdiv(T2, x3)) -> X
(35.714287) 1065. L(X, Y, rdiv(R2, T3)) -> X
(35.714287) 1066. L(X, rdiv(R2, T3), Y) -> X
(35.714287) 1067. L(X, rdiv(x3, T2), Y) -> X
(35.714287) 1068. L(X, rdiv(T2, x3), Y) -> X
(37.0) 1069. K(T(x6, T2), R2) -> rdiv(R2, T3)
(37.0) 1070. K(R2, T(x6, T2)) -> rdiv(T3, R2)
(37.714287) 1071. L(X, Y, rdiv(T3, R2)) -> X
(37.714287) 1072. L(X, rdiv(T3, R2), Y) -> X
(38.428574) 1073. T(X, rdiv(Y, K(Z, W))) -> T(X, Y)
(35.0) 1074. T(X, T(Y, Z)) -> T(X, Y)
(35.57143) 1075. T(X, ldiv(Y, zero)) -> T(X, rdiv(zero, Y))
(37.0) 1076. K(T(X, Y), Z) -> K(X, Z)
(37.0) 1077. K(X, T(Y, Z)) -> K(X, Y)
(37.57143) 1078. K(ldiv(X, zero), Y) -> K(rdiv(zero, X), Y)
(37.57143) 1079. K(X, ldiv(Y, zero)) -> K(X, rdiv(zero, Y))
(38.285713) 1080. T(X, R(R2, x6, T3)) -> T(X, R2)
(38.428574) 1081. T(X, R(Y, Y, Y)) -> T(X, Y)
(38.857143) 1082. T(X, ldiv(Y, Z)) -> T(X, rdiv(Z, Y))
(39.0) 1083. op(T(x6, T2), T3) -> op(R2, T(x6, T2))
(40.285713) 1084. K(R(R2, x6, T3), X) -> K(R2, X)
(40.285713) 1085. K(X, R(R2, x6, T3)) -> K(X, R2)
(40.428574) 1086. K(rdiv(X, K(Y, Z)), W) -> K(X, W)
(38.428574) 1087. K(R(X, X, X), Y) -> K(X, Y)
(40.428574) 1088. T(X, rdiv(Y, rdiv(Y, Z))) -> T(X, Z)
(40.428574) 1089. T(X, L(Y, Y, Y)) -> T(X, Y)
(40.428574) 1090. K(X, R(Y, Y, Y)) -> K(X, Y)
(40.714287) 1091. K(X, rdiv(X, K(Y, Z))) -> zero
(40.857143) 1092. K(ldiv(X, Y), Z) -> K(rdiv(Y, X), Z)
(40.857143) 1093. K(X, ldiv(Y, Z)) -> K(X, rdiv(Z, Y))
(41.571426) 1094. T(X, rdiv(Y, rdiv(R2, T3))) -> T(X, Y)
(37.57143) 1095. T(X, op(Y, T3)) -> T(X, op(Y, R2))
(36.0) 1096. L(T3, T3, T3) -> L(T3, R2, T3)
(39.57143) 1097. K(op(X, T3), Y) -> K(op(X, R2), Y)
(39.57143) 1098. K(X, op(Y, T3)) -> K(X, op(Y, R2))
(39.57143) 1099. T(X, op(T3, Y)) = T(X, op(Y, R2))
(38.0) 1100. L(R2, R2, T3) -> L(R2, R2, R2)
(41.571426) 1101. T(X, rdiv(Y, rdiv(x3, T2))) -> T(X, Y)
(37.57143) 1102. T(X, op(Y, x3)) -> T(X, op(Y, T2))
(36.0) 1103. L(x3, x3, x3) -> L(x3, T2, x3)
(38.0) 1104. L(x3, T2, x3) -> L(x3, T2, T2)
(39.57143) 1105. K(op(X, x3), Y) -> K(op(X, T2), Y)
(39.57143) 1106. K(X, op(Y, x3)) -> K(X, op(Y, T2))
(39.57143) 1107. T(X, op(Y, T2)) = T(X, op(x3, Y))
(38.0) 1108. L(T2, T2, x3) -> L(T2, T2, T2)
(40.0) 1109. L(T2, x3, x3) -> L(T2, T2, T2)
(41.571426) 1110. T(X, rdiv(Y, rdiv(T2, x3))) -> T(X, Y)
(41.57143) 1111. K(op(X, R2), Y) = K(op(T3, X), Y)
(41.57143) 1112. K(X, op(Y, R2)) = K(X, op(T3, Y))
(41.57143) 1113. T(X, op(T3, Y)) -> T(X, op(R2, Y))
(41.57143) 1114. K(op(X, T2), Y) = K(op(x3, X), Y)
(41.57143) 1115. K(X, op(Y, T2)) = K(X, op(x3, Y))
(41.57143) 1116. T(X, op(x3, Y)) -> T(X, op(T2, Y))
(41.714287) 1117. T(X, rdiv(op(R2, X), T3)) -> X
(42.0) 1118. T(R(R2, x6, T3), R2) -> R(R2, x6, T3)
(42.0) 1119. T(T3, op(R2, R2)) -> L(T3, R2, T3)
(42.14286) 1120. ldiv(rdiv(X, K(Y, Z)), W) -> ldiv(X, rdiv(W, K(Z, Y)))
(42.285713) 1121. T(rdiv(X, K(Y, Z)), X) -> rdiv(X, K(Y, Z))
(42.285713) 1122. ldiv(x3, rdiv(X, rdiv(T2, x3))) -> ldiv(T2, X)
(42.285713) 1123. ldiv(rdiv(X, rdiv(T2, x3)), x3) -> ldiv(X, T2)
(38.285713) 1124. rdiv(X, rdiv(T2, x3)) = rdiv(x3, ldiv(X, T2))
(38.285713) 1125. ldiv(op(x3, X), x3) -> ldiv(op(T2, X), T2)
(38.285713) 1126. ldiv(op(X, x3), x3) -> ldiv(op(X, T2), T2)
(39.0) 1127. ldiv(op(x6, T2), x3) -> ldiv(op(T2, x6), T2)
(42.285713) 1128. ldiv(T2, rdiv(X, rdiv(x3, T2))) -> ldiv(x3, X)
(39.0) 1129. ldiv(x3, T(x6, T2)) -> ldiv(T2, x6)
(42.285713) 1130. ldiv(rdiv(X, rdiv(x3, T2)), T2) -> ldiv(X, x3)
(38.285713) 1131. rdiv(X, rdiv(x3, T2)) = rdiv(T2, ldiv(X, x3))
(39.0) 1132. ldiv(T(x6, T2), x3) -> ldiv(x6, T2)
(42.285713) 1133. T(X, L(T2, x6, T2)) -> T(X, T2)
(42.285713) 1134. T(X, L(T3, x6, R2)) -> T(X, R2)
(42.428574) 1135. K(X, rdiv(Y, K(Z, W))) -> K(X, Y)
(42.428574) 1136. T(X, rdiv(K(Y, Z), W)) -> T(X, rdiv(zero, W))
(42.428574) 1137. K(L(X, X, X), Y) -> K(X, Y)
(42.428574) 1138. K(X, L(Y, Y, Y)) -> K(X, Y)
(42.428574) 1139. K(rdiv(X, rdiv(X, Y)), Z) -> K(Y, Z)
(42.285713) 1140. K(L(T2, x6, T2), X) -> K(T2, X)
(42.285713) 1141. K(L(T3, x6, R2), X) -> K(R2, X)
(42.428574) 1142. K(X, rdiv(Y, rdiv(Y, Z))) -> K(X, Z)
(42.285713) 1143. K(X, L(T2, x6, T2)) -> K(X, T2)
(42.285713) 1144. K(X, L(T3, x6, R2)) -> K(X, R2)
(43.571426) 1145. T(X, rdiv(Y, rdiv(T3, R2))) -> T(X, Y)
(43.571426) 1146. K(rdiv(X, rdiv(R2, T3)), Y) -> K(X, Y)
(43.571426) 1147. K(rdiv(X, rdiv(x3, T2)), Y) -> K(X, Y)
(43.571426) 1148. K(rdiv(X, rdiv(T2, x3)), Y) -> K(X, Y)
(43.571426) 1149. K(rdiv(X, rdiv(T3, R2)), Y) -> K(X, Y)
(43.571426) 1150. T(X, rdiv(op(R2, Y), T3)) -> T(X, Y)
(39.57143) 1151. T(X, rdiv(Y, T3)) -> T(X, rdiv(Y, R2))
(41.57143) 1152. K(rdiv(X, T3), Y) -> K(rdiv(X, R2), Y)
(41.57143) 1153. K(X, rdiv(Y, T3)) -> K(X, rdiv(Y, R2))
(42.142857) 1154. T(T3, rdiv(X, R2)) = ldiv(ldiv(T3, X), X)
(43.571426) 1155. K(X, rdiv(Y, rdiv(R2, T3))) -> K(X, Y)
(43.571426) 1156. T(X, rdiv(op(x3, Y), T2)) -> T(X, Y)
(39.57143) 1157. T(X, rdiv(Y, x3)) -> T(X, rdiv(Y, T2))
(41.57143) 1158. K(rdiv(X, x3), Y) -> K(rdiv(X, T2), Y)
(41.57143) 1159. K(X, rdiv(Y, x3)) -> K(X, rdiv(Y, T2))
(42.142857) 1160. T(x3, rdiv(X, T2)) = ldiv(ldiv(x3, X), X)
(43.571426) 1161. K(X, rdiv(Y, rdiv(x3, T2))) -> K(X, Y)
(43.571426) 1162. K(X, rdiv(Y, rdiv(T2, x3))) -> K(X, Y)
(43.57143) 1163. K(op(T3, X), Y) -> K(op(R2, X), Y)
(43.57143) 1164. K(X, op(T3, Y)) -> K(X, op(R2, Y))
(43.57143) 1165. K(op(x3, X), Y) -> K(op(T2, X), Y)
(43.57143) 1166. K(X, op(x3, Y)) -> K(X, op(T2, Y))
(43.714287) 1167. ldiv(X, rdiv(op(X, Y), K(Z, W))) -> rdiv(Y, K(Z, W))
(40.14286) 1168. ldiv(X, rdiv(Y, K(Z, W))) -> rdiv(ldiv(X, Y), K(Z, W))
(40.714287) 1169. L(X, rdiv(Y, K(Z, W)), V) -> L(X, Y, V)
(37.14286) 1170. L(X, op(Y, Z), W) <-> L(X, op(Z, Y), W)
(37.857143) 1171. L(X, ldiv(Y, zero), Z) -> L(X, rdiv(zero, Y), Z)
(38.571426) 1172. L(X, op(x6, x3), Y) -> L(X, op(T2, x6), Y)
(39.14286) 1173. L(X, ldiv(Y, Z), W) -> L(X, rdiv(Z, Y), W)
(32.57143) 1174. L(X, x3, Y) -> L(X, T2, Y)
(37.285713) 1175. L(X, T2, x3) -> L(X, T2, T2)
(39.285713) 1176. L(X, T(Y, Z), W) -> L(X, Y, W)
(34.57143) 1177. L(X, T3, Y) -> L(X, R2, Y)
(37.285713) 1178. L(X, R2, T3) -> L(X, R2, R2)
(40.571426) 1179. L(X, op(T3, x6), Y) -> L(X, op(R2, x6), Y)
(40.714287) 1180. L(X, R(Y, Y, Y), Z) -> L(X, Y, Z)
(42.571426) 1181. L(X, R(R2, x6, T3), Y) -> L(X, R2, Y)
(42.714287) 1182. L(X, op(Y, rdiv(Z, Y)), W) -> L(X, Z, W)
(43.0) 1183. L(ldiv(x3, zero), T2, ldiv(x3, zero)) -> rdiv(zero, x3)
(43.571426) 1184. ldiv(X, rdiv(Y, rdiv(x3, T2))) -> rdiv(T2, ldiv(ldiv(X, Y), x3))
(42.285713) 1185. rdiv(T2, ldiv(ldiv(X, x3), x3)) -> ldiv(X, T2)
(37.57143) 1186. K(rdiv(x3, X), X) -> K(rdiv(T2, X), X)
(38.285713) 1187. ldiv(ldiv(X, x3), x3) -> ldiv(ldiv(X, T2), T2)
(38.285713) 1188. ldiv(T(x3, X), T2) -> rdiv(T2, T(x3, X))
(39.57143) 1189. K(X, rdiv(x3, X)) -> K(X, rdiv(T2, X))
(43.571426) 1190. ldiv(X, rdiv(Y, rdiv(T2, x3))) -> rdiv(x3, ldiv(ldiv(X, Y), T2))
(42.285713) 1191. rdiv(x3, ldiv(ldiv(X, T2), T2)) -> ldiv(X, x3)
(38.285713) 1192. ldiv(T(T2, X), x3) -> rdiv(x3, T(T2, X))
(43.714287) 1193. ldiv(rdiv(op(X, Y), Z), op(Y, X)) -> rdiv(Z, K(X, Y))
(41.0) 1194. rdiv(T(x6, R2), rdiv(T3, R2)) -> ldiv(T3, op(x6, R2))
(41.0) 1195. ldiv(op(T3, x6), op(x6, R2)) -> rdiv(R2, T(T3, x6))
(42.285713) 1196. rdiv(T(X, Y), K(Y, X)) -> T(T(X, Y), Y)
(43.0) 1197. ldiv(op(x6, x3), op(T2, x6)) -> rdiv(T2, rdiv(x3, rdiv(T2, x3)))
(43.0) 1198. T(ldiv(T3, op(x6, R2)), x6) -> ldiv(T3, op(x6, R2))
(43.714287) 1199. rdiv(op(X, T3), K(X, R2)) -> op(T3, X)
(40.285713) 1200. op(T3, rdiv(X, T3)) -> op(R2, rdiv(X, R2))
(43.714287) 1201. T(X, op(x6, T(T3, Y))) -> T(X, op(R2, x6))
(43.714287) 1202. T(X, rdiv(x3, ldiv(X, T2))) -> X
(43.714287) 1203. T(X, rdiv(T2, ldiv(X, x3))) -> X
(43.714287) 1204. T(X, rdiv(T(x3, Y), T2)) -> X
(42.285713) 1205. ldiv(T2, T(x3, X)) -> rdiv(T(x3, X), T2)
(43.857143) 1206. rdiv(X, rdiv(X, rdiv(T3, R2))) -> rdiv(T3, R2)
(43.857143) 1207. ldiv(X, rdiv(X, rdiv(T3, R2))) -> rdiv(R2, T3)
(43.857143) 1208. K(X, rdiv(op(T(X, Y), Y), X)) -> K(X, Y)
(41.0) 1209. K(R2, rdiv(op(T3, x6), R2)) -> rdiv(T3, R2)
(41.0) 1210. T(R2, rdiv(op(T3, x6), R2)) -> T3
(42.285713) 1211. rdiv(ldiv(X, rdiv(T3, R2)), rdiv(T3, R2)) -> ldiv(X, zero)
(43.0) 1212. K(rdiv(op(T3, x6), R2), R2) -> rdiv(R2, T3)
(43.0) 1213. op(rdiv(x6, rdiv(R2, T3)), R2) -> op(R2, x6)
(43.857143) 1214. ldiv(op(R2, X), op(T3, X)) -> rdiv(T3, R2)
(43.857143) 1215. ldiv(op(x3, X), op(T2, X)) -> rdiv(T2, x3)
(43.857143) 1216. rdiv(op(X, T3), op(X, R2)) -> rdiv(T3, R2)
(43.857143) 1217. rdiv(op(X, R2), op(X, T3)) -> rdiv(R2, T3)
(43.857143) 1218. rdiv(op(X, T2), op(X, x3)) -> rdiv(T2, x3)
(43.857143) 1219. rdiv(op(X, x3), op(X, T2)) -> rdiv(x3, T2)
(43.857143) 1220. K(X, rdiv(X, rdiv(R2, T3))) -> zero
(43.857143) 1221. K(X, rdiv(X, rdiv(x3, T2))) -> zero
(49.714287) 1222. T(rdiv(X, rdiv(x3, T2)), X) -> rdiv(X, rdiv(x3, T2))
(43.857143) 1223. K(X, rdiv(X, rdiv(T2, x3))) -> zero
(49.714287) 1224. T(rdiv(X, rdiv(T2, x3)), X) -> rdiv(X, rdiv(T2, x3))
(43.857143) 1225. K(X, rdiv(X, rdiv(T3, R2))) -> zero
(43.857143) 1226. L(X, rdiv(Y, rdiv(x3, T2)), Z) -> L(X, Y, Z)
(41.857143) 1227. L(X, op(Y, x3), Z) -> L(X, op(Y, T2), Z)
(43.857143) 1228. L(X, rdiv(Y, rdiv(T2, x3)), Z) -> L(X, Y, Z)
(43.857143) 1229. L(X, rdiv(zero, rdiv(zero, Y)), Z) -> L(X, Y, Z)
(43.857143) 1230. L(X, op(Y, T2), Z) = L(X, op(x3, Y), Z)
(43.0) 1231. ldiv(L(T2, x6, T2), x3) -> K(op(T2, x6), T2)
(43.0) 1232. ldiv(L(T3, x6, R2), R2) -> K(op(R2, x6), R2)
(44.0) 1233. op(ldiv(X, Y), T(X, rdiv(Y, X))) -> Y
(43.0) 1234. op(T(x6, R2), T(T3, x6)) -> op(R2, x6)
(48.0) 1235. op(R2, rdiv(R(R2, x6, T3), R2)) -> R(R2, x6, T3)
(44.0) 1236. rdiv(T3, K(R2, op(R2, x6))) -> R(R2, x6, T3)
(44.0) 1237. rdiv(K(X, rdiv(zero, X)), X) -> rdiv(zero, rdiv(zero, rdiv(zero, X)))
(44.0) 1238. op(L(T2, x6, T2), x3) -> op(x3, L(T2, x6, T2))
(44.0) 1239. op(L(T3, x6, R2), R2) -> op(R2, L(T3, x6, R2))
(44.0) 1240. T(L(T2, x6, T2), T2) -> L(T2, x6, T2)
(44.0) 1241. T(L(T3, x6, R2), R2) -> L(T3, x6, R2)
(44.0) 1242. op(R(T3, T3, T3), R2) -> op(R2, R(T3, T3, T3))
(44.0) 1243. op(R(R2, x6, T3), R2) -> op(R2, R(R2, x6, T3))
(44.0) 1244. op(R(T2, T2, T2), x3) -> op(x3, R(T2, T2, T2))
(44.0) 1245. op(R(x3, x3, x3), T2) -> op(T2, R(x3, x3, x3))
(44.0) 1246. T(T3, op(R2, R2)) -> L(T3, R2, R2)
(44.0) 1247. ldiv(X, K(X, rdiv(K(Y, Z), X))) -> rdiv(zero, X)
(40.428574) 1248. K(X, rdiv(K(Y, Z), X)) -> K(X, rdiv(zero, X))
(42.14286) 1249. rdiv(K(X, Y), K(Z, W)) = rdiv(K(W, Z), K(Y, X))
(42.428574) 1250. K(rdiv(K(X, Y), Z), Z) -> K(rdiv(zero, Z), Z)
(43.14286) 1251. rdiv(K(X, Y), rdiv(K(X, Y), Z)) -> rdiv(zero, rdiv(zero, Z))
(43.571426) 1252. K(X, rdiv(rdiv(R2, T3), X)) -> K(X, rdiv(zero, X))
(43.571426) 1253. K(X, rdiv(rdiv(x3, T2), X)) -> K(X, rdiv(zero, X))
(43.571426) 1254. K(X, rdiv(rdiv(T2, x3), X)) -> K(X, rdiv(zero, X))
(43.571426) 1255. K(X, rdiv(rdiv(T3, R2), X)) -> K(X, rdiv(zero, X))
(44.0) 1256. ldiv(R2, R(R2, x6, T3)) -> rdiv(R(R2, x6, T3), R2)
(44.0) 1257. T(R(T3, T3, T3), R2) -> R(T3, T3, T3)
(44.0) 1258. T(R(x3, x3, x3), T2) -> R(x3, x3, x3)
(44.142857) 1259. L(ldiv(x3, zero), T2, X) = ldiv(op(X, x3), X)
(44.14286) 1260. L(X, rdiv(Y, X), rdiv(Y, rdiv(Y, X))) -> T(rdiv(Y, rdiv(Y, X)), Y)
(44.14286) 1261. rdiv(rdiv(X, K(Y, Z)), W) -> rdiv(X, rdiv(W, K(Z, Y)))
(44.14286) 1262. op(ldiv(X, Y), rdiv(Y, X)) -> op(rdiv(Y, X), ldiv(X, Y))
(44.14286) 1263. op(rdiv(op(X, Y), X), Y) -> op(Y, rdiv(op(X, Y), X))
(44.14286) 1264. rdiv(X, K(Y, op(Z, X))) = ldiv(Z, T(op(Z, X), Y))
(44.14286) 1265. op(X, rdiv(X, rdiv(X, Y))) = op(op(ldiv(Y, X), Y), Y)
(39.0) 1266. op(op(x6, R2), T3) -> op(op(R2, x6), R2)
(43.0) 1267. T(T3, R(R2, x6, R2)) -> T3
(43.0) 1268. K(R2, R(R2, x6, R2)) -> zero
(43.0) 1269. K(R(R2, x6, R2), R2) -> zero
(44.14286) 1270. rdiv(X, K(Y, rdiv(X, Z))) = op(Z, T(ldiv(Z, X), Y))
(42.285713) 1271. op(ldiv(x3, X), x3) -> op(ldiv(T2, X), T2)
(44.14286) 1272. T(X, op(Y, op(Z, W))) <-> T(X, op(Y, op(W, Z)))
(44.285713) 1273. ldiv(rdiv(X, Y), ldiv(Y, X)) -> K(rdiv(X, Y), Y)
(44.285713) 1274. ldiv(X, ldiv(ldiv(X, Y), Y)) -> K(X, rdiv(Y, X))
(44.285713) 1275. rdiv(ldiv(ldiv(X, Y), Y), X) -> K(X, rdiv(Y, X))
(44.285713) 1276. ldiv(X, R(Y, rdiv(zero, X), X)) -> T(op(Y, rdiv(zero, X)), X)
(44.285713) 1277. L(T(X, Y), Y, rdiv(zero, Y)) -> op(rdiv(zero, Y), op(X, Y))
(44.285713) 1278. op(rdiv(zero, X), R(X, X, X)) -> K(op(X, X), X)
(52.285717) 1279. rdiv(rdiv(R2, T3), rdiv(X, rdiv(T3, R2))) -> rdiv(zero, X)
(52.285717) 1280. rdiv(rdiv(x3, T2), rdiv(X, rdiv(T2, x3))) -> rdiv(zero, X)
(52.285717) 1281. rdiv(rdiv(T2, x3), rdiv(X, rdiv(x3, T2))) -> rdiv(zero, X)
(44.285713) 1282. rdiv(rdiv(X, rdiv(T3, R2)), R2) -> rdiv(X, T3)
(39.0) 1283. rdiv(T(x6, R2), R2) -> rdiv(x6, T3)
(40.285713) 1284. rdiv(op(T3, X), T3) -> rdiv(op(R2, X), R2)
(41.0) 1285. ldiv(R2, T(x6, R2)) -> ldiv(T3, x6)
(43.857143) 1286. K(X, op(R2, rdiv(X, T3))) -> zero
(44.285713) 1287. rdiv(rdiv(X, rdiv(T2, x3)), x3) -> rdiv(X, T2)
(40.285713) 1288. rdiv(op(x3, X), x3) -> rdiv(op(T2, X), T2)
(43.0) 1289. rdiv(T(x6, T2), x3) -> rdiv(x6, T2)
(44.285713) 1290. op(rdiv(X, rdiv(T3, R2)), T3) -> op(X, R2)
(40.285713) 1291. rdiv(op(X, R2), T3) -> rdiv(X, rdiv(T3, R2))
(40.285713) 1292. op(op(T3, X), R2) -> op(op(R2, X), T3)
(40.285713) 1293. op(op(X, T3), R2) -> op(op(X, R2), T3)
(37.285713) 1294. R(X, T3, R2) -> R(X, R2, T3)
(40.0) 1295. R(R2, R2, T3) -> R(R2, R2, R2)
(44.285713) 1296. rdiv(rdiv(R2, T3), ldiv(X, zero)) -> rdiv(X, rdiv(T3, R2))
(44.285713) 1297. rdiv(rdiv(x3, T2), ldiv(X, zero)) -> rdiv(X, rdiv(T2, x3))
(44.285713) 1298. rdiv(rdiv(T2, x3), ldiv(X, zero)) -> rdiv(X, rdiv(x3, T2))
(44.285713) 1299. ldiv(rdiv(zero, X), rdiv(T2, x3)) -> rdiv(X, rdiv(x3, T2))
(44.285713) 1300. ldiv(rdiv(zero, X), rdiv(R2, T3)) -> rdiv(X, rdiv(T3, R2))
(44.285713) 1301. ldiv(rdiv(zero, X), rdiv(x3, T2)) -> rdiv(X, rdiv(T2, x3))
(44.285713) 1302. rdiv(zero, rdiv(X, rdiv(R2, T3))) -> rdiv(rdiv(R2, T3), X)
(44.285713) 1303. ldiv(rdiv(rdiv(R2, T3), X), zero) -> rdiv(X, rdiv(R2, T3))
(44.285713) 1304. ldiv(rdiv(rdiv(x3, T2), X), zero) -> rdiv(X, rdiv(x3, T2))
(44.285713) 1305. ldiv(rdiv(rdiv(T2, x3), X), zero) -> rdiv(X, rdiv(T2, x3))
(44.285713) 1306. rdiv(ldiv(X, rdiv(R2, T3)), rdiv(R2, T3)) -> ldiv(X, zero)
(52.285717) 1307. rdiv(T2, ldiv(ldiv(X, rdiv(x3, T2)), x3)) -> ldiv(X, zero)
(52.285717) 1308. rdiv(x3, ldiv(ldiv(X, rdiv(T2, x3)), T2)) -> ldiv(X, zero)
(44.285713) 1309. op(T(X, Y), ldiv(X, Z)) -> rdiv(Z, K(Y, X))
(40.285713) 1310. op(T(x3, X), x6) -> op(x6, T(T2, X))
(40.285713) 1311. T(T(x3, X), x6) -> T(T2, X)
(44.285713) 1312. op(T(X, Y), op(Y, X)) -> op(X, op(X, Y))
(44.285713) 1313. rdiv(op(X, R2), rdiv(R2, T3)) -> op(X, T3)
(44.285713) 1314. rdiv(x3, ldiv(rdiv(zero, X), T2)) -> rdiv(rdiv(x3, T2), X)
(44.285713) 1315. rdiv(T2, ldiv(rdiv(zero, X), x3)) -> rdiv(rdiv(T2, x3), X)
(44.285713) 1316. rdiv(T2, ldiv(ldiv(X, zero), x3)) -> ldiv(X, rdiv(T2, x3))
(44.285713) 1317. rdiv(ldiv(X, zero), rdiv(R2, T3)) -> ldiv(X, rdiv(T3, R2))
(44.285713) 1318. rdiv(x3, ldiv(ldiv(X, zero), T2)) -> ldiv(X, rdiv(x3, T2))
(44.285713) 1319. ldiv(T(X, Y), op(X, Z)) -> rdiv(Z, K(X, Y))
(40.285713) 1320. ldiv(T(T3, X), R2) -> rdiv(R2, T(T3, X))
(42.285713) 1321. ldiv(T(R2, X), T3) -> rdiv(T3, T(R2, X))
(44.285713) 1322. rdiv(ldiv(X, Y), K(X, Z)) -> ldiv(T(X, Z), Y)
(39.428574) 1323. ldiv(X, K(Y, X)) = ldiv(T(X, Y), zero)
(44.285713) 1324. op(op(X, Y), T(Y, X)) -> op(op(Y, X), Y)
(40.714287) 1325. K(X, R(X, Y, X)) -> zero
(40.714287) 1326. K(R(X, Y, X), X) -> zero
(42.57143) 1327. T(X, R(X, Y, X)) -> X
(44.285713) 1328. rdiv(op(x6, X), rdiv(T3, R2)) -> op(T(x6, R2), X)
(44.285713) 1329. ldiv(rdiv(T(X, Y), Z), X) -> rdiv(Z, K(X, Y))
(44.285713) 1330. rdiv(ldiv(X, Y), K(Z, Y)) -> ldiv(X, T(Y, Z))
(38.857143) 1331. ldiv(T(X, Y), Y) = ldiv(X, T(Y, X))
(44.142857) 1332. ldiv(X, T(T3, X)) = ldiv(T(X, R2), T3)
(44.142857) 1333. ldiv(X, T(x3, X)) = ldiv(T(X, T2), x3)
(44.285713) 1334. op(T(T3, X), T(x6, R2)) -> op(x6, T(T3, X))
(44.285713) 1335. rdiv(rdiv(X, rdiv(R2, T3)), T3) -> rdiv(X, R2)
(44.285713) 1336. T(X, op(x5, op(x4, x3))) -> T(X, op(R2, op(x4, x5)))
(44.285713) 1337. T(X, op(x5, op(T2, x4))) -> T(X, op(R3, op(x4, x5)))
(44.285713) 1338. T(X, op(T2, rdiv(zero, x3))) -> X
(44.285713) 1339. ldiv(R2, rdiv(X, rdiv(T3, R2))) -> ldiv(T3, X)
(44.285713) 1340. ldiv(rdiv(X, rdiv(T3, R2)), R2) -> ldiv(X, T3)
(40.285713) 1341. rdiv(X, rdiv(T3, R2)) = rdiv(R2, ldiv(X, T3))
(40.285713) 1342. ldiv(op(T3, X), T3) -> ldiv(op(R2, X), R2)
(40.285713) 1343. ldiv(op(X, T3), T3) -> ldiv(op(X, R2), R2)
(41.0) 1344. ldiv(op(x6, R2), R2) -> ldiv(op(R2, x6), T3)
(41.0) 1345. rdiv(R2, ldiv(x6, T3)) -> T(x6, R2)
(44.285713) 1346. T(X, op(Y, T(Z, W))) -> T(X, op(Y, Z))
(44.285713) 1347. T(X, L(T3, R2, R2)) -> T(X, R2)
(44.285713) 1348. T(X, L(x3, T2, T2)) -> T(X, T2)
(44.285713) 1349. K(L(T3, R2, R2), X) -> K(R2, X)
(44.285713) 1350. K(L(x3, T2, T2), X) -> K(T2, X)
(44.285713) 1351. K(X, L(T3, R2, R2)) -> K(X, R2)
(44.285713) 1352. K(X, L(x3, T2, T2)) -> K(X, T2)
(44.285713) 1353. K(op(X, T(Y, Z)), W) -> K(op(X, Y), W)
(44.285713) 1354. op(ldiv(T3, X), T3) -> op(ldiv(R2, X), R2)
(44.285713) 1355. op(x3, rdiv(X, x3)) -> op(T2, rdiv(X, T2))
(44.285713) 1356. ldiv(R2, op(x6, T(T3, X))) -> rdiv(x6, K(X, R2))
(41.857143) 1357. rdiv(T(T3, X), K(R2, X)) -> T3
(43.714287) 1358. T(X, rdiv(T(T3, Y), R2)) -> X
(42.285713) 1359. ldiv(R2, T(T3, X)) -> rdiv(T(T3, X), R2)
(43.857143) 1360. K(rdiv(T(T3, X), R2), Y) -> zero
(43.857143) 1361. K(X, rdiv(T(T3, Y), R2)) -> zero
(44.285713) 1362. L(ldiv(X, K(Y, Z)), X, ldiv(X, K(Y, Z))) -> rdiv(K(Y, Z), X)
(44.285713) 1363. rdiv(T2, ldiv(ldiv(T2, X), x3)) -> ldiv(x3, X)
(40.285713) 1364. ldiv(ldiv(x3, X), T2) -> ldiv(ldiv(T2, X), x3)
(43.0) 1365. ldiv(rdiv(zero, x3), T2) -> ldiv(rdiv(zero, T2), x3)
(44.285713) 1366. rdiv(zero, rdiv(X, rdiv(T3, R2))) -> rdiv(rdiv(T3, R2), X)
(44.285713) 1367. ldiv(rdiv(rdiv(T3, R2), X), zero) -> rdiv(X, rdiv(T3, R2))
(44.285713) 1368. op(X, T(T(Y, X), Z)) -> op(T(Y, Z), X)
(38.857143) 1369. T(T(X, Y), Z) <-> T(T(X, Z), Y)
(44.285713) 1370. rdiv(rdiv(rdiv(R2, T3), X), rdiv(R2, T3)) -> rdiv(zero, X)
(52.285717) 1371. rdiv(T2, ldiv(rdiv(rdiv(x3, T2), X), x3)) -> rdiv(zero, X)
(52.285717) 1372. rdiv(x3, ldiv(rdiv(rdiv(T2, x3), X), T2)) -> rdiv(zero, X)
(52.285717) 1373. rdiv(R2, ldiv(rdiv(rdiv(T3, R2), X), T3)) -> rdiv(zero, X)
(44.428574) 1374. ldiv(op(X, Y), op(op(Z, X), Y)) -> T(R(Z, X, Y), op(X, Y))
(35.857143) 1375. R(X, Y, ldiv(Y, zero)) -> R(X, Y, rdiv(zero, Y))
(39.857143) 1376. T(R(X, Y, X), op(X, Y)) -> T(X, Y)
(36.0) 1377. L(X, a(Y, Z, W), X) -> X
(42.0) 1378. T(X, op(X, a(Y, Z, W))) -> X
(40.428574) 1379. T(X, R(Y, Z, Y)) -> T(X, Y)
(41.0) 1380. T(x6, rdiv(op(T3, x6), R2)) -> x6
(41.285713) 1381. T(R(X, Y, X), X) -> R(X, Y, X)
(41.857143) 1382. T(R(X, Y, X), op(Y, X)) -> T(X, Y)
(42.428574) 1383. T(R(rdiv(X, Y), Y, rdiv(X, Y)), X) -> ldiv(Y, X)
(42.428574) 1384. K(R(X, Y, X), Z) -> K(X, Z)
(42.428574) 1385. K(X, R(Y, Z, Y)) -> K(X, Y)
(43.0) 1386. T(R(x3, x6, x3), op(T2, x6)) -> T2
(41.0) 1387. ldiv(T2, R(x3, x6, x3)) -> K(op(T2, x6), T2)
(41.0) 1388. rdiv(R(x3, x6, x3), T2) -> K(op(T2, x6), T2)
(42.0) 1389. T(R(x3, x6, x3), T2) -> R(x3, x6, x3)
(43.0) 1390. R(R2, ldiv(T3, zero), R2) -> ldiv(ldiv(R2, zero), zero)
(43.0) 1391. R(x3, ldiv(T2, zero), x3) -> ldiv(ldiv(x3, zero), zero)
(43.0) 1392. R(rdiv(zero, x3), T2, rdiv(zero, x3)) -> ldiv(x3, zero)
(43.0) 1393. R(rdiv(zero, R2), T3, rdiv(zero, R2)) -> ldiv(R2, zero)
(43.0) 1394. K(rdiv(op(T3, x6), R2), x6) -> zero
(43.0) 1395. K(x6, rdiv(op(T3, x6), R2)) -> zero
(43.0) 1396. R(ldiv(T3, zero), R2, ldiv(T3, zero)) -> T(ldiv(T3, zero), R2)
(43.0) 1397. R(ldiv(T2, zero), x3, ldiv(T2, zero)) -> T(ldiv(T2, zero), T2)
(43.0) 1398. R(rdiv(zero, T2), x3, rdiv(zero, T2)) -> ldiv(T2, zero)
(43.0) 1399. ldiv(R(x3, x6, x3), T2) -> K(T2, op(T2, x6))
(43.0) 1400. rdiv(T2, R(x3, x6, x3)) -> K(T2, op(T2, x6))
(43.714287) 1401. rdiv(T(op(X, Y), Z), K(X, Y)) -> T(op(Y, X), Z)
(43.714287) 1402. T(R(X, ldiv(X, Y), X), Y) -> ldiv(ldiv(X, Y), Y)
(43.714287) 1403. T(op(x3, X), op(X, T2)) -> op(x3, X)
(43.714287) 1404. T(op(X, x3), op(X, T2)) -> op(X, x3)
(43.714287) 1405. T(op(T3, X), op(X, R2)) -> op(T3, X)
(44.0) 1406. op(R(x3, x6, x3), T2) -> op(T2, R(x3, x6, x3))
(44.14286) 1407. K(op(X, a(Y, Z, W)), X) -> zero
(44.14286) 1408. K(X, op(X, a(Y, Z, W))) -> zero
(44.285713) 1409. rdiv(T(X, Y), K(Z, X)) -> T(T(X, Y), Z)
(44.285713) 1410. T(X, R(T2, T2, x3)) -> T(X, T2)
(44.285713) 1411. T(ldiv(ldiv(X, Y), Y), X) -> ldiv(ldiv(X, Y), Y)
(44.428574) 1412. R(rdiv(X, Y), Y, T(Z, X)) = rdiv(op(Z, X), op(Y, T(Z, X)))
  (simplifying rules with respect to one another...)
  (delete rule 8)
(19.285715) 1413. K(X, K(Y, Z)) -> zero
  (delete rule 9)
(19.285715) 1414. K(K(X, Y), Z) -> zero
  (delete rule 14)
(22.714287) 1415. K(X, a(Y, Z, W)) -> zero
  (delete rule 15)
(22.714287) 1416. K(a(X, Y, Z), W) -> zero
  (delete rule 16)
(22.714287) 1417. a(X, Y, K(Z, W)) -> zero
  (delete rule 17)
(22.714287) 1418. a(X, K(Y, Z), W) -> zero
  (delete rule 18)
(22.714287) 1419. a(K(X, Y), Z, W) -> zero
  (delete rule 19)
(26.142859) 1420. a(X, Y, a(Z, W, V)) -> zero
  (delete rule 20)
(26.142859) 1421. a(X, a(Y, Z, W), V) -> zero
  (delete rule 21)
(26.142859) 1422. a(a(X, Y, Z), W, V) -> zero
  (delete rule 22)
  (delete rule 25)
(41.142853) 1423. op(X, op(Y, op(Z, a(X, Y, Z)))) -> op(op(X, Y), Z)
  (delete rule 31)
  (delete rule 32)
  (delete rule 39)
  (delete rule 40)
  (delete rule 41)
  (delete rule 44)
  (delete rule 59)
  (delete rule 62)
  (delete rule 64)
  (delete rule 74)
  (delete rule 75)
(27.57143) 1424. op(ldiv(X, zero), X) -> K(rdiv(zero, X), X)
  (delete rule 77)
  (delete rule 78)
  (delete rule 79)
  (delete rule 80)
  (delete rule 82)
  (delete rule 83)
  (delete rule 84)
  (delete rule 89)
  (delete rule 92)
  (delete rule 93)
  (delete rule 94)
(41.142857) 1425. ldiv(ldiv(X, zero), K(rdiv(zero, X), X)) -> X
  (delete rule 95)
(32.428574) 1426. ldiv(T(X, Y), op(X, Y)) -> T(Y, X)
  (delete rule 96)
  (delete rule 98)
(34.285713) 1427. ldiv(X, op(ldiv(Y, X), Y)) -> K(rdiv(X, Y), Y)
  (delete rule 99)
(34.285713) 1428. ldiv(op(ldiv(X, Y), X), Y) -> K(X, rdiv(Y, X))
  (delete rule 102)
  (delete rule 103)
  (delete rule 107)
  (delete rule 108)
  (delete rule 109)
  (delete rule 114)
  (delete rule 115)
(36.285713) 1429. rdiv(op(ldiv(X, Y), X), Y) -> K(rdiv(Y, X), X)
  (delete rule 117)
(36.285713) 1430. rdiv(X, op(ldiv(Y, X), Y)) -> K(Y, rdiv(X, Y))
  (delete rule 119)
  (delete rule 120)
  (delete rule 121)
(25.0) 1431. K(x6, T2) -> rdiv(x3, T2)
  (delete rule 122)
  (delete rule 124)
  (delete rule 126)
  (delete rule 127)
  (delete rule 130)
  (delete rule 131)
  (delete rule 135)
  (delete rule 136)
  (delete rule 137)
  (delete rule 145)
  (delete rule 148)
  (delete rule 150)
  (delete rule 151)
  (delete rule 152)
  (delete rule 155)
  (delete rule 156)
  (delete rule 157)
  (delete rule 158)
  (delete rule 159)
  (delete rule 160)
  (delete rule 161)
  (delete rule 162)
  (delete rule 163)
  (delete rule 164)
  (delete rule 165)
  (delete rule 166)
  (delete rule 167)
  (delete rule 168)
  (delete rule 172)
  (delete rule 173)
  (delete rule 174)
  (delete rule 175)
  (delete rule 176)
  (delete rule 178)
  (delete rule 181)
  (delete rule 183)
  (delete rule 184)
  (delete rule 185)
  (delete rule 187)
  (delete rule 190)
  (delete rule 191)
  (delete rule 194)
  (delete rule 198)
  (delete rule 199)
  (delete rule 200)
  (delete rule 202)
  (delete rule 203)
  (delete rule 206)
  (delete rule 207)
  (delete rule 210)
  (delete rule 211)
  (delete rule 213)
  (delete rule 214)
  (delete rule 215)
  (delete rule 216)
  (delete rule 217)
  (delete rule 220)
  (delete rule 221)
  (delete rule 223)
  (delete rule 224)
  (delete rule 228)
  (delete rule 229)
  (delete rule 230)
  (delete rule 233)
  (delete rule 236)
  (delete rule 239)
  (delete rule 241)
  (delete rule 242)
  (delete rule 244)
  (delete rule 246)
  (delete rule 251)
  (delete rule 252)
  (delete rule 253)
  (delete rule 255)
  (delete rule 257)
  (delete rule 259)
  (delete rule 260)
  (delete rule 261)
  (delete rule 262)
  (delete rule 263)
  (delete rule 264)
  (delete rule 265)
  (delete rule 266)
  (delete rule 270)
  (delete rule 273)
  (delete rule 274)
  (delete rule 275)
  (delete rule 279)
  (delete rule 280)
  (delete rule 281)
  (delete rule 282)
  (delete rule 283)
  (delete rule 284)
  (delete rule 285)
  (delete rule 286)
  (delete rule 287)
  (delete rule 288)
  (delete rule 289)
(45.857143) 1432. rdiv(ldiv(X, Y), K(rdiv(Y, X), X)) -> rdiv(Y, X)
  (delete rule 290)
  (delete rule 291)
  (delete rule 292)
  (delete rule 293)
  (delete rule 294)
  (delete rule 295)
  (delete rule 299)
  (delete rule 301)
  (delete rule 302)
  (delete rule 303)
  (delete rule 304)
  (delete rule 306)
  (delete rule 308)
  (delete rule 309)
  (delete rule 311)
  (delete rule 315)
  (delete rule 316)
  (delete rule 317)
  (delete rule 318)
  (delete rule 320)
  (delete rule 322)
  (delete rule 323)
(39.0) 1433. ldiv(T3, R(R2, x6, T3)) -> K(op(R2, x6), R2)
  (delete rule 324)
(39.0) 1434. rdiv(R(R2, x6, T3), T3) -> K(op(R2, x6), R2)
  (delete rule 326)
(39.285713) 1435. ldiv(op(R2, x6), op(x6, X)) -> L(ldiv(T3, X), R2, x6)
  (delete rule 327)
  (delete rule 328)
  (delete rule 329)
  (delete rule 330)
  (delete rule 337)
(37.857143) 1436. op(op(X, Y), ldiv(Y, zero)) -> R(X, Y, rdiv(zero, Y))
  (delete rule 339)
(43.0) 1437. R(ldiv(X, zero), X, rdiv(zero, X)) -> T(ldiv(X, zero), X)
  (delete rule 342)
(39.57143) 1438. op(X, L(Y, rdiv(X, Z), Z)) -> op(Z, op(ldiv(Z, X), Y))
  (delete rule 343)
(37.857143) 1439. op(X, op(ldiv(X, zero), Y)) -> L(Y, rdiv(zero, X), X)
  (delete rule 346)
  (delete rule 347)
  (delete rule 349)
  (delete rule 351)
  (delete rule 352)
  (delete rule 353)
  (delete rule 355)
  (delete rule 358)
  (delete rule 366)
  (delete rule 367)
  (delete rule 368)
  (delete rule 370)
  (delete rule 371)
  (delete rule 372)
  (delete rule 373)
  (delete rule 375)
  (delete rule 376)
  (delete rule 377)
  (delete rule 378)
  (delete rule 379)
  (delete rule 385)
  (delete rule 386)
  (delete rule 389)
  (delete rule 390)
  (delete rule 403)
  (delete rule 404)
  (delete rule 406)
  (delete rule 408)
  (delete rule 409)
  (delete rule 410)
  (delete rule 411)
(36.285713) 1440. op(X, rdiv(R2, T3)) -> rdiv(X, rdiv(T3, R2))
  (delete rule 414)
(38.285713) 1441. op(rdiv(R2, T3), X) -> rdiv(X, rdiv(T3, R2))
  (delete rule 415)
  (delete rule 416)
  (delete rule 417)
  (delete rule 418)
  (delete rule 419)
  (delete rule 420)
  (delete rule 422)
  (delete rule 424)
  (delete rule 425)
  (delete rule 426)
  (delete rule 427)
(36.285713) 1442. op(X, rdiv(x3, T2)) -> rdiv(X, rdiv(T2, x3))
  (delete rule 429)
  (delete rule 431)
(38.285713) 1443. op(rdiv(x3, T2), X) -> rdiv(X, rdiv(T2, x3))
  (delete rule 432)
  (delete rule 433)
  (delete rule 434)
  (delete rule 435)
  (delete rule 436)
  (delete rule 437)
  (delete rule 439)
(36.285713) 1444. op(rdiv(X, T3), R2) -> rdiv(X, rdiv(T3, R2))
  (delete rule 440)
  (delete rule 442)
(36.285713) 1445. op(rdiv(X, T2), x3) -> rdiv(X, rdiv(T2, x3))
  (delete rule 449)
  (delete rule 450)
  (delete rule 451)
  (delete rule 452)
  (delete rule 453)
  (delete rule 454)
  (delete rule 455)
  (delete rule 456)
  (delete rule 457)
  (delete rule 459)
  (delete rule 461)
  (delete rule 462)
  (delete rule 464)
  (delete rule 470)
(36.428574) 1446. rdiv(rdiv(X, K(Y, Z)), X) -> K(Z, Y)
  (delete rule 479)
(40.57143) 1447. ldiv(X, op(Y, op(ldiv(Y, X), Z))) -> L(Z, rdiv(X, Y), Y)
  (delete rule 483)
  (delete rule 484)
  (delete rule 487)
  (delete rule 488)
  (delete rule 490)
(44.428574) 1448. T(rdiv(X, K(X, Y)), op(X, Y)) -> L(X, Y, rdiv(X, K(X, Y)))
  (delete rule 491)
  (delete rule 492)
  (delete rule 494)
  (delete rule 495)
  (delete rule 497)
  (delete rule 498)
(47.57143) 1449. T(ldiv(ldiv(X, Y), Y), rdiv(Y, X)) -> ldiv(T(ldiv(X, Y), X), Y)
  (delete rule 501)
  (delete rule 502)
  (delete rule 507)
  (delete rule 508)
  (delete rule 509)
  (delete rule 511)
  (delete rule 512)
  (delete rule 513)
  (delete rule 514)
(48.428574) 1450. rdiv(R(X, Y, rdiv(zero, Y)), ldiv(Y, zero)) -> op(X, Y)
  (delete rule 518)
  (delete rule 519)
  (delete rule 520)
  (delete rule 523)
  (delete rule 527)
  (delete rule 528)
  (delete rule 529)
  (delete rule 530)
  (delete rule 531)
  (delete rule 532)
  (delete rule 533)
  (delete rule 536)
  (delete rule 541)
  (delete rule 542)
  (delete rule 543)
  (delete rule 544)
  (delete rule 545)
  (delete rule 546)
  (delete rule 547)
  (delete rule 548)
  (delete rule 551)
  (delete rule 552)
  (delete rule 553)
  (delete rule 557)
  (delete rule 558)
(41.0) 1451. rdiv(R2, ldiv(op(R2, x6), T3)) -> op(x6, R2)
  (delete rule 559)
  (delete rule 564)
  (delete rule 565)
  (delete rule 566)
  (delete rule 567)
  (delete rule 573)
  (delete rule 575)
  (delete rule 578)
  (delete rule 580)
  (delete rule 581)
  (delete rule 582)
(41.0) 1452. ldiv(R(R2, x6, T3), T3) -> K(R2, op(R2, x6))
  (delete rule 583)
(41.0) 1453. rdiv(T3, R(R2, x6, T3)) -> K(R2, op(R2, x6))
  (delete rule 584)
(41.0) 1454. op(x6, R(R2, x6, T3)) -> T(op(R2, x6), R2)
  (delete rule 585)
(42.0) 1455. op(op(x6, T2), ldiv(x6, zero)) -> R(x3, x6, rdiv(zero, x6))
  (delete rule 586)
(42.0) 1456. op(op(R2, x6), ldiv(T3, zero)) -> R(x6, T3, rdiv(zero, T3))
  (delete rule 587)
(42.0) 1457. op(rdiv(zero, x3), op(x6, T2)) -> L(x6, T2, rdiv(zero, x3))
  (delete rule 589)
  (delete rule 590)
  (delete rule 591)
  (delete rule 592)
  (delete rule 608)
  (delete rule 613)
  (delete rule 614)
  (delete rule 616)
  (delete rule 617)
  (delete rule 618)
  (delete rule 619)
  (delete rule 620)
  (delete rule 621)
  (delete rule 622)
  (delete rule 627)
  (delete rule 628)
  (delete rule 629)
  (delete rule 630)
  (delete rule 631)
  (delete rule 635)
(42.285713) 1458. op(op(R2, x6), L(X, R2, x6)) -> op(x6, op(T3, X))
  (delete rule 636)
(50.285717) 1459. rdiv(R2, ldiv(rdiv(X, rdiv(R2, T3)), T3)) -> X
  (delete rule 637)
  (delete rule 639)
  (delete rule 643)
  (delete rule 644)
  (delete rule 645)
  (delete rule 646)
  (delete rule 647)
  (delete rule 648)
  (delete rule 649)
  (delete rule 650)
  (delete rule 654)
  (delete rule 657)
  (delete rule 658)
  (delete rule 659)
  (delete rule 660)
  (delete rule 661)
  (delete rule 663)
  (delete rule 664)
  (delete rule 666)
  (delete rule 668)
(42.285713) 1460. rdiv(x3, ldiv(op(T2, X), T2)) -> op(x3, X)
  (delete rule 669)
  (delete rule 671)
  (delete rule 672)
  (delete rule 675)
  (delete rule 676)
  (delete rule 678)
  (delete rule 680)
  (delete rule 681)
  (delete rule 682)
  (delete rule 684)
  (delete rule 685)
  (delete rule 686)
  (delete rule 687)
  (delete rule 688)
  (delete rule 689)
  (delete rule 696)
  (delete rule 698)
  (delete rule 699)
  (delete rule 700)
  (delete rule 702)
(42.285713) 1461. rdiv(x3, ldiv(op(X, T2), T2)) -> op(X, x3)
  (delete rule 704)
  (delete rule 705)
  (delete rule 706)
  (delete rule 709)
  (delete rule 713)
  (delete rule 714)
  (delete rule 715)
  (delete rule 716)
  (delete rule 719)
  (delete rule 720)
  (delete rule 721)
  (delete rule 722)
  (delete rule 723)
  (delete rule 724)
  (delete rule 725)
  (delete rule 726)
  (delete rule 727)
  (delete rule 728)
  (delete rule 730)
  (delete rule 738)
(42.428574) 1462. ldiv(X, L(Y, rdiv(zero, X), X)) -> op(ldiv(X, zero), Y)
  (delete rule 743)
  (delete rule 745)
(37.714287) 1463. T(X, rdiv(X, rdiv(T2, x3))) -> X
  (delete rule 746)
(37.714287) 1464. T(X, rdiv(X, rdiv(x3, T2))) -> X
  (delete rule 748)
  (delete rule 749)
  (delete rule 750)
  (delete rule 751)
  (delete rule 752)
  (delete rule 753)
  (delete rule 754)
  (delete rule 755)
  (delete rule 756)
  (delete rule 757)
  (delete rule 758)
  (delete rule 759)
  (delete rule 760)
  (delete rule 761)
  (delete rule 762)
  (delete rule 763)
  (delete rule 764)
  (delete rule 765)
  (delete rule 766)
  (delete rule 767)
(34.57143) 1465. T(X, rdiv(X, K(Y, Z))) -> X
  (delete rule 768)
  (delete rule 769)
  (delete rule 770)
  (delete rule 771)
  (delete rule 772)
  (delete rule 773)
  (delete rule 774)
  (delete rule 775)
  (delete rule 776)
  (delete rule 777)
  (delete rule 778)
  (delete rule 779)
  (delete rule 780)
  (delete rule 781)
  (delete rule 782)
  (delete rule 783)
  (delete rule 784)
  (delete rule 785)
  (delete rule 786)
  (delete rule 787)
  (delete rule 788)
  (delete rule 789)
  (delete rule 790)
  (delete rule 791)
  (delete rule 792)
  (delete rule 793)
  (delete rule 795)
  (delete rule 796)
  (delete rule 800)
  (delete rule 802)
  (delete rule 803)
  (delete rule 806)
  (delete rule 807)
  (delete rule 814)
(43.0) 1466. ldiv(x3, L(T2, x6, T2)) -> K(T2, op(T2, x6))
  (delete rule 816)
(43.0) 1467. rdiv(L(T2, x6, T2), x3) -> K(T2, op(T2, x6))
  (delete rule 818)
  (delete rule 819)
  (delete rule 822)
(51.0) 1468. rdiv(op(x6, T2), rdiv(T2, ldiv(x6, x3))) -> rdiv(x3, rdiv(T2, x3))
  (delete rule 823)
  (delete rule 824)
  (delete rule 825)
  (delete rule 826)
  (delete rule 830)
  (delete rule 831)
  (delete rule 832)
  (delete rule 833)
  (delete rule 834)
  (delete rule 835)
  (delete rule 836)
  (delete rule 839)
  (delete rule 840)
  (delete rule 841)
  (delete rule 842)
  (delete rule 843)
  (delete rule 845)
  (delete rule 846)
  (delete rule 848)
  (delete rule 849)
  (delete rule 850)
  (delete rule 851)
  (delete rule 852)
  (delete rule 853)
  (delete rule 854)
  (delete rule 856)
  (delete rule 857)
  (delete rule 858)
  (delete rule 859)
  (delete rule 860)
  (delete rule 861)
  (delete rule 862)
  (delete rule 863)
  (delete rule 864)
  (delete rule 865)
  (delete rule 866)
  (delete rule 867)
  (delete rule 868)
  (delete rule 870)
  (delete rule 871)
  (delete rule 872)
  (delete rule 873)
  (delete rule 874)
  (delete rule 875)
  (delete rule 876)
  (delete rule 878)
(43.0) 1469. T(rdiv(T2, ldiv(x6, x3)), T2) -> x6
  (delete rule 879)
  (delete rule 880)
  (delete rule 881)
  (delete rule 882)
  (delete rule 883)
  (delete rule 884)
  (delete rule 888)
  (delete rule 889)
  (delete rule 890)
  (delete rule 892)
  (delete rule 893)
  (delete rule 896)
  (delete rule 897)
  (delete rule 898)
  (delete rule 899)
  (delete rule 904)
  (delete rule 905)
  (delete rule 906)
  (delete rule 908)
  (delete rule 909)
  (delete rule 910)
  (delete rule 914)
(40.0) 1470. L(x6, R2, op(T3, x6)) -> L(x6, R2, op(R2, x6))
  (delete rule 920)
  (delete rule 921)
  (delete rule 924)
  (delete rule 937)
  (delete rule 938)
  (delete rule 939)
  (delete rule 940)
  (delete rule 941)
  (delete rule 942)
  (delete rule 943)
  (delete rule 944)
  (delete rule 945)
  (delete rule 946)
  (delete rule 947)
  (delete rule 948)
  (delete rule 949)
  (delete rule 950)
(43.285713) 1471. ldiv(X, R(X, Y, rdiv(zero, Y))) -> a(X, Y, ldiv(Y, zero))
  (delete rule 955)
(38.0) 1472. T(X, op(a(Y, Z, W), X)) -> X
  (delete rule 956)
(43.571426) 1473. op(rdiv(X, rdiv(T2, x3)), Y) -> rdiv(x3, ldiv(op(X, Y), T2))
  (delete rule 957)
(43.571426) 1474. op(X, rdiv(Y, rdiv(T2, x3))) -> rdiv(x3, ldiv(op(X, Y), T2))
  (delete rule 958)
(43.571426) 1475. op(rdiv(X, rdiv(x3, T2)), Y) -> rdiv(T2, ldiv(op(X, Y), x3))
  (delete rule 959)
(43.571426) 1476. op(X, rdiv(Y, rdiv(x3, T2))) -> rdiv(T2, ldiv(op(X, Y), x3))
  (delete rule 960)
  (delete rule 963)
(43.57143) 1477. R(rdiv(X, K(X, Y)), Y, X) -> rdiv(X, K(X, op(X, Y)))
  (delete rule 967)
  (delete rule 968)
  (delete rule 974)
  (delete rule 975)
  (delete rule 980)
  (delete rule 981)
  (delete rule 987)
  (delete rule 988)
  (delete rule 989)
  (delete rule 990)
  (delete rule 991)
  (delete rule 992)
  (delete rule 993)
  (delete rule 994)
  (delete rule 996)
  (delete rule 999)
  (delete rule 1002)
  (delete rule 1003)
  (delete rule 1004)
  (delete rule 1005)
  (delete rule 1006)
  (delete rule 1007)
  (delete rule 1014)
  (delete rule 1015)
  (delete rule 1016)
  (delete rule 1017)
  (delete rule 1018)
  (delete rule 1019)
  (delete rule 1020)
  (delete rule 1021)
  (delete rule 1023)
  (delete rule 1025)
  (delete rule 1027)
  (delete rule 1028)
  (delete rule 1029)
  (delete rule 1030)
  (delete rule 1031)
  (delete rule 1032)
  (delete rule 1033)
  (delete rule 1034)
  (delete rule 1037)
  (delete rule 1040)
  (delete rule 1041)
  (delete rule 1043)
  (delete rule 1044)
  (delete rule 1047)
  (delete rule 1048)
  (delete rule 1054)
(43.714287) 1478. L(T(R2, X), X, T3) -> T(R2, op(X, R2))
  (delete rule 1057)
(43.714287) 1479. L(T(T2, X), X, x3) -> T(T2, op(X, T2))
  (delete rule 1058)
  (delete rule 1063)
  (delete rule 1069)
  (delete rule 1070)
  (delete rule 1075)
  (delete rule 1078)
  (delete rule 1079)
  (delete rule 1081)
  (delete rule 1087)
  (delete rule 1090)
  (delete rule 1096)
  (delete rule 1099)
  (delete rule 1100)
  (delete rule 1103)
  (delete rule 1104)
  (delete rule 1107)
  (delete rule 1108)
  (delete rule 1109)
  (delete rule 1111)
  (delete rule 1112)
  (delete rule 1114)
  (delete rule 1115)
  (delete rule 1117)
  (delete rule 1119)
  (delete rule 1120)
(42.14286) 1480. ldiv(rdiv(X, K(Y, Z)), W) -> rdiv(ldiv(X, W), K(Z, Y))
  (delete rule 1122)
  (delete rule 1128)
  (delete rule 1132)
  (delete rule 1150)
(43.571426) 1481. T(X, rdiv(op(R2, Y), R2)) -> T(X, Y)
  (delete rule 1167)
  (delete rule 1171)
  (delete rule 1172)
  (delete rule 1185)
  (delete rule 1194)
(41.0) 1482. rdiv(R2, ldiv(x6, T(T3, x6))) -> ldiv(T3, op(x6, R2))
  (delete rule 1196)
  (delete rule 1201)
  (delete rule 1211)
(50.285717) 1483. rdiv(R2, ldiv(ldiv(X, rdiv(T3, R2)), T3)) -> ldiv(X, zero)
  (delete rule 1247)
  (delete rule 1267)
  (delete rule 1268)
  (delete rule 1269)
  (delete rule 1328)
(44.285713) 1484. rdiv(R2, ldiv(op(x6, X), T3)) -> op(T(x6, R2), X)
  (delete rule 1368)
  (delete rule 1376)
(35.428574) 1485. L(op(X, a(Y, Z, X)), Z, Y) -> X
(30.0) 1486. L(X, a(Y, Z, W), V) -> X
(30.0) 1487. L(X, Y, a(Z, W, V)) -> X
(37.0) 1488. L(ldiv(T3, zero), R2, x6) -> ldiv(op(R2, x6), x6)
(38.0) 1489. R(T2, T2, x3) -> R(T2, T2, T2)
(38.285713) 1490. rdiv(x3, op(x3, X)) -> rdiv(T2, op(T2, X))
(38.285713) 1491. rdiv(x3, op(X, x3)) -> rdiv(T2, op(X, T2))
(38.57143) 1492. ldiv(op(a(X, Y, Z), W), a(X, Y, Z)) -> ldiv(W, zero)
(39.14286) 1493. L(X, rdiv(Y, rdiv(Y, Z)), rdiv(Y, Z)) -> L(X, Z, rdiv(Y, Z))
(40.285713) 1494. op(x6, rdiv(X, rdiv(T3, R2))) -> op(T(x6, R2), X)
(40.285713) 1495. op(T(x6, R2), op(T3, X)) -> op(x6, op(R2, X))
(37.285713) 1496. L(X, R2, T(x6, R2)) -> L(X, R2, x6)
(40.57143) 1497. ldiv(op(X, a(Y, Z, W)), a(Y, Z, W)) -> ldiv(X, zero)
(40.714287) 1498. ldiv(op(ldiv(X, Y), X), zero) = ldiv(Y, K(X, rdiv(Y, X)))
(40.428574) 1499. ldiv(op(X, Y), K(X, Y)) -> ldiv(op(Y, X), zero)
(40.714287) 1500. ldiv(op(X, a(Y, Z, W)), X) -> rdiv(zero, a(Y, Z, W))
(41.0) 1501. rdiv(x3, op(x6, T2)) -> rdiv(T2, op(T2, x6))
(41.57143) 1502. op(op(X, Y), L(Z, X, Y)) -> op(Y, op(T(X, Y), Z))
(42.285713) 1503. op(x6, rdiv(X, rdiv(R2, T3))) -> rdiv(op(x6, X), rdiv(R2, T3))
(42.285713) 1504. op(T(x6, R2), op(X, T3)) -> op(x6, op(X, R2))
(42.285713) 1505. op(op(T3, X), T(x6, R2)) -> op(op(R2, X), x6)
(42.428574) 1506. R(rdiv(X, Y), Y, rdiv(zero, Y)) -> op(X, ldiv(Y, zero))
(42.428574) 1507. ldiv(op(X, a(Y, Z, W)), V) -> rdiv(ldiv(X, V), a(Y, Z, W))
(42.428574) 1508. ldiv(X, rdiv(Y, a(Z, W, V))) -> rdiv(ldiv(X, Y), a(Z, W, V))
(40.57143) 1509. rdiv(ldiv(X, a(Y, Z, W)), a(Y, Z, W)) -> ldiv(X, zero)
(42.57143) 1510. T(rdiv(X, a(Y, Z, W)), X) -> rdiv(X, a(Y, Z, W))
(40.0) 1511. T(X, rdiv(X, a(Y, Z, W))) -> X
(40.14286) 1512. K(rdiv(X, a(Y, Z, W)), X) -> zero
(40.14286) 1513. K(X, rdiv(X, a(Y, Z, W))) -> zero
(42.714287) 1514. T(T(X, rdiv(Y, X)), rdiv(Y, X)) -> ldiv(T(ldiv(X, Y), X), Y)
(42.714287) 1515. ldiv(X, rdiv(X, a(Y, Z, W))) -> rdiv(zero, a(Y, Z, W))
(42.714287) 1516. ldiv(op(T(X, Y), Y), zero) = ldiv(op(X, Y), K(Y, X))
(42.714287) 1517. ldiv(op(X, rdiv(Y, X)), zero) = ldiv(Y, K(rdiv(Y, X), X))
(42.714287) 1518. ldiv(op(a(X, Y, Z), W), W) -> rdiv(zero, a(X, Y, Z))
(42.857143) 1519. ldiv(rdiv(op(X, Y), X), zero) = ldiv(Y, K(Y, X))
(44.857143) 1520. rdiv(op(X, Y), X) = rdiv(zero, ldiv(Y, K(Y, X)))
(42.57143) 1521. ldiv(T(X, Y), K(X, Y)) -> ldiv(X, zero)
(64.85715) 1522. ldiv(rdiv(op(X, Y), X), zero) = rdiv(ldiv(Y, a(?, ?, ?)), rdiv(a(?, ?, ?), K(Y, X)))
(69.42857) 1523. rdiv(ldiv(X, a(Y, Z, W)), rdiv(a(Y, Z, W), K(X, V))) ~> rdiv(ldiv(X, a(?, ?, ?)), rdiv(a(?, ?, ?), K(X, V)))
(43.0) 1524. L(R2, rdiv(zero, T3), T3) -> rdiv(zero, rdiv(zero, R2))
(43.0) 1525. L(T2, rdiv(zero, x3), x3) -> rdiv(zero, rdiv(zero, T2))
(43.0) 1526. ldiv(ldiv(T3, op(x6, R2)), R2) -> ldiv(x6, T(T3, x6))
(43.0) 1527. ldiv(op(x6, T2), rdiv(T2, x3)) -> ldiv(op(x6, x3), zero)
(43.0) 1528. ldiv(op(R2, x6), rdiv(T3, R2)) -> ldiv(op(x6, R2), zero)
(43.14286) 1529. rdiv(X, rdiv(zero, a(Y, Z, W))) -> op(X, a(Y, Z, W))
(40.571426) 1530. T(X, rdiv(zero, a(Y, Z, W))) -> X
(42.714287) 1531. K(X, rdiv(zero, a(Y, Z, W))) -> zero
(42.714287) 1532. K(rdiv(zero, a(X, Y, Z)), W) -> zero
(43.14286) 1533. rdiv(a(X, Y, Z), ldiv(W, zero)) -> op(W, a(X, Y, Z))
(43.14286) 1534. ldiv(rdiv(X, a(Y, Z, W)), zero) -> ldiv(X, a(Y, Z, W))
(43.14286) 1535. ldiv(ldiv(X, K(Y, Z)), K(Y, Z)) -> ldiv(ldiv(X, zero), zero)
(43.285713) 1536. op(X, a(X, rdiv(zero, Y), Y)) -> R(X, rdiv(zero, Y), Y)
(40.571426) 1537. T(X, R(X, rdiv(zero, Y), Y)) -> X
(42.571426) 1538. T(X, R(X, Y, rdiv(zero, Y))) -> X
(42.714287) 1539. K(X, R(X, rdiv(zero, Y), Y)) -> zero
(42.714287) 1540. K(R(X, rdiv(zero, Y), Y), X) -> zero
(43.285713) 1541. op(X, a(X, Y, ldiv(Y, zero))) -> R(X, Y, rdiv(zero, Y))
(43.285713) 1542. L(R2, rdiv(X, T3), T3) -> L(R2, rdiv(X, R2), R2)
(43.285713) 1543. L(T2, rdiv(X, x3), x3) -> L(T2, rdiv(X, T2), T2)
(35.285713) 1544. L(T2, X, x3) -> L(T2, X, T2)
(43.285713) 1545. ldiv(X, K(X, op(X, X))) -> ldiv(R(X, X, X), zero)
(43.571426) 1546. K(rdiv(op(R2, X), R2), Y) -> K(X, Y)
(43.571426) 1547. K(rdiv(op(x3, X), T2), Y) -> K(X, Y)
(43.571426) 1548. T(X, op(R2, rdiv(Y, T3))) -> T(X, Y)
(43.571426) 1549. K(op(R2, rdiv(X, T3)), Y) -> K(X, Y)
(43.571426) 1550. T(X, op(x6, op(Y, T3))) -> T(X, op(x6, op(Y, R2)))
(43.714287) 1551. R(X, rdiv(zero, X), rdiv(zero, rdiv(zero, X))) -> ldiv(ldiv(X, zero), zero)
(43.857143) 1552. K(X, rdiv(op(x3, X), T2)) -> zero
(43.857143) 1553. K(rdiv(T(x3, X), T2), Y) -> zero
(44.285713) 1554. L(ldiv(T3, ldiv(x6, X)), R2, x6) -> ldiv(op(R2, x6), X)
(44.285713) 1555. op(T3, rdiv(X, rdiv(T3, R2))) -> op(R2, X)
(44.285713) 1556. op(T(x6, R2), T(T3, X)) -> op(x6, T(R2, X))
(44.285713) 1557. op(op(X, T3), T(x6, R2)) -> op(op(X, R2), x6)
(41.285713) 1558. R(X, T3, T(x6, R2)) -> R(X, R2, x6)
(44.285713) 1559. op(rdiv(X, rdiv(T3, R2)), x6) -> op(X, T(x6, R2))
(44.285713) 1560. K(x6, rdiv(X, rdiv(T3, R2))) -> K(x6, X)
(44.428574) 1561. R(rdiv(X, Y), Y, T(Z, Y)) = rdiv(op(X, T(Z, Y)), op(Z, Y))
(42.285713) 1562. rdiv(op(X, Y), T(Y, Z)) -> rdiv(X, K(Y, Z))
(42.428574) 1563. rdiv(op(X, a(Y, Z, W)), V) -> rdiv(X, rdiv(V, a(Y, Z, W)))
(43.14286) 1564. rdiv(zero, rdiv(X, a(Y, Z, W))) -> rdiv(a(Y, Z, W), X)
(44.428574) 1565. ldiv(rdiv(op(X, Y), X), Y) -> K(Y, X)
(44.428574) 1566. R(X, ldiv(X, Y), ldiv(Y, Z)) = rdiv(Z, op(ldiv(X, Y), ldiv(Y, Z)))
(44.428574) 1567. R(X, ldiv(X, rdiv(Y, Z)), Z) = rdiv(Y, op(ldiv(X, rdiv(Y, Z)), Z))
(44.428574) 1568. ldiv(X, op(op(Y, Z), ldiv(Z, X))) -> T(R(Y, Z, ldiv(Z, X)), X)
(44.428574) 1569. ldiv(X, op(op(Y, rdiv(X, Z)), Z)) -> T(R(Y, rdiv(X, Z), Z), X)
(44.428574) 1570. L(T(X, Y), Y, rdiv(Z, Y)) = ldiv(Z, op(rdiv(Z, Y), op(X, Y)))
(44.428574) 1571. L(X, rdiv(ldiv(Y, Z), X), Y) = ldiv(op(Y, rdiv(ldiv(Y, Z), X)), Z)
(44.428574) 1572. L(X, rdiv(Y, X), rdiv(Z, Y)) = ldiv(op(rdiv(Z, Y), rdiv(Y, X)), Z)
(44.428574) 1573. op(op(a(X, Y, Z), W), V) -> op(W, op(V, a(X, Y, Z)))
(44.428574) 1574. op(X, op(Y, a(Z, W, V))) = op(a(Z, W, V), op(X, Y))
(44.428574) 1575. op(rdiv(X, a(Y, Z, W)), V) -> rdiv(op(X, V), a(Y, Z, W))
(44.428574) 1576. T(X, rdiv(op(Y, Z), Y)) -> T(X, Z)
(44.428574) 1577. K(rdiv(op(X, Y), X), Z) -> K(Y, Z)
(44.428574) 1578. K(rdiv(K(X, Y), Z), W) -> K(rdiv(zero, Z), W)
(44.428574) 1579. K(X, rdiv(op(Y, Z), Y)) -> K(X, Z)
(44.428574) 1580. K(X, rdiv(K(Y, Z), W)) -> K(X, rdiv(zero, W))
(44.428574) 1581. K(rdiv(T2, T(x3, X)), T2) -> zero
(44.428574) 1582. op(T(x3, X), rdiv(T2, T(x3, X))) -> T2
(44.428574) 1583. K(T2, rdiv(T2, T(x3, X))) -> zero
(44.428574) 1584. op(T(T2, X), rdiv(x3, T(T2, X))) -> x3
(44.428574) 1585. K(T2, rdiv(x3, T(T2, X))) -> zero
(44.428574) 1586. R(X, rdiv(zero, Y), rdiv(zero, rdiv(zero, Y))) -> R(X, rdiv(zero, Y), Y)
(44.428574) 1587. ldiv(op(a(X, Y, Z), W), V) -> rdiv(ldiv(W, V), a(X, Y, Z))
(44.428574) 1588. rdiv(op(a(X, Y, Z), W), V) -> rdiv(W, rdiv(V, a(X, Y, Z)))
(63.428566) 1589. rdiv(ldiv(ldiv(X, Y), op(rdiv(Y, X), Z)), K(X, rdiv(Y, X))) -> Z
(43.857143) 1590. rdiv(T(x3, X), K(T2, X)) -> x3
(44.571426) 1591. L(X, R(x3, x6, x3), Y) -> L(X, T2, Y)
(44.571426) 1592. T(X, R(X, ldiv(Y, zero), Y)) -> X
(48.85714) 1593. ldiv(op(X, ldiv(Y, Z)), op(X, Z)) = L(ldiv(ldiv(Y, Z), Z), rdiv(Z, Y), X)
(44.57143) 1594. R(X, ldiv(X, Y), ldiv(ldiv(X, Y), Z)) = rdiv(op(Y, ldiv(ldiv(X, Y), Z)), Z)
(42.857143) 1595. R(X, ldiv(X, zero), ldiv(ldiv(X, zero), Y)) = rdiv(ldiv(ldiv(X, zero), Y), Y)
(44.57143) 1596. L(X, rdiv(Y, X), rdiv(Z, rdiv(Y, X))) = ldiv(Z, op(rdiv(Z, rdiv(Y, X)), Y))
(42.857143) 1597. L(X, rdiv(zero, X), rdiv(Y, rdiv(zero, X))) = ldiv(Y, rdiv(Y, rdiv(zero, X)))
(44.57143) 1598. rdiv(a(X, Y, Z), op(a(X, Y, Z), W)) -> rdiv(zero, W)
(44.57143) 1599. L(T(X, rdiv(Y, Z)), rdiv(Y, Z), Z) -> ldiv(Y, op(Z, op(X, ldiv(Z, Y))))
(43.714287) 1600. T(X, op(Y, op(Z, rdiv(W, Z)))) -> T(X, op(Y, W))
(41.571426) 1601. T(X, op(Y, op(T3, x6))) -> T(X, op(Y, op(R2, x6)))
(43.571426) 1602. T(X, op(Y, op(R2, x6))) = T(X, op(op(T3, x6), Y))
(44.14286) 1603. T(X, op(Y, ldiv(Z, W))) -> T(X, op(Y, rdiv(W, Z)))
(44.57143) 1604. T(op(X, a(Y, Z, W)), X) -> op(X, a(Y, Z, W))
(44.57143) 1605. ldiv(ldiv(X, a(Y, Z, W)), a(Y, Z, W)) -> ldiv(ldiv(X, zero), zero)
(44.714287) 1606. rdiv(op(X, R(X, X, X)), X) -> R(X, X, X)
(44.0) 1607. op(R(R2, R2, R2), T3) -> op(T3, R(R2, R2, R2))
(44.714287) 1608. rdiv(K(X, rdiv(Y, X)), X) = rdiv(zero, rdiv(Y, rdiv(Y, X)))
(44.714287) 1609. L(X, rdiv(Y, rdiv(Y, Z)), W) -> L(X, Z, W)
(44.714287) 1610. L(X, L(Y, Y, Y), Z) -> L(X, Y, Z)
(44.714287) 1611. L(X, R(Y, Z, Y), W) -> L(X, Y, W)
(44.714287) 1612. R(a(X, Y, Z), W, rdiv(zero, W)) -> a(X, Y, Z)
(44.714287) 1613. ldiv(rdiv(X, rdiv(X, Y)), zero) = ldiv(Y, K(Y, rdiv(X, Y)))
(44.714287) 1614. K(X, R(X, Y, rdiv(zero, Y))) -> zero
(44.714287) 1615. K(R(X, Y, rdiv(zero, Y)), X) -> zero
(44.857143) 1616. T(rdiv(zero, T(X, Y)), X) -> ldiv(X, K(Y, X))
(44.857143) 1617. R(X, ldiv(X, Y), rdiv(zero, ldiv(X, Y))) -> op(Y, ldiv(ldiv(X, Y), zero))
(45.0) 1618. rdiv(R2, L(T3, x6, R2)) -> K(op(R2, x6), R2)
(45.0) 1619. T(rdiv(R2, rdiv(T3, R2)), x6) -> R2
(45.0) 1620. R(T2, rdiv(zero, x3), T2) -> ldiv(ldiv(T2, zero), zero)
(45.0) 1621. rdiv(op(T3, T3), R2) -> T(T3, x6)
(45.0) 1622. op(op(x6, x3), op(T2, x6)) -> op(op(T2, x6), op(x6, x3))
(45.0) 1623. op(op(x6, R2), op(T3, x6)) -> op(op(T3, x6), op(x6, R2))
(45.0) 1624. R(x3, rdiv(zero, x3), T2) -> ldiv(ldiv(x3, zero), zero)
(45.0) 1625. T(X, rdiv(zero, T(Y, Z))) -> T(X, rdiv(zero, Y))
(45.0) 1626. ldiv(x3, L(x3, T2, T2)) -> K(T2, op(T2, T2))
(45.0) 1627. rdiv(L(x3, T2, T2), x3) -> K(T2, op(T2, T2))
(45.0) 1628. ldiv(L(x3, T2, T2), x3) -> K(op(T2, T2), T2)
(45.0) 1629. L(ldiv(T3, zero), R2, ldiv(T3, zero)) -> rdiv(zero, T3)
(45.0) 1630. K(X, rdiv(zero, T(X, Y))) -> K(X, rdiv(zero, X))
(45.0) 1631. K(rdiv(zero, T(X, Y)), X) -> K(rdiv(zero, X), X)
(45.0) 1632. rdiv(T3, R(R2, x6, R2)) -> K(R2, op(R2, x6))
(38.0) 1633. R(R2, x6, T3) -> R(R2, x6, R2)
(45.0) 1634. rdiv(rdiv(R2, T3), T(x6, R2)) -> rdiv(zero, x6)
(45.0) 1635. R(T3, rdiv(zero, R2), R2) -> ldiv(ldiv(T3, zero), zero)
(45.0) 1636. R(x3, rdiv(zero, T2), T2) -> ldiv(ldiv(x3, zero), zero)
(45.0) 1637. R(rdiv(zero, T3), R2, rdiv(zero, T3)) -> ldiv(T3, zero)
(45.0) 1638. rdiv(T2, ldiv(op(T2, x6), x3)) -> op(T(T2, x6), x6)
(45.0) 1639. K(R2, rdiv(R(R2, x6, R2), R2)) -> zero
(68.0) 1640. rdiv(ldiv(R(R2, x6, R2), T3), K(R2, op(R2, x6))) -> K(rdiv(R(R2, x6, R2), R2), R2)
(43.0) 1641. ldiv(R(R2, x6, R2), T3) -> K(R2, op(R2, x6))
(45.0) 1642. K(rdiv(R(R2, x6, R2), R2), R2) -> zero
(44.0) 1643. ldiv(R2, R(R2, x6, R2)) -> rdiv(R(R2, x6, R2), R2)
(45.0) 1644. ldiv(rdiv(zero, x3), L(x6, T2, rdiv(zero, x3))) -> op(x6, T2)
(45.0) 1645. K(rdiv(T2, ldiv(x6, x3)), x6) -> zero
(45.0) 1646. K(x6, rdiv(T2, ldiv(x6, x3))) -> zero
(45.0) 1647. a(rdiv(zero, X), X, ldiv(X, zero)) -> K(rdiv(zero, X), X)
(45.0) 1648. rdiv(R2, ldiv(T3, op(x6, R2))) -> rdiv(T(T3, x6), x6)
(45.0) 1649. rdiv(R2, ldiv(ldiv(R2, zero), T3)) -> ldiv(T3, zero)
(41.0) 1650. ldiv(ldiv(T3, zero), R2) -> ldiv(ldiv(R2, zero), T3)
(45.0) 1651. ldiv(op(T3, x6), rdiv(T3, R2)) -> ldiv(op(R2, x6), zero)
(45.0) 1652. ldiv(op(R2, x6), rdiv(R2, T3)) -> ldiv(op(T3, x6), zero)
(45.0) 1653. ldiv(op(x6, T2), rdiv(x3, T2)) -> ldiv(op(T2, x6), zero)
(45.0) 1654. T(T3, rdiv(op(T3, x6), R2)) -> T(T3, x6)
(45.0) 1655. ldiv(T(T3, x6), rdiv(T3, R2)) -> ldiv(T3, zero)
(45.0) 1656. ldiv(T(x6, R2), rdiv(R2, T3)) -> ldiv(x6, zero)
(45.0) 1657. R(R2, ldiv(T3, zero), T3) -> ldiv(ldiv(R2, zero), zero)
(45.0) 1658. R(x3, ldiv(T2, zero), T2) -> ldiv(ldiv(x3, zero), zero)
(45.0) 1659. rdiv(rdiv(T3, R2), T(T3, x6)) -> rdiv(zero, T3)
(45.0) 1660. rdiv(rdiv(T2, x3), T(T2, x6)) -> rdiv(zero, T2)
(45.0) 1661. ldiv(T(T2, x6), rdiv(T2, x3)) -> ldiv(T2, zero)
(45.000004) 1662. L(L(X, X, X), op(X, X), X) -> T(X, op(X, op(X, X)))
(45.142853) 1663. ldiv(R(X, ldiv(X, Y), Z), op(Y, Z)) -> op(ldiv(X, Y), Z)
(42.428574) 1664. op(ldiv(X, Y), a(Z, W, V)) -> ldiv(X, op(Y, a(Z, W, V)))
(44.428574) 1665. op(a(X, Y, Z), ldiv(W, V)) -> ldiv(W, op(V, a(X, Y, Z)))
(45.142853) 1666. rdiv(op(X, Y), L(Z, rdiv(Y, Z), X)) -> op(X, rdiv(Y, Z))
(40.285713) 1667. rdiv(op(X, T3), R2) -> rdiv(X, rdiv(R2, T3))
(42.428574) 1668. op(rdiv(X, Y), a(Z, W, V)) -> rdiv(X, rdiv(Y, a(Z, W, V)))
(43.714287) 1669. rdiv(op(X, op(Y, Z)), op(Z, Y)) -> rdiv(X, K(Z, Y))
(44.285713) 1670. rdiv(X, rdiv(Y, K(X, Z))) -> rdiv(T(X, Z), Y)
(40.857143) 1671. rdiv(T(X, Y), Y) = rdiv(X, T(Y, X))
(43.0) 1672. rdiv(x3, T(x6, T2)) -> rdiv(T2, x6)
(43.0) 1673. rdiv(R2, T(x6, R2)) -> rdiv(T3, x6)
(44.142857) 1674. rdiv(T(X, R2), T3) = rdiv(X, T(T3, X))
(44.142857) 1675. rdiv(T(X, T2), x3) = rdiv(X, T(x3, X))
(44.285713) 1676. rdiv(op(X, T(Y, Z)), Y) -> rdiv(X, K(Z, Y))
(44.428574) 1677. op(a(X, Y, Z), rdiv(W, V)) -> rdiv(W, rdiv(V, a(X, Y, Z)))
(45.142853) 1678. L(ldiv(ldiv(X, Y), Z), rdiv(Y, X), X) -> ldiv(Y, op(X, Z))
(41.57143) 1679. L(ldiv(T(X, Y), Z), X, Y) -> ldiv(op(X, Y), op(Y, Z))
(42.428574) 1680. ldiv(rdiv(X, a(Y, Z, W)), V) -> ldiv(X, op(V, a(Y, Z, W)))
(39.857143) 1681. T(X, rdiv(Y, a(Z, W, V))) -> T(X, Y)
(41.857143) 1682. T(X, op(Y, a(Z, W, V))) -> T(X, Y)
(42.14286) 1683. T(X, op(Y, op(Z, W))) <-> T(X, op(W, op(Y, Z)))
(43.857143) 1684. T(X, rdiv(a(Y, Z, W), V)) -> T(X, rdiv(zero, V))
(43.857143) 1685. T(X, op(a(Y, Z, W), V)) -> T(X, V)
(44.14286) 1686. T(X, op(Y, op(Z, W))) <-> T(X, op(Z, op(Y, W)))
(44.14286) 1687. T(X, op(op(Y, Z), W)) -> T(X, op(Z, op(W, Y)))
(44.14286) 1688. T(X, op(op(Y, Z), W)) -> T(X, op(Y, op(Z, W)))
(44.428574) 1689. T(X, R(Y, rdiv(zero, Z), Z)) -> T(X, Y)
(44.428574) 1690. T(X, R(Y, Z, rdiv(zero, Z))) -> T(X, Y)
(44.428574) 1691. T(X, L(Y, Z, rdiv(zero, Z))) -> T(X, Y)
(44.428574) 1692. T(X, L(Y, rdiv(zero, Z), Z)) -> T(X, Y)
(44.857143) 1693. T(X, rdiv(Y, rdiv(zero, Z))) -> T(X, op(Y, Z))
(44.857143) 1694. T(X, op(Y, rdiv(zero, Z))) -> T(X, rdiv(Y, Z))
(43.57143) 1695. T(X, rdiv(T3, Y)) -> T(X, rdiv(R2, Y))
(43.57143) 1696. T(X, rdiv(x3, Y)) -> T(X, rdiv(T2, Y))
(44.857143) 1697. T(X, rdiv(Y, ldiv(Z, zero))) -> T(X, op(Y, Z))
(45.14286) 1698. ldiv(rdiv(zero, X), a(Y, Z, W)) -> op(X, a(Y, Z, W))
(45.14286) 1699. op(X, rdiv(zero, a(Y, Z, W))) -> rdiv(X, a(Y, Z, W))
(45.14286) 1700. T(X, rdiv(zero, T(X, Y))) -> ldiv(ldiv(X, zero), zero)
(45.14286) 1701. L(T(ldiv(X, zero), X), X, T(ldiv(X, zero), X)) -> ldiv(X, zero)
(45.14286) 1702. op(R(X, Y, X), X) -> op(X, R(X, Y, X))
(45.14286) 1703. R(X, ldiv(X, Y), X) = ldiv(ldiv(X, Y), T(Y, X))
(45.0) 1704. R(x6, ldiv(x6, x3), x6) -> ldiv(ldiv(x6, x3), T2)
(45.0) 1705. R(x6, ldiv(x6, R2), x6) -> ldiv(ldiv(x6, R2), T3)
(45.14286) 1706. ldiv(rdiv(a(X, Y, Z), W), zero) -> rdiv(W, a(X, Y, Z))
(45.14286) 1707. rdiv(zero, ldiv(X, a(Y, Z, W))) -> rdiv(X, a(Y, Z, W))
(44.57143) 1708. rdiv(rdiv(a(X, Y, Z), W), a(X, Y, Z)) -> rdiv(zero, W)
(45.285713) 1709. rdiv(K(X, op(X, X)), X) -> rdiv(zero, R(X, X, X))
(45.285713) 1710. R(X, rdiv(zero, T3), T3) -> R(X, rdiv(zero, T3), R2)
(45.285713) 1711. R(rdiv(X, Y), Y, rdiv(X, Y)) -> ldiv(Y, T(X, rdiv(X, Y)))
(45.85714) 1712. R(ldiv(X, zero), X, Y) = rdiv(Y, op(ldiv(ldiv(X, zero), zero), Y))
(39.857143) 1713. rdiv(X, op(ldiv(Y, zero), X)) = R(Y, rdiv(zero, Y), X)
(37.857143) 1714. R(X, ldiv(X, zero), Y) -> R(X, rdiv(zero, X), Y)
(42.714287) 1715. rdiv(X, op(a(Y, Z, W), X)) -> rdiv(zero, a(Y, Z, W))
(44.428574) 1716. ldiv(R(ldiv(X, zero), X, Y), Y) -> op(ldiv(ldiv(X, zero), zero), Y)
(44.428574) 1717. ldiv(R(X, rdiv(zero, X), Y), Y) -> op(ldiv(X, zero), Y)
(44.714287) 1718. rdiv(rdiv(X, a(Y, Z, W)), X) -> rdiv(zero, a(Y, Z, W))
(44.714287) 1719. rdiv(X, op(X, a(Y, Z, W))) -> rdiv(zero, a(Y, Z, W))
(45.0) 1720. R(ldiv(X, zero), X, T(ldiv(X, zero), X)) -> T(ldiv(X, zero), X)
(45.285713) 1721. L(X, rdiv(zero, T3), T3) -> L(X, rdiv(zero, T3), R2)
(45.285713) 1722. L(X, rdiv(zero, T2), x3) -> L(X, rdiv(zero, T2), T2)
(45.285713) 1723. T(rdiv(zero, a(X, Y, Z)), W) -> rdiv(zero, a(X, Y, Z))
(45.285713) 1724. rdiv(R(X, rdiv(zero, Y), Y), X) -> a(X, rdiv(zero, Y), Y)
(45.285713) 1725. rdiv(R(X, Y, rdiv(zero, Y)), X) -> a(X, Y, ldiv(Y, zero))
(45.285713) 1726. T(R(X, Y, T(X, Y)), op(X, Y)) -> T(X, Y)
(41.0) 1727. T(R(x3, x6, T2), op(T2, x6)) -> T2
(41.0) 1728. K(R(x3, x6, T2), T2) -> zero
(41.0) 1729. K(T2, R(x3, x6, T2)) -> zero
(41.0) 1730. T(T2, R(x3, x6, T2)) -> T2
(42.285713) 1731. T(X, R(x3, x6, T2)) -> T(X, T2)
(51.142857) 1732. R(X, rdiv(zero, X), ldiv(ldiv(X, zero), zero)) -> ldiv(ldiv(X, zero), zero)
(44.0) 1733. op(R(x3, x6, T2), T2) -> op(T2, R(x3, x6, T2))
(44.0) 1734. T(R(x3, x6, T2), T2) -> R(x3, x6, T2)
(44.285713) 1735. K(R(x3, x6, T2), X) -> K(T2, X)
(44.285713) 1736. K(X, R(x3, x6, T2)) -> K(X, T2)
(45.285713) 1737. ldiv(X, T(op(Y, X), Y)) -> R(Y, X, Y)
(44.0) 1738. L(R(X, Y, X), Y, X) -> X
(44.285713) 1739. op(X, R(Y, X, Y)) -> T(op(Y, X), Y)
(45.428574) 1740. R(rdiv(zero, X), rdiv(zero, rdiv(zero, X)), Y) = rdiv(Y, op(X, Y))
(45.571426) 1741. rdiv(X, rdiv(Y, rdiv(T2, x3))) = rdiv(T2, ldiv(rdiv(X, Y), x3))
(44.0) 1742. rdiv(R(x3, x6, x3), x3) -> rdiv(T2, L(T2, x6, T2))
(44.285713) 1743. rdiv(T2, ldiv(rdiv(X, T2), x3)) -> rdiv(X, x3)
(40.285713) 1744. ldiv(rdiv(X, x3), T2) -> ldiv(rdiv(X, T2), x3)
(40.285713) 1745. rdiv(x3, rdiv(X, T2)) -> rdiv(T2, rdiv(X, x3))
(45.571426) 1746. rdiv(X, rdiv(Y, rdiv(x3, T2))) = rdiv(x3, ldiv(rdiv(X, Y), T2))
(44.285713) 1747. rdiv(T2, rdiv(X, rdiv(x3, T2))) -> rdiv(x3, X)
(43.857143) 1748. K(X, rdiv(T2, rdiv(x3, X))) -> zero
(43.857143) 1749. K(rdiv(T2, rdiv(x3, X)), X) -> zero
(45.0) 1750. rdiv(x3, L(T2, x6, T2)) -> K(op(T2, x6), T2)
(45.571426) 1751. a(rdiv(zero, rdiv(zero, X)), rdiv(zero, X), X) -> K(X, rdiv(zero, X))
(45.571426) 1752. ldiv(rdiv(X, rdiv(T2, x3)), Y) -> rdiv(T2, ldiv(ldiv(X, Y), x3))
(45.571426) 1753. ldiv(rdiv(X, rdiv(x3, T2)), Y) -> rdiv(x3, ldiv(ldiv(X, Y), T2))
(45.571426) 1754. T(X, rdiv(T2, ldiv(Y, x3))) -> T(X, Y)
(45.571426) 1755. K(X, rdiv(Y, rdiv(T3, R2))) -> K(X, Y)
(45.571426) 1756. K(rdiv(T2, ldiv(X, x3)), Y) -> K(X, Y)
(41.57143) 1757. K(rdiv(x3, X), Y) -> K(rdiv(T2, X), Y)
(43.57143) 1758. K(X, rdiv(x3, Y)) -> K(X, rdiv(T2, Y))
(45.571426) 1759. K(X, rdiv(op(x3, Y), T2)) -> K(X, Y)
(45.571426) 1760. K(X, rdiv(T2, ldiv(Y, x3))) -> K(X, Y)
(45.571426) 1761. op(X, rdiv(Y, rdiv(T3, R2))) -> rdiv(R2, ldiv(op(X, Y), T3))
(45.571426) 1762. op(rdiv(X, rdiv(T3, R2)), Y) -> rdiv(R2, ldiv(op(X, Y), T3))
(45.571426) 1763. T(X, rdiv(rdiv(T3, R2), Y)) -> T(X, rdiv(zero, Y))
(45.571426) 1764. ldiv(X, rdiv(Y, rdiv(T3, R2))) -> rdiv(R2, ldiv(ldiv(X, Y), T3))
(44.285713) 1765. rdiv(R2, ldiv(ldiv(X, T3), T3)) -> ldiv(X, R2)
(39.57143) 1766. K(rdiv(T3, X), X) -> K(rdiv(R2, X), X)
(39.57143) 1767. K(X, rdiv(T3, X)) -> K(X, rdiv(R2, X))
(40.285713) 1768. ldiv(ldiv(X, T3), T3) -> ldiv(ldiv(X, R2), R2)
(45.571426) 1769. T(X, rdiv(rdiv(R2, T3), Y)) -> T(X, rdiv(zero, Y))
(45.571426) 1770. rdiv(K(X, Y), rdiv(R2, T3)) -> rdiv(T3, rdiv(R2, K(X, Y)))
(45.571426) 1771. K(rdiv(rdiv(T3, R2), X), X) -> K(rdiv(zero, X), X)
(45.571426) 1772. K(rdiv(rdiv(R2, T3), X), X) -> K(rdiv(zero, X), X)
(45.714287) 1773. T(X, rdiv(rdiv(x3, T2), X)) -> ldiv(ldiv(X, zero), zero)
(45.571426) 1774. K(rdiv(rdiv(x3, T2), X), X) -> K(rdiv(zero, X), X)
(45.714287) 1775. T(X, rdiv(rdiv(T2, x3), X)) -> ldiv(ldiv(X, zero), zero)
(45.571426) 1776. K(rdiv(rdiv(T2, x3), X), X) -> K(rdiv(zero, X), X)
(45.571426) 1777. T(X, rdiv(rdiv(x3, T2), Y)) -> T(X, rdiv(zero, Y))
(45.571426) 1778. a(X, ldiv(X, zero), ldiv(ldiv(X, zero), zero)) -> K(X, rdiv(zero, X))
(45.571426) 1779. T(rdiv(X, rdiv(T2, x3)), Y) -> rdiv(x3, ldiv(T(X, Y), T2))
(45.571426) 1780. T(rdiv(X, rdiv(x3, T2)), Y) -> rdiv(T2, ldiv(T(X, Y), x3))
(45.571426) 1781. ldiv(rdiv(X, rdiv(T3, R2)), Y) -> rdiv(ldiv(X, Y), rdiv(R2, T3))
(44.285713) 1782. rdiv(ldiv(T3, X), rdiv(R2, T3)) -> ldiv(R2, X)
(40.285713) 1783. rdiv(ldiv(T3, X), R2) -> rdiv(ldiv(R2, X), T3)
(42.285713) 1784. ldiv(T3, ldiv(R2, X)) -> ldiv(R2, ldiv(T3, X))
(43.0) 1785. rdiv(rdiv(zero, T3), R2) -> rdiv(rdiv(zero, R2), T3)
(45.0) 1786. ldiv(T3, rdiv(zero, R2)) -> ldiv(R2, rdiv(zero, T3))
(45.571426) 1787. T(X, rdiv(op(T3, Y), R2)) -> T(X, Y)
(52.428574) 1788. K(op(X, Y), rdiv(zero, op(Y, X))) <-> K(op(X, Y), rdiv(zero, op(X, Y)))
(52.428574) 1789. K(rdiv(zero, op(X, Y)), op(Y, X)) <-> K(rdiv(zero, op(Y, X)), op(Y, X))
(45.571426) 1790. K(rdiv(op(T3, X), R2), Y) -> K(X, Y)
(45.571426) 1791. K(X, op(R2, rdiv(Y, T3))) -> K(X, Y)
(45.571426) 1792. T(X, op(T2, rdiv(Y, x3))) -> T(X, Y)
(45.571426) 1793. rdiv(rdiv(X, rdiv(T2, x3)), Y) -> rdiv(X, rdiv(Y, rdiv(x3, T2)))
(45.571426) 1794. rdiv(rdiv(X, rdiv(x3, T2)), Y) -> rdiv(X, rdiv(Y, rdiv(T2, x3)))
(45.571426) 1795. T(X, op(Y, op(x6, x3))) -> T(X, op(Y, op(T2, x6)))
(45.571426) 1796. T(X, rdiv(T2, rdiv(x3, Y))) -> T(X, Y)
(45.571426) 1797. K(rdiv(T2, rdiv(x3, X)), Y) -> K(X, Y)
(45.571426) 1798. K(X, rdiv(T2, rdiv(x3, Y))) -> K(X, Y)
(45.57143) 1799. rdiv(op(X, Y), rdiv(Z, K(X, Y))) -> rdiv(op(T(X, Y), Y), Z)
(45.57143) 1800. rdiv(op(X, Y), K(Z, rdiv(Y, Z))) -> op(X, op(ldiv(Z, Y), Z))
(41.571426) 1801. op(op(ldiv(X, x6), X), T2) -> op(x3, op(ldiv(X, x6), X))
(41.571426) 1802. op(op(ldiv(X, R2), X), x6) -> op(x6, op(ldiv(X, T3), X))
(41.571426) 1803. T(op(ldiv(X, R2), X), x6) -> op(ldiv(X, T3), X)
(43.571426) 1804. op(op(X, rdiv(x6, X)), T2) -> op(x3, op(X, rdiv(x6, X)))
(44.14286) 1805. op(X, op(ldiv(X, Y), X)) = op(rdiv(Y, rdiv(Y, X)), Y)
(53.57143) 1806. T(rdiv(X, rdiv(X, Y)), X) = ldiv(X, op(Y, op(ldiv(Y, X), Y)))
(42.857143) 1807. L(ldiv(X, Y), X, ldiv(X, Y)) -> T(rdiv(Y, X), Y)
(42.857143) 1808. L(T(X, Y), Y, T(X, Y)) -> T(X, op(X, Y))
(45.14286) 1809. L(X, rdiv(Y, X), X) = T(rdiv(Y, rdiv(Y, X)), Y)
(45.57143) 1810. rdiv(op(X, Y), K(rdiv(Y, Z), Z)) -> op(X, op(Z, rdiv(Y, Z)))
(41.571426) 1811. op(op(X, rdiv(R2, X)), x6) -> op(x6, op(X, rdiv(T3, X)))
(41.571426) 1812. T(op(X, rdiv(R2, X)), x6) -> op(X, rdiv(T3, X))
(44.142857) 1813. op(ldiv(X, R2), rdiv(T3, ldiv(X, R2))) -> op(ldiv(X, T3), X)
(44.142857) 1814. op(rdiv(R2, X), rdiv(T3, rdiv(R2, X))) -> op(ldiv(X, T3), X)
(44.428574) 1815. op(T(R2, X), rdiv(T3, T(R2, X))) -> T3
(45.57143) 1816. rdiv(op(X, op(Y, Z)), K(Z, Y)) -> op(X, op(T(Y, Z), Z))
(44.714287) 1817. op(X, op(T(Y, X), X)) = op(rdiv(op(Y, X), Y), op(Y, X))
(45.57143) 1818. rdiv(op(op(X, Y), Z), K(Y, X)) -> op(op(T(X, Y), Y), Z)
(44.714287) 1819. op(op(X, Y), rdiv(op(X, Y), X)) = op(op(T(X, Y), Y), Y)
(45.57143) 1820. ldiv(op(X, rdiv(Y, X)), op(Y, Z)) -> rdiv(Z, K(X, rdiv(Y, X)))
(37.0) 1821. L(x3, rdiv(x6, x3), x3) -> rdiv(x6, rdiv(x6, T2))
(45.0) 1822. op(x6, rdiv(x6, rdiv(x6, T2))) -> op(T2, op(ldiv(T2, x6), x3))
(41.0) 1823. L(x3, rdiv(x6, T2), T2) -> rdiv(x6, rdiv(x6, T2))
(45.57143) 1824. op(op(ldiv(X, Y), X), ldiv(Y, Z)) -> rdiv(Z, K(X, rdiv(Y, X)))
(41.571426) 1825. op(op(ldiv(X, x3), X), x6) -> op(x6, op(ldiv(X, T2), X))
(41.571426) 1826. T(op(ldiv(X, x3), X), x6) -> op(ldiv(X, T2), X)
(45.57143) 1827. op(op(X, rdiv(Y, X)), ldiv(Y, Z)) -> rdiv(Z, K(rdiv(Y, X), X))
(41.571426) 1828. op(op(X, rdiv(x3, X)), x6) -> op(x6, op(X, rdiv(T2, X)))
(41.571426) 1829. T(op(X, rdiv(x3, X)), x6) -> op(X, rdiv(T2, X))
(44.142857) 1830. op(rdiv(x3, X), rdiv(T2, rdiv(x3, X))) -> op(ldiv(X, T2), X)
(45.57143) 1831. op(R(X, Y, rdiv(Z, Y)), Z) -> op(op(X, Y), ldiv(Y, Z))
(50.57143) 1832. rdiv(op(op(X, Y), ldiv(Y, Z)), Z) -> R(X, Y, rdiv(Z, Y))
(41.14286) 1833. R(X, Y, ldiv(Y, Z)) -> R(X, Y, rdiv(Z, Y))
(41.285713) 1834. R(X, Y, T(Z, Y)) -> R(X, Y, Z)
(37.285713) 1835. R(X, x6, x3) -> R(X, x6, T2)
(37.285713) 1836. R(X, x6, T3) -> R(X, x6, R2)
(44.571426) 1837. R(X, R2, ldiv(T3, Y)) -> R(X, R2, rdiv(Y, T3))
(45.0) 1838. K(R2, R(T3, x6, R2)) -> zero
(45.0) 1839. K(R(T3, x6, R2), R2) -> zero
(45.285713) 1840. R(X, x3, ldiv(T2, zero)) -> R(X, x3, rdiv(zero, T2))
(45.57143) 1841. rdiv(X, rdiv(Y, K(rdiv(X, Z), Z))) -> rdiv(op(ldiv(Z, X), Z), Y)
(45.57143) 1842. ldiv(X, op(op(Y, rdiv(X, Y)), Z)) -> rdiv(Z, K(rdiv(X, Y), Y))
(41.714287) 1843. T(R(X, rdiv(Y, X), X), Y) -> ldiv(ldiv(X, Y), Y)
(45.57143) 1844. op(R(X, rdiv(Y, X), X), Y) = op(Y, ldiv(ldiv(X, Y), Y))
(39.14286) 1845. R(X, ldiv(X, Y), X) -> R(X, rdiv(Y, X), X)
(39.285713) 1846. R(X, T(Y, X), X) -> R(X, Y, X)
(36.0) 1847. R(x6, x3, x6) -> R(x6, T2, x6)
(36.0) 1848. R(x6, T3, x6) -> R(x6, R2, x6)
(43.14286) 1849. ldiv(ldiv(X, Y), T(Y, X)) = R(X, rdiv(Y, X), X)
(43.0) 1850. R(x6, rdiv(x3, x6), x6) -> ldiv(ldiv(x6, x3), T2)
(43.0) 1851. R(x6, rdiv(R2, x6), x6) -> ldiv(ldiv(x6, R2), T3)
(44.0) 1852. R(X, rdiv(K(Y, Z), X), X) -> ldiv(ldiv(X, zero), zero)
(47.57143) 1853. op(R(X, rdiv(Y, X), X), Y) -> op(Y, T(X, rdiv(Y, X)))
(44.14286) 1854. op(X, ldiv(ldiv(Y, X), X)) = op(op(Y, rdiv(X, Y)), Y)
(51.714287) 1855. ldiv(X, op(op(Y, rdiv(X, Y)), Y)) -> ldiv(ldiv(Y, X), X)
(45.0) 1856. T(R(T3, x6, R2), op(R2, x6)) -> T(T3, x6)
(42.285713) 1857. T(X, R(T3, x6, R2)) -> T(X, R2)
(44.0) 1858. T(R(T3, x6, R2), R2) -> R(T3, x6, R2)
(44.285713) 1859. K(R(T3, x6, R2), X) -> K(R2, X)
(44.285713) 1860. K(X, R(T3, x6, R2)) -> K(X, R2)
(45.0) 1861. op(op(R2, x6), T(T3, x6)) -> op(op(T3, x6), T3)
(45.0) 1862. R(R2, rdiv(zero, T3), R2) -> ldiv(ldiv(R2, zero), zero)
(45.285713) 1863. R(R2, ldiv(T3, X), R2) -> R(R2, rdiv(X, T3), R2)
(45.57143) 1864. ldiv(X, op(op(ldiv(Y, X), Y), Z)) -> rdiv(Z, K(Y, rdiv(X, Y)))
(45.57143) 1865. ldiv(op(ldiv(X, Y), X), op(Y, Z)) -> rdiv(Z, K(rdiv(Y, X), X))
(45.57143) 1866. K(X, rdiv(T3, Y)) -> K(X, rdiv(R2, Y))
(45.57143) 1867. K(rdiv(T3, X), Y) -> K(rdiv(R2, X), Y)
(45.714287) 1868. op(X, ldiv(ldiv(ldiv(X, Y), Y), Y)) -> op(ldiv(X, Y), X)
(45.714287) 1869. op(rdiv(X, K(X, R2)), T3) -> op(T3, X)
(45.714287) 1870. rdiv(ldiv(op(X, Y), Z), K(Y, X)) -> ldiv(op(Y, X), Z)
(42.14286) 1871. T(X, rdiv(Y, op(Z, W))) <-> T(X, rdiv(Y, op(W, Z)))
(45.571426) 1872. T(X, rdiv(Y, op(x6, x3))) -> T(X, rdiv(Y, op(T2, x6)))
(45.571426) 1873. T(X, rdiv(Y, op(T3, x6))) -> T(X, rdiv(Y, op(R2, x6)))
(45.714287) 1874. T(rdiv(X, rdiv(R2, T3)), X) -> rdiv(X, rdiv(R2, T3))
(45.714287) 1875. T(op(X, T3), op(X, R2)) -> op(X, T3)
(45.714287) 1876. rdiv(x3, T(ldiv(X, T2), X)) -> ldiv(ldiv(X, T2), x3)
(45.714287) 1877. rdiv(T2, T(ldiv(X, x3), X)) -> ldiv(ldiv(X, x3), T2)
(45.714287) 1878. T(X, rdiv(op(T3, X), R2)) -> X
(45.714287) 1879. rdiv(ldiv(X, op(Y, Z)), K(Y, Z)) -> ldiv(X, op(Z, Y))
(42.14286) 1880. T(X, rdiv(op(Y, Z), W)) <-> T(X, rdiv(op(Z, Y), W))
(44.714287) 1881. T(X, rdiv(op(Y, Z), X)) = ldiv(ldiv(X, op(Z, Y)), op(Z, Y))
(45.571426) 1882. T(X, rdiv(op(x6, x3), Y)) -> T(X, rdiv(op(T2, x6), Y))
(45.571426) 1883. T(X, rdiv(op(T3, x6), Y)) -> T(X, rdiv(op(R2, x6), Y))
(45.714287) 1884. rdiv(op(X, Y), rdiv(Z, K(Y, X))) -> rdiv(op(Y, X), Z)
(42.857143) 1885. rdiv(op(X, Y), op(Z, op(X, Y))) <-> rdiv(op(Y, X), op(Z, op(Y, X)))
(42.857143) 1886. rdiv(op(X, Y), op(op(X, Y), Z)) <-> rdiv(op(Y, X), op(op(Y, X), Z))
(44.14286) 1887. rdiv(op(X, rdiv(Y, X)), X) = rdiv(Y, rdiv(Y, rdiv(Y, X)))
(58.142853) 1888. rdiv(op(X, rdiv(T(op(X, X), X), X)), X) -> R(X, X, X)
(62.142853) 1889. rdiv(T(op(X, X), X), rdiv(T(op(X, X), X), R(X, X, X))) -> R(X, X, X)
(45.285713) 1890. rdiv(T(op(X, X), X), X) -> R(X, X, X)
(44.57143) 1891. L(R(X, X, X), X, R(X, X, X)) -> X
(45.714287) 1892. ldiv(op(T3, X), op(X, R2)) -> rdiv(R2, T(T3, X))
(45.714287) 1893. T(X, rdiv(rdiv(T3, R2), X)) -> ldiv(ldiv(X, zero), zero)
(45.714287) 1894. T(rdiv(X, rdiv(T3, R2)), X) -> rdiv(X, rdiv(T3, R2))
(45.714287) 1895. T(X, rdiv(rdiv(R2, T3), X)) -> ldiv(ldiv(X, zero), zero)
(45.714287) 1896. T(X, op(R2, rdiv(X, T3))) -> X
(45.714287) 1897. L(T(X, Y), X, T(X, Y)) -> T(L(X, X, X), Y)
(45.714287) 1898. T(op(x3, X), op(T2, X)) -> op(x3, X)
(45.714287) 1899. T(op(X, x3), op(T2, X)) -> op(X, x3)
(45.714287) 1900. T(op(T3, X), op(R2, X)) -> op(T3, X)
(45.714287) 1901. ldiv(T(T(X, Y), Y), op(X, Y)) -> T(T(Y, X), X)
(45.714287) 1902. op(T(X, Y), op(T(Y, X), Z)) -> op(X, op(Y, Z))
(35.285713) 1903. L(X, Y, T(Z, Y)) -> L(X, Y, Z)
(31.285715) 1904. L(X, x6, x3) -> L(X, x6, T2)
(31.285715) 1905. L(X, x6, T3) -> L(X, x6, R2)
(39.14286) 1906. L(X, Y, ldiv(Y, Z)) -> L(X, Y, rdiv(Z, Y))
(42.285713) 1907. op(T2, op(T(x6, T2), X)) -> op(x3, op(x6, X))
(42.285713) 1908. op(T(x6, T2), op(T2, X)) -> op(x6, op(x3, X))
(42.285713) 1909. op(T3, op(T(x6, R2), X)) -> op(R2, op(x6, X))
(44.285713) 1910. op(T3, op(x6, op(R2, X))) -> op(R2, op(x6, op(T3, X)))
(44.285713) 1911. rdiv(x3, ldiv(op(x6, X), T2)) -> op(T(x6, T2), X)
(44.285713) 1912. op(T2, op(X, T(x6, T2))) -> op(x3, op(X, x6))
(44.285713) 1913. K(T2, op(X, T(x6, T2))) -> K(T2, op(X, x6))
(44.285713) 1914. op(T(x6, T2), op(X, T2)) -> op(x6, op(X, x3))
(44.285713) 1915. op(T3, op(X, T(x6, R2))) -> op(R2, op(X, x6))
(36.285713) 1916. op(T(x6, X), T3) -> op(R2, T(x6, X))
(44.0) 1917. op(L(x6, x6, x6), T3) -> op(R2, L(x6, x6, x6))
(44.285713) 1918. K(R2, op(X, T(x6, R2))) -> K(R2, op(X, x6))
(44.285713) 1919. rdiv(op(R2, T(x6, X)), T3) -> T(x6, X)
(44.571426) 1920. L(X, T2, ldiv(x3, Y)) -> L(X, T2, rdiv(Y, x3))
(44.571426) 1921. L(X, R2, ldiv(T3, Y)) -> L(X, R2, rdiv(Y, T3))
(45.714287) 1922. rdiv(op(X, Y), rdiv(Y, K(Z, W))) -> rdiv(X, K(W, Z))
(42.14286) 1923. T(rdiv(X, K(Y, Z)), W) -> rdiv(T(X, W), K(Y, Z))
(42.714287) 1924. L(X, Y, rdiv(Z, K(W, V))) -> L(X, Y, Z)
(39.14286) 1925. L(X, Y, op(Z, W)) <-> L(X, Y, op(W, Z))
(39.14286) 1926. L(X, Y, ldiv(Z, W)) -> L(X, Y, rdiv(W, Z))
(39.285713) 1927. L(X, Y, T(Z, W)) -> L(X, Y, Z)
(34.57143) 1928. L(X, Y, x3) -> L(X, Y, T2)
(34.57143) 1929. L(X, Y, T3) -> L(X, Y, R2)
(42.571426) 1930. L(X, Y, op(x6, x3)) -> L(X, Y, op(T2, x6))
(42.571426) 1931. L(X, Y, op(T3, x6)) -> L(X, Y, op(R2, x6))
(42.714287) 1932. L(X, Y, R(Z, Z, Z)) -> L(X, Y, Z)
(44.571426) 1933. L(X, Y, R(R2, x6, R2)) -> L(X, Y, R2)
(44.714287) 1934. L(X, Y, op(Z, rdiv(W, Z))) -> L(X, Y, W)
(44.571426) 1935. L(X, Y, R(x3, x6, T2)) -> L(X, Y, T2)
(44.714287) 1936. L(X, Y, rdiv(Z, rdiv(Z, W))) -> L(X, Y, W)
(44.714287) 1937. L(X, Y, L(Z, Z, Z)) -> L(X, Y, Z)
(44.714287) 1938. L(X, Y, R(Z, W, Z)) -> L(X, Y, Z)
(44.714287) 1939. L(X, Y, L(Z, W, Z)) -> L(X, Y, Z)
(45.571426) 1940. T(rdiv(X, rdiv(T3, R2)), Y) -> rdiv(R2, ldiv(T(X, Y), T3))
(44.714287) 1941. R(X, ldiv(X, K(Y, Z)), W) -> R(X, rdiv(zero, X), W)
(45.714287) 1942. op(X, op(Y, ldiv(T(Y, X), Z))) -> op(T(X, Y), Z)
(40.285713) 1943. op(X, ldiv(T(X, Y), Z)) -> rdiv(Z, K(X, Y))
(42.14286) 1944. op(T(X, Y), op(X, Y)) -> op(X, op(T(X, Y), Y))
(45.714287) 1945. T(ldiv(X, x3), rdiv(T2, X)) -> ldiv(X, x3)
(45.714287) 1946. T(X, rdiv(T2, rdiv(x3, X))) -> X
(45.714287) 1947. T(X, rdiv(T2, T(x3, Y))) -> X
(45.714287) 1948. T(ldiv(T3, X), rdiv(X, R2)) -> ldiv(T3, X)
(45.714287) 1949. ldiv(op(X, T3), op(R2, X)) -> rdiv(T(R2, X), T3)
(45.714287) 1950. ldiv(op(T2, X), op(X, x3)) -> rdiv(x3, T(T2, X))
(45.857143) 1951. op(T(X, Y), T(T(Y, X), X)) -> op(Y, X)
(45.0) 1952. op(x3, op(T(T2, x6), x6)) -> op(T2, op(T2, x6))
(45.857143) 1953. rdiv(op(X, Y), T(T(X, Y), Y)) -> T(Y, X)
(45.857143) 1954. rdiv(K(X, Y), op(T(X, Y), Y)) -> rdiv(zero, op(X, Y))
(43.0) 1955. rdiv(rdiv(T2, x3), op(T2, x6)) -> rdiv(zero, op(x6, T2))
(43.0) 1956. rdiv(rdiv(T3, R2), op(T3, x6)) -> rdiv(zero, op(R2, x6))
(45.857143) 1957. op(x3, op(x6, a(X, Y, Z))) -> op(x6, op(T2, a(X, Y, Z)))
(45.857143) 1958. op(x6, op(T3, a(X, Y, Z))) -> op(R2, op(x6, a(X, Y, Z)))
(43.285713) 1959. K(op(R2, a(X, Y, Z)), x6) -> rdiv(T3, R2)
(43.285713) 1960. K(x6, op(R2, a(X, Y, Z))) -> rdiv(R2, T3)
(45.571426) 1961. op(X, rdiv(Y, rdiv(R2, T3))) -> rdiv(op(X, Y), rdiv(R2, T3))
(45.571426) 1962. op(rdiv(X, rdiv(R2, T3)), Y) -> rdiv(op(X, Y), rdiv(R2, T3))
(45.571426) 1963. rdiv(rdiv(X, Y), rdiv(R2, T3)) -> rdiv(X, rdiv(Y, rdiv(T3, R2)))
(44.0) 1964. rdiv(R(R2, x6, R2), R2) -> rdiv(T3, L(T3, x6, R2))
(45.571426) 1965. ldiv(X, rdiv(Y, rdiv(R2, T3))) -> rdiv(ldiv(X, Y), rdiv(R2, T3))
(44.285713) 1966. rdiv(ldiv(X, R2), rdiv(R2, T3)) -> ldiv(X, T3)
(40.285713) 1967. op(T3, ldiv(X, R2)) -> op(R2, ldiv(X, T3))
(40.285713) 1968. rdiv(ldiv(X, T3), T3) -> rdiv(ldiv(X, R2), R2)
(42.285713) 1969. ldiv(T3, ldiv(X, T3)) -> ldiv(R2, ldiv(X, R2))
(45.571426) 1970. ldiv(rdiv(X, rdiv(R2, T3)), Y) -> rdiv(R2, ldiv(ldiv(X, Y), T3))
(44.285713) 1971. rdiv(R2, ldiv(ldiv(R2, X), T3)) -> ldiv(T3, X)
(40.285713) 1972. ldiv(ldiv(T3, X), R2) -> ldiv(ldiv(R2, X), T3)
(40.285713) 1973. ldiv(T3, T(R2, X)) -> rdiv(T(R2, X), T3)
(43.0) 1974. ldiv(rdiv(zero, T3), R2) -> ldiv(rdiv(zero, R2), T3)
(45.0) 1975. ldiv(T3, R(R2, x6, R2)) -> K(op(R2, x6), R2)
(45.571426) 1976. T(rdiv(X, rdiv(R2, T3)), Y) -> rdiv(T(X, Y), rdiv(R2, T3))
(44.285713) 1977. rdiv(T(R2, X), rdiv(R2, T3)) -> T(T3, X)
(40.285713) 1978. op(T3, T(R2, X)) -> op(R2, T(T3, X))
(45.714287) 1979. T(ldiv(X, T3), rdiv(R2, X)) -> ldiv(X, T3)
(45.714287) 1980. T(X, rdiv(R2, rdiv(T3, X))) -> X
(45.857143) 1981. rdiv(op(X, op(Y, a(Z, W, V))), a(Z, W, V)) -> op(X, Y)
(44.428574) 1982. op(X, rdiv(Y, a(Z, W, V))) -> rdiv(op(X, Y), a(Z, W, V))
(41.857143) 1983. K(X, rdiv(Y, a(Z, W, V))) -> K(X, Y)
(43.857143) 1984. K(X, op(Y, a(Z, W, V))) -> K(X, Y)
(43.857143) 1985. K(rdiv(X, a(Y, Z, W)), V) -> K(X, V)
(44.14286) 1986. K(X, op(Y, op(Z, W))) <-> K(X, op(Z, op(W, Y)))
(44.285713) 1987. K(X, op(Y, T(Z, W))) -> K(X, op(Y, Z))
(44.714287) 1988. K(op(a(X, Y, Z), a(X, Y, Z)), W) -> zero
(45.857143) 1989. ldiv(op(T(X, Y), Y), K(X, Y)) -> ldiv(op(X, Y), zero)
(43.0) 1990. ldiv(op(T2, x6), rdiv(T2, x3)) -> ldiv(op(x6, T2), zero)
(45.0) 1991. ldiv(op(x6, x3), rdiv(x3, T2)) -> ldiv(op(x6, T2), zero)
(45.857143) 1992. rdiv(op(X, x3), T(X, T2)) -> x3
(45.857143) 1993. ldiv(rdiv(x3, ldiv(X, T2)), X) -> rdiv(T2, x3)
(45.857143) 1994. rdiv(X, rdiv(x3, ldiv(X, T2))) -> rdiv(T2, x3)
(45.857143) 1995. ldiv(X, rdiv(x3, ldiv(X, T2))) -> rdiv(x3, T2)
(45.857143) 1996. rdiv(rdiv(x3, ldiv(X, T2)), X) -> rdiv(x3, T2)
(45.857143) 1997. ldiv(rdiv(T2, ldiv(X, x3)), X) -> rdiv(x3, T2)
(45.857143) 1998. rdiv(X, rdiv(T2, ldiv(X, x3))) -> rdiv(x3, T2)
(45.857143) 1999. ldiv(X, rdiv(T2, ldiv(X, x3))) -> rdiv(T2, x3)
(45.857143) 2000. rdiv(rdiv(T2, ldiv(X, x3)), X) -> rdiv(T2, x3)
(45.857143) 2001. K(X, rdiv(T(x3, Y), T2)) -> zero
(45.857143) 2002. K(rdiv(op(T(X, Y), Y), X), X) -> K(Y, X)
(45.857143) 2003. L(X, rdiv(Y, rdiv(T3, R2)), Z) -> L(X, Y, Z)
(43.857143) 2004. ldiv(rdiv(R2, ldiv(X, T3)), X) -> rdiv(T3, R2)
(45.857143) 2005. rdiv(T(T3, X), T(R2, X)) -> rdiv(T3, R2)
(45.857143) 2006. rdiv(T(R2, X), T(T3, X)) -> rdiv(R2, T3)
(45.857143) 2007. rdiv(T(T2, X), T(x3, X)) -> rdiv(T2, x3)
(45.857143) 2008. rdiv(T(x3, X), T(T2, X)) -> rdiv(x3, T2)
(45.857143) 2009. K(X, rdiv(T2, ldiv(X, x3))) -> zero
(45.857143) 2010. L(X, rdiv(op(x3, Y), T2), Z) -> L(X, Y, Z)
(41.857143) 2011. L(X, rdiv(Y, x3), Z) -> L(X, rdiv(Y, T2), Z)
(45.0) 2012. L(x3, rdiv(zero, T2), T2) -> rdiv(zero, rdiv(zero, x3))
(45.14286) 2013. L(X, rdiv(T(x3, Y), T2), Z) -> X
(45.714287) 2014. L(X, rdiv(x3, T(T2, x6)), Y) -> X
(45.857143) 2015. L(X, op(x3, Y), Z) -> L(X, op(T2, Y), Z)
(45.857143) 2016. K(op(R2, rdiv(X, T3)), X) -> zero
(45.857143) 2017. K(X, rdiv(R2, ldiv(X, T3))) -> zero
(45.857143) 2018. rdiv(K(R2, X), T(T3, X)) -> rdiv(zero, T3)
(45.857143) 2019. rdiv(ldiv(X, op(a(Y, Z, W), V)), a(Y, Z, W)) -> ldiv(X, V)
(45.857143) 2020. rdiv(ldiv(X, op(Y, a(Z, W, V))), a(Z, W, V)) -> ldiv(X, Y)
(45.857143) 2021. K(rdiv(a(X, Y, Z), W), W) -> K(rdiv(zero, W), W)
(45.857143) 2022. rdiv(rdiv(X, a(Y, Z, W)), rdiv(V, a(Y, Z, W))) -> rdiv(X, V)
(44.428574) 2023. rdiv(rdiv(X, a(Y, Z, W)), V) -> rdiv(X, op(V, a(Y, Z, W)))
(45.857143) 2024. K(rdiv(T2, T(x3, X)), Y) -> zero
(45.857143) 2025. K(X, rdiv(T2, T(x3, Y))) -> zero
(45.857143) 2026. ldiv(ldiv(R2, X), ldiv(T3, X)) -> rdiv(R2, T3)
(45.857143) 2027. ldiv(ldiv(T3, X), ldiv(R2, X)) -> rdiv(T3, R2)
(45.857143) 2028. rdiv(ldiv(T3, X), ldiv(R2, X)) -> rdiv(R2, T3)
(45.857143) 2029. rdiv(ldiv(R2, X), ldiv(T3, X)) -> rdiv(T3, R2)
(45.857143) 2030. K(X, rdiv(op(T3, X), R2)) -> zero
(45.857143) 2031. op(op(X, Y), op(T(Y, X), X)) -> op(op(Y, X), op(Y, X))
(43.0) 2032. op(op(x6, T2), op(x6, T2)) -> op(op(T2, x6), op(x6, x3))
(43.0) 2033. op(op(x6, R2), op(T3, x6)) -> op(op(R2, x6), op(R2, x6))
(45.0) 2034. op(op(T3, x6), op(x6, R2)) -> op(op(R2, x6), op(R2, x6))
(45.857143) 2035. op(op(T(X, Y), Y), op(Y, X)) -> op(op(X, Y), op(X, Y))
(45.857143) 2036. rdiv(T(T(X, Y), Y), K(X, Y)) -> T(X, Y)
(44.714287) 2037. ldiv(T(T(X, Y), Y), zero) = ldiv(T(X, Y), K(Y, X))
(45.285713) 2038. ldiv(X, K(op(X, X), X)) -> ldiv(L(X, X, X), zero)
(45.857143) 2039. L(X, Y, rdiv(Z, rdiv(T3, R2))) -> L(X, Y, Z)
(45.857143) 2040. L(X, Y, rdiv(Z, rdiv(x3, T2))) -> L(X, Y, Z)
(45.714287) 2041. L(X, Y, rdiv(x3, T(T2, x6))) -> X
(45.857143) 2042. K(R(R2, rdiv(zero, X), X), x6) -> rdiv(T3, R2)
(45.857143) 2043. K(R(R2, X, rdiv(zero, X)), x6) -> rdiv(T3, R2)
(45.857143) 2044. L(X, rdiv(Y, rdiv(R2, T3)), Z) -> L(X, Y, Z)
(41.857143) 2045. L(X, op(Y, T3), Z) -> L(X, op(Y, R2), Z)
(43.857143) 2046. L(X, rdiv(Y, T3), Z) -> L(X, rdiv(Y, R2), Z)
(43.857143) 2047. L(X, rdiv(T3, Y), Z) -> L(X, rdiv(R2, Y), Z)
(43.857143) 2048. L(X, op(Y, R2), Z) = L(X, op(T3, Y), Z)
(45.857143) 2049. K(x6, R(R2, rdiv(zero, X), X)) -> rdiv(R2, T3)
(45.857143) 2050. K(x6, R(R2, X, rdiv(zero, X))) -> rdiv(R2, T3)
(45.857143) 2051. L(X, Y, rdiv(Z, rdiv(R2, T3))) -> L(X, Y, Z)
(41.857143) 2052. L(X, Y, op(Z, T3)) -> L(X, Y, op(Z, R2))
(43.857143) 2053. L(X, Y, rdiv(Z, T3)) -> L(X, Y, rdiv(Z, R2))
(43.857143) 2054. L(X, Y, rdiv(T3, Z)) -> L(X, Y, rdiv(R2, Z))
(43.857143) 2055. L(X, Y, op(Z, R2)) = L(X, Y, op(T3, Z))
(45.857143) 2056. ldiv(ldiv(X, T3), ldiv(X, R2)) -> rdiv(R2, T3)
(45.857143) 2057. ldiv(ldiv(X, R2), ldiv(X, T3)) -> rdiv(T3, R2)
(45.857143) 2058. rdiv(ldiv(X, R2), ldiv(X, T3)) -> rdiv(R2, T3)
(45.857143) 2059. rdiv(ldiv(X, T3), ldiv(X, R2)) -> rdiv(T3, R2)
(45.857143) 2060. ldiv(T(T3, X), T(R2, X)) -> rdiv(R2, T3)
(45.857143) 2061. ldiv(T(R2, X), T(T3, X)) -> rdiv(T3, R2)
(45.857143) 2062. K(X, rdiv(a(Y, Z, W), V)) -> K(X, rdiv(zero, V))
(45.571426) 2063. K(X, rdiv(rdiv(T2, x3), Y)) -> K(X, rdiv(zero, Y))
(45.571426) 2064. K(X, rdiv(rdiv(x3, T2), Y)) -> K(X, rdiv(zero, Y))
(45.857143) 2065. K(X, op(a(Y, Z, W), V)) -> K(X, V)
(45.857143) 2066. K(op(X, a(Y, Z, W)), V) -> K(X, V)
(45.857143) 2067. ldiv(rdiv(R2, X), rdiv(T3, X)) -> rdiv(T3, R2)
(45.857143) 2068. rdiv(X, rdiv(R2, ldiv(X, T3))) -> rdiv(T3, R2)
(45.857143) 2069. L(X, op(T3, Y), Z) -> L(X, op(R2, Y), Z)
(45.857143) 2070. L(X, Y, op(T3, Z)) -> L(X, Y, op(R2, Z))
(46.0) 2071. op(L(x6, x6, x6), T2) -> op(x3, L(x6, x6, x6))
(46.0) 2072. op(L(T3, R2, R2), R2) -> op(R2, L(T3, R2, R2))
(46.0) 2073. T(L(T3, R2, R2), R2) -> L(T3, R2, R2)
(46.0) 2074. op(L(T2, T2, T2), x3) -> op(x3, L(T2, T2, T2))
(46.0) 2075. op(L(x3, T2, T2), x3) -> op(x3, L(x3, T2, T2))
(46.0) 2076. T(L(x3, T2, T2), T2) -> L(x3, T2, T2)
(46.0) 2077. ldiv(L(x3, T2, T2), T2) -> rdiv(T2, L(x3, T2, T2))
(46.0) 2078. ldiv(L(T2, T2, T2), x3) -> rdiv(x3, L(T2, T2, T2))
(46.0) 2079. ldiv(R(T2, T2, T2), x3) -> rdiv(x3, R(T2, T2, T2))
(46.0) 2080. op(R(R2, x6, R2), T3) -> op(T3, R(R2, x6, R2))
(46.0) 2081. op(L(R2, R2, R2), T3) -> op(T3, L(R2, R2, R2))
(46.0) 2082. op(L(T3, x6, R2), T3) -> op(T3, L(T3, x6, R2))
(46.0) 2083. ldiv(x3, R(T2, T2, T2)) -> rdiv(T2, L(x3, T2, T2))
(46.0) 2084. rdiv(T2, K(T2, op(T2, x6))) -> R(x3, x6, T2)
(45.0) 2085. ldiv(R(x3, x6, T2), T2) -> K(T2, op(T2, x6))
(45.0) 2086. rdiv(T2, R(x3, x6, T2)) -> K(T2, op(T2, x6))
(45.0) 2087. ldiv(T2, R(x3, x6, T2)) -> K(op(T2, x6), T2)
(45.0) 2088. rdiv(R(x3, x6, T2), T2) -> K(op(T2, x6), T2)
(46.0) 2089. ldiv(x3, R(x3, x6, T2)) -> rdiv(T2, L(T2, x6, T2))
(46.0) 2090. T(X, rdiv(a(Y, Z, W), X)) -> ldiv(ldiv(X, zero), zero)
(46.0) 2091. rdiv(L(T3, x6, R2), T3) -> rdiv(R2, R(R2, x6, R2))
(46.0) 2092. L(X, rdiv(zero, a(Y, Z, W)), V) -> X
(46.0) 2093. L(X, Y, rdiv(zero, a(Z, W, V))) -> X
(46.0) 2094. R(X, rdiv(zero, a(Y, Z, W)), X) -> X
(46.0) 2095. op(R(x3, x6, T2), x3) -> op(x3, R(x3, x6, T2))
(46.0) 2096. rdiv(R(T2, T2, T2), x3) -> rdiv(T2, L(x3, T2, T2))
(46.0) 2097. ldiv(L(T3, R2, R2), R2) -> rdiv(R2, L(T3, R2, R2))
(46.0) 2098. ldiv(R(T3, T3, T3), R2) -> rdiv(R2, R(T3, T3, T3))
(46.0) 2099. ldiv(R(R2, x6, R2), R2) -> rdiv(R2, R(R2, x6, R2))
(46.0) 2100. ldiv(R2, R(T3, T3, T3)) -> rdiv(T3, L(R2, R2, R2))
(46.0) 2101. ldiv(R2, L(T3, R2, R2)) -> rdiv(L(T3, R2, R2), R2)
(46.0) 2102. ldiv(L(R2, R2, R2), T3) -> rdiv(T3, L(R2, R2, R2))
(46.0) 2103. ldiv(R(R2, R2, R2), T3) -> rdiv(T3, R(R2, R2, R2))
(46.0) 2104. ldiv(L(T3, x6, R2), T3) -> rdiv(T3, L(T3, x6, R2))
(46.0) 2105. ldiv(T3, R(R2, R2, R2)) -> rdiv(R2, L(T3, R2, R2))
(46.0) 2106. ldiv(T3, L(R2, R2, R2)) -> rdiv(L(R2, R2, R2), T3)
(46.0) 2107. ldiv(T3, L(T3, x6, R2)) -> rdiv(R2, R(R2, x6, R2))
(46.142857) 2108. ldiv(ldiv(ldiv(X, x3), T2), T2) = T(ldiv(X, x3), X)
(46.142857) 2109. L(ldiv(T3, zero), R2, X) = ldiv(op(X, T3), X)
(46.142857) 2110. ldiv(ldiv(ldiv(X, T2), T2), x3) = T(ldiv(X, x3), X)
(46.142857) 2111. op(ldiv(ldiv(X, R2), T3), ldiv(X, R2)) -> rdiv(T3, K(rdiv(R2, X), X))
(45.571426) 2112. rdiv(T3, K(X, rdiv(R2, X))) -> op(ldiv(X, T3), X)
(45.714287) 2113. rdiv(T3, T(ldiv(X, R2), X)) -> ldiv(ldiv(X, R2), T3)
(46.285713) 2114. rdiv(T3, ldiv(ldiv(X, R2), R2)) -> ldiv(X, T3)
(42.285713) 2115. rdiv(X, rdiv(R2, T3)) = rdiv(T3, ldiv(X, R2))
(53.571426) 2116. L(ldiv(x3, X), T2, rdiv(X, x3)) -> T(rdiv(X, x3), X)
(53.571426) 2117. L(ldiv(T3, X), R2, rdiv(X, R2)) -> T(rdiv(X, T3), X)
(45.571426) 2118. rdiv(T3, K(rdiv(R2, X), X)) -> op(X, rdiv(T3, X))
(44.142857) 2119. op(ldiv(ldiv(X, x3), T2), ldiv(X, x3)) -> op(X, rdiv(T2, X))
(46.14286) 2120. op(X, T(X, rdiv(Y, X))) = op(ldiv(ldiv(X, Y), Y), X)
(46.14286) 2121. op(T(rdiv(X, Y), Z), Y) = rdiv(X, K(Z, rdiv(X, Y)))
(44.285713) 2122. op(T(X, Y), T(Z, X)) -> op(Z, T(X, Y))
(46.14286) 2123. op(T(X, Y), T(X, Z)) <-> op(T(X, Z), T(X, Y))
(41.285713) 2124. rdiv(T(X, Y), op(X, Y)) -> R(rdiv(zero, Y), Y, X)
(37.0) 2125. rdiv(T3, op(R2, x6)) -> rdiv(R2, op(x6, R2))
(45.0) 2126. rdiv(T(x6, R2), op(R2, x6)) -> rdiv(x6, op(T3, x6))
(46.14286) 2127. op(X, T(Y, rdiv(X, Y))) = op(op(Y, rdiv(X, Y)), Y)
(46.14286) 2128. K(op(X, op(Y, Z)), W) <-> K(op(X, op(Z, Y)), W)
(46.14286) 2129. op(ldiv(ldiv(X, Y), Y), X) -> op(X, ldiv(ldiv(X, Y), Y))
(46.14286) 2130. ldiv(X, T(T(X, Y), Z)) -> rdiv(K(X, Y), K(Z, X))
(40.285713) 2131. ldiv(x3, T(T2, X)) -> rdiv(T(T2, X), x3)
(46.14286) 2132. K(X, op(Y, op(Z, W))) <-> K(X, op(Y, op(W, Z)))
(46.14286) 2133. K(op(a(X, Y, Z), W), W) -> zero
(46.14286) 2134. K(X, op(a(Y, Z, W), X)) -> zero
(46.14286) 2135. T(rdiv(X, rdiv(X, Y)), Z) -> rdiv(X, rdiv(X, T(Y, Z)))
(46.14286) 2136. rdiv(X, K(rdiv(Y, X), Z)) = rdiv(Y, T(ldiv(X, Y), Z))
(46.14286) 2137. ldiv(T(X, Y), op(Z, X)) -> rdiv(T(Z, X), K(X, Y))
(46.14286) 2138. rdiv(K(X, Y), K(X, Z)) -> rdiv(T(X, Y), T(X, Z))
(46.14286) 2139. K(X, op(Y, ldiv(Z, W))) -> K(X, op(Y, rdiv(W, Z)))
(45.571426) 2140. K(X, op(T2, rdiv(Y, x3))) -> K(X, Y)
(45.857143) 2141. K(op(T2, rdiv(X, x3)), X) -> zero
(46.14286) 2142. T(X, op(Y, rdiv(Z, W))) = T(X, op(ldiv(W, Z), Y))
(46.14286) 2143. K(X, op(Y, op(Z, W))) <-> K(X, op(Z, op(Y, W)))
(64.428566) 2144. T(X, op(Y, op(Z, op(W, a(V, U, T))))) -> T(X, op(Y, op(Z, W)))
(46.14286) 2145. K(X, L(X, rdiv(Y, X), X)) -> zero
(40.714287) 2146. K(X, L(X, Y, X)) -> zero
(42.428574) 2147. K(T2, L(x3, X, T2)) -> zero
(42.428574) 2148. K(R2, L(T3, X, R2)) -> zero
(42.57143) 2149. T(X, L(X, Y, X)) -> X
(42.714287) 2150. K(L(X, Y, X), X) -> zero
(44.428574) 2151. T(T3, L(R2, X, R2)) -> T3
(44.428574) 2152. T(x3, L(T2, X, T2)) -> x3
(44.428574) 2153. T(T2, L(x3, X, T2)) -> T2
(44.428574) 2154. K(L(x3, X, T2), T2) -> zero
(44.428574) 2155. T(x3, L(x3, X, T2)) -> x3
(44.428574) 2156. T(R2, L(T3, X, R2)) -> R2
(44.428574) 2157. K(L(T3, X, R2), R2) -> zero
(44.428574) 2158. T(T3, L(T3, X, R2)) -> T3
(45.285713) 2159. T(L(X, Y, X), X) -> L(X, Y, X)
(46.14286) 2160. op(X, op(X, rdiv(Y, X))) = op(T(X, rdiv(Y, X)), Y)
(46.14286) 2161. op(op(T(X, Y), Y), X) -> op(op(X, Y), T(X, Y))
(46.14286) 2162. K(rdiv(X, op(Y, Z)), W) <-> K(rdiv(X, op(Z, Y)), W)
(46.14286) 2163. K(X, rdiv(Y, op(Z, W))) <-> K(X, rdiv(Y, op(W, Z)))
(46.14286) 2164. K(rdiv(op(X, Y), Z), W) <-> K(rdiv(op(Y, X), Z), W)
(46.14286) 2165. K(X, rdiv(op(Y, Z), W)) <-> K(X, rdiv(op(Z, Y), W))
(46.14286) 2166. K(op(X, op(Y, Z)), W) <-> K(op(Z, op(X, Y)), W)
(46.14286) 2167. ldiv(op(T(X, Y), Y), Y) = ldiv(op(X, Y), T(Y, X))
(54.285717) 2168. rdiv(rdiv(T3, R2), rdiv(X, rdiv(R2, T3))) -> rdiv(zero, X)
(46.285713) 2169. rdiv(rdiv(R2, T3), op(R2, X)) -> rdiv(zero, op(T3, X))
(46.285713) 2170. rdiv(rdiv(x3, T2), op(x3, X)) -> rdiv(zero, op(T2, X))
(46.285713) 2171. rdiv(op(x3, T(x6, X)), T2) -> T(x6, X)
(46.285713) 2172. rdiv(op(R2, T(T3, X)), R2) -> T(T3, X)
(46.285713) 2173. rdiv(R2, ldiv(ldiv(X, zero), T3)) -> ldiv(X, rdiv(R2, T3))
(46.285713) 2174. rdiv(R2, ldiv(rdiv(zero, X), T3)) -> rdiv(rdiv(R2, T3), X)
(46.285713) 2175. rdiv(T3, rdiv(X, rdiv(R2, T3))) -> rdiv(R2, X)
(42.285713) 2176. rdiv(T3, op(T3, X)) -> rdiv(R2, op(R2, X))
(42.285713) 2177. rdiv(T3, op(X, T3)) -> rdiv(R2, op(X, R2))
(42.285713) 2178. rdiv(T3, ldiv(R2, X)) -> rdiv(R2, ldiv(T3, X))
(46.285713) 2179. T(X, op(x4, op(x5, x3))) -> T(X, op(R2, op(x4, x5)))
(46.285713) 2180. T(rdiv(X, T(Y, Z)), Y) -> ldiv(T(Y, Z), X)
(46.285713) 2181. T(rdiv(op(X, Y), X), Y) -> rdiv(Y, K(Y, X))
(46.285713) 2182. rdiv(T2, rdiv(T2, T(x3, X))) -> T(x3, X)
(46.285713) 2183. rdiv(x3, rdiv(x3, T(T2, X))) -> T(T2, X)
(46.285713) 2184. rdiv(zero, ldiv(X, rdiv(T3, R2))) -> rdiv(X, rdiv(T3, R2))
(46.285713) 2185. rdiv(zero, ldiv(X, rdiv(R2, T3))) -> rdiv(X, rdiv(R2, T3))
(46.285713) 2186. rdiv(rdiv(T3, R2), rdiv(rdiv(T3, R2), X)) -> rdiv(zero, rdiv(zero, X))
(46.285713) 2187. rdiv(rdiv(R2, T3), rdiv(rdiv(R2, T3), X)) -> rdiv(zero, rdiv(zero, X))
(46.285713) 2188. rdiv(rdiv(x3, T2), rdiv(rdiv(x3, T2), X)) -> rdiv(zero, rdiv(zero, X))
(46.285713) 2189. rdiv(rdiv(T2, x3), rdiv(rdiv(T2, x3), X)) -> rdiv(zero, rdiv(zero, X))
(46.285713) 2190. rdiv(rdiv(x3, ldiv(X, T2)), x3) -> rdiv(X, T2)
(42.285713) 2191. rdiv(rdiv(x3, X), x3) -> rdiv(rdiv(T2, X), T2)
(42.285713) 2192. rdiv(ldiv(X, x3), x3) -> rdiv(ldiv(X, T2), T2)
(44.285713) 2193. ldiv(x3, rdiv(x3, X)) -> ldiv(T2, rdiv(T2, X))
(44.285713) 2194. ldiv(x3, ldiv(X, x3)) -> ldiv(T2, ldiv(X, T2))
(46.285713) 2195. ldiv(rdiv(rdiv(x3, T2), X), x3) -> ldiv(rdiv(zero, X), T2)
(46.285713) 2196. ldiv(rdiv(rdiv(T2, x3), X), T2) -> ldiv(rdiv(zero, X), x3)
(46.285713) 2197. ldiv(ldiv(X, rdiv(T2, x3)), T2) -> ldiv(ldiv(X, zero), x3)
(46.285713) 2198. ldiv(rdiv(zero, X), rdiv(T3, R2)) -> rdiv(X, rdiv(R2, T3))
(46.285713) 2199. op(R2, ldiv(X, rdiv(T3, R2))) -> op(T3, ldiv(X, zero))
(46.285713) 2200. ldiv(ldiv(X, rdiv(x3, T2)), x3) -> ldiv(ldiv(X, zero), T2)
(46.285713) 2201. T(X, rdiv(Y, T(Z, W))) -> T(X, rdiv(Y, Z))
(46.285713) 2202. K(rdiv(X, T(Y, Z)), W) -> K(rdiv(X, Y), W)
(46.285713) 2203. K(X, rdiv(Y, T(Z, W))) -> K(X, rdiv(Y, Z))
(46.285713) 2204. T(X, rdiv(T(Y, Z), W)) -> T(X, rdiv(Y, W))
(46.285713) 2205. K(rdiv(T(X, Y), Z), W) -> K(rdiv(X, Z), W)
(46.285713) 2206. K(X, rdiv(T(Y, Z), W)) -> K(X, rdiv(Y, W))
(46.285713) 2207. rdiv(T3, rdiv(R2, T(T3, X))) -> T(T(T3, X), x6)
(46.285713) 2208. T(X, op(T(Y, Z), W)) -> T(X, op(Y, W))
(46.285713) 2209. K(op(T(X, Y), Z), W) -> K(op(X, Z), W)
(53.142853) 2210. T(R(ldiv(X, Y), X, rdiv(Y, X)), Y) -> T(ldiv(X, Y), X)
(46.285713) 2211. rdiv(T2, ldiv(op(T2, X), x3)) -> op(T(T2, x6), X)
(46.285713) 2212. rdiv(T2, ldiv(op(X, T2), x3)) -> op(X, T(T2, x6))
(46.285713) 2213. rdiv(zero, ldiv(X, rdiv(x3, T2))) -> rdiv(X, rdiv(x3, T2))
(46.285713) 2214. L(ldiv(T3, T(X, x6)), R2, x6) -> ldiv(op(R2, x6), op(X, x6))
(46.285713) 2215. rdiv(R2, rdiv(R2, T(T3, X))) -> T(T3, X)
(46.285713) 2216. ldiv(ldiv(X, rdiv(T3, R2)), T3) -> ldiv(ldiv(X, zero), R2)
(46.285713) 2217. ldiv(op(T(x6, R2), X), R2) -> ldiv(op(x6, X), T3)
(46.285713) 2218. rdiv(R2, ldiv(T(x6, X), T3)) -> T(T(x6, X), R2)
(46.285713) 2219. op(R(X, X, X), ldiv(X, zero)) -> K(op(X, X), X)
(53.714287) 2220. T(X, rdiv(Y, ldiv(Z, K(Z, Y)))) -> T(X, op(Y, Z))
(46.285713) 2221. ldiv(ldiv(X, rdiv(T3, R2)), rdiv(T3, R2)) -> ldiv(ldiv(X, zero), zero)
(46.285713) 2222. ldiv(ldiv(X, rdiv(R2, T3)), rdiv(R2, T3)) -> ldiv(ldiv(X, zero), zero)
(46.285713) 2223. ldiv(ldiv(X, rdiv(x3, T2)), rdiv(x3, T2)) -> ldiv(ldiv(X, zero), zero)
(46.285713) 2224. rdiv(op(x6, T2), T(x6, X)) -> rdiv(x3, K(x6, X))
(46.285713) 2225. rdiv(op(R2, x6), T(T3, X)) -> rdiv(x6, K(R2, X))
(45.285713) 2226. T(L(T3, x6, R2), X) -> L(T(T3, X), x6, R2)
(46.285713) 2227. rdiv(T(X, Y), op(X, Y)) -> rdiv(X, op(Y, X))
(46.285713) 2228. rdiv(R2, rdiv(X, rdiv(T3, R2))) -> rdiv(T3, X)
(45.857143) 2229. K(X, rdiv(R2, rdiv(T3, X))) -> zero
(45.857143) 2230. K(rdiv(R2, rdiv(T3, X)), X) -> zero
(42.285713) 2231. ldiv(op(x6, R2), op(R2, X)) -> ldiv(op(R2, x6), op(T3, X))
(44.285713) 2232. ldiv(op(x6, R2), op(X, R2)) -> ldiv(op(R2, x6), op(X, T3))
(46.285713) 2233. T(X, op(T2, op(x4, x5))) -> T(X, op(R2, op(x4, x5)))
(46.285713) 2234. T(X, op(R2, op(x4, x5))) -> T(X, op(R3, op(x4, x5)))
(46.285713) 2235. T(X, op(T2, op(x4, x5))) -> T(X, op(R3, op(x4, x5)))
(46.285713) 2236. rdiv(ldiv(X, Y), Y) = R(rdiv(zero, X), X, rdiv(Y, X))
(43.857143) 2237. rdiv(rdiv(R2, ldiv(X, T3)), X) -> rdiv(R2, T3)
(45.857143) 2238. rdiv(rdiv(R2, X), rdiv(T3, X)) -> rdiv(R2, T3)
(46.285713) 2239. rdiv(T2, rdiv(T2, ldiv(X, x3))) -> rdiv(x3, X)
(42.285713) 2240. rdiv(x3, rdiv(x3, X)) -> rdiv(T2, rdiv(T2, X))
(42.285713) 2241. rdiv(x3, ldiv(T2, X)) -> rdiv(T2, ldiv(x3, X))
(46.285713) 2242. rdiv(R2, ldiv(op(X, x6), T3)) -> op(X, T(x6, R2))
(46.285713) 2243. ldiv(op(X, Y), T(X, Y)) -> ldiv(op(Y, X), X)
(46.285713) 2244. rdiv(op(x6, x3), op(X, op(x6, x3))) -> rdiv(op(T2, x6), op(X, op(T2, x6)))
(46.285713) 2245. rdiv(op(T3, x6), op(X, op(T3, x6))) -> rdiv(op(R2, x6), op(X, op(R2, x6)))
(46.285713) 2246. rdiv(op(x6, x3), op(op(x6, x3), X)) -> rdiv(op(T2, x6), op(op(T2, x6), X))
(46.285713) 2247. rdiv(op(T3, x6), op(op(T3, x6), X)) -> rdiv(op(R2, x6), op(op(R2, x6), X))
(46.285713) 2248. op(T3, op(x6, op(X, R2))) -> op(R2, op(x6, op(X, T3)))
(46.285713) 2249. op(T(x6, T2), T(T2, X)) -> rdiv(op(x6, x3), K(X, T2))
(46.285713) 2250. op(x3, op(x6, op(T2, X))) -> op(T2, op(x6, op(x3, X)))
(46.285713) 2251. op(T(R2, X), op(R2, x6)) -> op(T3, op(x6, T(R2, X)))
(46.285713) 2252. ldiv(op(T(x6, T2), X), x3) -> ldiv(op(x6, X), T2)
(46.285713) 2253. rdiv(x3, ldiv(T(x6, X), T2)) -> T(T(x6, X), T2)
(46.285713) 2254. rdiv(x3, op(T(x6, T2), X)) -> rdiv(T2, op(x6, X))
(46.285713) 2255. rdiv(x3, ldiv(op(X, x6), T2)) -> op(X, T(x6, T2))
(46.285713) 2256. op(op(X, T(x6, T2)), T2) -> op(op(X, x6), x3)
(43.285713) 2257. R(X, T(x6, T2), T2) -> R(X, x6, T2)
(46.285713) 2258. op(T(T(x6, X), R2), T3) -> op(T(x6, X), R2)
(46.285713) 2259. ldiv(x6, op(R2, T(x6, X))) -> rdiv(T3, K(X, x6))
(46.285713) 2260. op(x3, T(T2, X)) -> op(T2, T(x3, X))
(46.285713) 2261. K(X, op(T(Y, Z), W)) -> K(X, op(Y, W))
(46.285713) 2262. rdiv(T3, rdiv(T3, T(R2, X))) -> T(R2, X)
(46.285717) 2263. rdiv(x3, ldiv(op(X, op(x6, T2)), T2)) -> op(X, op(x6, x3))
(42.285713) 2264. ldiv(op(X, op(x6, x3)), x3) -> ldiv(op(X, op(x6, T2)), T2)
(44.285713) 2265. op(R(X, x6, T2), op(x6, x3)) -> op(op(X, x6), x3)
(46.285713) 2266. rdiv(x3, op(X, op(x6, x3))) -> rdiv(T2, op(X, op(x6, T2)))
(46.285717) 2267. rdiv(T3, ldiv(op(X, op(R2, x6)), R2)) -> op(X, op(T3, x6))
(39.0) 2268. rdiv(T3, ldiv(op(R2, x6), R2)) -> op(T3, x6)
(42.285713) 2269. ldiv(op(X, op(T3, x6)), T3) -> ldiv(op(X, op(R2, x6)), R2)
(42.285713) 2270. ldiv(T3, op(X, op(T3, x6))) -> ldiv(R2, op(X, op(R2, x6)))
(43.0) 2271. ldiv(R2, op(op(R2, x6), T3)) -> T(op(T3, x6), R2)
(44.285713) 2272. ldiv(T3, op(op(T3, x6), X)) -> ldiv(R2, op(op(R2, x6), X))
(42.0) 2273. a(T3, x6, ldiv(x6, zero)) -> a(R2, x6, ldiv(x6, zero))
(44.285713) 2274. ldiv(op(op(T3, x6), X), T3) -> ldiv(op(op(R2, x6), X), R2)
(45.0) 2275. ldiv(T3, op(x6, op(R2, x6))) -> ldiv(R2, op(x6, op(x6, R2)))
(46.285713) 2276. rdiv(T3, op(X, op(T3, x6))) -> rdiv(R2, op(X, op(R2, x6)))
(46.285713) 2277. ldiv(T(op(T3, x6), X), T3) -> ldiv(T(op(R2, x6), X), R2)
(46.285717) 2278. rdiv(x3, ldiv(op(op(x6, T2), X), T2)) -> op(op(x6, x3), X)
(42.285713) 2279. ldiv(op(op(x6, x3), X), x3) -> ldiv(op(op(x6, T2), X), T2)
(44.285713) 2280. op(op(x6, x3), L(X, T2, x6)) -> op(x6, op(x3, X))
(44.285713) 2281. ldiv(op(x6, op(x3, X)), x3) -> ldiv(op(x6, op(T2, X)), T2)
(46.285713) 2282. rdiv(x3, op(op(x6, x3), X)) -> rdiv(T2, op(op(x6, T2), X))
(46.285713) 2283. op(op(x6, x3), L(X, x6, T2)) -> op(x3, op(T(x6, T2), X))
(46.285713) 2284. ldiv(op(x6, op(X, x3)), x3) -> ldiv(op(x6, op(X, T2)), T2)
(46.285713) 2285. ldiv(op(op(x3, X), x6), x3) -> ldiv(op(op(T2, X), x6), T2)
(46.285713) 2286. op(op(T2, X), T(x6, T2)) -> op(op(x3, X), x6)
(46.285717) 2287. rdiv(T3, ldiv(op(op(R2, x6), X), R2)) -> op(op(T3, x6), X)
(46.285713) 2288. rdiv(T3, op(op(T3, x6), X)) -> rdiv(R2, op(op(R2, x6), X))
(44.57143) 2289. rdiv(op(X, T(Y, Z)), op(Y, Z)) -> R(rdiv(X, Z), Z, Y)
(43.57143) 2290. R(rdiv(X, Y), Y, rdiv(Z, Y)) = rdiv(op(X, ldiv(Y, Z)), Z)
(43.857143) 2291. rdiv(op(X, T(Y, Z)), K(Y, Z)) -> op(X, Y)
(40.285713) 2292. op(rdiv(X, T(Y, Z)), Y) -> rdiv(X, K(Y, Z))
(44.57143) 2293. L(X, op(Y, T(Z, W)), V) -> L(X, op(Y, Z), V)
(44.714287) 2294. ldiv(op(X, T(Y, Z)), zero) = ldiv(op(X, Y), K(Z, Y))
(45.0) 2295. op(ldiv(T2, op(x6, x3)), T2) -> op(T(x6, T2), x3)
(45.285713) 2296. R(X, rdiv(zero, Y), T(Y, Z)) -> R(X, rdiv(zero, Y), Y)
(45.857143) 2297. rdiv(op(X, T(Y, Z)), op(X, Y)) -> K(Y, Z)
(45.571426) 2298. K(X, op(Y, op(T3, x6))) -> K(X, op(Y, op(R2, x6)))
(45.857143) 2299. ldiv(op(X, T(Y, Z)), op(X, Y)) -> K(Z, Y)
(44.714287) 2300. rdiv(K(X, Y), op(Z, Y)) -> rdiv(zero, op(Z, T(Y, X)))
(45.571426) 2301. K(op(X, op(T3, x6)), Y) -> K(op(X, op(R2, x6)), Y)
(45.857143) 2302. rdiv(op(T(X, Y), Z), K(X, Y)) -> op(X, Z)
(44.714287) 2303. ldiv(op(T(X, Y), Z), zero) = ldiv(op(X, Z), K(Y, X))
(45.857143) 2304. rdiv(op(X, Y), op(X, T(Y, Z))) -> K(Z, Y)
(45.857143) 2305. K(rdiv(a(X, Y, Z), W), V) -> K(rdiv(zero, W), V)
(45.571426) 2306. K(rdiv(rdiv(T2, x3), X), Y) -> K(rdiv(zero, X), Y)
(45.571426) 2307. K(rdiv(rdiv(x3, T2), X), Y) -> K(rdiv(zero, X), Y)
(46.14286) 2308. R(a(X, Y, Z), W, rdiv(V, W)) -> a(X, Y, Z)
(40.714287) 2309. R(a(X, Y, Z), W, V) -> a(X, Y, Z)
(46.14286) 2310. ldiv(T(X, Y), K(Z, X)) <-> ldiv(T(X, Z), K(Y, X))
(46.14286) 2311. K(op(X, ldiv(Y, Z)), W) -> K(op(X, rdiv(Z, Y)), W)
(45.571426) 2312. K(op(T2, rdiv(X, x3)), Y) -> K(X, Y)
(46.14286) 2313. K(op(X, op(Y, Z)), W) <-> K(op(Y, op(X, Z)), W)
(46.14286) 2314. rdiv(K(X, Y), T(Y, Z)) <-> rdiv(K(Z, Y), T(Y, X))
(46.285713) 2315. ldiv(op(X, x3), rdiv(x3, T2)) -> ldiv(op(X, T2), zero)
(46.285713) 2316. ldiv(op(X, R2), rdiv(R2, T3)) -> ldiv(op(X, T3), zero)
(46.285713) 2317. K(X, op(x4, op(x5, x3))) -> K(X, op(R2, op(x4, x5)))
(46.285713) 2318. K(X, op(T2, op(x4, x5))) -> K(X, op(R3, op(x4, x5)))
(46.285713) 2319. K(op(x4, op(x5, x3)), X) -> K(op(R2, op(x4, x5)), X)
(46.285713) 2320. K(op(T2, op(x4, x5)), X) -> K(op(R3, op(x4, x5)), X)
(46.285713) 2321. rdiv(rdiv(R2, T3), op(X, R2)) -> rdiv(zero, op(X, T3))
(46.285713) 2322. ldiv(op(x3, X), rdiv(x3, T2)) -> ldiv(op(T2, X), zero)
(46.285713) 2323. ldiv(op(R2, X), rdiv(R2, T3)) -> ldiv(op(T3, X), zero)
(46.428574) 2324. ldiv(X, op(op(Y, Z), ldiv(Z, X))) -> T(R(Y, Z, rdiv(X, Z)), X)
  (simplifying rules with respect to one another...)
  (delete rule 105)
  (delete rule 128)
  (delete rule 129)
  (delete rule 132)
  (delete rule 154)
  (delete rule 180)
  (delete rule 201)
  (delete rule 204)
  (delete rule 205)
  (delete rule 222)
  (delete rule 254)
  (delete rule 307)
  (delete rule 313)
(39.142857) 2325. L(ldiv(X, x6), X, T2) = ldiv(op(x3, X), op(x6, T2))
  (delete rule 321)
(39.285713) 2326. rdiv(op(X, T3), op(R2, x6)) -> R(rdiv(X, x6), x6, R2)
  (delete rule 325)
(39.285713) 2327. ldiv(op(x6, T2), op(x3, X)) -> L(ldiv(x6, X), x6, T2)
  (delete rule 332)
  (delete rule 336)
  (delete rule 350)
  (delete rule 369)
(36.285713) 2328. op(R(X, X, X), X) -> T(op(X, X), X)
  (delete rule 374)
  (delete rule 395)
  (delete rule 397)
  (delete rule 413)
  (delete rule 428)
  (delete rule 447)
  (delete rule 463)
  (delete rule 481)
  (delete rule 510)
  (delete rule 524)
  (delete rule 593)
  (delete rule 607)
  (delete rule 611)
  (delete rule 612)
  (delete rule 624)
  (delete rule 633)
  (delete rule 634)
  (delete rule 638)
  (delete rule 655)
  (delete rule 694)
  (delete rule 703)
(38.285713) 2329. op(T(T2, X), x3) -> op(T2, T(x3, X))
  (delete rule 710)
  (delete rule 712)
(42.285713) 2330. op(T(R2, X), T3) -> op(R2, T(T3, X))
  (delete rule 735)
  (delete rule 810)
  (delete rule 820)
  (delete rule 821)
  (delete rule 827)
  (delete rule 828)
  (delete rule 844)
  (delete rule 877)
  (delete rule 907)
  (delete rule 917)
(42.285713) 2331. rdiv(T3, ldiv(op(R2, X), R2)) -> op(T3, X)
  (delete rule 977)
  (delete rule 979)
  (delete rule 1039)
  (delete rule 1046)
  (delete rule 1052)
  (delete rule 1065)
  (delete rule 1066)
  (delete rule 1068)
  (delete rule 1071)
  (delete rule 1072)
  (delete rule 1080)
  (delete rule 1083)
  (delete rule 1084)
  (delete rule 1085)
  (delete rule 1118)
  (delete rule 1123)
  (delete rule 1130)
  (delete rule 1156)
  (delete rule 1175)
  (delete rule 1178)
  (delete rule 1179)
  (delete rule 1180)
  (delete rule 1181)
  (delete rule 1183)
  (delete rule 1186)
  (delete rule 1189)
  (delete rule 1195)
  (delete rule 1202)
  (delete rule 1204)
  (delete rule 1208)
  (delete rule 1210)
  (delete rule 1212)
  (delete rule 1213)
  (delete rule 1229)
  (delete rule 1230)
  (delete rule 1234)
  (delete rule 1235)
(48.0) 2332. op(R2, rdiv(T3, L(T3, x6, R2))) -> R(R2, x6, R2)
  (delete rule 1236)
(44.0) 2333. rdiv(T3, K(R2, op(R2, x6))) -> R(R2, x6, R2)
  (delete rule 1237)
  (delete rule 1240)
  (delete rule 1241)
  (delete rule 1243)
  (delete rule 1248)
  (delete rule 1250)
  (delete rule 1253)
  (delete rule 1254)
  (delete rule 1256)
  (delete rule 1260)
(39.14286) 2334. L(X, rdiv(Y, X), X) = rdiv(Y, rdiv(Y, T(X, Y)))
  (delete rule 1280)
  (delete rule 1281)
  (delete rule 1283)
  (delete rule 1287)
  (delete rule 1289)
  (delete rule 1290)
  (delete rule 1306)
(52.285717) 2335. rdiv(T3, ldiv(ldiv(X, rdiv(R2, T3)), R2)) -> ldiv(X, zero)
  (delete rule 1307)
  (delete rule 1308)
  (delete rule 1313)
(44.285713) 2336. rdiv(T3, ldiv(op(X, R2), R2)) -> op(X, T3)
  (delete rule 1314)
  (delete rule 1317)
(44.285713) 2337. rdiv(T3, ldiv(ldiv(X, zero), R2)) -> ldiv(X, rdiv(T3, R2))
  (delete rule 1336)
  (delete rule 1337)
  (delete rule 1338)
  (delete rule 1339)
  (delete rule 1340)
  (delete rule 1358)
  (delete rule 1360)
  (delete rule 1361)
  (delete rule 1362)
  (delete rule 1365)
  (delete rule 1370)
  (delete rule 1371)
  (delete rule 1372)
  (delete rule 1375)
  (delete rule 1377)
  (delete rule 1380)
  (delete rule 1383)
(45.857143) 2338. T(ldiv(X, T(Y, rdiv(Y, X))), Y) -> ldiv(X, Y)
  (delete rule 1386)
  (delete rule 1387)
  (delete rule 1388)
  (delete rule 1389)
  (delete rule 1390)
  (delete rule 1394)
  (delete rule 1395)
  (delete rule 1396)
(51.0) 2339. R(ldiv(T3, zero), R2, rdiv(zero, T3)) -> T(ldiv(T3, zero), R2)
  (delete rule 1397)
(51.0) 2340. R(ldiv(T2, zero), x3, rdiv(zero, T2)) -> T(ldiv(T2, zero), T2)
  (delete rule 1399)
  (delete rule 1400)
  (delete rule 1402)
  (delete rule 1406)
  (delete rule 1410)
  (delete rule 1433)
  (delete rule 1434)
(39.0) 2341. rdiv(R(R2, x6, R2), T3) -> K(op(R2, x6), R2)
  (delete rule 1448)
(40.714287) 2342. rdiv(T(X, op(X, Y)), K(X, Y)) -> L(X, Y, X)
  (delete rule 1451)
  (delete rule 1452)
  (delete rule 1453)
  (delete rule 1454)
  (delete rule 1458)
  (delete rule 1459)
  (delete rule 1470)
  (delete rule 1477)
  (delete rule 1478)
  (delete rule 1479)
  (delete rule 1481)
  (delete rule 1483)
  (delete rule 1488)
  (delete rule 1492)
  (delete rule 1493)
  (delete rule 1494)
  (delete rule 1496)
  (delete rule 1497)
  (delete rule 1503)
  (delete rule 1506)
  (delete rule 1516)
  (delete rule 1524)
  (delete rule 1525)
  (delete rule 1526)
  (delete rule 1530)
  (delete rule 1531)
  (delete rule 1532)
  (delete rule 1534)
  (delete rule 1542)
  (delete rule 1543)
  (delete rule 1544)
  (delete rule 1546)
  (delete rule 1547)
  (delete rule 1550)
  (delete rule 1552)
  (delete rule 1553)
  (delete rule 1555)
  (delete rule 1559)
  (delete rule 1560)
  (delete rule 1561)
  (delete rule 1568)
  (delete rule 1581)
  (delete rule 1583)
  (delete rule 1585)
  (delete rule 1591)
  (delete rule 1594)
(44.57143) 2343. R(X, ldiv(X, Y), rdiv(Z, ldiv(X, Y))) = rdiv(op(Y, ldiv(ldiv(X, Y), Z)), Z)
  (delete rule 1595)
(50.285713) 2344. R(X, rdiv(zero, X), ldiv(ldiv(X, zero), Y)) = rdiv(ldiv(ldiv(X, zero), Y), Y)
  (delete rule 1600)
(43.714287) 2345. T(X, op(Y, op(Z, rdiv(W, Y)))) -> T(X, op(Z, W))
  (delete rule 1602)
  (delete rule 1606)
  (delete rule 1612)
  (delete rule 1616)
  (delete rule 1617)
  (delete rule 1619)
  (delete rule 1621)
  (delete rule 1623)
  (delete rule 1625)
  (delete rule 1629)
  (delete rule 1630)
  (delete rule 1631)
  (delete rule 1633)
  (delete rule 1638)
  (delete rule 1639)
  (delete rule 1640)
  (delete rule 1642)
  (delete rule 1643)
(44.0) 2346. ldiv(R2, R(R2, x6, R2)) -> rdiv(T3, L(T3, x6, R2))
  (delete rule 1645)
  (delete rule 1646)
  (delete rule 1648)
(45.0) 2347. rdiv(R2, ldiv(T3, op(x6, R2))) -> rdiv(T3, T(x6, R2))
  (delete rule 1649)
  (delete rule 1650)
  (delete rule 1652)
  (delete rule 1654)
  (delete rule 1683)
  (delete rule 1687)
  (delete rule 1699)
  (delete rule 1700)
  (delete rule 1701)
  (delete rule 1703)
  (delete rule 1704)
  (delete rule 1705)
  (delete rule 1720)
  (delete rule 1721)
  (delete rule 1722)
  (delete rule 1726)
  (delete rule 1728)
  (delete rule 1729)
  (delete rule 1730)
  (delete rule 1732)
  (delete rule 1742)
(44.0) 2348. rdiv(R(x3, x6, T2), x3) -> rdiv(T2, L(T2, x6, T2))
  (delete rule 1759)
  (delete rule 1765)
  (delete rule 1766)
  (delete rule 1767)
  (delete rule 1770)
  (delete rule 1774)
  (delete rule 1776)
  (delete rule 1781)
(45.571426) 2349. ldiv(rdiv(X, rdiv(T3, R2)), Y) -> rdiv(T3, ldiv(ldiv(X, Y), R2))
  (delete rule 1782)
  (delete rule 1787)
  (delete rule 1788)
  (delete rule 1789)
  (delete rule 1790)
  (delete rule 1806)
(53.57143) 2350. rdiv(X, rdiv(X, T(Y, X))) = ldiv(X, op(Y, op(ldiv(Y, X), Y)))
  (delete rule 1807)
  (delete rule 1808)
  (delete rule 1813)
  (delete rule 1821)
  (delete rule 1838)
  (delete rule 1839)
  (delete rule 1888)
  (delete rule 1891)
  (delete rule 1897)
(45.14286) 2351. T(L(X, X, X), Y) -> L(T(X, Y), X, X)
  (delete rule 1903)
  (delete rule 1904)
  (delete rule 1905)
  (delete rule 1906)
  (delete rule 1913)
  (delete rule 1918)
  (delete rule 1920)
  (delete rule 1921)
  (delete rule 1931)
  (delete rule 1932)
  (delete rule 1933)
  (delete rule 1937)
  (delete rule 1942)
  (delete rule 1947)
  (delete rule 1951)
  (delete rule 1954)
  (delete rule 1959)
  (delete rule 1960)
  (delete rule 1961)
(45.571426) 2352. op(X, rdiv(Y, rdiv(R2, T3))) -> rdiv(T3, ldiv(op(X, Y), R2))
  (delete rule 1962)
(45.571426) 2353. op(rdiv(X, rdiv(R2, T3)), Y) -> rdiv(T3, ldiv(op(X, Y), R2))
  (delete rule 1963)
(45.571426) 2354. rdiv(T3, ldiv(rdiv(X, Y), R2)) = rdiv(X, rdiv(Y, rdiv(T3, R2)))
  (delete rule 1965)
(45.571426) 2355. ldiv(X, rdiv(Y, rdiv(R2, T3))) -> rdiv(T3, ldiv(ldiv(X, Y), R2))
  (delete rule 1966)
  (delete rule 1976)
(45.571426) 2356. T(rdiv(X, rdiv(R2, T3)), Y) -> rdiv(T3, ldiv(T(X, Y), R2))
  (delete rule 1977)
  (delete rule 1986)
  (delete rule 1988)
  (delete rule 1991)
  (delete rule 2001)
  (delete rule 2002)
  (delete rule 2021)
  (delete rule 2022)
  (delete rule 2024)
  (delete rule 2025)
  (delete rule 2030)
  (delete rule 2048)
  (delete rule 2055)
  (delete rule 2111)
(44.142857) 2357. op(ldiv(ldiv(X, R2), T3), ldiv(X, R2)) -> op(X, rdiv(T3, X))
  (delete rule 2120)
  (delete rule 2124)
  (delete rule 2145)
  (delete rule 2166)
  (delete rule 2179)
(46.285713) 2358. T(X, op(x4, op(x5, x3))) -> T(X, op(R3, op(x4, x5)))
  (delete rule 2183)
  (delete rule 2190)
  (delete rule 2233)
  (delete rule 2268)
  (delete rule 2308)
(30.428574) 2359. T(X, L(Y, Z, Y)) -> T(X, Y)
(36.428574) 2360. K(X, L(Y, Z, Y)) -> K(X, Y)
(36.428574) 2361. K(L(X, Y, X), Z) -> K(X, Z)
(38.714287) 2362. L(X, L(Y, Z, Y), W) -> L(X, Y, W)
(39.0) 2363. L(R2, rdiv(x6, R2), R2) -> rdiv(x6, rdiv(x6, T3))
(39.714287) 2364. rdiv(L(X, Y, X), K(Y, X)) -> T(X, op(X, Y))
(41.714287) 2365. T(X, op(Y, L(Z, W, Z))) -> T(X, op(Y, Z))
(42.0) 2366. rdiv(x3, ldiv(L(T2, x6, T2), T2)) -> L(x3, x6, T2)
(38.0) 2367. ldiv(L(x3, x6, T2), x3) -> ldiv(L(T2, x6, T2), T2)
(42.0) 2368. rdiv(x3, L(x3, x6, T2)) -> rdiv(T2, L(T2, x6, T2))
(40.285713) 2369. T(X, L(x3, x6, T2)) -> T(X, T2)
(42.0) 2370. T(L(x3, x6, T2), T2) -> L(x3, x6, T2)
(42.285713) 2371. ldiv(op(X, x3), op(x6, T2)) -> ldiv(op(X, T2), op(T2, x6))
(42.285713) 2372. ldiv(op(x3, X), op(x6, T2)) -> ldiv(op(T2, X), op(T2, x6))
(42.285713) 2373. ldiv(op(x6, T2), op(X, x3)) -> ldiv(op(T2, x6), op(X, T2))
(42.285713) 2374. K(L(x3, x6, T2), X) -> K(T2, X)
(42.285713) 2375. K(X, L(x3, x6, T2)) -> K(X, T2)
(42.428574) 2376. T(L(X, rdiv(Y, X), X), rdiv(Y, X)) -> T(X, Y)
(38.285713) 2377. T(L(X, Y, X), Y) -> T(X, op(X, Y))
(42.57143) 2378. op(L(X, Y, X), T(Z, X)) -> op(Z, L(X, Y, X))
(37.14286) 2379. op(L(X, Y, X), X) -> op(X, L(X, Y, X))
(39.285713) 2380. op(L(x6, X, x6), T2) -> op(x3, L(x6, X, x6))
(39.285713) 2381. op(L(x6, X, x6), T3) -> op(R2, L(x6, X, x6))
(42.57143) 2382. T(rdiv(X, L(Y, Z, Y)), Y) -> ldiv(L(Y, Z, Y), X)
(42.57143) 2383. rdiv(L(X, Y, X), K(Z, X)) -> T(L(X, Y, X), Z)
(43.285713) 2384. op(L(T2, X, T2), x3) -> op(x3, L(T2, X, T2))
(43.428574) 2385. rdiv(K(X, Y), rdiv(zero, X)) -> rdiv(zero, rdiv(zero, T(X, Y)))
(43.714287) 2386. ldiv(L(X, rdiv(Y, X), X), Y) -> rdiv(Y, T(X, Y))
(43.714287) 2387. T(X, L(x3, Y, T2)) -> T(X, T2)
(43.714287) 2388. T(X, L(T3, Y, R2)) -> T(X, R2)
(43.714287) 2389. K(X, L(x3, Y, T2)) -> K(X, T2)
(43.714287) 2390. K(X, L(T3, Y, R2)) -> K(X, R2)
(43.714287) 2391. K(L(x3, X, T2), Y) -> K(T2, Y)
(43.714287) 2392. K(L(T3, X, R2), Y) -> K(R2, Y)
(43.714287) 2393. T(X, op(L(Y, Z, Y), W)) -> T(X, op(Y, W))
(42.0) 2394. T(X, rdiv(Y, L(Y, Z, Y))) -> X
(41.14286) 2395. ldiv(L(X, Y, X), X) -> rdiv(X, L(X, Y, X))
(43.714287) 2396. T(L(x3, X, T2), X) -> T(x3, op(X, T2))
(44.0) 2397. L(X, rdiv(K(Y, Z), X), X) -> rdiv(zero, rdiv(zero, X))
(44.0) 2398. rdiv(R2, rdiv(T3, L(T3, x6, R2))) -> L(R2, x6, R2)
(40.0) 2399. rdiv(T3, L(T3, x6, R2)) -> rdiv(R2, L(R2, x6, R2))
(44.0) 2400. T(X, rdiv(L(Y, Z, Y), Y)) -> X
(43.14286) 2401. ldiv(X, L(X, Y, X)) -> rdiv(L(X, Y, X), X)
(44.14286) 2402. ldiv(T(rdiv(X, Y), X), X) -> rdiv(X, T(ldiv(Y, X), X))
(44.14286) 2403. K(X, rdiv(Y, L(Y, Z, Y))) -> zero
(44.14286) 2404. K(rdiv(X, L(X, Y, X)), Z) -> zero
(44.285713) 2405. ldiv(T(x3, X), op(x6, T2)) -> rdiv(x6, K(T2, X))
(43.857143) 2406. ldiv(T(T2, X), T(x3, X)) -> rdiv(x3, T2)
(44.285713) 2407. R(rdiv(rdiv(X, T3), x6), x6, R2) -> rdiv(X, op(R2, x6))
(44.285713) 2408. L(ldiv(x6, ldiv(x3, X)), x6, T2) -> ldiv(op(x6, T2), X)
(44.285713) 2409. rdiv(T3, ldiv(rdiv(X, T3), R2)) -> rdiv(X, R2)
(40.285713) 2410. ldiv(rdiv(X, T3), R2) -> ldiv(rdiv(X, R2), T3)
(44.285713) 2411. ldiv(op(X, L(Y, Z, Y)), L(Y, Z, Y)) -> ldiv(op(X, Y), Y)
(44.285713) 2412. T(T(rdiv(X, Y), X), Y) -> T(ldiv(Y, X), X)
(44.428574) 2413. op(X, a(X, Y, ldiv(Y, X))) -> T(R(X, Y, rdiv(X, Y)), X)
(40.0) 2414. T(X, R(X, Y, rdiv(X, Y))) -> X
(41.857143) 2415. T(X, R(Y, Z, rdiv(Y, Z))) -> T(X, Y)
(42.0) 2416. T(X, R(X, ldiv(Y, X), Y)) -> X
(42.14286) 2417. K(X, R(X, Y, rdiv(X, Y))) -> zero
(42.14286) 2418. K(R(X, Y, rdiv(X, Y)), X) -> zero
(43.857143) 2419. T(X, R(Y, ldiv(Z, Y), Z)) -> T(X, Y)
(43.857143) 2420. K(X, R(Y, Z, rdiv(Y, Z))) -> K(X, Y)
(43.857143) 2421. K(R(X, Y, rdiv(X, Y)), Z) -> K(X, Z)
(44.14286) 2422. K(X, R(X, ldiv(Y, X), Y)) -> zero
(44.14286) 2423. K(R(X, ldiv(Y, X), Y), X) -> zero
(44.428574) 2424. rdiv(L(X, Y, X), K(X, Y)) -> L(rdiv(X, K(X, Y)), Y, X)
(44.428574) 2425. T(op(X, Y), R(op(X, Y), Y, X)) -> op(X, Y)
(44.571426) 2426. L(X, L(T3, x6, R2), Y) -> L(X, R2, Y)
(44.571426) 2427. L(X, Y, L(T3, x6, R2)) -> L(X, Y, R2)
(44.57143) 2428. rdiv(T(X, Y), K(X, rdiv(Y, X))) -> L(X, rdiv(Y, X), X)
(41.0) 2429. rdiv(T3, K(R2, rdiv(x6, R2))) -> rdiv(x6, rdiv(x6, T3))
(44.57143) 2430. rdiv(op(X, ldiv(ldiv(Y, X), X)), X) = R(Y, rdiv(X, Y), Y)
(40.714287) 2431. R(X, rdiv(Y, K(Y, X)), X) -> R(X, Y, X)
(44.57143) 2432. R(X, rdiv(Y, X), X) = rdiv(op(Y, T(X, rdiv(Y, X))), Y)
(44.14286) 2433. rdiv(op(X, ldiv(Y, X)), X) = ldiv(Y, T(X, rdiv(X, Y)))
(44.714287) 2434. rdiv(op(X, L(X, Y, X)), X) -> L(X, Y, X)
(43.285713) 2435. op(L(R2, X, R2), T3) -> op(T3, L(R2, X, R2))
(43.285713) 2436. op(L(T3, X, R2), R2) -> op(R2, L(T3, X, R2))
(43.285713) 2437. T(L(T3, X, R2), R2) -> L(T3, X, R2)
(44.714287) 2438. K(op(X, Y), R(op(X, Y), Y, X)) -> zero
(44.714287) 2439. K(R(op(X, Y), Y, X), op(X, Y)) -> zero
(45.0) 2440. rdiv(rdiv(T3, R2), rdiv(zero, R2)) -> rdiv(zero, rdiv(zero, T3))
(43.0) 2441. rdiv(rdiv(T3, R2), ldiv(R2, zero)) -> T3
(43.0) 2442. L(T3, rdiv(zero, R2), R2) -> rdiv(zero, rdiv(zero, T3))
(45.0) 2443. rdiv(K(R2, rdiv(x6, R2)), T3) -> rdiv(zero, rdiv(x6, rdiv(x6, T3)))
(45.0) 2444. rdiv(op(R2, rdiv(x6, R2)), T3) -> rdiv(x6, rdiv(x6, rdiv(x6, T3)))
(43.0) 2445. rdiv(R2, ldiv(rdiv(x6, R2), T3)) -> rdiv(x6, T3)
(45.0) 2446. R(T3, ldiv(R2, zero), R2) -> ldiv(ldiv(T3, zero), zero)
(45.0) 2447. R(ldiv(R2, zero), T3, ldiv(R2, zero)) -> T(ldiv(R2, zero), R2)
(45.14286) 2448. T(T(X, Y), op(X, X)) -> L(T(X, Y), X, X)
(45.14286) 2449. op(X, T(Y, op(X, Y))) -> op(L(Y, X, Y), X)
(45.285713) 2450. rdiv(T(rdiv(X, Y), X), K(rdiv(X, Y), Y)) -> L(rdiv(X, Y), Y, rdiv(X, Y))
(45.285713) 2451. ldiv(L(X, Y, X), T(X, op(X, Y))) -> K(X, Y)
(45.285713) 2452. ldiv(L(T2, X, T2), x3) -> rdiv(x3, L(T2, X, T2))
(45.285713) 2453. T(L(x3, X, T2), T2) -> L(x3, X, T2)
(45.285713) 2454. T(R(X, rdiv(zero, Y), Y), X) -> R(X, rdiv(zero, Y), Y)
(45.285713) 2455. T(R(X, Y, rdiv(zero, Y)), X) -> R(X, Y, rdiv(zero, Y))
(45.285713) 2456. op(L(x3, X, T2), T2) -> op(T2, L(x3, X, T2))
(45.285713) 2457. op(L(T3, X, R2), T3) -> op(T3, L(T3, X, R2))
(45.428574) 2458. L(X, rdiv(a(Y, Z, W), X), X) -> rdiv(zero, rdiv(zero, X))
(44.57143) 2459. rdiv(a(X, Y, Z), rdiv(a(X, Y, Z), W)) -> rdiv(zero, rdiv(zero, W))
(44.857143) 2460. rdiv(K(X, Y), rdiv(zero, Z)) -> rdiv(zero, rdiv(K(Y, X), Z))
(45.428574) 2461. R(X, rdiv(a(Y, Z, W), X), X) -> ldiv(ldiv(X, zero), zero)
(45.571426) 2462. K(X, rdiv(rdiv(T3, R2), Y)) -> K(X, rdiv(zero, Y))
(45.571426) 2463. K(rdiv(rdiv(T3, R2), X), Y) -> K(rdiv(zero, X), Y)
(45.57143) 2464. rdiv(op(X, Y), L(Y, X, Y)) -> rdiv(T(op(Y, X), Y), Y)
(45.714287) 2465. T(X, op(Y, rdiv(Z, rdiv(Y, W)))) -> T(X, op(Z, W))
(42.14286) 2466. T(X, op(Y, rdiv(Z, W))) <-> T(X, op(Z, rdiv(Y, W)))
(44.14286) 2467. T(X, op(rdiv(Y, Z), W)) -> T(X, op(Y, rdiv(W, Z)))
(44.14286) 2468. K(X, op(Y, rdiv(Z, W))) <-> K(X, op(Z, rdiv(Y, W)))
(44.14286) 2469. K(op(X, rdiv(Y, Z)), W) <-> K(op(Y, rdiv(X, Z)), W)
(44.857143) 2470. K(X, op(Y, rdiv(zero, Z))) -> K(X, rdiv(Y, Z))
(44.857143) 2471. K(X, rdiv(Y, ldiv(Z, zero))) -> K(X, op(Y, Z))
(44.857143) 2472. K(op(X, rdiv(zero, Y)), Z) -> K(rdiv(X, Y), Z)
(44.857143) 2473. K(rdiv(X, ldiv(Y, zero)), Z) -> K(op(X, Y), Z)
(45.714287) 2474. T(X, op(Y, R(Z, Z, Z))) -> T(X, op(Y, Z))
(45.714287) 2475. rdiv(K(X, Y), L(Y, X, Y)) -> rdiv(zero, T(Y, op(X, Y)))
(44.14286) 2476. K(rdiv(L(X, Y, X), X), Z) -> zero
(45.714287) 2477. K(X, op(Y, L(Z, W, Z))) -> K(X, op(Y, Z))
(44.857143) 2478. K(X, rdiv(Y, rdiv(zero, Z))) -> K(X, op(Y, Z))
(45.714287) 2479. K(op(X, L(Y, Z, Y)), W) -> K(op(X, Y), W)
(44.857143) 2480. K(rdiv(X, rdiv(zero, Y)), Z) -> K(op(X, Y), Z)
(45.714287) 2481. T(L(T3, X, R2), X) -> T(T3, op(X, R2))
(45.714287) 2482. T(X, R(op(Y, Z), Z, Y)) -> T(X, op(Y, Z))
(45.714287) 2483. T(op(T(X, Y), Y), op(X, Y)) -> op(T(X, Y), Y)
(45.714287) 2484. rdiv(op(X, op(Y, rdiv(X, Y))), X) -> op(Y, rdiv(X, Y))
(45.714287) 2485. rdiv(op(X, op(ldiv(Y, X), Y)), X) -> op(ldiv(Y, X), Y)
(45.57143) 2486. ldiv(L(X, Y, X), K(Y, X)) -> ldiv(X, K(op(X, Y), X))
(45.714287) 2487. T(X, rdiv(Y, L(Z, W, Z))) -> T(X, rdiv(Y, Z))
(45.714287) 2488. T(op(ldiv(R2, X), T3), X) -> op(ldiv(R2, X), T3)
(45.714287) 2489. T(op(ldiv(T3, X), R2), X) -> op(ldiv(T3, X), R2)
(45.714287) 2490. T(op(ldiv(T2, X), x3), X) -> op(ldiv(T2, X), x3)
(45.857143) 2491. ldiv(T(x3, X), T(T2, X)) -> rdiv(T2, x3)
(45.857143) 2492. K(X, R(Y, ldiv(Z, Y), Z)) -> K(X, Y)
(45.857143) 2493. K(R(X, ldiv(Y, X), Y), Z) -> K(X, Z)
(46.0) 2494. op(x3, L(T2, T2, T2)) -> op(T2, L(x3, T2, T2))
(46.0) 2495. ldiv(T3, K(R2, op(R2, x6))) -> ldiv(R(R2, x6, R2), zero)
(46.0) 2496. rdiv(T3, ldiv(T(x6, op(R2, x6)), R2)) -> L(x6, R2, x6)
(42.0) 2497. ldiv(T(x6, op(R2, x6)), R2) -> ldiv(L(x6, R2, x6), T3)
(45.428574) 2498. T(L(X, Y, X), op(X, X)) -> L(L(X, Y, X), X, X)
(46.0) 2499. rdiv(T3, rdiv(R2, L(R2, x6, R2))) -> L(T3, x6, R2)
(45.0) 2500. op(ldiv(L(R2, x6, R2), T3), L(R2, x6, R2)) -> T3
(44.0) 2501. ldiv(L(R2, x6, R2), T3) -> rdiv(T3, L(R2, x6, R2))
(46.0) 2502. rdiv(R(T3, T3, T3), R2) -> rdiv(T3, L(R2, R2, R2))
(46.0) 2503. ldiv(T3, T(op(R2, x6), x6)) -> R(x6, R2, x6)
(45.0) 2504. op(T3, R(x6, R2, x6)) -> T(op(R2, x6), x6)
(46.14286) 2505. L(X, op(Y, a(Z, W, V)), X) -> L(X, Y, X)
(44.714287) 2506. L(X, rdiv(op(Y, Z), Y), X) -> L(X, Z, X)
(44.571426) 2507. L(X, R(T3, x6, R2), X) -> L(X, R2, X)
(46.14286) 2508. L(X, rdiv(Y, a(Z, W, V)), X) -> L(X, Y, X)
(46.14286) 2509. K(X, rdiv(L(Y, Z, Y), Y)) -> zero
(46.14286) 2510. rdiv(op(X, rdiv(X, Y)), X) = rdiv(T(X, rdiv(X, Y)), Y)
(46.14286) 2511. K(X, L(T(X, Y), X, X)) -> zero
(46.14286) 2512. K(L(T(X, Y), X, X), X) -> zero
(46.14286) 2513. K(op(rdiv(X, Y), Z), W) -> K(op(X, rdiv(Z, Y)), W)
(46.285713) 2514. ldiv(R2, op(op(R2, X), T3)) -> T(op(T3, X), R2)
(45.0) 2515. a(R2, rdiv(zero, T3), T3) -> K(R2, rdiv(zero, R2))
(46.285713) 2516. T(X, rdiv(R2, R(R2, x6, R2))) -> X
(46.285713) 2517. ldiv(T3, ldiv(X, rdiv(T3, R2))) -> ldiv(R2, ldiv(X, zero))
(46.285713) 2518. rdiv(T3, ldiv(rdiv(zero, X), R2)) -> rdiv(rdiv(T3, R2), X)
(46.285713) 2519. op(L(X, rdiv(Y, X), X), rdiv(Y, X)) -> rdiv(Y, K(Y, X))
(46.285713) 2520. ldiv(ldiv(X, rdiv(x3, T2)), zero) -> ldiv(ldiv(X, zero), rdiv(T2, x3))
(46.285713) 2521. T(X, op(R2, L(T3, x6, R2))) -> T(X, op(R2, R2))
(46.285713) 2522. rdiv(T(X, Y), ldiv(Y, X)) -> rdiv(op(X, Y), X)
(46.285713) 2523. op(T2, rdiv(T(x3, X), T2)) -> T(x3, X)
(46.285713) 2524. ldiv(ldiv(X, rdiv(T2, x3)), rdiv(T2, x3)) -> ldiv(ldiv(X, zero), zero)
(45.57143) 2525. rdiv(op(X, op(Y, Z)), K(X, Y)) -> op(X, op(T(Y, X), Z))
(46.428574) 2526. L(X, op(Y, op(Z, W)), V) <-> L(X, op(Y, op(W, Z)), V)
(46.428574) 2527. op(T(T3, X), rdiv(R2, T(T3, X))) -> R2
(46.428574) 2528. op(X, ldiv(T(X, Y), Y)) -> T(Y, X)
(46.428574) 2529. rdiv(X, ldiv(Y, T(X, Y))) -> T(Y, X)
(46.428574) 2530. op(a(X, Y, Z), op(W, V)) = op(W, op(a(X, Y, Z), V))
(46.428574) 2531. T(rdiv(X, a(Y, Z, W)), V) -> rdiv(T(X, V), a(Y, Z, W))
(46.428574) 2532. K(X, R(Y, rdiv(zero, Z), Z)) -> K(X, Y)
(46.428574) 2533. T(X, R(Y, ldiv(Z, zero), Z)) -> T(X, Y)
(46.428574) 2534. K(X, R(Y, Z, rdiv(zero, Z))) -> K(X, Y)
(46.428574) 2535. K(X, L(Y, Z, rdiv(zero, Z))) -> K(X, Y)
(46.428574) 2536. K(X, L(Y, rdiv(zero, Z), Z)) -> K(X, Y)
(46.428574) 2537. L(X, rdiv(Y, op(Z, W)), V) <-> L(X, rdiv(Y, op(W, Z)), V)
(46.428574) 2538. L(X, rdiv(op(Y, Z), W), V) <-> L(X, rdiv(op(Z, Y), W), V)
(44.714287) 2539. L(X, rdiv(op(Y, Z), Y), W) -> L(X, Z, W)
(44.571426) 2540. L(X, R(T3, x6, R2), Y) -> L(X, R2, Y)
(46.428574) 2541. rdiv(L(X, Y, Z), K(W, V)) -> L(rdiv(X, K(W, V)), Y, Z)
(39.14286) 2542. T(L(X, Y, X), Z) -> L(T(X, Z), Y, X)
(45.428574) 2543. L(L(X, Y, X), X, X) <-> L(L(X, X, X), Y, X)
(45.428574) 2544. L(L(X, Y, X), Z, X) <-> L(L(X, Z, X), Y, X)
(46.14286) 2545. K(X, L(T(X, Y), Z, X)) -> zero
(46.14286) 2546. K(L(T(X, Y), Z, X), X) -> zero
(46.428574) 2547. K(R(X, rdiv(zero, Y), Y), Z) -> K(X, Z)
(46.428574) 2548. K(R(X, Y, rdiv(zero, Y)), Z) -> K(X, Z)
(46.428574) 2549. K(L(X, Y, rdiv(zero, Y)), Z) -> K(X, Z)
(46.428574) 2550. K(L(X, rdiv(zero, Y), Y), Z) -> K(X, Z)
(46.428574) 2551. op(rdiv(X, Y), L(Y, Z, Y)) = op(L(Y, Z, Y), ldiv(Y, X))
(46.428574) 2552. op(rdiv(X, L(Y, Z, Y)), Y) -> op(Y, ldiv(L(Y, Z, Y), X))
(46.571426) 2553. ldiv(op(X, rdiv(zero, Y)), R(X, rdiv(zero, Y), Y)) -> Y
(46.571426) 2554. L(X, R(x3, x6, T2), Y) -> L(X, T2, Y)
(46.571426) 2555. R(X, T3, T(Y, R2)) -> R(X, T3, Y)
(41.285713) 2556. R(X, T3, x6) -> R(X, R2, x6)
(46.571426) 2557. R(X, x3, T(Y, T2)) -> R(X, x3, Y)
(46.571426) 2558. L(X, Y, R(T3, x6, R2)) -> L(X, Y, R2)
(46.571426) 2559. op(L(X, Y, X), rdiv(X, L(X, Y, X))) -> X
(46.571426) 2560. T(L(x3, X, T2), Y) -> L(T(x3, Y), X, T2)
(46.571426) 2561. T(L(T3, X, R2), Y) -> L(T(T3, Y), X, R2)
(46.57143) 2562. op(X, a(Y, Z, X)) = ldiv(Z, ldiv(Y, op(op(Y, Z), X)))
(35.285713) 2563. op(X, a(X, Y, X)) -> R(X, Y, X)
(37.285713) 2564. ldiv(X, R(X, Y, X)) -> a(X, Y, X)
(35.857143) 2565. K(op(X, X), X) -> a(X, X, X)
(37.285713) 2566. op(a(X, Y, X), X) -> R(X, Y, X)
(37.285713) 2567. rdiv(R(X, Y, X), X) -> a(X, Y, X)
(38.0) 2568. a(x6, x3, x6) -> a(x6, T2, x6)
(38.0) 2569. a(x6, T3, x6) -> a(x6, R2, x6)
(38.0) 2570. a(T3, T3, T3) -> a(R2, R2, R2)
(38.0) 2571. a(x3, x3, x3) -> a(T2, T2, T2)
(38.0) 2572. a(T2, x3, T2) -> a(T2, T2, T2)
(39.714287) 2573. ldiv(R(X, Y, X), X) -> rdiv(zero, a(X, Y, X))
(39.714287) 2574. rdiv(zero, a(X, Y, X)) = rdiv(X, R(X, Y, X))
(40.0) 2575. a(R2, T3, R2) -> a(R2, R2, R2)
(41.0) 2576. a(X, ldiv(X, zero), X) -> K(X, rdiv(zero, X))
(41.14286) 2577. a(X, ldiv(X, Y), X) -> a(X, rdiv(Y, X), X)
(41.285713) 2578. a(X, T(Y, X), X) -> a(X, Y, X)
(41.571426) 2579. a(rdiv(zero, X), X, rdiv(zero, X)) -> K(rdiv(zero, X), X)
(42.428574) 2580. a(T(X, Y), T(X, Y), T(X, Y)) -> a(X, X, X)
(42.857143) 2581. rdiv(zero, a(X, X, X)) -> K(X, op(X, X))
(49.714287) 2582. ldiv(X, rdiv(X, a(Y, Y, Y))) -> K(Y, op(Y, Y))
(49.714287) 2583. rdiv(rdiv(X, a(Y, Y, Y)), X) -> K(Y, op(Y, Y))
(43.285713) 2584. op(T2, a(x3, X, T2)) -> R(T2, X, T2)
(37.285713) 2585. a(x3, X, T2) -> a(T2, X, T2)
(43.285713) 2586. T(R(x3, X, x3), T2) -> R(x3, X, x3)
(43.285713) 2587. T(R(T3, X, T3), R2) -> R(T3, X, T3)
(43.285713) 2588. rdiv(X, a(X, X, X)) -> L(X, X, X)
(43.285713) 2589. ldiv(a(X, X, X), X) -> L(X, X, X)
(43.714287) 2590. rdiv(a(X, X, X), X) -> rdiv(zero, L(X, X, X))
(43.714287) 2591. ldiv(L(X, X, X), zero) = ldiv(X, a(X, X, X))
(43.857143) 2592. ldiv(X, rdiv(R2, ldiv(X, T3))) -> rdiv(R2, T3)
(44.0) 2593. rdiv(T3, L(T3, x6, R2)) -> a(R2, x6, R2)
(44.0) 2594. T(X, rdiv(Y, R(Y, Z, Y))) -> X
(43.14286) 2595. ldiv(R(X, Y, X), X) -> rdiv(X, R(X, Y, X))
(44.14286) 2596. K(rdiv(X, R(X, Y, X)), X) -> zero
(44.14286) 2597. K(X, rdiv(X, R(X, Y, X))) -> zero
(62.999996) 2598. rdiv(ldiv(rdiv(X, R(X, Y, X)), zero), a(X, Y, X)) -> zero
(44.14286) 2599. K(rdiv(X, R(X, Y, X)), Z) -> zero
(44.14286) 2600. K(X, rdiv(Y, R(Y, Z, Y))) -> zero
(44.571426) 2601. op(R(X, Y, X), rdiv(X, R(X, Y, X))) -> X
(45.0) 2602. a(x3, ldiv(T2, zero), x3) -> K(T2, rdiv(zero, T2))
(45.285713) 2603. op(R2, a(T3, X, R2)) -> R(R2, X, R2)
(39.285713) 2604. a(T3, X, R2) -> a(R2, X, R2)
(45.285713) 2605. op(rdiv(zero, X), R(X, Y, X)) -> a(X, Y, X)
(45.285713) 2606. op(R(x3, X, x3), T2) -> op(T2, R(x3, X, x3))
(45.428574) 2607. rdiv(R(X, Y, X), a(X, Y, X)) -> X
(45.714287) 2608. L(op(X, a(x6, T3, X)), R2, x6) -> X
(45.714287) 2609. L(op(X, a(x3, x6, X)), x6, T2) -> X
(41.0) 2610. L(R(x3, x6, T2), x6, T2) -> x3
(45.857143) 2611. a(L(X, Y, X), L(X, Y, X), L(X, Y, X)) -> a(X, X, X)
(45.857143) 2612. ldiv(rdiv(T3, X), rdiv(R2, X)) -> rdiv(R2, T3)
(46.0) 2613. ldiv(x6, T(op(T3, x6), R2)) -> op(T3, a(R2, x6, T3))
(45.0) 2614. a(T3, rdiv(zero, R2), T3) -> K(R2, rdiv(zero, R2))
(45.0) 2615. a(x3, rdiv(zero, T2), x3) -> K(T2, rdiv(zero, T2))
(46.0) 2616. a(op(T3, x6), op(T3, x6), op(T3, x6)) -> a(op(R2, x6), op(R2, x6), op(R2, x6))
(46.0) 2617. a(R2, ldiv(T3, zero), R2) -> a(R2, rdiv(zero, T3), R2)
(46.0) 2618. rdiv(T3, a(R2, x6, R2)) -> L(T3, x6, R2)
(46.0) 2619. rdiv(R2, a(R2, x6, R2)) -> L(R2, x6, R2)
(46.0) 2620. rdiv(R2, L(R2, x6, R2)) -> a(R2, x6, R2)
(46.285713) 2621. op(X, a(Y, rdiv(zero, Y), X)) -> ldiv(ldiv(Y, zero), ldiv(Y, X))
(46.428574) 2622. op(R(x3, X, x3), rdiv(T2, R(x3, X, x3))) -> T2
(45.285713) 2623. ldiv(R(x3, X, x3), T2) -> rdiv(T2, R(x3, X, x3))
(46.428574) 2624. op(R(R2, X, R2), rdiv(T3, R(R2, X, R2))) -> T3
(45.285713) 2625. ldiv(R(R2, X, R2), T3) -> rdiv(T3, R(R2, X, R2))
(46.571426) 2626. a(ldiv(X, Y), ldiv(X, Y), ldiv(X, Y)) -> a(rdiv(Y, X), rdiv(Y, X), rdiv(Y, X))
(46.57143) 2627. ldiv(op(X, ldiv(Y, Z)), op(X, Z)) = L(T(Y, rdiv(Z, Y)), rdiv(Z, Y), X)
(52.85714) 2628. L(ldiv(ldiv(X, zero), zero), rdiv(zero, X), Y) = ldiv(op(Y, ldiv(X, zero)), Y)
(46.57143) 2629. T(op(a(X, Y, Z), W), W) -> op(W, a(X, Y, Z))
(46.57143) 2630. L(X, Y, op(Z, T(W, V))) -> L(X, Y, op(Z, W))
(41.857143) 2631. L(X, Y, op(Z, x3)) -> L(X, Y, op(Z, T2))
(43.857143) 2632. L(X, Y, op(Z, T2)) = L(X, Y, op(x3, Z))
(45.857143) 2633. L(X, Y, op(x3, Z)) -> L(X, Y, op(T2, Z))
(46.57143) 2634. L(X, op(T(Y, Z), W), V) -> L(X, op(Y, W), V)
(46.57143) 2635. T(R(X, Y, rdiv(X, Y)), X) -> R(X, Y, rdiv(X, Y))
(46.57143) 2636. ldiv(R(X, Y, X), op(X, Z)) -> rdiv(Z, a(X, Y, X))
(46.57143) 2637. op(X, op(Y, a(X, Z, X))) -> op(R(X, Z, X), Y)
(43.285713) 2638. op(R(x6, X, x6), T3) -> op(R2, R(x6, X, x6))
(45.285713) 2639. op(R(T3, X, T3), R2) -> op(R2, R(T3, X, T3))
(46.57143) 2640. ldiv(X, op(R(X, Y, X), Z)) -> op(Z, a(X, Y, X))
(43.0) 2641. op(R(x6, T2, x6), T2) -> T(op(x6, x3), x6)
(46.57143) 2642. ldiv(rdiv(X, Y), R(X, Z, X)) -> op(Y, a(X, Z, X))
(46.57143) 2643. rdiv(ldiv(X, Y), a(X, Z, X)) -> ldiv(R(X, Z, X), Y)
(46.57143) 2644. rdiv(X, rdiv(Y, a(X, Z, X))) -> rdiv(R(X, Z, X), Y)
(46.57143) 2645. op(a(X, Y, X), op(Z, X)) -> op(Z, R(X, Y, X))
(46.57143) 2646. rdiv(op(X, Y), R(Y, Z, Y)) -> rdiv(X, a(Y, Z, Y))
(46.714287) 2647. ldiv(X, op(rdiv(X, x3), op(x6, T2))) -> L(x6, T2, rdiv(X, x3))
(45.714287) 2648. op(X, L(x6, T2, rdiv(X, x3))) -> op(rdiv(X, x3), op(x6, T2))
(45.0) 2649. ldiv(op(x6, op(x6, T2)), x3) -> ldiv(op(x6, op(T2, x6)), T2)
(45.714287) 2650. op(op(X, x3), L(x6, T2, X)) -> op(X, op(x6, T2))
(46.0) 2651. op(L(x3, T2, T2), x6) -> op(x6, L(T2, T2, T2))
(46.714287) 2652. rdiv(K(X, Y), op(Y, Z)) -> rdiv(zero, op(T(Y, X), Z))
(46.714287) 2653. L(X, rdiv(K(Y, Z), W), V) -> L(X, rdiv(zero, W), V)
(46.714287) 2654. K(X, R(X, ldiv(Y, zero), Y)) -> zero
(46.714287) 2655. K(R(X, ldiv(Y, zero), Y), X) -> zero
(46.714287) 2656. ldiv(ldiv(ldiv(X, Y), Y), zero) = ldiv(X, K(rdiv(Y, X), X))
(46.714287) 2657. R(X, Y, rdiv(Z, K(Z, Y))) -> R(X, Y, Z)
(46.714287) 2658. R(X, rdiv(op(X, Y), X), X) -> R(X, Y, X)
(45.285713) 2659. R(x3, ldiv(T2, X), x3) -> R(x3, rdiv(X, T2), x3)
(45.285713) 2660. R(T(x6, X), x3, T(x6, X)) -> R(T(x6, X), T2, T(x6, X))
(45.285713) 2661. R(T3, ldiv(R2, X), T3) -> R(T3, rdiv(X, R2), T3)
(45.285713) 2662. R(T2, ldiv(x3, X), T2) -> R(T2, rdiv(X, x3), T2)
(45.285713) 2663. R(x3, T(X, T2), x3) -> R(x3, X, x3)
(45.285713) 2664. R(T(x6, X), T3, T(x6, X)) -> R(T(x6, X), R2, T(x6, X))
(45.285713) 2665. R(T3, T(X, R2), T3) -> R(T3, X, T3)
(46.714287) 2666. op(op(ldiv(X, Y), X), ldiv(X, Y)) -> op(Y, T(ldiv(X, Y), X))
(44.857143) 2667. ldiv(ldiv(X, T(Y, Z)), T(Y, Z)) -> ldiv(ldiv(X, Y), Y)
(46.857143) 2668. T(X, rdiv(T(Y, ?), X)) = ldiv(ldiv(X, Y), Y)
(48.714287) 2669. T(X, rdiv(T(Y, Z), X)) ~> T(X, rdiv(T(Y, ?), X))
(51.571426) 2670. T(?, rdiv(X, T(?, X))) -> ldiv(ldiv(?, X), X)
(46.714287) 2671. L(X, Y, rdiv(K(Z, W), V)) -> L(X, Y, rdiv(zero, V))
(46.714287) 2672. L(X, Y, rdiv(op(Z, W), Z)) -> L(X, Y, W)
(46.714287) 2673. rdiv(K(X, Y), T(Y, X)) -> rdiv(zero, T(T(Y, X), X))
(46.714287) 2674. ldiv(T(X, Y), K(Z, X)) = ldiv(T(T(X, Y), Z), zero)
(50.14286) 2675. ldiv(op(rdiv(X, Y), rdiv(Y, rdiv(X, Y))), X) -> rdiv(Y, rdiv(Y, ldiv(Y, X)))
(46.714287) 2676. rdiv(T(X, op(Y, X)), K(X, Y)) -> L(X, Y, X)
(46.57143) 2677. L(X, rdiv(Y, T(X, Z)), X) -> L(X, rdiv(Y, X), X)
(46.714287) 2678. K(L(X, Y, rdiv(zero, Y)), X) -> zero
(46.714287) 2679. K(L(X, rdiv(zero, Y), Y), X) -> zero
(46.714287) 2680. a(X, rdiv(Y, K(Y, X)), X) -> a(X, Y, X)
(46.714287) 2681. rdiv(X, rdiv(X, R(X, Y, X))) -> R(X, Y, X)
(46.714287) 2682. rdiv(op(X, R(X, Y, X)), X) -> R(X, Y, X)
(45.285713) 2683. op(R(R2, X, R2), T3) -> op(T3, R(R2, X, R2))
(45.285713) 2684. op(R(T2, X, T2), x3) -> op(x3, R(T2, X, T2))
(46.714287) 2685. K(R(op(X, Y), X, Y), op(X, Y)) -> zero
(46.714287) 2686. rdiv(X, rdiv(X, L(X, Y, X))) -> L(X, Y, X)
(45.285713) 2687. ldiv(L(R2, X, R2), T3) -> rdiv(T3, L(R2, X, R2))
(46.857143) 2688. rdiv(K(X, Y), X) = rdiv(zero, rdiv(op(Y, X), Y))
(48.857143) 2689. rdiv(op(X, Y), X) = ldiv(rdiv(K(Y, X), Y), zero)
(54.285713) 2690. ldiv(ldiv(X, zero), R(Y, X, rdiv(zero, X))) -> T(op(Y, X), rdiv(zero, X))
(46.857143) 2691. ldiv(ldiv(X, K(Y, Z)), zero) -> ldiv(ldiv(X, zero), K(Z, Y))
(61.71428) 2692. rdiv(ldiv(X, K(X, Y)), K(rdiv(zero, X), X)) -> rdiv(K(X, Y), X)
(65.71428) 2693. rdiv(X, rdiv(X, T(T(ldiv(Y, X), X), Y))) = L(T(ldiv(Y, X), Y), Y, rdiv(X, Y))
(57.142853) 2694. L(T(ldiv(X, Y), X), X, rdiv(Y, X)) -> T(ldiv(X, Y), Y)
(68.57143) 2695. L(ldiv(T(ldiv(X, zero), X), zero), rdiv(zero, X), X) -> ldiv(ldiv(X, zero), zero)
(46.857143) 2696. ldiv(ldiv(X, op(Y, Z)), op(Y, Z)) <-> ldiv(ldiv(X, op(Z, Y)), op(Z, Y))
(46.857143) 2697. ldiv(op(X, T(Y, Z)), T(Y, Z)) -> ldiv(op(X, Y), Y)
(46.857143) 2698. T(X, op(ldiv(Y, zero), Z)) -> T(X, rdiv(Z, Y))
(46.857143) 2699. rdiv(T(X, Y), op(Z, T(X, Y))) -> rdiv(X, op(Z, X))
(46.857143) 2700. rdiv(T(X, Y), op(T(X, Y), Z)) -> rdiv(X, op(X, Z))
(46.857143) 2701. K(X, op(rdiv(zero, Y), Z)) -> K(X, rdiv(Z, Y))
(47.0) 2702. T(R(rdiv(X, Y), Y, Z), op(Y, Z)) -> ldiv(op(Y, Z), op(X, Z))
(43.57143) 2703. L(T(T(X, Y), Z), Y, X) -> T(T(X, Z), op(Y, X))
(42.14286) 2704. op(T(X, Y), op(X, Z)) -> op(X, op(T(X, Y), Z))
(43.285713) 2705. T(T(x3, X), op(T2, x6)) -> L(T(T2, X), x6, T2)
(43.285713) 2706. T(T(R2, X), op(R2, x6)) -> L(T(T3, X), x6, R2)
(44.14286) 2707. op(T(X, Y), op(Z, X)) -> op(X, op(Z, T(X, Y)))
(44.857143) 2708. ldiv(op(X, rdiv(Y, X)), rdiv(Y, X)) -> ldiv(Y, ldiv(X, Y))
(45.57143) 2709. rdiv(T(X, Y), K(rdiv(X, Z), Z)) -> T(op(Z, rdiv(X, Z)), Y)
(46.0) 2710. rdiv(L(R2, x6, R2), R2) -> rdiv(R2, R(R2, x6, R2))
(46.285713) 2711. op(T(x3, X), op(x6, T2)) -> op(x3, op(x6, T(T2, X)))
(46.285713) 2712. op(T(R2, X), op(T3, x6)) -> op(T3, op(x6, T(T3, X)))
(46.285713) 2713. op(T(x3, X), op(T2, x6)) -> op(T2, op(x6, T(T2, X)))
(46.285713) 2714. op(T3, op(x6, T(R2, X))) -> op(R2, op(x6, T(T3, X)))
(46.428574) 2715. T(L(T(X, Y), Z, X), W) -> L(T(T(X, Y), W), Z, X)
(47.0) 2716. R(rdiv(zero, T3), R2, T3) -> rdiv(R2, op(R2, T3))
(47.0) 2717. R(rdiv(zero, x3), T2, x3) -> rdiv(T2, op(T2, x3))
(47.0) 2718. ldiv(R(X, Y, ldiv(op(X, Y), Z)), Z) -> op(Y, ldiv(op(X, Y), Z))
(47.0) 2719. rdiv(X, L(Y, Z, rdiv(X, op(Z, Y)))) -> op(rdiv(X, op(Z, Y)), Z)
(46.14286) 2720. rdiv(X, K(Y, op(X, Z))) = rdiv(T(op(X, Z), Y), Z)
(46.285713) 2721. rdiv(T(X, Y), ldiv(Z, X)) -> rdiv(Z, K(Y, X))
(46.57143) 2722. op(rdiv(X, R(Y, Z, Y)), Y) -> rdiv(X, a(Y, Z, Y))
(47.0) 2723. rdiv(op(X, Y), a(Z, ldiv(Z, X), Y)) -> op(Z, op(ldiv(Z, X), Y))
(41.285713) 2724. rdiv(X, a(Y, ldiv(Y, zero), X)) -> L(X, rdiv(zero, Y), Y)
(43.285713) 2725. ldiv(L(X, rdiv(zero, Y), Y), X) -> a(Y, ldiv(Y, zero), X)
(43.285713) 2726. rdiv(X, a(rdiv(zero, Y), Y, X)) -> L(X, Y, rdiv(zero, Y))
(43.285713) 2727. rdiv(X, L(X, rdiv(zero, Y), Y)) -> a(Y, ldiv(Y, zero), X)
(43.285713) 2728. T(L(X, rdiv(zero, Y), Y), X) -> L(X, rdiv(zero, Y), Y)
(45.0) 2729. a(R2, ldiv(R2, zero), T3) -> K(R2, rdiv(zero, R2))
(45.285713) 2730. a(x3, ldiv(x3, zero), X) -> a(T2, ldiv(T2, zero), X)
(45.285713) 2731. ldiv(L(X, Y, rdiv(zero, Y)), X) -> a(rdiv(zero, Y), Y, X)
(45.285713) 2732. rdiv(X, L(X, Y, rdiv(zero, Y))) -> a(rdiv(zero, Y), Y, X)
(45.285713) 2733. T(L(X, Y, rdiv(zero, Y)), X) -> L(X, Y, rdiv(zero, Y))
(45.714287) 2734. ldiv(X, L(X, rdiv(zero, Y), Y)) -> rdiv(zero, a(Y, ldiv(Y, zero), X))
(46.571426) 2735. T(X, rdiv(ldiv(rdiv(zero, Y), X), Y)) -> X
(46.857143) 2736. ldiv(X, ldiv(rdiv(zero, X), X)) -> rdiv(ldiv(rdiv(zero, X), X), X)
(47.0) 2737. rdiv(op(X, Y), a(rdiv(X, Z), Z, Y)) -> op(rdiv(X, Z), op(Z, Y))
(47.0) 2738. rdiv(op(R2, op(x4, x5)), K(T2, x4)) -> op(op(x4, x3), x5)
(47.0) 2739. rdiv(op(R3, op(x4, x5)), K(T2, x4)) -> op(op(x4, T2), x5)
(46.0) 2740. rdiv(x3, L(x3, T2, T2)) -> a(T2, T2, T2)
(47.0) 2741. rdiv(L(T3, R2, R2), T3) -> K(R2, op(R2, R2))
(46.0) 2742. rdiv(T3, L(T3, R2, R2)) -> a(R2, R2, R2)
(47.0) 2743. op(ldiv(T3, op(x6, R2)), x6) -> op(x6, ldiv(T3, op(x6, R2)))
(47.0) 2744. rdiv(rdiv(T2, x3), rdiv(zero, x3)) -> rdiv(zero, rdiv(zero, T2))
(47.0) 2745. ldiv(ldiv(x3, zero), rdiv(T2, x3)) -> ldiv(ldiv(T2, zero), zero)
(47.0) 2746. ldiv(ldiv(T2, zero), rdiv(x3, T2)) -> ldiv(ldiv(x3, zero), zero)
(47.0) 2747. ldiv(x3, K(T2, rdiv(zero, T2))) -> rdiv(zero, x3)
(47.0) 2748. rdiv(rdiv(x3, T2), op(T2, x6)) -> rdiv(zero, op(T(T2, x6), x6))
(47.0) 2749. rdiv(rdiv(x3, T2), T(x6, T2)) -> rdiv(zero, x6)
(47.0) 2750. rdiv(op(T(T2, x6), x6), T2) -> rdiv(x6, rdiv(x3, T(T2, x6)))
(47.0) 2751. ldiv(T3, K(R2, rdiv(zero, R2))) -> rdiv(zero, T3)
(46.14286) 2752. op(ldiv(X, Y), op(ldiv(ldiv(X, Y), Y), Z)) -> op(rdiv(Y, X), op(X, Z))
(47.0) 2753. rdiv(x3, rdiv(zero, rdiv(zero, T2))) -> op(x3, rdiv(zero, T2))
(47.0) 2754. rdiv(x3, ldiv(ldiv(T2, zero), zero)) -> op(ldiv(T2, zero), x3)
(54.42857) 2755. ldiv(ldiv(X, zero), L(Y, X, rdiv(zero, X))) -> op(ldiv(ldiv(X, zero), zero), Y)
(47.0) 2756. op(rdiv(T2, ldiv(x6, x3)), T2) -> op(T2, x6)
(55.0) 2757. rdiv(R2, rdiv(T3, ldiv(ldiv(x6, T3), R2))) -> ldiv(T3, op(x6, R2))
(47.0) 2758. ldiv(T(x6, T2), rdiv(x3, T2)) -> ldiv(x6, zero)
(47.0) 2759. rdiv(rdiv(T3, R2), ldiv(T3, zero)) -> T(T3, x6)
(47.0) 2760. R(T3, rdiv(zero, T3), R2) -> ldiv(ldiv(T3, zero), zero)
(47.0) 2761. op(rdiv(T2, ldiv(x6, x3)), x3) -> op(x6, T2)
(47.0) 2762. op(op(x6, R2), T(T3, x6)) -> op(op(R2, x6), T3)
(47.0) 2763. op(x3, op(x6, op(x6, T2))) -> op(T2, op(x6, op(x6, x3)))
(47.0) 2764. K(rdiv(R2, ldiv(x3, T3)), T2) -> zero
(47.0) 2765. K(T2, rdiv(R2, ldiv(x3, T3))) -> zero
(47.0) 2766. ldiv(X, K(rdiv(zero, X), Y)) -> T(ldiv(X, zero), Y)
(47.0) 2767. op(rdiv(T2, op(x6, T2)), op(x6, x3)) -> x3
(47.0) 2768. ldiv(T3, op(op(R2, x6), x6)) -> ldiv(R2, op(op(x6, R2), x6))
(47.0) 2769. ldiv(op(op(x6, R2), x6), R2) -> ldiv(op(op(R2, x6), x6), T3)
(47.0) 2770. rdiv(T3, rdiv(zero, rdiv(zero, R2))) -> op(T3, rdiv(zero, R2))
(50.428574) 2771. rdiv(X, rdiv(X, T(T(Y, X), X))) = L(T(Y, X), rdiv(X, Y), Y)
(47.0) 2772. ldiv(ldiv(R2, zero), rdiv(T3, R2)) -> ldiv(ldiv(T3, zero), zero)
(47.0) 2773. op(x6, rdiv(x6, rdiv(x6, T3))) -> op(R2, op(ldiv(R2, x6), R2))
(47.0) 2774. op(rdiv(x6, rdiv(x6, T3)), R2) -> op(R2, rdiv(x6, rdiv(x6, T3)))
(47.0) 2775. op(rdiv(zero, rdiv(zero, x6)), T2) -> op(x3, rdiv(zero, rdiv(zero, x6)))
(47.0) 2776. op(rdiv(zero, rdiv(zero, x6)), T3) -> op(R2, rdiv(zero, rdiv(zero, x6)))
(42.714287) 2777. op(X, rdiv(L(X, Y, X), X)) -> L(X, Y, X)
(45.285713) 2778. ldiv(R2, L(T3, X, R2)) -> rdiv(L(T3, X, R2), R2)
(45.428574) 2779. R(X, rdiv(L(X, Y, X), X), X) -> X
(45.428574) 2780. L(X, rdiv(L(X, Y, X), X), X) -> X
(47.0) 2781. rdiv(K(X, Y), L(Y, Z, Y)) -> rdiv(zero, L(T(Y, X), Z, Y))
(45.857143) 2782. T(X, L(T(Y, Z), W, Y)) -> T(X, Y)
(47.0) 2783. rdiv(rdiv(x3, T2), rdiv(zero, x6)) -> rdiv(zero, rdiv(zero, T(x6, T2)))
(47.0) 2784. rdiv(T(T3, x6), op(R2, x6)) -> rdiv(T3, op(x6, R2))
(47.0) 2785. T(op(R2, x6), R(op(R2, x6), R2, x6)) -> op(R2, x6)
(47.0) 2786. K(op(R2, x6), R(op(R2, x6), R2, x6)) -> zero
(47.0) 2787. ldiv(rdiv(x6, T3), rdiv(x6, R2)) -> rdiv(T3, R2)
(47.0) 2788. rdiv(rdiv(x6, T3), rdiv(x6, R2)) -> rdiv(R2, T3)
(47.0) 2789. ldiv(L(x3, x6, T2), L(T2, x6, T2)) -> rdiv(T2, x3)
(47.0) 2790. ldiv(L(R2, x6, R2), L(T3, x6, R2)) -> rdiv(T3, R2)
(47.0) 2791. rdiv(R2, ldiv(L(x6, R2, x6), T3)) -> T(x6, op(R2, x6))
(47.0) 2792. op(L(R2, x6, R2), rdiv(T3, L(R2, x6, R2))) -> T3
(47.0) 2793. a(rdiv(zero, x3), T2, rdiv(zero, x3)) -> K(rdiv(zero, T2), T2)
(47.0) 2794. a(rdiv(zero, R2), T3, rdiv(zero, R2)) -> K(rdiv(zero, R2), R2)
(47.0) 2795. a(rdiv(zero, T2), x3, rdiv(zero, T2)) -> K(rdiv(zero, T2), T2)
(47.0) 2796. a(T2, rdiv(zero, x3), T2) -> K(T2, rdiv(zero, T2))
(47.0) 2797. a(ldiv(T2, zero), x3, ldiv(T2, zero)) -> K(rdiv(zero, T2), T2)
(47.0) 2798. a(R2, rdiv(zero, T3), R2) -> K(R2, rdiv(zero, R2))
(47.0) 2799. a(ldiv(R2, zero), T3, ldiv(R2, zero)) -> K(rdiv(zero, R2), R2)
(47.0) 2800. ldiv(rdiv(x6, R2), rdiv(x6, T3)) -> rdiv(R2, T3)
(47.0) 2801. L(L(T3, x6, R2), R2, R2) -> L(L(T3, R2, R2), x6, R2)
(47.0) 2802. op(x3, R(T2, T2, T2)) -> T(op(T2, x3), T2)
(47.0) 2803. a(T2, ldiv(T2, zero), x3) -> K(T2, rdiv(zero, T2))
(47.0) 2804. T(rdiv(zero, x3), rdiv(zero, T2)) -> rdiv(zero, x3)
(47.142853) 2805. ldiv(R(rdiv(X, Y), Y, ldiv(X, Z)), Z) -> op(Y, ldiv(X, Z))
(43.14286) 2806. rdiv(X, K(Y, op(Y, Y))) -> op(X, a(Y, Y, Y))
(46.57143) 2807. op(X, ldiv(R(X, X, X), Y)) -> rdiv(Y, a(X, X, X))
(47.142853) 2808. rdiv(X, L(ldiv(Y, Z), Y, rdiv(X, Z))) -> op(rdiv(X, Z), Y)
(45.714287) 2809. rdiv(op(X, Y), ldiv(Z, op(Y, X))) -> rdiv(Z, K(Y, X))
(45.714287) 2810. rdiv(X, rdiv(ldiv(Y, X), K(Z, W))) -> rdiv(Y, K(W, Z))
(46.285713) 2811. rdiv(X, ldiv(Y, T(X, Z))) -> rdiv(Y, K(X, Z))
(46.57143) 2812. rdiv(R(X, X, X), ldiv(Y, X)) -> op(Y, a(X, X, X))
(47.142853) 2813. ldiv(L(X, X, X), op(X, op(X, X))) -> T(op(X, X), X)
(47.14286) 2814. R(X, ldiv(X, x3), x6) = rdiv(op(x6, T2), op(ldiv(X, x3), x6))
(47.14286) 2815. R(X, ldiv(X, x6), T3) = rdiv(op(R2, x6), op(ldiv(X, x6), T3))
(47.14286) 2816. L(X, rdiv(R2, X), x6) = ldiv(op(x6, rdiv(T3, X)), op(R2, x6))
(40.285713) 2817. op(T(x6, R2), rdiv(T3, X)) -> op(x6, rdiv(R2, X))
(42.285713) 2818. op(rdiv(T3, X), T(x6, R2)) -> op(rdiv(R2, X), x6)
(44.285713) 2819. op(T(x6, R2), ldiv(X, T3)) -> op(x6, ldiv(X, R2))
(44.285713) 2820. op(T3, op(x6, rdiv(R2, X))) -> op(R2, op(x6, rdiv(T3, X)))
(44.285713) 2821. op(ldiv(X, T3), T(x6, R2)) -> op(ldiv(X, R2), x6)
(45.0) 2822. T(op(x6, rdiv(T3, x6)), R2) -> op(x6, rdiv(T3, x6))
(46.285713) 2823. L(ldiv(X, T3), rdiv(R2, ldiv(X, T3)), x6) -> ldiv(op(x6, X), op(R2, x6))
(47.0) 2824. op(x6, rdiv(R2, T(T3, x6))) -> ldiv(T3, op(x6, R2))
(47.0) 2825. op(rdiv(R2, T(T3, x6)), x6) -> ldiv(T3, op(x6, R2))
(45.285713) 2826. T(X, op(X, T(X, Y))) -> L(X, X, X)
(48.285713) 2827. R(rdiv(ldiv(X, zero), Y), Y, X) = rdiv(zero, op(Y, ldiv(ldiv(X, zero), zero)))
(44.428574) 2828. R(rdiv(X, Y), Y, rdiv(zero, X)) -> rdiv(zero, op(Y, ldiv(X, zero)))
(46.285713) 2829. rdiv(rdiv(T3, R2), ldiv(X, zero)) -> rdiv(X, rdiv(R2, T3))
(47.14286) 2830. L(R(X, x3, X), T2, X) -> X
(47.14286) 2831. L(R(X, T3, X), R2, X) -> X
(47.14286) 2832. R(X, rdiv(rdiv(T3, R2), X), X) -> ldiv(ldiv(X, zero), zero)
(47.14286) 2833. R(X, rdiv(rdiv(x3, T2), X), X) -> ldiv(ldiv(X, zero), zero)
(47.14286) 2834. L(X, rdiv(rdiv(T3, R2), X), X) -> rdiv(zero, rdiv(zero, X))
(47.14286) 2835. L(X, rdiv(rdiv(x3, T2), X), X) -> rdiv(zero, rdiv(zero, X))
(47.14286) 2836. op(X, T(Y, op(Y, X))) -> op(L(Y, X, Y), X)
(47.14286) 2837. L(X, op(Y, rdiv(zero, X)), X) -> L(X, rdiv(Y, X), X)
(47.14286) 2838. op(L(X, rdiv(zero, Y), Y), X) -> op(X, L(X, rdiv(zero, Y), Y))
(47.285713) 2839. ldiv(op(X, op(Y, Z)), op(X, op(Z, Y))) -> K(Z, Y)
(47.857143) 2840. op(ldiv(X, T3), ldiv(ldiv(X, R2), R2)) -> T3
(46.142857) 2841. T(ldiv(X, T3), X) = ldiv(ldiv(ldiv(X, R2), R2), T3)
(44.0) 2842. ldiv(L(T3, R2, R2), T3) -> a(R2, R2, R2)
(46.0) 2843. rdiv(T3, a(R2, R2, R2)) -> L(T3, R2, R2)
(46.285713) 2844. ldiv(T3, op(ldiv(X, T3), R2)) -> T(ldiv(X, R2), R2)
(40.285713) 2845. op(ldiv(X, T3), R2) -> op(ldiv(X, R2), T3)
(47.285713) 2846. R(X, x3, ldiv(T2, x6)) -> R(X, x3, rdiv(x6, T2))
(47.285713) 2847. R(X, T(ldiv(X, zero), X), Y) -> R(X, rdiv(zero, X), Y)
(47.285713) 2848. R(X, Y, T(ldiv(Y, zero), Z)) -> R(X, Y, rdiv(zero, Y))
(47.285713) 2849. rdiv(op(X, Y), rdiv(X, K(Y, op(X, Y)))) -> L(Y, X, Y)
(46.57143) 2850. rdiv(R(X, Y, rdiv(X, Y)), X) -> a(X, Y, ldiv(Y, X))
(47.285713) 2851. rdiv(T(X, op(X, Y)), L(X, Y, X)) -> K(X, Y)
(47.285713) 2852. ldiv(T(X, op(X, Y)), L(X, Y, X)) -> K(Y, X)
(47.285713) 2853. rdiv(L(X, Y, X), T(X, op(X, Y))) -> K(Y, X)
(47.285713) 2854. op(L(x3, X, T2), x3) -> op(x3, L(x3, X, T2))
(47.285713) 2855. rdiv(op(x3, L(x6, X, x6)), T2) -> L(x6, X, x6)
(47.285713) 2856. rdiv(op(R2, L(x6, X, x6)), T3) -> L(x6, X, x6)
(47.285713) 2857. ldiv(L(x3, X, T2), x3) -> rdiv(x3, L(x3, X, T2))
(47.285713) 2858. ldiv(L(T3, X, R2), T3) -> rdiv(T3, L(T3, X, R2))
(47.285713) 2859. ldiv(x3, L(T2, X, T2)) -> rdiv(L(T2, X, T2), x3)
(47.285713) 2860. ldiv(x3, L(x3, X, T2)) -> rdiv(L(x3, X, T2), x3)
(47.285713) 2861. ldiv(T3, L(T3, X, R2)) -> rdiv(L(T3, X, R2), T3)
(47.285713) 2862. R(T2, T(x6, X), x3) -> R(T2, T(x6, X), T2)
(47.285713) 2863. T(R(X, ldiv(Y, zero), Y), X) -> R(X, ldiv(Y, zero), Y)
(47.285713) 2864. a(R2, ldiv(T3, X), R2) -> a(R2, rdiv(X, T3), R2)
(47.285713) 2865. op(R(X, Y, X), ldiv(X, zero)) -> a(X, Y, X)
(54.142853) 2866. rdiv(X, T(rdiv(X, R(X, Y, X)), X)) -> R(X, Y, X)
(47.285713) 2867. ldiv(rdiv(X, R(X, Y, X)), zero) -> a(X, Y, X)
(47.285713) 2868. rdiv(zero, rdiv(X, R(X, Y, X))) -> a(X, Y, X)
(43.714287) 2869. rdiv(X, R(X, Y, X)) = ldiv(a(X, Y, X), zero)
(47.285713) 2870. a(T3, T(X, R2), T3) -> a(T3, X, T3)
(47.285713) 2871. a(x3, T(X, T2), x3) -> a(x3, X, x3)
(55.285713) 2872. rdiv(x3, rdiv(T2, R(T2, X, T2))) -> op(x3, a(T2, X, T2))
(47.285713) 2873. ldiv(R(T2, X, T2), x3) -> rdiv(x3, R(T2, X, T2))
(47.285713) 2874. a(x3, ldiv(T2, X), x3) -> a(x3, rdiv(X, T2), x3)
(47.285713) 2875. a(T(x6, X), x3, T(x6, X)) -> a(T(x6, X), T2, T(x6, X))
(47.285713) 2876. a(T3, ldiv(R2, X), T3) -> a(T3, rdiv(X, R2), T3)
(47.285713) 2877. a(T2, ldiv(x3, X), T2) -> a(T2, rdiv(X, x3), T2)
(47.285713) 2878. a(T(x6, X), T3, T(x6, X)) -> a(T(x6, X), R2, T(x6, X))
(47.285713) 2879. a(T3, ldiv(T3, zero), X) -> a(R2, ldiv(R2, zero), X)
(47.285713) 2880. a(rdiv(zero, T3), T3, X) -> a(rdiv(zero, R2), R2, X)
(47.285713) 2881. ldiv(R2, op(X, a(R2, x6, R2))) -> ldiv(L(R2, x6, R2), X)
(42.0) 2882. ldiv(L(R2, x6, R2), zero) -> ldiv(R2, a(R2, x6, R2))
(47.428574) 2883. op(op(ldiv(X, rdiv(Y, Z)), X), Z) = rdiv(Y, K(X, rdiv(rdiv(Y, Z), X)))
(41.571426) 2884. op(op(ldiv(X, x6), X), T3) -> op(R2, op(ldiv(X, x6), X))
(43.571426) 2885. op(op(X, rdiv(x6, X)), T3) -> op(R2, op(X, rdiv(x6, X)))
(44.428574) 2886. op(ldiv(X, L(Y, Z, Y)), X) -> L(op(ldiv(X, Y), X), Z, Y)
(45.57143) 2887. op(op(ldiv(X, Y), X), T(Z, Y)) -> op(Z, op(ldiv(X, Y), X))
(47.428574) 2888. op(op(X, rdiv(rdiv(Y, Z), X)), Z) = rdiv(Y, K(rdiv(rdiv(Y, Z), X), X))
(45.57143) 2889. op(op(X, rdiv(Y, X)), T(Z, Y)) -> op(Z, op(X, rdiv(Y, X)))
(46.285713) 2890. ldiv(op(X, op(Y, rdiv(Z, Y))), op(Y, rdiv(Z, Y))) -> ldiv(op(X, Z), Z)
(42.857143) 2891. ldiv(op(X, op(Y, Z)), op(Y, Z)) <-> ldiv(op(X, op(Z, Y)), op(Z, Y))
(78.0) 2892. rdiv(ldiv(op(X, op(Y, Z)), op(Y, op(Z, a(W, V, U)))), a(W, V, U)) -> ldiv(op(X, op(Y, Z)), op(Y, Z))
(46.285713) 2893. ldiv(op(X, op(x6, x3)), op(x6, x3)) -> ldiv(op(X, op(T2, x6)), op(T2, x6))
(46.285713) 2894. ldiv(op(X, op(T3, x6)), op(T3, x6)) -> ldiv(op(X, op(R2, x6)), op(R2, x6))
(47.428574) 2895. rdiv(a(X, Y, X), R(X, Y, X)) -> rdiv(zero, X)
(47.428574) 2896. L(X, rdiv(Y, R(Y, Z, Y)), W) -> X
(47.428574) 2897. L(X, Y, rdiv(Z, R(Z, W, Z))) -> X
(47.428574) 2898. R(X, rdiv(Y, R(Y, Z, Y)), X) -> X
(47.428574) 2899. rdiv(X, K(rdiv(op(Y, X), Z), Z)) = ldiv(Y, op(Z, rdiv(op(Y, X), Z)))
(43.0) 2900. op(x4, T(x5, op(T2, x4))) -> ldiv(R2, op(x5, op(x3, x4)))
(43.0) 2901. ldiv(R2, op(x5, op(x3, x4))) -> ldiv(R3, op(x5, op(T2, x4)))
(47.428574) 2902. rdiv(X, K(Y, rdiv(op(Z, X), Y))) = ldiv(Z, op(ldiv(Y, op(Z, X)), Y))
(47.428574) 2903. op(L(X, X, X), a(X, X, X)) -> X
(47.571426) 2904. rdiv(rdiv(X, rdiv(R2, T3)), Y) -> rdiv(X, rdiv(Y, rdiv(T3, R2)))
(47.571426) 2905. op(rdiv(X, R2), T(T3, Y)) -> rdiv(X, rdiv(R2, T(T3, Y)))
(47.571426) 2906. K(op(R2, op(X, T3)), Y) -> K(op(R2, op(X, R2)), Y)
(47.571426) 2907. K(op(T2, op(X, x3)), Y) -> K(op(T2, op(X, T2)), Y)
(47.571426) 2908. ldiv(op(X, rdiv(T2, X)), x3) -> rdiv(x3, op(X, rdiv(T2, X)))
(47.571426) 2909. rdiv(op(T3, X), K(X, R2)) -> op(T(T3, X), X)
(47.571426) 2910. rdiv(rdiv(X, rdiv(T3, R2)), Y) -> rdiv(X, rdiv(Y, rdiv(R2, T3)))
(47.571426) 2911. T(X, op(R2, op(Y, T3))) -> T(X, op(R2, op(Y, R2)))
(47.571426) 2912. T(X, op(T2, op(Y, x3))) -> T(X, op(T2, op(Y, T2)))
(47.571426) 2913. T(X, rdiv(R2, ldiv(Y, T3))) -> T(X, Y)
(47.571426) 2914. K(rdiv(R2, ldiv(X, T3)), Y) -> K(X, Y)
(47.571426) 2915. rdiv(T(T3, X), K(X, R2)) -> T(T(T3, X), X)
(47.571426) 2916. ldiv(op(ldiv(X, T2), X), x3) -> rdiv(x3, op(ldiv(X, T2), X))
(47.571426) 2917. R(ldiv(ldiv(X, zero), zero), ldiv(X, zero), X) -> ldiv(T(ldiv(X, zero), X), zero)
(47.571426) 2918. op(rdiv(X, T3), T(R2, Y)) -> rdiv(X, rdiv(T3, T(R2, Y)))
(47.571426) 2919. op(rdiv(X, T2), T(x3, Y)) -> rdiv(X, rdiv(T2, T(x3, Y)))
(47.571426) 2920. ldiv(op(x3, X), T(x3, Y)) -> ldiv(op(T2, X), T(T2, Y))
(47.571426) 2921. T(X, rdiv(T2, op(Y, x3))) -> T(X, rdiv(T2, op(Y, T2)))
(47.571426) 2922. op(rdiv(X, rdiv(X, T2)), x3) -> op(x3, rdiv(X, rdiv(X, T2)))
(47.571426) 2923. op(op(ldiv(X, T2), X), x3) -> op(x3, op(ldiv(X, T2), X))
(47.571426) 2924. op(op(X, rdiv(T2, X)), x3) -> op(x3, op(X, rdiv(T2, X)))
(47.571426) 2925. ldiv(op(X, x3), T(x3, Y)) -> ldiv(op(X, T2), T(T2, Y))
(47.571426) 2926. K(rdiv(rdiv(R2, T3), X), Y) -> K(rdiv(zero, X), Y)
(47.571426) 2927. K(X, rdiv(rdiv(R2, T3), Y)) -> K(X, rdiv(zero, Y))
(47.571426) 2928. rdiv(T(X, T2), op(X, x3)) -> rdiv(X, op(x3, X))
(47.571426) 2929. rdiv(T(X, R2), op(X, T3)) -> rdiv(X, op(T3, X))
(47.571426) 2930. K(X, rdiv(R2, ldiv(Y, T3))) -> K(X, Y)
(47.571426) 2931. T(X, rdiv(rdiv(T2, x3), Y)) -> T(X, rdiv(zero, Y))
(47.571426) 2932. K(X, op(Y, op(x6, x3))) -> K(X, op(Y, op(T2, x6)))
(47.571426) 2933. T(X, op(x6, op(Y, x3))) = T(X, op(Y, op(T2, x6)))
(47.571426) 2934. T(op(X, rdiv(T3, X)), R2) -> op(X, rdiv(T3, X))
(47.571426) 2935. T(op(X, rdiv(x3, X)), T2) -> op(X, rdiv(x3, X))
(47.571426) 2936. K(X, rdiv(Y, op(x6, x3))) -> K(X, rdiv(Y, op(T2, x6)))
(47.571426) 2937. K(X, rdiv(Y, op(T3, x6))) -> K(X, rdiv(Y, op(R2, x6)))
(47.571426) 2938. K(X, rdiv(op(x6, x3), Y)) -> K(X, rdiv(op(T2, x6), Y))
(47.571426) 2939. K(X, rdiv(op(T3, x6), Y)) -> K(X, rdiv(op(R2, x6), Y))
(71.0) 2940. rdiv(ldiv(T(T(X, T2), T2), op(x3, X)), K(T2, X)) -> T(T(x3, X), X)
(47.571426) 2941. K(op(X, op(x6, x3)), Y) -> K(op(X, op(T2, x6)), Y)
(46.0) 2942. a(op(x6, x3), op(x6, x3), op(x6, x3)) -> a(op(T2, x6), op(T2, x6), op(T2, x6))
(47.571426) 2943. op(T(T(x6, X), Y), T3) -> op(R2, T(T(x6, X), Y))
(47.571426) 2944. op(T(x6, X), T(T3, Y)) = op(T(R2, Y), T(x6, X))
(47.571426) 2945. op(x3, ldiv(T(T2, X), Y)) -> rdiv(x3, ldiv(Y, T(T2, X)))
(63.571426) 2946. T(X, op(R2, rdiv(rdiv(T3, R2), ldiv(Y, T3)))) -> T(X, Y)
(63.571423) 2947. K(op(R2, rdiv(rdiv(T3, R2), ldiv(X, T3))), Y) -> K(X, Y)
(49.571426) 2948. rdiv(T(T3, X), K(Y, R2)) <-> rdiv(T(T3, Y), K(X, R2))
(47.571426) 2949. K(X, rdiv(op(T3, Y), R2)) -> K(X, Y)
(47.571426) 2950. T(X, rdiv(R2, rdiv(T3, Y))) -> T(X, Y)
(47.571426) 2951. K(rdiv(R2, rdiv(T3, X)), Y) -> K(X, Y)
(47.571426) 2952. K(X, rdiv(R2, rdiv(T3, Y))) -> K(X, Y)
(47.571426) 2953. op(rdiv(X, T(T2, Y)), x3) -> rdiv(x3, ldiv(X, T(T2, Y)))
(47.571426) 2954. K(rdiv(X, op(x6, x3)), Y) -> K(rdiv(X, op(T2, x6)), Y)
(47.571426) 2955. K(rdiv(X, op(T3, x6)), Y) -> K(rdiv(X, op(R2, x6)), Y)
(47.571426) 2956. K(rdiv(op(x6, x3), X), Y) -> K(rdiv(op(T2, x6), X), Y)
(47.571426) 2957. K(rdiv(op(T3, x6), X), Y) -> K(rdiv(op(R2, x6), X), Y)
(47.571426) 2958. K(op(X, op(R2, x6)), Y) = K(op(op(T3, x6), X), Y)
(47.571426) 2959. ldiv(T3, op(op(T3, X), Y)) -> ldiv(R2, op(op(R2, X), Y))
(44.571426) 2960. a(T3, rdiv(zero, X), X) -> a(R2, rdiv(zero, X), X)
(44.571426) 2961. a(T3, X, ldiv(X, zero)) -> a(R2, X, ldiv(X, zero))
(47.571426) 2962. ldiv(op(op(T3, X), Y), T3) -> ldiv(op(op(R2, X), Y), R2)
(47.571426) 2963. ldiv(op(T3, X), T(T3, Y)) -> ldiv(op(R2, X), T(R2, Y))
(47.571426) 2964. T(X, rdiv(R2, op(Y, T3))) -> T(X, rdiv(R2, op(Y, R2)))
(47.571426) 2965. op(T3, ldiv(T(R2, X), Y)) -> rdiv(T3, ldiv(Y, T(R2, X)))
(47.571426) 2966. T(X, op(Y, R(R2, x6, R2))) -> T(X, op(Y, R2))
(47.571426) 2967. T(T(rdiv(X, T3), X), R2) -> T(ldiv(T3, X), X)
(53.142853) 2968. L(rdiv(zero, rdiv(zero, X)), rdiv(zero, X), X) -> rdiv(zero, rdiv(zero, rdiv(zero, rdiv(zero, X))))
(47.571426) 2969. T(X, op(Y, L(T3, x6, R2))) -> T(X, op(Y, R2))
(47.571426) 2970. T(X, op(Y, L(x3, x6, T2))) -> T(X, op(Y, T2))
(44.571426) 2971. L(X, L(x3, x6, T2), X) -> L(X, T2, X)
(46.285713) 2972. T(X, rdiv(T2, L(x3, x6, T2))) -> X
(46.0) 2973. ldiv(L(x3, x6, T2), T2) -> rdiv(T2, L(x3, x6, T2))
(47.571426) 2974. op(op(X, rdiv(R2, X)), T3) -> op(T3, op(X, rdiv(R2, X)))
(47.571426) 2975. op(op(X, rdiv(T3, X)), R2) -> op(R2, op(X, rdiv(T3, X)))
(47.571426) 2976. op(op(ldiv(X, R2), X), T3) -> op(T3, op(ldiv(X, R2), X))
(47.571426) 2977. op(op(ldiv(X, T3), X), R2) -> op(R2, op(ldiv(X, T3), X))
(47.571426) 2978. rdiv(op(x3, X), K(Y, T2)) -> op(T(x3, Y), X)
(47.571426) 2979. rdiv(R2, ldiv(rdiv(X, Y), T3)) = rdiv(X, rdiv(Y, rdiv(R2, T3)))
(46.285713) 2980. rdiv(R2, ldiv(rdiv(X, R2), T3)) -> rdiv(X, T3)
(47.571426) 2981. ldiv(ldiv(X, T3), T(T3, Y)) -> ldiv(ldiv(X, R2), T(R2, Y))
(47.571426) 2982. ldiv(T(ldiv(X, T3), X), T3) -> ldiv(T(ldiv(X, R2), X), R2)
(47.571426) 2983. rdiv(op(X, T3), K(Y, R2)) -> op(X, T(T3, Y))
(47.571426) 2984. T(op(ldiv(X, T3), X), R2) -> op(ldiv(X, T3), X)
(47.571426) 2985. rdiv(T(T3, X), K(Y, R2)) -> T(T(T3, X), Y)
(47.57143) 2986. L(ldiv(X, K(Y, Z)), X, Y) -> ldiv(op(Y, X), T(Y, Z))
(47.57143) 2987. op(rdiv(X, Y), op(ldiv(Z, Y), Z)) -> rdiv(X, K(Z, rdiv(Y, Z)))
(47.57143) 2988. op(rdiv(X, op(ldiv(Y, Z), Y)), Z) -> rdiv(X, K(rdiv(Z, Y), Y))
(45.0) 2989. op(ldiv(ldiv(x6, x3), T2), x3) -> op(x3, ldiv(ldiv(x6, T2), T2))
(45.0) 2990. T(ldiv(ldiv(x6, x3), T2), T2) -> ldiv(ldiv(x6, T2), T2)
(47.0) 2991. op(x3, ldiv(ldiv(x6, x3), T2)) -> op(T2, ldiv(ldiv(x6, T2), T2))
(43.0) 2992. R(x6, rdiv(T2, x6), x6) -> ldiv(ldiv(x6, x3), T2)
(47.57143) 2993. op(rdiv(X, Y), op(Z, rdiv(Y, Z))) -> rdiv(X, K(rdiv(Y, Z), Z))
(47.57143) 2994. op(rdiv(X, op(Y, rdiv(Z, Y))), Z) -> rdiv(X, K(Y, rdiv(Z, Y)))
(46.57143) 2995. op(rdiv(X, Y), L(Y, Y, Y)) -> rdiv(X, a(Y, Y, Y))
(46.0) 2996. rdiv(x3, a(T2, T2, T2)) -> L(x3, T2, T2)
(47.57143) 2997. op(X, ldiv(op(ldiv(Y, X), Y), Z)) -> rdiv(Z, K(rdiv(X, Y), Y))
(47.57143) 2998. op(X, ldiv(op(Y, rdiv(X, Y)), Z)) -> rdiv(Z, K(Y, rdiv(X, Y)))
(47.57143) 2999. ldiv(rdiv(X, Y), op(ldiv(Z, X), Z)) -> rdiv(Y, K(Z, rdiv(X, Z)))
(47.57143) 3000. ldiv(rdiv(op(ldiv(X, Y), X), Z), Y) -> rdiv(Z, K(rdiv(Y, X), X))
(47.57143) 3001. ldiv(rdiv(X, Y), op(Z, rdiv(X, Z))) -> rdiv(Y, K(rdiv(X, Z), Z))
(47.57143) 3002. ldiv(rdiv(op(X, rdiv(Y, X)), Z), Y) -> rdiv(Z, K(X, rdiv(Y, X)))
(47.57143) 3003. rdiv(T(X, Y), K(Z, rdiv(X, Z))) -> T(op(ldiv(Z, X), Z), Y)
(46.57143) 3004. op(T(X, Y), a(X, X, X)) -> T(R(X, X, X), Y)
(42.0) 3005. T(R(x3, x3, x3), x6) -> R(T2, T2, T2)
(44.0) 3006. op(T3, a(R2, R2, R2)) -> T(R(R2, R2, R2), x6)
(46.0) 3007. op(R(x3, x3, x3), x6) -> op(x6, R(T2, T2, T2))
(47.57143) 3008. rdiv(T(op(X, Y), Z), K(Y, X)) -> T(op(T(X, Y), Y), Z)
(47.57143) 3009. R(rdiv(K(X, Y), Z), Z, X) -> rdiv(T(X, Y), op(Z, X))
(47.57143) 3010. rdiv(ldiv(X, Y), K(rdiv(X, Z), Z)) -> ldiv(op(ldiv(Z, X), Z), Y)
(47.57143) 3011. rdiv(ldiv(X, Y), K(Z, rdiv(Y, Z))) -> ldiv(X, op(ldiv(Z, Y), Z))
(47.57143) 3012. rdiv(op(X, op(Y, rdiv(Z, Y))), Z) -> rdiv(X, K(rdiv(Z, Y), Y))
(47.57143) 3013. rdiv(op(X, Y), op(Z, rdiv(Y, Z))) -> rdiv(X, K(Z, rdiv(Y, Z)))
(46.57143) 3014. rdiv(op(X, R(Y, Y, Y)), Y) -> op(X, a(Y, Y, Y))
(47.57143) 3015. rdiv(op(X, op(ldiv(Y, Z), Y)), Z) -> rdiv(X, K(Y, rdiv(Z, Y)))
(47.57143) 3016. rdiv(op(X, Y), op(ldiv(Z, Y), Z)) -> rdiv(X, K(rdiv(Y, Z), Z))
(39.0) 3017. R(T3, rdiv(x6, T3), T3) -> ldiv(ldiv(R2, x6), x6)
(45.0) 3018. T(ldiv(ldiv(R2, x6), x6), x6) -> ldiv(ldiv(T3, x6), x6)
(47.0) 3019. op(ldiv(ldiv(R2, x6), x6), x6) -> op(R2, op(R2, rdiv(x6, R2)))
(47.0) 3020. op(x6, ldiv(ldiv(T3, x6), x6)) -> op(R2, op(R2, rdiv(x6, R2)))
(47.0) 3021. ldiv(ldiv(T3, x6), T(x6, R2)) -> ldiv(ldiv(R2, x6), x6)
(47.57143) 3022. rdiv(ldiv(X, op(Y, Z)), K(Z, Y)) -> ldiv(X, op(T(Y, Z), Z))
(44.285713) 3023. ldiv(op(x3, X), op(x6, x3)) -> ldiv(op(T2, X), op(x6, T2))
(44.285713) 3024. ldiv(op(X, x3), op(x6, x3)) -> ldiv(op(X, T2), op(x6, T2))
(47.57143) 3025. rdiv(ldiv(X, Y), K(Z, rdiv(X, Z))) -> ldiv(op(Z, rdiv(X, Z)), Y)
(47.57143) 3026. rdiv(X, rdiv(Y, K(Z, rdiv(X, Z)))) -> rdiv(op(Z, rdiv(X, Z)), Y)
(46.57143) 3027. op(X, ldiv(L(X, X, X), Y)) -> op(Y, a(X, X, X))
(46.57143) 3028. op(R(X, X, X), ldiv(X, Y)) -> op(Y, a(X, X, X))
(46.57143) 3029. op(rdiv(X, L(Y, Y, Y)), Y) -> op(X, a(Y, Y, Y))
(46.57143) 3030. op(rdiv(X, Y), R(Y, Y, Y)) -> op(X, a(Y, Y, Y))
(44.0) 3031. op(R(R2, R2, R2), x6) -> op(x6, R(T3, T3, T3))
(44.0) 3032. T(R(R2, R2, R2), x6) -> R(T3, T3, T3)
(47.57143) 3033. ldiv(L(X, Y, X), op(Y, X)) -> rdiv(Y, K(X, op(X, Y)))
(48.428574) 3034. op(R(X, Y, rdiv(X, Y)), X) -> op(X, R(X, Y, rdiv(X, Y)))
(59.0) 3035. rdiv(X, rdiv(K(X, Y), K(op(X, Y), Y))) -> rdiv(T(op(Y, X), Y), Y)
(47.57143) 3036. rdiv(op(X, op(Y, Z)), K(X, Z)) -> op(X, op(Y, T(Z, X)))
(47.57143) 3037. T(op(X, rdiv(K(Y, Z), X)), W) -> op(X, rdiv(K(Y, Z), X))
(47.57143) 3038. a(X, rdiv(L(X, Y, X), X), X) -> zero
(47.57143) 3039. rdiv(op(X, rdiv(Y, X)), ldiv(Z, Y)) -> rdiv(Z, K(rdiv(Y, X), X))
(47.57143) 3040. rdiv(X, ldiv(Y, op(Z, rdiv(X, Z)))) -> rdiv(Y, K(Z, rdiv(X, Z)))
(47.57143) 3041. rdiv(op(ldiv(X, Y), X), ldiv(Z, Y)) -> rdiv(Z, K(X, rdiv(Y, X)))
(47.57143) 3042. rdiv(X, ldiv(Y, op(ldiv(Z, X), Z))) -> rdiv(Y, K(rdiv(X, Z), Z))
(47.57143) 3043. rdiv(op(ldiv(X, Y), X), K(Z, Y)) -> T(op(ldiv(X, Y), X), Z)
(46.57143) 3044. rdiv(R(X, X, X), K(Y, X)) -> T(R(X, X, X), Y)
(47.57143) 3045. rdiv(op(X, rdiv(Y, X)), K(Z, Y)) -> T(op(X, rdiv(Y, X)), Z)
(47.57143) 3046. rdiv(ldiv(X, Y), K(rdiv(Y, Z), Z)) -> ldiv(X, op(Z, rdiv(Y, Z)))
(47.57143) 3047. rdiv(op(X, ldiv(ldiv(Y, X), X)), X) = ldiv(ldiv(Y, X), T(X, Y))
(46.285713) 3048. rdiv(op(T2, T(x3, X)), T2) -> T(x3, X)
(46.714287) 3049. ldiv(T(X, Y), T(op(X, Y), Y)) -> R(Y, X, Y)
(44.714287) 3050. R(X, rdiv(Y, K(Z, W)), X) -> R(X, Y, X)
(39.285713) 3051. R(X, T(Y, Z), X) -> R(X, Y, X)
(34.57143) 3052. R(X, x3, X) -> R(X, T2, X)
(34.57143) 3053. R(X, T3, X) -> R(X, R2, X)
(36.57143) 3054. a(X, x3, X) -> a(X, T2, X)
(36.57143) 3055. a(X, T3, X) -> a(X, R2, X)
(38.0) 3056. a(x3, T2, x3) -> a(T2, T2, T2)
(38.0) 3057. a(T3, R2, T3) -> a(R2, R2, R2)
(41.14286) 3058. R(X, op(Y, Z), X) <-> R(X, op(Z, Y), X)
(41.14286) 3059. R(X, ldiv(Y, Z), X) -> R(X, rdiv(Z, Y), X)
(41.285713) 3060. a(X, T(Y, Z), X) -> a(X, Y, X)
(41.857143) 3061. a(T(X, Y), X, T(X, Y)) -> a(X, X, X)
(42.714287) 3062. R(X, R(Y, Y, Y), X) -> R(X, Y, X)
(43.14286) 3063. a(X, op(Y, Z), X) <-> a(X, op(Z, Y), X)
(43.14286) 3064. a(X, ldiv(Y, Z), X) -> a(X, rdiv(Z, Y), X)
(44.571426) 3065. R(X, R(R2, x6, R2), X) -> R(X, R2, X)
(44.571426) 3066. R(X, op(x6, x3), X) -> R(X, op(T2, x6), X)
(44.571426) 3067. R(X, op(T3, x6), X) -> R(X, op(R2, x6), X)
(44.714287) 3068. R(X, L(Y, Y, Y), X) -> R(X, Y, X)
(44.714287) 3069. R(X, R(Y, Z, Y), X) -> R(X, Y, X)
(44.714287) 3070. R(X, L(Y, Z, Y), X) -> R(X, Y, X)
(44.714287) 3071. a(X, R(Y, Y, Y), X) -> a(X, Y, X)
(45.714287) 3072. op(T(X, Y), R(Y, X, Y)) -> T(op(X, Y), Y)
(45.714287) 3073. R(T(X, Y), X, T(X, Y)) -> T(R(X, X, X), Y)
(46.0) 3074. T(R(x3, T2, x3), x6) -> R(T2, T2, T2)
(46.571426) 3075. R(X, R(x3, x6, T2), X) -> R(X, T2, X)
(46.571426) 3076. R(X, L(T3, x6, R2), X) -> R(X, R2, X)
(46.571426) 3077. R(X, R(T3, x6, R2), X) -> R(X, R2, X)
(46.571426) 3078. R(T(X, T2), x3, X) -> R(T(X, T2), T2, X)
(46.571426) 3079. R(T(X, R2), T3, X) -> R(T(X, R2), R2, X)
(46.571426) 3080. a(X, op(x6, x3), X) -> a(X, op(T2, x6), X)
(46.571426) 3081. a(X, op(T3, x6), X) -> a(X, op(R2, x6), X)
(46.571426) 3082. a(X, R(R2, x6, R2), X) -> a(X, R2, X)
(46.57143) 3083. ldiv(X, R(X, Y, rdiv(X, Y))) -> a(X, Y, ldiv(Y, X))
(46.57143) 3084. R(L(X, X, X), X, L(X, X, X)) -> X
(46.714287) 3085. R(X, op(Y, rdiv(Z, Y)), X) -> R(X, Z, X)
(46.714287) 3086. R(X, rdiv(Y, rdiv(Y, Z)), X) -> R(X, Z, X)
(46.714287) 3087. a(X, rdiv(Y, K(Z, W)), X) -> a(X, Y, X)
(44.714287) 3088. a(X, L(Y, Z, Y), X) -> a(X, Y, X)
(46.571426) 3089. a(X, R(x3, x6, T2), X) -> a(X, T2, X)
(46.714287) 3090. a(X, R(Y, Z, Y), X) -> a(X, Y, X)
(47.0) 3091. op(x3, R(x3, T2, x3)) -> T(op(x3, x3), T2)
(47.0) 3092. rdiv(T3, R(T3, R2, T3)) -> K(R2, op(R2, R2))
(47.0) 3093. op(T3, R(T3, R2, T3)) -> T(op(T3, T3), R2)
(47.0) 3094. op(T3, R(R2, R2, R2)) -> T(op(R2, T3), R2)
(47.285713) 3095. a(rdiv(X, K(Y, Z)), X, rdiv(X, K(Y, Z))) -> a(X, X, X)
(45.285713) 3096. a(R(X, X, X), X, R(X, X, X)) -> a(X, X, X)
(45.285713) 3097. a(L(X, Y, X), X, L(X, Y, X)) -> a(X, X, X)
(47.428574) 3098. a(T(x3, X), T2, T(x3, X)) -> a(T2, T2, T2)
(47.428574) 3099. a(T(T3, X), R2, T(T3, X)) -> a(R2, R2, R2)
(47.571426) 3100. op(x3, R(X, T2, X)) -> T(op(X, x3), X)
(47.571426) 3101. op(T3, R(X, R2, X)) -> T(op(X, T3), X)
(47.57143) 3102. rdiv(ldiv(ldiv(X, Y), Y), K(Y, X)) -> T(ldiv(ldiv(X, Y), Y), Y)
(55.142857) 3103. ldiv(ldiv(ldiv(X, zero), zero), K(X, rdiv(zero, X))) -> ldiv(X, zero)
(47.714287) 3104. op(rdiv(X, Y), ldiv(ldiv(Y, X), X)) -> op(Y, rdiv(X, Y))
(46.14286) 3105. op(ldiv(ldiv(X, Y), Y), Y) = op(X, op(X, rdiv(Y, X)))
(53.714287) 3106. rdiv(op(X, op(X, rdiv(Y, X))), Y) -> ldiv(ldiv(X, Y), Y)
(47.714287) 3107. op(op(X, T2), T(x3, X)) -> op(op(T2, X), x3)
(47.714287) 3108. rdiv(op(X, op(x6, T2)), L(x6, T2, X)) -> op(X, x3)
(47.714287) 3109. rdiv(op(X, op(R2, x6)), L(T3, x6, X)) -> op(X, x6)
(47.714287) 3110. ldiv(R(x3, x6, X), op(op(x6, T2), X)) -> op(x6, X)
(46.285713) 3111. ldiv(x3, T(op(x6, T2), X)) -> rdiv(x6, K(X, op(T2, x6)))
(47.714287) 3112. ldiv(R(x6, T3, X), op(op(R2, x6), X)) -> op(T3, X)
(46.285713) 3113. ldiv(x6, T(op(R2, x6), X)) -> rdiv(T3, K(X, op(R2, x6)))
(47.714287) 3114. ldiv(R(rdiv(x3, X), X, x6), op(x6, T2)) -> op(X, x6)
(47.714287) 3115. ldiv(R(rdiv(x6, X), X, T3), op(R2, x6)) -> op(X, T3)
(47.714287) 3116. rdiv(op(x6, T2), L(ldiv(X, x6), X, T2)) -> op(x3, X)
(46.0) 3117. op(R(x6, x6, x6), T2) -> op(x3, R(x6, x6, x6))
(47.714287) 3118. rdiv(op(R2, x6), L(ldiv(X, T3), X, x6)) -> op(x6, X)
(47.714287) 3119. rdiv(K(X, T2), op(X, x3)) -> rdiv(zero, op(x3, X))
(55.714287) 3120. rdiv(K(X, T2), op(T(X, T2), x3)) -> rdiv(zero, op(X, x3))
(47.714287) 3121. T(rdiv(X, op(Y, Z)), op(Z, Y)) -> ldiv(op(Y, Z), X)
(46.57143) 3122. T(rdiv(X, R(Y, Z, Y)), Y) -> ldiv(R(Y, Z, Y), X)
(47.714287) 3123. T(X, op(T2, rdiv(X, x3))) -> X
(47.714287) 3124. T(ldiv(ldiv(X, T2), x3), X) -> ldiv(ldiv(X, T2), x3)
(47.714287) 3125. T(ldiv(ldiv(X, x3), T2), X) -> ldiv(ldiv(X, x3), T2)
(47.714287) 3126. T(rdiv(X, T3), rdiv(X, R2)) -> rdiv(X, T3)
(47.714287) 3127. rdiv(X, T(T3, rdiv(X, R2))) -> ldiv(T3, X)
(47.714287) 3128. T(rdiv(X, x3), rdiv(X, T2)) -> rdiv(X, x3)
(47.714287) 3129. rdiv(X, T(x3, rdiv(X, T2))) -> ldiv(x3, X)
(47.714287) 3130. T(ldiv(x3, X), rdiv(X, T2)) -> ldiv(x3, X)
(48.85714) 3131. ldiv(ldiv(X, Y), Y) = T(X, rdiv(Y, rdiv(X, K(?, ?))))
(52.571426) 3132. T(X, rdiv(Y, rdiv(X, K(Z, W)))) ~> T(X, rdiv(Y, rdiv(X, K(?, ?))))
(44.857143) 3133. ldiv(ldiv(ldiv(X, zero), Y), Y) = T(ldiv(X, zero), op(X, Y))
(46.857143) 3134. T(ldiv(X, zero), op(Y, X)) = ldiv(ldiv(ldiv(X, zero), Y), Y)
(46.857143) 3135. ldiv(ldiv(rdiv(zero, X), Y), Y) = T(rdiv(zero, X), op(X, Y))
(47.0) 3136. T(x3, L(x6, T2, rdiv(zero, x3))) -> T2
(47.714287) 3137. rdiv(K(X, R2), op(X, T3)) -> rdiv(zero, op(T3, X))
(47.714287) 3138. T(rdiv(x3, X), rdiv(T2, X)) -> rdiv(x3, X)
(47.714287) 3139. T(op(R2, rdiv(X, T3)), X) -> op(R2, rdiv(X, T3))
(47.714287) 3140. T(op(x3, rdiv(X, T2)), X) -> op(x3, rdiv(X, T2))
(47.714287) 3141. T(op(T3, rdiv(X, R2)), X) -> op(T3, rdiv(X, R2))
(47.714287) 3142. rdiv(op(X, Y), T(T(Y, X), X)) -> T(T(X, Y), Y)
(45.0) 3143. rdiv(op(x6, R2), T(T3, x6)) -> ldiv(T3, op(x6, R2))
(47.714287) 3144. K(rdiv(X, rdiv(Y, K(Z, W))), Y) -> K(rdiv(X, Y), Y)
(45.714287) 3145. K(rdiv(X, L(Y, Z, Y)), Y) -> K(rdiv(X, Y), Y)
(47.714287) 3146. K(X, rdiv(Y, rdiv(X, K(Z, W)))) -> K(X, rdiv(Y, X))
(45.714287) 3147. K(X, rdiv(Y, L(X, Z, X))) -> K(X, rdiv(Y, X))
(47.714287) 3148. rdiv(X, rdiv(x3, T(T2, X))) -> rdiv(op(T2, X), x3)
(50.142857) 3149. ldiv(op(X, x3), K(X, T2)) = ldiv(op(T2, X), rdiv(T2, x3))
(47.714287) 3150. ldiv(op(x3, X), K(T2, X)) -> ldiv(op(X, x3), zero)
(47.714287) 3151. ldiv(op(T3, X), K(R2, X)) -> ldiv(op(X, T3), zero)
(47.714287) 3152. ldiv(R(X, rdiv(zero, Y), Y), X) -> rdiv(zero, a(X, rdiv(zero, Y), Y))
(47.714287) 3153. T(X, R(X, rdiv(zero, x3), T2)) -> X
(47.714287) 3154. ldiv(R(X, Y, rdiv(zero, Y)), X) -> rdiv(zero, a(X, Y, ldiv(Y, zero)))
(47.714287) 3155. rdiv(T(T2, X), ldiv(X, x3)) -> rdiv(op(T2, X), x3)
(47.714287) 3156. T(rdiv(T2, rdiv(x3, X)), X) -> rdiv(T2, rdiv(x3, X))
(47.714287) 3157. ldiv(op(X, x3), op(T2, X)) -> rdiv(T(T2, X), x3)
(47.714287) 3158. T(op(X, T3), op(R2, X)) -> op(X, T3)
(47.714287) 3159. ldiv(op(R2, X), op(X, T3)) -> rdiv(T3, T(R2, X))
(47.714287) 3160. ldiv(op(x3, X), op(X, T2)) -> rdiv(T2, T(x3, X))
(47.714287) 3161. rdiv(op(R2, X), T(T3, X)) -> rdiv(X, rdiv(T3, R2))
(47.714287) 3162. op(T(X, Y), op(Z, T(Y, X))) -> op(X, op(Z, Y))
(46.285713) 3163. op(T3, op(op(R2, X), x6)) -> op(R2, op(op(T3, X), x6))
(46.285713) 3164. op(T3, op(rdiv(R2, X), x6)) -> op(R2, op(rdiv(T3, X), x6))
(47.714287) 3165. R(X, T3, rdiv(T(R2, X), T3)) -> X
(47.714287) 3166. op(op(X, x3), T(T2, X)) -> op(op(T2, X), x3)
(42.428574) 3167. K(T2, R(T2, X, x3)) -> zero
(42.428574) 3168. K(R(T2, X, x3), T2) -> zero
(43.714287) 3169. T(X, R(T2, Y, x3)) -> T(X, T2)
(43.714287) 3170. K(R(T2, X, x3), Y) -> K(T2, Y)
(43.714287) 3171. K(X, R(T2, Y, x3)) -> K(X, T2)
(47.285713) 3172. T(R(T2, X, x3), T2) -> R(T2, X, x3)
(47.714287) 3173. op(T(T2, X), op(X, x3)) -> op(T2, op(x3, X))
(47.714287) 3174. op(T(x3, X), op(X, T2)) -> op(T2, op(x3, X))
(47.714287) 3175. L(X, rdiv(R2, T(T3, x6)), Y) -> X
(47.714287) 3176. L(X, Y, rdiv(R2, T(T3, x6))) -> X
(47.714287) 3177. T(rdiv(T3, X), rdiv(R2, X)) -> rdiv(T3, X)
(47.714287) 3178. ldiv(rdiv(ldiv(X, Y), Y), rdiv(Y, X)) -> op(X, rdiv(Y, X))
(47.714287) 3179. T(op(X, T(Y, Z)), op(X, Y)) -> op(X, T(Y, Z))
(47.714287) 3180. op(op(T(X, Y), Y), T(Y, X)) -> op(op(X, Y), Y)
(45.0) 3181. op(op(T(x6, R2), R2), T3) -> op(op(x6, R2), R2)
(47.714287) 3182. rdiv(X, rdiv(X, T(ldiv(Y, X), X))) -> T(rdiv(X, Y), X)
(44.0) 3183. rdiv(a(R2, x6, R2), R2) -> rdiv(zero, L(R2, x6, R2))
(47.714287) 3184. rdiv(T(T3, X), ldiv(X, R2)) -> rdiv(op(T3, X), R2)
(47.714287) 3185. K(X, R(op(Y, Z), Z, Y)) -> K(X, op(Y, Z))
(47.714287) 3186. K(R(op(X, Y), Y, X), Z) -> K(op(X, Y), Z)
(47.714287) 3187. ldiv(rdiv(x3, X), T(T2, X)) -> rdiv(op(T2, X), x3)
(47.714287) 3188. ldiv(rdiv(R2, X), T(T3, X)) -> rdiv(op(T3, X), R2)
(47.714287) 3189. T(X, op(Y, rdiv(op(Z, W), Z))) -> T(X, op(Y, W))
(45.714287) 3190. T(X, op(Y, R(Z, W, Z))) -> T(X, op(Y, Z))
(47.714287) 3191. T(X, rdiv(Y, rdiv(K(Z, W), V))) -> T(X, op(Y, V))
(47.714287) 3192. T(X, op(Y, rdiv(Z, rdiv(Z, W)))) -> T(X, op(Y, W))
(47.714287) 3193. K(X, op(Y, R(Z, Z, Z))) -> K(X, op(Y, Z))
(47.714287) 3194. K(op(X, R(Y, Y, Y)), Z) -> K(op(X, Y), Z)
(47.714287) 3195. T(X, op(R(Y, Y, Y), Z)) -> T(X, op(Y, Z))
(47.714287) 3196. K(X, rdiv(Y, L(Z, W, Z))) -> K(X, rdiv(Y, Z))
(47.714287) 3197. K(rdiv(X, L(Y, Z, Y)), W) -> K(rdiv(X, Y), W)
(47.714287) 3198. K(op(L(X, Y, X), Z), W) -> K(op(X, Z), W)
(47.714287) 3199. T(op(ldiv(x3, X), T2), X) -> op(ldiv(x3, X), T2)
(47.714287) 3200. T(op(T(X, Y), Y), op(Y, X)) -> op(T(X, Y), Y)
(47.714287) 3201. K(X, op(Y, R(Z, W, Z))) -> K(X, op(Y, Z))
(47.714287) 3202. K(op(X, R(Y, Z, Y)), W) -> K(op(X, Y), W)
(45.285713) 3203. a(R(X, Y, X), X, R(X, Y, X)) -> a(X, X, X)
(47.714287) 3204. T(X, rdiv(Y, R(Z, W, Z))) -> T(X, rdiv(Y, Z))
(47.714287) 3205. K(X, rdiv(Y, R(Z, W, Z))) -> K(X, rdiv(Y, Z))
(47.714287) 3206. K(rdiv(X, R(Y, Z, Y)), W) -> K(rdiv(X, Y), W)
(47.714287) 3207. op(rdiv(X, rdiv(Y, K(Z, W))), Y) -> rdiv(X, K(W, Z))
(47.714287) 3208. rdiv(a(X, ldiv(X, zero), Y), Y) -> rdiv(zero, L(Y, rdiv(zero, X), X))
(47.714287) 3209. ldiv(X, L(X, Y, rdiv(zero, Y))) -> rdiv(zero, a(rdiv(zero, Y), Y, X))
(47.714287) 3210. rdiv(a(rdiv(zero, X), X, Y), Y) -> rdiv(zero, L(Y, X, rdiv(zero, X)))
(47.714287) 3211. ldiv(L(X, rdiv(zero, Y), Y), zero) = ldiv(X, a(Y, ldiv(Y, zero), X))
(47.714287) 3212. op(rdiv(X, Y), op(ldiv(Y, X), Y)) -> op(ldiv(Y, X), X)
(46.285713) 3213. rdiv(zero, ldiv(X, rdiv(T2, x3))) -> rdiv(X, rdiv(T2, x3))
(47.714287) 3214. op(T(T3, X), T(X, R2)) -> op(T3, X)
(47.714287) 3215. op(T(x3, X), T(X, T2)) -> op(x3, X)
(47.714287) 3216. T(X, rdiv(Y, op(Z, rdiv(W, Z)))) -> T(X, rdiv(Y, W))
(44.14286) 3217. T(X, rdiv(Y, ldiv(Z, W))) -> T(X, rdiv(Y, rdiv(W, Z)))
(46.14286) 3218. K(X, rdiv(Y, ldiv(Z, W))) -> K(X, rdiv(Y, rdiv(W, Z)))
(46.14286) 3219. K(rdiv(X, ldiv(Y, Z)), W) -> K(rdiv(X, rdiv(Z, Y)), W)
(47.714287) 3220. T(X, rdiv(op(Y, rdiv(Z, Y)), W)) -> T(X, rdiv(Z, W))
(44.14286) 3221. T(X, rdiv(ldiv(Y, Z), W)) -> T(X, rdiv(rdiv(Z, Y), W))
(46.14286) 3222. K(X, rdiv(ldiv(Y, Z), W)) -> K(X, rdiv(rdiv(Z, Y), W))
(46.14286) 3223. K(rdiv(ldiv(X, Y), Z), W) -> K(rdiv(rdiv(Y, X), Z), W)
(46.714287) 3224. T(X, rdiv(rdiv(Y, Z), X)) = ldiv(ldiv(X, ldiv(Z, Y)), ldiv(Z, Y))
(47.714287) 3225. T(ldiv(ldiv(X, Y), T(Y, X)), Y) -> ldiv(ldiv(X, Y), Y)
(45.0) 3226. T(ldiv(ldiv(x6, R2), T3), R2) -> ldiv(ldiv(x6, R2), R2)
(47.714287) 3227. op(R(X, Y, X), T(Y, X)) -> T(op(X, Y), X)
(47.14286) 3228. T(op(T(X, Y), Y), X) -> op(R(X, Y, X), Y)
(47.0) 3229. op(R(x3, x6, T2), x6) -> T(op(T2, x6), T2)
(47.0) 3230. op(R(R2, x6, R2), x6) -> T(op(T3, x6), R2)
(54.57143) 3231. rdiv(T(op(X, Y), X), K(Y, X)) -> op(R(X, Y, X), Y)
(47.714287) 3232. rdiv(ldiv(X, Y), K(Y, rdiv(Y, X))) -> T(ldiv(X, Y), Y)
(47.714287) 3233. ldiv(X, T(Y, X)) = rdiv(Y, T(ldiv(ldiv(X, Y), Y), Y))
(44.14286) 3234. T(ldiv(ldiv(X, Y), Y), Y) = ldiv(ldiv(X, T(Y, X)), Y)
(45.0) 3235. ldiv(R2, ldiv(T3, op(x6, R2))) -> ldiv(T3, T(x6, R2))
(46.14286) 3236. T(T(X, Y), rdiv(Y, X)) -> ldiv(ldiv(X, T(Y, X)), Y)
(47.0) 3237. ldiv(ldiv(x6, T(T2, x6)), T2) -> ldiv(ldiv(x6, T2), x3)
(47.0) 3238. rdiv(R2, ldiv(rdiv(x6, T3), T3)) -> rdiv(x6, T(T3, x6))
(46.57143) 3239. R(X, rdiv(Y, T(X, Y)), X) -> R(X, rdiv(Y, X), X)
(44.0) 3240. R(x3, rdiv(x6, x3), x3) -> R(x3, rdiv(x6, T2), x3)
(44.0) 3241. R(R2, rdiv(x6, T3), R2) -> R(R2, rdiv(x6, R2), R2)
(46.0) 3242. a(x3, rdiv(x6, x3), x3) -> a(x3, rdiv(x6, T2), x3)
(46.0) 3243. a(R2, rdiv(x6, T3), R2) -> a(R2, rdiv(x6, R2), R2)
(47.714287) 3244. T(X, op(R(Y, Z, Y), W)) -> T(X, op(Y, W))
(54.28571) 3245. T(op(X, Y), rdiv(op(X, op(Y, Z)), op(X, Y))) = ldiv(L(Z, Y, X), op(X, op(Y, Z)))
(46.14286) 3246. ldiv(X, op(Y, T(X, Z))) -> rdiv(T(Y, X), K(Z, X))
(47.85714) 3247. ldiv(L(X, Y, Z), op(Z, op(Y, X))) -> T(op(Z, Y), L(X, Y, Z))
(47.857143) 3248. rdiv(op(X, T3), T(X, R2)) -> T3
(47.857143) 3249. rdiv(K(T2, X), T(x3, X)) -> rdiv(zero, x3)
(47.857143) 3250. K(rdiv(op(T3, X), R2), X) -> zero
(47.857143) 3251. K(rdiv(op(x3, X), T2), X) -> zero
(47.857143) 3252. rdiv(T(T(X, Y), Z), K(X, Y)) -> T(X, Z)
(46.714287) 3253. rdiv(K(X, Y), T(Y, Z)) -> rdiv(zero, T(T(Y, X), Z))
(47.428574) 3254. ldiv(ldiv(T(?, X), Y), Y) = T(T(?, X), rdiv(Y, ?))
(47.714287) 3255. op(T(?, X), rdiv(Y, T(?, X))) -> op(?, rdiv(Y, ?))
(47.714287) 3256. op(ldiv(T(?, X), Y), T(?, X)) -> op(ldiv(?, Y), ?)
(47.857143) 3257. rdiv(op(x6, op(R2, X)), op(T3, X)) -> T(x6, R2)
(44.857143) 3258. T(X, op(Y, op(Z, T3))) -> T(X, op(Y, op(Z, R2)))
(46.857143) 3259. K(X, op(Y, op(Z, T3))) -> K(X, op(Y, op(Z, R2)))
(46.857143) 3260. T(X, op(Y, op(T3, Z))) = T(X, op(Y, op(Z, R2)))
(46.857143) 3261. K(op(X, op(Y, T3)), Z) -> K(op(X, op(Y, R2)), Z)
(47.857143) 3262. ldiv(T(T3, X), K(R2, X)) -> ldiv(T3, zero)
(47.857143) 3263. ldiv(T(x3, X), K(T2, X)) -> ldiv(x3, zero)
(47.857143) 3264. K(X, R(X, rdiv(zero, x3), T2)) -> zero
(47.857143) 3265. K(R(X, rdiv(zero, x3), T2), X) -> zero
(63.857143) 3266. K(rdiv(zero, rdiv(a(X, Y, Z), W)), rdiv(zero, W)) -> K(W, rdiv(zero, W))
(47.857143) 3267. rdiv(rdiv(X, rdiv(Y, a(Z, W, V))), a(Z, W, V)) -> rdiv(X, Y)
(46.428574) 3268. rdiv(rdiv(X, Y), a(Z, W, V)) -> rdiv(X, op(Y, a(Z, W, V)))
(47.857143) 3269. op(ldiv(op(X, rdiv(R2, X)), T3), op(X, rdiv(R2, X))) -> T3
(47.571426) 3270. ldiv(op(X, rdiv(R2, X)), T3) -> rdiv(T3, op(X, rdiv(R2, X)))
(47.857143) 3271. op(ldiv(op(ldiv(X, R2), X), T3), op(ldiv(X, R2), X)) -> T3
(47.571426) 3272. ldiv(op(ldiv(X, R2), X), T3) -> rdiv(T3, op(ldiv(X, R2), X))
(47.857143) 3273. op(op(X, rdiv(R2, X)), rdiv(T3, op(X, rdiv(R2, X)))) -> T3
(55.571426) 3274. op(rdiv(X, rdiv(X, R2)), rdiv(T3, rdiv(X, rdiv(X, R2)))) -> rdiv(op(R2, rdiv(X, R2)), rdiv(X, T3))
(47.857143) 3275. op(op(ldiv(X, R2), X), rdiv(T3, op(ldiv(X, R2), X))) -> T3
(47.857143) 3276. op(ldiv(op(X, rdiv(x3, X)), T2), op(X, rdiv(x3, X))) -> T2
(47.571426) 3277. ldiv(op(X, rdiv(x3, X)), T2) -> rdiv(T2, op(X, rdiv(x3, X)))
(47.857143) 3278. op(ldiv(op(ldiv(X, x3), X), T2), op(ldiv(X, x3), X)) -> T2
(47.571426) 3279. ldiv(op(ldiv(X, x3), X), T2) -> rdiv(T2, op(ldiv(X, x3), X))
(47.857143) 3280. op(op(X, rdiv(x3, X)), rdiv(T2, op(X, rdiv(x3, X)))) -> T2
(47.857143) 3281. op(rdiv(X, rdiv(X, x3)), rdiv(T2, rdiv(X, rdiv(X, x3)))) -> T2
(47.571426) 3282. ldiv(rdiv(X, rdiv(X, x3)), T2) -> rdiv(T2, rdiv(X, rdiv(X, x3)))
(47.857143) 3283. op(op(ldiv(X, x3), X), rdiv(T2, op(ldiv(X, x3), X))) -> T2
(48.428574) 3284. ldiv(op(T(X, ?), Y), T(X, ?)) = L(ldiv(Y, zero), Y, X)
(49.428574) 3285. ldiv(op(T(X, Y), Z), T(X, Y)) ~> ldiv(op(T(X, ?), Z), T(X, ?))
(47.857143) 3286. L(R(x3, X, x3), X, T2) -> x3
(47.857143) 3287. L(R(T3, X, T3), X, R2) -> T3
(47.857143) 3288. R(X, ldiv(X, rdiv(T3, R2)), Y) -> R(X, rdiv(zero, X), Y)
(43.285713) 3289. R(T3, ldiv(R2, zero), X) -> R(T3, rdiv(zero, T3), X)
(47.857143) 3290. R(X, ldiv(X, rdiv(x3, T2)), Y) -> R(X, rdiv(zero, X), Y)
(43.285713) 3291. R(x3, ldiv(T2, zero), X) -> R(x3, rdiv(zero, x3), X)
(47.857143) 3292. T(X, op(Y, rdiv(Z, T(Y, W)))) -> T(X, Z)
(47.857143) 3293. rdiv(op(X, op(a(Y, Z, W), V)), a(Y, Z, W)) -> op(X, V)
(47.857143) 3294. ldiv(rdiv(x3, X), rdiv(T2, X)) -> rdiv(T2, x3)
(47.857143) 3295. ldiv(ldiv(X, x3), ldiv(X, T2)) -> rdiv(T2, x3)
(47.857143) 3296. ldiv(ldiv(T2, X), ldiv(x3, X)) -> rdiv(T2, x3)
(47.857143) 3297. ldiv(rdiv(X, T2), rdiv(X, x3)) -> rdiv(T2, x3)
(47.857143) 3298. rdiv(rdiv(T2, X), rdiv(x3, X)) -> rdiv(T2, x3)
(47.857143) 3299. rdiv(ldiv(X, T2), ldiv(X, x3)) -> rdiv(T2, x3)
(47.857143) 3300. rdiv(ldiv(x3, X), ldiv(T2, X)) -> rdiv(T2, x3)
(47.857143) 3301. rdiv(rdiv(X, x3), rdiv(X, T2)) -> rdiv(T2, x3)
(47.857143) 3302. ldiv(rdiv(T2, X), rdiv(x3, X)) -> rdiv(x3, T2)
(47.857143) 3303. ldiv(ldiv(X, T2), ldiv(X, x3)) -> rdiv(x3, T2)
(47.857143) 3304. ldiv(ldiv(x3, X), ldiv(T2, X)) -> rdiv(x3, T2)
(47.857143) 3305. ldiv(rdiv(X, x3), rdiv(X, T2)) -> rdiv(x3, T2)
(47.857143) 3306. rdiv(rdiv(x3, X), rdiv(T2, X)) -> rdiv(x3, T2)
(47.857143) 3307. rdiv(ldiv(X, x3), ldiv(X, T2)) -> rdiv(x3, T2)
(47.857143) 3308. rdiv(ldiv(T2, X), ldiv(x3, X)) -> rdiv(x3, T2)
(47.857143) 3309. rdiv(rdiv(X, T2), rdiv(X, x3)) -> rdiv(x3, T2)
(47.857143) 3310. L(X, Y, rdiv(op(x3, Z), T2)) -> L(X, Y, Z)
(43.857143) 3311. L(X, Y, rdiv(Z, x3)) -> L(X, Y, rdiv(Z, T2))
(47.14286) 3312. L(X, Y, rdiv(T(x3, Z), T2)) -> X
(47.285713) 3313. a(rdiv(zero, x3), x3, X) -> a(rdiv(zero, T2), T2, X)
(47.857143) 3314. L(X, Y, rdiv(Z, rdiv(T2, x3))) -> L(X, Y, Z)
(47.857143) 3315. K(R(R2, ldiv(X, zero), X), x6) -> rdiv(T3, R2)
(47.857143) 3316. K(x6, R(R2, ldiv(X, zero), X)) -> rdiv(R2, T3)
(47.857143) 3317. K(op(a(X, Y, Z), W), V) -> K(W, V)
(47.857143) 3318. rdiv(rdiv(T3, X), rdiv(R2, X)) -> rdiv(T3, R2)
(47.857143) 3319. L(X, rdiv(x3, Y), Z) -> L(X, rdiv(T2, Y), Z)
(47.857143) 3320. rdiv(K(X, Y), op(Z, T(X, Y))) -> rdiv(zero, op(Z, X))
(44.285713) 3321. rdiv(rdiv(T2, x3), op(X, T2)) -> rdiv(zero, op(X, x3))
(44.285713) 3322. rdiv(rdiv(T3, R2), op(X, T3)) -> rdiv(zero, op(X, R2))
(46.285713) 3323. rdiv(rdiv(T2, x3), T(T2, X)) -> rdiv(zero, T(x3, X))
(46.285713) 3324. rdiv(rdiv(T2, x3), op(T2, X)) -> rdiv(zero, op(x3, X))
(46.285713) 3325. rdiv(rdiv(x3, T2), op(X, x3)) -> rdiv(zero, op(X, T2))
(46.285713) 3326. ldiv(op(X, T3), rdiv(T3, R2)) -> ldiv(op(X, R2), zero)
(46.285713) 3327. rdiv(rdiv(T3, R2), T(T3, X)) -> rdiv(zero, T(R2, X))
(46.285713) 3328. rdiv(rdiv(T3, R2), op(T3, X)) -> rdiv(zero, op(R2, X))
(46.857143) 3329. T(X, op(Y, op(Z, x3))) -> T(X, op(Y, op(Z, T2)))
(46.857143) 3330. T(X, rdiv(Y, op(Z, x3))) -> T(X, rdiv(Y, op(Z, T2)))
(46.857143) 3331. K(X, rdiv(Y, op(Z, x3))) -> K(X, rdiv(Y, op(Z, T2)))
(46.857143) 3332. K(rdiv(X, op(Y, x3)), Z) -> K(rdiv(X, op(Y, T2)), Z)
(46.857143) 3333. T(X, rdiv(Y, op(Z, T3))) -> T(X, rdiv(Y, op(Z, R2)))
(46.857143) 3334. K(X, rdiv(Y, op(Z, T3))) -> K(X, rdiv(Y, op(Z, R2)))
(46.857143) 3335. K(rdiv(X, op(Y, T3)), Z) -> K(rdiv(X, op(Y, R2)), Z)
(47.857143) 3336. op(rdiv(op(X, Y), X), T(Y, X)) -> op(Y, Y)
(44.428574) 3337. op(T(X, Y), T(X, Y)) -> op(X, T(T(X, Y), Y))
(47.857143) 3338. rdiv(op(T(X, Y), Z), op(X, Z)) -> K(X, Y)
(47.857143) 3339. ldiv(op(T(X, Y), Z), op(X, Z)) -> K(Y, X)
(47.857143) 3340. ldiv(op(X, Y), op(T(X, Z), Y)) -> K(X, Z)
(47.857143) 3341. op(T(X, Y), rdiv(op(Y, X), Y)) -> op(X, X)
(46.14286) 3342. op(T(T(X, Y), Y), X) -> op(X, T(T(X, Y), Y))
(47.857143) 3343. rdiv(op(X, Y), op(T(X, Z), Y)) -> K(Z, X)
(54.71428) 3344. T(R(X, Y, rdiv(op(Y, X), Y)), op(X, Y)) -> T(X, Y)
(47.857143) 3345. K(X, L(T(Y, Z), W, Y)) -> K(X, Y)
(47.857143) 3346. K(L(T(X, Y), Z, X), W) -> K(X, W)
(47.857143) 3347. ldiv(rdiv(X, T3), rdiv(X, R2)) -> rdiv(T3, R2)
(47.857143) 3348. rdiv(rdiv(X, T3), rdiv(X, R2)) -> rdiv(R2, T3)
(47.857143) 3349. a(X, rdiv(K(Y, Z), X), X) -> K(X, rdiv(zero, X))
(47.857143) 3350. ldiv(rdiv(X, R2), rdiv(X, T3)) -> rdiv(R2, T3)
(47.857143) 3351. ldiv(op(X, Y), rdiv(op(X, Y), X)) -> L(ldiv(X, zero), X, Y)
(47.857143) 3352. rdiv(ldiv(T(X, Y), Z), K(Y, X)) -> ldiv(X, Z)
(46.714287) 3353. rdiv(K(X, Y), ldiv(X, Z)) -> rdiv(zero, ldiv(T(X, Y), Z))
(46.714287) 3354. ldiv(ldiv(T(X, Y), Z), zero) = ldiv(ldiv(X, Z), K(X, Y))
(47.857143) 3355. rdiv(op(x6, rdiv(R2, X)), rdiv(T3, X)) -> T(x6, R2)
(46.285713) 3356. rdiv(R2, ldiv(ldiv(X, x6), T3)) -> ldiv(X, T(x6, R2))
(46.285713) 3357. rdiv(T3, ldiv(ldiv(x6, X), R2)) -> ldiv(T(x6, R2), X)
(47.857143) 3358. rdiv(rdiv(X, R2), rdiv(X, T3)) -> rdiv(T3, R2)
(47.857143) 3359. R(X, rdiv(Y, rdiv(T3, R2)), X) -> R(X, Y, X)
(47.857143) 3360. R(X, rdiv(Y, rdiv(x3, T2)), X) -> R(X, Y, X)
(47.714287) 3361. R(X, rdiv(x3, T(T2, x6)), X) -> X
(47.857143) 3362. R(X, rdiv(Y, rdiv(R2, T3)), X) -> R(X, Y, X)
(47.714287) 3363. R(X, rdiv(R2, T(T3, x6)), X) -> X
(47.857143) 3364. L(X, Y, rdiv(x3, Z)) -> L(X, Y, rdiv(T2, Z))
(48.0) 3365. rdiv(L(X, Y, rdiv(zero, Y)), op(Y, X)) -> rdiv(zero, Y)
(48.0) 3366. ldiv(rdiv(X, Y), op(X, a(Z, W, V))) -> op(Y, a(Z, W, V))
(47.0) 3367. rdiv(T3, K(R2, rdiv(zero, R2))) -> rdiv(zero, rdiv(zero, T3))
(47.0) 3368. rdiv(x3, K(T2, rdiv(zero, T2))) -> rdiv(zero, rdiv(zero, x3))
(48.0) 3369. ldiv(op(X, Y), R(X, Y, rdiv(zero, Y))) -> ldiv(Y, zero)
(47.0) 3370. ldiv(R(X, Y, rdiv(X, Y)), X) -> rdiv(zero, a(X, Y, ldiv(Y, X)))
(48.0) 3371. rdiv(op(X, op(Y, a(Z, W, V))), Y) -> op(X, a(Z, W, V))
(46.57143) 3372. op(X, a(Y, X, Z)) = rdiv(ldiv(Y, op(op(Y, X), Z)), Z)
(41.14286) 3373. op(X, a(Y, X, Y)) = rdiv(T(op(Y, X), Y), Y)
(62.428566) 3374. T(X, op(Y, op(Z, op(W, a(Y, W, Y))))) -> T(X, op(Z, op(Y, W)))
(45.57143) 3375. ldiv(X, op(op(X, Y), Z)) = op(op(Y, a(X, Y, Z)), Z)
(46.0) 3376. rdiv(a(rdiv(zero, X), rdiv(zero, X), X), X) -> R(rdiv(zero, X), rdiv(zero, X), X)
(46.0) 3377. rdiv(T(op(T3, x6), R2), T3) -> op(x6, a(R2, x6, T3))
(46.0) 3378. rdiv(T(op(x6, T2), T2), x3) -> op(x6, a(x3, x6, x3))
(44.0) 3379. rdiv(T2, a(x3, x6, x3)) -> L(T2, x6, T2)
(46.0) 3380. rdiv(R2, K(x6, op(R2, x6))) -> op(T3, a(x6, R2, x6))
(46.0) 3381. rdiv(T2, L(T2, x6, T2)) -> a(x3, x6, x3)
(46.0) 3382. rdiv(x3, a(x3, x6, x3)) -> L(x3, x6, T2)
(46.57143) 3383. rdiv(op(X, R(Y, Z, Y)), Y) -> op(X, a(Y, Z, Y))
(47.57143) 3384. op(T(X, Y), a(Y, X, Y)) -> rdiv(T(op(X, Y), Y), Y)
(47.57143) 3385. T(op(X, a(Y, X, Y)), Y) -> ldiv(Y, T(op(Y, X), Y))
(48.0) 3386. rdiv(op(X, Y), rdiv(Y, a(Z, W, V))) -> op(X, a(Z, W, V))
(42.0) 3387. R(X, rdiv(zero, a(Y, Z, W)), V) -> X
(47.428574) 3388. R(X, rdiv(Y, R(Y, Z, Y)), W) -> X
(48.0) 3389. rdiv(X, rdiv(ldiv(Y, X), a(Z, W, V))) -> op(Y, a(Z, W, V))
(48.0) 3390. rdiv(L(x3, T2, T2), T2) -> rdiv(x3, R(T2, T2, T2))
(48.0) 3391. op(R(T3, x6, R2), R2) -> op(R2, R(T3, x6, R2))
(48.0) 3392. L(X, Y, L(x3, Z, T2)) -> L(X, Y, T2)
(48.0) 3393. L(X, Y, L(T3, Z, R2)) -> L(X, Y, R2)
(48.0) 3394. op(T3, L(R2, R2, R2)) -> op(R2, L(T3, R2, R2))
(48.0) 3395. ldiv(R(x3, x6, T2), x3) -> rdiv(x3, R(x3, x6, T2))
(48.0) 3396. rdiv(R(R2, R2, R2), T3) -> rdiv(R2, L(T3, R2, R2))
(48.0) 3397. rdiv(K(R2, op(R2, x6)), T3) -> rdiv(zero, R(R2, x6, R2))
(48.0) 3398. L(X, L(x3, Y, T2), Z) -> L(X, T2, Z)
(48.0) 3399. L(X, L(T3, Y, R2), Z) -> L(X, R2, Z)
(48.0) 3400. T(X, L(T(X, Y), X, X)) -> X
(48.0) 3401. op(x6, T(T3, op(R2, x6))) -> op(L(T3, x6, R2), x6)
(46.0) 3402. op(L(R2, x6, R2), x6) -> op(x6, L(T3, x6, R2))
(48.0) 3403. R(L(X, rdiv(Y, X), X), rdiv(Y, X), X) -> X
(42.0) 3404. R(L(X, Y, X), Y, X) -> X
(45.0) 3405. R(L(T3, x6, R2), x6, R2) -> T3
(45.14286) 3406. R(L(X, T2, X), x3, X) -> X
(45.14286) 3407. R(L(X, R2, X), T3, X) -> X
(45.857143) 3408. R(L(x3, X, T2), X, x3) -> x3
(45.857143) 3409. R(L(T3, X, R2), X, T3) -> T3
(47.0) 3410. R(L(T2, T2, T2), T2, x3) -> T2
(47.857143) 3411. R(T(X, op(X, Y)), Y, X) -> T(X, Y)
(46.714287) 3412. R(X, X, R(X, X, X)) -> R(X, X, X)
(46.57143) 3413. R(L(X, X, X), L(X, X, X), X) -> X
(48.0) 3414. T(X, L(T(X, Y), Z, X)) -> X
(48.0) 3415. op(X, R(ldiv(X, zero), Y, ldiv(X, zero))) -> a(ldiv(X, zero), Y, ldiv(X, zero))
(47.0) 3416. a(ldiv(T3, zero), R2, ldiv(T3, zero)) -> K(rdiv(zero, R2), R2)
(48.0) 3417. ldiv(x3, R(x3, x6, T2)) -> a(x3, x6, x3)
(48.0) 3418. ldiv(T3, R(T3, x6, R2)) -> a(T3, x6, T3)
(48.0) 3419. rdiv(R(x3, x6, T2), x3) -> a(x3, x6, x3)
(48.0) 3420. rdiv(R(T3, x6, R2), T3) -> a(T3, x6, T3)
(48.0) 3421. op(T3, a(R2, R2, R2)) -> R(T3, R2, T3)
(48.0) 3422. op(x3, a(T2, T2, T2)) -> R(x3, T2, x3)
(48.0) 3423. R(X, R(Y, Z, Y), rdiv(Y, R(Y, Z, Y))) -> X
(48.0) 3424. ldiv(L(x3, T2, T2), zero) -> ldiv(x3, a(T2, T2, T2))
(48.0) 3425. ldiv(L(T3, R2, R2), zero) -> ldiv(T3, a(R2, R2, R2))
(48.0) 3426. ldiv(L(T3, x6, R2), zero) -> ldiv(T3, a(R2, x6, R2))
(48.0) 3427. rdiv(a(R2, x6, R2), T3) -> rdiv(zero, L(T3, x6, R2))
(48.0) 3428. rdiv(T(op(x6, x3), x6), T2) -> R(x6, T2, x6)
(48.0) 3429. rdiv(T2, ldiv(T(x6, op(T2, x6)), x3)) -> L(x6, T2, x6)
(44.0) 3430. ldiv(T(x6, op(T2, x6)), x3) -> ldiv(L(x6, T2, x6), T2)
(48.0) 3431. op(rdiv(X, op(Y, a(Z, W, V))), Y) -> rdiv(X, a(Z, W, V))
(48.0) 3432. op(rdiv(X, Y), op(Y, a(Z, W, V))) -> op(X, a(Z, W, V))
(46.57143) 3433. op(rdiv(X, Y), R(Y, Z, Y)) -> op(X, a(Y, Z, Y))
  (simplifying rules with respect to one another...)
  (delete rule 144)
  (delete rule 153)
  (delete rule 276)
  (delete rule 535)
(39.285713) 3434. ldiv(L(X, X, X), X) -> a(X, X, X)
  (delete rule 560)
  (delete rule 561)
  (delete rule 562)
  (delete rule 579)
  (delete rule 623)
  (delete rule 651)
(41.285713) 3435. rdiv(X, L(X, X, X)) -> a(X, X, X)
  (delete rule 815)
  (delete rule 829)
  (delete rule 847)
  (delete rule 966)
  (delete rule 969)
(37.857143) 3436. T(rdiv(op(X, Y), X), op(X, Y)) -> L(Y, X, Y)
  (delete rule 1062)
  (delete rule 1064)
  (delete rule 1067)
  (delete rule 1089)
  (delete rule 1133)
  (delete rule 1134)
  (delete rule 1137)
  (delete rule 1138)
  (delete rule 1140)
  (delete rule 1141)
  (delete rule 1143)
  (delete rule 1144)
  (delete rule 1197)
(41.0) 3437. rdiv(T2, rdiv(x3, rdiv(T2, x3))) -> rdiv(T(T2, x6), x3)
  (delete rule 1203)
  (delete rule 1209)
  (delete rule 1231)
  (delete rule 1238)
  (delete rule 1239)
  (delete rule 1242)
  (delete rule 1244)
  (delete rule 1245)
  (delete rule 1252)
  (delete rule 1255)
  (delete rule 1257)
  (delete rule 1258)
  (delete rule 1278)
  (delete rule 1279)
(52.285717) 3438. rdiv(T3, ldiv(rdiv(rdiv(R2, T3), X), R2)) -> rdiv(zero, X)
  (delete rule 1282)
  (delete rule 1286)
  (delete rule 1302)
  (delete rule 1335)
  (delete rule 1347)
  (delete rule 1348)
  (delete rule 1349)
  (delete rule 1350)
  (delete rule 1351)
  (delete rule 1352)
  (delete rule 1366)
  (delete rule 1391)
  (delete rule 1393)
  (delete rule 1398)
  (delete rule 1457)
(42.0) 3439. op(rdiv(zero, x3), op(x6, T2)) -> L(x6, T2, rdiv(zero, T2))
  (delete rule 1466)
  (delete rule 1548)
  (delete rule 1549)
  (delete rule 1556)
  (delete rule 1558)
  (delete rule 1607)
  (delete rule 1610)
  (delete rule 1626)
  (delete rule 1628)
  (delete rule 1641)
  (delete rule 1644)
(53.0) 3440. ldiv(rdiv(zero, x3), L(x6, T2, rdiv(zero, T2))) -> op(x6, T2)
  (delete rule 1658)
  (delete rule 1659)
  (delete rule 1660)
  (delete rule 1697)
  (delete rule 1708)
  (delete rule 1711)
  (delete rule 1723)
  (delete rule 1754)
  (delete rule 1756)
  (delete rule 1760)
  (delete rule 1771)
  (delete rule 1772)
  (delete rule 1791)
  (delete rule 1795)
  (delete rule 1845)
  (delete rule 1846)
  (delete rule 1847)
  (delete rule 1848)
  (delete rule 1863)
  (delete rule 1872)
  (delete rule 1896)
  (delete rule 1917)
  (delete rule 1930)
  (delete rule 1944)
  (delete rule 1955)
  (delete rule 1956)
  (delete rule 1964)
  (delete rule 1974)
  (delete rule 2009)
  (delete rule 2010)
  (delete rule 2014)
  (delete rule 2016)
  (delete rule 2017)
  (delete rule 2036)
  (delete rule 2037)
  (delete rule 2038)
  (delete rule 2041)
  (delete rule 2042)
  (delete rule 2043)
  (delete rule 2049)
  (delete rule 2050)
  (delete rule 2071)
  (delete rule 2072)
  (delete rule 2073)
  (delete rule 2074)
  (delete rule 2075)
  (delete rule 2076)
  (delete rule 2078)
  (delete rule 2079)
  (delete rule 2080)
  (delete rule 2081)
  (delete rule 2082)
  (delete rule 2089)
  (delete rule 2094)
  (delete rule 2098)
(46.0) 3441. ldiv(R(T3, R2, T3), R2) -> rdiv(R2, R(T3, R2, T3))
  (delete rule 2099)
  (delete rule 2100)
(46.0) 3442. ldiv(R2, R(T3, R2, T3)) -> rdiv(T3, L(R2, R2, R2))
  (delete rule 2101)
  (delete rule 2102)
  (delete rule 2103)
  (delete rule 2104)
  (delete rule 2107)
  (delete rule 2116)
(53.571426) 3443. L(ldiv(x3, X), T2, rdiv(X, T2)) -> T(rdiv(X, x3), X)
  (delete rule 2141)
  (delete rule 2147)
  (delete rule 2148)
  (delete rule 2151)
  (delete rule 2152)
  (delete rule 2153)
  (delete rule 2154)
  (delete rule 2155)
  (delete rule 2156)
  (delete rule 2157)
  (delete rule 2158)
  (delete rule 2168)
  (delete rule 2175)
  (delete rule 2219)
  (delete rule 2220)
  (delete rule 2226)
  (delete rule 2251)
  (delete rule 2258)
  (delete rule 2259)
  (delete rule 2271)
  (delete rule 2272)
  (delete rule 2273)
  (delete rule 2274)
  (delete rule 2314)
  (delete rule 2332)
  (delete rule 2342)
  (delete rule 2346)
  (delete rule 2348)
  (delete rule 2351)
  (delete rule 2358)
  (delete rule 2366)
  (delete rule 2367)
  (delete rule 2368)
(40.0) 3444. rdiv(x3, L(x3, x6, T2)) -> a(x3, x6, x3)
  (delete rule 2369)
  (delete rule 2370)
  (delete rule 2374)
  (delete rule 2375)
  (delete rule 2376)
  (delete rule 2383)
(42.57143) 3445. rdiv(L(X, Y, X), K(Z, X)) -> L(T(X, Z), Y, X)
  (delete rule 2398)
  (delete rule 2399)
  (delete rule 2409)
  (delete rule 2413)
(42.57143) 3446. op(X, a(X, Y, ldiv(Y, X))) -> R(X, Y, rdiv(X, Y))
  (delete rule 2424)
  (delete rule 2425)
  (delete rule 2426)
  (delete rule 2427)
  (delete rule 2431)
  (delete rule 2437)
  (delete rule 2438)
  (delete rule 2439)
  (delete rule 2441)
  (delete rule 2445)
  (delete rule 2446)
  (delete rule 2447)
  (delete rule 2449)
  (delete rule 2453)
  (delete rule 2464)
(44.57143) 3447. rdiv(op(X, Y), L(Y, X, Y)) -> op(X, a(Y, X, Y))
  (delete rule 2465)
  (delete rule 2471)
  (delete rule 2473)
  (delete rule 2474)
  (delete rule 2483)
  (delete rule 2496)
  (delete rule 2498)
  (delete rule 2499)
  (delete rule 2500)
  (delete rule 2501)
  (delete rule 2502)
(46.0) 3448. rdiv(R(T3, R2, T3), R2) -> rdiv(T3, L(R2, R2, R2))
  (delete rule 2504)
  (delete rule 2506)
  (delete rule 2507)
  (delete rule 2511)
  (delete rule 2512)
  (delete rule 2516)
  (delete rule 2521)
  (delete rule 2543)
  (delete rule 2568)
  (delete rule 2569)
  (delete rule 2570)
  (delete rule 2571)
  (delete rule 2572)
  (delete rule 2573)
  (delete rule 2575)
  (delete rule 2576)
  (delete rule 2577)
  (delete rule 2578)
  (delete rule 2580)
  (delete rule 2584)
  (delete rule 2596)
  (delete rule 2597)
  (delete rule 2598)
  (delete rule 2602)
  (delete rule 2603)
  (delete rule 2605)
  (delete rule 2611)
  (delete rule 2616)
(54.0) 3449. a(op(T3, x6), op(R2, x6), op(T3, x6)) -> a(op(R2, x6), op(R2, x6), op(R2, x6))
  (delete rule 2617)
  (delete rule 2626)
(53.428574) 3450. a(ldiv(X, Y), rdiv(Y, X), ldiv(X, Y)) -> a(rdiv(Y, X), rdiv(Y, X), rdiv(Y, X))
  (delete rule 2632)
  (delete rule 2647)
(46.714287) 3451. ldiv(X, op(rdiv(X, x3), op(x6, T2))) -> L(x6, T2, rdiv(X, T2))
  (delete rule 2648)
(42.285713) 3452. op(rdiv(X, x3), op(x6, T2)) -> op(rdiv(X, T2), op(T2, x6))
  (delete rule 2659)
  (delete rule 2660)
  (delete rule 2661)
  (delete rule 2662)
  (delete rule 2663)
  (delete rule 2664)
  (delete rule 2665)
  (delete rule 2673)
  (delete rule 2680)
  (delete rule 2693)
(61.142853) 3453. rdiv(X, rdiv(X, T(T(ldiv(Y, X), X), Y))) -> T(ldiv(Y, X), X)
  (delete rule 2735)
(46.571426) 3454. T(X, rdiv(rdiv(X, rdiv(zero, Y)), Y)) -> X
  (delete rule 2750)
(45.0) 3455. rdiv(op(T(T2, x6), x6), T2) -> rdiv(op(T2, x6), x3)
  (delete rule 2757)
  (delete rule 2759)
  (delete rule 2764)
  (delete rule 2765)
  (delete rule 2787)
  (delete rule 2788)
  (delete rule 2794)
  (delete rule 2795)
  (delete rule 2797)
  (delete rule 2799)
  (delete rule 2800)
  (delete rule 2802)
  (delete rule 2804)
  (delete rule 2822)
  (delete rule 2830)
  (delete rule 2831)
  (delete rule 2842)
  (delete rule 2844)
  (delete rule 2862)
(45.428574) 3456. R(T2, T(x6, X), x3) -> R(T2, x6, T2)
  (delete rule 2864)
  (delete rule 2866)
  (delete rule 2870)
  (delete rule 2871)
  (delete rule 2874)
  (delete rule 2875)
  (delete rule 2876)
  (delete rule 2877)
  (delete rule 2878)
  (delete rule 2898)
  (delete rule 2900)
(43.0) 3457. op(x4, T(x5, op(T2, x4))) -> ldiv(R3, op(x5, op(T2, x4)))
  (delete rule 2906)
  (delete rule 2911)
  (delete rule 2912)
  (delete rule 2913)
  (delete rule 2914)
  (delete rule 2915)
  (delete rule 2921)
  (delete rule 2930)
  (delete rule 2933)
  (delete rule 2936)
  (delete rule 2942)
(54.0) 3458. a(op(x6, x3), op(T2, x6), op(x6, x3)) -> a(op(T2, x6), op(T2, x6), op(T2, x6))
  (delete rule 2948)
  (delete rule 2954)
  (delete rule 2964)
  (delete rule 2966)
  (delete rule 2971)
  (delete rule 3005)
  (delete rule 3006)
  (delete rule 3007)
(46.0) 3459. op(R(x3, T2, x3), x6) -> op(x6, R(T2, T2, T2))
  (delete rule 3014)
  (delete rule 3018)
  (delete rule 3019)
  (delete rule 3030)
  (delete rule 3031)
(44.0) 3460. op(R(R2, R2, R2), x6) -> op(x6, R(T3, R2, T3))
  (delete rule 3032)
(44.0) 3461. T(R(R2, R2, R2), x6) -> R(T3, R2, T3)
  (delete rule 3035)
(58.0) 3462. rdiv(X, rdiv(K(X, Y), K(op(X, Y), Y))) -> op(X, a(Y, X, Y))
  (delete rule 3062)
  (delete rule 3065)
  (delete rule 3068)
  (delete rule 3071)
  (delete rule 3082)
  (delete rule 3091)
  (delete rule 3093)
  (delete rule 3094)
  (delete rule 3096)
  (delete rule 3102)
(47.57143) 3463. rdiv(ldiv(ldiv(X, Y), Y), K(Y, X)) -> ldiv(ldiv(X, T(Y, X)), Y)
  (delete rule 3131)
  (delete rule 3133)
  (delete rule 3136)
  (delete rule 3145)
  (delete rule 3147)
  (delete rule 3167)
  (delete rule 3168)
  (delete rule 3193)
  (delete rule 3194)
  (delete rule 3195)
  (delete rule 3233)
  (delete rule 3245)
(52.428566) 3464. T(op(X, Y), rdiv(op(X, op(Y, Z)), op(X, Y))) -> T(op(X, Y), L(Z, Y, X))
  (delete rule 3267)
  (delete rule 3269)
  (delete rule 3271)
  (delete rule 3276)
  (delete rule 3278)
  (delete rule 3400)
  (delete rule 3403)
  (delete rule 3429)
(37.285713) 3465. rdiv(X, a(X, Y, X)) -> L(X, Y, X)
(39.285713) 3466. ldiv(L(X, Y, X), X) -> a(X, Y, X)
(39.285713) 3467. rdiv(X, L(X, Y, X)) -> a(X, Y, X)
(40.0) 3468. a(x3, x6, x3) -> a(T2, x6, T2)
(41.14286) 3469. rdiv(L(X, Y, X), X) -> rdiv(X, R(X, Y, X))
(41.14286) 3470. ldiv(X, L(X, Y, X)) -> rdiv(X, R(X, Y, X))
(41.714287) 3471. rdiv(a(X, Y, X), X) -> rdiv(zero, L(X, Y, X))
(43.0) 3472. ldiv(T2, rdiv(T(T2, x6), x3)) -> ldiv(x3, rdiv(T2, x3))
(43.0) 3473. rdiv(T2, rdiv(T(T2, x6), x3)) -> rdiv(x3, rdiv(T2, x3))
(43.0) 3474. R(T2, x4, T(x5, op(T2, x4))) -> R3
(43.714287) 3475. ldiv(L(X, Y, X), zero) = ldiv(X, a(X, Y, X))
(50.57143) 3476. T(rdiv(X, R(X, Y, X)), X) -> rdiv(X, R(X, Y, X))
(69.428566) 3477. rdiv(L(X, Y, X), rdiv(L(X, Y, X), rdiv(X, R(X, Y, X)))) -> rdiv(X, R(X, Y, X))
(43.857143) 3478. a(X, op(Y, x3), X) -> a(X, op(Y, T2), X)
(43.857143) 3479. a(X, rdiv(Y, x3), X) -> a(X, rdiv(Y, T2), X)
(43.857143) 3480. a(X, op(Y, T3), X) -> a(X, op(Y, R2), X)
(44.285713) 3481. op(rdiv(X, x3), op(x6, x3)) -> op(rdiv(X, T2), op(x6, T2))
(45.0) 3482. ldiv(rdiv(T(T2, x6), x3), zero) -> rdiv(x3, T(T2, x6))
(45.285713) 3483. ldiv(L(x3, X, T2), x3) -> a(x3, X, x3)
(45.285713) 3484. ldiv(L(T3, X, R2), T3) -> a(T3, X, T3)
(45.285713) 3485. rdiv(x3, L(x3, X, T2)) -> a(x3, X, x3)
(45.285713) 3486. rdiv(T3, L(T3, X, R2)) -> a(T3, X, T3)
(40.0) 3487. a(T3, x6, T3) -> a(R2, x6, R2)
(45.714287) 3488. rdiv(T(X, Y), a(X, Y, X)) -> T(X, op(X, Y))
(45.857143) 3489. a(X, rdiv(Y, T3), X) -> a(X, rdiv(Y, R2), X)
(45.857143) 3490. a(X, rdiv(T3, Y), X) -> a(X, rdiv(R2, Y), X)
(45.857143) 3491. R(X, op(Y, x3), X) -> R(X, op(Y, T2), X)
(45.857143) 3492. a(X, op(x3, Y), X) = a(X, op(Y, T2), X)
(45.857143) 3493. R(X, rdiv(Y, x3), X) -> R(X, rdiv(Y, T2), X)
(45.857143) 3494. R(X, op(Y, T3), X) -> R(X, op(Y, R2), X)
(45.857143) 3495. a(X, op(T3, Y), X) = a(X, op(Y, R2), X)
(46.14286) 3496. L(X, L(T(Y, Z), W, Y), V) -> L(X, Y, V)
(46.14286) 3497. op(ldiv(X, T(Y, Z)), X) -> T(op(ldiv(X, Y), X), Z)
(46.14286) 3498. op(X, rdiv(T(Y, Z), X)) -> T(op(X, rdiv(Y, X)), Z)
(46.428574) 3499. L(T(X, Y), rdiv(zero, X), X) -> rdiv(zero, rdiv(zero, T(X, Y)))
(46.428574) 3500. op(L(R2, X, R2), rdiv(T3, L(R2, X, R2))) -> T3
(46.428574) 3501. op(L(x3, X, T2), rdiv(T2, L(x3, X, T2))) -> T2
(45.285713) 3502. ldiv(L(x3, X, T2), T2) -> rdiv(T2, L(x3, X, T2))
(46.428574) 3503. a(X, ldiv(X, zero), T(X, Y)) -> K(X, rdiv(zero, X))
(46.571426) 3504. op(X, a(T3, X, T3)) -> op(X, a(R2, X, R2))
(39.285713) 3505. a(T3, X, T3) -> a(R2, X, R2)
(46.571426) 3506. op(X, a(x3, X, x3)) -> op(X, a(T2, X, T2))
(39.285713) 3507. a(x3, X, x3) -> a(T2, X, T2)
(46.571426) 3508. a(X, R(T3, x6, R2), X) -> a(X, R2, X)
(46.857143) 3509. ldiv(X, rdiv(X, rdiv(zero, X))) -> rdiv(rdiv(X, rdiv(zero, X)), X)
(46.857143) 3510. T(T(X, Y), rdiv(zero, X)) -> ldiv(ldiv(X, zero), K(X, Y))
(47.0) 3511. K(T2, rdiv(T2, L(x3, x6, T2))) -> zero
(47.0) 3512. R(X, rdiv(X, Y), rdiv(X, rdiv(X, Y))) -> op(X, a(X, rdiv(X, Y), Y))
(46.57143) 3513. op(X, a(X, rdiv(X, Y), Y)) -> R(X, rdiv(X, Y), Y)
(44.0) 3514. T(X, R(X, rdiv(X, Y), Y)) -> X
(44.14286) 3515. K(X, R(X, rdiv(X, Y), Y)) -> zero
(44.14286) 3516. K(R(X, rdiv(X, Y), Y), X) -> zero
(45.857143) 3517. T(X, R(Y, rdiv(Y, Z), Z)) -> T(X, Y)
(45.857143) 3518. K(R(X, rdiv(X, Y), Y), Z) -> K(X, Z)
(45.857143) 3519. K(X, R(Y, rdiv(Y, Z), Z)) -> K(X, Y)
(46.714287) 3520. K(op(X, Y), R(op(X, Y), X, Y)) -> zero
(47.0) 3521. a(ldiv(x3, zero), T2, ldiv(x3, zero)) -> K(rdiv(zero, T2), T2)
(47.0) 3522. rdiv(op(T2, x3), T(T2, x6)) -> rdiv(x3, rdiv(T2, x3))
(47.0) 3523. rdiv(zero, rdiv(x3, T(T2, x6))) -> rdiv(T(T2, x6), x3)
(47.0) 3524. ldiv(rdiv(x3, T(T2, x6)), zero) -> rdiv(T(T2, x6), x3)
(47.0) 3525. rdiv(zero, rdiv(T(T2, x6), x3)) -> rdiv(x3, T(T2, x6))
(47.285713) 3526. a(X, rdiv(T(x3, Y), T2), X) -> zero
(47.285713) 3527. rdiv(L(x3, X, T2), x3) -> rdiv(T2, R(T2, X, T2))
(47.285713) 3528. rdiv(L(T3, X, R2), T3) -> rdiv(T3, R(T3, X, T3))
(47.285713) 3529. ldiv(x3, L(x3, X, T2)) -> rdiv(T2, R(T2, X, T2))
(47.285713) 3530. ldiv(T3, L(T3, X, R2)) -> rdiv(T3, R(T3, X, T3))
(47.285713) 3531. ldiv(L(x3, X, T2), zero) -> ldiv(x3, a(T2, X, T2))
(47.285713) 3532. ldiv(L(T3, X, R2), zero) -> ldiv(T3, a(R2, X, R2))
(47.285713) 3533. rdiv(x3, L(x3, X, T2)) -> a(T2, X, T2)
(47.285713) 3534. rdiv(T3, L(T3, X, R2)) -> a(R2, X, R2)
(47.285713) 3535. rdiv(x3, a(T2, X, T2)) -> L(x3, X, T2)
(47.285713) 3536. rdiv(T3, a(R2, X, R2)) -> L(T3, X, R2)
(47.428574) 3537. op(L(X, Y, X), a(X, Y, X)) -> X
(47.14286) 3538. R(X, rdiv(T(x3, Y), T2), X) -> X
(47.714287) 3539. rdiv(a(X, Y, X), K(X, Y)) -> K(op(X, Y), X)
(47.714287) 3540. rdiv(R(X, Y, X), T(X, Y)) -> K(op(X, Y), X)
(47.714287) 3541. T(X, rdiv(R(Y, Z, Y), W)) -> T(X, rdiv(Y, W))
(47.857143) 3542. L(x6, T2, rdiv(op(X, rdiv(x3, X)), T2)) -> x6
(47.857143) 3543. R(X, rdiv(Y, T3), X) -> R(X, rdiv(Y, R2), X)
(47.857143) 3544. R(X, rdiv(T3, Y), X) -> R(X, rdiv(R2, Y), X)
(47.857143) 3545. R(X, op(Y, T2), X) = R(X, op(x3, Y), X)
(47.857143) 3546. a(X, op(x3, Y), X) -> a(X, op(T2, Y), X)
(47.857143) 3547. R(X, op(Y, R2), X) = R(X, op(T3, Y), X)
(47.857143) 3548. a(X, op(T3, Y), X) -> a(X, op(R2, Y), X)
(59.42857) 3549. L(L(x3, T2, T2), rdiv(T2, L(x3, T2, T2)), X) -> L(x3, T2, T2)
(48.0) 3550. op(L(x3, x6, T2), x6) -> op(x6, L(T2, x6, T2))
(48.0) 3551. ldiv(T3, ldiv(ldiv(R2, x6), x6)) -> a(R2, rdiv(x6, R2), R2)
(48.0) 3552. rdiv(ldiv(ldiv(R2, x6), x6), T3) -> a(R2, rdiv(x6, R2), R2)
(48.0) 3553. R(X, L(x3, Y, T2), X) -> R(X, T2, X)
(48.0) 3554. a(X, L(x3, Y, T2), X) -> a(X, T2, X)
(48.0) 3555. R(X, L(T3, Y, R2), X) -> R(X, R2, X)
(48.0) 3556. a(X, L(T3, Y, R2), X) -> a(X, R2, X)
(48.0) 3557. a(R(x3, x6, T2), T2, R(x3, x6, T2)) -> a(T2, T2, T2)
(48.0) 3558. L(X, R(T2, Y, x3), Z) -> L(X, T2, Z)
(48.0) 3559. L(X, Y, R(T2, Z, x3)) -> L(X, Y, T2)
(48.0) 3560. T(R(x3, x6, T2), x6) -> R(T2, x6, T2)
(48.0) 3561. op(R(rdiv(zero, X), rdiv(zero, X), X), X) -> a(rdiv(zero, X), rdiv(zero, X), X)
(48.0) 3562. ldiv(R2, T(op(T3, x6), R2)) -> op(x6, a(R2, x6, T3))
(48.142853) 3563. ldiv(op(X, op(Y, Z)), op(op(X, Y), Z)) -> a(X, Y, Z)
(33.285713) 3564. a(R2, X, T3) -> a(R2, X, R2)
(33.285713) 3565. a(T2, X, x3) -> a(T2, X, T2)
(35.285713) 3566. a(X, x3, T2) -> a(X, T2, x3)
(35.285713) 3567. a(T3, R2, X) -> a(R2, T3, X)
(35.285713) 3568. a(x3, T2, X) -> a(T2, x3, X)
(37.285713) 3569. a(X, T3, R2) -> a(X, R2, T3)
(37.285713) 3570. a(T(x6, R2), T3, X) -> a(x6, R2, X)
(39.14286) 3571. a(T(X, Y), X, Z) -> a(X, T(X, Y), Z)
(39.285713) 3572. a(T3, X, T(x6, R2)) -> a(R2, X, x6)
(39.285713) 3573. a(T(x6, T2), T2, X) -> a(x6, x3, X)
(39.285713) 3574. a(T3, T(x6, R2), X) -> a(R2, x6, X)
(40.0) 3575. a(x6, x3, op(x6, T2)) -> a(x6, T2, op(x6, x3))
(40.0) 3576. a(op(T3, x6), R2, x6) -> a(op(R2, x6), T3, x6)
(40.0) 3577. a(T3, x6, op(R2, x6)) -> a(R2, x6, op(T3, x6))
(41.285713) 3578. a(X, T3, T(x6, R2)) -> a(X, R2, x6)
(41.285713) 3579. a(T2, X, T(x6, T2)) -> a(x3, X, x6)
(41.428574) 3580. a(T(x3, X), x6, T2) -> a(T2, x6, T2)
(41.857143) 3581. a(X, T(X, Y), T(X, Y)) -> a(X, X, X)
(42.0) 3582. a(R2, x6, T(T3, x6)) -> a(R2, x6, R2)
(42.0) 3583. a(x3, T(T2, x6), x6) -> a(T2, T2, x6)
(42.0) 3584. a(op(x6, R2), T3, x6) -> a(op(R2, x6), R2, x6)
(42.0) 3585. a(T(x6, R2), R2, T3) -> a(x6, R2, R2)
(42.0) 3586. op(T3, a(R2, x6, R2)) -> R(T3, x6, R2)
(42.14286) 3587. a(X, Y, op(Z, a(X, Y, Z))) -> a(X, Y, Z)
(40.714287) 3588. a(X, Y, R(X, Y, X)) -> a(X, Y, X)
(42.714287) 3589. a(X, Y, rdiv(Z, K(W, V))) -> a(X, Y, Z)
(39.14286) 3590. a(X, Y, op(Z, W)) <-> a(X, Y, op(W, Z))
(39.14286) 3591. a(X, Y, ldiv(Z, W)) -> a(X, Y, rdiv(W, Z))
(34.57143) 3592. a(X, Y, T3) -> a(X, Y, R2)
(39.285713) 3593. a(X, Y, T(Z, W)) -> a(X, Y, Z)
(34.57143) 3594. a(X, Y, x3) -> a(X, Y, T2)
(35.285713) 3595. a(T3, X, x6) -> a(R2, X, x6)
(35.285713) 3596. a(X, T3, x6) -> a(X, R2, x6)
(35.285713) 3597. a(x3, X, x6) -> a(T2, X, x6)
(38.0) 3598. a(T2, x3, x6) -> a(T2, T2, x6)
(42.571426) 3599. a(X, Y, op(x6, x3)) -> a(X, Y, op(T2, x6))
(42.571426) 3600. a(X, Y, op(T3, x6)) -> a(X, Y, op(R2, x6))
(42.714287) 3601. a(X, rdiv(Y, K(Z, W)), V) -> a(X, Y, V)
(39.14286) 3602. a(X, op(Y, Z), W) <-> a(X, op(Z, Y), W)
(39.14286) 3603. a(X, ldiv(Y, Z), W) -> a(X, rdiv(Z, Y), W)
(34.57143) 3604. a(X, T3, Y) -> a(X, R2, Y)
(39.285713) 3605. a(X, T(Y, Z), W) -> a(X, Y, W)
(34.57143) 3606. a(X, x3, Y) -> a(X, T2, Y)
(35.285713) 3607. a(T3, x6, X) -> a(R2, x6, X)
(42.571426) 3608. a(X, op(x6, x3), Y) -> a(X, op(T2, x6), Y)
(42.571426) 3609. a(X, op(T3, x6), Y) -> a(X, op(R2, x6), Y)
(35.285713) 3610. a(T(X, Y), Y, Z) -> a(X, Y, Z)
(31.285715) 3611. a(x3, x6, X) -> a(T2, x6, X)
(39.14286) 3612. a(ldiv(X, Y), X, Z) -> a(rdiv(Y, X), X, Z)
(42.0) 3613. op(x3, a(T2, x6, T2)) -> R(x3, x6, T2)
(42.714287) 3614. a(X, Y, R(Z, Z, Z)) -> a(X, Y, Z)
(42.714287) 3615. a(X, R(Y, Y, Y), Z) -> a(X, Y, Z)
(43.285713) 3616. a(R2, op(X, T3), x6) -> a(R2, op(X, R2), x6)
(44.0) 3617. rdiv(T3, R(T3, x6, R2)) -> rdiv(R2, R(R2, x6, R2))
(44.571426) 3618. a(X, Y, R(R2, x6, R2)) -> a(X, Y, R2)
(44.571426) 3619. a(X, R(R2, x6, R2), Y) -> a(X, R2, Y)
(37.14286) 3620. a(op(X, Y), Y, X) <-> a(op(Y, X), Y, X)
(42.0) 3621. a(op(x6, x3), x6, T2) -> a(op(T2, x6), x6, T2)
(42.0) 3622. a(op(x6, x3), T2, x6) -> a(op(T2, x6), T2, x6)
(42.0) 3623. a(op(T3, x6), x6, R2) -> a(op(R2, x6), x6, R2)
(44.714287) 3624. a(rdiv(X, K(Y, Z)), W, V) -> a(X, W, V)
(39.285713) 3625. a(T(X, Y), Z, W) -> a(X, Z, W)
(34.57143) 3626. a(x3, X, Y) -> a(T2, X, Y)
(34.57143) 3627. a(T3, X, Y) -> a(R2, X, Y)
(41.14286) 3628. a(op(X, Y), Z, W) <-> a(op(Y, X), Z, W)
(41.14286) 3629. a(ldiv(X, Y), Z, W) -> a(rdiv(Y, X), Z, W)
(42.714287) 3630. a(R(X, X, X), Y, Z) -> a(X, Y, Z)
(44.571426) 3631. a(R(R2, x6, R2), X, Y) -> a(R2, X, Y)
(44.571426) 3632. a(op(x6, x3), X, Y) -> a(op(T2, x6), X, Y)
(44.571426) 3633. a(op(T3, x6), X, Y) -> a(op(R2, x6), X, Y)
(44.714287) 3634. a(X, Y, op(Z, rdiv(W, Z))) -> a(X, Y, W)
(42.714287) 3635. a(X, Y, L(Z, W, Z)) -> a(X, Y, Z)
(44.714287) 3636. a(X, Y, rdiv(Z, rdiv(Z, W))) -> a(X, Y, W)
(44.714287) 3637. a(X, Y, R(Z, W, Z)) -> a(X, Y, Z)
(44.714287) 3638. a(X, op(Y, rdiv(Z, Y)), W) -> a(X, Z, W)
(42.714287) 3639. a(X, L(Y, Z, Y), W) -> a(X, Y, W)
(44.714287) 3640. a(X, rdiv(Y, rdiv(Y, Z)), W) -> a(X, Z, W)
(44.714287) 3641. a(X, R(Y, Z, Y), W) -> a(X, Y, W)
(44.714287) 3642. a(L(X, X, X), Y, Z) -> a(X, Y, Z)
(44.714287) 3643. a(R(X, Y, X), Z, W) -> a(X, Z, W)
(44.714287) 3644. a(L(X, Y, X), Z, W) -> a(X, Z, W)
(45.0) 3645. op(x6, R(T3, x6, R2)) -> T(op(T3, x6), R2)
(45.285713) 3646. op(T3, a(R2, X, R2)) -> R(T3, X, T3)
(45.285713) 3647. op(x3, a(T2, X, T2)) -> R(x3, X, x3)
(45.285713) 3648. a(rdiv(zero, T3), R2, X) -> a(rdiv(zero, R2), R2, X)
(45.285713) 3649. a(R2, op(X, R2), x6) = a(R2, op(T3, X), x6)
(45.857143) 3650. a(X, Y, rdiv(Z, rdiv(x3, T2))) -> a(X, Y, Z)
(45.857143) 3651. a(X, rdiv(Y, rdiv(x3, T2)), Z) -> a(X, Y, Z)
(45.857143) 3652. a(X, Y, rdiv(x3, T(T2, x6))) -> zero
(45.857143) 3653. a(X, rdiv(x3, T(T2, x6)), Y) -> zero
(46.0) 3654. ldiv(op(x3, op(x4, x5)), op(R2, op(x4, x5))) -> a(T2, x4, x5)
(46.0) 3655. ldiv(op(T2, op(x4, x5)), op(R3, op(x4, x5))) -> a(T2, x4, x5)
(46.0) 3656. ldiv(R(T3, x6, R2), T3) -> rdiv(R2, R(R2, x6, R2))
(46.0) 3657. op(T3, R(R2, x6, R2)) -> op(R2, R(T3, x6, R2))
(46.0) 3658. ldiv(R2, R(T3, x6, R2)) -> rdiv(T3, L(R2, x6, R2))
(46.0) 3659. rdiv(a(T2, x6, T2), x3) -> rdiv(zero, L(x3, x6, T2))
(46.0) 3660. rdiv(x3, R(x3, x6, T2)) -> rdiv(T2, R(T2, x6, T2))
(46.0) 3661. op(x3, R(T2, x6, T2)) -> op(T2, R(x3, x6, T2))
(46.0) 3662. ldiv(R(x3, x6, T2), x3) -> rdiv(T2, R(T2, x6, T2))
(84.999985) 3663. rdiv(ldiv(op(X, op(Y, Z)), op(op(X, Y), op(Z, a(W, V, U)))), a(W, V, U)) -> a(rdiv(X, a(W, V, U)), Y, Z)
(46.142857) 3664. a(rdiv(zero, a(X, Y, Z)), W, V) -> zero
(50.714287) 3665. a(rdiv(X, a(Y, Z, W)), V, U) -> a(X, V, rdiv(U, a(Y, Z, W)))
(46.142857) 3666. a(X, Y, rdiv(zero, a(Z, W, V))) -> zero
(46.14286) 3667. a(X, Y, rdiv(Z, a(W, V, U))) -> a(X, Y, Z)
(46.14286) 3668. a(X, rdiv(Y, a(Z, W, V)), U) -> a(X, Y, U)
(46.428574) 3669. a(rdiv(K(X, Y), Z), Z, rdiv(K(X, Y), Z)) -> K(rdiv(zero, Z), Z)
(46.571426) 3670. a(X, Y, R(x3, x6, T2)) -> a(X, Y, T2)
(46.571426) 3671. a(X, Y, L(T3, x6, R2)) -> a(X, Y, R2)
(46.571426) 3672. a(X, Y, R(T3, x6, R2)) -> a(X, Y, R2)
(46.571426) 3673. a(X, R(x3, x6, T2), Y) -> a(X, T2, Y)
(46.571426) 3674. a(X, L(T3, x6, R2), Y) -> a(X, R2, Y)
(46.571426) 3675. a(X, R(T3, x6, R2), Y) -> a(X, R2, Y)
(46.571426) 3676. a(R(x3, x6, T2), X, Y) -> a(T2, X, Y)
(46.571426) 3677. a(L(T3, x6, R2), X, Y) -> a(R2, X, Y)
(46.571426) 3678. a(R(T3, x6, R2), X, Y) -> a(R2, X, Y)
(46.57143) 3679. a(X, Y, op(Z, T(W, V))) -> a(X, Y, op(Z, W))
(41.857143) 3680. a(X, Y, op(Z, x3)) -> a(X, Y, op(Z, T2))
(41.857143) 3681. a(X, Y, op(Z, T3)) -> a(X, Y, op(Z, R2))
(43.857143) 3682. a(X, Y, op(Z, T2)) = a(X, Y, op(x3, Z))
(43.857143) 3683. a(X, Y, op(Z, R2)) = a(X, Y, op(T3, Z))
(45.857143) 3684. a(X, Y, op(x3, Z)) -> a(X, Y, op(T2, Z))
(45.857143) 3685. a(X, Y, op(T3, Z)) -> a(X, Y, op(R2, Z))
(46.57143) 3686. a(X, op(Y, T(Z, W)), V) -> a(X, op(Y, Z), V)
(41.857143) 3687. a(X, op(Y, x3), Z) -> a(X, op(Y, T2), Z)
(41.857143) 3688. a(X, op(Y, T3), Z) -> a(X, op(Y, R2), Z)
(43.857143) 3689. a(X, op(Y, T2), Z) = a(X, op(x3, Y), Z)
(43.857143) 3690. a(X, op(Y, R2), Z) = a(X, op(T3, Y), Z)
(45.857143) 3691. a(X, op(x3, Y), Z) -> a(X, op(T2, Y), Z)
(45.857143) 3692. a(X, op(T3, Y), Z) -> a(X, op(R2, Y), Z)
(46.57143) 3693. op(T(X, Y), a(X, Y, X)) -> R(T(X, Y), Y, X)
(44.14286) 3694. K(X, R(T(X, Y), Y, X)) -> zero
(44.14286) 3695. K(R(T(X, Y), Y, X), X) -> zero
(45.857143) 3696. T(X, R(T(Y, Z), Z, Y)) -> T(X, Y)
(45.857143) 3697. K(R(T(X, Y), Y, X), Z) -> K(X, Z)
(45.857143) 3698. K(X, R(T(Y, Z), Z, Y)) -> K(X, Y)
(46.0) 3699. T(X, R(T(X, Y), Y, X)) -> X
(46.714287) 3700. a(X, Y, rdiv(K(Z, W), V)) -> a(X, Y, rdiv(zero, V))
(46.714287) 3701. a(X, Y, rdiv(op(Z, W), Z)) -> a(X, Y, W)
(46.714287) 3702. a(X, rdiv(K(Y, Z), W), V) -> a(X, rdiv(zero, W), V)
(46.714287) 3703. a(X, rdiv(op(Y, Z), Y), W) -> a(X, Z, W)
(46.714287) 3704. a(rdiv(op(X, Y), X), X, Z) -> a(Y, X, Z)
(46.714287) 3705. a(op(X, rdiv(Y, X)), Z, W) -> a(Y, Z, W)
(46.714287) 3706. a(rdiv(X, rdiv(X, Y)), Z, W) -> a(Y, Z, W)
(46.571426) 3707. a(L(x3, x6, T2), X, Y) -> a(T2, X, Y)
(65.0) 3708. a(X, Y, op(ldiv(Z, W), op(Z, a(V, U, T)))) -> a(X, Y, W)
(65.0) 3709. a(X, op(ldiv(Y, Z), op(Y, a(W, V, U))), T) -> a(X, Z, T)
(55.0) 3710. a(rdiv(zero, R2), R2, rdiv(zero, T3)) -> K(rdiv(zero, R2), R2)
(47.0) 3711. L(R(T3, x6, R2), x6, R2) -> T3
(43.0) 3712. ldiv(x3, op(R2, op(x4, x5))) -> ldiv(T2, op(R3, op(x4, x5)))
(47.285713) 3713. rdiv(T3, R(T3, X, T3)) -> rdiv(R2, R(R2, X, R2))
(47.285713) 3714. rdiv(a(R2, X, R2), T3) -> rdiv(zero, L(T3, X, R2))
(47.285713) 3715. rdiv(a(T2, X, T2), x3) -> rdiv(zero, L(x3, X, T2))
(47.285713) 3716. a(T2, rdiv(zero, x3), X) -> a(T2, rdiv(zero, T2), X)
(47.285713) 3717. ldiv(T(X, Y), R(T(X, Y), Y, X)) -> a(X, Y, X)
(47.285713) 3718. rdiv(R(T(X, Y), Y, X), T(X, Y)) -> a(X, Y, X)
(47.57143) 3719. a(rdiv(X, R(X, Y, X)), Z, W) -> zero
(47.57143) 3720. a(X, Y, rdiv(Z, R(Z, W, Z))) -> zero
(47.57143) 3721. a(X, rdiv(Y, R(Y, Z, Y)), W) -> zero
(47.857143) 3722. a(rdiv(X, rdiv(x3, T2)), Y, Z) -> a(X, Y, Z)
(47.857143) 3723. a(X, Y, rdiv(op(x3, Z), T2)) -> a(X, Y, Z)
(43.857143) 3724. a(X, Y, rdiv(Z, x3)) -> a(X, Y, rdiv(Z, T2))
(47.285713) 3725. a(X, Y, rdiv(T(x3, Z), T2)) -> zero
(47.857143) 3726. a(X, Y, rdiv(Z, rdiv(T2, x3))) -> a(X, Y, Z)
(47.857143) 3727. a(X, rdiv(op(x3, Y), T2), Z) -> a(X, Y, Z)
(43.857143) 3728. a(X, rdiv(Y, x3), Z) -> a(X, rdiv(Y, T2), Z)
(46.571426) 3729. R(X, rdiv(X, x3), x3) -> R(X, rdiv(X, T2), T2)
(47.285713) 3730. a(X, rdiv(T(x3, Y), T2), Z) -> zero
(47.285713) 3731. R(X, rdiv(zero, x3), T2) -> R(X, rdiv(zero, T2), T2)
(47.857143) 3732. a(X, rdiv(Y, rdiv(T2, x3)), Z) -> a(X, Y, Z)
(47.857143) 3733. a(rdiv(x3, T(T2, x6)), X, Y) -> zero
(48.0) 3734. a(X, Y, L(x3, Z, T2)) -> a(X, Y, T2)
(48.0) 3735. a(X, L(x3, Y, T2), Z) -> a(X, T2, Z)
(48.0) 3736. a(L(x3, X, T2), Y, Z) -> a(T2, Y, Z)
(48.0) 3737. a(X, Y, L(T3, Z, R2)) -> a(X, Y, R2)
(48.0) 3738. a(X, L(T3, Y, R2), Z) -> a(X, R2, Z)
(48.0) 3739. a(L(T3, X, R2), Y, Z) -> a(R2, Y, Z)
(48.0) 3740. a(X, Y, R(T2, Z, x3)) -> a(X, Y, T2)
(48.0) 3741. a(X, R(T2, Y, x3), Z) -> a(X, T2, Z)
(48.142853) 3742. ldiv(op(X, Y), op(Y, op(T(X, Y), Z))) -> L(Z, X, Y)
(46.14286) 3743. L(X, Y, rdiv(Z, a(W, V, U))) -> L(X, Y, Z)
(71.14285) 3744. rdiv(ldiv(op(X, Y), op(X, op(Z, a(?, ?, ?)))), a(?, ?, ?)) = L(ldiv(Y, Z), Y, X)
(78.71428) 3745. rdiv(ldiv(op(X, Y), op(X, op(Z, a(W, V, U)))), a(W, V, U)) ~> rdiv(ldiv(op(X, Y), op(X, op(Z, a(?, ?, ?)))), a(?, ?, ?))
(54.142853) 3746. rdiv(L(op(X, a(Y, Z, W)), V, U), a(Y, Z, W)) -> L(X, V, U)
(37.285713) 3747. rdiv(X, a(Y, Z, X)) -> L(X, Z, Y)
(36.57143) 3748. T(X, L(X, Y, Z)) -> X
(36.714287) 3749. K(X, L(X, Y, Z)) -> zero
(36.714287) 3750. K(L(X, Y, Z), X) -> zero
(38.428574) 3751. T(X, L(Y, Z, W)) -> T(X, Y)
(38.428574) 3752. K(L(X, Y, Z), W) -> K(X, W)
(38.428574) 3753. K(X, L(Y, Z, W)) -> K(X, Y)
(39.285713) 3754. ldiv(L(X, Y, Z), X) -> a(Z, Y, X)
(39.285713) 3755. rdiv(X, L(X, Y, Z)) -> a(Z, Y, X)
(39.285713) 3756. T(L(X, Y, Z), X) -> L(X, Y, Z)
(41.714287) 3757. ldiv(X, L(X, Y, Z)) -> rdiv(zero, a(Z, Y, X))
(41.714287) 3758. rdiv(a(X, Y, Z), Z) -> rdiv(zero, L(Z, Y, X))
(41.714287) 3759. rdiv(L(X, Y, Z), X) -> rdiv(zero, a(Z, Y, X))
(42.714287) 3760. L(X, L(Y, Z, W), X) -> L(X, Y, X)
(52.857147) 3761. a(X, Y, rdiv(Z, a(W, V, X))) -> a(L(X, V, W), Y, Z)
(42.714287) 3762. a(X, Y, L(Z, W, V)) -> a(X, Y, Z)
(42.714287) 3763. a(X, L(Y, Z, W), V) -> a(X, Y, V)
(42.714287) 3764. L(X, Y, L(Z, W, V)) -> L(X, Y, Z)
(43.14286) 3765. op(L(X, Y, Z), X) -> op(X, L(X, Y, Z))
(43.14286) 3766. T(L(X, Y, Z), W) -> L(T(X, W), Y, Z)
(43.714287) 3767. ldiv(L(X, Y, Z), zero) = ldiv(X, a(Z, Y, X))
(43.857143) 3768. a(op(X, T3), Y, Z) -> a(op(X, R2), Y, Z)
(43.857143) 3769. a(op(X, x3), Y, Z) -> a(op(X, T2), Y, Z)
(44.0) 3770. rdiv(T3, a(x6, R2, R2)) -> L(T3, R2, x6)
(44.571426) 3771. rdiv(T3, a(X, Y, R2)) -> L(T3, Y, X)
(44.571426) 3772. rdiv(x3, a(X, Y, T2)) -> L(x3, Y, X)
(44.571426) 3773. op(L(T2, X, Y), x3) -> op(x3, L(T2, X, Y))
(44.571426) 3774. op(L(R2, X, Y), T3) -> op(T3, L(R2, X, Y))
(44.571426) 3775. ldiv(L(T2, X, Y), x3) -> rdiv(x3, L(T2, X, Y))
(44.714287) 3776. a(L(X, Y, Z), W, V) -> a(X, W, V)
(44.714287) 3777. R(X, L(Y, Z, W), X) -> R(X, Y, X)
(44.714287) 3778. L(X, L(Y, Z, W), V) -> L(X, Y, V)
(52.57143) 3779. rdiv(L(X, Y, Z), K(W, X)) -> L(T(X, W), Y, Z)
(45.857143) 3780. op(L(R2, X, Y), rdiv(T3, L(R2, X, Y))) -> T3
(44.571426) 3781. ldiv(L(R2, X, Y), T3) -> rdiv(T3, L(R2, X, Y))
(45.857143) 3782. op(L(x3, X, Y), rdiv(T2, L(x3, X, Y))) -> T2
(44.571426) 3783. ldiv(L(x3, X, Y), T2) -> rdiv(T2, L(x3, X, Y))
(45.857143) 3784. a(X, rdiv(Y, T3), Z) -> a(X, rdiv(Y, R2), Z)
(45.857143) 3785. a(X, rdiv(T3, Y), Z) -> a(X, rdiv(R2, Y), Z)
(45.857143) 3786. a(rdiv(X, T3), Y, Z) -> a(rdiv(X, R2), Y, Z)
(45.857143) 3787. a(rdiv(T3, X), Y, Z) -> a(rdiv(R2, X), Y, Z)
(45.857143) 3788. a(rdiv(X, x3), Y, Z) -> a(rdiv(X, T2), Y, Z)
(45.857143) 3789. a(op(X, R2), Y, Z) = a(op(T3, X), Y, Z)
(45.857143) 3790. a(op(X, T2), Y, Z) = a(op(x3, X), Y, Z)
(46.0) 3791. rdiv(a(x6, R2, R2), T3) -> rdiv(zero, L(T3, R2, x6))
(46.428574) 3792. T(X, rdiv(Y, op(Y, Z))) -> T(X, rdiv(zero, Z))
(46.428574) 3793. T(X, rdiv(rdiv(Y, Z), Y)) -> T(X, rdiv(zero, Z))
(46.428574) 3794. K(rdiv(X, op(X, Y)), Z) -> K(rdiv(zero, Y), Z)
(46.428574) 3795. K(rdiv(rdiv(X, Y), X), Z) -> K(rdiv(zero, Y), Z)
(46.428574) 3796. K(X, rdiv(Y, op(Y, Z))) -> K(X, rdiv(zero, Z))
(46.428574) 3797. K(X, rdiv(rdiv(Y, Z), Y)) -> K(X, rdiv(zero, Z))
(49.428574) 3798. op(L(X, Y, Z), a(Z, Y, X)) -> X
(46.571426) 3799. rdiv(a(X, Y, R2), T3) -> rdiv(zero, L(T3, Y, X))
(46.571426) 3800. rdiv(a(X, Y, T2), x3) -> rdiv(zero, L(x3, Y, X))
(47.285713) 3801. L(X, rdiv(T2, ldiv(x6, x3)), T2) -> L(X, x6, T2)
(45.0) 3802. op(x3, rdiv(T2, ldiv(x6, x3))) -> op(T2, x6)
(47.714287) 3803. T(X, op(Y, L(Z, W, V))) -> T(X, op(Y, Z))
(47.428574) 3804. L(L(X, Y, Z), X, X) = L(L(X, X, X), Y, Z)
(47.428574) 3805. L(L(X, Y, Z), W, X) = L(L(X, W, X), Y, Z)
(47.714287) 3806. K(X, op(Y, L(Z, W, V))) -> K(X, op(Y, Z))
(47.714287) 3807. K(op(X, L(Y, Z, W)), V) -> K(op(X, Y), V)
(66.71428) 3808. rdiv(op(R2, rdiv(T3, L(R2, X, Y))), a(Y, X, R2)) -> T3
(47.857143) 3809. K(rdiv(T2, L(x3, X, Y)), T2) -> zero
(47.857143) 3810. K(T2, rdiv(T2, L(x3, X, Y))) -> zero
(47.857143) 3811. a(op(T3, X), Y, Z) -> a(op(R2, X), Y, Z)
(47.857143) 3812. a(op(x3, X), Y, Z) -> a(op(T2, X), Y, Z)
(48.0) 3813. L(X, Y, op(a(Z, W, V), a(Z, W, V))) -> X
(81.14285) 3814. rdiv(ldiv(ldiv(X, Y), op(a(Z, W, V), op(Y, a(Z, W, V)))), op(a(Z, W, V), a(Z, W, V))) -> ldiv(ldiv(X, Y), Y)
(48.0) 3815. R(L(X, Y, Z), X, L(X, Y, Z)) -> L(R(X, X, X), Y, Z)
(48.142853) 3816. rdiv(op(X, L(Y, Z, Y)), T(X, Y)) -> L(Y, Z, Y)
(46.428574) 3817. rdiv(op(X, L(Y, Z, Y)), X) = L(rdiv(Y, K(Y, X)), Z, Y)
(46.57143) 3818. op(X, L(T(Y, X), Z, Y)) -> op(L(Y, Z, Y), X)
(43.285713) 3819. op(L(x3, X, T2), x6) -> op(x6, L(T2, X, T2))
(43.285713) 3820. op(L(R2, X, R2), x6) -> op(x6, L(T3, X, R2))
(47.571426) 3821. ldiv(ldiv(ldiv(T2, X), X), x3) -> rdiv(x3, ldiv(ldiv(T2, X), X))
(48.142857) 3822. ldiv(op(X, T2), op(x3, X)) -> rdiv(x3, rdiv(T2, K(T2, X)))
(48.142857) 3823. ldiv(ldiv(X, op(x6, x3)), op(x6, x3)) = T(X, rdiv(op(T2, x6), X))
(48.142857) 3824. ldiv(ldiv(X, op(T3, x6)), op(T3, x6)) = T(X, rdiv(op(R2, x6), X))
(48.142857) 3825. op(ldiv(ldiv(x6, X), X), T3) -> op(R2, T(x6, rdiv(X, x6)))
(48.142857) 3826. ldiv(X, op(op(X, x3), x6)) = op(x6, op(T2, a(X, T2, x6)))
(48.142857) 3827. ldiv(X, op(op(X, x6), T3)) = op(R2, op(x6, a(X, x6, R2)))
(51.14286) 3828. op(R(X, rdiv(R2, X), X), T3) -> op(R2, ldiv(ldiv(X, R2), T3))
(48.142857) 3829. ldiv(op(X, x3), ldiv(T2, op(X, x3))) -> ldiv(op(T2, X), X)
(48.142857) 3830. ldiv(ldiv(ldiv(X, T3), R2), R2) = T(ldiv(X, T3), X)
(48.142857) 3831. op(R2, rdiv(op(T3, X), R2)) = op(T(T3, X), X)
(47.571426) 3832. op(ldiv(ldiv(x3, X), X), x6) -> op(x6, ldiv(ldiv(T2, X), X))
(47.571426) 3833. T(ldiv(ldiv(x3, X), X), x6) -> ldiv(ldiv(T2, X), X)
(48.142857) 3834. a(X, Y, op(a(Z, W, V), a(Z, W, V))) -> zero
(48.142857) 3835. a(X, op(a(Y, Z, W), a(Y, Z, W)), V) -> zero
(48.14286) 3836. op(T(X, op(X, Y)), Y) = rdiv(op(X, op(X, Y)), X)
(47.14286) 3837. op(L(X, Y, X), Y) = rdiv(op(X, op(Y, X)), X)
(85.428566) 3838. T(X, rdiv(op(X, op(Y, X)), rdiv(X, rdiv(K(Z, W), K(W, Z))))) -> T(X, op(X, Y))
(44.57143) 3839. R(L(X, Y, X), Y, L(X, Y, X)) -> X
(47.857143) 3840. R(L(x3, X, T2), X, L(x3, X, T2)) -> x3
(47.857143) 3841. R(L(T3, X, R2), X, L(T3, X, R2)) -> T3
(48.14286) 3842. rdiv(ldiv(X, Y), K(Y, Z)) = ldiv(X, rdiv(op(Z, Y), Z))
(48.857143) 3843. ldiv(op(X, Y), rdiv(op(X, Y), X)) -> ldiv(op(Y, X), Y)
(48.14286) 3844. rdiv(X, rdiv(Y, K(Z, X))) = rdiv(rdiv(op(Z, X), Z), Y)
(56.85714) 3845. rdiv(op(X, Y), X) = op(rdiv(Y, rdiv(?, K(X, Y))), ?)
(60.571426) 3846. op(rdiv(X, rdiv(Y, K(Z, X))), Y) ~> op(rdiv(X, rdiv(?, K(Z, X))), ?)
(48.14286) 3847. op(X, rdiv(op(Y, X), Y)) = op(rdiv(X, K(X, Y)), X)
(48.14286) 3848. ldiv(T(rdiv(X, Y), Z), X) -> rdiv(X, T(ldiv(Y, X), Z))
(48.14286) 3849. ldiv(T(X, Y), T(X, Z)) -> rdiv(T(X, Z), T(X, Y))
(55.57143) 3850. rdiv(X, rdiv(T(X, Y), K(Z, W))) -> rdiv(K(Y, X), K(W, Z))
(48.14286) 3851. ldiv(T(T(X, Y), Z), X) -> rdiv(K(Y, X), K(X, Z))
(48.14286) 3852. rdiv(T(X, Y), T(X, Z)) = rdiv(K(Z, X), K(Y, X))
(48.14286) 3853. rdiv(ldiv(X, Y), K(Z, X)) = ldiv(rdiv(op(Z, X), Z), Y)
(56.85714) 3854. rdiv(op(X, Y), X) = rdiv(?, rdiv(ldiv(Y, ?), K(X, Y)))
(60.571426) 3855. rdiv(X, rdiv(ldiv(Y, X), K(Z, Y))) ~> rdiv(?, rdiv(ldiv(Y, ?), K(Z, Y)))
(48.14286) 3856. rdiv(T(X, rdiv(Y, X)), Y) = rdiv(X, op(ldiv(X, Y), X))
(48.14286) 3857. rdiv(T(X, Y), op(Y, Z)) = rdiv(X, op(T(Y, X), Z))
(48.14286) 3858. rdiv(T(X, Y), op(Z, Y)) = rdiv(X, op(Z, T(Y, X)))
(48.14286) 3859. rdiv(T(X, Y), ldiv(X, Z)) -> rdiv(X, ldiv(T(X, Y), Z))
(48.14286) 3860. rdiv(T(X, Y), ldiv(Z, Y)) = rdiv(X, ldiv(Z, T(Y, X)))
(48.14286) 3861. rdiv(T(X, Y), T(Y, Z)) = rdiv(X, T(T(Y, X), Z))
(48.14286) 3862. rdiv(T(T(X, Y), Z), X) -> rdiv(K(X, Y), K(Z, X))
(51.57143) 3863. op(rdiv(X, rdiv(X, Y)), X) = op(X, L(Y, rdiv(X, Y), Y))
(46.428574) 3864. T(X, R(rdiv(zero, Y), Y, Z)) -> T(X, rdiv(zero, Y))
(44.428574) 3865. T(X, rdiv(Y, op(Z, Y))) -> T(X, rdiv(zero, Z))
(46.428574) 3866. T(X, R(Y, rdiv(zero, Y), Z)) -> T(X, Y)
(46.428574) 3867. K(X, rdiv(Y, op(Z, Y))) -> K(X, rdiv(zero, Z))
(46.428574) 3868. K(rdiv(X, op(Y, X)), Z) -> K(rdiv(zero, Y), Z)
(46.857143) 3869. T(X, rdiv(zero, rdiv(Y, Z))) -> T(X, rdiv(Z, Y))
(48.14286) 3870. rdiv(T(X, Y), K(X, Z)) = T(rdiv(op(Z, X), Z), Y)
(48.14286) 3871. op(T(T(X, Y), Z), X) -> op(X, T(T(X, Y), Z))
(48.14286) 3872. op(T(rdiv(X, Y), Z), Y) -> op(Y, T(ldiv(Y, X), Z))
(48.14286) 3873. rdiv(T(X, Y), K(X, Z)) = rdiv(op(Z, T(X, Y)), Z)
(48.14286) 3874. K(op(X, op(Y, Z)), W) = K(op(op(Z, Y), X), W)
(48.14286) 3875. K(X, op(Y, op(Z, W))) = K(X, op(op(W, Z), Y))
(48.14286) 3876. K(X, op(Y, rdiv(Z, W))) = K(X, op(ldiv(W, Z), Y))
(48.14286) 3877. T(X, op(ldiv(Y, Z), W)) -> T(X, op(Z, rdiv(W, Y)))
(64.14286) 3878. T(X, op(Y, rdiv(Z, rdiv(W, rdiv(x3, T2))))) -> T(X, op(Y, rdiv(Z, W)))
(64.14286) 3879. T(X, op(Y, rdiv(Z, rdiv(W, rdiv(T2, x3))))) -> T(X, op(Y, rdiv(Z, W)))
(66.428566) 3880. T(X, op(Y, rdiv(Z, op(W, a(V, U, T))))) -> T(X, op(Y, rdiv(Z, W)))
(70.99999) 3881. T(X, op(Y, rdiv(op(rdiv(Y, Z), rdiv(W, rdiv(Y, Z))), Z))) -> T(X, op(Y, rdiv(W, Z)))
(48.14286) 3882. K(X, op(op(Y, Z), W)) -> K(X, op(Y, op(W, Z)))
(70.42856) 3883. T(X, op(Y, rdiv(T(Z, rdiv(rdiv(Y, W), Z)), W))) -> T(X, op(Y, rdiv(Z, W)))
(48.14286) 3884. ldiv(op(ldiv(X, Y), X), X) = ldiv(Y, T(X, rdiv(Y, X)))
(48.14286) 3885. ldiv(op(ldiv(X, Y), X), X) = ldiv(Y, ldiv(ldiv(X, Y), Y))
(55.714287) 3886. op(X, ldiv(op(ldiv(Y, X), Y), Y)) -> ldiv(ldiv(Y, X), X)
(47.285713) 3887. ldiv(T3, L(R2, X, R2)) -> rdiv(R2, R(T3, X, T3))
(55.57143) 3888. T(X, op(Y, op(Z, T(W, V)))) -> T(X, op(Y, op(Z, W)))
(48.14286) 3889. K(op(X, rdiv(Y, Z)), W) = K(op(ldiv(Z, Y), X), W)
(48.14286) 3890. K(op(op(X, Y), Z), W) -> K(op(X, op(Z, Y)), W)
(64.14286) 3891. T(X, op(Y, rdiv(Z, rdiv(W, rdiv(T3, R2))))) -> T(X, op(Y, rdiv(Z, W)))
(48.14286) 3892. ldiv(L(rdiv(X, Y), Y, rdiv(X, Y)), X) -> rdiv(X, T(rdiv(X, Y), X))
(59.0) 3893. T(X, op(Y, rdiv(L(Z, W, Z), V))) -> T(X, op(Y, rdiv(Z, V)))
(48.14286) 3894. K(X, op(rdiv(Y, Z), W)) -> K(X, op(Y, rdiv(W, Z)))
(48.14286) 3895. L(X, op(a(Y, Z, W), V), X) -> L(X, V, X)
(48.14286) 3896. rdiv(T(op(X, Y), Z), Y) = rdiv(X, K(Z, op(Y, X)))
(48.14286) 3897. op(rdiv(X, rdiv(X, Y)), op(rdiv(X, Y), Z)) -> op(Y, op(ldiv(Y, X), Z))
(48.14286) 3898. op(ldiv(X, Y), op(Z, ldiv(ldiv(X, Y), Y))) -> op(rdiv(Y, X), op(Z, X))
(46.428574) 3899. op(ldiv(ldiv(X, Y), Y), op(ldiv(X, Y), X)) -> op(X, Y)
(49.714287) 3900. rdiv(op(X, Y), op(ldiv(X, Y), X)) -> ldiv(ldiv(X, Y), Y)
(47.571426) 3901. op(op(T3, X), op(R2, X)) -> op(op(R2, X), op(T3, X))
(47.571426) 3902. op(op(x3, X), op(T2, X)) -> op(op(T2, X), op(x3, X))
(48.14286) 3903. R(X, rdiv(X, a(Y, Z, W)), X) -> R(X, X, X)
(48.14286) 3904. R(X, rdiv(Y, a(Z, W, V)), X) -> R(X, Y, X)
(48.0) 3905. R(X, op(a(Y, Z, W), a(Y, Z, W)), X) -> X
(70.99999) 3906. T(X, op(Y, rdiv(ldiv(ldiv(Z, rdiv(Y, W)), rdiv(Y, W)), W))) -> T(X, op(Y, rdiv(Z, W)))
(70.428566) 3907. T(X, op(Y, rdiv(Z, rdiv(W, K(rdiv(Y, W), Y))))) -> T(X, op(Y, rdiv(Z, W)))
(59.0) 3908. T(X, op(Y, rdiv(R(Z, W, Z), V))) -> T(X, op(Y, rdiv(Z, V)))
(49.0) 3909. ldiv(L(ldiv(X, Y), X, Z), op(Z, Y)) -> T(op(Z, X), rdiv(Y, X))
(40.714287) 3910. T(op(X, Y), rdiv(zero, Y)) = ldiv(ldiv(op(X, Y), X), X)
(37.857143) 3911. R(X, ldiv(Y, zero), Y) -> R(X, rdiv(zero, Y), Y)
(42.714287) 3912. ldiv(ldiv(op(X, Y), Y), Y) = T(op(X, Y), rdiv(zero, X))
(44.285713) 3913. ldiv(L(ldiv(X, zero), X, Y), Y) -> T(op(Y, X), rdiv(zero, X))
(45.714287) 3914. rdiv(R2, T(ldiv(X, T3), X)) -> ldiv(ldiv(X, T3), R2)
(45.714287) 3915. T(X, rdiv(op(Y, rdiv(X, Z)), X)) -> T(X, rdiv(Y, Z))
(42.14286) 3916. T(X, rdiv(op(Y, Z), X)) -> T(X, rdiv(Y, rdiv(X, Z)))
(43.857143) 3917. T(X, R(Y, rdiv(X, Z), Z)) -> T(X, Y)
(59.0) 3918. T(X, rdiv(Y, rdiv(X, rdiv(X, rdiv(X, Z))))) -> T(X, rdiv(Y, rdiv(X, Z)))
(44.14286) 3919. T(X, rdiv(Y, rdiv(X, Z))) <-> T(X, rdiv(Z, rdiv(X, Y)))
(44.14286) 3920. K(X, rdiv(op(Y, Z), X)) -> K(X, rdiv(Y, rdiv(X, Z)))
(44.14286) 3921. K(rdiv(op(X, Y), Z), Z) -> K(rdiv(X, rdiv(Z, Y)), Z)
(44.714287) 3922. T(X, rdiv(Y, rdiv(X, Z))) = ldiv(ldiv(X, op(Y, Z)), op(Y, Z))
(44.857143) 3923. T(X, rdiv(zero, rdiv(X, Y))) = ldiv(ldiv(X, Y), Y)
(43.14286) 3924. R(X, ldiv(Y, X), Y) -> R(X, rdiv(X, Y), Y)
(44.857143) 3925. K(X, rdiv(zero, rdiv(X, Y))) -> K(X, rdiv(Y, X))
(44.857143) 3926. K(rdiv(zero, rdiv(X, Y)), X) -> K(rdiv(Y, X), X)
(45.714287) 3927. T(op(X, Y), R(Z, X, Y)) -> T(op(X, Y), Z)
(39.0) 3928. T(op(x4, x5), T2) -> T(op(x4, x5), R2)
(39.0) 3929. T(op(x4, x5), T2) -> T(op(x4, x5), R3)
(41.0) 3930. K(op(x4, x5), T2) -> K(op(x4, x5), R2)
(41.0) 3931. K(T2, op(x4, x5)) -> K(R2, op(x4, x5))
(41.0) 3932. T(op(x5, x4), T2) -> T(op(x5, x4), R2)
(41.0) 3933. K(op(x4, x5), R2) -> K(op(x4, x5), R3)
(41.0) 3934. K(R2, op(x4, x5)) -> K(R3, op(x4, x5))
(41.0) 3935. T(op(x5, x4), R2) -> T(op(x5, x4), R3)
(41.0) 3936. T(op(x4, x5), R2) -> T(op(x4, x5), R3)
(45.857143) 3937. T(X, R(Y, Z, rdiv(X, Z))) -> T(X, Y)
(45.857143) 3938. K(X, R(Y, rdiv(X, Z), Z)) -> K(X, Y)
(45.857143) 3939. K(R(X, rdiv(Y, Z), Z), Y) -> K(X, Y)
(45.857143) 3940. K(X, R(Y, Z, rdiv(X, Z))) -> K(X, Y)
(45.857143) 3941. K(R(X, Y, rdiv(Z, Y)), Z) -> K(X, Z)
(46.14286) 3942. K(X, rdiv(Y, rdiv(X, Z))) <-> K(X, rdiv(Z, rdiv(X, Y)))
(46.14286) 3943. K(rdiv(X, rdiv(Y, Z)), Y) <-> K(rdiv(Z, rdiv(Y, X)), Y)
(46.14286) 3944. ldiv(ldiv(T(X, Y), Z), Z) = T(T(X, Y), rdiv(Z, X))
(46.285713) 3945. ldiv(L(X, rdiv(zero, X), Y), Y) -> T(op(Y, rdiv(zero, X)), X)
(46.714287) 3946. ldiv(ldiv(X, op(Y, Z)), op(Y, Z)) = T(X, rdiv(Z, rdiv(X, Y)))
(46.857143) 3947. op(T(X, Y), rdiv(Z, T(X, Y))) -> op(X, rdiv(Z, X))
(46.857143) 3948. op(ldiv(T(X, Y), Z), T(X, Y)) -> op(ldiv(X, Z), X)
(55.0) 3949. R(ldiv(ldiv(X, zero), zero), rdiv(zero, X), X) -> ldiv(T(ldiv(X, zero), X), zero)
(47.285713) 3950. op(X, a(X, Y, rdiv(zero, Y))) -> R(X, Y, rdiv(zero, Y))
(47.285713) 3951. R(X, x3, rdiv(zero, x3)) -> R(X, T2, rdiv(zero, T2))
(47.571426) 3952. T(X, rdiv(x6, rdiv(X, x3))) -> T(X, rdiv(T2, rdiv(X, x6)))
(47.571426) 3953. K(X, rdiv(x6, rdiv(X, x3))) -> K(X, rdiv(T2, rdiv(X, x6)))
(47.571426) 3954. K(rdiv(x6, rdiv(X, x3)), X) -> K(rdiv(T2, rdiv(X, x6)), X)
(47.57143) 3955. T(op(X, Y), rdiv(rdiv(Z, X), Y)) = ldiv(ldiv(op(X, Y), Z), Z)
(47.714287) 3956. T(X, rdiv(rdiv(Y, rdiv(X, Z)), Z)) -> T(X, rdiv(Y, X))
(47.714287) 3957. T(op(X, Y), R(Z, Y, X)) -> T(op(X, Y), Z)
(47.714287) 3958. T(X, rdiv(Y, L(X, Z, W))) -> T(X, rdiv(Y, X))
(47.714287) 3959. K(op(X, Y), R(Z, X, Y)) -> K(op(X, Y), Z)
(47.714287) 3960. K(R(X, Y, Z), op(Y, Z)) -> K(X, op(Y, Z))
(47.714287) 3961. T(X, rdiv(rdiv(x3, X), T2)) -> ldiv(ldiv(X, zero), zero)
(48.85714) 3962. ldiv(ldiv(X, Y), Y) = T(X, rdiv(?, rdiv(X, rdiv(Y, ?))))
(52.571426) 3963. T(X, rdiv(Y, rdiv(X, rdiv(Z, Y)))) ~> T(X, rdiv(?, rdiv(X, rdiv(Z, ?))))
(47.857143) 3964. T(X, R(Y, ldiv(Z, X), Z)) -> T(X, Y)
(47.857143) 3965. K(X, R(Y, ldiv(Z, X), Z)) -> K(X, Y)
(47.857143) 3966. K(R(X, ldiv(Y, Z), Y), Z) -> K(X, Z)
(48.0) 3967. L(op(x4, x5), T2, op(x4, x5)) -> L(op(x4, x5), R2, op(x4, x5))
(48.0) 3968. L(op(x4, x5), R2, op(x4, x5)) -> L(op(x4, x5), R3, op(x4, x5))
(48.142857) 3969. op(ldiv(ldiv(X, T3), R2), ldiv(X, T3)) -> op(X, rdiv(R2, X))
(62.999996) 3970. op(X, rdiv(op(X, T(T(X, Y), Y)), X)) -> op(X, T(T(X, Y), Y))
(48.14286) 3971. T(ldiv(ldiv(X, Y), Y), Z) -> ldiv(ldiv(T(X, Z), Y), Y)
(48.14286) 3972. L(X, R(Y, Z, rdiv(Y, Z)), X) -> L(X, Y, X)
(48.14286) 3973. op(X, a(rdiv(Y, X), X, rdiv(Y, X))) = rdiv(Y, T(rdiv(Y, X), Y))
(48.0) 3974. rdiv(x3, K(x6, op(T2, x6))) -> op(T2, a(x6, T2, x6))
(48.14286) 3975. a(X, Y, op(Z, a(W, V, U))) -> a(X, Y, Z)
(48.14286) 3976. a(X, op(Y, a(Z, W, V)), U) -> a(X, Y, U)
(47.857143) 3977. a(X, rdiv(Y, rdiv(R2, T3)), Z) -> a(X, Y, Z)
(47.857143) 3978. a(X, rdiv(R2, T(T3, x6)), Y) -> zero
(48.14286) 3979. L(X, Y, op(Z, a(W, V, U))) -> L(X, Y, Z)
(48.14286) 3980. T(X, rdiv(rdiv(Y, Z), W)) -> T(X, rdiv(Y, op(Z, W)))
(48.14286) 3981. T(X, rdiv(op(Y, Z), W)) -> T(X, rdiv(Z, rdiv(W, Y)))
(48.14286) 3982. K(rdiv(rdiv(X, Y), Z), W) -> K(rdiv(X, op(Y, Z)), W)
(48.14286) 3983. K(rdiv(op(X, Y), Z), W) -> K(rdiv(Y, rdiv(Z, X)), W)
(48.14286) 3984. K(X, rdiv(rdiv(Y, Z), W)) -> K(X, rdiv(Y, op(Z, W)))
(48.14286) 3985. K(X, rdiv(op(Y, Z), W)) -> K(X, rdiv(Z, rdiv(W, Y)))
(48.14286) 3986. K(rdiv(X, rdiv(Y, Z)), W) <-> K(rdiv(Z, rdiv(Y, X)), W)
(48.14286) 3987. T(op(X, Y), rdiv(Z, Y)) = ldiv(ldiv(op(X, Y), op(X, Z)), op(X, Z))
(46.0) 3988. ldiv(ldiv(op(X, T3), X), X) = T(op(X, T3), rdiv(zero, R2))
(48.0) 3989. ldiv(ldiv(op(T3, X), X), X) = T(op(T3, X), rdiv(zero, R2))
(70.428566) 3990. T(X, rdiv(Y, rdiv(X, rdiv(X, T(ldiv(Z, X), W))))) -> T(X, rdiv(Y, rdiv(X, Z)))
(77.85714) 3991. K(rdiv(X, rdiv(Y, Z)), rdiv(X, rdiv(ldiv(Y, op(Z, X)), Z))) -> K(rdiv(X, rdiv(Y, Z)), Y)
(48.14286) 3992. T(X, op(Y, rdiv(Z, X))) -> T(X, rdiv(Y, rdiv(X, Z)))
(59.0) 3993. T(X, rdiv(Y, rdiv(L(X, Z, W), V))) -> T(X, rdiv(Y, rdiv(X, V)))
(68.14285) 3994. T(X, rdiv(Y, rdiv(rdiv(rdiv(R2, T3), Z), W))) <-> T(X, rdiv(Y, rdiv(rdiv(rdiv(R2, T3), W), Z)))
(48.285713) 3995. rdiv(T3, ldiv(T(X, R2), R2)) -> ldiv(R2, op(X, T3))
(48.285713) 3996. rdiv(T2, ldiv(T(X, T2), x3)) -> ldiv(x3, op(X, T2))
(48.285713) 3997. rdiv(x3, ldiv(T(X, T2), T2)) -> ldiv(T2, op(X, x3))
(48.285713) 3998. rdiv(x3, rdiv(T2, K(T2, X))) -> rdiv(T(x3, X), T2)
(48.285713) 3999. ldiv(T2, op(op(T2, X), x3)) -> T(op(x3, X), T2)
(48.285713) 4000. ldiv(T2, op(op(X, T2), x3)) -> T(op(X, x3), T2)
(48.285713) 4001. op(T(T(x6, X), T2), T2) -> op(T(x6, X), x3)
(72.28571) 4002. rdiv(ldiv(L(T3, x6, R2), op(R2, X)), K(op(R2, x6), R2)) -> X
(46.285713) 4003. op(rdiv(zero, T(R2, X)), T3) -> rdiv(T3, T(R2, X))
(47.285713) 4004. a(X, Y, rdiv(T3, T(R2, Z))) -> zero
(48.285713) 4005. op(op(x6, T2), ldiv(op(x6, x3), X)) -> rdiv(X, rdiv(x3, T2))
(48.285713) 4006. op(op(x6, x3), ldiv(op(x6, T2), X)) -> rdiv(X, rdiv(T2, x3))
(48.285713) 4007. op(op(R2, x6), ldiv(op(T3, x6), X)) -> rdiv(X, rdiv(T3, R2))
(48.285713) 4008. op(op(T3, x6), ldiv(op(R2, x6), X)) -> rdiv(X, rdiv(R2, T3))
(46.285713) 4009. op(op(T3, x6), L(X, x6, R2)) -> op(T3, op(x6, X))
(48.285713) 4010. ldiv(op(x6, T2), op(op(x6, x3), X)) -> rdiv(X, rdiv(T2, x3))
(45.285713) 4011. R(x6, T2, rdiv(X, rdiv(T2, x3))) -> R(x6, x3, X)
(47.285713) 4012. R(x6, x3, rdiv(X, rdiv(x3, T2))) -> R(x6, T2, X)
(47.0) 4013. R(x6, T2, rdiv(x3, T(T2, x6))) -> x6
(48.0) 4014. R(x6, x3, T(T2, x6)) -> R(x6, T2, T2)
(48.285713) 4015. ldiv(op(x6, x3), op(op(x6, T2), X)) -> rdiv(X, rdiv(x3, T2))
(48.285713) 4016. ldiv(op(R2, x6), op(op(T3, x6), X)) -> rdiv(X, rdiv(R2, T3))
(48.285713) 4017. ldiv(op(T3, x6), op(op(R2, x6), X)) -> rdiv(X, rdiv(T3, R2))
(48.285713) 4018. rdiv(zero, rdiv(T2, ldiv(X, x3))) -> rdiv(rdiv(x3, T2), X)
(48.285713) 4019. T(rdiv(T2, T(x3, X)), T2) -> rdiv(T2, T(x3, X))
(48.285713) 4020. ldiv(op(X, T2), rdiv(T2, x3)) -> ldiv(op(X, x3), zero)
(48.285713) 4021. ldiv(T(R2, X), rdiv(R2, T3)) -> ldiv(T3, K(X, R2))
(48.285713) 4022. T(T(rdiv(X, Y), Z), Y) -> T(ldiv(Y, X), Z)
(48.285713) 4023. T(T(T(X, Y), Z), X) -> T(T(X, Y), Z)
(48.285713) 4024. ldiv(rdiv(rdiv(T3, R2), X), T3) -> ldiv(rdiv(zero, X), R2)
(48.285713) 4025. rdiv(T2, ldiv(ldiv(x6, X), x3)) -> ldiv(T(x6, T2), X)
(48.285713) 4026. rdiv(T2, ldiv(ldiv(X, T2), x3)) -> ldiv(X, T(T2, x6))
(48.285713) 4027. rdiv(T2, rdiv(x3, T(T2, X))) -> T(T(T2, X), x6)
(46.285713) 4028. op(rdiv(zero, T(T3, X)), R2) -> rdiv(R2, T(T3, X))
(48.285713) 4029. rdiv(R2, ldiv(rdiv(x6, X), T3)) -> rdiv(T(x6, R2), X)
(48.285713) 4030. rdiv(x6, rdiv(X, rdiv(x3, T2))) -> rdiv(T(x6, T2), X)
(48.285713) 4031. ldiv(ldiv(X, rdiv(T2, x3)), zero) -> ldiv(ldiv(X, zero), rdiv(x3, T2))
(55.142853) 4032. op(op(X, rdiv(Y, X)), op(X, rdiv(Y, X))) -> op(Y, op(X, rdiv(op(X, rdiv(Y, X)), X)))
(58.714283) 4033. op(op(X, rdiv(op(X, rdiv(Y, X)), X)), Y) -> op(Y, op(X, rdiv(op(X, rdiv(Y, X)), X)))
(48.285713) 4034. op(op(x3, X), rdiv(T2, op(x3, X))) -> op(op(T2, X), rdiv(T2, op(T2, X)))
(48.285713) 4035. op(op(X, x3), rdiv(T2, op(X, x3))) -> op(op(X, T2), rdiv(T2, op(X, T2)))
(47.714287) 4036. rdiv(X, rdiv(T(R2, X), T3)) -> ldiv(R2, op(X, T3))
(48.285713) 4037. ldiv(R2, op(T(T3, X), x6)) -> rdiv(x6, rdiv(R2, T(T3, X)))
(48.285713) 4038. rdiv(op(X, rdiv(Y, X)), op(op(X, rdiv(Y, X)), Z)) -> rdiv(Y, op(Y, Z))
(44.857143) 4039. rdiv(ldiv(X, Y), op(ldiv(X, Y), Z)) -> rdiv(rdiv(Y, X), op(rdiv(Y, X), Z))
(46.14286) 4040. rdiv(X, op(ldiv(X, Y), X)) = rdiv(ldiv(ldiv(X, Y), Y), Y)
(53.714287) 4041. op(rdiv(X, op(ldiv(X, Y), X)), Y) -> ldiv(ldiv(X, Y), Y)
(46.857143) 4042. rdiv(ldiv(X, Y), op(Z, ldiv(X, Y))) -> rdiv(rdiv(Y, X), op(Z, rdiv(Y, X)))
(48.0) 4043. rdiv(L(R2, R2, R2), T3) -> rdiv(R2, R(T3, R2, T3))
(48.14286) 4044. rdiv(K(X, Y), K(Y, Z)) -> rdiv(Y, T(T(Y, X), Z))
(48.285713) 4045. rdiv(op(X, rdiv(Y, X)), op(Z, op(X, rdiv(Y, X)))) -> rdiv(Y, op(Z, Y))
(47.57143) 4046. a(rdiv(X, op(Y, X)), Y, X) -> op(rdiv(X, op(Y, X)), Y)
(48.0) 4047. T(X, op(Y, rdiv(Z, op(Y, Z)))) -> X
(48.142857) 4048. K(X, op(Y, rdiv(Z, op(Y, Z)))) -> zero
(48.142857) 4049. K(op(X, rdiv(Y, op(X, Y))), Z) -> zero
(48.285713) 4050. rdiv(op(X, Y), op(Z, op(X, Y))) = R(rdiv(zero, Z), Z, op(Y, X))
(48.285713) 4051. op(x3, op(x6, op(X, T2))) -> op(T2, op(x6, op(X, x3)))
(48.285713) 4052. op(T3, op(x6, T(T3, X))) -> op(R2, op(T(T3, X), x6))
(48.285713) 4053. op(T3, op(op(X, R2), x6)) -> op(R2, op(op(X, T3), x6))
(48.285713) 4054. op(x3, rdiv(T2, T(x3, X))) -> rdiv(T2, K(T2, X))
(48.285713) 4055. op(T2, rdiv(x3, T(T2, X))) -> rdiv(x3, K(T2, X))
(48.285713) 4056. rdiv(R2, ldiv(T(X, R2), T3)) -> ldiv(T3, op(X, R2))
(48.285713) 4057. op(T(T3, x6), T(X, R2)) -> op(X, T(T3, x6))
(48.285713) 4058. rdiv(T3, rdiv(R2, K(R2, X))) -> rdiv(T(T3, X), R2)
(48.0) 4059. rdiv(L(T3, R2, R2), R2) -> rdiv(T3, R(R2, R2, R2))
(48.285713) 4060. rdiv(rdiv(R2, T3), T(R2, X)) -> rdiv(zero, T(T3, X))
(48.285713) 4061. rdiv(rdiv(x3, T2), T(x3, X)) -> rdiv(zero, T(T2, X))
(48.285713) 4062. ldiv(ldiv(X, rdiv(R2, T3)), R2) -> ldiv(ldiv(X, zero), T3)
(48.285713) 4063. ldiv(rdiv(rdiv(R2, T3), X), R2) -> ldiv(rdiv(zero, X), T3)
(48.285713) 4064. op(T3, ldiv(X, rdiv(R2, T3))) -> op(R2, ldiv(X, zero))
(48.285713) 4065. rdiv(T3, T(T(T3, X), x6)) -> rdiv(R2, T(T3, X))
(48.285713) 4066. T(rdiv(R2, T(T3, X)), R2) -> rdiv(R2, T(T3, X))
(48.285713) 4067. op(T3, rdiv(R2, T(T3, X))) -> rdiv(R2, K(R2, X))
(48.285713) 4068. ldiv(op(T(T2, x6), X), T2) -> ldiv(op(T2, X), x3)
(48.285713) 4069. ldiv(op(X, T(T2, x6)), T2) -> ldiv(op(X, T2), x3)
(48.285713) 4070. op(op(x3, X), T(T2, x6)) -> op(op(T2, X), T2)
(48.285713) 4071. op(op(X, x3), T(T2, x6)) -> op(op(X, T2), T2)
(45.285713) 4072. R(X, x3, T(T2, x6)) -> R(X, T2, T2)
(48.285713) 4073. ldiv(op(X, T(x6, R2)), R2) -> ldiv(op(X, x6), T3)
(48.285713) 4074. ldiv(T(T(x6, X), R2), R2) -> ldiv(T(x6, X), T3)
(64.28571) 4075. ldiv(T(T3, X), K(R2, rdiv(x6, rdiv(T(T3, X), R2)))) -> ldiv(R2, K(X, R2))
(48.285713) 4076. ldiv(T(T3, X), rdiv(T3, R2)) -> ldiv(R2, K(X, R2))
(48.285713) 4077. rdiv(R2, rdiv(R2, ldiv(X, T3))) -> rdiv(T3, X)
(44.285713) 4078. rdiv(T3, rdiv(T3, X)) -> rdiv(R2, rdiv(R2, X))
(44.285713) 4079. rdiv(T3, rdiv(X, R2)) -> rdiv(R2, rdiv(X, T3))
(48.285713) 4080. K(X, op(R2, op(x4, x5))) -> K(X, op(R3, op(x4, x5)))
(70.57143) 4081. rdiv(R2, rdiv(X, K(rdiv(R2, op(X, rdiv(T3, X))), Y))) -> rdiv(R2, X)
(48.285713) 4082. op(T(T2, X), op(x6, x3)) -> op(x3, op(x6, T(T2, X)))
(48.285713) 4083. ldiv(op(X, T(x6, T2)), x3) -> ldiv(op(X, x6), T2)
(48.285713) 4084. ldiv(T(T(x6, X), T2), x3) -> ldiv(T(x6, X), T2)
(48.285713) 4085. ldiv(x3, T(T(x6, X), T2)) -> ldiv(T2, T(x6, X))
(48.285713) 4086. rdiv(x3, op(X, T(x6, T2))) -> rdiv(T2, op(X, x6))
(48.285713) 4087. rdiv(x3, T(T(x6, X), T2)) -> rdiv(T2, T(x6, X))
(48.285713) 4088. op(op(T(x6, T2), X), T2) -> op(op(x6, X), x3)
(47.0) 4089. op(x6, R(x3, x6, T2)) -> T(op(x6, T2), T2)
(48.285713) 4090. rdiv(T3, T(op(T3, x6), X)) -> rdiv(R2, T(op(R2, x6), X))
(48.285713) 4091. rdiv(x3, op(x6, op(x3, X))) -> rdiv(T2, op(x6, op(T2, X)))
(48.285713) 4092. ldiv(op(op(X, x3), x6), x3) -> ldiv(op(op(X, T2), x6), T2)
(48.285713) 4093. op(op(X, T2), T(x6, T2)) -> op(op(X, x3), x6)
(37.285713) 4094. R(X, x3, x6) -> R(X, T2, x6)
(48.285713) 4095. R(T(X, Y), rdiv(zero, X), X) -> ldiv(ldiv(X, zero), K(X, Y))
(48.285713) 4096. K(op(R2, op(x4, x5)), X) -> K(op(R3, op(x4, x5)), X)
(48.285713) 4097. rdiv(rdiv(x3, T2), op(X, T2)) -> rdiv(zero, op(X, T(T2, x6)))
(48.285713) 4098. ldiv(T(x3, X), rdiv(x3, T2)) -> ldiv(T2, K(X, T2))
(48.285713) 4099. ldiv(R2, op(op(X, R2), T3)) -> T(op(X, T3), R2)
(48.285713) 4100. ldiv(ldiv(X, rdiv(R2, T3)), zero) -> ldiv(ldiv(X, zero), rdiv(T3, R2))
(48.285713) 4101. ldiv(op(x6, T2), T(x3, X)) -> ldiv(op(T2, x6), T(T2, X))
(48.285713) 4102. ldiv(T(rdiv(T2, X), T2), x3) -> rdiv(x3, T(ldiv(X, T2), T2))
(48.285713) 4103. ldiv(T(T2, X), rdiv(T2, x3)) -> ldiv(x3, K(X, T2))
(48.285713) 4104. T(X, R(op(R2, x6), R2, x6)) -> T(X, op(R2, x6))
(48.285713) 4105. rdiv(rdiv(x3, T2), rdiv(zero, X)) -> rdiv(zero, rdiv(rdiv(T2, x3), X))
(48.285713) 4106. ldiv(R2, ldiv(X, rdiv(R2, T3))) -> ldiv(T3, ldiv(X, zero))
(48.285713) 4107. ldiv(T3, rdiv(rdiv(T3, R2), X)) -> ldiv(R2, rdiv(zero, X))
(64.28571) 4108. ldiv(T(x3, X), K(rdiv(T2, rdiv(T(x3, X), x6)), T2)) -> ldiv(T2, K(X, T2))
(48.285713) 4109. op(T(T3, X), op(R2, x6)) -> op(R2, op(T(T3, X), x6))
(58.285713) 4110. rdiv(X, ldiv(ldiv(X, zero), K(X, rdiv(zero, X)))) -> rdiv(X, ldiv(T(ldiv(X, zero), X), zero))
(48.285713) 4111. op(T3, op(x6, ldiv(X, R2))) -> op(R2, op(x6, ldiv(X, T3)))
(48.285713) 4112. op(T3, op(ldiv(X, R2), x6)) -> op(R2, op(ldiv(X, T3), x6))
(48.285713) 4113. ldiv(X, K(Y, rdiv(zero, op(X, Y)))) -> op(Y, rdiv(ldiv(X, zero), Y))
(45.428574) 4114. R(T2, L(x6, X, x6), x3) -> R(T2, x6, T2)
(48.285713) 4115. ldiv(op(X, R(Y, Y, Y)), R(Y, Y, Y)) -> ldiv(op(X, Y), Y)
(48.285713) 4116. ldiv(op(X, R(Y, Z, Y)), R(Y, Z, Y)) -> ldiv(op(X, Y), Y)
(104.28571) 4117. rdiv(ldiv(op(X, op(Y, rdiv(R(Z, W, Z), Y))), op(Y, rdiv(R(Z, W, Z), rdiv(Y, a(Z, W, Z))))), a(Z, W, Z)) -> ldiv(op(X, Z), Z)
(48.285713) 4118. ldiv(op(T2, X), T(T2, x6)) -> ldiv(op(x3, X), T2)
(48.285713) 4119. ldiv(op(X, T2), T(T2, x6)) -> ldiv(op(X, x3), T2)
(48.285713) 4120. rdiv(T(x6, R2), K(X, R2)) -> rdiv(x6, rdiv(T3, T(R2, X)))
(48.285713) 4121. rdiv(T(x6, T2), K(T2, X)) -> rdiv(x6, rdiv(T(T2, X), x3))
(48.285713) 4122. rdiv(T(op(x6, T2), X), x6) -> rdiv(x3, K(X, op(T2, x6)))
(48.285713) 4123. rdiv(T(op(R2, x6), X), T3) -> rdiv(x6, K(X, op(R2, x6)))
(48.285713) 4124. op(rdiv(zero, T(x3, X)), T2) -> rdiv(T2, T(x3, X))
(48.285713) 4125. ldiv(op(T3, X), rdiv(T3, R2)) -> ldiv(op(R2, X), zero)
(48.285713) 4126. rdiv(zero, rdiv(R2, T(T3, X))) -> rdiv(T(T3, X), R2)
(48.285713) 4127. rdiv(rdiv(T3, R2), ldiv(R2, X)) -> rdiv(zero, ldiv(T3, X))
(48.285713) 4128. ldiv(ldiv(x3, X), rdiv(T2, x3)) -> ldiv(ldiv(T2, X), zero)
(48.285713) 4129. ldiv(ldiv(R2, X), rdiv(T3, R2)) -> ldiv(ldiv(T3, X), zero)
(48.285713) 4130. ldiv(ldiv(X, T(x6, R2)), R2) -> ldiv(ldiv(X, x6), T3)
(48.285713) 4131. ldiv(ldiv(T(x6, R2), X), T3) -> ldiv(ldiv(x6, X), R2)
(48.285713) 4132. ldiv(T3, ldiv(T(x6, R2), X)) -> ldiv(R2, ldiv(x6, X))
(48.285713) 4133. op(X, rdiv(T(T2, x6), x3)) -> rdiv(X, rdiv(x3, T(T2, x6)))
(48.285713) 4134. op(rdiv(T(T2, x6), x3), X) -> ldiv(rdiv(x3, T(T2, x6)), X)
(48.285713) 4135. op(T(T3, X), op(x6, R2)) -> op(R2, op(x6, T(T3, X)))
(48.285713) 4136. ldiv(rdiv(x3, T(T2, x6)), X) -> rdiv(X, rdiv(x3, T(T2, x6)))
(48.285713) 4137. rdiv(X, T(op(X, Y), rdiv(zero, Y))) -> ldiv(op(X, Y), X)
(47.714287) 4138. T(X, rdiv(X, op(Y, rdiv(X, Z)))) -> T(X, rdiv(Z, Y))
(44.14286) 4139. T(X, rdiv(ldiv(Y, X), Z)) -> T(X, rdiv(X, op(Y, Z)))
(48.285713) 4140. ldiv(ldiv(X, R(Y, Z, Y)), R(Y, Z, Y)) -> ldiv(ldiv(X, Y), Y)
(49.714287) 4141. T(X, rdiv(R(Y, Z, Y), X)) -> ldiv(ldiv(X, Y), Y)
(48.285713) 4142. K(T2, rdiv(zero, rdiv(x3, X))) -> K(T2, rdiv(X, T2))
(48.285713) 4143. K(R2, rdiv(zero, rdiv(T3, X))) -> K(R2, rdiv(X, R2))
(48.285713) 4144. T(T(rdiv(zero, x3), X), T2) -> T(ldiv(x3, zero), X)
(47.714287) 4145. T(X, rdiv(Y, rdiv(X, rdiv(X, Z)))) -> T(X, rdiv(Y, Z))
(48.285713) 4146. T(T(T3, X), rdiv(zero, R2)) -> ldiv(ldiv(T3, zero), K(R2, X))
(48.285713) 4147. rdiv(rdiv(T3, T(R2, X)), T3) -> rdiv(zero, T(R2, X))
(48.285713) 4148. ldiv(T3, rdiv(T3, T(R2, X))) -> ldiv(R2, K(X, R2))
(48.285713) 4149. rdiv(rdiv(R2, T(T3, X)), R2) -> rdiv(zero, T(T3, X))
(48.285713) 4150. rdiv(R(X, X, X), op(R(X, X, X), Y)) -> rdiv(X, op(X, Y))
(48.285713) 4151. rdiv(R(X, Y, X), op(R(X, Y, X), Z)) -> rdiv(X, op(X, Z))
(48.285713) 4152. rdiv(R(X, X, X), op(Y, R(X, X, X))) -> rdiv(X, op(Y, X))
(48.285713) 4153. rdiv(R(X, Y, X), op(Z, R(X, Y, X))) -> rdiv(X, op(Z, X))
(104.28571) 4154. rdiv(op(X, rdiv(R(Y, Z, Y), X)), rdiv(op(W, op(X, rdiv(R(Y, Z, Y), rdiv(X, a(Y, Z, Y))))), a(Y, Z, Y))) -> rdiv(Y, op(W, Y))
(48.857143) 4155. R(rdiv(zero, X), X, T(Y, ?)) = rdiv(Y, op(X, Y))
(51.714287) 4156. R(rdiv(zero, X), X, T(Y, Z)) ~> R(rdiv(zero, X), X, T(Y, ?))
(48.285713) 4157. rdiv(zero, rdiv(x3, T(T2, X))) -> rdiv(T(T2, X), x3)
(48.285713) 4158. op(ldiv(op(x3, X), T2), op(x3, X)) -> op(ldiv(op(T2, X), T2), op(T2, X))
(48.285717) 4159. rdiv(R2, ldiv(op(op(R2, x6), X), T3)) -> op(op(x6, R2), X)
(44.285713) 4160. ldiv(op(op(x6, R2), X), R2) -> ldiv(op(op(R2, x6), X), T3)
(45.0) 4161. op(op(x6, R2), rdiv(R2, op(x6, R2))) -> op(op(R2, x6), rdiv(R2, op(R2, x6)))
(46.285713) 4162. ldiv(op(X, op(x6, R2)), R2) -> ldiv(op(X, op(R2, x6)), T3)
(46.285713) 4163. ldiv(op(x6, op(T3, X)), T3) -> ldiv(op(x6, op(R2, X)), R2)
(48.285713) 4164. ldiv(op(x6, op(X, T3)), T3) -> ldiv(op(x6, op(X, R2)), R2)
(48.285717) 4165. op(rdiv(X, op(x6, T2)), op(x6, x3)) -> rdiv(X, rdiv(T2, x3))
(48.285717) 4166. op(rdiv(X, op(x6, x3)), op(x6, T2)) -> rdiv(X, rdiv(x3, T2))
(48.285717) 4167. op(rdiv(X, op(R2, x6)), op(T3, x6)) -> rdiv(X, rdiv(R2, T3))
(48.285717) 4168. op(rdiv(X, op(T3, x6)), op(R2, x6)) -> rdiv(X, rdiv(T3, R2))
(48.285717) 4169. ldiv(rdiv(op(x6, T2), X), op(x6, x3)) -> rdiv(X, rdiv(T2, x3))
(48.285717) 4170. ldiv(rdiv(op(x6, x3), X), op(x6, T2)) -> rdiv(X, rdiv(x3, T2))
(48.285717) 4171. ldiv(rdiv(op(R2, x6), X), op(T3, x6)) -> rdiv(X, rdiv(R2, T3))
(43.0) 4172. ldiv(op(x6, R2), op(T3, x6)) -> rdiv(T(T3, x6), R2)
(45.0) 4173. R(x6, R2, rdiv(T(T3, x6), R2)) -> x6
(45.0) 4174. rdiv(op(T3, x6), op(x6, R2)) -> rdiv(T(T3, x6), R2)
(45.714287) 4175. L(X, rdiv(T(T3, x6), R2), Y) -> X
(47.0) 4176. rdiv(T3, rdiv(R2, rdiv(T3, R2))) -> rdiv(T(T3, x6), R2)
(47.571426) 4177. T(X, rdiv(x6, rdiv(Y, R2))) -> T(X, rdiv(R2, rdiv(Y, x6)))
(47.714287) 4178. R(X, rdiv(T(T3, x6), R2), X) -> X
(47.857143) 4179. a(X, rdiv(T(T3, x6), R2), X) -> zero
(47.857143) 4180. a(X, rdiv(T(T3, x6), R2), Y) -> zero
(48.285717) 4181. ldiv(rdiv(op(T3, x6), X), op(R2, x6)) -> rdiv(X, rdiv(T3, R2))
(48.285717) 4182. rdiv(x3, ldiv(T(op(x6, T2), X), T2)) -> T(op(x6, x3), X)
(44.285713) 4183. ldiv(T(op(x6, x3), X), x3) -> ldiv(T(op(x6, T2), X), T2)
(44.285713) 4184. ldiv(x3, T(op(x6, x3), X)) -> ldiv(T2, T(op(x6, T2), X))
(46.285713) 4185. rdiv(x3, T(op(x6, x3), X)) -> rdiv(T2, T(op(x6, T2), X))
(47.0) 4186. ldiv(ldiv(op(x6, x3), T2), T2) -> ldiv(ldiv(op(x6, T2), T2), x3)
(48.285717) 4187. rdiv(T3, ldiv(T(op(R2, x6), X), R2)) -> T(op(T3, x6), X)
(45.0) 4188. ldiv(ldiv(op(T3, x6), R2), R2) -> ldiv(ldiv(op(R2, x6), R2), T3)
(48.285717) 4189. rdiv(op(X, op(x6, T2)), op(x6, x3)) -> rdiv(X, rdiv(x3, T2))
(48.285717) 4190. rdiv(op(X, op(x6, x3)), op(x6, T2)) -> rdiv(X, rdiv(T2, x3))
(48.285717) 4191. rdiv(op(X, op(R2, x6)), op(T3, x6)) -> rdiv(X, rdiv(T3, R2))
(48.285717) 4192. rdiv(op(X, op(T3, x6)), op(R2, x6)) -> rdiv(X, rdiv(R2, T3))
(48.285717) 4193. rdiv(T2, ldiv(rdiv(op(x6, T2), X), x3)) -> rdiv(op(T2, x6), X)
(44.285713) 4194. ldiv(rdiv(op(x6, T2), X), x3) -> ldiv(rdiv(op(T2, x6), X), T2)
(45.0) 4195. rdiv(op(T2, x6), op(x6, x3)) -> rdiv(T(T2, x6), x3)
(45.0) 4196. rdiv(T2, T(T(T2, x6), x6)) -> rdiv(x3, T(T2, x6))
(46.285713) 4197. ldiv(rdiv(op(x6, x3), X), x3) -> ldiv(rdiv(op(x6, T2), X), T2)
(47.0) 4198. ldiv(ldiv(T2, op(x6, x3)), x3) -> ldiv(x6, T(T2, x6))
(47.571426) 4199. T(X, rdiv(x6, rdiv(Y, T2))) -> T(X, rdiv(T2, rdiv(Y, x6)))
(48.285713) 4200. ldiv(op(x6, rdiv(x3, X)), x3) -> ldiv(op(x6, rdiv(T2, X)), T2)
(48.285713) 4201. op(T(x6, T2), rdiv(T2, X)) -> op(x6, rdiv(x3, X))
(48.285717) 4202. rdiv(R2, ldiv(rdiv(op(R2, x6), X), T3)) -> rdiv(op(x6, R2), X)
(44.285713) 4203. ldiv(rdiv(op(x6, R2), X), R2) -> ldiv(rdiv(op(R2, x6), X), T3)
(46.285713) 4204. ldiv(rdiv(op(T3, x6), X), T3) -> ldiv(rdiv(op(R2, x6), X), R2)
(47.0) 4205. rdiv(op(x6, R2), op(T3, x6)) -> rdiv(R2, T(T3, x6))
(48.285713) 4206. ldiv(ldiv(X, op(T3, x6)), T3) -> ldiv(ldiv(X, op(R2, x6)), R2)
(48.285717) 4207. rdiv(R2, ldiv(op(X, op(R2, x6)), T3)) -> op(X, op(x6, R2))
(44.285713) 4208. op(rdiv(T3, X), op(x6, R2)) -> op(rdiv(R2, X), op(R2, x6))
(46.285713) 4209. op(op(T3, X), op(x6, R2)) -> op(op(R2, X), op(R2, x6))
(46.285713) 4210. op(ldiv(X, T3), op(x6, R2)) -> op(ldiv(X, R2), op(R2, x6))
(46.285713) 4211. op(rdiv(T3, X), op(R2, x6)) -> op(rdiv(R2, X), op(T3, x6))
(48.285713) 4212. op(op(X, T3), op(x6, R2)) -> op(op(X, R2), op(R2, x6))
(45.285713) 4213. R(X, T3, op(x6, R2)) -> R(X, R2, op(R2, x6))
(48.285713) 4214. op(op(T3, X), op(R2, x6)) -> op(op(R2, X), op(T3, x6))
(48.285713) 4215. op(ldiv(X, T3), op(R2, x6)) -> op(ldiv(X, R2), op(T3, x6))
(48.285717) 4216. rdiv(T2, ldiv(op(X, op(x6, T2)), x3)) -> op(X, op(T2, x6))
(44.285713) 4217. ldiv(op(X, op(x6, T2)), x3) -> ldiv(op(X, op(T2, x6)), T2)
(44.285713) 4218. op(rdiv(x3, X), op(T2, x6)) -> op(rdiv(T2, X), op(x6, T2))
(36.285713) 4219. op(rdiv(x3, X), T2) -> op(rdiv(T2, X), x3)
(38.285713) 4220. op(x3, rdiv(T2, X)) -> op(T2, rdiv(x3, X))
(38.285713) 4221. op(ldiv(X, x3), T2) -> op(ldiv(X, T2), x3)
(43.857143) 4222. a(X, Y, rdiv(x3, Z)) -> a(X, Y, rdiv(T2, Z))
(43.857143) 4223. a(X, rdiv(x3, Y), Z) -> a(X, rdiv(T2, Y), Z)
(44.285713) 4224. op(rdiv(T2, ldiv(X, x3)), x3) -> op(X, T2)
(44.571426) 4225. a(rdiv(x3, X), T2, Y) -> a(rdiv(T2, X), T2, Y)
(45.0) 4226. op(ldiv(op(x6, T2), T2), op(x6, T2)) -> op(ldiv(op(T2, x6), T2), op(T2, x6))
(45.857143) 4227. R(X, rdiv(x3, Y), X) -> R(X, rdiv(T2, Y), X)
(46.285713) 4228. op(op(x3, X), op(T2, x6)) -> op(op(T2, X), op(x6, T2))
(46.285713) 4229. op(ldiv(X, x3), op(T2, x6)) -> op(ldiv(X, T2), op(x6, T2))
(46.285713) 4230. op(rdiv(x3, X), op(x6, T2)) -> op(rdiv(T2, X), op(x6, x3))
(46.285713) 4231. ldiv(T2, op(rdiv(T2, X), x3)) -> T(rdiv(x3, X), T2)
(46.285713) 4232. op(ldiv(X, rdiv(x3, T2)), T2) -> op(ldiv(X, zero), x3)
(47.571426) 4233. op(op(X, rdiv(x3, X)), T2) -> op(T2, op(X, rdiv(x3, X)))
(47.571426) 4234. op(op(ldiv(X, x3), X), T2) -> op(T2, op(ldiv(X, x3), X))
(47.571426) 4235. op(T(rdiv(x3, X), Y), T2) -> op(T(rdiv(T2, X), Y), x3)
(47.571426) 4236. T(X, op(T2, rdiv(x3, Y))) -> T(X, op(T2, rdiv(T2, Y)))
(47.571426) 4237. op(op(rdiv(x3, X), Y), T2) -> op(op(rdiv(T2, X), Y), x3)
(47.571426) 4238. T(op(ldiv(X, x3), X), T2) -> op(ldiv(X, x3), X)
(48.0) 4239. op(rdiv(T2, rdiv(x3, X)), x3) = op(X, op(ldiv(X, T2), X))
(48.0) 4240. op(x3, L(T2, x6, T2)) -> op(T2, L(x3, x6, T2))
(48.285713) 4241. op(op(X, x3), op(T2, x6)) -> op(op(X, T2), op(x6, T2))
(45.285713) 4242. R(X, x3, op(T2, x6)) -> R(X, T2, op(x6, T2))
(48.285713) 4243. op(x3, op(rdiv(T2, X), x3)) -> op(T2, op(rdiv(x3, X), x3))
(48.285713) 4244. op(rdiv(x3, X), T(T2, x6)) -> op(rdiv(T2, X), T2)
(48.285713) 4245. op(op(X, op(x6, x3)), T2) -> op(op(X, op(x6, T2)), x3)
(45.285713) 4246. R(X, op(x6, x3), T2) -> R(X, op(x6, T2), x3)
(48.0) 4247. R(T2, op(x6, T2), x3) -> R(T2, op(T2, x6), T2)
(48.285713) 4248. op(op(op(x6, x3), X), T2) -> op(op(op(x6, T2), X), x3)
(48.285713) 4249. op(T(op(x6, x3), X), T2) -> op(T(op(x6, T2), X), x3)
(48.285713) 4250. op(x3, rdiv(rdiv(T2, x3), X)) -> op(T2, rdiv(zero, X))
(48.285713) 4251. op(x3, ldiv(X, rdiv(T2, x3))) -> op(T2, ldiv(X, zero))
(48.285713) 4252. op(x3, op(T(T2, x6), X)) -> op(T2, op(T2, X))
(48.285713) 4253. op(x3, op(X, T(T2, x6))) -> op(T2, op(X, T2))
(48.285713) 4254. ldiv(T2, op(ldiv(X, T2), x3)) -> T(ldiv(X, x3), T2)
(48.285713) 4255. op(ldiv(X, x3), T(T2, x6)) -> op(ldiv(X, T2), T2)
(48.285713) 4256. op(T(T(T2, X), x6), x3) -> op(T2, T(T2, X))
(48.285713) 4257. op(rdiv(rdiv(T2, x3), X), x3) -> op(rdiv(zero, X), T2)
(48.285713) 4258. op(ldiv(X, rdiv(T2, x3)), x3) -> op(ldiv(X, zero), T2)
(48.285713) 4259. op(rdiv(rdiv(x3, T2), X), T2) -> op(rdiv(zero, X), x3)
(48.285713) 4260. op(op(T(T2, x6), X), x3) -> op(op(T2, X), T2)
(48.285713) 4261. op(op(X, T(T2, x6)), x3) -> op(op(X, T2), T2)
(45.285713) 4262. R(X, T(T2, x6), x3) -> R(X, T2, T2)
(40.0) 4263. R(x3, T2, x3) -> R(x3, T2, T2)
(45.0) 4264. K(T2, R(x3, T2, T2)) -> zero
(45.0) 4265. K(R(x3, T2, T2), T2) -> zero
(45.0) 4266. T(x3, R(x3, T2, T2)) -> x3
(46.285713) 4267. T(X, R(x3, T2, T2)) -> T(X, T2)
(46.285713) 4268. K(R(x3, T2, T2), X) -> K(T2, X)
(46.285713) 4269. K(X, R(x3, T2, T2)) -> K(X, T2)
(48.0) 4270. T(R(x3, T2, T2), T2) -> R(x3, T2, T2)
(48.0) 4271. ldiv(x3, R(x3, T2, T2)) -> a(T2, T2, T2)
(48.0) 4272. rdiv(R(x3, T2, T2), x3) -> a(T2, T2, T2)
(48.285713) 4273. op(op(x3, X), op(x6, T2)) -> op(op(T2, X), op(x6, x3))
(48.285713) 4274. op(ldiv(X, x3), op(x6, T2)) -> op(ldiv(X, T2), op(x6, x3))
(48.285713) 4275. op(op(X, x3), op(x6, T2)) -> op(op(X, T2), op(x6, x3))
(45.285713) 4276. R(X, x3, op(x6, T2)) -> R(X, T2, op(x6, x3))
(48.285717) 4277. rdiv(T2, ldiv(op(op(x6, T2), X), x3)) -> op(op(T2, x6), X)
(44.285713) 4278. ldiv(op(op(x6, T2), X), x3) -> ldiv(op(op(T2, x6), X), T2)
(45.0) 4279. op(op(x6, T2), rdiv(T2, op(x6, T2))) -> op(op(T2, x6), rdiv(T2, op(T2, x6)))
(48.285717) 4280. op(op(x6, x3), T(X, op(T2, x6))) -> op(X, op(x6, x3))
(48.285713) 4281. op(ldiv(op(x6, x3), X), op(x6, x3)) -> op(ldiv(op(T2, x6), X), op(T2, x6))
(48.285717) 4282. op(op(T3, x6), T(X, op(R2, x6))) -> op(X, op(T3, x6))
(48.285713) 4283. op(ldiv(op(T3, x6), X), op(T3, x6)) -> op(ldiv(op(R2, x6), X), op(R2, x6))
(48.285717) 4284. T(X, rdiv(R2, rdiv(x6, rdiv(x6, T3)))) -> X
(48.285717) 4285. T(X, op(T2, op(x6, rdiv(zero, x3)))) -> T(X, x6)
(48.285717) 4286. rdiv(R2, ldiv(op(X, T(T3, x6)), T3)) -> op(X, T3)
(44.285713) 4287. ldiv(op(X, T(T3, x6)), T3) -> ldiv(op(X, T3), R2)
(46.285713) 4288. rdiv(T3, ldiv(op(X, T3), R2)) -> op(X, T(T3, x6))
(46.285713) 4289. ldiv(op(T(T3, x6), X), T3) -> ldiv(op(T3, X), R2)
(45.0) 4290. rdiv(R2, ldiv(ldiv(T3, zero), zero)) -> op(ldiv(T3, zero), R2)
(47.0) 4291. ldiv(op(ldiv(T3, zero), R2), R2) -> ldiv(ldiv(T3, zero), zero)
(47.0) 4292. ldiv(ldiv(ldiv(T3, zero), zero), R2) -> op(ldiv(T3, zero), R2)
(55.0) 4293. op(rdiv(zero, rdiv(zero, R2)), ldiv(T3, zero)) -> op(ldiv(T3, zero), R2)
(48.285713) 4294. op(op(R2, X), T(T3, x6)) -> op(op(T3, X), T3)
(48.285713) 4295. rdiv(T3, ldiv(op(T3, X), R2)) -> op(T(T3, x6), X)
(48.428574) 4296. rdiv(ldiv(op(X, Y), X), K(Z, W)) = L(ldiv(Y, K(W, Z)), Y, X)
(44.714287) 4297. L(X, rdiv(Y, op(Y, Z)), W) -> L(X, rdiv(zero, Z), W)
(46.714287) 4298. L(X, Y, rdiv(Z, op(Z, W))) -> L(X, Y, rdiv(zero, W))
(46.714287) 4299. a(X, Y, rdiv(Z, op(Z, W))) -> a(X, Y, rdiv(zero, W))
(46.714287) 4300. a(X, rdiv(Y, op(Y, Z)), W) -> a(X, rdiv(zero, Z), W)
(46.714287) 4301. L(X, rdiv(rdiv(Y, Z), Y), W) -> L(X, rdiv(zero, Z), W)
(46.714287) 4302. L(X, rdiv(Y, op(Z, Y)), W) -> L(X, rdiv(zero, Z), W)
(47.14286) 4303. L(X, rdiv(zero, ldiv(Y, Z)), W) -> L(X, rdiv(Y, Z), W)
(46.14286) 4304. T(X, op(X, rdiv(Y, Z))) -> T(X, rdiv(X, rdiv(Z, Y)))
(47.14286) 4305. L(X, rdiv(R2, T(T3, Y)), Z) -> X
(48.14286) 4306. L(T(ldiv(X, zero), Y), X, Y) = T(ldiv(op(Y, X), Y), Y)
(48.14286) 4307. K(X, op(X, rdiv(Y, Z))) -> K(X, rdiv(X, rdiv(Z, Y)))
(48.14286) 4308. K(op(X, rdiv(Y, Z)), X) -> K(rdiv(X, rdiv(Z, Y)), X)
(48.14286) 4309. T(X, op(rdiv(Y, Z), X)) -> T(X, rdiv(X, rdiv(Z, Y)))
(48.14286) 4310. T(X, op(ldiv(Y, Z), X)) -> T(X, rdiv(X, rdiv(Y, Z)))
(48.14286) 4311. T(X, op(Y, rdiv(X, Z))) -> T(X, rdiv(X, rdiv(Z, Y)))
(48.285713) 4312. T(ldiv(op(X, Y), X), rdiv(zero, Y)) -> ldiv(op(X, Y), X)
(48.428574) 4313. ldiv(ldiv(X, K(Y, Z)), ldiv(X, zero)) -> K(Z, Y)
(48.14286) 4314. K(X, rdiv(Y, rdiv(Z, W))) <-> K(X, rdiv(W, rdiv(Z, Y)))
(48.428574) 4315. rdiv(ldiv(X, zero), ldiv(X, K(Y, Z))) -> K(Z, Y)
(48.428574) 4316. ldiv(ldiv(X, zero), ldiv(X, K(Y, Z))) -> K(Y, Z)
(48.428574) 4317. op(rdiv(X, rdiv(X, Y)), T(Y, rdiv(X, Y))) -> op(Y, Y)
(55.85714) 4318. rdiv(X, rdiv(K(Y, X), a(Z, W, V))) -> op(T(X, Y), a(Z, W, V))
(48.428574) 4319. ldiv(op(X, Y), op(Y, op(X, Z))) -> L(rdiv(Z, K(X, Y)), X, Y)
(48.428574) 4320. rdiv(X, rdiv(op(Y, X), K(Z, W))) = R(rdiv(K(Z, W), Y), Y, X)
(43.714287) 4321. R(rdiv(K(X, Y), X), X, Y) -> rdiv(Y, op(Y, X))
(46.857143) 4322. R(rdiv(zero, X), T(X, ?), Y) = rdiv(Y, op(X, Y))
(49.714287) 4323. R(rdiv(zero, X), T(X, Y), Z) ~> R(rdiv(zero, X), T(X, ?), Z)
(48.428574) 4324. rdiv(ldiv(X, K(Y, Z)), ldiv(X, zero)) -> K(Y, Z)
(48.428574) 4325. rdiv(op(op(X, Y), Z), op(Z, Y)) -> rdiv(R(X, Y, Z), K(Z, Y))
(48.428574) 4326. op(rdiv(X, T(Y, X)), Y) -> T(X, Y)
(52.285713) 4327. T(rdiv(X, T(Y, X)), Y) -> ldiv(Y, T(X, Y))
(48.428574) 4328. R(rdiv(zero, X), rdiv(zero, rdiv(zero, X)), Y) -> R(rdiv(zero, X), X, Y)
(48.428574) 4329. R(X, rdiv(Y, X), ldiv(Y, Z)) = rdiv(Z, op(ldiv(X, Y), ldiv(Y, Z)))
(46.428574) 4330. R(X, ldiv(X, Y), ldiv(Y, Z)) -> R(X, rdiv(Y, X), ldiv(Y, Z))
(39.14286) 4331. R(X, ldiv(X, Y), Z) -> R(X, rdiv(Y, X), Z)
(39.285713) 4332. R(X, T(Y, X), Z) -> R(X, Y, Z)
(35.285713) 4333. R(x6, x3, X) -> R(x6, T2, X)
(35.285713) 4334. R(x6, T3, X) -> R(x6, R2, X)
(38.0) 4335. R(x6, T2, x3) -> R(x6, T2, T2)
(40.0) 4336. R(x6, R2, T3) -> R(x6, R2, R2)
(45.285713) 4337. R(R2, ldiv(T3, zero), X) -> R(R2, rdiv(zero, T3), X)
(46.571426) 4338. R(T3, T(X, R2), Y) -> R(T3, X, Y)
(46.571426) 4339. R(x3, T(X, T2), Y) -> R(x3, X, Y)
(46.714287) 4340. R(X, rdiv(op(X, Y), X), Z) -> R(X, Y, Z)
(44.571426) 4341. R(R2, ldiv(T3, X), Y) -> R(R2, rdiv(X, T3), Y)
(44.571426) 4342. R(x3, ldiv(T2, X), Y) -> R(x3, rdiv(X, T2), Y)
(44.571426) 4343. R(T(x6, X), x3, Y) -> R(T(x6, X), T2, Y)
(44.571426) 4344. R(T3, ldiv(R2, X), Y) -> R(T3, rdiv(X, R2), Y)
(44.571426) 4345. R(T2, ldiv(x3, X), Y) -> R(T2, rdiv(X, x3), Y)
(44.571426) 4346. R(T(x6, X), T3, Y) -> R(T(x6, X), R2, Y)
(47.285713) 4347. R(x6, T2, ldiv(x3, X)) -> R(x6, T2, rdiv(X, x3))
(47.285713) 4348. R(x3, rdiv(zero, x3), X) -> R(x3, rdiv(zero, T2), X)
(47.285713) 4349. R(T(x6, X), T2, x3) -> R(T(x6, X), T2, T2)
(47.285713) 4350. R(T3, rdiv(zero, T3), X) -> R(T3, rdiv(zero, R2), X)
(48.0) 4351. R(x6, T2, op(x6, x3)) -> R(x6, T2, op(x6, T2))
(48.0) 4352. R(x6, T2, T(T2, x6)) -> R(x6, T2, T2)
(48.0) 4353. R(x6, T2, op(x6, T2)) -> R(x6, T2, op(T2, x6))
(48.0) 4354. R(x6, T2, op(x6, x3)) -> R(x6, T2, op(T2, x6))
(48.0) 4355. R(x6, R2, op(x6, R2)) -> R(x6, R2, op(R2, x6))
(48.428574) 4356. L(X, Y, op(Z, op(W, V))) <-> L(X, Y, op(Z, op(V, W)))
(48.428574) 4357. L(X, Y, rdiv(Z, op(W, V))) <-> L(X, Y, rdiv(Z, op(V, W)))
(48.428574) 4358. L(X, Y, rdiv(op(Z, W), V)) <-> L(X, Y, rdiv(op(W, Z), V))
(45.714287) 4359. L(X, Y, rdiv(T(T3, x6), R2)) -> X
(47.0) 4360. ldiv(T(T3, x6), rdiv(T(T3, x6), R2)) -> ldiv(R2, zero)
(47.857143) 4361. a(rdiv(T(T3, x6), R2), X, Y) -> zero
(48.428574) 4362. L(X, op(Y, ldiv(Z, W)), V) -> L(X, op(Y, rdiv(W, Z)), V)
(48.428574) 4363. R(ldiv(X, Y), X, rdiv(Y, X)) = rdiv(op(Y, T(ldiv(X, Y), X)), Y)
(42.714287) 4364. R(X, Y, rdiv(op(Y, X), Y)) -> R(X, Y, X)
(41.428574) 4365. R(T3, T(x6, X), R2) -> R(T3, x6, R2)
(43.428574) 4366. R(T3, L(x6, X, x6), R2) -> R(T3, x6, R2)
(46.0) 4367. R(x6, T2, rdiv(T2, ldiv(x6, x3))) -> R(x6, T2, x6)
(46.857143) 4368. R(T2, op(X, rdiv(x6, X)), x3) -> R(T2, x6, T2)
(46.857143) 4369. R(T3, op(X, rdiv(x6, X)), R2) -> R(T3, x6, R2)
(47.14286) 4370. R(X, rdiv(Y, X), rdiv(Y, rdiv(Y, X))) -> R(X, rdiv(Y, X), X)
(47.428574) 4371. R(T3, R(x6, X, x6), R2) -> R(T3, x6, R2)
(48.428574) 4372. op(L(T(X, Y), Z, X), X) -> op(X, L(T(X, Y), Z, X))
(52.428574) 4373. rdiv(T(X, Y), K(X, rdiv(zero, X))) -> rdiv(zero, rdiv(zero, T(X, Y)))
(48.428574) 4374. rdiv(X, L(rdiv(zero, Y), Y, X)) -> op(X, rdiv(zero, rdiv(zero, Y)))
(48.428574) 4375. L(X, op(Y, op(Z, W)), X) <-> L(X, op(W, op(Y, Z)), X)
(48.428574) 4376. L(X, op(Y, op(Z, W)), V) = L(X, op(op(W, Z), Y), V)
(48.428574) 4377. op(L(X, X, X), op(X, Y)) -> op(X, op(L(X, X, X), Y))
(48.428574) 4378. op(R(X, X, X), op(X, Y)) -> op(X, op(R(X, X, X), Y))
(48.428574) 4379. op(R(X, Y, X), T(X, Z)) = op(T(X, Z), R(X, Y, X))
(48.428574) 4380. T(op(X, rdiv(Y, X)), op(Y, Y)) -> L(op(X, rdiv(Y, X)), Y, Y)
(50.857143) 4381. T(op(R2, rdiv(zero, T3)), X) -> rdiv(ldiv(ldiv(R2, zero), zero), T3)
(48.428574) 4382. R(X, rdiv(rdiv(Y, Z), X), Z) = rdiv(Y, op(ldiv(X, rdiv(Y, Z)), Z))
(44.714287) 4383. R(X, rdiv(K(Y, Z), X), W) -> R(X, rdiv(zero, X), W)
(47.857143) 4384. R(X, rdiv(rdiv(x3, T2), X), Y) -> R(X, rdiv(zero, X), Y)
(48.428574) 4385. K(X, rdiv(T2, L(x3, x6, T2))) -> zero
(48.428574) 4386. K(rdiv(T2, L(x3, x6, T2)), X) -> zero
(48.428574) 4387. T(op(ldiv(T3, zero), R2), X) -> op(ldiv(T3, zero), R2)
(48.428574) 4388. op(op(ldiv(X, Y), X), ldiv(ldiv(X, Y), Y)) -> op(Y, X)
(51.714287) 4389. ldiv(op(ldiv(X, Y), X), op(Y, X)) -> ldiv(ldiv(X, Y), Y)
  (simplifying queued critical pairs...)
  (simplifying rules with respect to one another...)
  (delete rule 139)
  (delete rule 140)
  (delete rule 141)
  (delete rule 142)
  (delete rule 267)
  (delete rule 268)
  (delete rule 269)
  (delete rule 297)
  (delete rule 298)
  (delete rule 319)
(39.285713) 4390. rdiv(op(X, x6), op(x6, T2)) -> R(rdiv(X, x3), T2, x6)
  (delete rule 460)
(40.57143) 4391. R(X, rdiv(Y, X), Z) = rdiv(op(Y, Z), op(ldiv(X, Y), Z))
  (delete rule 632)
  (delete rule 801)
(49.57143) 4392. rdiv(X, rdiv(Y, T(T(Y, X), X))) -> rdiv(op(T(Y, X), X), Y)
  (delete rule 837)
  (delete rule 911)
  (delete rule 912)
  (delete rule 913)
  (delete rule 936)
(43.285713) 4393. R(X, rdiv(zero, x3), x3) -> R(X, rdiv(zero, T2), T2)
  (delete rule 951)
  (delete rule 954)
(50.85714) 4394. rdiv(X, ldiv(T(ldiv(X, zero), X), zero)) -> op(T(ldiv(X, zero), X), X)
  (delete rule 1373)
  (delete rule 1449)
  (delete rule 1456)
(42.0) 4395. op(op(R2, x6), ldiv(T3, zero)) -> R(x6, R2, rdiv(zero, T3))
  (delete rule 1471)
(43.285713) 4396. ldiv(X, R(X, Y, rdiv(zero, Y))) -> a(X, Y, rdiv(zero, Y))
  (delete rule 1514)
  (delete rule 1527)
  (delete rule 1541)
  (delete rule 1551)
  (delete rule 1566)
  (delete rule 1567)
  (delete rule 1582)
  (delete rule 1584)
  (delete rule 1592)
  (delete rule 1620)
  (delete rule 1622)
  (delete rule 1624)
  (delete rule 1627)
  (delete rule 1647)
  (delete rule 1651)
  (delete rule 1655)
  (delete rule 1657)
  (delete rule 1661)
  (delete rule 1663)
(45.142853) 4397. ldiv(R(X, rdiv(Y, X), Z), op(Y, Z)) -> op(ldiv(X, Y), Z)
  (delete rule 1691)
  (delete rule 1692)
  (delete rule 1714)
  (delete rule 1725)
(45.285713) 4398. rdiv(R(X, Y, rdiv(zero, Y)), X) -> a(X, Y, rdiv(zero, Y))
  (delete rule 1748)
  (delete rule 1749)
  (delete rule 1751)
  (delete rule 1763)
  (delete rule 1769)
  (delete rule 1773)
  (delete rule 1775)
  (delete rule 1777)
  (delete rule 1778)
  (delete rule 1797)
  (delete rule 1798)
  (delete rule 1815)
  (delete rule 1850)
  (delete rule 1861)
  (delete rule 1862)
  (delete rule 1878)
  (delete rule 1880)
(42.14286) 4399. T(X, rdiv(Y, rdiv(Z, W))) <-> T(X, rdiv(W, rdiv(Z, Y)))
  (delete rule 1881)
  (delete rule 1882)
  (delete rule 1883)
  (delete rule 1893)
  (delete rule 1895)
  (delete rule 1939)
  (delete rule 1941)
  (delete rule 1946)
  (delete rule 1952)
  (delete rule 1980)
  (delete rule 2034)
  (delete rule 2063)
  (delete rule 2064)
  (delete rule 2077)
  (delete rule 2091)
  (delete rule 2093)
  (delete rule 2106)
  (delete rule 2126)
  (delete rule 2142)
  (delete rule 2146)
  (delete rule 2149)
  (delete rule 2150)
  (delete rule 2159)
  (delete rule 2164)
  (delete rule 2165)
  (delete rule 2172)
  (delete rule 2229)
  (delete rule 2230)
  (delete rule 2262)
  (delete rule 2306)
  (delete rule 2307)
  (delete rule 2317)
(46.285713) 4400. K(X, op(x4, op(x5, x3))) -> K(X, op(R3, op(x4, x5)))
  (delete rule 2319)
(46.285713) 4401. K(op(x4, op(x5, x3)), X) -> K(op(R3, op(x4, x5)), X)
  (delete rule 2335)
  (delete rule 2343)
(48.85714) 4402. R(X, rdiv(Y, X), rdiv(Z, ldiv(X, Y))) = rdiv(op(Y, ldiv(ldiv(X, Y), Z)), Z)
  (delete rule 2359)
  (delete rule 2360)
  (delete rule 2361)
  (delete rule 2362)
  (delete rule 2365)
  (delete rule 2379)
  (delete rule 2384)
  (delete rule 2387)
  (delete rule 2388)
  (delete rule 2389)
  (delete rule 2390)
  (delete rule 2391)
  (delete rule 2392)
  (delete rule 2394)
  (delete rule 2395)
  (delete rule 2396)
  (delete rule 2400)
  (delete rule 2401)
  (delete rule 2402)
  (delete rule 2403)
  (delete rule 2404)
  (delete rule 2412)
  (delete rule 2416)
  (delete rule 2419)
  (delete rule 2422)
  (delete rule 2423)
  (delete rule 2435)
  (delete rule 2450)
(44.714287) 4403. rdiv(op(X, T(rdiv(Y, X), Y)), X) -> L(rdiv(Y, X), X, rdiv(Y, X))
  (delete rule 2452)
  (delete rule 2457)
  (delete rule 2462)
  (delete rule 2463)
  (delete rule 2476)
  (delete rule 2477)
  (delete rule 2479)
  (delete rule 2481)
  (delete rule 2492)
  (delete rule 2493)
  (delete rule 2509)
  (delete rule 2515)
  (delete rule 2519)
  (delete rule 2523)
  (delete rule 2527)
  (delete rule 2533)
  (delete rule 2535)
  (delete rule 2536)
  (delete rule 2542)
  (delete rule 2544)
  (delete rule 2545)
  (delete rule 2546)
  (delete rule 2549)
  (delete rule 2550)
  (delete rule 2559)
  (delete rule 2560)
  (delete rule 2561)
  (delete rule 2585)
  (delete rule 2588)
  (delete rule 2590)
  (delete rule 2591)
  (delete rule 2593)
  (delete rule 2604)
  (delete rule 2608)
  (delete rule 2609)
  (delete rule 2613)
(44.0) 4404. ldiv(x6, T(op(T3, x6), R2)) -> R(T3, x6, R2)
  (delete rule 2614)
  (delete rule 2615)
  (delete rule 2618)
  (delete rule 2619)
  (delete rule 2620)
  (delete rule 2649)
  (delete rule 2651)
  (delete rule 2654)
  (delete rule 2655)
  (delete rule 2658)
  (delete rule 2678)
  (delete rule 2679)
  (delete rule 2685)
  (delete rule 2686)
  (delete rule 2687)
  (delete rule 2698)
  (delete rule 2701)
  (delete rule 2710)
  (delete rule 2712)
(46.285713) 4405. op(T(R2, X), op(T3, x6)) -> op(R2, op(T(T3, X), x6))
  (delete rule 2715)
  (delete rule 2720)
  (delete rule 2723)
(47.0) 4406. rdiv(op(X, Y), a(Z, rdiv(X, Z), Y)) -> op(Z, op(ldiv(Z, X), Y))
  (delete rule 2724)
  (delete rule 2725)
  (delete rule 2726)
  (delete rule 2727)
  (delete rule 2728)
  (delete rule 2729)
  (delete rule 2730)
  (delete rule 2731)
  (delete rule 2732)
  (delete rule 2733)
  (delete rule 2734)
  (delete rule 2740)
  (delete rule 2741)
  (delete rule 2742)
  (delete rule 2745)
  (delete rule 2760)
  (delete rule 2761)
  (delete rule 2763)
  (delete rule 2767)
  (delete rule 2769)
  (delete rule 2772)
  (delete rule 2777)
(42.714287) 4407. op(X, rdiv(X, R(X, Y, X))) -> L(X, Y, X)
  (delete rule 2779)
  (delete rule 2780)
  (delete rule 2782)
  (delete rule 2783)
  (delete rule 2784)
  (delete rule 2785)
  (delete rule 2786)
  (delete rule 2792)
  (delete rule 2793)
  (delete rule 2796)
  (delete rule 2798)
  (delete rule 2803)
  (delete rule 2814)
(47.14286) 4408. R(X, rdiv(x3, X), x6) = rdiv(op(x6, T2), op(ldiv(X, x3), x6))
  (delete rule 2815)
(47.14286) 4409. R(X, rdiv(x6, X), T3) = rdiv(op(R2, x6), op(ldiv(X, x6), T3))
  (delete rule 2838)
  (delete rule 2843)
  (delete rule 2847)
  (delete rule 2849)
  (delete rule 2850)
(46.57143) 4410. rdiv(R(X, Y, rdiv(X, Y)), X) -> a(X, Y, rdiv(X, Y))
  (delete rule 2854)
  (delete rule 2857)
  (delete rule 2858)
  (delete rule 2860)
  (delete rule 2861)
  (delete rule 2863)
  (delete rule 2872)
(53.285713) 4411. rdiv(x3, rdiv(T2, R(T2, X, T2))) -> R(x3, X, x3)
  (delete rule 2879)
  (delete rule 2880)
  (delete rule 2882)
  (delete rule 2883)
(47.428574) 4412. op(op(ldiv(X, rdiv(Y, Z)), X), Z) = rdiv(Y, K(X, rdiv(Y, op(X, Z))))
  (delete rule 2888)
(47.428574) 4413. op(op(X, rdiv(rdiv(Y, Z), X)), Z) = rdiv(Y, K(rdiv(Y, op(X, Z)), X))
  (delete rule 2899)
(47.428574) 4414. rdiv(X, K(rdiv(Y, rdiv(Z, X)), Z)) = ldiv(Y, op(Z, rdiv(op(Y, X), Z)))
  (delete rule 2902)
(47.428574) 4415. rdiv(X, K(Y, rdiv(Z, rdiv(Y, X)))) = ldiv(Z, op(ldiv(Y, op(Z, X)), Y))
  (delete rule 2903)
  (delete rule 2917)
  (delete rule 2926)
  (delete rule 2927)
  (delete rule 2931)
  (delete rule 2938)
  (delete rule 2939)
  (delete rule 2949)
  (delete rule 2950)
  (delete rule 2951)
  (delete rule 2952)
  (delete rule 2956)
  (delete rule 2957)
  (delete rule 2958)
  (delete rule 2960)
  (delete rule 2961)
  (delete rule 2969)
  (delete rule 2970)
  (delete rule 2973)
  (delete rule 2996)
  (delete rule 3017)
(39.0) 4416. R(T3, rdiv(x6, R2), T3) -> ldiv(ldiv(R2, x6), x6)
  (delete rule 3038)
  (delete rule 3048)
  (delete rule 3054)
  (delete rule 3055)
  (delete rule 3056)
  (delete rule 3057)
  (delete rule 3060)
  (delete rule 3061)
  (delete rule 3063)
  (delete rule 3064)
  (delete rule 3066)
  (delete rule 3070)
  (delete rule 3074)
(46.0) 4417. T(R(x3, T2, T2), x6) -> R(T2, T2, T2)
  (delete rule 3076)
  (delete rule 3080)
  (delete rule 3081)
  (delete rule 3083)
(46.57143) 4418. ldiv(X, R(X, Y, rdiv(X, Y))) -> a(X, Y, rdiv(X, Y))
  (delete rule 3084)
  (delete rule 3087)
  (delete rule 3088)
  (delete rule 3089)
  (delete rule 3090)
  (delete rule 3092)
  (delete rule 3095)
  (delete rule 3097)
  (delete rule 3098)
  (delete rule 3099)
  (delete rule 3112)
(47.714287) 4419. ldiv(R(x6, R2, X), op(op(R2, x6), X)) -> op(T3, X)
  (delete rule 3123)
  (delete rule 3153)
  (delete rule 3154)
(47.714287) 4420. ldiv(R(X, Y, rdiv(zero, Y)), X) -> rdiv(zero, a(X, Y, rdiv(zero, Y)))
  (delete rule 3175)
  (delete rule 3183)
  (delete rule 3203)
  (delete rule 3208)
  (delete rule 3209)
  (delete rule 3210)
  (delete rule 3211)
  (delete rule 3220)
  (delete rule 3221)
(44.14286) 4421. T(X, rdiv(ldiv(Y, Z), W)) -> T(X, rdiv(Z, op(Y, W)))
  (delete rule 3222)
(46.14286) 4422. K(X, rdiv(ldiv(Y, Z), W)) -> K(X, rdiv(Z, op(Y, W)))
  (delete rule 3223)
(46.14286) 4423. K(rdiv(ldiv(X, Y), Z), W) -> K(rdiv(Y, op(X, Z)), W)
  (delete rule 3224)
(46.714287) 4424. T(X, rdiv(Y, op(X, Z))) = ldiv(ldiv(X, ldiv(Z, Y)), ldiv(Z, Y))
  (delete rule 3238)
  (delete rule 3240)
  (delete rule 3241)
  (delete rule 3242)
  (delete rule 3243)
  (delete rule 3247)
(45.142853) 4425. ldiv(L(X, Y, Z), op(Z, op(Y, X))) -> T(op(Z, Y), X)
  (delete rule 3250)
  (delete rule 3251)
  (delete rule 3254)
  (delete rule 3255)
  (delete rule 3256)
  (delete rule 3264)
  (delete rule 3265)
  (delete rule 3266)
  (delete rule 3288)
(47.857143) 4426. R(X, rdiv(rdiv(T3, R2), X), Y) -> R(X, rdiv(zero, X), Y)
  (delete rule 3289)
  (delete rule 3290)
  (delete rule 3291)
  (delete rule 3310)
  (delete rule 3313)
  (delete rule 3315)
  (delete rule 3316)
  (delete rule 3342)
  (delete rule 3344)
  (delete rule 3345)
  (delete rule 3346)
  (delete rule 3351)
  (delete rule 3361)
  (delete rule 3370)
(47.0) 4427. ldiv(R(X, Y, rdiv(X, Y)), X) -> rdiv(zero, a(X, Y, rdiv(X, Y)))
  (delete rule 3376)
(46.571426) 4428. rdiv(zero, L(X, rdiv(zero, X), rdiv(zero, X))) -> R(rdiv(zero, X), rdiv(zero, X), X)
  (delete rule 3377)
(46.0) 4429. rdiv(T(op(T3, x6), R2), T3) -> op(x6, a(R2, x6, R2))
  (delete rule 3378)
(46.0) 4430. rdiv(T(op(x6, T2), T2), x3) -> op(x6, a(T2, x6, T2))
  (delete rule 3379)
  (delete rule 3381)
  (delete rule 3382)
  (delete rule 3392)
  (delete rule 3393)
  (delete rule 3395)
  (delete rule 3398)
  (delete rule 3399)
  (delete rule 3402)
  (delete rule 3414)
  (delete rule 3415)
(48.0) 4431. op(X, R(ldiv(X, zero), Y, ldiv(X, zero))) -> a(rdiv(zero, X), Y, rdiv(zero, X))
  (delete rule 3416)
  (delete rule 3417)
(48.0) 4432. ldiv(x3, R(x3, x6, T2)) -> a(T2, x6, T2)
  (delete rule 3418)
(48.0) 4433. ldiv(T3, R(T3, x6, R2)) -> a(R2, x6, R2)
  (delete rule 3419)
(48.0) 4434. rdiv(R(x3, x6, T2), x3) -> a(T2, x6, T2)
  (delete rule 3420)
(48.0) 4435. rdiv(R(T3, x6, R2), T3) -> a(R2, x6, R2)
  (delete rule 3421)
  (delete rule 3422)
  (delete rule 3424)
  (delete rule 3425)
  (delete rule 3426)
  (delete rule 3427)
  (delete rule 3434)
  (delete rule 3435)
  (delete rule 3438)
  (delete rule 3439)
  (delete rule 3444)
  (delete rule 3445)
  (delete rule 3446)
(42.57143) 4436. op(X, a(X, Y, rdiv(X, Y))) -> R(X, Y, rdiv(X, Y))
  (delete rule 3449)
  (delete rule 3450)
  (delete rule 3451)
  (delete rule 3454)
  (delete rule 3458)
  (delete rule 3459)
(46.0) 4437. op(R(x3, T2, T2), x6) -> op(x6, R(T2, T2, T2))
  (delete rule 3464)
(49.71428) 4438. T(op(X, Y), rdiv(X, rdiv(op(X, Y), op(Y, Z)))) -> T(op(X, Y), Z)
  (delete rule 3465)
  (delete rule 3466)
  (delete rule 3467)
  (delete rule 3468)
  (delete rule 3471)
  (delete rule 3475)
  (delete rule 3478)
  (delete rule 3479)
  (delete rule 3480)
  (delete rule 3483)
  (delete rule 3484)
  (delete rule 3485)
  (delete rule 3486)
  (delete rule 3487)
  (delete rule 3489)
  (delete rule 3490)
  (delete rule 3492)
  (delete rule 3495)
  (delete rule 3496)
  (delete rule 3500)
  (delete rule 3501)
  (delete rule 3502)
  (delete rule 3503)
  (delete rule 3504)
  (delete rule 3505)
  (delete rule 3506)
  (delete rule 3507)
  (delete rule 3508)
  (delete rule 3510)
  (delete rule 3511)
  (delete rule 3512)
(45.14286) 4439. R(X, rdiv(X, Y), rdiv(X, rdiv(X, Y))) -> R(X, rdiv(X, Y), Y)
  (delete rule 3520)
  (delete rule 3521)
  (delete rule 3523)
  (delete rule 3524)
  (delete rule 3526)
  (delete rule 3527)
  (delete rule 3528)
  (delete rule 3529)
  (delete rule 3530)
  (delete rule 3531)
  (delete rule 3532)
  (delete rule 3533)
  (delete rule 3534)
  (delete rule 3535)
  (delete rule 3536)
  (delete rule 3537)
  (delete rule 3546)
  (delete rule 3548)
  (delete rule 3550)
  (delete rule 3553)
  (delete rule 3554)
  (delete rule 3555)
  (delete rule 3556)
  (delete rule 3557)
  (delete rule 3562)
(48.0) 4440. ldiv(R2, T(op(T3, x6), R2)) -> op(x6, a(R2, x6, R2))
  (delete rule 3564)
  (delete rule 3565)
  (delete rule 3566)
  (delete rule 3567)
  (delete rule 3568)
  (delete rule 3569)
  (delete rule 3570)
  (delete rule 3571)
  (delete rule 3572)
  (delete rule 3573)
  (delete rule 3574)
  (delete rule 3575)
  (delete rule 3576)
  (delete rule 3577)
  (delete rule 3578)
  (delete rule 3579)
  (delete rule 3580)
  (delete rule 3581)
  (delete rule 3582)
  (delete rule 3583)
  (delete rule 3584)
  (delete rule 3585)
  (delete rule 3586)
  (delete rule 3587)
  (delete rule 3588)
  (delete rule 3595)
  (delete rule 3596)
  (delete rule 3597)
  (delete rule 3598)
  (delete rule 3599)
  (delete rule 3600)
  (delete rule 3607)
  (delete rule 3608)
  (delete rule 3609)
  (delete rule 3610)
  (delete rule 3611)
  (delete rule 3612)
  (delete rule 3613)
  (delete rule 3614)
  (delete rule 3615)
  (delete rule 3616)
  (delete rule 3618)
  (delete rule 3619)
  (delete rule 3620)
  (delete rule 3621)
  (delete rule 3622)
  (delete rule 3623)
  (delete rule 3630)
  (delete rule 3631)
  (delete rule 3632)
  (delete rule 3633)
  (delete rule 3635)
  (delete rule 3639)
  (delete rule 3642)
  (delete rule 3644)
  (delete rule 3648)
  (delete rule 3649)
  (delete rule 3652)
  (delete rule 3653)
  (delete rule 3659)
  (delete rule 3663)
(80.42856) 4441. rdiv(ldiv(op(X, op(Y, Z)), op(op(X, Y), op(Z, a(W, V, U)))), a(W, V, U)) -> a(X, Y, Z)
  (delete rule 3664)
  (delete rule 3665)
(46.14286) 4442. a(rdiv(X, a(Y, Z, W)), V, U) -> a(X, V, U)
  (delete rule 3666)
  (delete rule 3669)
(53.857143) 4443. a(rdiv(K(X, Y), Z), Z, rdiv(zero, Z)) -> K(rdiv(zero, Z), Z)
  (delete rule 3671)
  (delete rule 3674)
  (delete rule 3677)
  (delete rule 3682)
  (delete rule 3683)
  (delete rule 3689)
  (delete rule 3690)
  (delete rule 3707)
  (delete rule 3714)
  (delete rule 3715)
  (delete rule 3716)
  (delete rule 3734)
  (delete rule 3735)
  (delete rule 3736)
  (delete rule 3737)
  (delete rule 3738)
  (delete rule 3739)
  (delete rule 3760)
  (delete rule 3761)
  (delete rule 3770)
  (delete rule 3789)
  (delete rule 3790)
  (delete rule 3791)
  (delete rule 3802)
  (delete rule 3804)
  (delete rule 3813)
  (delete rule 3822)
(45.714287) 4444. ldiv(op(X, T2), op(x3, X)) -> rdiv(T(x3, X), T2)
  (delete rule 3823)
(48.142857) 4445. ldiv(ldiv(X, op(x6, x3)), op(x6, x3)) = T(X, rdiv(T2, rdiv(X, x6)))
  (delete rule 3824)
(48.142857) 4446. ldiv(ldiv(X, op(T3, x6)), op(T3, x6)) = T(X, rdiv(R2, rdiv(X, x6)))
  (delete rule 3833)
  (delete rule 3834)
  (delete rule 3835)
  (delete rule 3838)
(85.42856) 4447. T(X, rdiv(X, rdiv(rdiv(rdiv(X, rdiv(Y, T(T(Y, Z), Z))), X), W))) -> T(X, op(X, W))
  (delete rule 3851)
(48.14286) 4448. ldiv(T(T(X, Y), Z), X) -> rdiv(X, T(T(X, Y), Z))
  (delete rule 3869)
  (delete rule 3874)
  (delete rule 3875)
  (delete rule 3883)
(70.428566) 4449. T(X, op(Y, rdiv(T(Z, rdiv(Y, op(Z, W))), W))) -> T(X, op(Y, rdiv(Z, W)))
  (delete rule 3903)
  (delete rule 3915)
  (delete rule 3916)
  (delete rule 3918)
  (delete rule 3919)
  (delete rule 3920)
  (delete rule 3921)
  (delete rule 3922)
  (delete rule 3925)
  (delete rule 3926)
  (delete rule 3928)
  (delete rule 3930)
(41.0) 4450. K(op(x4, x5), T2) -> K(op(x4, x5), R3)
  (delete rule 3931)
(41.0) 4451. K(T2, op(x4, x5)) -> K(R3, op(x4, x5))
  (delete rule 3932)
(41.0) 4452. T(op(x5, x4), T2) -> T(op(x5, x4), R3)
  (delete rule 3942)
  (delete rule 3943)
  (delete rule 3955)
  (delete rule 3956)
  (delete rule 3961)
  (delete rule 3967)
(48.0) 4453. L(op(x4, x5), T2, op(x4, x5)) -> L(op(x4, x5), R3, op(x4, x5))
  (delete rule 3981)
(48.14286) 4454. T(X, rdiv(op(Y, Z), W)) -> T(X, rdiv(Y, rdiv(W, Z)))
  (delete rule 3983)
(48.14286) 4455. K(rdiv(op(X, Y), Z), W) -> K(rdiv(X, rdiv(Z, Y)), W)
  (delete rule 3985)
(48.14286) 4456. K(X, rdiv(op(Y, Z), W)) -> K(X, rdiv(Y, rdiv(W, Z)))
  (delete rule 3990)
  (delete rule 3991)
(77.85714) 4457. K(rdiv(X, rdiv(Y, Z)), rdiv(X, rdiv(ldiv(Y, op(X, Z)), Z))) -> K(rdiv(X, rdiv(Y, Z)), Y)
  (delete rule 4011)
(45.285713) 4458. R(x6, T2, rdiv(X, rdiv(T2, x3))) -> R(x6, T2, X)
  (delete rule 4012)
(47.285713) 4459. R(x6, T2, rdiv(X, rdiv(x3, T2))) -> R(x6, T2, X)
  (delete rule 4014)
  (delete rule 4054)
  (delete rule 4075)
(64.28571) 4460. ldiv(T(T3, X), K(R2, rdiv(R2, rdiv(T(T3, X), x6)))) -> ldiv(R2, K(X, R2))
  (delete rule 4110)
(56.285713) 4461. rdiv(X, ldiv(ldiv(X, zero), K(X, rdiv(zero, X)))) -> op(T(ldiv(X, zero), X), X)
  (delete rule 4115)
  (delete rule 4134)
(48.285713) 4462. op(rdiv(T(T2, x6), x3), X) -> rdiv(X, rdiv(x3, T(T2, x6)))
  (delete rule 4139)
  (delete rule 4142)
  (delete rule 4143)
  (delete rule 4150)
  (delete rule 4152)
  (delete rule 4177)
  (delete rule 4179)
  (delete rule 4193)
  (delete rule 4199)
  (delete rule 4216)
  (delete rule 4264)
  (delete rule 4265)
  (delete rule 4266)
  (delete rule 4277)
  (delete rule 4286)
  (delete rule 4330)
  (delete rule 4337)
  (delete rule 4351)
(51.714287) 4463. rdiv(op(X, rdiv(Y, X)), ldiv(X, Y)) -> ldiv(ldiv(X, Y), Y)
(37.0) 4464. R(rdiv(zero, x3), T2, x6) -> rdiv(x6, op(x6, T2))
(46.57143) 4465. T(X, rdiv(Y, op(X, Y))) -> ldiv(ldiv(X, zero), zero)
(40.14286) 4466. R(rdiv(X, Y), rdiv(X, rdiv(X, Y)), Z) = rdiv(op(X, Z), op(Y, Z))
(40.428574) 4467. T(X, R(Y, X, Z)) -> T(X, Y)
(33.0) 4468. T(x4, T2) -> T(x4, R2)
(33.0) 4469. T(x4, T2) -> T(x4, R3)
(35.0) 4470. K(x4, T2) -> K(x4, R2)
(35.0) 4471. K(T2, x4) -> K(R2, x4)
(35.0) 4472. K(x4, R2) -> K(x4, R3)
(35.0) 4473. K(R2, x4) -> K(R3, x4)
(35.0) 4474. T(x4, R2) -> T(x4, R3)
(40.714287) 4475. R(X, rdiv(Y, K(Y, Z)), Z) -> R(X, Y, Z)
(37.14286) 4476. R(X, ldiv(Y, Z), Y) -> R(X, rdiv(Z, Y), Y)
(37.285713) 4477. R(X, T(Y, Z), Z) -> R(X, Y, Z)
(41.0) 4478. R(T2, rdiv(x6, T2), T2) -> ldiv(ldiv(x3, x6), x6)
(41.14286) 4479. R(rdiv(X, Y), rdiv(X, rdiv(X, Y)), Z) -> R(rdiv(X, Y), Y, Z)
(41.285713) 4480. op(R(x6, X, x6), T2) -> op(x3, R(x6, X, x6))
(41.285713) 4481. op(R(R2, X, R2), x6) -> op(x6, R(T3, X, T3))
(41.285713) 4482. T(R(R2, X, R2), x6) -> R(T3, X, T3)
(41.57143) 4483. L(ldiv(X, K(X, Y)), X, Y) -> ldiv(op(T(Y, X), X), Y)
(48.57143) 4484. T(X, rdiv(ldiv(X, Y), Y)) -> ldiv(ldiv(X, zero), zero)
(48.57143) 4485. T(X, rdiv(Y, op(Y, X))) -> ldiv(ldiv(X, zero), zero)
(48.57143) 4486. T(X, rdiv(rdiv(Y, X), Y)) -> ldiv(ldiv(X, zero), zero)
(42.285713) 4487. op(op(X, T(x6, R2)), T3) -> op(op(X, x6), R2)
(39.285713) 4488. R(X, T(x6, R2), T3) -> R(X, x6, R2)
(42.285713) 4489. ldiv(x3, op(X, op(x6, x3))) -> ldiv(T2, op(X, op(x6, T2)))
(42.285713) 4490. ldiv(x3, op(op(x6, x3), X)) -> ldiv(T2, op(op(x6, T2), X))
(42.428574) 4491. T(X, R(Y, Z, W)) -> T(X, Y)
(34.285713) 4492. T(X, x3) -> T(X, R2)
(34.285713) 4493. T(X, T2) -> T(X, R3)
(35.0) 4494. T(x3, R2) -> x3
(35.0) 4495. T(T2, R2) -> T2
(35.0) 4496. K(T2, R2) -> zero
(35.0) 4497. K(R2, T2) -> zero
(35.0) 4498. T(T2, R3) -> T2
(35.0) 4499. T(x3, R3) -> x3
(36.285713) 4500. K(X, T2) -> K(X, R2)
(36.285713) 4501. K(T2, X) -> K(R2, X)
(36.285713) 4502. T(X, R2) -> T(X, R3)
(36.285713) 4503. K(X, R2) -> K(X, R3)
(36.285713) 4504. K(R2, X) -> K(R3, X)
(37.0) 4505. op(x3, T3) -> op(T3, x3)
(37.0) 4506. T(R2, R3) -> R2
(37.0) 4507. T(T3, R3) -> T3
(39.0) 4508. op(x3, R2) -> op(R2, x3)
(39.0) 4509. op(T2, R2) -> op(R2, T2)
(39.0) 4510. op(T2, T3) -> op(T3, T2)
(39.0) 4511. op(T2, R3) -> op(R3, T2)
(39.0) 4512. op(x3, R3) -> op(R3, x3)
(39.0) 4513. rdiv(x3, T2) -> rdiv(R2, T3)
(39.0) 4514. rdiv(T2, x3) -> rdiv(T3, R2)
(39.0) 4515. K(x6, R3) -> rdiv(R2, T3)
(39.0) 4516. K(R3, x6) -> rdiv(T3, R2)
(41.0) 4517. op(R2, R3) -> op(R3, R2)
(41.0) 4518. op(T3, R3) -> op(R3, T3)
(42.428574) 4519. K(R(X, Y, Z), W) -> K(X, W)
(42.428574) 4520. K(X, R(Y, Z, W)) -> K(X, Y)
(42.57143) 4521. T(R(X, rdiv(X, Y), Y), X) -> R(X, rdiv(X, Y), Y)
(38.285713) 4522. T(T(T3, X), R3) -> T(T3, X)
(40.0) 4523. T(R(R2, x6, R2), R3) -> R(R2, x6, R2)
(40.285713) 4524. T(T(x3, X), R3) -> T(x3, X)
(40.285713) 4525. T(T(R2, X), R3) -> T(R2, X)
(40.285713) 4526. T(T(T2, X), R3) -> T(T2, X)
(42.0) 4527. K(op(R3, R2), R3) -> a(R2, R3, R2)
(42.142857) 4528. rdiv(T(X, R3), T3) = rdiv(X, T(T3, X))
(42.285713) 4529. op(T(T3, X), R3) -> op(R3, T(T3, X))
(42.285713) 4530. rdiv(T3, K(X, R3)) -> T(T3, X)
(42.714287) 4531. R(X, Y, rdiv(Z, K(W, V))) -> R(X, Y, Z)
(39.14286) 4532. R(X, Y, op(Z, W)) <-> R(X, Y, op(W, Z))
(39.14286) 4533. R(X, Y, ldiv(Z, W)) -> R(X, Y, rdiv(W, Z))
(34.57143) 4534. R(X, Y, T3) -> R(X, Y, R2)
(38.0) 4535. R(T3, x3, R2) -> R(T3, T2, R2)
(39.285713) 4536. R(X, Y, T(Z, W)) -> R(X, Y, Z)
(34.57143) 4537. R(X, Y, x3) -> R(X, Y, T2)
(38.0) 4538. R(x3, T3, T2) -> R(x3, R2, T2)
(39.285713) 4539. R(X, x3, T2) -> R(X, T2, T2)
(42.571426) 4540. R(X, Y, op(x6, x3)) -> R(X, Y, op(T2, x6))
(42.571426) 4541. R(X, Y, op(T3, x6)) -> R(X, Y, op(R2, x6))
(42.714287) 4542. R(X, rdiv(Y, K(Z, W)), V) -> R(X, Y, V)
(39.14286) 4543. R(X, op(Y, Z), W) <-> R(X, op(Z, Y), W)
(39.14286) 4544. R(X, ldiv(Y, Z), W) -> R(X, rdiv(Z, Y), W)
(34.57143) 4545. R(X, T3, Y) -> R(X, R2, Y)
(39.285713) 4546. R(X, T(Y, Z), W) -> R(X, Y, W)
(34.57143) 4547. R(X, x3, Y) -> R(X, T2, Y)
(42.571426) 4548. R(X, op(x6, x3), Y) -> R(X, op(T2, x6), Y)
(42.571426) 4549. R(X, op(T3, x6), Y) -> R(X, op(R2, x6), Y)
(42.714287) 4550. K(X, R(X, Y, Z)) -> zero
(42.714287) 4551. R(X, Y, R(Z, Z, Z)) -> R(X, Y, Z)
(42.714287) 4552. R(X, R(Y, Y, Y), Z) -> R(X, Y, Z)
(42.285713) 4553. R(T(X, Y), rdiv(Y, T(X, Y)), X) -> ldiv(ldiv(X, Y), Y)
(39.0) 4554. R(T3, rdiv(x6, T3), R2) -> ldiv(ldiv(R2, x6), x6)
(43.0) 4555. ldiv(T(x6, R3), T3) -> ldiv(x6, T(T3, x6))
(43.0) 4556. ldiv(T(x6, R3), T2) -> ldiv(x6, T(T2, x6))
(43.0) 4557. op(x3, ldiv(ldiv(x6, T2), T2)) -> op(x6, op(x6, rdiv(T2, x6)))
(43.0) 4558. op(T2, T(x4, R3)) -> op(x4, T2)
(43.0) 4559. rdiv(T2, K(x4, R3)) -> T(T2, x4)
(43.0) 4560. op(x3, T(x4, R3)) -> op(x4, x3)
(43.0) 4561. rdiv(T3, ldiv(x3, R2)) -> T2
(39.0) 4562. ldiv(x3, R2) -> ldiv(T2, T3)
(39.0) 4563. rdiv(T3, T2) -> rdiv(R2, x3)
(43.0) 4564. ldiv(T(x6, R3), x3) -> ldiv(x6, T2)
(43.0) 4565. rdiv(T3, ldiv(T2, R2)) -> T(T2, x6)
(43.0) 4566. rdiv(R2, ldiv(T2, T3)) -> x3
(43.285713) 4567. op(R(x3, X, T2), x6) -> op(x6, R(T2, X, T2))
(43.285713) 4568. a(rdiv(x3, X), x6, T2) -> a(rdiv(T2, X), x6, T2)
(43.285713) 4569. T(R(x3, X, T2), x6) -> R(T2, X, T2)
(43.714287) 4570. op(R(x6, R2, X), op(T3, X)) -> op(op(R2, x6), X)
(51.857143) 4571. ldiv(op(T2, T(X, R3)), op(X, x3)) -> rdiv(R2, T3)
(40.285713) 4572. rdiv(x3, T(T2, X)) -> rdiv(R2, T(T3, X))
(50.285713) 4573. rdiv(T3, rdiv(R2, K(R3, X))) -> rdiv(T(T2, X), x3)
(42.285713) 4574. rdiv(T(T2, X), x3) -> rdiv(T(T3, X), R2)
(44.0) 4575. R(X, Y, rdiv(zero, a(Z, W, V))) -> X
(44.0) 4576. op(R(R2, x6, R2), R3) -> op(R3, R(R2, x6, R2))
(40.0) 4577. T(R3, op(R3, R2)) -> L(R3, R2, R3)
(38.0) 4578. a(R2, R3, R2) -> a(R3, R2, R3)
(44.0) 4579. K(op(R3, T2), R3) -> a(T2, R3, T2)
(55.714283) 4580. ldiv(ldiv(X, R(T3, Y, R2)), R(T3, Y, R2)) -> ldiv(ldiv(X, R2), R2)
(55.714283) 4581. ldiv(ldiv(X, R(x3, Y, T2)), R(x3, Y, T2)) -> ldiv(ldiv(X, T2), T2)
(44.142857) 4582. rdiv(T(X, R3), x3) = rdiv(X, T(x3, X))
(44.142857) 4583. rdiv(T(X, R3), R2) = rdiv(X, T(R2, X))
(44.142857) 4584. rdiv(T(X, R3), T2) = rdiv(X, T(T2, X))
(44.14286) 4585. T(op(X, Y), rdiv(X, rdiv(op(X, Y), Z))) -> T(op(X, Y), rdiv(Z, Y))
(44.14286) 4586. op(X, rdiv(Y, T(X, Y))) = T(op(X, rdiv(Y, X)), X)
(44.14286) 4587. L(X, rdiv(Y, a(Z, W, V)), U) -> L(X, Y, U)
(44.14286) 4588. op(L(rdiv(X, Y), Y, rdiv(X, Y)), Y) -> op(Y, T(rdiv(X, Y), X))
(42.285713) 4589. rdiv(x3, ldiv(X, T2)) = rdiv(X, rdiv(T3, R2))
(42.285713) 4590. rdiv(T2, ldiv(X, x3)) = rdiv(X, rdiv(R2, T3))
(35.0) 4591. ldiv(T3, T2) -> ldiv(R2, x3)
(43.0) 4592. op(T2, T(x6, R3)) -> op(x6, T2)
(44.0) 4593. op(T3, T(x6, op(R2, x6))) -> op(R2, L(x6, R2, x6))
(51.714287) 4594. ldiv(rdiv(X, Y), op(ldiv(Y, X), Y)) -> rdiv(X, rdiv(X, Y))
(43.0) 4595. rdiv(R2, T(x6, R3)) -> rdiv(T3, x6)
(51.714287) 4596. ldiv(X, op(op(ldiv(Y, X), Y), Y)) -> rdiv(X, rdiv(X, Y))
(51.714287) 4597. rdiv(op(X, op(ldiv(X, Y), X)), Y) -> rdiv(Y, rdiv(Y, X))
(51.714287) 4598. ldiv(rdiv(op(X, rdiv(Y, X)), X), Y) -> rdiv(Y, rdiv(Y, X))
(46.285713) 4599. op(op(T(x6, R3), X), T3) -> op(R2, T(op(x6, X), R3))
(36.285713) 4600. op(T3, T(X, R3)) -> op(X, T3)
(38.285713) 4601. op(R2, T(X, R3)) -> op(X, R2)
(40.285713) 4602. op(rdiv(X, R3), T3) -> op(T3, ldiv(R3, X))
(40.285713) 4603. op(T(R3, X), T3) -> op(T3, T(R3, X))
(40.285713) 4604. rdiv(R2, K(X, R3)) -> T(R2, X)
(42.0) 4605. T(T3, op(R3, R2)) -> L(T3, R3, R2)
(42.285713) 4606. op(rdiv(X, R3), R2) -> op(R2, ldiv(R3, X))
(42.285713) 4607. op(T(R3, X), R2) -> op(R2, T(R3, X))
(43.571426) 4608. L(T(X, R3), R2, X) -> T(X, op(X, R2))
(42.0) 4609. T(x3, op(R2, T2)) -> L(x3, R2, T2)
(43.857143) 4610. rdiv(op(X, T3), T(X, R3)) -> T3
(43.857143) 4611. rdiv(T(T3, X), K(R3, X)) -> T3
(42.285713) 4612. rdiv(K(X, R3), T3) -> rdiv(zero, T(T3, X))
(44.0) 4613. T(R2, op(R3, R2)) -> L(R2, R3, R2)
(44.0) 4614. K(op(R2, T2), R3) -> a(T2, R2, T2)
(44.0) 4615. T(T2, op(R2, T2)) -> L(T2, R2, T2)
(44.285713) 4616. ldiv(op(op(X, T3), x6), T3) -> ldiv(op(op(X, R2), x6), R2)
(44.285713) 4617. ldiv(T3, op(op(X, T3), x6)) -> ldiv(R2, op(op(X, R2), x6))
(52.285717) 4618. rdiv(x3, ldiv(rdiv(rdiv(T3, R2), X), T2)) -> rdiv(zero, X)
(41.0) 4619. rdiv(rdiv(T3, R2), T2) -> rdiv(zero, x3)
(43.0) 4620. ldiv(T2, rdiv(T3, R2)) -> ldiv(x3, zero)
(43.0) 4621. rdiv(rdiv(R2, T3), x3) -> rdiv(zero, T2)
(44.285713) 4622. R(rdiv(rdiv(X, x6), x3), T2, x6) -> rdiv(X, op(x6, T2))
(39.142857) 4623. R(rdiv(x6, X), X, R2) = rdiv(op(R2, x6), op(X, T3))
(42.285713) 4624. ldiv(op(X, T3), op(R2, x6)) -> ldiv(op(X, R2), op(x6, R2))
(41.0) 4625. T(T(x6, R3), R3) -> ldiv(T3, op(x6, R2))
(42.285713) 4626. rdiv(op(x6, R2), op(X, R2)) -> rdiv(op(R2, x6), op(X, T3))
(44.0) 4627. ldiv(op(R2, R2), op(x6, R2)) -> L(ldiv(T3, x6), R2, R2)
(44.285713) 4628. ldiv(x3, op(x6, op(x3, X))) -> ldiv(T2, op(x6, op(T2, X)))
(44.285713) 4629. op(x3, T(X, R3)) -> op(X, x3)
(44.285713) 4630. T(rdiv(X, x3), R3) -> ldiv(x3, X)
(44.285713) 4631. rdiv(x3, K(X, R3)) -> T(x3, X)
(44.285713) 4632. op(T2, T(X, R3)) -> op(X, T2)
(44.285713) 4633. T(rdiv(X, T2), R3) -> ldiv(T2, X)
(44.285713) 4634. rdiv(T2, K(X, R3)) -> T(T2, X)
(44.285713) 4635. op(T(x3, X), R3) -> op(R3, T(x3, X))
(44.285713) 4636. op(T(R2, X), R3) -> op(R3, T(R2, X))
(44.285713) 4637. op(T(T2, X), R3) -> op(R3, T(T2, X))
(44.285713) 4638. rdiv(x3, ldiv(X, T2)) -> rdiv(R2, ldiv(X, T3))
(44.285713) 4639. rdiv(T2, T(x3, X)) -> rdiv(T3, T(R2, X))
(44.285713) 4640. rdiv(T2, ldiv(X, x3)) -> rdiv(T3, ldiv(X, R2))
(44.285713) 4641. op(T(x3, X), T3) -> op(T3, T(x3, X))
(44.285713) 4642. op(T(T2, X), T3) -> op(T3, T(T2, X))
(44.285713) 4643. op(T(x3, X), R2) -> op(R2, T(x3, X))
(44.285713) 4644. op(T(T2, X), R2) -> op(R2, T(T2, X))
(44.285713) 4645. rdiv(K(X, R3), R2) -> rdiv(zero, T(R2, X))
(44.285713) 4646. ldiv(R2, op(X, T(x6, R3))) -> ldiv(T3, op(X, x6))
(37.0) 4647. ldiv(R2, T(x6, R3)) -> ldiv(T3, x6)
(39.0) 4648. ldiv(T3, op(R3, x6)) -> ldiv(R2, op(x6, R3))
(44.285713) 4649. ldiv(op(T3, X), op(R2, x6)) -> ldiv(op(R2, X), op(x6, R2))
(44.285713) 4650. ldiv(op(X, T3), op(T3, x6)) -> ldiv(op(X, R2), op(R2, x6))
(44.285713) 4651. rdiv(op(x6, R2), op(R2, X)) -> rdiv(op(R2, x6), op(T3, X))
(44.285713) 4652. op(T(x6, R3), op(T2, X)) -> op(x6, op(x3, X))
(44.285713) 4653. rdiv(T3, ldiv(op(x3, X), R2)) -> op(T2, X)
(31.0) 4654. op(T3, x3) -> op(R2, T2)
(39.0) 4655. op(x3, T(T3, x6)) -> op(T3, T2)
(39.0) 4656. ldiv(x3, op(R2, T2)) -> T3
(39.0) 4657. rdiv(op(R2, T2), T3) -> x3
(40.285713) 4658. ldiv(op(x3, X), R2) -> ldiv(op(T2, X), T3)
(41.0) 4659. op(x3, op(T3, x6)) -> op(T2, op(R2, x6))
(41.0) 4660. op(x3, op(R2, x6)) -> op(T2, op(x6, R2))
(41.0) 4661. op(T(T3, x6), x3) -> op(T3, T2)
(41.0) 4662. ldiv(x3, op(T3, T2)) -> T(T3, x6)
(42.285713) 4663. op(op(X, T3), x3) -> op(op(X, R2), T2)
(42.285713) 4664. op(T3, op(x3, X)) -> op(R2, op(T2, X))
(42.285713) 4665. op(T(T3, X), x3) -> op(T(R2, X), T2)
(42.285713) 4666. op(T3, T(x3, X)) -> op(R2, T(T2, X))
(42.285713) 4667. op(op(X, x3), T3) -> op(op(X, T2), R2)
(42.285713) 4668. op(x3, op(T3, X)) -> op(T2, op(R2, X))
(42.285713) 4669. op(T3, rdiv(x3, X)) -> op(R2, rdiv(T2, X))
(42.285713) 4670. ldiv(op(X, x3), R2) -> ldiv(op(X, T2), T3)
(42.285713) 4671. ldiv(T(x3, X), R2) -> ldiv(T(T2, X), T3)
(43.0) 4672. op(op(T3, T2), x3) -> op(op(R2, T2), T2)
(43.0) 4673. ldiv(op(T3, T2), T2) -> ldiv(op(R2, T2), x3)
(43.0) 4674. rdiv(x3, op(R2, T2)) -> rdiv(T2, op(T3, T2))
(43.0) 4675. rdiv(T3, op(R2, T2)) -> rdiv(R2, op(R2, x3))
(43.0) 4676. op(T3, op(x6, T2)) -> op(R2, op(T2, x6))
(43.0) 4677. op(op(x6, R2), T2) -> op(op(R2, x6), x3)
(43.0) 4678. op(T(T3, x6), T2) -> op(T2, T(T3, x6))
(43.0) 4679. ldiv(op(x6, T2), R2) -> ldiv(op(T2, x6), T3)
(43.0) 4680. op(op(T3, x6), x3) -> op(op(R2, x6), T2)
(43.0) 4681. ldiv(T(T3, x6), T2) -> ldiv(T3, x3)
(43.0) 4682. op(R2, T(T2, x6)) -> op(T3, T2)
(43.0) 4683. ldiv(T(T2, x6), T3) -> ldiv(T2, R2)
(44.0) 4684. T(T3, op(R2, T2)) -> L(T3, T2, R2)
(42.0) 4685. a(T2, R2, T2) -> a(R2, T2, R2)
(44.285713) 4686. op(T(R2, X), T2) -> op(x3, T(T3, X))
(44.285713) 4687. op(x3, op(X, T3)) -> op(T2, op(X, R2))
(44.285713) 4688. op(op(T3, X), x3) -> op(op(R2, X), T2)
(44.285713) 4689. op(T3, op(X, x3)) -> op(R2, op(X, T2))
(44.285713) 4690. op(op(x3, X), T3) -> op(op(T2, X), R2)
(44.285713) 4691. op(x3, T(T3, X)) -> op(T2, T(R2, X))
(44.285713) 4692. op(rdiv(x3, X), T3) -> op(rdiv(T2, X), R2)
(44.285713) 4693. op(T3, ldiv(X, x3)) -> op(R2, ldiv(X, T2))
(44.428574) 4694. R(X, rdiv(Y, X), rdiv(Z, Y)) = rdiv(Z, op(ldiv(X, Y), ldiv(Y, Z)))
(41.57143) 4695. R(rdiv(X, Y), Y, rdiv(Z, X)) = rdiv(Z, op(Y, ldiv(X, Z)))
(44.571426) 4696. R(X, Y, R(R2, x6, R2)) -> R(X, Y, R2)
(44.571426) 4697. R(X, R(R2, x6, R2), Y) -> R(X, R2, Y)
(44.571426) 4698. op(L(R3, X, Y), T3) -> op(T3, L(R3, X, Y))
(44.57143) 4699. rdiv(op(X, Y), L(Y, X, Z)) -> op(X, a(Z, X, Y))
(44.714287) 4700. op(X, rdiv(rdiv(X, Y), X)) = rdiv(T(X, rdiv(zero, Y)), Y)
(44.714287) 4701. op(ldiv(X, Y), op(ldiv(X, Y), X)) -> op(T(ldiv(X, Y), X), Y)
(44.714287) 4702. ldiv(L(X, Y, X), op(X, X)) -> R(X, Y, X)
(44.714287) 4703. R(X, rdiv(op(Y, Z), Y), Y) -> R(X, Z, Y)
(44.714287) 4704. R(X, Y, op(Z, rdiv(W, Z))) -> R(X, Y, W)
(42.714287) 4705. R(X, Y, L(Z, W, Z)) -> R(X, Y, Z)
(44.714287) 4706. R(X, Y, rdiv(Z, rdiv(Z, W))) -> R(X, Y, W)
(44.714287) 4707. R(X, Y, R(Z, W, Z)) -> R(X, Y, Z)
(44.714287) 4708. R(X, op(Y, rdiv(Z, Y)), W) -> R(X, Z, W)
(42.714287) 4709. R(X, L(Y, Z, Y), W) -> R(X, Y, W)
(44.714287) 4710. R(X, rdiv(Y, rdiv(Y, Z)), W) -> R(X, Z, W)
(44.714287) 4711. R(X, R(Y, Z, Y), W) -> R(X, Y, W)
(45.0) 4712. T(ldiv(T3, op(x6, R2)), R3) -> ldiv(T(T3, x6), op(x6, R2))
(45.0) 4713. ldiv(T(x6, R3), R2) -> ldiv(x6, T3)
(45.0) 4714. ldiv(T(T3, x6), op(x6, R2)) -> ldiv(T3, op(T(x6, R3), R2))
(45.0) 4715. rdiv(T3, ldiv(T(T2, x6), R2)) -> T(T(T2, x6), x6)
(45.0) 4716. ldiv(x3, op(op(x4, x5), R2)) -> ldiv(T2, op(op(x4, x5), R3))
(41.0) 4717. op(op(x4, x5), T3) -> op(op(x4, x5), R3)
(23.0) 4718. T3 -> R3

The conjecture is true! Here is a proof.

Axiom 1 (sos): op(X, zero) = X.
Axiom 2 (sos): op(zero, X) = X.
Axiom 3 (sos): rdiv(op(X, Y), Y) = X.
Axiom 4 (sos): ldiv(X, op(X, Y)) = Y.
Axiom 5 (sos): T(X, Y) = ldiv(Y, op(X, Y)).
Axiom 6 (sos): K(X, K(Y, Z)) = 1.
Axiom 7 (sos): K(K(X, Y), Z) = 1.
Axiom 8 (sos): op(X, ldiv(X, Y)) = Y.
Axiom 9 (sos): op(rdiv(X, Y), Y) = X.
Axiom 10 (sos): K(X, a(Y, Z, W)) = 1.
Axiom 11 (sos): K(a(X, Y, Z), W) = 1.
Axiom 12 (sos): a(X, Y, K(Z, W)) = 1.
Axiom 13 (sos): a(X, K(Y, Z), W) = 1.
Axiom 14 (sos): a(K(X, Y), Z, W) = 1.
Axiom 15 (sos): a(X, Y, a(Z, W, V)) = 1.
Axiom 16 (sos): a(X, a(Y, Z, W), V) = 1.
Axiom 17 (sos): a(a(X, Y, Z), W, V) = 1.
Axiom 18 (sos): op(X, Y) = op(op(Y, X), K(X, Y)).
Axiom 19 (sos): R(X, Y, Z) = rdiv(op(op(X, Y), Z), op(Y, Z)).
Axiom 20 (sos): L(X, Y, Z) = ldiv(op(Z, Y), op(Z, op(Y, X))).
Axiom 21 (sos): op(op(X, Y), Z) = op(op(X, op(Y, Z)), a(X, Y, Z)).

Lemma 22: op(X, K(zero, X)) = X.
Proof:
  op(X, K(zero, X))
= { by axiom 1 (sos) R->L }
  op(op(X, zero), K(zero, X)) (peak)
= { by axiom 18 (sos) R->L }
  op(zero, X)
= { by axiom 2 (sos) }
  X

Lemma 23: ldiv(X, X) = zero.
Proof:
  ldiv(X, X)
= { by axiom 1 (sos) R->L }
  ldiv(X, op(X, zero)) (peak)
= { by axiom 4 (sos) }
  zero

Lemma 24: K(zero, X) = zero.
Proof:
  K(zero, X)
= { by axiom 4 (sos) R->L }
  ldiv(X, op(X, K(zero, X))) (peak)
= { by lemma 22 }
  ldiv(X, X)
= { by lemma 23 }
  zero

Lemma 25: 1 = zero.
Proof:
  1
= { by axiom 6 (sos) R->L }
  K(zero, K(X, Y)) (peak)
= { by lemma 24 }
  zero

Lemma 26: rdiv(X, X) = zero.
Proof:
  rdiv(X, X)
= { by axiom 2 (sos) R->L }
  rdiv(op(zero, X), X) (peak)
= { by axiom 3 (sos) }
  zero

Lemma 27: rdiv(X, zero) = X.
Proof:
  rdiv(X, zero)
= { by axiom 1 (sos) R->L }
  rdiv(op(X, zero), zero) (peak)
= { by axiom 3 (sos) }
  X

Lemma 28: rdiv(op(X, Y), K(X, Y)) = op(Y, X).
Proof:
  rdiv(op(X, Y), K(X, Y))
= { by axiom 18 (sos) }
  rdiv(op(op(Y, X), K(X, Y)), K(X, Y)) (peak)
= { by axiom 3 (sos) }
  op(Y, X)

Lemma 29: op(K(X, Y), Z) = op(Z, K(X, Y)).
Proof:
  op(K(X, Y), Z)
= { by lemma 28 R->L }
  rdiv(op(Z, K(X, Y)), K(Z, K(X, Y))) (peak)
= { by axiom 6 (sos) }
  rdiv(op(Z, K(X, Y)), 1)
= { by lemma 25 }
  rdiv(op(Z, K(X, Y)), zero)
= { by lemma 27 }
  op(Z, K(X, Y))

Lemma 30: op(op(X, K(Y, Z)), W) = op(K(Y, Z), op(X, W)).
Proof:
  op(op(X, K(Y, Z)), W) (peak)
= { by lemma 29 R->L }
  op(op(K(Y, Z), X), W)
= { by axiom 21 (sos) }
  op(op(K(Y, Z), op(X, W)), a(K(Y, Z), X, W)) (peak)
= { by lemma 29 }
  op(op(op(X, W), K(Y, Z)), a(K(Y, Z), X, W)) (peak)
= { by axiom 14 (sos) }
  op(op(op(X, W), K(Y, Z)), 1)
= { by lemma 25 }
  op(op(op(X, W), K(Y, Z)), zero)
= { by axiom 1 (sos) }
  op(op(X, W), K(Y, Z))
= { by lemma 29 R->L }
  op(K(Y, Z), op(X, W))

Lemma 31: op(K(X, Y), op(Z, W)) = op(Z, op(W, K(X, Y))).
Proof:
  op(K(X, Y), op(Z, W))
= { by lemma 30 R->L }
  op(op(Z, K(X, Y)), W)
= { by axiom 21 (sos) }
  op(op(Z, op(K(X, Y), W)), a(Z, K(X, Y), W)) (peak)
= { by lemma 29 }
  op(op(Z, op(W, K(X, Y))), a(Z, K(X, Y), W)) (peak)
= { by axiom 13 (sos) }
  op(op(Z, op(W, K(X, Y))), 1)
= { by lemma 25 }
  op(op(Z, op(W, K(X, Y))), zero)
= { by axiom 1 (sos) }
  op(Z, op(W, K(X, Y)))

Lemma 32: op(K(X, Y), op(Y, X)) = op(X, Y).
Proof:
  op(K(X, Y), op(Y, X))
= { by axiom 18 (sos) }
  op(op(op(Y, X), K(X, Y)), K(K(X, Y), op(Y, X))) (peak)
= { by axiom 18 (sos) R->L }
  op(op(X, Y), K(K(X, Y), op(Y, X)))
= { by axiom 7 (sos) }
  op(op(X, Y), 1)
= { by lemma 25 }
  op(op(X, Y), zero)
= { by axiom 1 (sos) }
  op(X, Y)

Lemma 33: op(X, op(Y, K(Y, X))) = op(Y, X).
Proof:
  op(X, op(Y, K(Y, X)))
= { by lemma 31 R->L }
  op(K(Y, X), op(X, Y)) (peak)
= { by lemma 32 }
  op(Y, X)

Lemma 34: op(X, K(X, Y)) = T(X, Y).
Proof:
  op(X, K(X, Y))
= { by axiom 4 (sos) R->L }
  ldiv(Y, op(Y, op(X, K(X, Y)))) (peak)
= { by lemma 33 }
  ldiv(Y, op(X, Y))
= { by axiom 5 (sos) R->L }
  T(X, Y)

Lemma 35: op(op(X, K(Y, X)), Y) = op(Y, X).
Proof:
  op(op(X, K(Y, X)), Y)
= { by lemma 29 R->L }
  op(op(K(Y, X), X), Y)
= { by axiom 21 (sos) }
  op(op(K(Y, X), op(X, Y)), a(K(Y, X), X, Y)) (peak)
= { by lemma 32 }
  op(op(Y, X), a(K(Y, X), X, Y))
= { by axiom 14 (sos) }
  op(op(Y, X), 1)
= { by lemma 25 }
  op(op(Y, X), zero)
= { by axiom 1 (sos) }
  op(Y, X)

Lemma 36: op(X, K(Y, X)) = rdiv(op(Y, X), Y).
Proof:
  op(X, K(Y, X))
= { by axiom 3 (sos) R->L }
  rdiv(op(op(X, K(Y, X)), Y), Y) (peak)
= { by lemma 35 }
  rdiv(op(Y, X), Y)

Lemma 37: rdiv(op(X, Z), op(Y, Z)) = R(rdiv(X, Y), Y, Z).
Proof:
  rdiv(op(X, Z), op(Y, Z))
= { by axiom 9 (sos) R->L }
  rdiv(op(op(rdiv(X, Y), Y), Z), op(Y, Z)) (peak)
= { by axiom 19 (sos) R->L }
  R(rdiv(X, Y), Y, Z)

Lemma 38: R(rdiv(zero, X), X, Y) = rdiv(Y, op(X, Y)).
Proof:
  R(rdiv(zero, X), X, Y) (peak)
= { by lemma 37 R->L }
  rdiv(op(zero, Y), op(X, Y)) (peak)
= { by axiom 2 (sos) }
  rdiv(Y, op(X, Y))

Lemma 39: ldiv(rdiv(X, Y), X) = Y.
Proof:
  ldiv(rdiv(X, Y), X)
= { by axiom 9 (sos) R->L }
  ldiv(rdiv(X, Y), op(rdiv(X, Y), Y)) (peak)
= { by axiom 4 (sos) }
  Y

Lemma 40: ldiv(R(rdiv(zero, X), X, Y), Y) = op(X, Y).
Proof:
  ldiv(R(rdiv(zero, X), X, Y), Y) (peak)
= { by lemma 38 }
  ldiv(rdiv(Y, op(X, Y)), Y) (peak)
= { by lemma 39 }
  op(X, Y)

Lemma 41: op(X, K(Y, rdiv(X, Y))) = op(Y, rdiv(X, Y)).
Proof:
  op(X, K(Y, rdiv(X, Y)))
= { by axiom 9 (sos) R->L }
  op(op(rdiv(X, Y), Y), K(Y, rdiv(X, Y))) (peak)
= { by axiom 18 (sos) R->L }
  op(Y, rdiv(X, Y))

Lemma 42: op(K(X, Y), rdiv(Z, K(X, Y))) = Z.
Proof:
  op(K(X, Y), rdiv(Z, K(X, Y)))
= { by lemma 41 R->L }
  op(Z, K(K(X, Y), rdiv(Z, K(X, Y)))) (peak)
= { by axiom 7 (sos) }
  op(Z, 1)
= { by lemma 25 }
  op(Z, zero)
= { by axiom 1 (sos) }
  Z

Lemma 43: T(rdiv(X, Y), Y) = ldiv(Y, X).
Proof:
  T(rdiv(X, Y), Y)
= { by axiom 5 (sos) }
  ldiv(Y, op(rdiv(X, Y), Y)) (peak)
= { by axiom 9 (sos) }
  ldiv(Y, X)

Lemma 44: T(X, K(Y, Z)) = X.
Proof:
  T(X, K(Y, Z))
= { by axiom 5 (sos) }
  ldiv(K(Y, Z), op(X, K(Y, Z))) (peak)
= { by lemma 29 R->L }
  ldiv(K(Y, Z), op(K(Y, Z), X)) (peak)
= { by axiom 4 (sos) }
  X

Lemma 45: ldiv(K(X, Y), Z) = rdiv(Z, K(X, Y)).
Proof:
  ldiv(K(X, Y), Z)
= { by lemma 43 R->L }
  T(rdiv(Z, K(X, Y)), K(X, Y)) (peak)
= { by lemma 44 }
  rdiv(Z, K(X, Y))

Lemma 46: rdiv(op(op(X, Y), ldiv(Y, Z)), Z) = R(X, Y, ldiv(Y, Z)).
Proof:
  rdiv(op(op(X, Y), ldiv(Y, Z)), Z)
= { by axiom 8 (sos) R->L }
  rdiv(op(op(X, Y), ldiv(Y, Z)), op(Y, ldiv(Y, Z))) (peak)
= { by axiom 19 (sos) R->L }
  R(X, Y, ldiv(Y, Z))

Lemma 47: op(op(K(X, Y), Z), W) = op(Z, op(W, K(X, Y))).
Proof:
  op(op(K(X, Y), Z), W) (peak)
= { by lemma 29 }
  op(op(Z, K(X, Y)), W) (peak)
= { by lemma 30 }
  op(K(X, Y), op(Z, W))
= { by lemma 31 }
  op(Z, op(W, K(X, Y)))

Lemma 48: R(X, K(Y, Z), rdiv(W, K(Y, Z))) = X.
Proof:
  R(X, K(Y, Z), rdiv(W, K(Y, Z)))
= { by lemma 45 R->L }
  R(X, K(Y, Z), ldiv(K(Y, Z), W))
= { by lemma 46 R->L }
  rdiv(op(op(X, K(Y, Z)), ldiv(K(Y, Z), W)), W) (peak)
= { by lemma 29 R->L }
  rdiv(op(op(K(Y, Z), X), ldiv(K(Y, Z), W)), W) (peak)
= { by lemma 47 }
  rdiv(op(X, op(ldiv(K(Y, Z), W), K(Y, Z))), W)
= { by lemma 45 }
  rdiv(op(X, op(rdiv(W, K(Y, Z)), K(Y, Z))), W)
= { by axiom 9 (sos) }
  rdiv(op(X, W), W)
= { by axiom 3 (sos) }
  X

Lemma 49: rdiv(rdiv(X, K(Y, Z)), X) = rdiv(zero, K(Y, Z)).
Proof:
  rdiv(rdiv(X, K(Y, Z)), X)
= { by lemma 42 R->L }
  rdiv(rdiv(X, K(Y, Z)), op(K(Y, Z), rdiv(X, K(Y, Z)))) (peak)
= { by lemma 38 R->L }
  R(rdiv(zero, K(Y, Z)), K(Y, Z), rdiv(X, K(Y, Z)))
= { by lemma 48 }
  rdiv(zero, K(Y, Z))

Lemma 50: rdiv(op(X, Y), op(Y, X)) = K(X, Y).
Proof:
  rdiv(op(X, Y), op(Y, X))
= { by lemma 32 R->L }
  rdiv(op(K(X, Y), op(Y, X)), op(Y, X)) (peak)
= { by axiom 3 (sos) }
  K(X, Y)

Lemma 51: rdiv(zero, K(X, Y)) = K(Y, X).
Proof:
  rdiv(zero, K(X, Y))
= { by lemma 49 R->L }
  rdiv(rdiv(op(X, Y), K(X, Y)), op(X, Y)) (peak)
= { by lemma 28 }
  rdiv(op(Y, X), op(X, Y))
= { by lemma 50 }
  K(Y, X)

Lemma 52: rdiv(op(X, K(Y, Z)), X) = K(Y, Z).
Proof:
  rdiv(op(X, K(Y, Z)), X) (peak)
= { by lemma 29 R->L }
  rdiv(op(K(Y, Z), X), X) (peak)
= { by axiom 3 (sos) }
  K(Y, Z)

Lemma 53: R(rdiv(X, Y), Y, ldiv(Y, Z)) = rdiv(op(X, ldiv(Y, Z)), Z).
Proof:
  R(rdiv(X, Y), Y, ldiv(Y, Z))
= { by lemma 37 R->L }
  rdiv(op(X, ldiv(Y, Z)), op(Y, ldiv(Y, Z))) (peak)
= { by axiom 8 (sos) }
  rdiv(op(X, ldiv(Y, Z)), Z)

Lemma 54: R(K(X, Y), Z, ldiv(Z, W)) = K(X, Y).
Proof:
  R(K(X, Y), Z, ldiv(Z, W))
= { by lemma 52 R->L }
  R(rdiv(op(Z, K(X, Y)), Z), Z, ldiv(Z, W)) (peak)
= { by lemma 53 }
  rdiv(op(op(Z, K(X, Y)), ldiv(Z, W)), W) (peak)
= { by lemma 30 }
  rdiv(op(K(X, Y), op(Z, ldiv(Z, W))), W)
= { by axiom 8 (sos) }
  rdiv(op(K(X, Y), W), W)
= { by axiom 3 (sos) }
  K(X, Y)

Lemma 55: R(K(X, Y), Z, W) = K(X, Y).
Proof:
  R(K(X, Y), Z, W)
= { by axiom 4 (sos) R->L }
  R(K(X, Y), Z, ldiv(Z, op(Z, W))) (peak)
= { by lemma 54 }
  K(X, Y)

Lemma 56: op(K(X, Y), Z) = rdiv(Z, K(Y, X)).
Proof:
  op(K(X, Y), Z)
= { by lemma 40 R->L }
  ldiv(R(rdiv(zero, K(X, Y)), K(X, Y), Z), Z) (peak)
= { by lemma 51 }
  ldiv(R(K(Y, X), K(X, Y), Z), Z)
= { by lemma 55 }
  ldiv(K(Y, X), Z)
= { by lemma 45 }
  rdiv(Z, K(Y, X))

Lemma 57: op(X, K(Y, Z)) = rdiv(X, K(Z, Y)).
Proof:
  op(X, K(Y, Z))
= { by axiom 18 (sos) }
  op(op(K(Y, Z), X), K(X, K(Y, Z))) (peak)
= { by lemma 56 }
  op(rdiv(X, K(Z, Y)), K(X, K(Y, Z)))
= { by axiom 6 (sos) }
  op(rdiv(X, K(Z, Y)), 1)
= { by lemma 25 }
  op(rdiv(X, K(Z, Y)), zero)
= { by axiom 1 (sos) }
  rdiv(X, K(Z, Y))

Lemma 58: op(X, T(Y, X)) = op(Y, X).
Proof:
  op(X, T(Y, X))
= { by axiom 5 (sos) }
  op(X, ldiv(X, op(Y, X))) (peak)
= { by axiom 8 (sos) }
  op(Y, X)

Lemma 59: op(K(X, Y), X) = T(X, Y).
Proof:
  op(K(X, Y), X)
= { by axiom 18 (sos) }
  op(op(X, K(X, Y)), K(K(X, Y), X)) (peak)
= { by lemma 34 }
  op(T(X, Y), K(K(X, Y), X))
= { by axiom 7 (sos) }
  op(T(X, Y), 1)
= { by lemma 25 }
  op(T(X, Y), zero)
= { by axiom 1 (sos) }
  T(X, Y)

Lemma 60: op(K(X, Y), Y) = rdiv(op(X, Y), X).
Proof:
  op(K(X, Y), Y)
= { by axiom 18 (sos) }
  op(op(Y, K(X, Y)), K(K(X, Y), Y)) (peak)
= { by lemma 36 }
  op(rdiv(op(X, Y), X), K(K(X, Y), Y)) (peak)
= { by axiom 7 (sos) }
  op(rdiv(op(X, Y), X), 1)
= { by lemma 25 }
  op(rdiv(op(X, Y), X), zero)
= { by axiom 1 (sos) }
  rdiv(op(X, Y), X)

Lemma 61: ldiv(X, T(X, Y)) = K(X, Y).
Proof:
  ldiv(X, T(X, Y))
= { by lemma 34 R->L }
  ldiv(X, op(X, K(X, Y))) (peak)
= { by axiom 4 (sos) }
  K(X, Y)

Lemma 62: rdiv(X, ldiv(Y, X)) = Y.
Proof:
  rdiv(X, ldiv(Y, X))
= { by axiom 8 (sos) R->L }
  rdiv(op(Y, ldiv(Y, X)), ldiv(Y, X)) (peak)
= { by axiom 3 (sos) }
  Y

Lemma 63: rdiv(op(X, Y), T(X, Y)) = Y.
Proof:
  rdiv(op(X, Y), T(X, Y))
= { by axiom 5 (sos) }
  rdiv(op(X, Y), ldiv(Y, op(X, Y))) (peak)
= { by lemma 62 }
  Y

Lemma 64: rdiv(T(X, Y), X) = K(X, Y).
Proof:
  rdiv(T(X, Y), X)
= { by lemma 44 R->L }
  rdiv(T(X, Y), T(X, K(X, Y)))
= { by lemma 34 R->L }
  rdiv(op(X, K(X, Y)), T(X, K(X, Y))) (peak)
= { by lemma 63 }
  K(X, Y)

Lemma 65: ldiv(X, T(X, Y)) = rdiv(T(X, Y), X).
Proof:
  ldiv(X, T(X, Y)) (peak)
= { by lemma 61 }
  K(X, Y)
= { by lemma 64 R->L }
  rdiv(T(X, Y), X)

Lemma 66: ldiv(X, rdiv(op(Y, X), Y)) = K(Y, X).
Proof:
  ldiv(X, rdiv(op(Y, X), Y)) (peak)
= { by lemma 36 R->L }
  ldiv(X, op(X, K(Y, X))) (peak)
= { by axiom 4 (sos) }
  K(Y, X)

Lemma 67: K(X, T(Y, X)) = ldiv(T(Y, X), Y).
Proof:
  K(X, T(Y, X))
= { by lemma 66 R->L }
  ldiv(T(Y, X), rdiv(op(X, T(Y, X)), X)) (peak)
= { by lemma 58 }
  ldiv(T(Y, X), rdiv(op(Y, X), X))
= { by axiom 3 (sos) }
  ldiv(T(Y, X), Y)

Lemma 68: ldiv(op(X, Y), op(Y, X)) = K(Y, X).
Proof:
  ldiv(op(X, Y), op(Y, X))
= { by axiom 18 (sos) }
  ldiv(op(X, Y), op(op(X, Y), K(Y, X))) (peak)
= { by axiom 4 (sos) }
  K(Y, X)

Lemma 69: K(X, rdiv(op(X, Y), X)) = L(K(X, Y), Y, X).
Proof:
  K(X, rdiv(op(X, Y), X)) (peak)
= { by lemma 36 R->L }
  K(X, op(Y, K(X, Y)))
= { by lemma 68 R->L }
  ldiv(op(op(Y, K(X, Y)), X), op(X, op(Y, K(X, Y)))) (peak)
= { by lemma 35 }
  ldiv(op(X, Y), op(X, op(Y, K(X, Y))))
= { by axiom 20 (sos) R->L }
  L(K(X, Y), Y, X)

Lemma 70: T(K(X, Y), Z) = K(X, Y).
Proof:
  T(K(X, Y), Z)
= { by axiom 5 (sos) }
  ldiv(Z, op(K(X, Y), Z)) (peak)
= { by lemma 29 }
  ldiv(Z, op(Z, K(X, Y))) (peak)
= { by axiom 4 (sos) }
  K(X, Y)

Lemma 71: L(K(X, Y), Z, W) = K(X, Y).
Proof:
  L(K(X, Y), Z, W)
= { by axiom 20 (sos) }
  ldiv(op(W, Z), op(W, op(Z, K(X, Y)))) (peak)
= { by lemma 31 R->L }
  ldiv(op(W, Z), op(K(X, Y), op(W, Z))) (peak)
= { by axiom 5 (sos) R->L }
  T(K(X, Y), op(W, Z))
= { by lemma 70 }
  K(X, Y)

Lemma 72: K(X, rdiv(op(X, Y), X)) = K(X, Y).
Proof:
  K(X, rdiv(op(X, Y), X)) (peak)
= { by lemma 69 }
  L(K(X, Y), Y, X) (peak)
= { by lemma 71 }
  K(X, Y)

Lemma 73: K(X, T(Y, X)) = K(X, Y).
Proof:
  K(X, T(Y, X))
= { by lemma 72 R->L }
  K(X, rdiv(op(X, T(Y, X)), X)) (peak)
= { by lemma 58 }
  K(X, rdiv(op(Y, X), X))
= { by axiom 3 (sos) }
  K(X, Y)

Lemma 74: ldiv(T(X, Y), X) = K(Y, X).
Proof:
  ldiv(T(X, Y), X) (peak)
= { by lemma 67 R->L }
  K(Y, T(X, Y)) (peak)
= { by lemma 73 }
  K(Y, X)

Lemma 75: T(X, ldiv(X, Y)) = ldiv(ldiv(X, Y), Y).
Proof:
  T(X, ldiv(X, Y))
= { by axiom 5 (sos) }
  ldiv(ldiv(X, Y), op(X, ldiv(X, Y))) (peak)
= { by axiom 8 (sos) }
  ldiv(ldiv(X, Y), Y)

Lemma 76: rdiv(X, T(Y, ldiv(Y, X))) = ldiv(Y, X).
Proof:
  rdiv(X, T(Y, ldiv(Y, X))) (peak)
= { by lemma 75 }
  rdiv(X, ldiv(ldiv(Y, X), X)) (peak)
= { by lemma 62 }
  ldiv(Y, X)

Lemma 77: T(X, ldiv(T(Y, Z), Y)) = X.
Proof:
  T(X, ldiv(T(Y, Z), Y)) (peak)
= { by lemma 67 R->L }
  T(X, K(Z, T(Y, Z))) (peak)
= { by lemma 44 }
  X

Lemma 78: ldiv(T(X, Y), X) = rdiv(X, T(X, Y)).
Proof:
  ldiv(T(X, Y), X)
= { by lemma 76 R->L }
  rdiv(X, T(T(X, Y), ldiv(T(X, Y), X))) (peak)
= { by lemma 77 }
  rdiv(X, T(X, Y))

Lemma 79: rdiv(X, K(Y, X)) = T(X, Y).
Proof:
  rdiv(X, K(Y, X))
= { by lemma 74 R->L }
  rdiv(X, ldiv(T(X, Y), X)) (peak)
= { by lemma 62 }
  T(X, Y)

Lemma 80: L(rdiv(X, T(X, Y)), Z, W) = rdiv(X, T(X, Y)).
Proof:
  L(rdiv(X, T(X, Y)), Z, W)
= { by lemma 78 R->L }
  L(ldiv(T(X, Y), X), Z, W) (peak)
= { by lemma 67 R->L }
  L(K(Y, T(X, Y)), Z, W) (peak)
= { by lemma 71 }
  K(Y, T(X, Y))
= { by lemma 67 }
  ldiv(T(X, Y), X) (peak)
= { by lemma 78 }
  rdiv(X, T(X, Y))

Lemma 81: L(rdiv(X, T(X, Y)), T(X, Y), Y) = K(Y, X).
Proof:
  L(rdiv(X, T(X, Y)), T(X, Y), Y)
= { by lemma 78 R->L }
  L(ldiv(T(X, Y), X), T(X, Y), Y) (peak)
= { by lemma 67 R->L }
  L(K(Y, T(X, Y)), T(X, Y), Y) (peak)
= { by lemma 69 R->L }
  K(Y, rdiv(op(Y, T(X, Y)), Y))
= { by lemma 58 }
  K(Y, rdiv(op(X, Y), Y))
= { by axiom 3 (sos) }
  K(Y, X)

Lemma 82: rdiv(Y, T(Y, X)) = K(X, Y).
Proof:
  rdiv(Y, T(Y, X))
= { by lemma 80 R->L }
  L(rdiv(Y, T(Y, X)), T(Y, X), X) (peak)
= { by lemma 81 }
  K(X, Y)

Lemma 83: K(X, ldiv(X, Y)) = K(X, rdiv(Y, X)).
Proof:
  K(X, ldiv(X, Y))
= { by lemma 72 R->L }
  K(X, rdiv(op(X, ldiv(X, Y)), X)) (peak)
= { by axiom 8 (sos) }
  K(X, rdiv(Y, X))

Lemma 84: rdiv(op(X, T(Y, X)), X) = Y.
Proof:
  rdiv(op(X, T(Y, X)), X) (peak)
= { by lemma 58 }
  rdiv(op(Y, X), X)
= { by axiom 3 (sos) }
  Y

Lemma 85: K(X, T(Y, X)) = rdiv(Y, T(Y, X)).
Proof:
  K(X, T(Y, X))
= { by lemma 66 R->L }
  ldiv(T(Y, X), rdiv(op(X, T(Y, X)), X)) (peak)
= { by lemma 84 }
  ldiv(T(Y, X), Y)
= { by lemma 78 }
  rdiv(Y, T(Y, X))

Lemma 86: op(X, rdiv(Y, T(Y, X))) = T(X, T(Y, X)).
Proof:
  op(X, rdiv(Y, T(Y, X)))
= { by lemma 78 R->L }
  op(X, ldiv(T(Y, X), Y)) (peak)
= { by lemma 67 R->L }
  op(X, K(X, T(Y, X))) (peak)
= { by lemma 34 }
  T(X, T(Y, X))

Lemma 87: op(X, rdiv(Y, T(Y, X))) = T(X, Y).
Proof:
  op(X, rdiv(Y, T(Y, X))) (peak)
= { by lemma 82 }
  op(X, K(X, Y))
= { by lemma 34 }
  T(X, Y)

Lemma 88: T(X, T(Y, X)) = T(X, Y).
Proof:
  T(X, T(Y, X))
= { by lemma 86 R->L }
  op(X, rdiv(Y, T(Y, X))) (peak)
= { by lemma 87 }
  T(X, Y)

Lemma 89: K(T(X, Y), Y) = rdiv(T(X, Y), X).
Proof:
  K(T(X, Y), Y)
= { by lemma 74 R->L }
  ldiv(T(Y, T(X, Y)), Y) (peak)
= { by lemma 88 }
  ldiv(T(Y, X), Y)
= { by lemma 74 }
  K(X, Y)
= { by lemma 64 R->L }
  rdiv(T(X, Y), X) (peak)

Lemma 90: op(K(X, Y), op(Z, Y)) = op(Z, rdiv(op(X, Y), X)).
Proof:
  op(K(X, Y), op(Z, Y)) (peak)
= { by lemma 31 }
  op(Z, op(Y, K(X, Y))) (peak)
= { by lemma 36 }
  op(Z, rdiv(op(X, Y), X)) (peak)

Lemma 91: op(X, rdiv(op(Z, Y), Z)) = rdiv(op(X, Y), K(Y, Z)).
Proof:
  op(X, rdiv(op(Z, Y), Z)) (peak)
= { by lemma 90 R->L }
  op(K(Z, Y), op(X, Y)) (peak)
= { by lemma 29 }
  op(op(X, Y), K(Z, Y)) (peak)
= { by lemma 57 }
  rdiv(op(X, Y), K(Y, Z))

Lemma 92: rdiv(op(X, T(Y, Z)), rdiv(T(Y, Z), Y)) = op(X, Y).
Proof:
  rdiv(op(X, T(Y, Z)), rdiv(T(Y, Z), Y)) (peak)
= { by lemma 89 R->L }
  rdiv(op(X, T(Y, Z)), K(T(Y, Z), Z)) (peak)
= { by lemma 91 R->L }
  op(X, rdiv(op(Z, T(Y, Z)), Z))
= { by lemma 58 }
  op(X, rdiv(op(Y, Z), Z))
= { by axiom 3 (sos) }
  op(X, Y)

Lemma 93: op(rdiv(op(Z, X), Z), Y) = op(X, op(Y, K(Z, X))).
Proof:
  op(rdiv(op(Z, X), Z), Y) (peak)
= { by lemma 36 R->L }
  op(op(X, K(Z, X)), Y) (peak)
= { by lemma 30 }
  op(K(Z, X), op(X, Y))
= { by lemma 31 }
  op(X, op(Y, K(Z, X)))

Lemma 94: op(T(X, Y), op(Z, rdiv(X, T(X, Y)))) = op(X, Z).
Proof:
  op(T(X, Y), op(Z, rdiv(X, T(X, Y))))
= { by lemma 78 R->L }
  op(T(X, Y), op(Z, ldiv(T(X, Y), X))) (peak)
= { by lemma 67 R->L }
  op(T(X, Y), op(Z, K(Y, T(X, Y)))) (peak)
= { by lemma 93 R->L }
  op(rdiv(op(Y, T(X, Y)), Y), Z)
= { by lemma 84 }
  op(X, Z)

Lemma 95: op(X, rdiv(Y, T(Y, Z))) = ldiv(T(Y, Z), op(Y, X)).
Proof:
  op(X, rdiv(Y, T(Y, Z)))
= { by axiom 4 (sos) R->L }
  ldiv(T(Y, Z), op(T(Y, Z), op(X, rdiv(Y, T(Y, Z))))) (peak)
= { by lemma 94 }
  ldiv(T(Y, Z), op(Y, X))

Lemma 96: K(rdiv(X, T(X, Y)), Z) = zero.
Proof:
  K(rdiv(X, T(X, Y)), Z)
= { by lemma 78 R->L }
  K(ldiv(T(X, Y), X), Z) (peak)
= { by lemma 67 R->L }
  K(K(Y, T(X, Y)), Z) (peak)
= { by axiom 7 (sos) }
  1
= { by lemma 25 }
  zero

Lemma 97: op(rdiv(X, T(X, Y)), Z) = ldiv(T(X, Y), op(X, Z)).
Proof:
  op(rdiv(X, T(X, Y)), Z)
= { by axiom 18 (sos) }
  op(op(Z, rdiv(X, T(X, Y))), K(rdiv(X, T(X, Y)), Z)) (peak)
= { by lemma 95 }
  op(ldiv(T(X, Y), op(X, Z)), K(rdiv(X, T(X, Y)), Z))
= { by lemma 96 }
  op(ldiv(T(X, Y), op(X, Z)), zero)
= { by axiom 1 (sos) }
  ldiv(T(X, Y), op(X, Z))

Lemma 98: op(op(X, Y), L(Z, Y, X)) = op(X, op(Y, Z)).
Proof:
  op(op(X, Y), L(Z, Y, X))
= { by axiom 20 (sos) }
  op(op(X, Y), ldiv(op(X, Y), op(X, op(Y, Z)))) (peak)
= { by axiom 8 (sos) }
  op(X, op(Y, Z))

Lemma 99: op(X, L(Y, ldiv(Z, X), Z)) = op(Z, op(ldiv(Z, X), Y)).
Proof:
  op(X, L(Y, ldiv(Z, X), Z))
= { by axiom 8 (sos) R->L }
  op(op(Z, ldiv(Z, X)), L(Y, ldiv(Z, X), Z)) (peak)
= { by lemma 98 }
  op(Z, op(ldiv(Z, X), Y))

Lemma 100: op(X, op(ldiv(X, zero), Y)) = L(Y, ldiv(X, zero), X).
Proof:
  op(X, op(ldiv(X, zero), Y))
= { by lemma 99 R->L }
  op(zero, L(Y, ldiv(X, zero), X)) (peak)
= { by axiom 2 (sos) }
  L(Y, ldiv(X, zero), X)

Lemma 101: op(X, ldiv(T(X, Y), zero)) = rdiv(X, T(X, Y)).
Proof:
  op(X, ldiv(T(X, Y), zero))
= { by lemma 94 R->L }
  op(T(X, Y), op(ldiv(T(X, Y), zero), rdiv(X, T(X, Y)))) (peak)
= { by lemma 100 }
  L(rdiv(X, T(X, Y)), ldiv(T(X, Y), zero), T(X, Y))
= { by lemma 80 }
  rdiv(X, T(X, Y))

Lemma 102: R(rdiv(X, Y), Y, ldiv(X, Z)) = rdiv(Z, op(Y, ldiv(X, Z))).
Proof:
  R(rdiv(X, Y), Y, ldiv(X, Z)) (peak)
= { by lemma 37 R->L }
  rdiv(op(X, ldiv(X, Z)), op(Y, ldiv(X, Z))) (peak)
= { by axiom 8 (sos) }
  rdiv(Z, op(Y, ldiv(X, Z)))

Lemma 103: ldiv(op(ldiv(X, Y), X), Y) = K(X, ldiv(X, Y)).
Proof:
  ldiv(op(ldiv(X, Y), X), Y)
= { by axiom 8 (sos) R->L }
  ldiv(op(ldiv(X, Y), X), op(X, ldiv(X, Y))) (peak)
= { by lemma 68 }
  K(X, ldiv(X, Y))

Lemma 104: ldiv(X, op(Y, T(X, Y))) = Y.
Proof:
  ldiv(X, op(Y, T(X, Y))) (peak)
= { by lemma 58 }
  ldiv(X, op(X, Y))
= { by axiom 4 (sos) }
  Y

Lemma 105: ldiv(op(Z, X), op(Z, Y)) = L(ldiv(X, Y), X, Z).
Proof:
  ldiv(op(Z, X), op(Z, Y))
= { by axiom 8 (sos) R->L }
  ldiv(op(Z, X), op(Z, op(X, ldiv(X, Y)))) (peak)
= { by axiom 20 (sos) R->L }
  L(ldiv(X, Y), X, Z)

Lemma 106: L(ldiv(X, T(X, Y)), X, Y) = K(X, Y).
Proof:
  L(ldiv(X, T(X, Y)), X, Y) (peak)
= { by lemma 105 R->L }
  ldiv(op(Y, X), op(Y, T(X, Y))) (peak)
= { by lemma 58 }
  ldiv(op(Y, X), op(X, Y))
= { by lemma 68 }
  K(X, Y)

Lemma 107: K(X, rdiv(op(Y, T(X, Y)), X)) = rdiv(T(X, Y), X).
Proof:
  K(X, rdiv(op(Y, T(X, Y)), X))
= { by lemma 83 R->L }
  K(X, ldiv(X, op(Y, T(X, Y))))
= { by lemma 103 R->L }
  ldiv(op(ldiv(X, op(Y, T(X, Y))), X), op(Y, T(X, Y))) (peak)
= { by lemma 104 }
  ldiv(op(Y, X), op(Y, T(X, Y)))
= { by lemma 105 }
  L(ldiv(X, T(X, Y)), X, Y)
= { by lemma 106 }
  K(X, Y)
= { by lemma 64 R->L }
  rdiv(T(X, Y), X)

Lemma 108: R(rdiv(T(X, Y), X), Z, W) = rdiv(T(X, Y), X).
Proof:
  R(rdiv(T(X, Y), X), Z, W)
= { by lemma 107 R->L }
  R(K(X, rdiv(op(Y, T(X, Y)), X)), Z, W) (peak)
= { by lemma 55 }
  K(X, rdiv(op(Y, T(X, Y)), X))
= { by lemma 107 }
  rdiv(T(X, Y), X)

Lemma 109: rdiv(zero, rdiv(X, T(X, Y))) = rdiv(T(X, Y), X).
Proof:
  rdiv(zero, rdiv(X, T(X, Y)))
= { by lemma 101 R->L }
  rdiv(zero, op(X, ldiv(T(X, Y), zero)))
= { by lemma 102 R->L }
  R(rdiv(T(X, Y), X), X, ldiv(T(X, Y), zero)) (peak)
= { by lemma 108 }
  rdiv(T(X, Y), X)

Lemma 110: ldiv(rdiv(T(X, Y), X), Z) = rdiv(Z, rdiv(T(X, Y), X)).
Proof:
  ldiv(rdiv(T(X, Y), X), Z)
= { by lemma 107 R->L }
  ldiv(K(X, rdiv(op(Y, T(X, Y)), X)), Z) (peak)
= { by lemma 45 }
  rdiv(Z, K(X, rdiv(op(Y, T(X, Y)), X)))
= { by lemma 107 }
  rdiv(Z, rdiv(T(X, Y), X))

Lemma 111: ldiv(T(X, Y), op(X, Z)) = rdiv(Z, rdiv(T(X, Y), X)).
Proof:
  ldiv(T(X, Y), op(X, Z))
= { by lemma 97 R->L }
  op(rdiv(X, T(X, Y)), Z)
= { by lemma 40 R->L }
  ldiv(R(rdiv(zero, rdiv(X, T(X, Y))), rdiv(X, T(X, Y)), Z), Z) (peak)
= { by lemma 109 }
  ldiv(R(rdiv(T(X, Y), X), rdiv(X, T(X, Y)), Z), Z)
= { by lemma 108 }
  ldiv(rdiv(T(X, Y), X), Z)
= { by lemma 110 }
  rdiv(Z, rdiv(T(X, Y), X))

Lemma 112: a(X, Y, rdiv(Z, T(Z, W))) = zero.
Proof:
  a(X, Y, rdiv(Z, T(Z, W)))
= { by lemma 78 R->L }
  a(X, Y, ldiv(T(Z, W), Z)) (peak)
= { by lemma 67 R->L }
  a(X, Y, K(W, T(Z, W))) (peak)
= { by axiom 12 (sos) }
  1
= { by lemma 25 }
  zero

Lemma 113: rdiv(op(T(X, Y), Z), rdiv(T(X, Y), X)) = op(X, Z).
Proof:
  rdiv(op(T(X, Y), Z), rdiv(T(X, Y), X))
= { by lemma 111 R->L }
  ldiv(T(X, Y), op(X, op(T(X, Y), Z)))
= { by lemma 95 R->L }
  op(op(T(X, Y), Z), rdiv(X, T(X, Y)))
= { by axiom 21 (sos) }
  op(op(T(X, Y), op(Z, rdiv(X, T(X, Y)))), a(T(X, Y), Z, rdiv(X, T(X, Y)))) (peak)
= { by lemma 94 }
  op(op(X, Z), a(T(X, Y), Z, rdiv(X, T(X, Y))))
= { by lemma 112 }
  op(op(X, Z), zero)
= { by axiom 1 (sos) }
  op(X, Z)

Lemma 114: rdiv(op(X, Y), K(X, T(Y, Z))) = op(Y, X).
Proof:
  rdiv(op(X, Y), K(X, T(Y, Z)))
= { by lemma 56 R->L }
  op(K(T(Y, Z), X), op(X, Y))
= { by lemma 30 R->L }
  op(op(X, K(T(Y, Z), X)), Y)
= { by lemma 92 R->L }
  rdiv(op(op(X, K(T(Y, Z), X)), T(Y, Z)), rdiv(T(Y, Z), Y)) (peak)
= { by lemma 35 }
  rdiv(op(T(Y, Z), X), rdiv(T(Y, Z), Y))
= { by lemma 113 }
  op(Y, X)

Lemma 115: K(X, T(Y, Z)) = K(X, Y).
Proof:
  K(X, T(Y, Z))
= { by lemma 39 R->L }
  ldiv(rdiv(op(X, Y), K(X, T(Y, Z))), op(X, Y)) (peak)
= { by lemma 114 }
  ldiv(op(Y, X), op(X, Y))
= { by lemma 68 }
  K(X, Y)

Lemma 116: op(op(X, Y), K(Z, W)) = op(X, op(Y, K(Z, W))).
Proof:
  op(op(X, Y), K(Z, W)) (peak)
= { by lemma 29 R->L }
  op(K(Z, W), op(X, Y)) (peak)
= { by lemma 31 }
  op(X, op(Y, K(Z, W))) (peak)

Lemma 117: op(X, rdiv(Y, K(Y, X))) = op(T(X, Y), Y).
Proof:
  op(X, rdiv(Y, K(Y, X)))
= { by lemma 73 R->L }
  op(X, rdiv(Y, K(Y, T(X, Y))))
= { by lemma 57 R->L }
  op(X, op(Y, K(T(X, Y), Y)))
= { by lemma 116 R->L }
  op(op(X, Y), K(T(X, Y), Y))
= { by lemma 58 R->L }
  op(op(Y, T(X, Y)), K(T(X, Y), Y)) (peak)
= { by axiom 18 (sos) R->L }
  op(T(X, Y), Y)

Lemma 118: K(X, rdiv(Y, K(Y, X))) = K(X, Y).
Proof:
  K(X, rdiv(Y, K(Y, X)))
= { by lemma 56 R->L }
  K(X, op(K(X, Y), Y)) (peak)
= { by lemma 60 }
  K(X, rdiv(op(X, Y), X)) (peak)
= { by lemma 69 }
  L(K(X, Y), Y, X) (peak)
= { by lemma 71 }
  K(X, Y)

Lemma 119: ldiv(T(X, Y), op(X, Y)) = T(Y, T(X, Y)).
Proof:
  ldiv(T(X, Y), op(X, Y))
= { by lemma 58 R->L }
  ldiv(T(X, Y), op(Y, T(X, Y))) (peak)
= { by axiom 5 (sos) R->L }
  T(Y, T(X, Y))

Lemma 120: ldiv(ldiv(ldiv(X, Y), Y), Y) = T(ldiv(X, Y), X).
Proof:
  ldiv(ldiv(ldiv(X, Y), Y), Y)
= { by axiom 8 (sos) R->L }
  ldiv(ldiv(ldiv(X, Y), Y), op(X, ldiv(X, Y))) (peak)
= { by lemma 75 R->L }
  ldiv(T(X, ldiv(X, Y)), op(X, ldiv(X, Y))) (peak)
= { by lemma 119 }
  T(ldiv(X, Y), T(X, ldiv(X, Y)))
= { by lemma 88 }
  T(ldiv(X, Y), X)

Lemma 121: rdiv(X, T(ldiv(Y, X), Y)) = ldiv(ldiv(Y, X), X).
Proof:
  rdiv(X, T(ldiv(Y, X), Y)) (peak)
= { by lemma 120 R->L }
  rdiv(X, ldiv(ldiv(ldiv(Y, X), X), X)) (peak)
= { by lemma 62 }
  ldiv(ldiv(Y, X), X)

Lemma 122: rdiv(op(X, Y), T(Y, X)) = T(X, Y).
Proof:
  rdiv(op(X, Y), T(Y, X))
= { by axiom 4 (sos) R->L }
  rdiv(op(X, Y), T(ldiv(X, op(X, Y)), X)) (peak)
= { by lemma 121 }
  ldiv(ldiv(X, op(X, Y)), op(X, Y))
= { by axiom 4 (sos) }
  ldiv(Y, op(X, Y))
= { by axiom 5 (sos) R->L }
  T(X, Y)

Lemma 123: op(T(X, Y), T(Y, X)) = op(X, Y).
Proof:
  op(T(X, Y), T(Y, X))
= { by lemma 122 R->L }
  op(rdiv(op(X, Y), T(Y, X)), T(Y, X)) (peak)
= { by axiom 9 (sos) }
  op(X, Y)

Lemma 124: op(rdiv(X, K(X, Y)), Y) = op(Y, X).
Proof:
  op(rdiv(X, K(X, Y)), Y)
= { by axiom 18 (sos) }
  op(op(Y, rdiv(X, K(X, Y))), K(rdiv(X, K(X, Y)), Y)) (peak)
= { by lemma 117 }
  op(op(T(Y, X), X), K(rdiv(X, K(X, Y)), Y))
= { by lemma 116 }
  op(T(Y, X), op(X, K(rdiv(X, K(X, Y)), Y)))
= { by lemma 57 }
  op(T(Y, X), rdiv(X, K(Y, rdiv(X, K(X, Y)))))
= { by lemma 118 }
  op(T(Y, X), rdiv(X, K(Y, X)))
= { by lemma 79 }
  op(T(Y, X), T(X, Y))
= { by lemma 123 }
  op(Y, X)

Lemma 125: op(X, rdiv(Y, K(Z, W))) = rdiv(op(X, Y), K(Z, W)).
Proof:
  op(X, rdiv(Y, K(Z, W)))
= { by lemma 57 R->L }
  op(X, op(Y, K(W, Z)))
= { by lemma 47 R->L }
  op(op(K(W, Z), X), Y)
= { by lemma 124 R->L }
  op(op(rdiv(X, K(X, K(W, Z))), K(W, Z)), Y) (peak)
= { by lemma 30 }
  op(K(W, Z), op(rdiv(X, K(X, K(W, Z))), Y))
= { by lemma 56 }
  rdiv(op(rdiv(X, K(X, K(W, Z))), Y), K(Z, W))
= { by axiom 6 (sos) }
  rdiv(op(rdiv(X, 1), Y), K(Z, W))
= { by lemma 25 }
  rdiv(op(rdiv(X, zero), Y), K(Z, W))
= { by lemma 27 }
  rdiv(op(X, Y), K(Z, W))

Lemma 126: rdiv(op(op(X, Y), Z), a(X, Y, Z)) = op(X, op(Y, Z)).
Proof:
  rdiv(op(op(X, Y), Z), a(X, Y, Z))
= { by axiom 21 (sos) }
  rdiv(op(op(X, op(Y, Z)), a(X, Y, Z)), a(X, Y, Z)) (peak)
= { by axiom 3 (sos) }
  op(X, op(Y, Z))

Lemma 127: rdiv(op(op(X, Y), Z), K(X, Y)) = op(op(Y, X), Z).
Proof:
  rdiv(op(op(X, Y), Z), K(X, Y))
= { by lemma 125 R->L }
  op(op(X, Y), rdiv(Z, K(X, Y)))
= { by lemma 56 R->L }
  op(op(X, Y), op(K(Y, X), Z))
= { by lemma 126 R->L }
  rdiv(op(op(op(X, Y), K(Y, X)), Z), a(op(X, Y), K(Y, X), Z)) (peak)
= { by axiom 18 (sos) R->L }
  rdiv(op(op(Y, X), Z), a(op(X, Y), K(Y, X), Z))
= { by axiom 13 (sos) }
  rdiv(op(op(Y, X), Z), 1)
= { by lemma 25 }
  rdiv(op(op(Y, X), Z), zero)
= { by lemma 27 }
  op(op(Y, X), Z)

Lemma 128: rdiv(op(X, op(Y, Z)), K(Y, Z)) = op(X, op(Z, Y)).
Proof:
  rdiv(op(X, op(Y, Z)), K(Y, Z))
= { by lemma 56 R->L }
  op(K(Z, Y), op(X, op(Y, Z)))
= { by lemma 30 R->L }
  op(op(X, K(Z, Y)), op(Y, Z))
= { by axiom 21 (sos) }
  op(op(X, op(K(Z, Y), op(Y, Z))), a(X, K(Z, Y), op(Y, Z))) (peak)
= { by lemma 32 }
  op(op(X, op(Z, Y)), a(X, K(Z, Y), op(Y, Z)))
= { by axiom 13 (sos) }
  op(op(X, op(Z, Y)), 1)
= { by lemma 25 }
  op(op(X, op(Z, Y)), zero)
= { by axiom 1 (sos) }
  op(X, op(Z, Y))

Lemma 129: op(op(X, Y), T(Z, op(Y, X))) = op(Z, op(X, Y)).
Proof:
  op(op(X, Y), T(Z, op(Y, X)))
= { by lemma 127 R->L }
  rdiv(op(op(Y, X), T(Z, op(Y, X))), K(Y, X)) (peak)
= { by lemma 58 }
  rdiv(op(Z, op(Y, X)), K(Y, X))
= { by lemma 128 }
  op(Z, op(X, Y))

Lemma 130: T(X, op(Y, Z)) = T(X, op(Z, Y)).
Proof:
  T(X, op(Y, Z))
= { by axiom 4 (sos) R->L }
  ldiv(op(Z, Y), op(op(Z, Y), T(X, op(Y, Z)))) (peak)
= { by lemma 129 }
  ldiv(op(Z, Y), op(X, op(Z, Y)))
= { by axiom 5 (sos) R->L }
  T(X, op(Z, Y))

Lemma 131: ldiv(op(X, Y), op(X, op(Z, Y))) = L(T(Z, Y), Y, X).
Proof:
  ldiv(op(X, Y), op(X, op(Z, Y))) (peak)
= { by lemma 105 }
  L(ldiv(Y, op(Z, Y)), Y, X) (peak)
= { by axiom 5 (sos) R->L }
  L(T(Z, Y), Y, X)

Lemma 132: L(T(X, Y), Y, K(Z, W)) = T(X, rdiv(Y, K(W, Z))).
Proof:
  L(T(X, Y), Y, K(Z, W))
= { by lemma 131 R->L }
  ldiv(op(K(Z, W), Y), op(K(Z, W), op(X, Y))) (peak)
= { by lemma 29 }
  ldiv(op(K(Z, W), Y), op(op(X, Y), K(Z, W))) (peak)
= { by lemma 56 }
  ldiv(rdiv(Y, K(W, Z)), op(op(X, Y), K(Z, W)))
= { by lemma 116 }
  ldiv(rdiv(Y, K(W, Z)), op(X, op(Y, K(Z, W))))
= { by lemma 57 }
  ldiv(rdiv(Y, K(W, Z)), op(X, rdiv(Y, K(W, Z))))
= { by axiom 5 (sos) R->L }
  T(X, rdiv(Y, K(W, Z)))

Lemma 133: R(X, K(Y, Z), W) = X.
Proof:
  R(X, K(Y, Z), W)
= { by axiom 3 (sos) R->L }
  R(X, K(Y, Z), rdiv(op(W, K(Y, Z)), K(Y, Z))) (peak)
= { by lemma 48 }
  X

Lemma 134: ldiv(R(X, Y, Z), op(op(X, Y), Z)) = op(Y, Z).
Proof:
  ldiv(R(X, Y, Z), op(op(X, Y), Z))
= { by axiom 19 (sos) }
  ldiv(rdiv(op(op(X, Y), Z), op(Y, Z)), op(op(X, Y), Z)) (peak)
= { by lemma 39 }
  op(Y, Z)

Lemma 135: ldiv(op(X, Y), op(op(Y, X), Z)) = rdiv(Z, K(X, Y)).
Proof:
  ldiv(op(X, Y), op(op(Y, X), Z))
= { by lemma 133 R->L }
  ldiv(R(op(X, Y), K(Y, X), Z), op(op(Y, X), Z))
= { by axiom 18 (sos) }
  ldiv(R(op(X, Y), K(Y, X), Z), op(op(op(X, Y), K(Y, X)), Z)) (peak)
= { by lemma 134 }
  op(K(Y, X), Z)
= { by lemma 56 }
  rdiv(Z, K(X, Y))

Lemma 136: L(X, Y, K(Z, W)) = X.
Proof:
  L(X, Y, K(Z, W))
= { by axiom 20 (sos) }
  ldiv(op(K(Z, W), Y), op(K(Z, W), op(Y, X)))
= { by lemma 30 R->L }
  ldiv(op(K(Z, W), Y), op(op(Y, K(Z, W)), X)) (peak)
= { by lemma 135 }
  rdiv(X, K(K(Z, W), Y))
= { by axiom 7 (sos) }
  rdiv(X, 1)
= { by lemma 25 }
  rdiv(X, zero)
= { by lemma 27 }
  X

Lemma 137: T(X, rdiv(Y, K(Z, W))) = T(X, Y).
Proof:
  T(X, rdiv(Y, K(Z, W)))
= { by lemma 132 R->L }
  L(T(X, Y), Y, K(W, Z)) (peak)
= { by lemma 136 }
  T(X, Y)

Lemma 138: rdiv(T(X, Y), K(X, Y)) = X.
Proof:
  rdiv(T(X, Y), K(X, Y))
= { by lemma 34 R->L }
  rdiv(op(X, K(X, Y)), K(X, Y)) (peak)
= { by axiom 3 (sos) }
  X

Lemma 139: T(X, T(Y, Z)) = T(X, Y).
Proof:
  T(X, T(Y, Z))
= { by lemma 137 R->L }
  T(X, rdiv(T(Y, Z), K(Y, Z))) (peak)
= { by lemma 138 }
  T(X, Y)

Lemma 140: T(X, ldiv(Y, Z)) = T(X, rdiv(Z, Y)).
Proof:
  T(X, ldiv(Y, Z))
= { by lemma 43 R->L }
  T(X, T(rdiv(Z, Y), Y)) (peak)
= { by lemma 139 }
  T(X, rdiv(Z, Y))

Lemma 141: op(a(X, Y, Z), W) = op(W, a(X, Y, Z)).
Proof:
  op(a(X, Y, Z), W)
= { by lemma 28 R->L }
  rdiv(op(W, a(X, Y, Z)), K(W, a(X, Y, Z))) (peak)
= { by axiom 10 (sos) }
  rdiv(op(W, a(X, Y, Z)), 1)
= { by lemma 25 }
  rdiv(op(W, a(X, Y, Z)), zero)
= { by lemma 27 }
  op(W, a(X, Y, Z))

Lemma 142: op(a(X, Y, Z), rdiv(W, a(X, Y, Z))) = W.
Proof:
  op(a(X, Y, Z), rdiv(W, a(X, Y, Z)))
= { by lemma 41 R->L }
  op(W, K(a(X, Y, Z), rdiv(W, a(X, Y, Z)))) (peak)
= { by axiom 11 (sos) }
  op(W, 1)
= { by lemma 25 }
  op(W, zero)
= { by axiom 1 (sos) }
  W

Lemma 143: ldiv(a(X, Y, Z), W) = rdiv(W, a(X, Y, Z)).
Proof:
  ldiv(a(X, Y, Z), W)
= { by lemma 142 R->L }
  ldiv(a(X, Y, Z), op(a(X, Y, Z), rdiv(W, a(X, Y, Z)))) (peak)
= { by axiom 4 (sos) }
  rdiv(W, a(X, Y, Z))

Lemma 144: op(op(X, Y), a(Z, W, V)) = op(X, op(Y, a(Z, W, V))).
Proof:
  op(op(X, Y), a(Z, W, V))
= { by axiom 21 (sos) }
  op(op(X, op(Y, a(Z, W, V))), a(X, Y, a(Z, W, V))) (peak)
= { by lemma 141 R->L }
  op(op(X, op(a(Z, W, V), Y)), a(X, Y, a(Z, W, V))) (peak)
= { by axiom 15 (sos) }
  op(op(X, op(a(Z, W, V), Y)), 1)
= { by lemma 25 }
  op(op(X, op(a(Z, W, V), Y)), zero)
= { by axiom 1 (sos) }
  op(X, op(a(Z, W, V), Y))
= { by lemma 141 }
  op(X, op(Y, a(Z, W, V)))

Lemma 145: op(X, op(Y, op(Z, a(X, Y, Z)))) = op(op(X, Y), Z).
Proof:
  op(X, op(Y, op(Z, a(X, Y, Z))))
= { by lemma 144 R->L }
  op(X, op(op(Y, Z), a(X, Y, Z)))
= { by lemma 144 R->L }
  op(op(X, op(Y, Z)), a(X, Y, Z)) (peak)
= { by axiom 21 (sos) R->L }
  op(op(X, Y), Z)

Lemma 146: L(op(X, a(Y, Z, X)), Z, Y) = X.
Proof:
  L(op(X, a(Y, Z, X)), Z, Y)
= { by axiom 20 (sos) }
  ldiv(op(Y, Z), op(Y, op(Z, op(X, a(Y, Z, X))))) (peak)
= { by lemma 145 }
  ldiv(op(Y, Z), op(op(Y, Z), X))
= { by axiom 4 (sos) }
  X

Lemma 147: R(X, Y, K(Z, W)) = X.
Proof:
  R(X, Y, K(Z, W))
= { by axiom 19 (sos) }
  rdiv(op(op(X, Y), K(Z, W)), op(Y, K(Z, W))) (peak)
= { by lemma 116 }
  rdiv(op(X, op(Y, K(Z, W))), op(Y, K(Z, W)))
= { by axiom 3 (sos) }
  X

Lemma 148: ldiv(X, rdiv(op(X, Y), K(Z, W))) = rdiv(Y, K(Z, W)).
Proof:
  ldiv(X, rdiv(op(X, Y), K(Z, W)))
= { by lemma 56 R->L }
  ldiv(X, op(K(W, Z), op(X, Y)))
= { by lemma 147 R->L }
  ldiv(R(X, Y, K(W, Z)), op(K(W, Z), op(X, Y))) (peak)
= { by lemma 29 }
  ldiv(R(X, Y, K(W, Z)), op(op(X, Y), K(W, Z))) (peak)
= { by lemma 134 }
  op(Y, K(W, Z))
= { by lemma 57 }
  rdiv(Y, K(Z, W))

Lemma 149: ldiv(X, op(Y, op(ldiv(Y, X), Z))) = L(Z, ldiv(Y, X), Y).
Proof:
  ldiv(X, op(Y, op(ldiv(Y, X), Z)))
= { by axiom 8 (sos) R->L }
  ldiv(op(Y, ldiv(Y, X)), op(Y, op(ldiv(Y, X), Z))) (peak)
= { by axiom 20 (sos) R->L }
  L(Z, ldiv(Y, X), Y)

Lemma 150: L(ldiv(X, ldiv(Y, Z)), X, Y) = ldiv(op(Y, X), Z).
Proof:
  L(ldiv(X, ldiv(Y, Z)), X, Y) (peak)
= { by lemma 105 R->L }
  ldiv(op(Y, X), op(Y, ldiv(Y, Z))) (peak)
= { by axiom 8 (sos) }
  ldiv(op(Y, X), Z)

Lemma 151: ldiv(rdiv(X, K(Y, Z)), W) = ldiv(X, rdiv(W, K(Z, Y))).
Proof:
  ldiv(rdiv(X, K(Y, Z)), W)
= { by lemma 56 R->L }
  ldiv(op(K(Z, Y), X), W)
= { by lemma 150 R->L }
  L(ldiv(X, ldiv(K(Z, Y), W)), X, K(Z, Y)) (peak)
= { by lemma 136 }
  ldiv(X, ldiv(K(Z, Y), W))
= { by lemma 45 }
  ldiv(X, rdiv(W, K(Z, Y)))

Lemma 152: ldiv(X, rdiv(Y, K(Z, W))) = rdiv(ldiv(X, Y), K(Z, W)).
Proof:
  ldiv(X, rdiv(Y, K(Z, W)))
= { by axiom 8 (sos) R->L }
  ldiv(X, rdiv(op(X, ldiv(X, Y)), K(Z, W))) (peak)
= { by lemma 148 }
  rdiv(ldiv(X, Y), K(Z, W))

Lemma 153: op(rdiv(X, K(Y, Z)), W) = rdiv(op(X, W), K(Y, Z)).
Proof:
  op(rdiv(X, K(Y, Z)), W)
= { by lemma 57 R->L }
  op(op(X, K(Z, Y)), W) (peak)
= { by lemma 29 R->L }
  op(op(K(Z, Y), X), W) (peak)
= { by lemma 47 }
  op(X, op(W, K(Z, Y)))
= { by lemma 57 }
  op(X, rdiv(W, K(Y, Z)))
= { by lemma 125 }
  rdiv(op(X, W), K(Y, Z))

Lemma 154: R(rdiv(rdiv(X, Y), Z), Z, Y) = rdiv(X, op(Z, Y)).
Proof:
  R(rdiv(rdiv(X, Y), Z), Z, Y) (peak)
= { by lemma 37 R->L }
  rdiv(op(rdiv(X, Y), Y), op(Z, Y)) (peak)
= { by axiom 9 (sos) }
  rdiv(X, op(Z, Y))

Lemma 155: rdiv(rdiv(X, Y), K(Z, W)) = rdiv(X, rdiv(Y, K(W, Z))).
Proof:
  rdiv(rdiv(X, Y), K(Z, W))
= { by lemma 133 R->L }
  R(rdiv(rdiv(X, Y), K(Z, W)), K(Z, W), Y) (peak)
= { by lemma 154 }
  rdiv(X, op(K(Z, W), Y))
= { by lemma 56 }
  rdiv(X, rdiv(Y, K(W, Z)))

Lemma 156: L(X, rdiv(Y, K(Z, W)), V) = L(X, Y, V).
Proof:
  L(X, rdiv(Y, K(Z, W)), V)
= { by lemma 148 R->L }
  L(X, ldiv(V, rdiv(op(V, Y), K(Z, W))), V)
= { by lemma 149 R->L }
  ldiv(rdiv(op(V, Y), K(Z, W)), op(V, op(ldiv(V, rdiv(op(V, Y), K(Z, W))), X))) (peak)
= { by lemma 148 }
  ldiv(rdiv(op(V, Y), K(Z, W)), op(V, op(rdiv(Y, K(Z, W)), X)))
= { by lemma 151 }
  ldiv(op(V, Y), rdiv(op(V, op(rdiv(Y, K(Z, W)), X)), K(W, Z)))
= { by lemma 152 }
  rdiv(ldiv(op(V, Y), op(V, op(rdiv(Y, K(Z, W)), X))), K(W, Z))
= { by lemma 153 }
  rdiv(ldiv(op(V, Y), op(V, rdiv(op(Y, X), K(Z, W)))), K(W, Z))
= { by lemma 125 }
  rdiv(ldiv(op(V, Y), rdiv(op(V, op(Y, X)), K(Z, W))), K(W, Z))
= { by lemma 152 }
  rdiv(rdiv(ldiv(op(V, Y), op(V, op(Y, X))), K(Z, W)), K(W, Z))
= { by lemma 155 }
  rdiv(ldiv(op(V, Y), op(V, op(Y, X))), rdiv(K(Z, W), K(Z, W)))
= { by axiom 20 (sos) R->L }
  rdiv(L(X, Y, V), rdiv(K(Z, W), K(Z, W)))
= { by lemma 26 }
  rdiv(L(X, Y, V), zero)
= { by lemma 27 }
  L(X, Y, V)

Lemma 157: L(X, op(Y, Z), W) = L(X, op(Z, Y), W).
Proof:
  L(X, op(Y, Z), W)
= { by lemma 156 R->L }
  L(X, rdiv(op(Y, Z), K(Y, Z)), W) (peak)
= { by lemma 28 }
  L(X, op(Z, Y), W)

Lemma 158: op(X, K(rdiv(Y, X), X)) = rdiv(Y, rdiv(Y, X)).
Proof:
  op(X, K(rdiv(Y, X), X))
= { by lemma 36 }
  rdiv(op(rdiv(Y, X), X), rdiv(Y, X)) (peak)
= { by axiom 9 (sos) }
  rdiv(Y, rdiv(Y, X))

Lemma 159: op(ldiv(X, Y), K(X, rdiv(Y, X))) = rdiv(Y, X).
Proof:
  op(ldiv(X, Y), K(X, rdiv(Y, X)))
= { by lemma 83 R->L }
  op(ldiv(X, Y), K(X, ldiv(X, Y)))
= { by lemma 62 R->L }
  op(ldiv(X, Y), K(rdiv(Y, ldiv(X, Y)), ldiv(X, Y))) (peak)
= { by lemma 158 }
  rdiv(Y, rdiv(Y, ldiv(X, Y)))
= { by lemma 62 }
  rdiv(Y, X)

Lemma 160: L(X, ldiv(Y, Z), W) = L(X, rdiv(Z, Y), W).
Proof:
  L(X, ldiv(Y, Z), W)
= { by lemma 156 R->L }
  L(X, rdiv(ldiv(Y, Z), K(rdiv(Z, Y), Y)), W)
= { by lemma 56 R->L }
  L(X, op(K(Y, rdiv(Z, Y)), ldiv(Y, Z)), W) (peak)
= { by lemma 157 R->L }
  L(X, op(ldiv(Y, Z), K(Y, rdiv(Z, Y))), W)
= { by lemma 159 }
  L(X, rdiv(Z, Y), W)

Lemma 161: ldiv(X, op(Y, op(ldiv(Y, X), Z))) = L(Z, rdiv(X, Y), Y).
Proof:
  ldiv(X, op(Y, op(ldiv(Y, X), Z)))
= { by axiom 8 (sos) R->L }
  ldiv(op(Y, ldiv(Y, X)), op(Y, op(ldiv(Y, X), Z))) (peak)
= { by axiom 20 (sos) R->L }
  L(Z, ldiv(Y, X), Y)
= { by lemma 160 }
  L(Z, rdiv(X, Y), Y)

Lemma 162: ldiv(op(X, Y), op(Y, op(T(X, Y), Z))) = L(Z, X, Y).
Proof:
  ldiv(op(X, Y), op(Y, op(T(X, Y), Z)))
= { by axiom 5 (sos) }
  ldiv(op(X, Y), op(Y, op(ldiv(Y, op(X, Y)), Z))) (peak)
= { by lemma 161 }
  L(Z, rdiv(op(X, Y), Y), Y)
= { by axiom 3 (sos) }
  L(Z, X, Y)

Lemma 163: a(a(X, Y, Z), W, V) = zero.
Proof:
  a(a(X, Y, Z), W, V) (peak)
= { by axiom 17 (sos) }
  1
= { by lemma 25 }
  zero

Lemma 164: L(X, Y, a(Z, W, V)) = X.
Proof:
  L(X, Y, a(Z, W, V))
= { by axiom 1 (sos) R->L }
  L(op(X, zero), Y, a(Z, W, V))
= { by lemma 163 R->L }
  L(op(X, a(a(Z, W, V), Y, X)), Y, a(Z, W, V)) (peak)
= { by lemma 146 }
  X

Lemma 165: a(X, a(Y, Z, W), V) = zero.
Proof:
  a(X, a(Y, Z, W), V) (peak)
= { by axiom 16 (sos) }
  1
= { by lemma 25 }
  zero

Lemma 166: L(X, a(Y, Z, W), V) = X.
Proof:
  L(X, a(Y, Z, W), V)
= { by axiom 1 (sos) R->L }
  L(op(X, zero), a(Y, Z, W), V)
= { by lemma 165 R->L }
  L(op(X, a(V, a(Y, Z, W), X)), a(Y, Z, W), V) (peak)
= { by lemma 146 }
  X

Lemma 167: ldiv(op(X, a(Y, Z, W)), V) = rdiv(ldiv(X, V), a(Y, Z, W)).
Proof:
  ldiv(op(X, a(Y, Z, W)), V)
= { by lemma 150 R->L }
  L(ldiv(a(Y, Z, W), ldiv(X, V)), a(Y, Z, W), X) (peak)
= { by lemma 166 }
  ldiv(a(Y, Z, W), ldiv(X, V))
= { by lemma 143 }
  rdiv(ldiv(X, V), a(Y, Z, W))

Lemma 168: ldiv(X, rdiv(Y, a(Z, W, V))) = rdiv(ldiv(X, Y), a(Z, W, V)).
Proof:
  ldiv(X, rdiv(Y, a(Z, W, V)))
= { by lemma 143 R->L }
  ldiv(X, ldiv(a(Z, W, V), Y))
= { by lemma 164 R->L }
  L(ldiv(X, ldiv(a(Z, W, V), Y)), X, a(Z, W, V)) (peak)
= { by lemma 150 }
  ldiv(op(a(Z, W, V), X), Y)
= { by lemma 141 }
  ldiv(op(X, a(Z, W, V)), Y)
= { by lemma 167 }
  rdiv(ldiv(X, Y), a(Z, W, V))

Lemma 169: R(X, Y, a(Z, W, V)) = X.
Proof:
  R(X, Y, a(Z, W, V))
= { by axiom 19 (sos) }
  rdiv(op(op(X, Y), a(Z, W, V)), op(Y, a(Z, W, V))) (peak)
= { by lemma 144 }
  rdiv(op(X, op(Y, a(Z, W, V))), op(Y, a(Z, W, V)))
= { by axiom 3 (sos) }
  X

Lemma 170: op(X, op(Y, a(Z, X, Y))) = ldiv(Z, op(op(Z, X), Y)).
Proof:
  op(X, op(Y, a(Z, X, Y)))
= { by lemma 144 R->L }
  op(op(X, Y), a(Z, X, Y))
= { by lemma 134 R->L }
  ldiv(R(Z, op(X, Y), a(Z, X, Y)), op(op(Z, op(X, Y)), a(Z, X, Y))) (peak)
= { by axiom 21 (sos) R->L }
  ldiv(R(Z, op(X, Y), a(Z, X, Y)), op(op(Z, X), Y))
= { by lemma 169 }
  ldiv(Z, op(op(Z, X), Y))

Lemma 171: op(rdiv(X, a(Y, Z, W)), V) = rdiv(op(X, V), a(Y, Z, W)).
Proof:
  op(rdiv(X, a(Y, Z, W)), V)
= { by axiom 1 (sos) R->L }
  op(rdiv(X, a(Y, Z, W)), op(V, zero))
= { by lemma 25 R->L }
  op(rdiv(X, a(Y, Z, W)), op(V, 1))
= { by axiom 17 (sos) R->L }
  op(rdiv(X, a(Y, Z, W)), op(V, a(a(Y, Z, W), rdiv(X, a(Y, Z, W)), V))) (peak)
= { by lemma 170 }
  ldiv(a(Y, Z, W), op(op(a(Y, Z, W), rdiv(X, a(Y, Z, W))), V))
= { by lemma 142 }
  ldiv(a(Y, Z, W), op(X, V))
= { by lemma 143 }
  rdiv(op(X, V), a(Y, Z, W))

Lemma 172: L(ldiv(ldiv(X, Y), Z), rdiv(Y, X), X) = ldiv(Y, op(X, Z)).
Proof:
  L(ldiv(ldiv(X, Y), Z), rdiv(Y, X), X)
= { by lemma 161 R->L }
  ldiv(Y, op(X, op(ldiv(X, Y), ldiv(ldiv(X, Y), Z)))) (peak)
= { by axiom 8 (sos) }
  ldiv(Y, op(X, Z))

Lemma 173: ldiv(rdiv(X, a(Y, Z, W)), V) = ldiv(X, op(V, a(Y, Z, W))).
Proof:
  ldiv(rdiv(X, a(Y, Z, W)), V)
= { by lemma 143 R->L }
  ldiv(ldiv(a(Y, Z, W), X), V)
= { by lemma 164 R->L }
  L(ldiv(ldiv(a(Y, Z, W), X), V), rdiv(X, a(Y, Z, W)), a(Y, Z, W)) (peak)
= { by lemma 172 }
  ldiv(X, op(a(Y, Z, W), V))
= { by lemma 141 }
  ldiv(X, op(V, a(Y, Z, W)))

Lemma 174: L(a(X, Y, Z), W, V) = a(X, Y, Z).
Proof:
  L(a(X, Y, Z), W, V)
= { by axiom 20 (sos) }
  ldiv(op(V, W), op(V, op(W, a(X, Y, Z))))
= { by lemma 144 R->L }
  ldiv(op(V, W), op(op(V, W), a(X, Y, Z))) (peak)
= { by axiom 4 (sos) }
  a(X, Y, Z)

Lemma 175: rdiv(op(X, op(Y, Z)), L(Z, Y, X)) = op(X, Y).
Proof:
  rdiv(op(X, op(Y, Z)), L(Z, Y, X))
= { by axiom 20 (sos) }
  rdiv(op(X, op(Y, Z)), ldiv(op(X, Y), op(X, op(Y, Z)))) (peak)
= { by lemma 62 }
  op(X, Y)

Lemma 176: rdiv(op(X, op(Y, a(Z, W, V))), a(Z, W, V)) = op(X, Y).
Proof:
  rdiv(op(X, op(Y, a(Z, W, V))), a(Z, W, V)) (peak)
= { by lemma 141 R->L }
  rdiv(op(X, op(a(Z, W, V), Y)), a(Z, W, V))
= { by lemma 174 R->L }
  rdiv(op(X, op(a(Z, W, V), Y)), L(a(Z, W, V), Y, X)) (peak)
= { by lemma 141 }
  rdiv(op(X, op(Y, a(Z, W, V))), L(a(Z, W, V), Y, X)) (peak)
= { by lemma 175 }
  op(X, Y)

Lemma 177: op(X, rdiv(Y, a(Z, W, V))) = rdiv(op(X, Y), a(Z, W, V)).
Proof:
  op(X, rdiv(Y, a(Z, W, V)))
= { by lemma 176 R->L }
  rdiv(op(X, op(rdiv(Y, a(Z, W, V)), a(Z, W, V))), a(Z, W, V)) (peak)
= { by axiom 9 (sos) }
  rdiv(op(X, Y), a(Z, W, V))

Lemma 178: rdiv(op(op(X, rdiv(Y, Z)), Z), Y) = R(X, rdiv(Y, Z), Z).
Proof:
  rdiv(op(op(X, rdiv(Y, Z)), Z), Y)
= { by axiom 9 (sos) R->L }
  rdiv(op(op(X, rdiv(Y, Z)), Z), op(rdiv(Y, Z), Z)) (peak)
= { by axiom 19 (sos) R->L }
  R(X, rdiv(Y, Z), Z)

Lemma 179: ldiv(X, op(op(Y, rdiv(X, Z)), Z)) = T(R(Y, rdiv(X, Z), Z), X).
Proof:
  ldiv(X, op(op(Y, rdiv(X, Z)), Z))
= { by lemma 43 R->L }
  T(rdiv(op(op(Y, rdiv(X, Z)), Z), X), X) (peak)
= { by lemma 178 }
  T(R(Y, rdiv(X, Z), Z), X)

Lemma 180: T(X, rdiv(Y, a(Z, W, V))) = T(X, Y).
Proof:
  T(X, rdiv(Y, a(Z, W, V)))
= { by axiom 5 (sos) }
  ldiv(rdiv(Y, a(Z, W, V)), op(X, rdiv(Y, a(Z, W, V)))) (peak)
= { by lemma 173 }
  ldiv(Y, op(op(X, rdiv(Y, a(Z, W, V))), a(Z, W, V)))
= { by lemma 179 }
  T(R(X, rdiv(Y, a(Z, W, V)), a(Z, W, V)), Y)
= { by lemma 169 }
  T(X, Y)

Lemma 181: ldiv(op(a(X, Y, Z), W), V) = rdiv(ldiv(W, V), a(X, Y, Z)).
Proof:
  ldiv(op(a(X, Y, Z), W), V) (peak)
= { by lemma 141 }
  ldiv(op(W, a(X, Y, Z)), V) (peak)
= { by lemma 167 }
  rdiv(ldiv(W, V), a(X, Y, Z))

Lemma 182: L(ldiv(X, T(Y, Z)), X, Z) = ldiv(op(Z, X), op(Y, Z)).
Proof:
  L(ldiv(X, T(Y, Z)), X, Z) (peak)
= { by lemma 105 R->L }
  ldiv(op(Z, X), op(Z, T(Y, Z))) (peak)
= { by lemma 58 }
  ldiv(op(Z, X), op(Y, Z))

Lemma 183: T(X, a(Y, Z, W)) = X.
Proof:
  T(X, a(Y, Z, W))
= { by axiom 5 (sos) }
  ldiv(a(Y, Z, W), op(X, a(Y, Z, W))) (peak)
= { by lemma 141 R->L }
  ldiv(a(Y, Z, W), op(a(Y, Z, W), X)) (peak)
= { by axiom 4 (sos) }
  X

Lemma 184: rdiv(ldiv(X, op(Y, a(Z, W, V))), a(Z, W, V)) = ldiv(X, Y).
Proof:
  rdiv(ldiv(X, op(Y, a(Z, W, V))), a(Z, W, V))
= { by lemma 181 R->L }
  ldiv(op(a(Z, W, V), X), op(Y, a(Z, W, V)))
= { by lemma 182 R->L }
  L(ldiv(X, T(Y, a(Z, W, V))), X, a(Z, W, V)) (peak)
= { by lemma 164 }
  ldiv(X, T(Y, a(Z, W, V)))
= { by lemma 183 }
  ldiv(X, Y)

Lemma 185: L(X, Y, rdiv(Z, a(W, V, U))) = L(X, Y, Z).
Proof:
  L(X, Y, rdiv(Z, a(W, V, U)))
= { by lemma 162 R->L }
  ldiv(op(Y, rdiv(Z, a(W, V, U))), op(rdiv(Z, a(W, V, U)), op(T(Y, rdiv(Z, a(W, V, U))), X))) (peak)
= { by lemma 171 }
  ldiv(op(Y, rdiv(Z, a(W, V, U))), rdiv(op(Z, op(T(Y, rdiv(Z, a(W, V, U))), X)), a(W, V, U)))
= { by lemma 168 }
  rdiv(ldiv(op(Y, rdiv(Z, a(W, V, U))), op(Z, op(T(Y, rdiv(Z, a(W, V, U))), X))), a(W, V, U))
= { by lemma 177 }
  rdiv(ldiv(rdiv(op(Y, Z), a(W, V, U)), op(Z, op(T(Y, rdiv(Z, a(W, V, U))), X))), a(W, V, U))
= { by lemma 173 }
  rdiv(ldiv(op(Y, Z), op(op(Z, op(T(Y, rdiv(Z, a(W, V, U))), X)), a(W, V, U))), a(W, V, U))
= { by lemma 184 }
  ldiv(op(Y, Z), op(Z, op(T(Y, rdiv(Z, a(W, V, U))), X)))
= { by lemma 180 }
  ldiv(op(Y, Z), op(Z, op(T(Y, Z), X)))
= { by lemma 162 }
  L(X, Y, Z)

Lemma 186: rdiv(L(op(X, a(Y, Z, W)), V, U), a(Y, Z, W)) = L(X, V, U).
Proof:
  rdiv(L(op(X, a(Y, Z, W)), V, U), a(Y, Z, W))
= { by lemma 162 R->L }
  rdiv(ldiv(op(V, U), op(U, op(T(V, U), op(X, a(Y, Z, W))))), a(Y, Z, W))
= { by lemma 144 R->L }
  rdiv(ldiv(op(V, U), op(U, op(op(T(V, U), X), a(Y, Z, W)))), a(Y, Z, W))
= { by lemma 168 R->L }
  ldiv(op(V, U), rdiv(op(U, op(op(T(V, U), X), a(Y, Z, W))), a(Y, Z, W)))
= { by lemma 171 R->L }
  ldiv(op(V, U), op(rdiv(U, a(Y, Z, W)), op(op(T(V, U), X), a(Y, Z, W))))
= { by lemma 144 R->L }
  ldiv(op(V, U), op(op(rdiv(U, a(Y, Z, W)), op(T(V, U), X)), a(Y, Z, W)))
= { by lemma 173 R->L }
  ldiv(rdiv(op(V, U), a(Y, Z, W)), op(rdiv(U, a(Y, Z, W)), op(T(V, U), X)))
= { by lemma 177 R->L }
  ldiv(op(V, rdiv(U, a(Y, Z, W))), op(rdiv(U, a(Y, Z, W)), op(T(V, U), X)))
= { by lemma 180 R->L }
  ldiv(op(V, rdiv(U, a(Y, Z, W))), op(rdiv(U, a(Y, Z, W)), op(T(V, rdiv(U, a(Y, Z, W))), X))) (peak)
= { by lemma 162 }
  L(X, V, rdiv(U, a(Y, Z, W)))
= { by lemma 185 }
  L(X, V, U)

Lemma 187: rdiv(X, a(Y, Z, X)) = L(X, Z, Y).
Proof:
  rdiv(X, a(Y, Z, X))
= { by lemma 146 R->L }
  rdiv(L(op(X, a(Y, Z, X)), Z, Y), a(Y, Z, X)) (peak)
= { by lemma 186 }
  L(X, Z, Y)

Lemma 188: ldiv(op(X, op(Y, Z)), op(op(X, Y), Z)) = a(X, Y, Z).
Proof:
  ldiv(op(X, op(Y, Z)), op(op(X, Y), Z))
= { by lemma 126 R->L }
  ldiv(rdiv(op(op(X, Y), Z), a(X, Y, Z)), op(op(X, Y), Z)) (peak)
= { by lemma 39 }
  a(X, Y, Z)

Lemma 189: rdiv(rdiv(X, K(Y, Z)), W) = rdiv(X, rdiv(W, K(Z, Y))).
Proof:
  rdiv(rdiv(X, K(Y, Z)), W)
= { by lemma 147 R->L }
  R(rdiv(rdiv(X, K(Y, Z)), W), W, K(Y, Z)) (peak)
= { by lemma 154 }
  rdiv(X, op(W, K(Y, Z)))
= { by lemma 57 }
  rdiv(X, rdiv(W, K(Z, Y)))

Lemma 190: rdiv(op(X, T(Z, Y)), op(Z, Y)) = R(rdiv(X, Y), Y, T(Z, Y)).
Proof:
  rdiv(op(X, T(Z, Y)), op(Z, Y))
= { by lemma 58 R->L }
  rdiv(op(X, T(Z, Y)), op(Y, T(Z, Y))) (peak)
= { by lemma 37 }
  R(rdiv(X, Y), Y, T(Z, Y))

Lemma 191: rdiv(op(X, Y), T(Y, Z)) = rdiv(X, K(Y, Z)).
Proof:
  rdiv(op(X, Y), T(Y, Z))
= { by lemma 44 R->L }
  rdiv(op(X, T(Y, K(Y, Z))), T(Y, Z))
= { by lemma 34 R->L }
  rdiv(op(X, T(Y, K(Y, Z))), op(Y, K(Y, Z)))
= { by lemma 190 }
  R(rdiv(X, K(Y, Z)), K(Y, Z), T(Y, K(Y, Z))) (peak)
= { by lemma 133 }
  rdiv(X, K(Y, Z))

Lemma 192: rdiv(K(X, Y), K(X, Z)) = rdiv(T(X, Y), T(X, Z)).
Proof:
  rdiv(K(X, Y), K(X, Z))
= { by lemma 191 R->L }
  rdiv(op(K(X, Y), X), T(X, Z)) (peak)
= { by lemma 59 }
  rdiv(T(X, Y), T(X, Z))

Lemma 193: a(rdiv(X, K(Y, Z)), W, V) = a(X, W, V).
Proof:
  a(rdiv(X, K(Y, Z)), W, V)
= { by lemma 188 R->L }
  ldiv(op(rdiv(X, K(Y, Z)), op(W, V)), op(op(rdiv(X, K(Y, Z)), W), V)) (peak)
= { by lemma 153 }
  ldiv(rdiv(op(X, op(W, V)), K(Y, Z)), op(op(rdiv(X, K(Y, Z)), W), V))
= { by lemma 151 }
  ldiv(op(X, op(W, V)), rdiv(op(op(rdiv(X, K(Y, Z)), W), V), K(Z, Y)))
= { by lemma 152 }
  rdiv(ldiv(op(X, op(W, V)), op(op(rdiv(X, K(Y, Z)), W), V)), K(Z, Y))
= { by lemma 153 }
  rdiv(ldiv(op(X, op(W, V)), op(rdiv(op(X, W), K(Y, Z)), V)), K(Z, Y))
= { by lemma 153 }
  rdiv(ldiv(op(X, op(W, V)), rdiv(op(op(X, W), V), K(Y, Z))), K(Z, Y))
= { by lemma 152 }
  rdiv(rdiv(ldiv(op(X, op(W, V)), op(op(X, W), V)), K(Y, Z)), K(Z, Y))
= { by lemma 189 }
  rdiv(ldiv(op(X, op(W, V)), op(op(X, W), V)), rdiv(K(Z, Y), K(Z, Y)))
= { by lemma 188 }
  rdiv(a(X, W, V), rdiv(K(Z, Y), K(Z, Y)))
= { by lemma 192 }
  rdiv(a(X, W, V), rdiv(T(Z, Y), T(Z, Y)))
= { by lemma 26 }
  rdiv(a(X, W, V), zero)
= { by lemma 27 }
  a(X, W, V)

Lemma 194: a(T(X, Y), Z, W) = a(X, Z, W).
Proof:
  a(T(X, Y), Z, W)
= { by lemma 193 R->L }
  a(rdiv(T(X, Y), K(X, Y)), Z, W) (peak)
= { by lemma 138 }
  a(X, Z, W)

Lemma 195: T(X, op(Y, a(Z, W, V))) = T(X, Y).
Proof:
  T(X, op(Y, a(Z, W, V)))
= { by lemma 180 R->L }
  T(X, rdiv(op(Y, a(Z, W, V)), a(Z, W, V))) (peak)
= { by axiom 3 (sos) }
  T(X, Y)

Lemma 196: T(X, op(a(Y, Z, W), V)) = T(X, V).
Proof:
  T(X, op(a(Y, Z, W), V)) (peak)
= { by lemma 141 }
  T(X, op(V, a(Y, Z, W))) (peak)
= { by lemma 195 }
  T(X, V)

Lemma 197: T(X, op(Y, rdiv(Z, Y))) = T(X, Z).
Proof:
  T(X, op(Y, rdiv(Z, Y)))
= { by lemma 130 R->L }
  T(X, op(rdiv(Z, Y), Y)) (peak)
= { by axiom 9 (sos) }
  T(X, Z)

Lemma 198: T(X, L(Y, Z, W)) = T(X, Y).
Proof:
  T(X, L(Y, Z, W))
= { by lemma 196 R->L }
  T(X, op(a(W, Z, Y), L(Y, Z, W)))
= { by lemma 187 R->L }
  T(X, op(a(W, Z, Y), rdiv(Y, a(W, Z, Y)))) (peak)
= { by lemma 197 }
  T(X, Y)

Lemma 199: rdiv(X, K(rdiv(X, Y), Y)) = op(Y, rdiv(X, Y)).
Proof:
  rdiv(X, K(rdiv(X, Y), Y))
= { by axiom 9 (sos) R->L }
  rdiv(op(rdiv(X, Y), Y), K(rdiv(X, Y), Y)) (peak)
= { by lemma 28 }
  op(Y, rdiv(X, Y))

Lemma 200: ldiv(R(rdiv(X, Y), Y, Z), op(X, Z)) = op(Y, Z).
Proof:
  ldiv(R(rdiv(X, Y), Y, Z), op(X, Z)) (peak)
= { by lemma 37 R->L }
  ldiv(rdiv(op(X, Z), op(Y, Z)), op(X, Z)) (peak)
= { by lemma 39 }
  op(Y, Z)

Lemma 201: ldiv(op(X, rdiv(Y, X)), op(Y, Z)) = rdiv(Z, K(X, rdiv(Y, X))).
Proof:
  ldiv(op(X, rdiv(Y, X)), op(Y, Z))
= { by lemma 133 R->L }
  ldiv(R(op(X, rdiv(Y, X)), K(rdiv(Y, X), X), Z), op(Y, Z))
= { by lemma 199 R->L }
  ldiv(R(rdiv(Y, K(rdiv(Y, X), X)), K(rdiv(Y, X), X), Z), op(Y, Z)) (peak)
= { by lemma 200 }
  op(K(rdiv(Y, X), X), Z)
= { by lemma 56 }
  rdiv(Z, K(X, rdiv(Y, X)))

Lemma 202: rdiv(ldiv(X, Y), K(Z, rdiv(X, Z))) = ldiv(op(Z, rdiv(X, Z)), Y).
Proof:
  rdiv(ldiv(X, Y), K(Z, rdiv(X, Z)))
= { by lemma 201 R->L }
  ldiv(op(Z, rdiv(X, Z)), op(X, ldiv(X, Y))) (peak)
= { by axiom 8 (sos) }
  ldiv(op(Z, rdiv(X, Z)), Y)

Lemma 203: L(T(X, rdiv(Y, Z)), rdiv(Y, Z), Z) = ldiv(Y, op(Z, op(X, ldiv(Z, Y)))).
Proof:
  L(T(X, rdiv(Y, Z)), rdiv(Y, Z), Z)
= { by lemma 140 R->L }
  L(T(X, ldiv(Z, Y)), rdiv(Y, Z), Z)
= { by lemma 161 R->L }
  ldiv(Y, op(Z, op(ldiv(Z, Y), T(X, ldiv(Z, Y))))) (peak)
= { by lemma 58 }
  ldiv(Y, op(Z, op(X, ldiv(Z, Y))))

Lemma 204: T(X, rdiv(Y, op(Z, rdiv(W, Z)))) = T(X, rdiv(Y, W)).
Proof:
  T(X, rdiv(Y, op(Z, rdiv(W, Z))))
= { by lemma 140 R->L }
  T(X, ldiv(op(Z, rdiv(W, Z)), Y))
= { by lemma 136 R->L }
  L(T(X, ldiv(op(Z, rdiv(W, Z)), Y)), rdiv(Y, W), K(Z, rdiv(W, Z)))
= { by lemma 160 R->L }
  L(T(X, ldiv(op(Z, rdiv(W, Z)), Y)), ldiv(W, Y), K(Z, rdiv(W, Z)))
= { by lemma 156 R->L }
  L(T(X, ldiv(op(Z, rdiv(W, Z)), Y)), rdiv(ldiv(W, Y), K(Z, rdiv(W, Z))), K(Z, rdiv(W, Z)))
= { by lemma 202 R->L }
  L(T(X, rdiv(ldiv(W, Y), K(Z, rdiv(W, Z)))), rdiv(ldiv(W, Y), K(Z, rdiv(W, Z))), K(Z, rdiv(W, Z))) (peak)
= { by lemma 203 }
  ldiv(ldiv(W, Y), op(K(Z, rdiv(W, Z)), op(X, ldiv(K(Z, rdiv(W, Z)), ldiv(W, Y)))))
= { by lemma 56 }
  ldiv(ldiv(W, Y), rdiv(op(X, ldiv(K(Z, rdiv(W, Z)), ldiv(W, Y))), K(rdiv(W, Z), Z)))
= { by lemma 152 }
  rdiv(ldiv(ldiv(W, Y), op(X, ldiv(K(Z, rdiv(W, Z)), ldiv(W, Y)))), K(rdiv(W, Z), Z))
= { by lemma 45 }
  rdiv(ldiv(ldiv(W, Y), op(X, rdiv(ldiv(W, Y), K(Z, rdiv(W, Z))))), K(rdiv(W, Z), Z))
= { by lemma 125 }
  rdiv(ldiv(ldiv(W, Y), rdiv(op(X, ldiv(W, Y)), K(Z, rdiv(W, Z)))), K(rdiv(W, Z), Z))
= { by lemma 152 }
  rdiv(rdiv(ldiv(ldiv(W, Y), op(X, ldiv(W, Y))), K(Z, rdiv(W, Z))), K(rdiv(W, Z), Z))
= { by lemma 189 }
  rdiv(ldiv(ldiv(W, Y), op(X, ldiv(W, Y))), rdiv(K(rdiv(W, Z), Z), K(rdiv(W, Z), Z)))
= { by axiom 5 (sos) R->L }
  rdiv(T(X, ldiv(W, Y)), rdiv(K(rdiv(W, Z), Z), K(rdiv(W, Z), Z)))
= { by lemma 140 }
  rdiv(T(X, rdiv(Y, W)), rdiv(K(rdiv(W, Z), Z), K(rdiv(W, Z), Z)))
= { by lemma 192 }
  rdiv(T(X, rdiv(Y, W)), rdiv(T(rdiv(W, Z), Z), T(rdiv(W, Z), Z)))
= { by lemma 26 }
  rdiv(T(X, rdiv(Y, W)), zero)
= { by lemma 27 }
  T(X, rdiv(Y, W))

Lemma 205: rdiv(ldiv(X, Y), K(rdiv(Y, X), X)) = rdiv(Y, X).
Proof:
  rdiv(ldiv(X, Y), K(rdiv(Y, X), X))
= { by lemma 57 R->L }
  op(ldiv(X, Y), K(X, rdiv(Y, X)))
= { by lemma 83 R->L }
  op(ldiv(X, Y), K(X, ldiv(X, Y)))
= { by lemma 62 R->L }
  op(ldiv(X, Y), K(rdiv(Y, ldiv(X, Y)), ldiv(X, Y))) (peak)
= { by lemma 158 }
  rdiv(Y, rdiv(Y, ldiv(X, Y)))
= { by lemma 62 }
  rdiv(Y, X)

Lemma 206: rdiv(op(X, Y), K(rdiv(X, Z), Z)) = op(op(Z, rdiv(X, Z)), Y).
Proof:
  rdiv(op(X, Y), K(rdiv(X, Z), Z))
= { by lemma 125 R->L }
  op(X, rdiv(Y, K(rdiv(X, Z), Z)))
= { by lemma 56 R->L }
  op(X, op(K(Z, rdiv(X, Z)), Y))
= { by lemma 126 R->L }
  rdiv(op(op(X, K(Z, rdiv(X, Z))), Y), a(X, K(Z, rdiv(X, Z)), Y)) (peak)
= { by lemma 41 }
  rdiv(op(op(Z, rdiv(X, Z)), Y), a(X, K(Z, rdiv(X, Z)), Y))
= { by axiom 13 (sos) }
  rdiv(op(op(Z, rdiv(X, Z)), Y), 1)
= { by lemma 25 }
  rdiv(op(op(Z, rdiv(X, Z)), Y), zero)
= { by lemma 27 }
  op(op(Z, rdiv(X, Z)), Y)

Lemma 207: T(X, op(Y, op(Z, rdiv(W, Z)))) = T(X, op(Y, W)).
Proof:
  T(X, op(Y, op(Z, rdiv(W, Z)))) (peak)
= { by lemma 130 R->L }
  T(X, op(op(Z, rdiv(W, Z)), Y))
= { by lemma 136 R->L }
  L(T(X, op(op(Z, rdiv(W, Z)), Y)), op(W, Y), K(rdiv(W, Z), Z))
= { by lemma 156 R->L }
  L(T(X, op(op(Z, rdiv(W, Z)), Y)), rdiv(op(W, Y), K(rdiv(W, Z), Z)), K(rdiv(W, Z), Z))
= { by lemma 206 R->L }
  L(T(X, rdiv(op(W, Y), K(rdiv(W, Z), Z))), rdiv(op(W, Y), K(rdiv(W, Z), Z)), K(rdiv(W, Z), Z)) (peak)
= { by lemma 203 }
  ldiv(op(W, Y), op(K(rdiv(W, Z), Z), op(X, ldiv(K(rdiv(W, Z), Z), op(W, Y)))))
= { by lemma 56 }
  ldiv(op(W, Y), rdiv(op(X, ldiv(K(rdiv(W, Z), Z), op(W, Y))), K(Z, rdiv(W, Z))))
= { by lemma 152 }
  rdiv(ldiv(op(W, Y), op(X, ldiv(K(rdiv(W, Z), Z), op(W, Y)))), K(Z, rdiv(W, Z)))
= { by lemma 45 }
  rdiv(ldiv(op(W, Y), op(X, rdiv(op(W, Y), K(rdiv(W, Z), Z)))), K(Z, rdiv(W, Z)))
= { by lemma 125 }
  rdiv(ldiv(op(W, Y), rdiv(op(X, op(W, Y)), K(rdiv(W, Z), Z))), K(Z, rdiv(W, Z)))
= { by lemma 152 }
  rdiv(rdiv(ldiv(op(W, Y), op(X, op(W, Y))), K(rdiv(W, Z), Z)), K(Z, rdiv(W, Z)))
= { by lemma 189 }
  rdiv(ldiv(op(W, Y), op(X, op(W, Y))), rdiv(K(Z, rdiv(W, Z)), K(Z, rdiv(W, Z))))
= { by axiom 5 (sos) R->L }
  rdiv(T(X, op(W, Y)), rdiv(K(Z, rdiv(W, Z)), K(Z, rdiv(W, Z))))
= { by lemma 26 }
  rdiv(T(X, op(W, Y)), zero)
= { by lemma 27 }
  T(X, op(W, Y))
= { by lemma 130 }
  T(X, op(Y, W))

Lemma 208: rdiv(op(X, Y), K(Z, X)) = op(T(X, Z), Y).
Proof:
  rdiv(op(X, Y), K(Z, X))
= { by lemma 56 R->L }
  op(K(X, Z), op(X, Y))
= { by lemma 30 R->L }
  op(op(X, K(X, Z)), Y) (peak)
= { by lemma 34 }
  op(T(X, Z), Y)

Lemma 209: T(X, op(Y, T(Z, W))) = T(X, op(Y, Z)).
Proof:
  T(X, op(Y, T(Z, W))) (peak)
= { by lemma 130 R->L }
  T(X, op(T(Z, W), Y))
= { by lemma 208 R->L }
  T(X, rdiv(op(Z, Y), K(W, Z))) (peak)
= { by lemma 137 }
  T(X, op(Z, Y))
= { by lemma 130 }
  T(X, op(Y, Z))

Lemma 210: T(X, op(Y, ldiv(Z, W))) = T(X, op(Y, rdiv(W, Z))).
Proof:
  T(X, op(Y, ldiv(Z, W)))
= { by lemma 207 R->L }
  T(X, op(Y, op(K(rdiv(W, Z), Z), rdiv(ldiv(Z, W), K(rdiv(W, Z), Z))))) (peak)
= { by lemma 205 }
  T(X, op(Y, op(K(rdiv(W, Z), Z), rdiv(W, Z))))
= { by lemma 59 }
  T(X, op(Y, T(rdiv(W, Z), Z)))
= { by lemma 209 }
  T(X, op(Y, rdiv(W, Z)))

Lemma 211: L(X, K(Y, Z), Y) = X.
Proof:
  L(X, K(Y, Z), Y)
= { by lemma 44 R->L }
  L(T(X, K(Y, Z)), K(Y, Z), Y)
= { by lemma 131 R->L }
  ldiv(op(Y, K(Y, Z)), op(Y, op(X, K(Y, Z)))) (peak)
= { by lemma 34 }
  ldiv(T(Y, Z), op(Y, op(X, K(Y, Z))))
= { by lemma 57 }
  ldiv(T(Y, Z), op(Y, rdiv(X, K(Z, Y))))
= { by lemma 125 }
  ldiv(T(Y, Z), rdiv(op(Y, X), K(Z, Y)))
= { by lemma 208 }
  ldiv(T(Y, Z), op(T(Y, Z), X))
= { by axiom 4 (sos) }
  X

Lemma 212: rdiv(ldiv(X, Y), K(X, Z)) = ldiv(T(X, Z), Y).
Proof:
  rdiv(ldiv(X, Y), K(X, Z))
= { by lemma 45 R->L }
  ldiv(K(X, Z), ldiv(X, Y))
= { by lemma 211 R->L }
  L(ldiv(K(X, Z), ldiv(X, Y)), K(X, Z), X) (peak)
= { by lemma 150 }
  ldiv(op(X, K(X, Z)), Y)
= { by lemma 34 }
  ldiv(T(X, Z), Y)

Lemma 213: T(X, rdiv(Y, T(Z, W))) = T(X, rdiv(Y, Z)).
Proof:
  T(X, rdiv(Y, T(Z, W)))
= { by lemma 137 R->L }
  T(X, rdiv(rdiv(Y, T(Z, W)), K(W, Z)))
= { by lemma 56 R->L }
  T(X, op(K(Z, W), rdiv(Y, T(Z, W))))
= { by lemma 210 R->L }
  T(X, op(K(Z, W), ldiv(T(Z, W), Y)))
= { by lemma 212 R->L }
  T(X, op(K(Z, W), rdiv(ldiv(Z, Y), K(Z, W)))) (peak)
= { by lemma 197 }
  T(X, ldiv(Z, Y))
= { by lemma 140 }
  T(X, rdiv(Y, Z))

Lemma 214: T(X, rdiv(Y, ldiv(Z, W))) = T(X, rdiv(Y, rdiv(W, Z))).
Proof:
  T(X, rdiv(Y, ldiv(Z, W)))
= { by lemma 204 R->L }
  T(X, rdiv(Y, op(K(rdiv(W, Z), Z), rdiv(ldiv(Z, W), K(rdiv(W, Z), Z))))) (peak)
= { by lemma 205 }
  T(X, rdiv(Y, op(K(rdiv(W, Z), Z), rdiv(W, Z))))
= { by lemma 59 }
  T(X, rdiv(Y, T(rdiv(W, Z), Z)))
= { by lemma 213 }
  T(X, rdiv(Y, rdiv(W, Z)))

Lemma 215: T(X, rdiv(op(Y, Z), W)) = T(X, rdiv(Z, rdiv(W, Y))).
Proof:
  T(X, rdiv(op(Y, Z), W))
= { by lemma 140 R->L }
  T(X, ldiv(W, op(Y, Z)))
= { by lemma 172 R->L }
  T(X, L(ldiv(ldiv(Y, W), Z), rdiv(W, Y), Y)) (peak)
= { by lemma 198 }
  T(X, ldiv(ldiv(Y, W), Z))
= { by lemma 140 }
  T(X, rdiv(Z, ldiv(Y, W)))
= { by lemma 214 }
  T(X, rdiv(Z, rdiv(W, Y)))

Lemma 216: ldiv(rdiv(op(X, Y), Z), op(Y, X)) = rdiv(Z, K(X, Y)).
Proof:
  ldiv(rdiv(op(X, Y), Z), op(Y, X))
= { by lemma 147 R->L }
  ldiv(R(rdiv(op(X, Y), Z), Z, K(Y, X)), op(Y, X))
= { by axiom 18 (sos) }
  ldiv(R(rdiv(op(X, Y), Z), Z, K(Y, X)), op(op(X, Y), K(Y, X))) (peak)
= { by lemma 200 }
  op(Z, K(Y, X))
= { by lemma 57 }
  rdiv(Z, K(X, Y))

Lemma 217: rdiv(ldiv(X, op(Y, Z)), K(Y, Z)) = ldiv(X, op(Z, Y)).
Proof:
  rdiv(ldiv(X, op(Y, Z)), K(Y, Z))
= { by lemma 216 R->L }
  ldiv(rdiv(op(Y, Z), ldiv(X, op(Y, Z))), op(Z, Y)) (peak)
= { by lemma 62 }
  ldiv(X, op(Z, Y))

Lemma 218: T(X, rdiv(Y, rdiv(Z, W))) = T(X, rdiv(W, rdiv(Z, Y))).
Proof:
  T(X, rdiv(Y, rdiv(Z, W)))
= { by lemma 215 R->L }
  T(X, rdiv(op(W, Y), Z))
= { by lemma 27 R->L }
  rdiv(T(X, rdiv(op(W, Y), Z)), zero)
= { by lemma 26 R->L }
  rdiv(T(X, rdiv(op(W, Y), Z)), rdiv(K(Y, W), K(Y, W)))
= { by lemma 140 R->L }
  rdiv(T(X, ldiv(Z, op(W, Y))), rdiv(K(Y, W), K(Y, W)))
= { by axiom 5 (sos) }
  rdiv(ldiv(ldiv(Z, op(W, Y)), op(X, ldiv(Z, op(W, Y)))), rdiv(K(Y, W), K(Y, W)))
= { by lemma 189 R->L }
  rdiv(rdiv(ldiv(ldiv(Z, op(W, Y)), op(X, ldiv(Z, op(W, Y)))), K(W, Y)), K(Y, W))
= { by lemma 152 R->L }
  rdiv(ldiv(ldiv(Z, op(W, Y)), rdiv(op(X, ldiv(Z, op(W, Y))), K(W, Y))), K(Y, W))
= { by lemma 125 R->L }
  rdiv(ldiv(ldiv(Z, op(W, Y)), op(X, rdiv(ldiv(Z, op(W, Y)), K(W, Y)))), K(Y, W))
= { by lemma 45 R->L }
  rdiv(ldiv(ldiv(Z, op(W, Y)), op(X, ldiv(K(W, Y), ldiv(Z, op(W, Y))))), K(Y, W))
= { by lemma 152 R->L }
  ldiv(ldiv(Z, op(W, Y)), rdiv(op(X, ldiv(K(W, Y), ldiv(Z, op(W, Y)))), K(Y, W)))
= { by lemma 56 R->L }
  ldiv(ldiv(Z, op(W, Y)), op(K(W, Y), op(X, ldiv(K(W, Y), ldiv(Z, op(W, Y))))))
= { by lemma 203 R->L }
  L(T(X, rdiv(ldiv(Z, op(W, Y)), K(W, Y))), rdiv(ldiv(Z, op(W, Y)), K(W, Y)), K(W, Y)) (peak)
= { by lemma 217 }
  L(T(X, ldiv(Z, op(Y, W))), rdiv(ldiv(Z, op(W, Y)), K(W, Y)), K(W, Y))
= { by lemma 156 }
  L(T(X, ldiv(Z, op(Y, W))), ldiv(Z, op(W, Y)), K(W, Y))
= { by lemma 160 }
  L(T(X, ldiv(Z, op(Y, W))), rdiv(op(W, Y), Z), K(W, Y))
= { by lemma 136 }
  T(X, ldiv(Z, op(Y, W)))
= { by lemma 140 }
  T(X, rdiv(op(Y, W), Z))
= { by lemma 215 }
  T(X, rdiv(W, rdiv(Z, Y)))

Lemma 219: T(X, rdiv(op(Y, Z), W)) = T(X, rdiv(Y, rdiv(W, Z))).
Proof:
  T(X, rdiv(op(Y, Z), W))
= { by lemma 140 R->L }
  T(X, ldiv(W, op(Y, Z)))
= { by lemma 172 R->L }
  T(X, L(ldiv(ldiv(Y, W), Z), rdiv(W, Y), Y)) (peak)
= { by lemma 198 }
  T(X, ldiv(ldiv(Y, W), Z))
= { by lemma 140 }
  T(X, rdiv(Z, ldiv(Y, W)))
= { by lemma 214 }
  T(X, rdiv(Z, rdiv(W, Y)))
= { by lemma 218 }
  T(X, rdiv(Y, rdiv(W, Z)))

Lemma 220: rdiv(X, K(X, rdiv(Y, X))) = rdiv(Y, rdiv(Y, X)).
Proof:
  rdiv(X, K(X, rdiv(Y, X)))
= { by lemma 44 R->L }
  rdiv(T(X, K(Z, W)), K(X, rdiv(Y, X)))
= { by lemma 57 R->L }
  op(T(X, K(Z, W)), K(rdiv(Y, X), X))
= { by lemma 208 R->L }
  rdiv(op(X, K(rdiv(Y, X), X)), K(K(Z, W), X)) (peak)
= { by lemma 158 }
  rdiv(rdiv(Y, rdiv(Y, X)), K(K(Z, W), X)) (peak)
= { by axiom 7 (sos) }
  rdiv(rdiv(Y, rdiv(Y, X)), 1)
= { by lemma 25 }
  rdiv(rdiv(Y, rdiv(Y, X)), zero)
= { by lemma 27 }
  rdiv(Y, rdiv(Y, X))

Lemma 221: T(X, rdiv(Y, rdiv(Y, Z))) = T(X, Z).
Proof:
  T(X, rdiv(Y, rdiv(Y, Z))) (peak)
= { by lemma 220 R->L }
  T(X, rdiv(Z, K(Z, rdiv(Y, Z)))) (peak)
= { by lemma 137 }
  T(X, Z)

Lemma 222: T(X, R(Y, Z, W)) = T(X, Y).
Proof:
  T(X, R(Y, Z, W))
= { by axiom 19 (sos) }
  T(X, rdiv(op(op(Y, Z), W), op(Z, W))) (peak)
= { by lemma 219 }
  T(X, rdiv(op(Y, Z), rdiv(op(Z, W), W)))
= { by lemma 215 }
  T(X, rdiv(Z, rdiv(rdiv(op(Z, W), W), Y)))
= { by axiom 3 (sos) }
  T(X, rdiv(Z, rdiv(Z, Y)))
= { by lemma 221 }
  T(X, Y)

Lemma 223: K(X, R(Y, W, V)) = K(X, T(Y, Z)).
Proof:
  K(X, R(Y, W, V))
= { by lemma 61 R->L }
  ldiv(X, T(X, R(Y, W, V))) (peak)
= { by lemma 222 }
  ldiv(X, T(X, Y))
= { by lemma 61 }
  K(X, Y)
= { by lemma 115 R->L }
  K(X, T(Y, Z)) (peak)

Lemma 224: T(X, R(Y, W, V)) = T(X, T(Y, Z)).
Proof:
  T(X, R(Y, W, V)) (peak)
= { by lemma 222 }
  T(X, Y)
= { by lemma 139 R->L }
  T(X, T(Y, Z)) (peak)

Lemma 225: K(R(X, W, V), Z) = K(T(X, Y), Z).
Proof:
  K(R(X, W, V), Z)
= { by lemma 82 R->L }
  rdiv(Z, T(Z, R(X, W, V)))
= { by lemma 78 R->L }
  ldiv(T(Z, R(X, W, V)), Z) (peak)
= { by lemma 224 }
  ldiv(T(Z, T(X, Y)), Z) (peak)
= { by lemma 74 }
  K(T(X, Y), Z)

Lemma 226: op(X, rdiv(T(Y, Z), Y)) = rdiv(X, rdiv(Y, T(Y, Z))).
Proof:
  op(X, rdiv(T(Y, Z), Y))
= { by lemma 65 R->L }
  op(X, ldiv(Y, T(Y, Z))) (peak)
= { by lemma 61 }
  op(X, K(Y, Z))
= { by lemma 57 }
  rdiv(X, K(Z, Y))
= { by lemma 82 R->L }
  rdiv(X, rdiv(Y, T(Y, Z)))

Lemma 227: rdiv(op(X, Y), rdiv(Y, T(Y, Z))) = op(X, T(Y, Z)).
Proof:
  rdiv(op(X, Y), rdiv(Y, T(Y, Z)))
= { by lemma 226 R->L }
  op(op(X, Y), rdiv(T(Y, Z), Y))
= { by lemma 92 R->L }
  op(rdiv(op(X, T(Y, Z)), rdiv(T(Y, Z), Y)), rdiv(T(Y, Z), Y)) (peak)
= { by axiom 9 (sos) }
  op(X, T(Y, Z))

Lemma 228: rdiv(R(X, Z, W), T(R(X, Z, W), Y)) = rdiv(X, T(X, Y)).
Proof:
  rdiv(R(X, Z, W), T(R(X, Z, W), Y)) (peak)
= { by lemma 82 }
  K(Y, R(X, Z, W))
= { by lemma 223 }
  K(Y, T(X, Y)) (peak)
= { by lemma 85 }
  rdiv(X, T(X, Y)) (peak)

Lemma 229: rdiv(op(X, Y), rdiv(X, T(X, Z))) = op(T(X, Z), Y).
Proof:
  rdiv(op(X, Y), rdiv(X, T(X, Z)))
= { by lemma 80 R->L }
  rdiv(op(X, Y), L(rdiv(X, T(X, Z)), Y, T(X, Z)))
= { by lemma 94 R->L }
  rdiv(op(T(X, Z), op(Y, rdiv(X, T(X, Z)))), L(rdiv(X, T(X, Z)), Y, T(X, Z))) (peak)
= { by lemma 175 }
  op(T(X, Z), Y)

Lemma 230: op(T(X, Y), ldiv(X, Z)) = rdiv(Z, rdiv(X, T(X, Y))).
Proof:
  op(T(X, Y), ldiv(X, Z))
= { by lemma 229 R->L }
  rdiv(op(X, ldiv(X, Z)), rdiv(X, T(X, Y))) (peak)
= { by axiom 8 (sos) }
  rdiv(Z, rdiv(X, T(X, Y)))

Lemma 231: K(R(T(X, V), U, T), W) = K(R(X, Y, Z), W).
Proof:
  K(R(T(X, V), U, T), W)
= { by lemma 82 R->L }
  rdiv(W, T(W, R(T(X, V), U, T)))
= { by lemma 78 R->L }
  ldiv(T(W, R(T(X, V), U, T)), W) (peak)
= { by lemma 222 }
  ldiv(T(W, T(X, V)), W)
= { by lemma 74 }
  K(T(X, V), W)
= { by lemma 225 R->L }
  K(R(X, Y, Z), W) (peak)

Lemma 232: op(R(X, Y, Z), op(Y, Z)) = op(op(X, Y), Z).
Proof:
  op(R(X, Y, Z), op(Y, Z))
= { by axiom 19 (sos) }
  op(rdiv(op(op(X, Y), Z), op(Y, Z)), op(Y, Z)) (peak)
= { by axiom 9 (sos) }
  op(op(X, Y), Z)

Lemma 233: ldiv(op(X, op(Y, Z)), op(R(X, Y, Z), op(Y, Z))) = a(T(X, W), Y, Z).
Proof:
  ldiv(op(X, op(Y, Z)), op(R(X, Y, Z), op(Y, Z))) (peak)
= { by lemma 232 }
  ldiv(op(X, op(Y, Z)), op(op(X, Y), Z))
= { by lemma 188 }
  a(X, Y, Z)
= { by lemma 194 R->L }
  a(T(X, W), Y, Z) (peak)

Lemma 234: rdiv(Z, op(Y, ldiv(op(X, Y), Z))) = R(X, Y, ldiv(op(X, Y), Z)).
Proof:
  rdiv(Z, op(Y, ldiv(op(X, Y), Z)))
= { by axiom 8 (sos) R->L }
  rdiv(op(op(X, Y), ldiv(op(X, Y), Z)), op(Y, ldiv(op(X, Y), Z))) (peak)
= { by axiom 19 (sos) R->L }
  R(X, Y, ldiv(op(X, Y), Z))

Lemma 235: ldiv(R(X, Y, ldiv(op(X, Y), Z)), Z) = op(Y, ldiv(op(X, Y), Z)).
Proof:
  ldiv(R(X, Y, ldiv(op(X, Y), Z)), Z) (peak)
= { by lemma 234 R->L }
  ldiv(rdiv(Z, op(Y, ldiv(op(X, Y), Z))), Z) (peak)
= { by lemma 39 }
  op(Y, ldiv(op(X, Y), Z))

Lemma 236: ldiv(T(X, W), op(R(T(X, W), Y, Z), op(Y, Z))) = ldiv(X, op(R(X, Y, Z), op(Y, Z))).
Proof:
  ldiv(T(X, W), op(R(T(X, W), Y, Z), op(Y, Z))) (peak)
= { by lemma 232 }
  ldiv(T(X, W), op(op(T(X, W), Y), Z))
= { by lemma 170 R->L }
  op(Y, op(Z, a(T(X, W), Y, Z)))
= { by lemma 144 R->L }
  op(op(Y, Z), a(T(X, W), Y, Z))
= { by lemma 233 R->L }
  op(op(Y, Z), ldiv(op(X, op(Y, Z)), op(R(X, Y, Z), op(Y, Z))))
= { by lemma 235 R->L }
  ldiv(R(X, op(Y, Z), ldiv(op(X, op(Y, Z)), op(R(X, Y, Z), op(Y, Z)))), op(R(X, Y, Z), op(Y, Z))) (peak)
= { by lemma 233 }
  ldiv(R(X, op(Y, Z), a(T(X, V), Y, Z)), op(R(X, Y, Z), op(Y, Z))) (peak)
= { by lemma 169 }
  ldiv(X, op(R(X, Y, Z), op(Y, Z)))

Lemma 237: ldiv(T(X, W), op(op(Y, Z), R(T(X, W), Y, Z))) = ldiv(X, op(op(Y, Z), R(X, Y, Z))).
Proof:
  ldiv(T(X, W), op(op(Y, Z), R(T(X, W), Y, Z)))
= { by lemma 217 R->L }
  rdiv(ldiv(T(X, W), op(R(T(X, W), Y, Z), op(Y, Z))), K(R(T(X, W), Y, Z), op(Y, Z))) (peak)
= { by lemma 231 }
  rdiv(ldiv(T(X, W), op(R(T(X, W), Y, Z), op(Y, Z))), K(R(X, Y, Z), op(Y, Z)))
= { by lemma 236 }
  rdiv(ldiv(X, op(R(X, Y, Z), op(Y, Z))), K(R(X, Y, Z), op(Y, Z)))
= { by lemma 217 }
  ldiv(X, op(op(Y, Z), R(X, Y, Z)))

Lemma 238: op(op(X, Y), T(R(Z, X, Y), W)) = op(op(X, Y), R(T(Z, W), X, Y)).
Proof:
  op(op(X, Y), T(R(Z, X, Y), W))
= { by lemma 227 R->L }
  rdiv(op(op(X, Y), R(Z, X, Y)), rdiv(R(Z, X, Y), T(R(Z, X, Y), W))) (peak)
= { by lemma 228 }
  rdiv(op(op(X, Y), R(Z, X, Y)), rdiv(Z, T(Z, W)))
= { by lemma 230 R->L }
  op(T(Z, W), ldiv(Z, op(op(X, Y), R(Z, X, Y))))
= { by lemma 237 R->L }
  op(T(Z, W), ldiv(T(Z, W), op(op(X, Y), R(T(Z, W), X, Y)))) (peak)
= { by axiom 8 (sos) }
  op(op(X, Y), R(T(Z, W), X, Y))

Lemma 239: T(R(X, Y, Z), W) = R(T(X, W), Y, Z).
Proof:
  T(R(X, Y, Z), W)
= { by axiom 4 (sos) R->L }
  ldiv(op(Y, Z), op(op(Y, Z), T(R(X, Y, Z), W))) (peak)
= { by lemma 238 }
  ldiv(op(Y, Z), op(op(Y, Z), R(T(X, W), Y, Z)))
= { by axiom 4 (sos) }
  R(T(X, W), Y, Z)

Goal 1 (goals): T(R(x3, x4, x5), x6) = R(T(x3, x6), x4, x5).
Proof:
  T(R(x3, x4, x5), x6) (peak)
= { by lemma 239 }
  R(T(x3, x6), x4, x5)

RESULT: Theorem (the conjecture is true).
